folder,filename,description,source,source_url,published,lines_last_redrawn,features,missing_on_disk
cities/az/mesa/city_council_districts,city_council_districts_2020.geojson,"Mesa (AZ) city council districts (5), 2020 map.","City of Mesa, AZ (official)",https://services2.arcgis.com/1gVyYKfYgW5Nxb1V/arcgis/rest/services/MesaCouncilDistricts/FeatureServer,2020,2020,6,
cities/az/phoenix/city_council_districts,city_council_districts_2022.geojson,"Phoenix city council districts (8), 2022 map.",City of Phoenix (official ArcGIS organization),https://services.arcgis.com/cfKakmeHE95cgeEK/arcgis/rest/services/Council_Districts1/FeatureServer,2022,2022,8,
cities/ca/fairfield/city_council_districts,city_council_districts_2025.geojson,Fairfield (CA) city council — 6 polygons named per current council member (unofficial naming; verify seats vs. council structure before precise use).,"City of Fairfield, CA (official FairfieldCA org)",https://services1.arcgis.com/A14KNJpxNyBTu19J/arcgis/rest/services/Fairfield_City_Council_Districts/FeatureServer,unknown,"unknown (current council named polygons, pulled 2026)",6,
cities/ca/fresno/city_council_districts,city_council_districts_2020.geojson,"Fresno city council districts (9), 2020 map.",City of Fresno ISD (official),https://services3.arcgis.com/ibgDyuD2DLBge82s/arcgis/rest/services/Fresno_City_Council_Districts/FeatureServer,2020,2020,7,
cities/ca/long_beach/city_council_districts,city_council_districts_2020.geojson,"Long Beach city council districts (9), 2020 map.",City of Long Beach (official),https://services6.arcgis.com/yCArG7wGXGyWLqav/arcgis/rest/services/City_of_Long_Beach_Council_Districts/FeatureServer,2020,2020,9,
cities/ca/oakland/city_council_districts,city_council_districts_2022.geojson,"Oakland city council districts (7 district seats + 1 at-large), map adopted 2022.",City of Oakland GIS (official OaklandGIS org),https://services.arcgis.com/9tC74aDHuml0x5Yz/arcgis/rest/services/CouncilDistricts_adopted2022/FeatureServer,2022,2022 (adopted 2022),7,
cities/ca/sacramento/city_council_districts,city_council_districts_2021.geojson,"Sacramento city council districts (9), 2021 map.",City of Sacramento (official),https://services5.arcgis.com/54falWtcpty3V47Z/arcgis/rest/services/Council_Districts/FeatureServer,2021,2021,8,
cities/ca/san_diego/city_council_districts,city_council_districts_2021.geojson,"San Diego city council districts (8), 2021 map.","City of San Diego, via ArcGIS Online",https://services.arcgis.com/uEH09Hfm70zI2ZxR/arcgis/rest/services/San_Diego_City_Council_Districts/FeatureServer,2021,2021,9,
cities/ca/san_francisco/city_council_districts,city_council_districts_2022.geojson,"San Francisco Board of Supervisors districts (11, single-member); current map, unlabeled polygons.",SF.gov (official sfgov AGL org; data from data.sfgov.org),https://services.arcgis.com/Zs2aNLFN00jrS4gG/arcgis/rest/services/Current_Supervisor_Districts/FeatureServer,unknown,2022,11,
cities/co/colorado_springs/city_council_districts,city_council_districts_2022.geojson,"Colorado Springs city council districts, 2022 map (file labeled 2023).",City of Colorado Springs (official),https://services1.arcgis.com/V0JDguEsaeBdf94U/arcgis/rest/services/CityCouncilDistricts2023/FeatureServer,2022 (file labeled 2023),2022,6,
cities/co/denver/city_council_districts,city_council_districts_2022.geojson,"Denver city council districts (11), 2022 map.",City of Denver (official geospatial),https://services1.arcgis.com/zdB7qR0BtYrg0Xpl/arcgis/rest/services/2023_Council_Districts_WFL1/FeatureServer,2022 (file labeled 2023),2022,11,
cities/fl/deerfield_beach/city_council_districts,city_council_districts_2025.geojson,"Deerfield Beach (FL) city council districts (4 district seats + 3 at-large), current map.","City of Deerfield Beach, FL (official GIS account)",https://services1.arcgis.com/yJ4j7ns7W6juha0m/arcgis/rest/services/Commission_Districts/FeatureServer,unknown,2022,4,
cities/fl/jacksonville/city_council_districts,city_council_districts_2018.geojson,"Jacksonville city council districts (9), 2018 map.","City of Jacksonville, via ArcGIS Online",https://services6.arcgis.com/o9T47trE5xQ2wsIb/arcgis/rest/services/Jacksonville_Council_Districts/FeatureServer,2018,2018,14,
cities/fl/miami/city_council_districts,city_council_districts_2022.geojson,"Miami (FL) city council districts (5 district seats + 2 at-large), current map.","City of Miami, FL (official CityMiamiFL GIS org)",https://services1.arcgis.com/CvuPhqcTQpZPT9qY/arcgis/rest/services/Commission_Districts/FeatureServer,unknown,2022,5,
cities/il/chicago/city_council_districts,city_council_districts_2023.geojson,"Chicago aldermanic (council) wards/districts (50), 2023 map.",Chicago aldermanic wards (ArcGIS Online copy; official portal is data.chicago.gov),https://services5.arcgis.com/vElyTHUSDMtSHSgT/arcgis/rest/services/Chicago_City_Council_District/FeatureServer,2023,2023,50,
cities/in/indianapolis/city_council_districts,city_council_districts_2021.geojson,"Indianapolis city council districts (15), 2021 map.",IndyGIS - City of Indianapolis (official),https://services5.arcgis.com/xBsPUWYKO89lShIO/arcgis/rest/services/Indy_City_County_Council_Districts/FeatureServer,2021,2021,25,
cities/md/baltimore/city_council_districts,city_council_districts_2022.geojson,"Baltimore city council districts (14), 2022 map.",City of Baltimore (official),https://services1.arcgis.com/UWYHeuuJISiGmgXx/arcgis/rest/services/City_Council_District/FeatureServer,2022,2022,14,
cities/nc/charlotte/city_council_districts,city_council_districts_2020.geojson,"Charlotte city council districts (7 district seats + 2 at-large), current map per official city GIS.",City of Charlotte (official CharlotteNC GIS org),https://services.arcgis.com/9Nl857LBlQVyzq54/arcgis/rest/services/CouncilDistricts/FeatureServer,2020,2020,7,
cities/nc/raleigh/city_council_districts,city_council_districts_2021.geojson,Raleigh (NC) city council districts A-E (5 district seats + 4 at-large).,"City of Raleigh, NC (official RaleighGIS org)",https://maps.raleighnc.gov/arcgis/rest/services/Boundaries/MapServer,unknown,"2021 (current map, in use since 2023 elections)",5,
cities/ny/new_york/city_council_districts,city_council_districts_2022.geojson,"New York City council districts (51), 2022 redistricting map.","NYC Dept. of City Planning (DCP GIS), via ArcGIS Online",https://services5.arcgis.com/GfwWNkhOj9bNBqoJ/arcgis/rest/services/NYC_City_Council_Districts/FeatureServer,2022,2022 (map effective for 2023 elections),51,
cities/oh/columbus/city_council_districts,city_council_districts_2020.geojson,"Columbus (OH) city council districts (15), 2020 map.","City of Columbus, Ohio GIS (official)",https://services1.arcgis.com/9yy6msODkIBzkUXU/arcgis/rest/services/CouncilDistricts_2020_Round3/FeatureServer,2020,2020,9,
cities/ok/oklahoma_city/city_council_districts,city_council_districts_2022.geojson,"Oklahoma City (OK) council wards (8, unlabeled — count matches the 8-ward structure; values absent from layer). 2 at-large members elected citywide.",OKC (official employee account),https://services7.arcgis.com/MZ4B5pzPtWwwXYaI/arcgis/rest/services/OKC_Council_Wards/FeatureServer,2022,2022 (Wikipedia: 'OKC ward map effective 1 April 2022'; 8-ward structure),8,
cities/ok/tulsa/city_council_districts,city_council_districts_2023.geojson,"Tulsa city council districts (7), 2023 map (file labeled 2024).",Tulsa council districts (ArcGIS Online copy of the 2024 map),https://services.arcgis.com/GL0fWlNkwysZaKeV/arcgis/rest/services/Kostbade_2024_Tulsa_Council_Districts/FeatureServer,2023 (file labeled 2024),2023,9,
cities/or/portland_metro/metro_council_districts,metro_council_districts_2021.geojson,"Portland Metro Council district layer (5 district seats; remaining Metro seats at-large), 2021 map.","Metro Regional Government, Oregon (official RLIS)",https://services2.arcgis.com/McQ0OlIABe29rJJy/arcgis/rest/services/Metro_Council_Districts/FeatureServer,2021,2021,6,
cities/tn/memphis/city_council_districts,city_council_districts_2022.geojson,"Memphis (TN) single-member council districts (7, labeled CD 1-7; 2023 plan). Council = 13 members: 7 single-district + 6 from two 3-seat super-districts (see city_council_super_districts file). Structure verified on Wikipedia 'Memphis City Council' (2026).",City of Memphis (official),https://services2.arcgis.com/saWmpKJIUAjyyNVc/arcgis/rest/services/Council_Districts_2023/FeatureServer,2022 (file labeled 2023),2022,7,
cities/tn/memphis/city_council_districts,city_council_districts_2023.geojson,"Memphis (TN) super-districts (2, labeled SD 8-9, 3 council members each). Pairs with the 7 single-member district file; structure verified on Wikipedia 'Memphis City Council' (2026).",Memphis eGIS (opmautomation_memegis official city account),https://services2.arcgis.com/saWmpKJIUAjyyNVc/arcgis/rest/services/Super_District_2023/FeatureServer,2023,2023 (per layer title),2,
cities/tn/nashville/city_council_districts,city_council_districts_2011.geojson,Nashville city council districts (15) - 2011 map (STALE; 2022 redistricting not reflected in this source).,"Metro Nashville, via ArcGIS Online",https://services7.arcgis.com/EGmB20G57rbr4fjI/arcgis/rest/services/CouncilDistricts2011/FeatureServer,2011,2011 (STALE - current map is 2022; replace when a current source is found),35,
cities/tx/dallas/city_council_districts,city_council_districts_2022.geojson,"Dallas city council districts (14), 2022 map.",City of Dallas GIS (official),https://services2.arcgis.com/rwnOSbfKSwyTBcwN/arcgis/rest/services/Dallas_Council_Districts_without_Lake_Ray_Hubbard/FeatureServer,2022,2022,14,
cities/tx/el_paso/city_council_districts,city_council_districts_2018.geojson,"El Paso city council districts (8), 2018 map.","City of El Paso, via ArcGIS Online",https://services5.arcgis.com/MzDTvcMx2K6Svy8O/arcgis/rest/services/ElPaso_CouncilDistricts_gdb/FeatureServer,2018,2018,8,
cities/tx/fort_worth/city_council_districts,city_council_districts_2013.geojson,"Fort Worth city council districts (8), 2013 map.","City of Fort Worth, via ArcGIS Online",https://services7.arcgis.com/72dKV4e4HAvt2K41/arcgis/rest/services/Fort_Worth_Council_District_/FeatureServer,2013,2013,12,
cities/tx/houston/city_council_districts,city_council_districts_2022.geojson,"Houston city council districts (14), 2022 map.","City of Houston GIS, via ArcGIS Online",https://services2.arcgis.com/LYMgRMwHfrWWEg3s/arcgis/rest/services/City_of_Houston_Council_Districts/FeatureServer,2022,2022,11,
cities/tx/san_antonio/city_council_districts,city_council_districts_2022.geojson,"San Antonio redistricted council districts (10), 2022 map.",City of San Antonio GIS (official),https://services.arcgis.com/g1fRTDLeMgspWrYp/arcgis/rest/services/RedistrictedCouncilDistricts2022/FeatureServer,2022,2022,10,
cities/va/virginia_beach/city_council_districts,city_council_districts_2022.geojson,"Virginia Beach city council districts (10 district seats), 2022 map.",City of Virginia Beach (official),https://services2.arcgis.com/CyVvlIiUfRBmMQuu/arcgis/rest/services/2022_City_Council_Districts_Map/FeatureServer,2022,2022,10,
cities/wa/seattle/city_council_districts,city_council_districts_2022.geojson,"Seattle city council districts (7 district seats + 1 at-large), 2024 map.","City of Seattle (SeattleData, official)",https://services.arcgis.com/ZOyb2t4B0UYuYNYH/arcgis/rest/services/Seattle_City_Council_Districts/FeatureServer,2022,2022,7,
cities/wa/tacoma/city_council_districts,city_council_districts_2025.geojson,Tacoma (WA) city council — 5 unlabeled polygons; council = 5 members (3 district seats + 2 at-large). Structure not attribute-verified; validate before precise use.,IT Data Curator (ArcGIS org copy of Tacoma council map),https://services3.arcgis.com/SCwJH1pD8WSn5T5y/arcgis/rest/services/City_Council_Districts/FeatureServer,unknown,"unknown (current 5-member structure, pulled 2026)",5,
counties/ca/alameda/school_board_districts,school_board_districts_2025.geojson,"Alameda County (CA) Board of Education trustee areas (7, single-member, labeled 1st-7th).",Alameda County (official county org),https://services5.arcgis.com/ROBnTHSNjoZ2Wm1P/arcgis/rest/services/Board_of_Education_Districts/FeatureServer,unknown,current map as of 2026 (redistricting year unverified),7,
counties/ca/inyo/school_board_districts,school_board_districts_2025.geojson,"Inyo County (CA) school board areas (5, Areas I-V); matches CA 5-trustee standard for districts under 100k enrollment (Inyo pop. ~19k); county BOE site unreachable — structure via statutory standard.",Inyo County CA GIS (official county org),https://services.arcgis.com/0jRlQ17Qmni5zEMr/arcgis/rest/services/Board_of_Education_Areas/FeatureServer,unknown,current map as of 2026 (redistricting year unverified),5,
counties/ca/san_benito/school_board_districts,school_board_districts_2025.geojson,"San Benito County (CA) school board districts (5, D1-D5); matches CA 5-trustee standard for districts under 100k enrollment; county BOE site unreachable — structure via statutory standard.",San Benito County CA GIS (official county org),https://services2.arcgis.com/NjMFCzThTMQy3AJa/arcgis/rest/services/Board_of_Education/FeatureServer,unknown,current map as of 2026 (redistricting year unverified),5,
counties/fl/collier/county_commission_districts,county_commission_districts_2019.geojson,Collier County (FL) commissioner districts (5).,"Collier County, FL (Naples) (official AGOL org)",https://services2.arcgis.com/SlIq32SqARUHIhSx/arcgis/rest/services/Commissioner_Districts_(Editable)_view/FeatureServer,unknown,2019,5,
counties/fl/lee/county_commission_districts,county_commission_districts_2017.geojson,Lee County (FL) commissioner districts (5).,"Lee County, FL GIS (official)",https://services2.arcgis.com/LvWGAAhHwbCJ2GMP/arcgis/rest/services/CommissionerDistricts/FeatureServer,2017,2017,5,
counties/fl/lee/school_board_districts,school_board_districts_2025.geojson,Lee County FL school board districts (5); polygons named per current school board member (unofficial naming).,Lee County FL GIS (official),https://services2.arcgis.com/LvWGAAhHwbCJ2GMP/arcgis/rest/services/SchoolBoardDistricts/FeatureServer,unknown,current map as of 2026 (redistricting year unverified),5,
counties/ga/chatham/school_board_districts,school_board_districts_2025.geojson,"Savannah-Chatham County (GA) public school system board districts (8, single-member); polygons named per board member (unofficial naming; 2 of 8 names match current board snapshot).",SAGIS / Sunrise Association of Governments (official GA regional GIS),https://pub.sagis.org/arcgis/rest/services/OpenData/Boundaries/MapServer/9,unknown,"current map as of 2026 (8-district board verified on sccpss.com, 2026)",8,
counties/ga/cherokee/county_commission_districts,county_commission_districts_2019.geojson,Cherokee County (GA) commissioners' districts (5).,"Cherokee County, GA (official GIS org)",https://services5.arcgis.com/UmQCfTNQbyTzAV5N/arcgis/rest/services/Commissioners_Districts/FeatureServer,unknown,2019,5,
counties/ga/coweta/county_commission_districts,county_commission_districts_2025.geojson,Coweta County (GA) board of commissioners districts (5); polygons named per current commissioner (unofficial naming).,Coweta County GA (official county employee account),https://services1.arcgis.com/AaPyNbrJpNGryRqh/arcgis/rest/services/Commission_Districts/FeatureServer,unknown,current map as of 2026 (redistricting year unverified),5,
counties/ga/forsyth/school_board_districts,school_board_districts_2025.geojson,Forsyth County (GA) Board of Education districts (5 single-member districts; 5-district structure verified via Wikipedia 2025).,Forsyth County GIS (official),https://services2.arcgis.com/StQaZGYzUARPnrpL/arcgis/rest/services/Board_of_Education_District/FeatureServer,unknown,current map as of 2026 (redistricting year unverified),5,
counties/ga/gwinnett/county_commission_districts,county_commission_districts_2025.geojson,"Gwinnett County (GA) commission districts (4, labeled 1-4); 5-member board = 1 at-large chair + 4 district members (Wikipedia, 2026).","Gwinnett County GA GIS (official county org, Administrative service)",https://services3.arcgis.com/RfpmnkSAQleRbndX/arcgis/rest/services/Administrative/FeatureServer/6,unknown,current map as of 2026 (redistricting year unverified),4,
counties/id/ada/county_commission_districts,county_commission_districts_2019.geojson,Ada County (ID) commissioner districts (5).,"Ada County, ID (Boise) GIS (official)",https://services2.arcgis.com/dgGjZc6xAH5m5JyP/arcgis/rest/services/Commissioner_District/FeatureServer,unknown,2019,3,
counties/la/st_james/school_board_districts,school_board_districts_2022.geojson,St. James Parish (LA) school board districts (7); 2022 adopted plan; 7-district board verified on stjames.k12.la.us members page (2026).,St. James Parish 2022 adopted plan (via AGL publisher J-Mann),https://services5.arcgis.com/NaE1rjvJf3JdTAkI/arcgis/rest/services/StJames_SBDistricts_2022/FeatureServer,2022,2022 adopted plan,7,
counties/la/st_john_the_baptist/school_board_districts,school_board_districts_2022.geojson,St. John the Baptist Parish (LA) school board districts (11); 2022 adopted plan. Board structure NOT independently verified (parish/district sites unreachable); same publisher as verified St. Mary plan.,St. John the Baptist Parish 2022 adopted plan (via AGL publisher J-Mann),https://services5.arcgis.com/NaE1rjvJf3JdTAkI/arcgis/rest/services/StJohn_SBDistricts_2022/FeatureServer,2022,2022 adopted plan,11,
counties/la/st_mary/school_board_districts,school_board_districts_2022.geojson,St. Mary Parish (LA) school board districts (11); 2022 adopted plan; 11-district board structure verified on stmary.gov board directory (2026).,St. Mary Parish 2022 adopted plan (via AGL publisher J-Mann),https://services5.arcgis.com/NaE1rjvJf3JdTAkI/arcgis/rest/services/StMary_SBDistricts_2022/FeatureServer,2022,2022 adopted plan,11,
counties/md/montgomery/school_board_districts,school_board_districts_2025.geojson,"Montgomery County (MD) school board (MCPS) electoral districts (5, BDED 1-5); 5-district structure verified on montgomeryschoolsmd.org board members page (2026).",Montgomery County MD GIS (official county elections layer),https://gis4.montgomerycountymd.gov/arcgis/rest/services/elections/board_of_ed/FeatureServer/0,unknown,current map as of 2026 (redistricting year unverified),5,
counties/mn/dakota/county_commission_districts,county_commission_districts_2022.geojson,"Dakota County (MN) county commissioner districts (7, single-member, labeled 1-7; 2022 redistricting).",Dakota County MN GIS (official),https://gis2.co.dakota.mn.us/arcgis/rest/services/DCGIS_OL_PoliticalAdministrative/MapServer/8,2022,2022 (layer: 'County Commissioner Districts (2022)'),7,
counties/mn/scott/county_commission_districts,county_commission_districts_2020.geojson,"Scott County (MN) county commissioner districts (5, single-member, labeled 1-5).",Scott County MN GIS (official county org),https://services.arcgis.com/DqIh9WAsIZcPlBEF/arcgis/rest/services/Commissioner_Districts/FeatureServer,unknown,2020 (5-district structure adopted 2020; vintage unverified on server),5,
counties/nc/carteret/school_board_districts,school_board_districts_2025.geojson,"Carteret County (NC) school board electoral districts (6, labeled 1-6; official county GIS). NC statute sets board size by enrollment (~9 members expected); per-district seat allocation unverified.",Carteret County NC GIS (official),https://arcgisweb.carteretcountync.gov/arcgis/rest/services/Layers/Board_of_Education_Districts/FeatureServer,unknown,current map as of 2026 (redistricting year unverified),6,
counties/nc/mecklenburg/county_commission_districts,county_commission_districts_2022.geojson,Mecklenburg County (NC) board of commissioners — 5 district polygons (named per commissioner) + 1 at-large countywide polygon = 6 commissioners.,"Mecklenburg County, NC (official CharlotteNC GIS org)",https://services.arcgis.com/9Nl857LBlQVyzq54/arcgis/rest/services/Commission/FeatureServer,unknown,2022,6,
counties/nc/pender/county_commission_districts,county_commission_districts_2019.geojson,Pender County (NC) board of commissioners districts (5).,"Pender County, NC (official GIS account)",https://services3.arcgis.com/eWu49l4aPlhvQwvs/arcgis/rest/services/Commissioner_Districts_WFL1/FeatureServer,unknown,2019,5,
counties/sc/sumter/county_commission_districts,county_commission_districts_2021.geojson,Sumter County (SC) board of county commissioners districts (5).,"Sumter County, SC (official GIS account)",https://services8.arcgis.com/FTrtUCmxaVKdPC5e/arcgis/rest/services/BOCC_Commission_Districts/FeatureServer,unknown,2021,5,
counties/tn/davidson/school_board_districts,school_board_districts_2022.geojson,"Metro Nashville / Davidson County (TN) school board districts (9, single-member, labeled 1-9; 9-district board verified via Wikipedia). Layer: '2022 School Board Districts'.",Nashville Open Data (official Metro Nashville GIS),https://services2.arcgis.com/HdTo6HJqh92wn4D8/arcgis/rest/services/School_Board_Districts_(Current)/FeatureServer,2022,2022 (2022 School Board Districts layer),9,
counties/tx/bexar/county_commission_districts,county_commission_districts_2005.geojson,Bexar County (TX) commissioner precincts (4).,"Bexar County (San Antonio), TX GIS (official)",https://maps.bexar.org/arcgis/rest/services/CommissionerPrecincts/MapServer,unknown (stable precinct boundaries),2005 (precinct map; verify),4,
counties/tx/galveston/county_commission_districts,county_commission_districts_2005.geojson,Galveston County (TX) commissioner precincts (4).,"Galveston County, TX GIS (official ArcGIS organization)",https://services5.arcgis.com/NAnnb4W7JLztFw9i/arcgis/rest/services/Galveston_County_Commissioner_Precincts/FeatureServer,unknown (stable precinct boundaries),2005 (precinct map; verify),4,
counties/tx/harris/county_commission_districts,county_commission_districts_2003.geojson,Harris County (TX) commissioner precincts (4).,"Harris County, TX (Houston) GIS (official)",https://services.arcgis.com/su8ic9KbA7PYVxPS/arcgis/rest/services/Commissioner_Precincts/FeatureServer,unknown,2003,4,
states/ak/county_subdivisions,county_subdivisions_2025.geojson,"Alaska: county subdivisions (civil townships, towns, municipalities) boundaries (TIGER COUSUB). Context layer — does NOT include council or commission district lines. 37 features.",U.S. Census Bureau TIGER/Line,https://www2.census.gov/geo/tiger/TIGER2025/COUSUB/tl_2025_02_cousub.zip,2025 (TIGER 2025 release),n/a (administrative boundaries),37,
states/ak/municipalities,municipal_boundaries_2025.geojson,Alaska: incorporated places (cities/towns) boundaries (TIGER PLACE). Context layer — does NOT include council or commission district lines. 355 features.,U.S. Census Bureau TIGER/Line,https://www2.census.gov/geo/tiger/TIGER2025/PLACE/tl_2025_02_place.zip,2025 (TIGER 2025 release),n/a (administrative boundaries),355,
states/ak/school_districts,unified_school_districts_2025.geojson,Alaska: unified (K-12) school district boundaries (TIGER UNSD). 52 districts.,U.S. Census Bureau TIGER/Line,https://www2.census.gov/geo/tiger/TIGER2025/UNSD/tl_2025_02_unsd.zip,2025 (TIGER 2025 release),unknown (school district boundaries; Census vintage 2025),52,
states/ak/state_house_districts,state_house_districts_2025.geojson,"Alaska: State house of representatives districts, TIGER SLDL (lower chamber). 40 districts.",U.S. Census Bureau TIGER/Line,https://www2.census.gov/geo/tiger/TIGER2025/SLDL/tl_2025_02_sldl.zip,2025 (TIGER 2025 release),2022 cycle (effective 2024); verify per-state vintage,40,
states/ak/state_senate_districts,state_senate_districts_2025.geojson,"Alaska: State senate districts, TIGER SLDU (upper chamber). 20 districts.",U.S. Census Bureau TIGER/Line,https://www2.census.gov/geo/tiger/TIGER2025/SLDU/tl_2025_02_sldu.zip,2025 (TIGER 2025 release),2022 cycle (effective 2024); verify per-state vintage,20,
states/al/county_subdivisions,county_subdivisions_2025.geojson,"Alabama: county subdivisions (civil townships, towns, municipalities) boundaries (TIGER COUSUB). Context layer — does NOT include council or commission district lines. 390 features.",U.S. Census Bureau TIGER/Line,https://www2.census.gov/geo/tiger/TIGER2025/COUSUB/tl_2025_01_cousub.zip,2025 (TIGER 2025 release),n/a (administrative boundaries),390,
states/al/municipalities,municipal_boundaries_2025.geojson,Alabama: incorporated places (cities/towns) boundaries (TIGER PLACE). Context layer — does NOT include council or commission district lines. 594 features.,U.S. Census Bureau TIGER/Line,https://www2.census.gov/geo/tiger/TIGER2025/PLACE/tl_2025_01_place.zip,2025 (TIGER 2025 release),n/a (administrative boundaries),594,
states/al/school_districts,unified_school_districts_2025.geojson,Alabama: unified (K-12) school district boundaries (TIGER UNSD). 141 districts.,U.S. Census Bureau TIGER/Line,https://www2.census.gov/geo/tiger/TIGER2025/UNSD/tl_2025_01_unsd.zip,2025 (TIGER 2025 release),unknown (school district boundaries; Census vintage 2025),141,
states/al/state_house_districts,state_house_districts_2025.geojson,"Alabama: State house of representatives districts, TIGER SLDL (lower chamber). 105 districts.",U.S. Census Bureau TIGER/Line,https://www2.census.gov/geo/tiger/TIGER2025/SLDL/tl_2025_01_sldl.zip,2025 (TIGER 2025 release),2022 cycle (effective 2024); verify per-state vintage,105,
states/al/state_senate_districts,state_senate_districts_2025.geojson,"Alabama: State senate districts, TIGER SLDU (upper chamber). 35 districts.",U.S. Census Bureau TIGER/Line,https://www2.census.gov/geo/tiger/TIGER2025/SLDU/tl_2025_01_sldu.zip,2025 (TIGER 2025 release),2022 cycle (effective 2024); verify per-state vintage,35,
states/ar/county_subdivisions,county_subdivisions_2025.geojson,"Arkansas: county subdivisions (civil townships, towns, municipalities) boundaries (TIGER COUSUB). Context layer — does NOT include council or commission district lines. 1095 features.",U.S. Census Bureau TIGER/Line,https://www2.census.gov/geo/tiger/TIGER2025/COUSUB/tl_2025_05_cousub.zip,2025 (TIGER 2025 release),n/a (administrative boundaries),1095,
states/ar/municipalities,municipal_boundaries_2025.geojson,Arkansas: incorporated places (cities/towns) boundaries (TIGER PLACE). Context layer — does NOT include council or commission district lines. 626 features.,U.S. Census Bureau TIGER/Line,https://www2.census.gov/geo/tiger/TIGER2025/PLACE/tl_2025_05_place.zip,2025 (TIGER 2025 release),n/a (administrative boundaries),626,
states/ar/school_districts,unified_school_districts_2025.geojson,Arkansas: unified (K-12) school district boundaries (TIGER UNSD). 234 districts.,U.S. Census Bureau TIGER/Line,https://www2.census.gov/geo/tiger/TIGER2025/UNSD/tl_2025_05_unsd.zip,2025 (TIGER 2025 release),unknown (school district boundaries; Census vintage 2025),234,
states/ar/state_house_districts,state_house_districts_2025.geojson,"Arkansas: State house of representatives districts, TIGER SLDL (lower chamber). 100 districts.",U.S. Census Bureau TIGER/Line,https://www2.census.gov/geo/tiger/TIGER2025/SLDL/tl_2025_05_sldl.zip,2025 (TIGER 2025 release),2022 cycle (effective 2024); verify per-state vintage,100,
states/ar/state_senate_districts,state_senate_districts_2025.geojson,"Arkansas: State senate districts, TIGER SLDU (upper chamber). 35 districts.",U.S. Census Bureau TIGER/Line,https://www2.census.gov/geo/tiger/TIGER2025/SLDU/tl_2025_05_sldu.zip,2025 (TIGER 2025 release),2022 cycle (effective 2024); verify per-state vintage,35,
states/as/county_subdivisions,county_subdivisions_2025.geojson,"American Samoa: county subdivisions (civil townships, towns, municipalities) boundaries (TIGER COUSUB). Context layer — does NOT include council or commission district lines. 16 features.",U.S. Census Bureau TIGER/Line,https://www2.census.gov/geo/tiger/TIGER2025/COUSUB/tl_2025_60_cousub.zip,2025 (TIGER 2025 release),n/a (administrative boundaries),16,
states/as/municipalities,municipal_boundaries_2025.geojson,American Samoa: incorporated places (cities/towns) boundaries (TIGER PLACE). Context layer — does NOT include council or commission district lines. 77 features.,U.S. Census Bureau TIGER/Line,https://www2.census.gov/geo/tiger/TIGER2025/PLACE/tl_2025_60_place.zip,2025 (TIGER 2025 release),n/a (administrative boundaries),77,
states/as/school_districts,unified_school_districts_2025.geojson,American Samoa: unified (K-12) school district boundaries (TIGER UNSD). 1 districts.,U.S. Census Bureau TIGER/Line,https://www2.census.gov/geo/tiger/TIGER2025/UNSD/tl_2025_60_unsd.zip,2025 (TIGER 2025 release),unknown (school district boundaries; Census vintage 2025),1,
states/az/county_subdivisions,county_subdivisions_2025.geojson,"Arizona: county subdivisions (civil townships, towns, municipalities) boundaries (TIGER COUSUB). Context layer — does NOT include council or commission district lines. 80 features.",U.S. Census Bureau TIGER/Line,https://www2.census.gov/geo/tiger/TIGER2025/COUSUB/tl_2025_04_cousub.zip,2025 (TIGER 2025 release),n/a (administrative boundaries),80,
states/az/municipalities,municipal_boundaries_2025.geojson,Arizona: incorporated places (cities/towns) boundaries (TIGER PLACE). Context layer — does NOT include council or commission district lines. 467 features.,U.S. Census Bureau TIGER/Line,https://www2.census.gov/geo/tiger/TIGER2025/PLACE/tl_2025_04_place.zip,2025 (TIGER 2025 release),n/a (administrative boundaries),467,
states/az/school_districts,community_school_districts_2025.geojson,Arizona: community school district boundaries (TIGER SCSD). 15 districts.,U.S. Census Bureau TIGER/Line,https://www2.census.gov/geo/tiger/TIGER2025/SCSD/tl_2025_04_scsd.zip,2025 (TIGER 2025 release),unknown (school district boundaries; Census vintage 2025),15,
states/az/school_districts,elementary_school_districts_2025.geojson,Arizona: elementary school district boundaries (TIGER ELSD). 103 districts.,U.S. Census Bureau TIGER/Line,https://www2.census.gov/geo/tiger/TIGER2025/ELSD/tl_2025_04_elsd.zip,2025 (TIGER 2025 release),unknown (school district boundaries; Census vintage 2025),103,
states/az/school_districts,unified_school_districts_2025.geojson,Arizona: unified (K-12) school district boundaries (TIGER UNSD). 98 districts.,U.S. Census Bureau TIGER/Line,https://www2.census.gov/geo/tiger/TIGER2025/UNSD/tl_2025_04_unsd.zip,2025 (TIGER 2025 release),unknown (school district boundaries; Census vintage 2025),98,
states/az/state_house_districts,state_house_districts_2025.geojson,"Arizona: State house of representatives districts, TIGER SLDL (lower chamber). 30 districts.",U.S. Census Bureau TIGER/Line,https://www2.census.gov/geo/tiger/TIGER2025/SLDL/tl_2025_04_sldl.zip,2025 (TIGER 2025 release),2022 cycle (effective 2024); verify per-state vintage,30,
states/az/state_senate_districts,state_senate_districts_2025.geojson,"Arizona: State senate districts, TIGER SLDU (upper chamber). 30 districts.",U.S. Census Bureau TIGER/Line,https://www2.census.gov/geo/tiger/TIGER2025/SLDU/tl_2025_04_sldu.zip,2025 (TIGER 2025 release),2022 cycle (effective 2024); verify per-state vintage,30,
states/ca/county_subdivisions,county_subdivisions_2025.geojson,"California: county subdivisions (civil townships, towns, municipalities) boundaries (TIGER COUSUB). Context layer — does NOT include council or commission district lines. 404 features.",U.S. Census Bureau TIGER/Line,https://www2.census.gov/geo/tiger/TIGER2025/COUSUB/tl_2025_06_cousub.zip,2025 (TIGER 2025 release),n/a (administrative boundaries),404,
states/ca/municipalities,municipal_boundaries_2025.geojson,California: incorporated places (cities/towns) boundaries (TIGER PLACE). Context layer — does NOT include council or commission district lines. 1619 features.,U.S. Census Bureau TIGER/Line,https://www2.census.gov/geo/tiger/TIGER2025/PLACE/tl_2025_06_place.zip,2025 (TIGER 2025 release),n/a (administrative boundaries),1619,
states/ca/school_districts,community_school_districts_2025.geojson,California: community school district boundaries (TIGER SCSD). 112 districts.,U.S. Census Bureau TIGER/Line,https://www2.census.gov/geo/tiger/TIGER2025/SCSD/tl_2025_06_scsd.zip,2025 (TIGER 2025 release),unknown (school district boundaries; Census vintage 2025),112,
states/ca/school_districts,elementary_school_districts_2025.geojson,California: elementary school district boundaries (TIGER ELSD). 517 districts.,U.S. Census Bureau TIGER/Line,https://www2.census.gov/geo/tiger/TIGER2025/ELSD/tl_2025_06_elsd.zip,2025 (TIGER 2025 release),unknown (school district boundaries; Census vintage 2025),517,
states/ca/school_districts,unified_school_districts_2025.geojson,California: unified (K-12) school district boundaries (TIGER UNSD). 346 districts.,U.S. Census Bureau TIGER/Line,https://www2.census.gov/geo/tiger/TIGER2025/UNSD/tl_2025_06_unsd.zip,2025 (TIGER 2025 release),unknown (school district boundaries; Census vintage 2025),346,
states/ca/state_house_districts,state_house_districts_2025.geojson,"California: State house of representatives districts, TIGER SLDL (lower chamber). 80 districts.",U.S. Census Bureau TIGER/Line,https://www2.census.gov/geo/tiger/TIGER2025/SLDL/tl_2025_06_sldl.zip,2025 (TIGER 2025 release),2022 cycle (effective 2024); verify per-state vintage,80,
states/ca/state_senate_districts,state_senate_districts_2025.geojson,"California: State senate districts, TIGER SLDU (upper chamber). 40 districts.",U.S. Census Bureau TIGER/Line,https://www2.census.gov/geo/tiger/TIGER2025/SLDU/tl_2025_06_sldu.zip,2025 (TIGER 2025 release),2022 cycle (effective 2024); verify per-state vintage,40,
states/co/county_subdivisions,county_subdivisions_2025.geojson,"Colorado: county subdivisions (civil townships, towns, municipalities) boundaries (TIGER COUSUB). Context layer — does NOT include council or commission district lines. 209 features.",U.S. Census Bureau TIGER/Line,https://www2.census.gov/geo/tiger/TIGER2025/COUSUB/tl_2025_08_cousub.zip,2025 (TIGER 2025 release),n/a (administrative boundaries),209,
states/co/municipalities,municipal_boundaries_2025.geojson,Colorado: incorporated places (cities/towns) boundaries (TIGER PLACE). Context layer — does NOT include council or commission district lines. 482 features.,U.S. Census Bureau TIGER/Line,https://www2.census.gov/geo/tiger/TIGER2025/PLACE/tl_2025_08_place.zip,2025 (TIGER 2025 release),n/a (administrative boundaries),482,
states/co/school_districts,unified_school_districts_2025.geojson,Colorado: unified (K-12) school district boundaries (TIGER UNSD). 178 districts.,U.S. Census Bureau TIGER/Line,https://www2.census.gov/geo/tiger/TIGER2025/UNSD/tl_2025_08_unsd.zip,2025 (TIGER 2025 release),unknown (school district boundaries; Census vintage 2025),178,
states/co/state_house_districts,state_house_districts_2025.geojson,"Colorado: State house of representatives districts, TIGER SLDL (lower chamber). 65 districts.",U.S. Census Bureau TIGER/Line,https://www2.census.gov/geo/tiger/TIGER2025/SLDL/tl_2025_08_sldl.zip,2025 (TIGER 2025 release),2022 cycle (effective 2024); verify per-state vintage,65,
states/co/state_senate_districts,state_senate_districts_2025.geojson,"Colorado: State senate districts, TIGER SLDU (upper chamber). 35 districts.",U.S. Census Bureau TIGER/Line,https://www2.census.gov/geo/tiger/TIGER2025/SLDU/tl_2025_08_sldu.zip,2025 (TIGER 2025 release),2022 cycle (effective 2024); verify per-state vintage,35,
states/ct/county_subdivisions,county_subdivisions_2025.geojson,"Connecticut: county subdivisions (civil townships, towns, municipalities) boundaries (TIGER COUSUB). Context layer — does NOT include council or commission district lines. 174 features.",U.S. Census Bureau TIGER/Line,https://www2.census.gov/geo/tiger/TIGER2025/COUSUB/tl_2025_09_cousub.zip,2025 (TIGER 2025 release),n/a (administrative boundaries),174,
states/ct/municipalities,municipal_boundaries_2025.geojson,Connecticut: incorporated places (cities/towns) boundaries (TIGER PLACE). Context layer — does NOT include council or commission district lines. 215 features.,U.S. Census Bureau TIGER/Line,https://www2.census.gov/geo/tiger/TIGER2025/PLACE/tl_2025_09_place.zip,2025 (TIGER 2025 release),n/a (administrative boundaries),215,
states/ct/school_districts,community_school_districts_2025.geojson,Connecticut: community school district boundaries (TIGER SCSD). 8 districts.,U.S. Census Bureau TIGER/Line,https://www2.census.gov/geo/tiger/TIGER2025/SCSD/tl_2025_09_scsd.zip,2025 (TIGER 2025 release),unknown (school district boundaries; Census vintage 2025),8,
states/ct/school_districts,elementary_school_districts_2025.geojson,Connecticut: elementary school district boundaries (TIGER ELSD). 44 districts.,U.S. Census Bureau TIGER/Line,https://www2.census.gov/geo/tiger/TIGER2025/ELSD/tl_2025_09_elsd.zip,2025 (TIGER 2025 release),unknown (school district boundaries; Census vintage 2025),44,
states/ct/school_districts,unified_school_districts_2025.geojson,Connecticut: unified (K-12) school district boundaries (TIGER UNSD). 114 districts.,U.S. Census Bureau TIGER/Line,https://www2.census.gov/geo/tiger/TIGER2025/UNSD/tl_2025_09_unsd.zip,2025 (TIGER 2025 release),unknown (school district boundaries; Census vintage 2025),114,
states/ct/state_house_districts,state_house_districts_2025.geojson,"Connecticut: State house of representatives districts, TIGER SLDL (lower chamber). 152 districts.",U.S. Census Bureau TIGER/Line,https://www2.census.gov/geo/tiger/TIGER2025/SLDL/tl_2025_09_sldl.zip,2025 (TIGER 2025 release),2022 cycle (effective 2024); verify per-state vintage,152,
states/ct/state_senate_districts,state_senate_districts_2025.geojson,"Connecticut: State senate districts, TIGER SLDU (upper chamber). 37 districts.",U.S. Census Bureau TIGER/Line,https://www2.census.gov/geo/tiger/TIGER2025/SLDU/tl_2025_09_sldu.zip,2025 (TIGER 2025 release),2022 cycle (effective 2024); verify per-state vintage,37,
states/dc/county_subdivisions,county_subdivisions_2025.geojson,"District of Columbia: county subdivisions (civil townships, towns, municipalities) boundaries (TIGER COUSUB). Context layer — does NOT include council or commission district lines. 1 features.",U.S. Census Bureau TIGER/Line,https://www2.census.gov/geo/tiger/TIGER2025/COUSUB/tl_2025_11_cousub.zip,2025 (TIGER 2025 release),n/a (administrative boundaries),1,
states/dc/municipalities,municipal_boundaries_2025.geojson,District of Columbia: incorporated places (cities/towns) boundaries (TIGER PLACE). Context layer — does NOT include council or commission district lines. 1 features.,U.S. Census Bureau TIGER/Line,https://www2.census.gov/geo/tiger/TIGER2025/PLACE/tl_2025_11_place.zip,2025 (TIGER 2025 release),n/a (administrative boundaries),1,
states/dc/school_districts,unified_school_districts_2025.geojson,District of Columbia: unified (K-12) school district boundaries (TIGER UNSD). 1 districts.,U.S. Census Bureau TIGER/Line,https://www2.census.gov/geo/tiger/TIGER2025/UNSD/tl_2025_11_unsd.zip,2025 (TIGER 2025 release),unknown (school district boundaries; Census vintage 2025),1,
states/de/county_subdivisions,county_subdivisions_2025.geojson,"Delaware: county subdivisions (civil townships, towns, municipalities) boundaries (TIGER COUSUB). Context layer — does NOT include council or commission district lines. 27 features.",U.S. Census Bureau TIGER/Line,https://www2.census.gov/geo/tiger/TIGER2025/COUSUB/tl_2025_10_cousub.zip,2025 (TIGER 2025 release),n/a (administrative boundaries),27,
states/de/municipalities,municipal_boundaries_2025.geojson,Delaware: incorporated places (cities/towns) boundaries (TIGER PLACE). Context layer — does NOT include council or commission district lines. 79 features.,U.S. Census Bureau TIGER/Line,https://www2.census.gov/geo/tiger/TIGER2025/PLACE/tl_2025_10_place.zip,2025 (TIGER 2025 release),n/a (administrative boundaries),79,
states/de/school_districts,unified_school_districts_2025.geojson,Delaware: unified (K-12) school district boundaries (TIGER UNSD). 16 districts.,U.S. Census Bureau TIGER/Line,https://www2.census.gov/geo/tiger/TIGER2025/UNSD/tl_2025_10_unsd.zip,2025 (TIGER 2025 release),unknown (school district boundaries; Census vintage 2025),16,
states/de/state_house_districts,state_house_districts_2025.geojson,"Delaware: State house of representatives districts, TIGER SLDL (lower chamber). 41 districts.",U.S. Census Bureau TIGER/Line,https://www2.census.gov/geo/tiger/TIGER2025/SLDL/tl_2025_10_sldl.zip,2025 (TIGER 2025 release),2022 cycle (effective 2024); verify per-state vintage,41,
states/de/state_senate_districts,state_senate_districts_2025.geojson,"Delaware: State senate districts, TIGER SLDU (upper chamber). 21 districts.",U.S. Census Bureau TIGER/Line,https://www2.census.gov/geo/tiger/TIGER2025/SLDU/tl_2025_10_sldu.zip,2025 (TIGER 2025 release),2022 cycle (effective 2024); verify per-state vintage,21,
states/fl/county_subdivisions,county_subdivisions_2025.geojson,"Florida: county subdivisions (civil townships, towns, municipalities) boundaries (TIGER COUSUB). Context layer — does NOT include council or commission district lines. 316 features.",U.S. Census Bureau TIGER/Line,https://www2.census.gov/geo/tiger/TIGER2025/COUSUB/tl_2025_12_cousub.zip,2025 (TIGER 2025 release),n/a (administrative boundaries),316,
states/fl/municipalities,municipal_boundaries_2025.geojson,Florida: incorporated places (cities/towns) boundaries (TIGER PLACE). Context layer — does NOT include council or commission district lines. 958 features.,U.S. Census Bureau TIGER/Line,https://www2.census.gov/geo/tiger/TIGER2025/PLACE/tl_2025_12_place.zip,2025 (TIGER 2025 release),n/a (administrative boundaries),958,
states/fl/school_districts,unified_school_districts_2025.geojson,Florida: unified (K-12) school district boundaries (TIGER UNSD). 67 districts.,U.S. Census Bureau TIGER/Line,https://www2.census.gov/geo/tiger/TIGER2025/UNSD/tl_2025_12_unsd.zip,2025 (TIGER 2025 release),unknown (school district boundaries; Census vintage 2025),67,
states/fl/state_house_districts,state_house_districts_2025.geojson,"Florida: State house of representatives districts, TIGER SLDL (lower chamber). 120 districts.",U.S. Census Bureau TIGER/Line,https://www2.census.gov/geo/tiger/TIGER2025/SLDL/tl_2025_12_sldl.zip,2025 (TIGER 2025 release),2022 cycle (effective 2024); verify per-state vintage,120,
states/fl/state_senate_districts,state_senate_districts_2025.geojson,"Florida: State senate districts, TIGER SLDU (upper chamber). 40 districts.",U.S. Census Bureau TIGER/Line,https://www2.census.gov/geo/tiger/TIGER2025/SLDU/tl_2025_12_sldu.zip,2025 (TIGER 2025 release),2022 cycle (effective 2024); verify per-state vintage,40,
states/ga/county_subdivisions,county_subdivisions_2025.geojson,"Georgia: county subdivisions (civil townships, towns, municipalities) boundaries (TIGER COUSUB). Context layer — does NOT include council or commission district lines. 586 features.",U.S. Census Bureau TIGER/Line,https://www2.census.gov/geo/tiger/TIGER2025/COUSUB/tl_2025_13_cousub.zip,2025 (TIGER 2025 release),n/a (administrative boundaries),586,
states/ga/municipalities,municipal_boundaries_2025.geojson,Georgia: incorporated places (cities/towns) boundaries (TIGER PLACE). Context layer — does NOT include council or commission district lines. 676 features.,U.S. Census Bureau TIGER/Line,https://www2.census.gov/geo/tiger/TIGER2025/PLACE/tl_2025_13_place.zip,2025 (TIGER 2025 release),n/a (administrative boundaries),676,
states/ga/school_districts,community_school_districts_2025.geojson,Georgia: community school district boundaries (TIGER SCSD). 2 districts.,U.S. Census Bureau TIGER/Line,https://www2.census.gov/geo/tiger/TIGER2025/SCSD/tl_2025_13_scsd.zip,2025 (TIGER 2025 release),unknown (school district boundaries; Census vintage 2025),2,
states/ga/school_districts,elementary_school_districts_2025.geojson,Georgia: elementary school district boundaries (TIGER ELSD). 1 districts.,U.S. Census Bureau TIGER/Line,https://www2.census.gov/geo/tiger/TIGER2025/ELSD/tl_2025_13_elsd.zip,2025 (TIGER 2025 release),unknown (school district boundaries; Census vintage 2025),1,
states/ga/school_districts,unified_school_districts_2025.geojson,Georgia: unified (K-12) school district boundaries (TIGER UNSD). 181 districts.,U.S. Census Bureau TIGER/Line,https://www2.census.gov/geo/tiger/TIGER2025/UNSD/tl_2025_13_unsd.zip,2025 (TIGER 2025 release),unknown (school district boundaries; Census vintage 2025),181,
states/ga/state_house_districts,state_house_districts_2025.geojson,"Georgia: State house of representatives districts, TIGER SLDL (lower chamber). 180 districts.",U.S. Census Bureau TIGER/Line,https://www2.census.gov/geo/tiger/TIGER2025/SLDL/tl_2025_13_sldl.zip,2025 (TIGER 2025 release),2022 cycle (effective 2024); verify per-state vintage,180,
states/ga/state_senate_districts,state_senate_districts_2025.geojson,"Georgia: State senate districts, TIGER SLDU (upper chamber). 56 districts.",U.S. Census Bureau TIGER/Line,https://www2.census.gov/geo/tiger/TIGER2025/SLDU/tl_2025_13_sldu.zip,2025 (TIGER 2025 release),2022 cycle (effective 2024); verify per-state vintage,56,
states/gu/county_subdivisions,county_subdivisions_2025.geojson,"Guam: county subdivisions (civil townships, towns, municipalities) boundaries (TIGER COUSUB). Context layer — does NOT include council or commission district lines. 20 features.",U.S. Census Bureau TIGER/Line,https://www2.census.gov/geo/tiger/TIGER2025/COUSUB/tl_2025_66_cousub.zip,2025 (TIGER 2025 release),n/a (administrative boundaries),20,
states/gu/municipalities,municipal_boundaries_2025.geojson,Guam: incorporated places (cities/towns) boundaries (TIGER PLACE). Context layer — does NOT include council or commission district lines. 57 features.,U.S. Census Bureau TIGER/Line,https://www2.census.gov/geo/tiger/TIGER2025/PLACE/tl_2025_66_place.zip,2025 (TIGER 2025 release),n/a (administrative boundaries),57,
states/gu/school_districts,unified_school_districts_2025.geojson,Guam: unified (K-12) school district boundaries (TIGER UNSD). 1 districts.,U.S. Census Bureau TIGER/Line,https://www2.census.gov/geo/tiger/TIGER2025/UNSD/tl_2025_66_unsd.zip,2025 (TIGER 2025 release),unknown (school district boundaries; Census vintage 2025),1,
states/hi/county_subdivisions,county_subdivisions_2025.geojson,"Hawaii: county subdivisions (civil townships, towns, municipalities) boundaries (TIGER COUSUB). Context layer — does NOT include council or commission district lines. 44 features.",U.S. Census Bureau TIGER/Line,https://www2.census.gov/geo/tiger/TIGER2025/COUSUB/tl_2025_15_cousub.zip,2025 (TIGER 2025 release),n/a (administrative boundaries),44,
states/hi/municipalities,municipal_boundaries_2025.geojson,Hawaii: incorporated places (cities/towns) boundaries (TIGER PLACE). Context layer — does NOT include council or commission district lines. 163 features.,U.S. Census Bureau TIGER/Line,https://www2.census.gov/geo/tiger/TIGER2025/PLACE/tl_2025_15_place.zip,2025 (TIGER 2025 release),n/a (administrative boundaries),163,
states/hi/school_districts,unified_school_districts_2025.geojson,Hawaii: unified (K-12) school district boundaries (TIGER UNSD). 1 districts.,U.S. Census Bureau TIGER/Line,https://www2.census.gov/geo/tiger/TIGER2025/UNSD/tl_2025_15_unsd.zip,2025 (TIGER 2025 release),unknown (school district boundaries; Census vintage 2025),1,
states/hi/state_house_districts,state_house_districts_2025.geojson,"Hawaii: State house of representatives districts, TIGER SLDL (lower chamber). 51 districts.",U.S. Census Bureau TIGER/Line,https://www2.census.gov/geo/tiger/TIGER2025/SLDL/tl_2025_15_sldl.zip,2025 (TIGER 2025 release),2022 cycle (effective 2024); verify per-state vintage,51,
states/hi/state_senate_districts,state_senate_districts_2025.geojson,"Hawaii: State senate districts, TIGER SLDU (upper chamber). 25 districts.",U.S. Census Bureau TIGER/Line,https://www2.census.gov/geo/tiger/TIGER2025/SLDU/tl_2025_15_sldu.zip,2025 (TIGER 2025 release),2022 cycle (effective 2024); verify per-state vintage,25,
states/ia/county_subdivisions,county_subdivisions_2025.geojson,"Iowa: county subdivisions (civil townships, towns, municipalities) boundaries (TIGER COUSUB). Context layer — does NOT include council or commission district lines. 1663 features.",U.S. Census Bureau TIGER/Line,https://www2.census.gov/geo/tiger/TIGER2025/COUSUB/tl_2025_19_cousub.zip,2025 (TIGER 2025 release),n/a (administrative boundaries),1663,
states/ia/municipalities,municipal_boundaries_2025.geojson,Iowa: incorporated places (cities/towns) boundaries (TIGER PLACE). Context layer — does NOT include council or commission district lines. 1026 features.,U.S. Census Bureau TIGER/Line,https://www2.census.gov/geo/tiger/TIGER2025/PLACE/tl_2025_19_place.zip,2025 (TIGER 2025 release),n/a (administrative boundaries),1026,
states/ia/school_districts,unified_school_districts_2025.geojson,Iowa: unified (K-12) school district boundaries (TIGER UNSD). 325 districts.,U.S. Census Bureau TIGER/Line,https://www2.census.gov/geo/tiger/TIGER2025/UNSD/tl_2025_19_unsd.zip,2025 (TIGER 2025 release),unknown (school district boundaries; Census vintage 2025),325,
states/ia/state_house_districts,state_house_districts_2025.geojson,"Iowa: State house of representatives districts, TIGER SLDL (lower chamber). 100 districts.",U.S. Census Bureau TIGER/Line,https://www2.census.gov/geo/tiger/TIGER2025/SLDL/tl_2025_19_sldl.zip,2025 (TIGER 2025 release),2022 cycle (effective 2024); verify per-state vintage,100,
states/ia/state_senate_districts,state_senate_districts_2025.geojson,"Iowa: State senate districts, TIGER SLDU (upper chamber). 50 districts.",U.S. Census Bureau TIGER/Line,https://www2.census.gov/geo/tiger/TIGER2025/SLDU/tl_2025_19_sldu.zip,2025 (TIGER 2025 release),2022 cycle (effective 2024); verify per-state vintage,50,
states/id/county_subdivisions,county_subdivisions_2025.geojson,"Idaho: county subdivisions (civil townships, towns, municipalities) boundaries (TIGER COUSUB). Context layer — does NOT include council or commission district lines. 170 features.",U.S. Census Bureau TIGER/Line,https://www2.census.gov/geo/tiger/TIGER2025/COUSUB/tl_2025_16_cousub.zip,2025 (TIGER 2025 release),n/a (administrative boundaries),170,
states/id/municipalities,municipal_boundaries_2025.geojson,Idaho: incorporated places (cities/towns) boundaries (TIGER PLACE). Context layer — does NOT include council or commission district lines. 236 features.,U.S. Census Bureau TIGER/Line,https://www2.census.gov/geo/tiger/TIGER2025/PLACE/tl_2025_16_place.zip,2025 (TIGER 2025 release),n/a (administrative boundaries),236,
states/id/school_districts,unified_school_districts_2025.geojson,Idaho: unified (K-12) school district boundaries (TIGER UNSD). 115 districts.,U.S. Census Bureau TIGER/Line,https://www2.census.gov/geo/tiger/TIGER2025/UNSD/tl_2025_16_unsd.zip,2025 (TIGER 2025 release),unknown (school district boundaries; Census vintage 2025),115,
states/id/state_house_districts,state_house_districts_2025.geojson,"Idaho: State house of representatives districts, TIGER SLDL (lower chamber). 35 districts.",U.S. Census Bureau TIGER/Line,https://www2.census.gov/geo/tiger/TIGER2025/SLDL/tl_2025_16_sldl.zip,2025 (TIGER 2025 release),2022 cycle (effective 2024); verify per-state vintage,35,
states/id/state_senate_districts,state_senate_districts_2025.geojson,"Idaho: State senate districts, TIGER SLDU (upper chamber). 35 districts.",U.S. Census Bureau TIGER/Line,https://www2.census.gov/geo/tiger/TIGER2025/SLDU/tl_2025_16_sldu.zip,2025 (TIGER 2025 release),2022 cycle (effective 2024); verify per-state vintage,35,
states/il/county_subdivisions,county_subdivisions_2025.geojson,"Illinois: county subdivisions (civil townships, towns, municipalities) boundaries (TIGER COUSUB). Context layer — does NOT include council or commission district lines. 1695 features.",U.S. Census Bureau TIGER/Line,https://www2.census.gov/geo/tiger/TIGER2025/COUSUB/tl_2025_17_cousub.zip,2025 (TIGER 2025 release),n/a (administrative boundaries),1695,
states/il/municipalities,municipal_boundaries_2025.geojson,Illinois: incorporated places (cities/towns) boundaries (TIGER PLACE). Context layer — does NOT include council or commission district lines. 1461 features.,U.S. Census Bureau TIGER/Line,https://www2.census.gov/geo/tiger/TIGER2025/PLACE/tl_2025_17_place.zip,2025 (TIGER 2025 release),n/a (administrative boundaries),1461,
states/il/school_districts,community_school_districts_2025.geojson,Illinois: community school district boundaries (TIGER SCSD). 105 districts.,U.S. Census Bureau TIGER/Line,https://www2.census.gov/geo/tiger/TIGER2025/SCSD/tl_2025_17_scsd.zip,2025 (TIGER 2025 release),unknown (school district boundaries; Census vintage 2025),105,
states/il/school_districts,elementary_school_districts_2025.geojson,Illinois: elementary school district boundaries (TIGER ELSD). 371 districts.,U.S. Census Bureau TIGER/Line,https://www2.census.gov/geo/tiger/TIGER2025/ELSD/tl_2025_17_elsd.zip,2025 (TIGER 2025 release),unknown (school district boundaries; Census vintage 2025),371,
states/il/school_districts,unified_school_districts_2025.geojson,Illinois: unified (K-12) school district boundaries (TIGER UNSD). 387 districts.,U.S. Census Bureau TIGER/Line,https://www2.census.gov/geo/tiger/TIGER2025/UNSD/tl_2025_17_unsd.zip,2025 (TIGER 2025 release),unknown (school district boundaries; Census vintage 2025),387,
states/il/state_house_districts,state_house_districts_2025.geojson,"Illinois: State house of representatives districts, TIGER SLDL (lower chamber). 119 districts.",U.S. Census Bureau TIGER/Line,https://www2.census.gov/geo/tiger/TIGER2025/SLDL/tl_2025_17_sldl.zip,2025 (TIGER 2025 release),2022 cycle (effective 2024); verify per-state vintage,119,
states/il/state_senate_districts,state_senate_districts_2025.geojson,"Illinois: State senate districts, TIGER SLDU (upper chamber). 60 districts.",U.S. Census Bureau TIGER/Line,https://www2.census.gov/geo/tiger/TIGER2025/SLDU/tl_2025_17_sldu.zip,2025 (TIGER 2025 release),2022 cycle (effective 2024); verify per-state vintage,60,
states/in/county_subdivisions,county_subdivisions_2025.geojson,"Indiana: county subdivisions (civil townships, towns, municipalities) boundaries (TIGER COUSUB). Context layer — does NOT include council or commission district lines. 1012 features.",U.S. Census Bureau TIGER/Line,https://www2.census.gov/geo/tiger/TIGER2025/COUSUB/tl_2025_18_cousub.zip,2025 (TIGER 2025 release),n/a (administrative boundaries),1012,
states/in/municipalities,municipal_boundaries_2025.geojson,Indiana: incorporated places (cities/towns) boundaries (TIGER PLACE). Context layer — does NOT include council or commission district lines. 974 features.,U.S. Census Bureau TIGER/Line,https://www2.census.gov/geo/tiger/TIGER2025/PLACE/tl_2025_18_place.zip,2025 (TIGER 2025 release),n/a (administrative boundaries),974,
states/in/school_districts,unified_school_districts_2025.geojson,Indiana: unified (K-12) school district boundaries (TIGER UNSD). 291 districts.,U.S. Census Bureau TIGER/Line,https://www2.census.gov/geo/tiger/TIGER2025/UNSD/tl_2025_18_unsd.zip,2025 (TIGER 2025 release),unknown (school district boundaries; Census vintage 2025),291,
states/in/state_house_districts,state_house_districts_2025.geojson,"Indiana: State house of representatives districts, TIGER SLDL (lower chamber). 100 districts.",U.S. Census Bureau TIGER/Line,https://www2.census.gov/geo/tiger/TIGER2025/SLDL/tl_2025_18_sldl.zip,2025 (TIGER 2025 release),2022 cycle (effective 2024); verify per-state vintage,100,
states/in/state_senate_districts,state_senate_districts_2025.geojson,"Indiana: State senate districts, TIGER SLDU (upper chamber). 50 districts.",U.S. Census Bureau TIGER/Line,https://www2.census.gov/geo/tiger/TIGER2025/SLDU/tl_2025_18_sldu.zip,2025 (TIGER 2025 release),2022 cycle (effective 2024); verify per-state vintage,50,
states/ks/county_subdivisions,county_subdivisions_2025.geojson,"Kansas: county subdivisions (civil townships, towns, municipalities) boundaries (TIGER COUSUB). Context layer — does NOT include council or commission district lines. 1521 features.",U.S. Census Bureau TIGER/Line,https://www2.census.gov/geo/tiger/TIGER2025/COUSUB/tl_2025_20_cousub.zip,2025 (TIGER 2025 release),n/a (administrative boundaries),1521,
states/ks/municipalities,municipal_boundaries_2025.geojson,Kansas: incorporated places (cities/towns) boundaries (TIGER PLACE). Context layer — does NOT include council or commission district lines. 740 features.,U.S. Census Bureau TIGER/Line,https://www2.census.gov/geo/tiger/TIGER2025/PLACE/tl_2025_20_place.zip,2025 (TIGER 2025 release),n/a (administrative boundaries),740,
states/ks/school_districts,unified_school_districts_2025.geojson,Kansas: unified (K-12) school district boundaries (TIGER UNSD). 286 districts.,U.S. Census Bureau TIGER/Line,https://www2.census.gov/geo/tiger/TIGER2025/UNSD/tl_2025_20_unsd.zip,2025 (TIGER 2025 release),unknown (school district boundaries; Census vintage 2025),286,
states/ks/state_board_of_education_districts,state_board_of_education_districts_2025.geojson,"Kansas State Board of Education electoral districts (10, single-member; 10-seat structure verified via Wikipedia). Unlabeled polygons.","Kansas GIS (KansasGIS, official state org)",https://services1.arcgis.com/q2CglofYX6ACNEeu/arcgis/rest/services/State_Board_of_Education_Districts/FeatureServer,unknown,current map as of 2026 (redistricting year unverified),10,
states/ks/state_house_districts,state_house_districts_2025.geojson,"Kansas: State house of representatives districts, TIGER SLDL (lower chamber). 125 districts.",U.S. Census Bureau TIGER/Line,https://www2.census.gov/geo/tiger/TIGER2025/SLDL/tl_2025_20_sldl.zip,2025 (TIGER 2025 release),2022 cycle (effective 2024); verify per-state vintage,125,
states/ks/state_senate_districts,state_senate_districts_2025.geojson,"Kansas: State senate districts, TIGER SLDU (upper chamber). 40 districts.",U.S. Census Bureau TIGER/Line,https://www2.census.gov/geo/tiger/TIGER2025/SLDU/tl_2025_20_sldu.zip,2025 (TIGER 2025 release),2022 cycle (effective 2024); verify per-state vintage,40,
states/ky/county_subdivisions,county_subdivisions_2025.geojson,"Kentucky: county subdivisions (civil townships, towns, municipalities) boundaries (TIGER COUSUB). Context layer — does NOT include council or commission district lines. 493 features.",U.S. Census Bureau TIGER/Line,https://www2.census.gov/geo/tiger/TIGER2025/COUSUB/tl_2025_21_cousub.zip,2025 (TIGER 2025 release),n/a (administrative boundaries),493,
states/ky/municipalities,municipal_boundaries_2025.geojson,Kentucky: incorporated places (cities/towns) boundaries (TIGER PLACE). Context layer — does NOT include council or commission district lines. 555 features.,U.S. Census Bureau TIGER/Line,https://www2.census.gov/geo/tiger/TIGER2025/PLACE/tl_2025_21_place.zip,2025 (TIGER 2025 release),n/a (administrative boundaries),555,
states/ky/school_districts,community_school_districts_2025.geojson,Kentucky: community school district boundaries (TIGER SCSD). 4 districts.,U.S. Census Bureau TIGER/Line,https://www2.census.gov/geo/tiger/TIGER2025/SCSD/tl_2025_21_scsd.zip,2025 (TIGER 2025 release),unknown (school district boundaries; Census vintage 2025),4,
states/ky/school_districts,elementary_school_districts_2025.geojson,Kentucky: elementary school district boundaries (TIGER ELSD). 4 districts.,U.S. Census Bureau TIGER/Line,https://www2.census.gov/geo/tiger/TIGER2025/ELSD/tl_2025_21_elsd.zip,2025 (TIGER 2025 release),unknown (school district boundaries; Census vintage 2025),4,
states/ky/school_districts,unified_school_districts_2025.geojson,Kentucky: unified (K-12) school district boundaries (TIGER UNSD). 170 districts.,U.S. Census Bureau TIGER/Line,https://www2.census.gov/geo/tiger/TIGER2025/UNSD/tl_2025_21_unsd.zip,2025 (TIGER 2025 release),unknown (school district boundaries; Census vintage 2025),170,
states/ky/state_house_districts,state_house_districts_2025.geojson,"Kentucky: State house of representatives districts, TIGER SLDL (lower chamber). 100 districts.",U.S. Census Bureau TIGER/Line,https://www2.census.gov/geo/tiger/TIGER2025/SLDL/tl_2025_21_sldl.zip,2025 (TIGER 2025 release),2022 cycle (effective 2024); verify per-state vintage,100,
states/ky/state_senate_districts,state_senate_districts_2025.geojson,"Kentucky: State senate districts, TIGER SLDU (upper chamber). 38 districts.",U.S. Census Bureau TIGER/Line,https://www2.census.gov/geo/tiger/TIGER2025/SLDU/tl_2025_21_sldu.zip,2025 (TIGER 2025 release),2022 cycle (effective 2024); verify per-state vintage,38,
states/la/county_subdivisions,county_subdivisions_2025.geojson,"Louisiana: county subdivisions (civil townships, towns, municipalities) boundaries (TIGER COUSUB). Context layer — does NOT include council or commission district lines. 576 features.",U.S. Census Bureau TIGER/Line,https://www2.census.gov/geo/tiger/TIGER2025/COUSUB/tl_2025_22_cousub.zip,2025 (TIGER 2025 release),n/a (administrative boundaries),576,
states/la/municipalities,municipal_boundaries_2025.geojson,Louisiana: incorporated places (cities/towns) boundaries (TIGER PLACE). Context layer — does NOT include council or commission district lines. 484 features.,U.S. Census Bureau TIGER/Line,https://www2.census.gov/geo/tiger/TIGER2025/PLACE/tl_2025_22_place.zip,2025 (TIGER 2025 release),n/a (administrative boundaries),484,
states/la/school_districts,unified_school_districts_2025.geojson,Louisiana: unified (K-12) school district boundaries (TIGER UNSD). 69 districts.,U.S. Census Bureau TIGER/Line,https://www2.census.gov/geo/tiger/TIGER2025/UNSD/tl_2025_22_unsd.zip,2025 (TIGER 2025 release),unknown (school district boundaries; Census vintage 2025),69,
states/la/state_house_districts,state_house_districts_2025.geojson,"Louisiana: State house of representatives districts, TIGER SLDL (lower chamber). 105 districts.",U.S. Census Bureau TIGER/Line,https://www2.census.gov/geo/tiger/TIGER2025/SLDL/tl_2025_22_sldl.zip,2025 (TIGER 2025 release),2022 cycle (effective 2024); verify per-state vintage,105,
states/la/state_senate_districts,state_senate_districts_2025.geojson,"Louisiana: State senate districts, TIGER SLDU (upper chamber). 40 districts.",U.S. Census Bureau TIGER/Line,https://www2.census.gov/geo/tiger/TIGER2025/SLDU/tl_2025_22_sldu.zip,2025 (TIGER 2025 release),2022 cycle (effective 2024); verify per-state vintage,40,
states/ma/county_subdivisions,county_subdivisions_2025.geojson,"Massachusetts: county subdivisions (civil townships, towns, municipalities) boundaries (TIGER COUSUB). Context layer — does NOT include council or commission district lines. 357 features.",U.S. Census Bureau TIGER/Line,https://www2.census.gov/geo/tiger/TIGER2025/COUSUB/tl_2025_25_cousub.zip,2025 (TIGER 2025 release),n/a (administrative boundaries),357,
states/ma/municipalities,municipal_boundaries_2025.geojson,Massachusetts: incorporated places (cities/towns) boundaries (TIGER PLACE). Context layer — does NOT include council or commission district lines. 248 features.,U.S. Census Bureau TIGER/Line,https://www2.census.gov/geo/tiger/TIGER2025/PLACE/tl_2025_25_place.zip,2025 (TIGER 2025 release),n/a (administrative boundaries),248,
states/ma/school_districts,community_school_districts_2025.geojson,Massachusetts: community school district boundaries (TIGER SCSD). 30 districts.,U.S. Census Bureau TIGER/Line,https://www2.census.gov/geo/tiger/TIGER2025/SCSD/tl_2025_25_scsd.zip,2025 (TIGER 2025 release),unknown (school district boundaries; Census vintage 2025),30,
states/ma/school_districts,elementary_school_districts_2025.geojson,Massachusetts: elementary school district boundaries (TIGER ELSD). 64 districts.,U.S. Census Bureau TIGER/Line,https://www2.census.gov/geo/tiger/TIGER2025/ELSD/tl_2025_25_elsd.zip,2025 (TIGER 2025 release),unknown (school district boundaries; Census vintage 2025),64,
states/ma/school_districts,unified_school_districts_2025.geojson,Massachusetts: unified (K-12) school district boundaries (TIGER UNSD). 212 districts.,U.S. Census Bureau TIGER/Line,https://www2.census.gov/geo/tiger/TIGER2025/UNSD/tl_2025_25_unsd.zip,2025 (TIGER 2025 release),unknown (school district boundaries; Census vintage 2025),212,
states/ma/state_house_districts,state_house_districts_2025.geojson,"Massachusetts: State house of representatives districts, TIGER SLDL (lower chamber). 161 districts.",U.S. Census Bureau TIGER/Line,https://www2.census.gov/geo/tiger/TIGER2025/SLDL/tl_2025_25_sldl.zip,2025 (TIGER 2025 release),2022 cycle (effective 2024); verify per-state vintage,161,
states/ma/state_senate_districts,state_senate_districts_2025.geojson,"Massachusetts: State senate districts, TIGER SLDU (upper chamber). 40 districts.",U.S. Census Bureau TIGER/Line,https://www2.census.gov/geo/tiger/TIGER2025/SLDU/tl_2025_25_sldu.zip,2025 (TIGER 2025 release),2022 cycle (effective 2024); verify per-state vintage,40,
states/md/county_subdivisions,county_subdivisions_2025.geojson,"Maryland: county subdivisions (civil townships, towns, municipalities) boundaries (TIGER COUSUB). Context layer — does NOT include council or commission district lines. 290 features.",U.S. Census Bureau TIGER/Line,https://www2.census.gov/geo/tiger/TIGER2025/COUSUB/tl_2025_24_cousub.zip,2025 (TIGER 2025 release),n/a (administrative boundaries),290,
states/md/municipalities,municipal_boundaries_2025.geojson,Maryland: incorporated places (cities/towns) boundaries (TIGER PLACE). Context layer — does NOT include council or commission district lines. 536 features.,U.S. Census Bureau TIGER/Line,https://www2.census.gov/geo/tiger/TIGER2025/PLACE/tl_2025_24_place.zip,2025 (TIGER 2025 release),n/a (administrative boundaries),536,
states/md/school_districts,unified_school_districts_2025.geojson,Maryland: unified (K-12) school district boundaries (TIGER UNSD). 24 districts.,U.S. Census Bureau TIGER/Line,https://www2.census.gov/geo/tiger/TIGER2025/UNSD/tl_2025_24_unsd.zip,2025 (TIGER 2025 release),unknown (school district boundaries; Census vintage 2025),24,
states/md/state_house_districts,state_house_districts_2025.geojson,"Maryland state house districts (TIGER SLDL 2025). CAUTION: file contains only 71 of the 93 house districts in effect 2012-2026 (Census artifact) — do NOT use as complete coverage. 2022 redistricting plan (105 house / 51 senate, effective 2026) not yet sourced (mdplanning AGL WAF-blocked).",U.S. Census Bureau TIGER/Line,https://www2.census.gov/geo/tiger/TIGER2025/SLDL/tl_2025_24_sldl.zip,2025 (TIGER 2025 release),2022 cycle (effective 2024); verify per-state vintage,71,
states/md/state_senate_districts,state_senate_districts_2025.geojson,"Maryland: State senate districts, TIGER SLDU (upper chamber). 47 districts.",U.S. Census Bureau TIGER/Line,https://www2.census.gov/geo/tiger/TIGER2025/SLDU/tl_2025_24_sldu.zip,2025 (TIGER 2025 release),2022 cycle (effective 2024); verify per-state vintage,47,
states/me/county_subdivisions,county_subdivisions_2025.geojson,"Maine: county subdivisions (civil townships, towns, municipalities) boundaries (TIGER COUSUB). Context layer — does NOT include council or commission district lines. 529 features.",U.S. Census Bureau TIGER/Line,https://www2.census.gov/geo/tiger/TIGER2025/COUSUB/tl_2025_23_cousub.zip,2025 (TIGER 2025 release),n/a (administrative boundaries),529,
states/me/municipalities,municipal_boundaries_2025.geojson,Maine: incorporated places (cities/towns) boundaries (TIGER PLACE). Context layer — does NOT include council or commission district lines. 155 features.,U.S. Census Bureau TIGER/Line,https://www2.census.gov/geo/tiger/TIGER2025/PLACE/tl_2025_23_place.zip,2025 (TIGER 2025 release),n/a (administrative boundaries),155,
states/me/school_districts,community_school_districts_2025.geojson,Maine: community school district boundaries (TIGER SCSD). 6 districts.,U.S. Census Bureau TIGER/Line,https://www2.census.gov/geo/tiger/TIGER2025/SCSD/tl_2025_23_scsd.zip,2025 (TIGER 2025 release),unknown (school district boundaries; Census vintage 2025),6,
states/me/school_districts,elementary_school_districts_2025.geojson,Maine: elementary school district boundaries (TIGER ELSD). 13 districts.,U.S. Census Bureau TIGER/Line,https://www2.census.gov/geo/tiger/TIGER2025/ELSD/tl_2025_23_elsd.zip,2025 (TIGER 2025 release),unknown (school district boundaries; Census vintage 2025),13,
states/me/school_districts,unified_school_districts_2025.geojson,Maine: unified (K-12) school district boundaries (TIGER UNSD). 248 districts.,U.S. Census Bureau TIGER/Line,https://www2.census.gov/geo/tiger/TIGER2025/UNSD/tl_2025_23_unsd.zip,2025 (TIGER 2025 release),unknown (school district boundaries; Census vintage 2025),248,
states/me/state_house_districts,state_house_districts_2025.geojson,"Maine: State house of representatives districts, TIGER SLDL (lower chamber). 151 districts.",U.S. Census Bureau TIGER/Line,https://www2.census.gov/geo/tiger/TIGER2025/SLDL/tl_2025_23_sldl.zip,2025 (TIGER 2025 release),2022 cycle (effective 2024); verify per-state vintage,151,
states/me/state_senate_districts,state_senate_districts_2025.geojson,"Maine: State senate districts, TIGER SLDU (upper chamber). 35 districts.",U.S. Census Bureau TIGER/Line,https://www2.census.gov/geo/tiger/TIGER2025/SLDU/tl_2025_23_sldu.zip,2025 (TIGER 2025 release),2022 cycle (effective 2024); verify per-state vintage,35,
states/mi/county_subdivisions,county_subdivisions_2025.geojson,"Michigan: county subdivisions (civil townships, towns, municipalities) boundaries (TIGER COUSUB). Context layer — does NOT include council or commission district lines. 1580 features.",U.S. Census Bureau TIGER/Line,https://www2.census.gov/geo/tiger/TIGER2025/COUSUB/tl_2025_26_cousub.zip,2025 (TIGER 2025 release),n/a (administrative boundaries),1580,
states/mi/municipalities,municipal_boundaries_2025.geojson,Michigan: incorporated places (cities/towns) boundaries (TIGER PLACE). Context layer — does NOT include council or commission district lines. 745 features.,U.S. Census Bureau TIGER/Line,https://www2.census.gov/geo/tiger/TIGER2025/PLACE/tl_2025_26_place.zip,2025 (TIGER 2025 release),n/a (administrative boundaries),745,
states/mi/school_districts,elementary_school_districts_2025.geojson,Michigan: elementary school district boundaries (TIGER ELSD). 27 districts.,U.S. Census Bureau TIGER/Line,https://www2.census.gov/geo/tiger/TIGER2025/ELSD/tl_2025_26_elsd.zip,2025 (TIGER 2025 release),unknown (school district boundaries; Census vintage 2025),27,
states/mi/school_districts,unified_school_districts_2025.geojson,Michigan: unified (K-12) school district boundaries (TIGER UNSD). 514 districts.,U.S. Census Bureau TIGER/Line,https://www2.census.gov/geo/tiger/TIGER2025/UNSD/tl_2025_26_unsd.zip,2025 (TIGER 2025 release),unknown (school district boundaries; Census vintage 2025),514,
states/mi/state_house_districts,state_house_districts_2025.geojson,"Michigan: State house of representatives districts, TIGER SLDL (lower chamber). 110 districts.",U.S. Census Bureau TIGER/Line,https://www2.census.gov/geo/tiger/TIGER2025/SLDL/tl_2025_26_sldl.zip,2025 (TIGER 2025 release),2022 cycle (effective 2024); verify per-state vintage,110,
states/mi/state_senate_districts,state_senate_districts_2025.geojson,"Michigan: State senate districts, TIGER SLDU (upper chamber). 38 districts.",U.S. Census Bureau TIGER/Line,https://www2.census.gov/geo/tiger/TIGER2025/SLDU/tl_2025_26_sldu.zip,2025 (TIGER 2025 release),2022 cycle (effective 2024); verify per-state vintage,38,
states/mn/county_subdivisions,county_subdivisions_2025.geojson,"Minnesota: county subdivisions (civil townships, towns, municipalities) boundaries (TIGER COUSUB). Context layer — does NOT include council or commission district lines. 2760 features.",U.S. Census Bureau TIGER/Line,https://www2.census.gov/geo/tiger/TIGER2025/COUSUB/tl_2025_27_cousub.zip,2025 (TIGER 2025 release),n/a (administrative boundaries),2760,
states/mn/municipalities,municipal_boundaries_2025.geojson,Minnesota: incorporated places (cities/towns) boundaries (TIGER PLACE). Context layer — does NOT include council or commission district lines. 916 features.,U.S. Census Bureau TIGER/Line,https://www2.census.gov/geo/tiger/TIGER2025/PLACE/tl_2025_27_place.zip,2025 (TIGER 2025 release),n/a (administrative boundaries),916,
states/mn/school_districts,community_school_districts_2025.geojson,Minnesota: community school district boundaries (TIGER SCSD). 1 districts.,U.S. Census Bureau TIGER/Line,https://www2.census.gov/geo/tiger/TIGER2025/SCSD/tl_2025_27_scsd.zip,2025 (TIGER 2025 release),unknown (school district boundaries; Census vintage 2025),1,
states/mn/school_districts,elementary_school_districts_2025.geojson,Minnesota: elementary school district boundaries (TIGER ELSD). 7 districts.,U.S. Census Bureau TIGER/Line,https://www2.census.gov/geo/tiger/TIGER2025/ELSD/tl_2025_27_elsd.zip,2025 (TIGER 2025 release),unknown (school district boundaries; Census vintage 2025),7,
states/mn/school_districts,unified_school_districts_2025.geojson,Minnesota: unified (K-12) school district boundaries (TIGER UNSD). 323 districts.,U.S. Census Bureau TIGER/Line,https://www2.census.gov/geo/tiger/TIGER2025/UNSD/tl_2025_27_unsd.zip,2025 (TIGER 2025 release),unknown (school district boundaries; Census vintage 2025),323,
states/mn/state_house_districts,state_house_districts_2025.geojson,"Minnesota: State house of representatives districts, TIGER SLDL (lower chamber). 134 districts.",U.S. Census Bureau TIGER/Line,https://www2.census.gov/geo/tiger/TIGER2025/SLDL/tl_2025_27_sldl.zip,2025 (TIGER 2025 release),2022 cycle (effective 2024); verify per-state vintage,134,
states/mn/state_senate_districts,state_senate_districts_2025.geojson,"Minnesota: State senate districts, TIGER SLDU (upper chamber). 67 districts.",U.S. Census Bureau TIGER/Line,https://www2.census.gov/geo/tiger/TIGER2025/SLDU/tl_2025_27_sldu.zip,2025 (TIGER 2025 release),2022 cycle (effective 2024); verify per-state vintage,67,
states/mo/county_subdivisions,county_subdivisions_2025.geojson,"Missouri: county subdivisions (civil townships, towns, municipalities) boundaries (TIGER COUSUB). Context layer — does NOT include council or commission district lines. 1394 features.",U.S. Census Bureau TIGER/Line,https://www2.census.gov/geo/tiger/TIGER2025/COUSUB/tl_2025_29_cousub.zip,2025 (TIGER 2025 release),n/a (administrative boundaries),1394,
states/mo/municipalities,municipal_boundaries_2025.geojson,Missouri: incorporated places (cities/towns) boundaries (TIGER PLACE). Context layer — does NOT include council or commission district lines. 1081 features.,U.S. Census Bureau TIGER/Line,https://www2.census.gov/geo/tiger/TIGER2025/PLACE/tl_2025_29_place.zip,2025 (TIGER 2025 release),n/a (administrative boundaries),1081,
states/mo/school_districts,elementary_school_districts_2025.geojson,Missouri: elementary school district boundaries (TIGER ELSD). 71 districts.,U.S. Census Bureau TIGER/Line,https://www2.census.gov/geo/tiger/TIGER2025/ELSD/tl_2025_29_elsd.zip,2025 (TIGER 2025 release),unknown (school district boundaries; Census vintage 2025),71,
states/mo/school_districts,unified_school_districts_2025.geojson,Missouri: unified (K-12) school district boundaries (TIGER UNSD). 445 districts.,U.S. Census Bureau TIGER/Line,https://www2.census.gov/geo/tiger/TIGER2025/UNSD/tl_2025_29_unsd.zip,2025 (TIGER 2025 release),unknown (school district boundaries; Census vintage 2025),445,
states/mo/state_house_districts,state_house_districts_2025.geojson,"Missouri: State house of representatives districts, TIGER SLDL (lower chamber). 163 districts.",U.S. Census Bureau TIGER/Line,https://www2.census.gov/geo/tiger/TIGER2025/SLDL/tl_2025_29_sldl.zip,2025 (TIGER 2025 release),2022 cycle (effective 2024); verify per-state vintage,163,
states/mo/state_senate_districts,state_senate_districts_2025.geojson,"Missouri: State senate districts, TIGER SLDU (upper chamber). 34 districts.",U.S. Census Bureau TIGER/Line,https://www2.census.gov/geo/tiger/TIGER2025/SLDU/tl_2025_29_sldu.zip,2025 (TIGER 2025 release),2022 cycle (effective 2024); verify per-state vintage,34,
states/mp/county_subdivisions,county_subdivisions_2025.geojson,"Northern Mariana Islands: county subdivisions (civil townships, towns, municipalities) boundaries (TIGER COUSUB). Context layer — does NOT include council or commission district lines. 12 features.",U.S. Census Bureau TIGER/Line,https://www2.census.gov/geo/tiger/TIGER2025/COUSUB/tl_2025_69_cousub.zip,2025 (TIGER 2025 release),n/a (administrative boundaries),12,
states/mp/municipalities,municipal_boundaries_2025.geojson,Northern Mariana Islands: incorporated places (cities/towns) boundaries (TIGER PLACE). Context layer — does NOT include council or commission district lines. 135 features.,U.S. Census Bureau TIGER/Line,https://www2.census.gov/geo/tiger/TIGER2025/PLACE/tl_2025_69_place.zip,2025 (TIGER 2025 release),n/a (administrative boundaries),135,
states/mp/school_districts,unified_school_districts_2025.geojson,Northern Mariana Islands: unified (K-12) school district boundaries (TIGER UNSD). 1 districts.,U.S. Census Bureau TIGER/Line,https://www2.census.gov/geo/tiger/TIGER2025/UNSD/tl_2025_69_unsd.zip,2025 (TIGER 2025 release),unknown (school district boundaries; Census vintage 2025),1,
states/ms/county_subdivisions,county_subdivisions_2025.geojson,"Mississippi: county subdivisions (civil townships, towns, municipalities) boundaries (TIGER COUSUB). Context layer — does NOT include council or commission district lines. 410 features.",U.S. Census Bureau TIGER/Line,https://www2.census.gov/geo/tiger/TIGER2025/COUSUB/tl_2025_28_cousub.zip,2025 (TIGER 2025 release),n/a (administrative boundaries),410,
states/ms/municipalities,municipal_boundaries_2025.geojson,Mississippi: incorporated places (cities/towns) boundaries (TIGER PLACE). Context layer — does NOT include council or commission district lines. 427 features.,U.S. Census Bureau TIGER/Line,https://www2.census.gov/geo/tiger/TIGER2025/PLACE/tl_2025_28_place.zip,2025 (TIGER 2025 release),n/a (administrative boundaries),427,
states/ms/school_districts,unified_school_districts_2025.geojson,Mississippi: unified (K-12) school district boundaries (TIGER UNSD). 137 districts.,U.S. Census Bureau TIGER/Line,https://www2.census.gov/geo/tiger/TIGER2025/UNSD/tl_2025_28_unsd.zip,2025 (TIGER 2025 release),unknown (school district boundaries; Census vintage 2025),137,
states/ms/state_house_districts,state_house_districts_2025.geojson,"Mississippi: State house of representatives districts, TIGER SLDL (lower chamber). 122 districts.",U.S. Census Bureau TIGER/Line,https://www2.census.gov/geo/tiger/TIGER2025/SLDL/tl_2025_28_sldl.zip,2025 (TIGER 2025 release),2022 cycle (effective 2024); verify per-state vintage,122,
states/ms/state_senate_districts,state_senate_districts_2025.geojson,"Mississippi: State senate districts, TIGER SLDU (upper chamber). 52 districts.",U.S. Census Bureau TIGER/Line,https://www2.census.gov/geo/tiger/TIGER2025/SLDU/tl_2025_28_sldu.zip,2025 (TIGER 2025 release),2022 cycle (effective 2024); verify per-state vintage,52,
states/mt/county_subdivisions,county_subdivisions_2025.geojson,"Montana: county subdivisions (civil townships, towns, municipalities) boundaries (TIGER COUSUB). Context layer — does NOT include council or commission district lines. 194 features.",U.S. Census Bureau TIGER/Line,https://www2.census.gov/geo/tiger/TIGER2025/COUSUB/tl_2025_30_cousub.zip,2025 (TIGER 2025 release),n/a (administrative boundaries),194,
states/mt/municipalities,municipal_boundaries_2025.geojson,Montana: incorporated places (cities/towns) boundaries (TIGER PLACE). Context layer — does NOT include council or commission district lines. 497 features.,U.S. Census Bureau TIGER/Line,https://www2.census.gov/geo/tiger/TIGER2025/PLACE/tl_2025_30_place.zip,2025 (TIGER 2025 release),n/a (administrative boundaries),497,
states/mt/school_districts,community_school_districts_2025.geojson,Montana: community school district boundaries (TIGER SCSD). 98 districts.,U.S. Census Bureau TIGER/Line,https://www2.census.gov/geo/tiger/TIGER2025/SCSD/tl_2025_30_scsd.zip,2025 (TIGER 2025 release),unknown (school district boundaries; Census vintage 2025),98,
states/mt/school_districts,elementary_school_districts_2025.geojson,Montana: elementary school district boundaries (TIGER ELSD). 235 districts.,U.S. Census Bureau TIGER/Line,https://www2.census.gov/geo/tiger/TIGER2025/ELSD/tl_2025_30_elsd.zip,2025 (TIGER 2025 release),unknown (school district boundaries; Census vintage 2025),235,
states/mt/school_districts,unified_school_districts_2025.geojson,Montana: unified (K-12) school district boundaries (TIGER UNSD). 64 districts.,U.S. Census Bureau TIGER/Line,https://www2.census.gov/geo/tiger/TIGER2025/UNSD/tl_2025_30_unsd.zip,2025 (TIGER 2025 release),unknown (school district boundaries; Census vintage 2025),64,
states/mt/state_house_districts,state_house_districts_2025.geojson,"Montana: State house of representatives districts, TIGER SLDL (lower chamber). 100 districts.",U.S. Census Bureau TIGER/Line,https://www2.census.gov/geo/tiger/TIGER2025/SLDL/tl_2025_30_sldl.zip,2025 (TIGER 2025 release),2022 cycle (effective 2024); verify per-state vintage,100,
states/mt/state_senate_districts,state_senate_districts_2025.geojson,"Montana: State senate districts, TIGER SLDU (upper chamber). 50 districts.",U.S. Census Bureau TIGER/Line,https://www2.census.gov/geo/tiger/TIGER2025/SLDU/tl_2025_30_sldu.zip,2025 (TIGER 2025 release),2022 cycle (effective 2024); verify per-state vintage,50,
states/nc/county_subdivisions,county_subdivisions_2025.geojson,"North Carolina: county subdivisions (civil townships, towns, municipalities) boundaries (TIGER COUSUB). Context layer — does NOT include council or commission district lines. 1041 features.",U.S. Census Bureau TIGER/Line,https://www2.census.gov/geo/tiger/TIGER2025/COUSUB/tl_2025_37_cousub.zip,2025 (TIGER 2025 release),n/a (administrative boundaries),1041,
states/nc/municipalities,municipal_boundaries_2025.geojson,North Carolina: incorporated places (cities/towns) boundaries (TIGER PLACE). Context layer — does NOT include council or commission district lines. 776 features.,U.S. Census Bureau TIGER/Line,https://www2.census.gov/geo/tiger/TIGER2025/PLACE/tl_2025_37_place.zip,2025 (TIGER 2025 release),n/a (administrative boundaries),776,
states/nc/school_districts,unified_school_districts_2025.geojson,North Carolina: unified (K-12) school district boundaries (TIGER UNSD). 118 districts.,U.S. Census Bureau TIGER/Line,https://www2.census.gov/geo/tiger/TIGER2025/UNSD/tl_2025_37_unsd.zip,2025 (TIGER 2025 release),unknown (school district boundaries; Census vintage 2025),118,
states/nc/state_house_districts,state_house_districts_2025.geojson,"North Carolina: State house of representatives districts, TIGER SLDL (lower chamber). 120 districts.",U.S. Census Bureau TIGER/Line,https://www2.census.gov/geo/tiger/TIGER2025/SLDL/tl_2025_37_sldl.zip,2025 (TIGER 2025 release),2022 cycle (effective 2024); verify per-state vintage,120,
states/nc/state_senate_districts,state_senate_districts_2025.geojson,"North Carolina: State senate districts, TIGER SLDU (upper chamber). 50 districts.",U.S. Census Bureau TIGER/Line,https://www2.census.gov/geo/tiger/TIGER2025/SLDU/tl_2025_37_sldu.zip,2025 (TIGER 2025 release),2022 cycle (effective 2024); verify per-state vintage,50,
states/nd/county_subdivisions,county_subdivisions_2025.geojson,"North Dakota: county subdivisions (civil townships, towns, municipalities) boundaries (TIGER COUSUB). Context layer — does NOT include council or commission district lines. 1761 features.",U.S. Census Bureau TIGER/Line,https://www2.census.gov/geo/tiger/TIGER2025/COUSUB/tl_2025_38_cousub.zip,2025 (TIGER 2025 release),n/a (administrative boundaries),1761,
states/nd/municipalities,municipal_boundaries_2025.geojson,North Dakota: incorporated places (cities/towns) boundaries (TIGER PLACE). Context layer — does NOT include council or commission district lines. 406 features.,U.S. Census Bureau TIGER/Line,https://www2.census.gov/geo/tiger/TIGER2025/PLACE/tl_2025_38_place.zip,2025 (TIGER 2025 release),n/a (administrative boundaries),406,
states/nd/school_districts,elementary_school_districts_2025.geojson,North Dakota: elementary school district boundaries (TIGER ELSD). 20 districts.,U.S. Census Bureau TIGER/Line,https://www2.census.gov/geo/tiger/TIGER2025/ELSD/tl_2025_38_elsd.zip,2025 (TIGER 2025 release),unknown (school district boundaries; Census vintage 2025),20,
states/nd/school_districts,unified_school_districts_2025.geojson,North Dakota: unified (K-12) school district boundaries (TIGER UNSD). 148 districts.,U.S. Census Bureau TIGER/Line,https://www2.census.gov/geo/tiger/TIGER2025/UNSD/tl_2025_38_unsd.zip,2025 (TIGER 2025 release),unknown (school district boundaries; Census vintage 2025),148,
states/nd/state_house_districts,state_house_districts_2025.geojson,"North Dakota: State house of representatives districts, TIGER SLDL (lower chamber). 48 districts.",U.S. Census Bureau TIGER/Line,https://www2.census.gov/geo/tiger/TIGER2025/SLDL/tl_2025_38_sldl.zip,2025 (TIGER 2025 release),2022 cycle (effective 2024); verify per-state vintage,48,
states/nd/state_senate_districts,state_senate_districts_2025.geojson,"North Dakota: State senate districts, TIGER SLDU (upper chamber). 47 districts.",U.S. Census Bureau TIGER/Line,https://www2.census.gov/geo/tiger/TIGER2025/SLDU/tl_2025_38_sldu.zip,2025 (TIGER 2025 release),2022 cycle (effective 2024); verify per-state vintage,47,
states/ne/county_subdivisions,county_subdivisions_2025.geojson,"Nebraska: county subdivisions (civil townships, towns, municipalities) boundaries (TIGER COUSUB). Context layer — does NOT include council or commission district lines. 1182 features.",U.S. Census Bureau TIGER/Line,https://www2.census.gov/geo/tiger/TIGER2025/COUSUB/tl_2025_31_cousub.zip,2025 (TIGER 2025 release),n/a (administrative boundaries),1182,
states/ne/municipalities,municipal_boundaries_2025.geojson,Nebraska: incorporated places (cities/towns) boundaries (TIGER PLACE). Context layer — does NOT include council or commission district lines. 593 features.,U.S. Census Bureau TIGER/Line,https://www2.census.gov/geo/tiger/TIGER2025/PLACE/tl_2025_31_place.zip,2025 (TIGER 2025 release),n/a (administrative boundaries),593,
states/ne/school_districts,unified_school_districts_2025.geojson,Nebraska: unified (K-12) school district boundaries (TIGER UNSD). 245 districts.,U.S. Census Bureau TIGER/Line,https://www2.census.gov/geo/tiger/TIGER2025/UNSD/tl_2025_31_unsd.zip,2025 (TIGER 2025 release),unknown (school district boundaries; Census vintage 2025),245,
states/ne/state_legislature_districts,state_legislature_districts_2025.geojson,"Nebraska: Nebraska unicameral legislature districts, TIGER SLDU (upper chamber). 49 districts.",U.S. Census Bureau TIGER/Line,https://www2.census.gov/geo/tiger/TIGER2025/SLDU/tl_2025_31_sldu.zip,2025 (TIGER 2025 release),2022 cycle (effective 2024); verify per-state vintage,49,
states/nh/county_subdivisions,county_subdivisions_2025.geojson,"New Hampshire: county subdivisions (civil townships, towns, municipalities) boundaries (TIGER COUSUB). Context layer — does NOT include council or commission district lines. 260 features.",U.S. Census Bureau TIGER/Line,https://www2.census.gov/geo/tiger/TIGER2025/COUSUB/tl_2025_33_cousub.zip,2025 (TIGER 2025 release),n/a (administrative boundaries),260,
states/nh/municipalities,municipal_boundaries_2025.geojson,New Hampshire: incorporated places (cities/towns) boundaries (TIGER PLACE). Context layer — does NOT include council or commission district lines. 100 features.,U.S. Census Bureau TIGER/Line,https://www2.census.gov/geo/tiger/TIGER2025/PLACE/tl_2025_33_place.zip,2025 (TIGER 2025 release),n/a (administrative boundaries),100,
states/nh/school_districts,community_school_districts_2025.geojson,New Hampshire: community school district boundaries (TIGER SCSD). 9 districts.,U.S. Census Bureau TIGER/Line,https://www2.census.gov/geo/tiger/TIGER2025/SCSD/tl_2025_33_scsd.zip,2025 (TIGER 2025 release),unknown (school district boundaries; Census vintage 2025),9,
states/nh/school_districts,elementary_school_districts_2025.geojson,New Hampshire: elementary school district boundaries (TIGER ELSD). 88 districts.,U.S. Census Bureau TIGER/Line,https://www2.census.gov/geo/tiger/TIGER2025/ELSD/tl_2025_33_elsd.zip,2025 (TIGER 2025 release),unknown (school district boundaries; Census vintage 2025),88,
states/nh/school_districts,unified_school_districts_2025.geojson,New Hampshire: unified (K-12) school district boundaries (TIGER UNSD). 83 districts.,U.S. Census Bureau TIGER/Line,https://www2.census.gov/geo/tiger/TIGER2025/UNSD/tl_2025_33_unsd.zip,2025 (TIGER 2025 release),unknown (school district boundaries; Census vintage 2025),83,
states/nh/state_house_districts,state_house_districts_2025.geojson,"New Hampshire: State house of representatives districts, TIGER SLDL (lower chamber). 165 districts.",U.S. Census Bureau TIGER/Line,https://www2.census.gov/geo/tiger/TIGER2025/SLDL/tl_2025_33_sldl.zip,2025 (TIGER 2025 release),2022 cycle (effective 2024); verify per-state vintage,165,
states/nh/state_senate_districts,state_senate_districts_2025.geojson,"New Hampshire: State senate districts, TIGER SLDU (upper chamber). 25 districts.",U.S. Census Bureau TIGER/Line,https://www2.census.gov/geo/tiger/TIGER2025/SLDU/tl_2025_33_sldu.zip,2025 (TIGER 2025 release),2022 cycle (effective 2024); verify per-state vintage,25,
states/nj/county_subdivisions,county_subdivisions_2025.geojson,"New Jersey: county subdivisions (civil townships, towns, municipalities) boundaries (TIGER COUSUB). Context layer — does NOT include council or commission district lines. 569 features.",U.S. Census Bureau TIGER/Line,https://www2.census.gov/geo/tiger/TIGER2025/COUSUB/tl_2025_34_cousub.zip,2025 (TIGER 2025 release),n/a (administrative boundaries),569,
states/nj/municipalities,municipal_boundaries_2025.geojson,New Jersey: incorporated places (cities/towns) boundaries (TIGER PLACE). Context layer — does NOT include council or commission district lines. 700 features.,U.S. Census Bureau TIGER/Line,https://www2.census.gov/geo/tiger/TIGER2025/PLACE/tl_2025_34_place.zip,2025 (TIGER 2025 release),n/a (administrative boundaries),700,
states/nj/school_districts,community_school_districts_2025.geojson,New Jersey: community school district boundaries (TIGER SCSD). 45 districts.,U.S. Census Bureau TIGER/Line,https://www2.census.gov/geo/tiger/TIGER2025/SCSD/tl_2025_34_scsd.zip,2025 (TIGER 2025 release),unknown (school district boundaries; Census vintage 2025),45,
states/nj/school_districts,elementary_school_districts_2025.geojson,New Jersey: elementary school district boundaries (TIGER ELSD). 169 districts.,U.S. Census Bureau TIGER/Line,https://www2.census.gov/geo/tiger/TIGER2025/ELSD/tl_2025_34_elsd.zip,2025 (TIGER 2025 release),unknown (school district boundaries; Census vintage 2025),169,
states/nj/school_districts,unified_school_districts_2025.geojson,New Jersey: unified (K-12) school district boundaries (TIGER UNSD). 342 districts.,U.S. Census Bureau TIGER/Line,https://www2.census.gov/geo/tiger/TIGER2025/UNSD/tl_2025_34_unsd.zip,2025 (TIGER 2025 release),unknown (school district boundaries; Census vintage 2025),342,
states/nj/state_house_districts,state_house_districts_2025.geojson,"New Jersey: State house of representatives districts, TIGER SLDL (lower chamber). 40 districts.",U.S. Census Bureau TIGER/Line,https://www2.census.gov/geo/tiger/TIGER2025/SLDL/tl_2025_34_sldl.zip,2025 (TIGER 2025 release),2022 cycle (effective 2024); verify per-state vintage,40,
states/nj/state_senate_districts,state_senate_districts_2025.geojson,"New Jersey: State senate districts, TIGER SLDU (upper chamber). 40 districts.",U.S. Census Bureau TIGER/Line,https://www2.census.gov/geo/tiger/TIGER2025/SLDU/tl_2025_34_sldu.zip,2025 (TIGER 2025 release),2022 cycle (effective 2024); verify per-state vintage,40,
states/nm/county_subdivisions,county_subdivisions_2025.geojson,"New Mexico: county subdivisions (civil townships, towns, municipalities) boundaries (TIGER COUSUB). Context layer — does NOT include council or commission district lines. 130 features.",U.S. Census Bureau TIGER/Line,https://www2.census.gov/geo/tiger/TIGER2025/COUSUB/tl_2025_35_cousub.zip,2025 (TIGER 2025 release),n/a (administrative boundaries),130,
states/nm/municipalities,municipal_boundaries_2025.geojson,New Mexico: incorporated places (cities/towns) boundaries (TIGER PLACE). Context layer — does NOT include council or commission district lines. 528 features.,U.S. Census Bureau TIGER/Line,https://www2.census.gov/geo/tiger/TIGER2025/PLACE/tl_2025_35_place.zip,2025 (TIGER 2025 release),n/a (administrative boundaries),528,
states/nm/school_districts,unified_school_districts_2025.geojson,New Mexico: unified (K-12) school district boundaries (TIGER UNSD). 89 districts.,U.S. Census Bureau TIGER/Line,https://www2.census.gov/geo/tiger/TIGER2025/UNSD/tl_2025_35_unsd.zip,2025 (TIGER 2025 release),unknown (school district boundaries; Census vintage 2025),89,
states/nm/state_house_districts,state_house_districts_2025.geojson,"New Mexico: State house of representatives districts, TIGER SLDL (lower chamber). 70 districts.",U.S. Census Bureau TIGER/Line,https://www2.census.gov/geo/tiger/TIGER2025/SLDL/tl_2025_35_sldl.zip,2025 (TIGER 2025 release),2022 cycle (effective 2024); verify per-state vintage,70,
states/nm/state_senate_districts,state_senate_districts_2025.geojson,"New Mexico: State senate districts, TIGER SLDU (upper chamber). 42 districts.",U.S. Census Bureau TIGER/Line,https://www2.census.gov/geo/tiger/TIGER2025/SLDU/tl_2025_35_sldu.zip,2025 (TIGER 2025 release),2022 cycle (effective 2024); verify per-state vintage,42,
states/nv/county_subdivisions,county_subdivisions_2025.geojson,"Nevada: county subdivisions (civil townships, towns, municipalities) boundaries (TIGER COUSUB). Context layer — does NOT include council or commission district lines. 71 features.",U.S. Census Bureau TIGER/Line,https://www2.census.gov/geo/tiger/TIGER2025/COUSUB/tl_2025_32_cousub.zip,2025 (TIGER 2025 release),n/a (administrative boundaries),71,
states/nv/municipalities,municipal_boundaries_2025.geojson,Nevada: incorporated places (cities/towns) boundaries (TIGER PLACE). Context layer — does NOT include council or commission district lines. 138 features.,U.S. Census Bureau TIGER/Line,https://www2.census.gov/geo/tiger/TIGER2025/PLACE/tl_2025_32_place.zip,2025 (TIGER 2025 release),n/a (administrative boundaries),138,
states/nv/school_districts,unified_school_districts_2025.geojson,Nevada: unified (K-12) school district boundaries (TIGER UNSD). 17 districts.,U.S. Census Bureau TIGER/Line,https://www2.census.gov/geo/tiger/TIGER2025/UNSD/tl_2025_32_unsd.zip,2025 (TIGER 2025 release),unknown (school district boundaries; Census vintage 2025),17,
states/nv/state_house_districts,state_house_districts_2025.geojson,"Nevada: State house of representatives districts, TIGER SLDL (lower chamber). 42 districts.",U.S. Census Bureau TIGER/Line,https://www2.census.gov/geo/tiger/TIGER2025/SLDL/tl_2025_32_sldl.zip,2025 (TIGER 2025 release),2022 cycle (effective 2024); verify per-state vintage,42,
states/nv/state_senate_districts,state_senate_districts_2025.geojson,"Nevada: State senate districts, TIGER SLDU (upper chamber). 21 districts.",U.S. Census Bureau TIGER/Line,https://www2.census.gov/geo/tiger/TIGER2025/SLDU/tl_2025_32_sldu.zip,2025 (TIGER 2025 release),2022 cycle (effective 2024); verify per-state vintage,21,
states/ny/county_subdivisions,county_subdivisions_2025.geojson,"New York: county subdivisions (civil townships, towns, municipalities) boundaries (TIGER COUSUB). Context layer — does NOT include council or commission district lines. 1023 features.",U.S. Census Bureau TIGER/Line,https://www2.census.gov/geo/tiger/TIGER2025/COUSUB/tl_2025_36_cousub.zip,2025 (TIGER 2025 release),n/a (administrative boundaries),1023,
states/ny/municipalities,municipal_boundaries_2025.geojson,New York: incorporated places (cities/towns) boundaries (TIGER PLACE). Context layer — does NOT include council or commission district lines. 1293 features.,U.S. Census Bureau TIGER/Line,https://www2.census.gov/geo/tiger/TIGER2025/PLACE/tl_2025_36_place.zip,2025 (TIGER 2025 release),n/a (administrative boundaries),1293,
states/ny/school_districts,community_school_districts_2025.geojson,New York: community school district boundaries (TIGER SCSD). 3 districts.,U.S. Census Bureau TIGER/Line,https://www2.census.gov/geo/tiger/TIGER2025/SCSD/tl_2025_36_scsd.zip,2025 (TIGER 2025 release),unknown (school district boundaries; Census vintage 2025),3,
states/ny/school_districts,elementary_school_districts_2025.geojson,New York: elementary school district boundaries (TIGER ELSD). 13 districts.,U.S. Census Bureau TIGER/Line,https://www2.census.gov/geo/tiger/TIGER2025/ELSD/tl_2025_36_elsd.zip,2025 (TIGER 2025 release),unknown (school district boundaries; Census vintage 2025),13,
states/ny/school_districts,unified_school_districts_2025.geojson,New York: unified (K-12) school district boundaries (TIGER UNSD). 665 districts.,U.S. Census Bureau TIGER/Line,https://www2.census.gov/geo/tiger/TIGER2025/UNSD/tl_2025_36_unsd.zip,2025 (TIGER 2025 release),unknown (school district boundaries; Census vintage 2025),665,
states/ny/state_house_districts,state_house_districts_2025.geojson,"New York: State house of representatives districts, TIGER SLDL (lower chamber). 150 districts.",U.S. Census Bureau TIGER/Line,https://www2.census.gov/geo/tiger/TIGER2025/SLDL/tl_2025_36_sldl.zip,2025 (TIGER 2025 release),2022 cycle (effective 2024); verify per-state vintage,150,
states/ny/state_senate_districts,state_senate_districts_2025.geojson,"New York: State senate districts, TIGER SLDU (upper chamber). 63 districts.",U.S. Census Bureau TIGER/Line,https://www2.census.gov/geo/tiger/TIGER2025/SLDU/tl_2025_36_sldu.zip,2025 (TIGER 2025 release),2022 cycle (effective 2024); verify per-state vintage,63,
states/oh/county_subdivisions,county_subdivisions_2025.geojson,"Ohio: county subdivisions (civil townships, towns, municipalities) boundaries (TIGER COUSUB). Context layer — does NOT include council or commission district lines. 1607 features.",U.S. Census Bureau TIGER/Line,https://www2.census.gov/geo/tiger/TIGER2025/COUSUB/tl_2025_39_cousub.zip,2025 (TIGER 2025 release),n/a (administrative boundaries),1607,
states/oh/municipalities,municipal_boundaries_2025.geojson,Ohio: incorporated places (cities/towns) boundaries (TIGER PLACE). Context layer — does NOT include council or commission district lines. 1265 features.,U.S. Census Bureau TIGER/Line,https://www2.census.gov/geo/tiger/TIGER2025/PLACE/tl_2025_39_place.zip,2025 (TIGER 2025 release),n/a (administrative boundaries),1265,
states/oh/school_districts,unified_school_districts_2025.geojson,Ohio: unified (K-12) school district boundaries (TIGER UNSD). 612 districts.,U.S. Census Bureau TIGER/Line,https://www2.census.gov/geo/tiger/TIGER2025/UNSD/tl_2025_39_unsd.zip,2025 (TIGER 2025 release),unknown (school district boundaries; Census vintage 2025),612,
states/oh/state_house_districts,state_house_districts_2025.geojson,"Ohio: State house of representatives districts, TIGER SLDL (lower chamber). 99 districts.",U.S. Census Bureau TIGER/Line,https://www2.census.gov/geo/tiger/TIGER2025/SLDL/tl_2025_39_sldl.zip,2025 (TIGER 2025 release),2022 cycle (effective 2024); verify per-state vintage,99,
states/oh/state_senate_districts,state_senate_districts_2025.geojson,"Ohio: State senate districts, TIGER SLDU (upper chamber). 33 districts.",U.S. Census Bureau TIGER/Line,https://www2.census.gov/geo/tiger/TIGER2025/SLDU/tl_2025_39_sldu.zip,2025 (TIGER 2025 release),2022 cycle (effective 2024); verify per-state vintage,33,
states/ok/county_subdivisions,county_subdivisions_2025.geojson,"Oklahoma: county subdivisions (civil townships, towns, municipalities) boundaries (TIGER COUSUB). Context layer — does NOT include council or commission district lines. 305 features.",U.S. Census Bureau TIGER/Line,https://www2.census.gov/geo/tiger/TIGER2025/COUSUB/tl_2025_40_cousub.zip,2025 (TIGER 2025 release),n/a (administrative boundaries),305,
states/ok/municipalities,municipal_boundaries_2025.geojson,Oklahoma: incorporated places (cities/towns) boundaries (TIGER PLACE). Context layer — does NOT include council or commission district lines. 846 features.,U.S. Census Bureau TIGER/Line,https://www2.census.gov/geo/tiger/TIGER2025/PLACE/tl_2025_40_place.zip,2025 (TIGER 2025 release),n/a (administrative boundaries),846,
states/ok/school_districts,elementary_school_districts_2025.geojson,Oklahoma: elementary school district boundaries (TIGER ELSD). 92 districts.,U.S. Census Bureau TIGER/Line,https://www2.census.gov/geo/tiger/TIGER2025/ELSD/tl_2025_40_elsd.zip,2025 (TIGER 2025 release),unknown (school district boundaries; Census vintage 2025),92,
states/ok/school_districts,unified_school_districts_2025.geojson,Oklahoma: unified (K-12) school district boundaries (TIGER UNSD). 415 districts.,U.S. Census Bureau TIGER/Line,https://www2.census.gov/geo/tiger/TIGER2025/UNSD/tl_2025_40_unsd.zip,2025 (TIGER 2025 release),unknown (school district boundaries; Census vintage 2025),415,
states/ok/state_house_districts,state_house_districts_2025.geojson,"Oklahoma: State house of representatives districts, TIGER SLDL (lower chamber). 101 districts.",U.S. Census Bureau TIGER/Line,https://www2.census.gov/geo/tiger/TIGER2025/SLDL/tl_2025_40_sldl.zip,2025 (TIGER 2025 release),2022 cycle (effective 2024); verify per-state vintage,101,
states/ok/state_senate_districts,state_senate_districts_2025.geojson,"Oklahoma: State senate districts, TIGER SLDU (upper chamber). 48 districts.",U.S. Census Bureau TIGER/Line,https://www2.census.gov/geo/tiger/TIGER2025/SLDU/tl_2025_40_sldu.zip,2025 (TIGER 2025 release),2022 cycle (effective 2024); verify per-state vintage,48,
states/or/county_subdivisions,county_subdivisions_2025.geojson,"Oregon: county subdivisions (civil townships, towns, municipalities) boundaries (TIGER COUSUB). Context layer — does NOT include council or commission district lines. 212 features.",U.S. Census Bureau TIGER/Line,https://www2.census.gov/geo/tiger/TIGER2025/COUSUB/tl_2025_41_cousub.zip,2025 (TIGER 2025 release),n/a (administrative boundaries),212,
states/or/municipalities,municipal_boundaries_2025.geojson,Oregon: incorporated places (cities/towns) boundaries (TIGER PLACE). Context layer — does NOT include council or commission district lines. 426 features.,U.S. Census Bureau TIGER/Line,https://www2.census.gov/geo/tiger/TIGER2025/PLACE/tl_2025_41_place.zip,2025 (TIGER 2025 release),n/a (administrative boundaries),426,
states/or/school_districts,community_school_districts_2025.geojson,Oregon: community school district boundaries (TIGER SCSD). 1 districts.,U.S. Census Bureau TIGER/Line,https://www2.census.gov/geo/tiger/TIGER2025/SCSD/tl_2025_41_scsd.zip,2025 (TIGER 2025 release),unknown (school district boundaries; Census vintage 2025),1,
states/or/school_districts,elementary_school_districts_2025.geojson,Oregon: elementary school district boundaries (TIGER ELSD). 9 districts.,U.S. Census Bureau TIGER/Line,https://www2.census.gov/geo/tiger/TIGER2025/ELSD/tl_2025_41_elsd.zip,2025 (TIGER 2025 release),unknown (school district boundaries; Census vintage 2025),9,
states/or/school_districts,unified_school_districts_2025.geojson,Oregon: unified (K-12) school district boundaries (TIGER UNSD). 188 districts.,U.S. Census Bureau TIGER/Line,https://www2.census.gov/geo/tiger/TIGER2025/UNSD/tl_2025_41_unsd.zip,2025 (TIGER 2025 release),unknown (school district boundaries; Census vintage 2025),188,
states/or/state_house_districts,state_house_districts_2025.geojson,"Oregon: State house of representatives districts, TIGER SLDL (lower chamber). 60 districts.",U.S. Census Bureau TIGER/Line,https://www2.census.gov/geo/tiger/TIGER2025/SLDL/tl_2025_41_sldl.zip,2025 (TIGER 2025 release),2022 cycle (effective 2024); verify per-state vintage,60,
states/or/state_senate_districts,state_senate_districts_2025.geojson,"Oregon: State senate districts, TIGER SLDU (upper chamber). 30 districts.",U.S. Census Bureau TIGER/Line,https://www2.census.gov/geo/tiger/TIGER2025/SLDU/tl_2025_41_sldu.zip,2025 (TIGER 2025 release),2022 cycle (effective 2024); verify per-state vintage,30,
states/pa/county_subdivisions,county_subdivisions_2025.geojson,"Pennsylvania: county subdivisions (civil townships, towns, municipalities) boundaries (TIGER COUSUB). Context layer — does NOT include council or commission district lines. 2572 features.",U.S. Census Bureau TIGER/Line,https://www2.census.gov/geo/tiger/TIGER2025/COUSUB/tl_2025_42_cousub.zip,2025 (TIGER 2025 release),n/a (administrative boundaries),2572,
states/pa/municipalities,municipal_boundaries_2025.geojson,Pennsylvania: incorporated places (cities/towns) boundaries (TIGER PLACE). Context layer — does NOT include council or commission district lines. 2003 features.,U.S. Census Bureau TIGER/Line,https://www2.census.gov/geo/tiger/TIGER2025/PLACE/tl_2025_42_place.zip,2025 (TIGER 2025 release),n/a (administrative boundaries),2003,
states/pa/school_districts,unified_school_districts_2025.geojson,Pennsylvania: unified (K-12) school district boundaries (TIGER UNSD). 501 districts.,U.S. Census Bureau TIGER/Line,https://www2.census.gov/geo/tiger/TIGER2025/UNSD/tl_2025_42_unsd.zip,2025 (TIGER 2025 release),unknown (school district boundaries; Census vintage 2025),501,
states/pa/state_house_districts,state_house_districts_2025.geojson,"Pennsylvania: State house of representatives districts, TIGER SLDL (lower chamber). 203 districts.",U.S. Census Bureau TIGER/Line,https://www2.census.gov/geo/tiger/TIGER2025/SLDL/tl_2025_42_sldl.zip,2025 (TIGER 2025 release),2022 cycle (effective 2024); verify per-state vintage,203,
states/pa/state_senate_districts,state_senate_districts_2025.geojson,"Pennsylvania: State senate districts, TIGER SLDU (upper chamber). 50 districts.",U.S. Census Bureau TIGER/Line,https://www2.census.gov/geo/tiger/TIGER2025/SLDU/tl_2025_42_sldu.zip,2025 (TIGER 2025 release),2022 cycle (effective 2024); verify per-state vintage,50,
states/pr/county_subdivisions,county_subdivisions_2025.geojson,"Puerto Rico: county subdivisions (civil townships, towns, municipalities) boundaries (TIGER COUSUB). Context layer — does NOT include council or commission district lines. 939 features.",U.S. Census Bureau TIGER/Line,https://www2.census.gov/geo/tiger/TIGER2025/COUSUB/tl_2025_72_cousub.zip,2025 (TIGER 2025 release),n/a (administrative boundaries),939,
states/pr/municipalities,municipal_boundaries_2025.geojson,Puerto Rico: incorporated places (cities/towns) boundaries (TIGER PLACE). Context layer — does NOT include council or commission district lines. 292 features.,U.S. Census Bureau TIGER/Line,https://www2.census.gov/geo/tiger/TIGER2025/PLACE/tl_2025_72_place.zip,2025 (TIGER 2025 release),n/a (administrative boundaries),292,
states/pr/school_districts,unified_school_districts_2025.geojson,Puerto Rico: unified (K-12) school district boundaries (TIGER UNSD). 1 districts.,U.S. Census Bureau TIGER/Line,https://www2.census.gov/geo/tiger/TIGER2025/UNSD/tl_2025_72_unsd.zip,2025 (TIGER 2025 release),unknown (school district boundaries; Census vintage 2025),1,
states/pr/state_house_districts,state_house_districts_2025.geojson,"Puerto Rico: State house of representatives districts, TIGER SLDL (lower chamber). 41 districts.",U.S. Census Bureau TIGER/Line,https://www2.census.gov/geo/tiger/TIGER2025/SLDL/tl_2025_72_sldl.zip,2025 (TIGER 2025 release),2022 cycle (effective 2024); verify per-state vintage,41,
states/pr/state_senate_districts,state_senate_districts_2025.geojson,"Puerto Rico: State senate districts, TIGER SLDU (upper chamber). 9 districts.",U.S. Census Bureau TIGER/Line,https://www2.census.gov/geo/tiger/TIGER2025/SLDU/tl_2025_72_sldu.zip,2025 (TIGER 2025 release),2022 cycle (effective 2024); verify per-state vintage,9,
states/ri/county_subdivisions,county_subdivisions_2025.geojson,"Rhode Island: county subdivisions (civil townships, towns, municipalities) boundaries (TIGER COUSUB). Context layer — does NOT include council or commission district lines. 40 features.",U.S. Census Bureau TIGER/Line,https://www2.census.gov/geo/tiger/TIGER2025/COUSUB/tl_2025_44_cousub.zip,2025 (TIGER 2025 release),n/a (administrative boundaries),40,
states/ri/municipalities,municipal_boundaries_2025.geojson,Rhode Island: incorporated places (cities/towns) boundaries (TIGER PLACE). Context layer — does NOT include council or commission district lines. 36 features.,U.S. Census Bureau TIGER/Line,https://www2.census.gov/geo/tiger/TIGER2025/PLACE/tl_2025_44_place.zip,2025 (TIGER 2025 release),n/a (administrative boundaries),36,
states/ri/school_districts,community_school_districts_2025.geojson,Rhode Island: community school district boundaries (TIGER SCSD). 1 districts.,U.S. Census Bureau TIGER/Line,https://www2.census.gov/geo/tiger/TIGER2025/SCSD/tl_2025_44_scsd.zip,2025 (TIGER 2025 release),unknown (school district boundaries; Census vintage 2025),1,
states/ri/school_districts,elementary_school_districts_2025.geojson,Rhode Island: elementary school district boundaries (TIGER ELSD). 5 districts.,U.S. Census Bureau TIGER/Line,https://www2.census.gov/geo/tiger/TIGER2025/ELSD/tl_2025_44_elsd.zip,2025 (TIGER 2025 release),unknown (school district boundaries; Census vintage 2025),5,
states/ri/school_districts,unified_school_districts_2025.geojson,Rhode Island: unified (K-12) school district boundaries (TIGER UNSD). 31 districts.,U.S. Census Bureau TIGER/Line,https://www2.census.gov/geo/tiger/TIGER2025/UNSD/tl_2025_44_unsd.zip,2025 (TIGER 2025 release),unknown (school district boundaries; Census vintage 2025),31,
states/ri/state_house_districts,state_house_districts_2025.geojson,"Rhode Island: State house of representatives districts, TIGER SLDL (lower chamber). 75 districts.",U.S. Census Bureau TIGER/Line,https://www2.census.gov/geo/tiger/TIGER2025/SLDL/tl_2025_44_sldl.zip,2025 (TIGER 2025 release),2022 cycle (effective 2024); verify per-state vintage,75,
states/ri/state_senate_districts,state_senate_districts_2025.geojson,"Rhode Island: State senate districts, TIGER SLDU (upper chamber). 38 districts.",U.S. Census Bureau TIGER/Line,https://www2.census.gov/geo/tiger/TIGER2025/SLDU/tl_2025_44_sldu.zip,2025 (TIGER 2025 release),2022 cycle (effective 2024); verify per-state vintage,38,
states/sc/county_subdivisions,county_subdivisions_2025.geojson,"South Carolina: county subdivisions (civil townships, towns, municipalities) boundaries (TIGER COUSUB). Context layer — does NOT include council or commission district lines. 299 features.",U.S. Census Bureau TIGER/Line,https://www2.census.gov/geo/tiger/TIGER2025/COUSUB/tl_2025_45_cousub.zip,2025 (TIGER 2025 release),n/a (administrative boundaries),299,
states/sc/municipalities,municipal_boundaries_2025.geojson,South Carolina: incorporated places (cities/towns) boundaries (TIGER PLACE). Context layer — does NOT include council or commission district lines. 475 features.,U.S. Census Bureau TIGER/Line,https://www2.census.gov/geo/tiger/TIGER2025/PLACE/tl_2025_45_place.zip,2025 (TIGER 2025 release),n/a (administrative boundaries),475,
states/sc/school_districts,unified_school_districts_2025.geojson,South Carolina: unified (K-12) school district boundaries (TIGER UNSD). 72 districts.,U.S. Census Bureau TIGER/Line,https://www2.census.gov/geo/tiger/TIGER2025/UNSD/tl_2025_45_unsd.zip,2025 (TIGER 2025 release),unknown (school district boundaries; Census vintage 2025),72,
states/sc/state_house_districts,state_house_districts_2025.geojson,"South Carolina: State house of representatives districts, TIGER SLDL (lower chamber). 124 districts.",U.S. Census Bureau TIGER/Line,https://www2.census.gov/geo/tiger/TIGER2025/SLDL/tl_2025_45_sldl.zip,2025 (TIGER 2025 release),2022 cycle (effective 2024); verify per-state vintage,124,
states/sc/state_senate_districts,state_senate_districts_2025.geojson,"South Carolina: State senate districts, TIGER SLDU (upper chamber). 46 districts.",U.S. Census Bureau TIGER/Line,https://www2.census.gov/geo/tiger/TIGER2025/SLDU/tl_2025_45_sldu.zip,2025 (TIGER 2025 release),2022 cycle (effective 2024); verify per-state vintage,46,
states/sd/county_subdivisions,county_subdivisions_2025.geojson,"South Dakota: county subdivisions (civil townships, towns, municipalities) boundaries (TIGER COUSUB). Context layer — does NOT include council or commission district lines. 1328 features.",U.S. Census Bureau TIGER/Line,https://www2.census.gov/geo/tiger/TIGER2025/COUSUB/tl_2025_46_cousub.zip,2025 (TIGER 2025 release),n/a (administrative boundaries),1328,
states/sd/municipalities,municipal_boundaries_2025.geojson,South Dakota: incorporated places (cities/towns) boundaries (TIGER PLACE). Context layer — does NOT include council or commission district lines. 485 features.,U.S. Census Bureau TIGER/Line,https://www2.census.gov/geo/tiger/TIGER2025/PLACE/tl_2025_46_place.zip,2025 (TIGER 2025 release),n/a (administrative boundaries),485,
states/sd/school_districts,unified_school_districts_2025.geojson,South Dakota: unified (K-12) school district boundaries (TIGER UNSD). 148 districts.,U.S. Census Bureau TIGER/Line,https://www2.census.gov/geo/tiger/TIGER2025/UNSD/tl_2025_46_unsd.zip,2025 (TIGER 2025 release),unknown (school district boundaries; Census vintage 2025),148,
states/sd/state_house_districts,state_house_districts_2025.geojson,"South Dakota: State house of representatives districts, TIGER SLDL (lower chamber). 37 districts.",U.S. Census Bureau TIGER/Line,https://www2.census.gov/geo/tiger/TIGER2025/SLDL/tl_2025_46_sldl.zip,2025 (TIGER 2025 release),2022 cycle (effective 2024); verify per-state vintage,37,
states/sd/state_senate_districts,state_senate_districts_2025.geojson,"South Dakota: State senate districts, TIGER SLDU (upper chamber). 35 districts.",U.S. Census Bureau TIGER/Line,https://www2.census.gov/geo/tiger/TIGER2025/SLDU/tl_2025_46_sldu.zip,2025 (TIGER 2025 release),2022 cycle (effective 2024); verify per-state vintage,35,
states/tn/county_subdivisions,county_subdivisions_2025.geojson,"Tennessee: county subdivisions (civil townships, towns, municipalities) boundaries (TIGER COUSUB). Context layer — does NOT include council or commission district lines. 855 features.",U.S. Census Bureau TIGER/Line,https://www2.census.gov/geo/tiger/TIGER2025/COUSUB/tl_2025_47_cousub.zip,2025 (TIGER 2025 release),n/a (administrative boundaries),855,
states/tn/municipalities,municipal_boundaries_2025.geojson,Tennessee: incorporated places (cities/towns) boundaries (TIGER PLACE). Context layer — does NOT include council or commission district lines. 504 features.,U.S. Census Bureau TIGER/Line,https://www2.census.gov/geo/tiger/TIGER2025/PLACE/tl_2025_47_place.zip,2025 (TIGER 2025 release),n/a (administrative boundaries),504,
states/tn/school_districts,community_school_districts_2025.geojson,Tennessee: community school district boundaries (TIGER SCSD). 16 districts.,U.S. Census Bureau TIGER/Line,https://www2.census.gov/geo/tiger/TIGER2025/SCSD/tl_2025_47_scsd.zip,2025 (TIGER 2025 release),unknown (school district boundaries; Census vintage 2025),16,
states/tn/school_districts,elementary_school_districts_2025.geojson,Tennessee: elementary school district boundaries (TIGER ELSD). 16 districts.,U.S. Census Bureau TIGER/Line,https://www2.census.gov/geo/tiger/TIGER2025/ELSD/tl_2025_47_elsd.zip,2025 (TIGER 2025 release),unknown (school district boundaries; Census vintage 2025),16,
states/tn/school_districts,unified_school_districts_2025.geojson,Tennessee: unified (K-12) school district boundaries (TIGER UNSD). 126 districts.,U.S. Census Bureau TIGER/Line,https://www2.census.gov/geo/tiger/TIGER2025/UNSD/tl_2025_47_unsd.zip,2025 (TIGER 2025 release),unknown (school district boundaries; Census vintage 2025),126,
states/tn/state_house_districts,state_house_districts_2025.geojson,"Tennessee: State house of representatives districts, TIGER SLDL (lower chamber). 99 districts.",U.S. Census Bureau TIGER/Line,https://www2.census.gov/geo/tiger/TIGER2025/SLDL/tl_2025_47_sldl.zip,2025 (TIGER 2025 release),2022 cycle (effective 2024); verify per-state vintage,99,
states/tn/state_senate_districts,state_senate_districts_2025.geojson,"Tennessee: State senate districts, TIGER SLDU (upper chamber). 33 districts.",U.S. Census Bureau TIGER/Line,https://www2.census.gov/geo/tiger/TIGER2025/SLDU/tl_2025_47_sldu.zip,2025 (TIGER 2025 release),2022 cycle (effective 2024); verify per-state vintage,33,
states/tx/county_subdivisions,county_subdivisions_2025.geojson,"Texas: county subdivisions (civil townships, towns, municipalities) boundaries (TIGER COUSUB). Context layer — does NOT include council or commission district lines. 862 features.",U.S. Census Bureau TIGER/Line,https://www2.census.gov/geo/tiger/TIGER2025/COUSUB/tl_2025_48_cousub.zip,2025 (TIGER 2025 release),n/a (administrative boundaries),862,
states/tx/municipalities,municipal_boundaries_2025.geojson,Texas: incorporated places (cities/towns) boundaries (TIGER PLACE). Context layer — does NOT include council or commission district lines. 1863 features.,U.S. Census Bureau TIGER/Line,https://www2.census.gov/geo/tiger/TIGER2025/PLACE/tl_2025_48_place.zip,2025 (TIGER 2025 release),n/a (administrative boundaries),1863,
states/tx/school_districts,community_school_districts_2025.geojson,Texas: community school district boundaries (TIGER SCSD). 1 districts.,U.S. Census Bureau TIGER/Line,https://www2.census.gov/geo/tiger/TIGER2025/SCSD/tl_2025_48_scsd.zip,2025 (TIGER 2025 release),unknown (school district boundaries; Census vintage 2025),1,
states/tx/school_districts,elementary_school_districts_2025.geojson,Texas: elementary school district boundaries (TIGER ELSD). 1 districts.,U.S. Census Bureau TIGER/Line,https://www2.census.gov/geo/tiger/TIGER2025/ELSD/tl_2025_48_elsd.zip,2025 (TIGER 2025 release),unknown (school district boundaries; Census vintage 2025),1,
states/tx/school_districts,unified_school_districts_2025.geojson,Texas: unified (K-12) school district boundaries (TIGER UNSD). 1016 districts.,U.S. Census Bureau TIGER/Line,https://www2.census.gov/geo/tiger/TIGER2025/UNSD/tl_2025_48_unsd.zip,2025 (TIGER 2025 release),unknown (school district boundaries; Census vintage 2025),1016,
states/tx/state_board_of_education_districts,state_board_of_education_districts_2021.geojson,"Texas State Board of Education (SBOE) electoral districts (15, single-member); 2021 redistricting, per layer metadata (capitol.texas.gov redistricting report). Unlabeled polygons.","Texas Capitol Data Portal (Legislative Council), published by Bexar County GIS (official)",https://services1.arcgis.com/8onVmslF2KXErTHT/arcgis/rest/services/State_Board_of_Education_Redistricted/FeatureServer,2021,2021 (post-redistricting per layer metadata),15,
states/tx/state_house_districts,state_house_districts_2025.geojson,"Texas: State house of representatives districts, TIGER SLDL (lower chamber). 150 districts.",U.S. Census Bureau TIGER/Line,https://www2.census.gov/geo/tiger/TIGER2025/SLDL/tl_2025_48_sldl.zip,2025 (TIGER 2025 release),2022 cycle (effective 2024); verify per-state vintage,150,
states/tx/state_senate_districts,state_senate_districts_2025.geojson,"Texas: State senate districts, TIGER SLDU (upper chamber). 31 districts.",U.S. Census Bureau TIGER/Line,https://www2.census.gov/geo/tiger/TIGER2025/SLDU/tl_2025_48_sldu.zip,2025 (TIGER 2025 release),2022 cycle (effective 2024); verify per-state vintage,31,
states/ut/county_subdivisions,county_subdivisions_2025.geojson,"Utah: county subdivisions (civil townships, towns, municipalities) boundaries (TIGER COUSUB). Context layer — does NOT include council or commission district lines. 93 features.",U.S. Census Bureau TIGER/Line,https://www2.census.gov/geo/tiger/TIGER2025/COUSUB/tl_2025_49_cousub.zip,2025 (TIGER 2025 release),n/a (administrative boundaries),93,
states/ut/municipalities,municipal_boundaries_2025.geojson,Utah: incorporated places (cities/towns) boundaries (TIGER PLACE). Context layer — does NOT include council or commission district lines. 334 features.,U.S. Census Bureau TIGER/Line,https://www2.census.gov/geo/tiger/TIGER2025/PLACE/tl_2025_49_place.zip,2025 (TIGER 2025 release),n/a (administrative boundaries),334,
states/ut/school_districts,unified_school_districts_2025.geojson,Utah: unified (K-12) school district boundaries (TIGER UNSD). 41 districts.,U.S. Census Bureau TIGER/Line,https://www2.census.gov/geo/tiger/TIGER2025/UNSD/tl_2025_49_unsd.zip,2025 (TIGER 2025 release),unknown (school district boundaries; Census vintage 2025),41,
states/ut/state_house_districts,state_house_districts_2025.geojson,"Utah: State house of representatives districts, TIGER SLDL (lower chamber). 75 districts.",U.S. Census Bureau TIGER/Line,https://www2.census.gov/geo/tiger/TIGER2025/SLDL/tl_2025_49_sldl.zip,2025 (TIGER 2025 release),2022 cycle (effective 2024); verify per-state vintage,75,
states/ut/state_senate_districts,state_senate_districts_2025.geojson,"Utah: State senate districts, TIGER SLDU (upper chamber). 29 districts.",U.S. Census Bureau TIGER/Line,https://www2.census.gov/geo/tiger/TIGER2025/SLDU/tl_2025_49_sldu.zip,2025 (TIGER 2025 release),2022 cycle (effective 2024); verify per-state vintage,29,
states/va/county_subdivisions,county_subdivisions_2025.geojson,"Virginia: county subdivisions (civil townships, towns, municipalities) boundaries (TIGER COUSUB). Context layer — does NOT include council or commission district lines. 552 features.",U.S. Census Bureau TIGER/Line,https://www2.census.gov/geo/tiger/TIGER2025/COUSUB/tl_2025_51_cousub.zip,2025 (TIGER 2025 release),n/a (administrative boundaries),552,
states/va/municipalities,municipal_boundaries_2025.geojson,Virginia: incorporated places (cities/towns) boundaries (TIGER PLACE). Context layer — does NOT include council or commission district lines. 700 features.,U.S. Census Bureau TIGER/Line,https://www2.census.gov/geo/tiger/TIGER2025/PLACE/tl_2025_51_place.zip,2025 (TIGER 2025 release),n/a (administrative boundaries),700,
states/va/school_districts,elementary_school_districts_2025.geojson,Virginia: elementary school district boundaries (TIGER ELSD). 1 districts.,U.S. Census Bureau TIGER/Line,https://www2.census.gov/geo/tiger/TIGER2025/ELSD/tl_2025_51_elsd.zip,2025 (TIGER 2025 release),unknown (school district boundaries; Census vintage 2025),1,
states/va/school_districts,unified_school_districts_2025.geojson,Virginia: unified (K-12) school district boundaries (TIGER UNSD). 135 districts.,U.S. Census Bureau TIGER/Line,https://www2.census.gov/geo/tiger/TIGER2025/UNSD/tl_2025_51_unsd.zip,2025 (TIGER 2025 release),unknown (school district boundaries; Census vintage 2025),135,
states/va/state_house_districts,state_house_districts_2025.geojson,"Virginia: State house of representatives districts, TIGER SLDL (lower chamber). 100 districts.",U.S. Census Bureau TIGER/Line,https://www2.census.gov/geo/tiger/TIGER2025/SLDL/tl_2025_51_sldl.zip,2025 (TIGER 2025 release),2022 cycle (effective 2024); verify per-state vintage,100,
states/va/state_senate_districts,state_senate_districts_2025.geojson,"Virginia: State senate districts, TIGER SLDU (upper chamber). 40 districts.",U.S. Census Bureau TIGER/Line,https://www2.census.gov/geo/tiger/TIGER2025/SLDU/tl_2025_51_sldu.zip,2025 (TIGER 2025 release),2022 cycle (effective 2024); verify per-state vintage,40,
states/vi/county_subdivisions,county_subdivisions_2025.geojson,"U.S. Virgin Islands: county subdivisions (civil townships, towns, municipalities) boundaries (TIGER COUSUB). Context layer — does NOT include council or commission district lines. 23 features.",U.S. Census Bureau TIGER/Line,https://www2.census.gov/geo/tiger/TIGER2025/COUSUB/tl_2025_78_cousub.zip,2025 (TIGER 2025 release),n/a (administrative boundaries),23,
states/vi/municipalities,municipal_boundaries_2025.geojson,U.S. Virgin Islands: incorporated places (cities/towns) boundaries (TIGER PLACE). Context layer — does NOT include council or commission district lines. 10 features.,U.S. Census Bureau TIGER/Line,https://www2.census.gov/geo/tiger/TIGER2025/PLACE/tl_2025_78_place.zip,2025 (TIGER 2025 release),n/a (administrative boundaries),10,
states/vi/school_districts,unified_school_districts_2025.geojson,U.S. Virgin Islands: unified (K-12) school district boundaries (TIGER UNSD). 1 districts.,U.S. Census Bureau TIGER/Line,https://www2.census.gov/geo/tiger/TIGER2025/UNSD/tl_2025_78_unsd.zip,2025 (TIGER 2025 release),unknown (school district boundaries; Census vintage 2025),1,
states/vt/county_subdivisions,county_subdivisions_2025.geojson,"Vermont: county subdivisions (civil townships, towns, municipalities) boundaries (TIGER COUSUB). Context layer — does NOT include council or commission district lines. 256 features.",U.S. Census Bureau TIGER/Line,https://www2.census.gov/geo/tiger/TIGER2025/COUSUB/tl_2025_50_cousub.zip,2025 (TIGER 2025 release),n/a (administrative boundaries),256,
states/vt/municipalities,municipal_boundaries_2025.geojson,Vermont: incorporated places (cities/towns) boundaries (TIGER PLACE). Context layer — does NOT include council or commission district lines. 180 features.,U.S. Census Bureau TIGER/Line,https://www2.census.gov/geo/tiger/TIGER2025/PLACE/tl_2025_50_place.zip,2025 (TIGER 2025 release),n/a (administrative boundaries),180,
states/vt/school_districts,community_school_districts_2025.geojson,Vermont: community school district boundaries (TIGER SCSD). 11 districts.,U.S. Census Bureau TIGER/Line,https://www2.census.gov/geo/tiger/TIGER2025/SCSD/tl_2025_50_scsd.zip,2025 (TIGER 2025 release),unknown (school district boundaries; Census vintage 2025),11,
states/vt/school_districts,elementary_school_districts_2025.geojson,Vermont: elementary school district boundaries (TIGER ELSD). 56 districts.,U.S. Census Bureau TIGER/Line,https://www2.census.gov/geo/tiger/TIGER2025/ELSD/tl_2025_50_elsd.zip,2025 (TIGER 2025 release),unknown (school district boundaries; Census vintage 2025),56,
states/vt/school_districts,unified_school_districts_2025.geojson,Vermont: unified (K-12) school district boundaries (TIGER UNSD). 64 districts.,U.S. Census Bureau TIGER/Line,https://www2.census.gov/geo/tiger/TIGER2025/UNSD/tl_2025_50_unsd.zip,2025 (TIGER 2025 release),unknown (school district boundaries; Census vintage 2025),64,
states/vt/state_house_districts,state_house_districts_2025.geojson,"Vermont: State house of representatives districts, TIGER SLDL (lower chamber). 109 districts.",U.S. Census Bureau TIGER/Line,https://www2.census.gov/geo/tiger/TIGER2025/SLDL/tl_2025_50_sldl.zip,2025 (TIGER 2025 release),2022 cycle (effective 2024); verify per-state vintage,109,
states/vt/state_senate_districts,state_senate_districts_2025.geojson,"Vermont: State senate districts, TIGER SLDU (upper chamber). 16 districts.",U.S. Census Bureau TIGER/Line,https://www2.census.gov/geo/tiger/TIGER2025/SLDU/tl_2025_50_sldu.zip,2025 (TIGER 2025 release),2022 cycle (effective 2024); verify per-state vintage,16,
states/wa/county_subdivisions,county_subdivisions_2025.geojson,"Washington: county subdivisions (civil townships, towns, municipalities) boundaries (TIGER COUSUB). Context layer — does NOT include council or commission district lines. 242 features.",U.S. Census Bureau TIGER/Line,https://www2.census.gov/geo/tiger/TIGER2025/COUSUB/tl_2025_53_cousub.zip,2025 (TIGER 2025 release),n/a (administrative boundaries),242,
states/wa/municipalities,municipal_boundaries_2025.geojson,Washington: incorporated places (cities/towns) boundaries (TIGER PLACE). Context layer — does NOT include council or commission district lines. 639 features.,U.S. Census Bureau TIGER/Line,https://www2.census.gov/geo/tiger/TIGER2025/PLACE/tl_2025_53_place.zip,2025 (TIGER 2025 release),n/a (administrative boundaries),639,
states/wa/school_districts,unified_school_districts_2025.geojson,Washington: unified (K-12) school district boundaries (TIGER UNSD). 295 districts.,U.S. Census Bureau TIGER/Line,https://www2.census.gov/geo/tiger/TIGER2025/UNSD/tl_2025_53_unsd.zip,2025 (TIGER 2025 release),unknown (school district boundaries; Census vintage 2025),295,
states/wa/state_house_districts,state_house_districts_2025.geojson,"Washington: State house of representatives districts, TIGER SLDL (lower chamber). 49 districts.",U.S. Census Bureau TIGER/Line,https://www2.census.gov/geo/tiger/TIGER2025/SLDL/tl_2025_53_sldl.zip,2025 (TIGER 2025 release),2022 cycle (effective 2024); verify per-state vintage,49,
states/wa/state_senate_districts,state_senate_districts_2025.geojson,"Washington: State senate districts, TIGER SLDU (upper chamber). 49 districts.",U.S. Census Bureau TIGER/Line,https://www2.census.gov/geo/tiger/TIGER2025/SLDU/tl_2025_53_sldu.zip,2025 (TIGER 2025 release),2022 cycle (effective 2024); verify per-state vintage,49,
states/wi/county_subdivisions,county_subdivisions_2025.geojson,"Wisconsin: county subdivisions (civil townships, towns, municipalities) boundaries (TIGER COUSUB). Context layer — does NOT include council or commission district lines. 1925 features.",U.S. Census Bureau TIGER/Line,https://www2.census.gov/geo/tiger/TIGER2025/COUSUB/tl_2025_55_cousub.zip,2025 (TIGER 2025 release),n/a (administrative boundaries),1925,
states/wi/municipalities,municipal_boundaries_2025.geojson,Wisconsin: incorporated places (cities/towns) boundaries (TIGER PLACE). Context layer — does NOT include council or commission district lines. 808 features.,U.S. Census Bureau TIGER/Line,https://www2.census.gov/geo/tiger/TIGER2025/PLACE/tl_2025_55_place.zip,2025 (TIGER 2025 release),n/a (administrative boundaries),808,
states/wi/school_districts,community_school_districts_2025.geojson,Wisconsin: community school district boundaries (TIGER SCSD). 10 districts.,U.S. Census Bureau TIGER/Line,https://www2.census.gov/geo/tiger/TIGER2025/SCSD/tl_2025_55_scsd.zip,2025 (TIGER 2025 release),unknown (school district boundaries; Census vintage 2025),10,
states/wi/school_districts,elementary_school_districts_2025.geojson,Wisconsin: elementary school district boundaries (TIGER ELSD). 43 districts.,U.S. Census Bureau TIGER/Line,https://www2.census.gov/geo/tiger/TIGER2025/ELSD/tl_2025_55_elsd.zip,2025 (TIGER 2025 release),unknown (school district boundaries; Census vintage 2025),43,
states/wi/school_districts,unified_school_districts_2025.geojson,Wisconsin: unified (K-12) school district boundaries (TIGER UNSD). 369 districts.,U.S. Census Bureau TIGER/Line,https://www2.census.gov/geo/tiger/TIGER2025/UNSD/tl_2025_55_unsd.zip,2025 (TIGER 2025 release),unknown (school district boundaries; Census vintage 2025),369,
states/wi/state_house_districts,state_house_districts_2025.geojson,"Wisconsin: State house of representatives districts, TIGER SLDL (lower chamber). 100 districts.",U.S. Census Bureau TIGER/Line,https://www2.census.gov/geo/tiger/TIGER2025/SLDL/tl_2025_55_sldl.zip,2025 (TIGER 2025 release),2022 cycle (effective 2024); verify per-state vintage,100,
states/wi/state_senate_districts,state_senate_districts_2025.geojson,"Wisconsin: State senate districts, TIGER SLDU (upper chamber). 34 districts.",U.S. Census Bureau TIGER/Line,https://www2.census.gov/geo/tiger/TIGER2025/SLDU/tl_2025_55_sldu.zip,2025 (TIGER 2025 release),2022 cycle (effective 2024); verify per-state vintage,34,
states/wv/county_subdivisions,county_subdivisions_2025.geojson,"West Virginia: county subdivisions (civil townships, towns, municipalities) boundaries (TIGER COUSUB). Context layer — does NOT include council or commission district lines. 225 features.",U.S. Census Bureau TIGER/Line,https://www2.census.gov/geo/tiger/TIGER2025/COUSUB/tl_2025_54_cousub.zip,2025 (TIGER 2025 release),n/a (administrative boundaries),225,
states/wv/municipalities,municipal_boundaries_2025.geojson,West Virginia: incorporated places (cities/towns) boundaries (TIGER PLACE). Context layer — does NOT include council or commission district lines. 439 features.,U.S. Census Bureau TIGER/Line,https://www2.census.gov/geo/tiger/TIGER2025/PLACE/tl_2025_54_place.zip,2025 (TIGER 2025 release),n/a (administrative boundaries),439,
states/wv/school_districts,unified_school_districts_2025.geojson,West Virginia: unified (K-12) school district boundaries (TIGER UNSD). 55 districts.,U.S. Census Bureau TIGER/Line,https://www2.census.gov/geo/tiger/TIGER2025/UNSD/tl_2025_54_unsd.zip,2025 (TIGER 2025 release),unknown (school district boundaries; Census vintage 2025),55,
states/wv/state_house_districts,state_house_districts_2025.geojson,"West Virginia: State house of representatives districts, TIGER SLDL (lower chamber). 100 districts.",U.S. Census Bureau TIGER/Line,https://www2.census.gov/geo/tiger/TIGER2025/SLDL/tl_2025_54_sldl.zip,2025 (TIGER 2025 release),2022 cycle (effective 2024); verify per-state vintage,100,
states/wv/state_senate_districts,state_senate_districts_2025.geojson,"West Virginia: State senate districts, TIGER SLDU (upper chamber). 17 districts.",U.S. Census Bureau TIGER/Line,https://www2.census.gov/geo/tiger/TIGER2025/SLDU/tl_2025_54_sldu.zip,2025 (TIGER 2025 release),2022 cycle (effective 2024); verify per-state vintage,17,
states/wy/county_subdivisions,county_subdivisions_2025.geojson,"Wyoming: county subdivisions (civil townships, towns, municipalities) boundaries (TIGER COUSUB). Context layer — does NOT include council or commission district lines. 71 features.",U.S. Census Bureau TIGER/Line,https://www2.census.gov/geo/tiger/TIGER2025/COUSUB/tl_2025_56_cousub.zip,2025 (TIGER 2025 release),n/a (administrative boundaries),71,
states/wy/municipalities,municipal_boundaries_2025.geojson,Wyoming: incorporated places (cities/towns) boundaries (TIGER PLACE). Context layer — does NOT include council or commission district lines. 205 features.,U.S. Census Bureau TIGER/Line,https://www2.census.gov/geo/tiger/TIGER2025/PLACE/tl_2025_56_place.zip,2025 (TIGER 2025 release),n/a (administrative boundaries),205,
states/wy/school_districts,elementary_school_districts_2025.geojson,Wyoming: elementary school district boundaries (TIGER ELSD). 1 districts.,U.S. Census Bureau TIGER/Line,https://www2.census.gov/geo/tiger/TIGER2025/ELSD/tl_2025_56_elsd.zip,2025 (TIGER 2025 release),unknown (school district boundaries; Census vintage 2025),1,
states/wy/school_districts,unified_school_districts_2025.geojson,Wyoming: unified (K-12) school district boundaries (TIGER UNSD). 48 districts.,U.S. Census Bureau TIGER/Line,https://www2.census.gov/geo/tiger/TIGER2025/UNSD/tl_2025_56_unsd.zip,2025 (TIGER 2025 release),unknown (school district boundaries; Census vintage 2025),48,
states/wy/state_house_districts,state_house_districts_2025.geojson,"Wyoming: State house of representatives districts, TIGER SLDL (lower chamber). 62 districts.",U.S. Census Bureau TIGER/Line,https://www2.census.gov/geo/tiger/TIGER2025/SLDL/tl_2025_56_sldl.zip,2025 (TIGER 2025 release),2022 cycle (effective 2024); verify per-state vintage,62,
states/wy/state_senate_districts,state_senate_districts_2025.geojson,"Wyoming: State senate districts, TIGER SLDU (upper chamber). 31 districts.",U.S. Census Bureau TIGER/Line,https://www2.census.gov/geo/tiger/TIGER2025/SLDU/tl_2025_56_sldu.zip,2025 (TIGER 2025 release),2022 cycle (effective 2024); verify per-state vintage,31,
us/congress_districts,congress_districts_119th_2025.geojson,"U.S. House of Representatives (Congressional) Districts, 119th Congress (2025-2026), all 50 states + DC + PR + territorial delegations. Merged from per-state TIGER zips.",U.S. Census Bureau TIGER/Line,"https://www2.census.gov/geo/tiger/TIGER2025/CD/tl_2025_01_cd119.zip; https://www2.census.gov/geo/tiger/TIGER2025/CD/tl_2025_02_cd119.zip; https://www2.census.gov/geo/tiger/TIGER2025/CD/tl_2025_04_cd119.zip (per-state zips, see DEV.md)","2025 (TIGER 2025 release, 119th Congress)",2022 regular cycle; TX redistricted 2025 (38 districts),444,
us/counties,county_boundaries_2025.geojson,"U.S. county boundaries (2025 vintage), national coverage.",U.S. Census Bureau TIGER/Line,https://www2.census.gov/geo/tiger/TIGER2025/COUNTY/tl_2025_us_county.zip,2025 (TIGER 2025 release),n/a (county lines rarely change),3235,
us/school_districts,state_administered_school_districts_2025.geojson,"State-administered school districts (TIGER SDADM), national coverage (states/areas where the state, not a local district, administers schools).",U.S. Census Bureau TIGER/Line,https://www2.census.gov/geo/tiger/TIGER2025/SDADM/tl_2025_50_sdadm.zip,2025 (TIGER 2025 release),unknown (school district boundaries; Census vintage 2025),52,
us/senate_districts,senate_districts_2025.geojson,U.S. Senate districts: each of the 50 states is one Senate district (identical geometry to state boundaries).,U.S. Census Bureau TIGER/Line,https://www2.census.gov/geo/tiger/TIGER2025/STATE/tl_2025_us_state.zip,2025 (TIGER 2025 release),n/a (state lines rarely change),56,
us/states,state_boundaries_2025.geojson,U.S. state boundaries (2025 vintage).,U.S. Census Bureau TIGER/Line,https://www2.census.gov/geo/tiger/TIGER2025/STATE/tl_2025_us_state.zip,2025 (TIGER 2025 release),n/a (state lines rarely change),56,
