{"type":"FeatureCollection","crs":{"type":"name","properties":{"name":"urn:ogc:def:crs:OGC:1.3:CRS84"}},"features":[{"type":"Feature","id":1,"geometry":{"type":"Polygon","coordinates":[[[-90.6430117646922,29.8929023822154],[-90.6430647647053,29.8928743822076],[-90.6432117647421,29.8928073821883],[-90.6432637647553,29.8927873821822],[-90.6432877647614,29.8927793821797],[-90.6433307647726,29.8927693821762],[-90.6436477648551,29.8926953821498],[-90.6438107648982,29.8926733821397],[-90.6440087649507,29.8926523821287],[-90.6440987649747,29.8926443821241],[-90.6444667650722,29.8926013821028],[-90.645198765265,29.8924883820545],[-90.6455637653609,29.8924243820288],[-90.6457697654157,29.8924043820178],[-90.6459347654602,29.892402382012],[-90.6460167654825,29.8924073820103],[-90.6460607654946,29.8924113820097],[-90.6462637655504,29.8924343820082],[-90.6464267655954,29.892458382008],[-90.6466317656518,29.8924823820065],[-90.6467467656829,29.8924843820032],[-90.6467587656857,29.892471382],[-90.6467957656939,29.8924323819905],[-90.646808765697,29.8924203819874],[-90.6468527657069,29.8923743819759],[-90.6469507657304,29.8923073819584],[-90.6470907657627,29.8921753819252],[-90.6471667657794,29.892089381904],[-90.647284765805,29.8919413818681],[-90.6474217658362,29.8918073818347],[-90.6474957658548,29.8917753818255],[-90.6475307658635,29.89175638182],[-90.6475957658791,29.891710381808],[-90.6476527658923,29.8916583817949],[-90.648022765991,29.8916303817768],[-90.6483127660691,29.8916243817661],[-90.6486217661533,29.8916433817602],[-90.6487237661812,29.8916503817584],[-90.6490947662828,29.8916843817537],[-90.6497547664626,29.8917223817403],[-90.6503297666208,29.8917893817362],[-90.6505367666768,29.8917923817302],[-90.6506187666987,29.8917883817265],[-90.6513417668872,29.8916273816681],[-90.6515787669484,29.8915633816466],[-90.6516147669573,29.8915453816416],[-90.6516807669734,29.8915023816301],[-90.651792766999,29.8913963816035],[-90.6519137670254,29.8912503815679],[-90.6519967670444,29.8911703815479],[-90.6521467670796,29.8910453815158],[-90.6522837671131,29.8909653814942],[-90.6523977671422,29.8909223814812],[-90.6524777671629,29.8909033814745],[-90.652599767195,29.8908833814662],[-90.6528477672618,29.8908793814572],[-90.6530127673069,29.8908913814544],[-90.6532187673629,29.8909003814497],[-90.6533427673964,29.8909013814459],[-90.653465767429,29.8908863814387],[-90.6535057674394,29.8908763814351],[-90.6535817674586,29.8908473814264],[-90.653676767482,29.8907933814116],[-90.653716767493,29.8907993814116],[-90.6537587675044,29.8907983814101],[-90.6538407675261,29.8907883814052],[-90.654115767597,29.8907123813798],[-90.654154767607,29.8906983813755],[-90.6543017676439,29.8906333813565],[-90.6543717676611,29.890594381346],[-90.6544307676749,29.8905433813329],[-90.6544937676883,29.8904603813129],[-90.6545727677087,29.8904383813057],[-90.6545827677112,29.8904333813043],[-90.6546477677276,29.8904083812966],[-90.6548877677864,29.8902663812582],[-90.6549477678005,29.8902173812455],[-90.6549707678055,29.8901873812382],[-90.6551157678335,29.8899283811775],[-90.6552467678558,29.8896253811076],[-90.6553447678756,29.88946638107],[-90.6553687678808,29.889437381063],[-90.6555017679131,29.8893523810401],[-90.6555757679316,29.8893193810307],[-90.6557337679724,29.8892753810159],[-90.6558557680044,29.8892563810079],[-90.6558977680159,29.8892553810063],[-90.6561327680791,29.8892513809977],[-90.6561687680888,29.8892503809964],[-90.6561857680934,29.8892503809959],[-90.6562797681187,29.8892503809928],[-90.6563177681291,29.8892513809917],[-90.6565587682138,29.8897083810828],[-90.6573247684858,29.8912313813878],[-90.6576237685919,29.8918243815066],[-90.6576467686002,29.891871381516],[-90.6576657686069,29.8919083815234],[-90.6576797686119,29.8919353815288],[-90.6584017688683,29.8933713818162],[-90.6590817691098,29.8947223820867],[-90.6600417694507,29.8966273824679],[-90.6601737694977,29.8968903825206],[-90.6603737695687,29.8972873826001],[-90.6614757699602,29.8994783830387],[-90.6616097700076,29.8997423830915],[-90.6643407709779,29.9051693841776],[-90.6648237711496,29.9061313843701],[-90.6656087714285,29.9076893846818],[-90.665704771672,29.9127613857767],[-90.6658047719206,29.9179193868899],[-90.6658197719617,29.9187833870763],[-90.6658237719656,29.9188493870906],[-90.6658427720172,29.9199303873238],[-90.6658457720247,29.9200853873574],[-90.6658747720934,29.9215033876634],[-90.6658847721163,29.9219713877644],[-90.6658897721306,29.9222743878298],[-90.6658947721446,29.9225703878936],[-90.6659627723122,29.9260413886426],[-90.6660317724887,29.9297143894351],[-90.6660957726464,29.9329763901391],[-90.6661357727496,29.9351243906024],[-90.6661387727551,29.9352343906262],[-90.6661447727719,29.935590390703],[-90.6661827728647,29.9375033911157],[-90.666186772874,29.9376983911577],[-90.6662167729502,29.9392773914984],[-90.6662557730477,29.9412983919343],[-90.6662777731025,29.9424343921794],[-90.6662877731239,29.9428673922729],[-90.6663267731961,29.9443003925815],[-90.666457773554,29.9517863941966],[-90.6695687743916,29.9517303940829],[-90.6710227747831,29.9517043940299],[-90.6720237750526,29.9516863939932],[-90.674494775718,29.9516413939027],[-90.6748867758236,29.9516343938884],[-90.6749017758631,29.9524613940668],[-90.6749087758852,29.9529283941675],[-90.6749137758934,29.953088394202],[-90.6749147759025,29.9532913942458],[-90.6751237764346,29.9643213966245],[-90.6751547765237,29.9661933970283],[-90.6665297742029,29.9663843973517],[-90.6666367743412,29.9689173978959],[-90.6666427743494,29.9690743979297],[-90.6671427750004,29.9810174004957],[-90.6756287772771,29.9806734001434],[-90.6756687775671,29.987131401538],[-90.6756757775998,29.9878484016928],[-90.6774307780714,29.9877934016234],[-90.6792627785631,29.9877214015478],[-90.6785737784073,29.9884224017219],[-90.6771497780437,29.9889074018734],[-90.6734357771539,29.9915224025604],[-90.6730077770512,29.9918184026384],[-90.6723697768985,29.9922724027573],[-90.6716287767211,29.9927944028945],[-90.6724147770196,29.9947904033],[-90.6728457771824,29.9958624035176],[-90.6736057774707,29.9977814039074],[-90.6742327777082,29.9993574042275],[-90.674573777838,30.0002284044046],[-90.6753897781446,30.0022174048076],[-90.6755477782062,30.0026564048974],[-90.6773977789066,30.0072944058387],[-90.6779387791114,30.0086494061137],[-90.6803997800434,30.0148184073658],[-90.6847517816916,30.0257204095778],[-90.6850087817878,30.0263394097031],[-90.6858217820987,30.0284434101306],[-90.6861727822302,30.0292884103016],[-90.6872087826225,30.0318814108275],[-90.6872917826541,30.0320924108704],[-90.6873257826673,30.0321854108892],[-90.687525782743,30.0326854109908],[-90.6875887827648,30.0327944110122],[-90.6888557832443,30.0359584116537],[-90.6872747828717,30.0372094119758],[-90.6844927822045,30.0391424124848],[-90.6824037817036,30.0405954128672],[-90.6792887809411,30.0424064133608],[-90.675407779987,30.0445684139554],[-90.6728047793473,30.0460234143552],[-90.6727117793244,30.0460744143692],[-90.6699727786512,30.04760541479],[-90.6673277779785,30.0485644150841],[-90.666343777729,30.0489374151969],[-90.6612187764265,30.0508174157717],[-90.661183776411,30.0506764157425],[-90.660890776335,30.0507484157675],[-90.6606667762771,30.0508104157883],[-90.6593167759265,30.051135415903],[-90.6586787757612,30.0512944159584],[-90.6583327756715,30.0513814159884],[-90.6581857756335,30.0514204160017],[-90.65453777465,30.0514644161314],[-90.6523047740209,30.0508674160759],[-90.6516397738345,30.0507124160644],[-90.6494057732085,30.050194416026],[-90.6479697727805,30.049272415874],[-90.6450297719033,30.0473634155586],[-90.6424347711292,30.045683415281],[-90.6416017708781,30.0450824151786],[-90.6392697701687,30.0432554148606],[-90.6368387694277,30.041317414522],[-90.6343327686648,30.0393434141778],[-90.6343187686607,30.0393334141762],[-90.6341027685948,30.039160414146],[-90.6340677685841,30.0391314141408],[-90.6337657684922,30.0388944140995],[-90.6330047682632,30.0383584140087],[-90.6328667682218,30.0382644139929],[-90.6326537681578,30.0381114139669],[-90.6323177680569,30.0378774139273],[-90.6320597679791,30.0376924138959],[-90.6318217679075,30.0375234138672],[-90.6311867677169,30.0370864137937],[-90.628288766845,30.0350384134465],[-90.6273847665743,30.0344294133445],[-90.6273047665502,30.0343724133349],[-90.6271747665114,30.0342894133212],[-90.6265157663143,30.0338484132475],[-90.6263627662683,30.0337424132296],[-90.6259977661592,30.0335024131898],[-90.6254437659935,30.0331294131274],[-90.6236077654638,30.0323554130204],[-90.6228817652545,30.0320544129794],[-90.6226137651766,30.0319274129607],[-90.6216127648881,30.0315114129035],[-90.6207427646587,30.0316424129604],[-90.6204997645969,30.0317314129877],[-90.6190067642188,30.0323164131631],[-90.6128847626717,30.0347874138984],[-90.6106097621306,30.0364834143395],[-90.6090067617502,30.0376974146547],[-90.6085037616303,30.0380694147517],[-90.6072357613292,30.0390244149997],[-90.6022997601572,30.0427544159681],[-90.6017107600168,30.0431914160819],[-90.6007327597771,30.0437564162362],[-90.5994387594607,30.0445214164439],[-90.5975567589995,30.045614416742],[-90.5967997588146,30.0460704168655],[-90.5952147584276,30.0470214171231],[-90.5951777584181,30.0470344171272],[-90.5948427583333,30.0471664171668],[-90.5943507582088,30.0473624172252],[-90.5942297581784,30.0474134172403],[-90.5932647579343,30.0477994173555],[-90.5917357575471,30.0483994175353],[-90.5897087570341,30.0492024177755],[-90.5884577567177,30.0497014179246],[-90.5878317565537,30.0498214179711],[-90.5876597565087,30.049855417984],[-90.5876207564982,30.0498564179854],[-90.5868047562838,30.0500014180437],[-90.5855747559603,30.0502064181285],[-90.5838827555163,30.0505124182502],[-90.5816097549196,30.0509214184135],[-90.5807147546844,30.0510754184761],[-90.5805097546307,30.0511164184917],[-90.5793157543167,30.0513204185751],[-90.5762367534896,30.0514404187023],[-90.5756147533222,30.0514574187264],[-90.5745137530265,30.0515034187725],[-90.5734127527305,30.0515404188167],[-90.5725287524929,30.0515714188525],[-90.5724617524748,30.0515714188547],[-90.5722647524211,30.0515594188585],[-90.5719627523388,30.0515464188656],[-90.5709637520667,30.0515004188887],[-90.5704217519192,30.0514764189012],[-90.5703917519109,30.0514764189022],[-90.5700087518067,30.0514584189109],[-90.569564751686,30.0514414189218],[-90.5692197515919,30.0514234189294],[-90.5689097515074,30.0514084189363],[-90.5688307514859,30.0514064189385],[-90.5687157514547,30.0514014189411],[-90.5686487514361,30.0513924189414],[-90.5650797504538,30.0509914189721],[-90.5638427501134,30.0508534189829],[-90.5625957497703,30.0507174189944],[-90.5624447497285,30.0506974189952],[-90.5613497494273,30.0505764190049],[-90.5611937493845,30.0505624190071],[-90.5601127490879,30.0504654190216],[-90.5597477489877,30.0504294190259],[-90.5595727489399,30.0504184190293],[-90.5595537489347,30.0504154190292],[-90.5592527488522,30.0503894190334],[-90.5586517486874,30.0503374190421],[-90.5583087485919,30.0502724190392],[-90.5521777468823,30.0490814189833],[-90.5514587466819,30.0489434189771],[-90.550082746298,30.0486724189636],[-90.5499777462687,30.0486494189622],[-90.5490587460119,30.0484574189508],[-90.5489477459808,30.0484334189493],[-90.5464807452899,30.0478864189121],[-90.5463827452625,30.0478664189111],[-90.5456077450455,30.0476934188991],[-90.5455387450262,30.0476814188988],[-90.5438937445691,30.0473964188911],[-90.5437797445373,30.0473774188908],[-90.543515744464,30.0473314188896],[-90.540182743538,30.0467634188762],[-90.5378477428923,30.046435418882],[-90.5331927416266,30.0462794190013],[-90.5324077414183,30.0463724190471],[-90.5304217408901,30.0465794191572],[-90.5279097402223,30.0468424192965],[-90.5266797398956,30.0469824193672],[-90.5261467397535,30.0470294193948],[-90.5255567395987,30.0471404194384],[-90.5214037385118,30.0479794197562],[-90.5174917374876,30.0487594200534],[-90.517340737448,30.048789420065],[-90.5085887351677,30.0507994207871],[-90.5081947350644,30.0508744208163],[-90.5077357349419,30.0509124208397],[-90.5065357346211,30.0510014208983],[-90.5054087343199,30.0510854209535],[-90.5047067341323,30.0511394209883],[-90.5001117329057,30.0515194212214],[-90.5000887329755,30.0532714216012],[-90.4972107321963,30.0532574216927],[-90.4969537321267,30.0532574217011],[-90.4961357320484,30.0565524224409],[-90.4951347319527,30.0605814233452],[-90.4950447319442,30.0609474234274],[-90.4950007319402,30.0611294234682],[-90.4941997317742,30.0622974237472],[-90.4939947317325,30.0626134238223],[-90.4939857317306,30.0626274238255],[-90.493893731712,30.0627734238602],[-90.4935207316362,30.063349423997],[-90.4933957316108,30.0635444240433],[-90.4932307315665,30.0635524240504],[-90.4918697312006,30.0636044241065],[-90.4899417306821,30.063679424186],[-90.4895107305661,30.0636914242027],[-90.4889427304131,30.0637084242251],[-90.48801173016,30.0636834242503],[-90.4854177294467,30.0634184242784],[-90.4843877291613,30.0632664242793],[-90.4845097292029,30.0634624243177],[-90.4845707292216,30.0635124243265],[-90.4833427289237,30.0643034245379],[-90.4816637285162,30.0653814248263],[-90.4814507284647,30.0655244248644],[-90.4813897284498,30.0655624248745],[-90.4808477283188,30.0659194249696],[-90.4806457282699,30.0660534250052],[-90.4805897282564,30.066090425015],[-90.4802557281756,30.0663124250741],[-90.4801387281474,30.0663904250947],[-90.4787957277457,30.0655104249485],[-90.4784677276475,30.0652934249124],[-90.4778847274734,30.0649154248497],[-90.4777507274332,30.0648284248354],[-90.4773767273215,30.0645844247948],[-90.4772697272894,30.0645154247834],[-90.4769577271963,30.0643144247502],[-90.4766287270981,30.0641034247153],[-90.4761937269681,30.0638224246689],[-90.4759337268907,30.0636584246421],[-90.475766726841,30.0635524246245],[-90.4755987267906,30.0634414246061],[-90.4752217266777,30.0631914245643],[-90.4747537265375,30.0628794245124],[-90.4743937264297,30.0626404244724],[-90.4740117263153,30.0623844244295],[-90.4739067262795,30.0622174243969],[-90.4738897262725,30.0621614243853],[-90.4744927264223,30.0618524242987],[-90.4752247266075,30.061558424211],[-90.4753317266347,30.0615154241982],[-90.4754627266693,30.0614954241895],[-90.4755457266912,30.0614824241839],[-90.4759647268077,30.061555424186],[-90.4763307269009,30.0614194241446],[-90.4774297271777,30.0609444240057],[-90.477514727199,30.0609064239947],[-90.4781927273694,30.0606074239077],[-90.4792377276324,30.0601494237743],[-90.4819997283264,30.0589194234174],[-90.4816527282083,30.0583634233085],[-90.4811837280485,30.0576084231606],[-90.4804437278106,30.056739422997],[-90.4801607277208,30.0564354229404],[-90.479398727475,30.0555244227683],[-90.4790627273661,30.0551084226894],[-90.4784247271602,30.0543404225442],[-90.4782667271091,30.0541504225082],[-90.4781467270703,30.0540054224808],[-90.4780557270413,30.0539024224616],[-90.4778117269628,30.0536164224076],[-90.4776817269235,30.0535214223913],[-90.4773537268279,30.0533644223683],[-90.477238726796,30.0533454223678],[-90.4766437266311,30.0532574223683],[-90.4760407264641,30.053168422369],[-90.475415726291,30.0530754223693],[-90.4746447260695,30.0527794223306],[-90.4737907258241,30.0524514222877],[-90.4733867257081,30.0522964222674],[-90.4732257256602,30.0521994222517],[-90.4731267256293,30.0521024222339],[-90.473065725608,30.051991422212],[-90.4730507255848,30.0515514221172],[-90.4730297255494,30.0508664219697],[-90.4730077255121,30.0501424218137],[-90.4730047255058,30.0500154217863],[-90.4729627254442,30.0488594215376],[-90.472935725404,30.0481004213742],[-90.4729207253884,30.0478354213174],[-90.4728977253743,30.0476564212793],[-90.4728827253658,30.0475514212571],[-90.472790725317,30.047000421141],[-90.4726237252539,30.0465884210573],[-90.4725317252202,30.0463844210162],[-90.4724937252077,30.0463344210065],[-90.4714867248783,30.0450224207557],[-90.4709637247076,30.044348420627],[-90.4707537246391,30.0440784205755],[-90.470257724477,30.043437420453],[-90.4700647244141,30.0431914204061],[-90.4698847243554,30.0429604203621],[-90.4687937239995,30.0415624200953],[-90.4676797236365,30.0401434198247],[-90.4673657235338,30.0397364197468],[-90.4667547233341,30.038942419595],[-90.4665727232746,30.0387054195498],[-90.4659777230788,30.0379054193961],[-90.4659397230657,30.0378374193826],[-90.4659557230584,30.0375704193243],[-90.4670767232988,30.0361164189727],[-90.4672297233291,30.0358614189125],[-90.4673077233426,30.0356844188718],[-90.4674587233687,30.0353424187927],[-90.4675807233785,30.0348084186732],[-90.4676027233708,30.0344914186037],[-90.4676097233679,30.0343834185802],[-90.4676797233459,30.0334354183726],[-90.4676947233394,30.0331944183199],[-90.4677257233266,30.0327044182129],[-90.4677477233171,30.0323474181349],[-90.467763723312,30.032128418087],[-90.4677937233022,30.0317144179964],[-90.4683207234447,30.0317134179788],[-90.4691517236685,30.0316874179459],[-90.4696267237964,30.0316734179274],[-90.4700327239065,30.0316774179149],[-90.4742437250322,30.0313584177078],[-90.4746207251334,30.0313394176914],[-90.4757727256432,30.0359104186428],[-90.4810237269945,30.0343054181233],[-90.4904747294297,30.0314874172032],[-90.4927347300119,30.0308144169836],[-90.4926197299561,30.0302424168634],[-90.4943827304228,30.0300094167553],[-90.4945117304567,30.0299864167461],[-90.4953897306828,30.0297204166598],[-90.4956947307614,30.0296284166299],[-90.4975027312268,30.029080416452],[-90.4992117316668,30.0285634162839],[-90.499371731708,30.0285164162685],[-90.5007877320731,30.0281004161321],[-90.5009127321053,30.0280644161202],[-90.5031787326893,30.0273964159013],[-90.5055627333024,30.0266594156636],[-90.506657733584,30.0263204155543],[-90.5136507353828,30.0241784148615],[-90.5145777356213,30.0238944147696],[-90.5157067359117,30.023549414658],[-90.5187667366989,30.0226154143555],[-90.5283717391698,30.0196834134062],[-90.5335207404944,30.018115412898],[-90.5343117406979,30.0178734128198],[-90.5355577410183,30.0174914126963],[-90.5362227411927,30.0173674126475],[-90.5369347413789,30.0172204125925],[-90.5372587414627,30.0171314125627],[-90.5379847416504,30.0169324124957],[-90.5382697417241,30.016852412469],[-90.538446741623,30.013412411719],[-90.5385117416015,30.0125104115217],[-90.5387537414611,30.0077534104844],[-90.539052741301,30.0021804092686],[-90.5391247413206,30.0021834092668],[-90.5450837429445,30.0024744091346],[-90.5497457442149,30.002701409031],[-90.5497477442039,30.0024344089731],[-90.5497497442019,30.0023754089602],[-90.54975074419,30.0020934088993],[-90.5497677441161,30.0002764085054],[-90.5496377436521,29.990352406362],[-90.5496277436173,29.9896104062016],[-90.5495297432662,29.9820894045767],[-90.5494937431411,29.9794184039999],[-90.5495027431395,29.9793224039787],[-90.5494487430077,29.9766064033926],[-90.5494447429723,29.9758094032201],[-90.5494397429667,29.975711403199],[-90.5494257429479,29.975362403124],[-90.549431742941,29.9751654030812],[-90.5494097428573,29.973365402692],[-90.5494307428553,29.9731854026525],[-90.5493927428367,29.9729904026115],[-90.5493487426302,29.9684764016355],[-90.5493477426116,29.9680504015433],[-90.5488637424808,29.9680554015601],[-90.5487307424449,29.9680544015643],[-90.5420277406305,29.9680094017736],[-90.5416247405214,29.968006401786],[-90.5376347394415,29.9679804019107],[-90.5326047380799,29.9679464020677],[-90.5322087379726,29.9679434020801],[-90.5321237378341,29.965261401502],[-90.5320977377908,29.96441740132],[-90.5316937371279,29.9515543985468],[-90.5312467363933,29.9372803954688],[-90.5311657362661,29.9348313949407],[-90.5308527357737,29.925331392892],[-90.5308347357461,29.9248033927782],[-90.5306447354466,29.9190173915302],[-90.530642735427,29.9185733914339],[-90.5306427354114,29.9182093913551],[-90.5305267352219,29.9145213905594],[-90.5305157352045,29.9141863904871],[-90.5302787348173,29.9066493888609],[-90.5298937341885,29.8943903862151],[-90.5296067337094,29.8850023841881],[-90.5306957340783,29.8867433845304],[-90.5318757344574,29.8881483847969],[-90.533197734873,29.8895093850491],[-90.5354217355408,29.8910663853146],[-90.5358517356675,29.8913083853531],[-90.5363157357968,29.8913983853575],[-90.5366007358781,29.8914973853697],[-90.5375937361543,29.8916793853769],[-90.5391817365961,29.8919693853882],[-90.5405707369838,29.8922533854047],[-90.5414647372333,29.8924383854158],[-90.5415637372603,29.8924413854131],[-90.5419257373526,29.8923133853737],[-90.5424747374928,29.8921193853137],[-90.5430177376314,29.891929385255],[-90.5433827377246,29.8918023852156],[-90.5434907377548,29.8918223852165],[-90.5530107403933,29.8933433852369],[-90.553142740429,29.8933433852326],[-90.5556807411151,29.8933443851504],[-90.5632967431739,29.893349384904],[-90.5658357438603,29.8933513848219],[-90.5663887440097,29.893351384804],[-90.5680477444582,29.8933523847502],[-90.5686007446077,29.8933533847325],[-90.5706097451507,29.8933543846673],[-90.57663774678,29.8933573844722],[-90.5785567472987,29.8933593844102],[-90.5786477473231,29.8933563844065],[-90.5816197481227,29.8932713842916],[-90.5905377505216,29.8930163839464],[-90.5935107513212,29.8929323838316],[-90.5936717513635,29.8929023838198],[-90.5941557514905,29.892814383785],[-90.5942057515038,29.8928063837815],[-90.5943197515345,29.8928043837774],[-90.5945947516083,29.8927943837664],[-90.5946937516305,29.8926883837401],[-90.594990751706,29.892575383706],[-90.5951897517549,29.8924643836756],[-90.5954867518304,29.8923523836416],[-90.5958067519107,29.8922083836],[-90.5964787520794,29.8919073835129],[-90.5970667522242,29.8915793834227],[-90.5973637522953,29.8913643833664],[-90.5975627523443,29.8912553833364],[-90.5978597524154,29.8910403832801],[-90.5981577524824,29.8907233832018],[-90.5984547525535,29.8905093831457],[-90.5988517526471,29.8901913830638],[-90.5996527528277,29.889352382856],[-90.5996887528351,29.8893003828435],[-90.5999507528904,29.8889383827566],[-90.6006517530488,29.8882133825767],[-90.6007587530715,29.8880703825422],[-90.6007717530743,29.8880523825379],[-90.6008137530833,29.8879973825246],[-90.6008277530864,29.8879803825204],[-90.6010487531341,29.8876993824524],[-90.6012547531723,29.8872913823573],[-90.6017907532937,29.8867453822214],[-90.6024527534438,29.8860743820546],[-90.6030617535739,29.8852693818604],[-90.6034597536685,29.8849653817814],[-90.6039467537916,29.8847683817229],[-90.6043427538899,29.8845673816666],[-90.6048387540197,29.8844673816287],[-90.6052277541206,29.8843683815948],[-90.6056377542314,29.8843693815815],[-90.605717754253,29.8843703815793],[-90.6062167543835,29.8842673815407],[-90.6067067545159,29.8842683815249],[-90.6071467546244,29.8840283814586],[-90.607599754739,29.8838453814043],[-90.6086267549988,29.8834333812816],[-90.6089527550805,29.8832823812384],[-90.6093537551809,29.8830993811856],[-90.6093977551937,29.8831193811885],[-90.6098277553185,29.8833203812182],[-90.6101067553981,29.8834193812305],[-90.6102387554358,29.8834663812364],[-90.6104827555148,29.883773381295],[-90.6107747556184,29.8843503814106],[-90.6108147556325,29.8844283814262],[-90.6110247557235,29.8852273815925],[-90.6110007557439,29.8858563817296],[-90.6106957556951,29.8866413819096],[-90.6107817557542,29.8874803820886],[-90.6107977557843,29.8880833822187],[-90.6108317558281,29.8888933823932],[-90.6111947559711,29.8899403826082],[-90.611255755991,29.8900203826236],[-90.6120967562648,29.891108382832],[-90.6126457564206,29.8912823828518],[-90.6127527564499,29.8912913828503],[-90.6129467565009,29.8912593828371],[-90.6133707566097,29.8911243827941],[-90.6137367567046,29.8910303827619],[-90.6142177568304,29.8909353827256],[-90.614499756898,29.8907363826734],[-90.6148807570012,29.8907423826623],[-90.615330757127,29.8908423826692],[-90.6153537571335,29.8908473826696],[-90.6157357572369,29.890851382658],[-90.6160617573203,29.890743382624],[-90.6162847573773,29.8906663826001],[-90.6165667574453,29.8904753825495],[-90.6170607575681,29.8902273824798],[-90.617661757731,29.8902403824631],[-90.617818757784,29.8904863825112],[-90.6180017578377,29.8905893825276],[-90.6181997578998,29.8907863825638],[-90.6184567579765,29.8909613825934],[-90.6189097581123,29.8912703826457],[-90.619199758195,29.8913733826585],[-90.619389758255,29.8915763826963],[-90.6197787583645,29.8916793827059],[-90.6206567586148,29.8919843827435],[-90.6213427588,29.8919843827211],[-90.6218317589364,29.8920853827272],[-90.6221287590253,29.8922873827613],[-90.6222207590544,29.8923863827797],[-90.6225637591553,29.8925773828099],[-90.6226627591897,29.8927563828456],[-90.622752759216,29.8928043828529],[-90.6229317592685,29.8929013828681],[-90.6229677592791,29.8929203828711],[-90.6231437593395,29.8932203829305],[-90.6231497593417,29.8932323829329],[-90.623288759391,29.893508382988],[-90.6234867594561,29.8937803830407],[-90.6237847595493,29.894076383095],[-90.624181759665,29.8942733831247],[-90.6244787597494,29.8943723831366],[-90.6245777597761,29.8943703831329],[-90.6247767598383,29.894566383169],[-90.6250817599249,29.8946643831802],[-90.6252387599672,29.8946623831747],[-90.6253867600071,29.8946623831699],[-90.6256847600918,29.8947593831812],[-90.6264927603183,29.8949523831967],[-90.6266317603567,29.8949733831967],[-90.6271037604874,29.8950473831973],[-90.6276057606271,29.8951403832012],[-90.6280087607399,29.8952353832087],[-90.6281077607667,29.8952343832052],[-90.6291397610454,29.8952353831719],[-90.6297587612081,29.8951313831291],[-90.6300647612868,29.8950373830989],[-90.6304117613767,29.8949493830685],[-90.6304727613926,29.8949343830633],[-90.630994761525,29.8947363830034],[-90.6316137616841,29.8945423829413],[-90.6317767617278,29.8945373829349],[-90.6321217618211,29.8945403829244],[-90.6331477621065,29.8947323829325],[-90.6334607621909,29.8947323829223],[-90.633630762238,29.8947593829228],[-90.6346817625291,29.8949263829247],[-90.6352977626912,29.8948283828834],[-90.6355027627424,29.8947293828554],[-90.6359087628397,29.8944423827799],[-90.6362267629171,29.8942433827265],[-90.6364357629653,29.8940483826775],[-90.6367407630389,29.8938483826242],[-90.6370517631107,29.8935603825517],[-90.6372537631609,29.8934593825232],[-90.6374207632043,29.8934193825092],[-90.6376587632661,29.8933633824893],[-90.6378657633178,29.8932643824611],[-90.6384797634796,29.8931683824204],[-90.6392957636887,29.8929053823368],[-90.6394087637176,29.8928663823247],[-90.6397377638049,29.8928343823071],[-90.6398517638354,29.8928233823009],[-90.6402107639309,29.8927903822822],[-90.6408967641187,29.8928473822721],[-90.6412847642295,29.8929903822906],[-90.6415987643218,29.8931643823181],[-90.641820764387,29.893285382337],[-90.6420587644478,29.8932033823115],[-90.6421097644607,29.893185382306],[-90.6424617645559,29.893187382295],[-90.6425227645724,29.8931893822934],[-90.642681764611,29.893087382266],[-90.6429017646643,29.8929433822279],[-90.6430117646922,29.8929023822154]]]},"properties":{"OBJECTID":1,"ID":2,"AREA":93.36,"DISTRICT":"1","Sort":1,"NAME":"District 1","POPULATION":3726,"WHITE":538,"BLACK":2955,"AMINDIAN":8,"ASIAN":2,"HAWAIIAN":2,"OTHER":33,"IDEAL_VALU":3862,"DEVIATION":-136,"F_DEVIATIO":-0.0352,"Shape__Area":0.022576755618047173,"Shape__Length":0.8544461478704535}},{"type":"Feature","id":2,"geometry":{"type":"Polygon","coordinates":[[[-90.4860507304982,30.0836574286347],[-90.4864737306139,30.0836874286273],[-90.4866707306694,30.0837344286309],[-90.4868297307174,30.0838504286508],[-90.4869967307675,30.0839624286694],[-90.4871037307981,30.0840004286741],[-90.4875307309154,30.0840424286691],[-90.4876987309614,30.0840524286657],[-90.489453731441,30.0841614286316],[-90.489735731518,30.084178428626],[-90.4900487316062,30.0842564286324],[-90.4899317316045,30.0849484287859],[-90.4899277316167,30.0852524288517],[-90.4897467315936,30.0858444289858],[-90.4896357315846,30.0863264290936],[-90.489675731613,30.0867324291801],[-90.48971573163,30.0868734292092],[-90.4898307316708,30.0870964292538],[-90.4900027317318,30.0874284293199],[-90.4900647317566,30.0876134293579],[-90.4896497317049,30.0890044296722],[-90.4890847316369,30.0909524301121],[-90.488859731608,30.0916864302781],[-90.4883147314683,30.091866430335],[-90.4881347314211,30.0918984303478],[-90.4878437313449,30.0919584303704],[-90.487752731328,30.0921354304117],[-90.4876837313237,30.0924634304848],[-90.4873857312854,30.0934364307051],[-90.4873707312858,30.0935394307276],[-90.4869967312388,30.094783431009],[-90.4864857311791,30.0965874314158],[-90.4860057311241,30.0983044318028],[-90.4858607311035,30.0987314318999],[-90.4858827311126,30.0988034319148],[-90.4862187312162,30.0990934319664],[-90.486287731238,30.0991664319798],[-90.4863107312471,30.0992344319938],[-90.4861957312674,30.1004114322521],[-90.4862037313043,30.101208432424],[-90.4862137313288,30.1017084325317],[-90.4862187313421,30.1019814325906],[-90.4860277312876,30.1019184325834],[-90.4846547308966,30.1014724325323],[-90.4840067307122,30.1012644325087],[-90.4791727293353,30.0996874323271],[-90.4784067291176,30.099450432301],[-90.4781627290482,30.0993724322922],[-90.4767207286371,30.0988934322363],[-90.4715477271639,30.0972144320437],[-90.4705407268787,30.0969264320146],[-90.4610987242053,30.094222431741],[-90.4612937242483,30.0939964316857],[-90.4616217243206,30.0936194315932],[-90.4624837245084,30.0925724313385],[-90.4629497246121,30.0920594312122],[-90.4660117254791,30.0929364313011],[-90.4663747255819,30.0930414313116],[-90.4692057263834,30.0938524313939],[-90.4697087264859,30.0930794312102],[-90.4721807269903,30.0892994303112],[-90.4722647270041,30.0890934302639],[-90.472546727073,30.088923430218],[-90.4734247272873,30.0883854300727],[-90.4737447273648,30.0881794300177],[-90.4740497274336,30.0878614299388],[-90.4753017276916,30.0860054294963],[-90.4759577278241,30.084971429251],[-90.4761637278657,30.0846474291741],[-90.4774477281263,30.0826524287006],[-90.4778337282048,30.0820534285583],[-90.4785437284123,30.0824064286112],[-90.4789557285327,30.0826104286417],[-90.4792607286216,30.082759428664],[-90.4791467285982,30.0829284287043],[-90.4790547285797,30.0830754287392],[-90.4789637285609,30.083209428771],[-90.4788867285451,30.0833254287987],[-90.4787957285266,30.0834664288321],[-90.4790167285913,30.083577428849],[-90.4791767286382,30.0836614288619],[-90.4792687286651,30.083708428869],[-90.4805197290311,30.0843404289644],[-90.4805897290456,30.0842344289392],[-90.4808617291012,30.0838224288412],[-90.4811377291578,30.0834054287419],[-90.4823127294786,30.0834724287177],[-90.4829767296601,30.0835124287045],[-90.483144729706,30.0835234287013],[-90.4847237301372,30.0836134286688],[-90.4860507304982,30.0836574286347]]]},"properties":{"OBJECTID":2,"ID":3,"AREA":1.15,"DISTRICT":"10","Sort":10,"NAME":"District 10","POPULATION":3949,"WHITE":917,"BLACK":2551,"AMINDIAN":4,"ASIAN":51,"HAWAIIAN":0,"OTHER":212,"IDEAL_VALU":3862,"DEVIATION":87,"F_DEVIATIO":0.0225,"Shape__Area":0.0002789756824768119,"Shape__Length":0.0842382168076}},{"type":"Feature","id":3,"geometry":{"type":"Polygon","coordinates":[[[-90.3930257141788,30.2856304753335],[-90.3923737139978,30.2855324753342],[-90.3914547137459,30.2854684753511],[-90.3902807134368,30.285671475434],[-90.3883447129421,30.2863484756447],[-90.3878937128269,30.2865064756937],[-90.3860987123573,30.2868844758352],[-90.3843277118774,30.2868854758945],[-90.3835667116635,30.2867134758828],[-90.3825297113721,30.2864784758666],[-90.3815397110854,30.2860634758103],[-90.3810217109354,30.2858454757805],[-90.3805037107854,30.2856274757506],[-90.3803897107524,30.2855804757443],[-90.3803347107362,30.28555147574],[-90.3787087102575,30.2846934756092],[-90.3784367101793,30.2845924755965],[-90.377749709982,30.2843384755646],[-90.3771097097981,30.284102475535],[-90.3756377093837,30.2837554755092],[-90.37527670928,30.2836234754928],[-90.3749117091771,30.2835334754856],[-90.3745467090731,30.2834174754728],[-90.3737317088514,30.2833974754956],[-90.3731417086942,30.2834604755289],[-90.3722697084659,30.2836434755975],[-90.3712837082217,30.2841624757423],[-90.368729707608,30.2859364762102],[-90.3664657070915,30.288126476758],[-90.3628607062143,30.2903854773656],[-90.3606557056641,30.2914524776694],[-90.3574837048762,30.2930774781258],[-90.3558307044672,30.2939594783711],[-90.3556417044205,30.2940614783995],[-90.3554517043735,30.2941624784277],[-90.3526967036917,30.2956324788367],[-90.3519177034981,30.2960264789478],[-90.3514047033705,30.2962854790207],[-90.3508917032429,30.2965444790936],[-90.3503137030992,30.2968364791759],[-90.3490107027626,30.2972134793009],[-90.3470797022455,30.2973594793968],[-90.3454977018012,30.2970104793744],[-90.3435417012388,30.2962854792832],[-90.3406677004315,30.2956514792422],[-90.3373616995191,30.2952874792741],[-90.3369556994087,30.2952824792865],[-90.3367886993634,30.2952814792919],[-90.3356136990442,30.2952654793276],[-90.3344376987246,30.2952484793632],[-90.3336426985086,30.2952384793876],[-90.3309426977969,30.2956984795771],[-90.3293636973818,30.2959924796932],[-90.3291876973356,30.296025479706],[-90.3290106972889,30.2960574797188],[-90.3278666969883,30.2962714798033],[-90.3265086966483,30.2969104799864],[-90.325192696319,30.2975304801641],[-90.3234456958832,30.2983864804072],[-90.322316695592,30.2987224805173],[-90.321928695493,30.298865480561],[-90.320847695204,30.2989584806172],[-90.3204696951029,30.2989904806367],[-90.3198536949297,30.2988514806273],[-90.3195056948318,30.298773480622],[-90.3193996948005,30.2987134806127],[-90.3156556936919,30.2966074802831],[-90.3130756929496,30.2956454801615],[-90.3122236927044,30.2953274801213],[-90.3106446922651,30.2950754801197],[-90.3100256920933,30.2949884801215],[-90.3094056919214,30.2949014801235],[-90.3093446919045,30.2948924801236],[-90.3092626918817,30.2948814801239],[-90.3091196918421,30.2948614801243],[-90.3087676917444,30.2948124801255],[-90.3079556915242,30.2948124801526],[-90.3063326910879,30.2949004802257],[-90.3054166908391,30.2948914802544],[-90.304105690483,30.2948794802955],[-90.3035796903389,30.294846480306],[-90.302729690106,30.2947954803232],[-90.3009286896128,30.2946854803595],[-90.298669688975,30.2941184803124],[-90.2978316887383,30.2939084802951],[-90.2973806886052,30.2936634802572],[-90.2970106884512,30.292451480008],[-90.2834326845362,30.2872104793291],[-90.2434076729149,30.2699764769394],[-90.1933176583681,30.2484114739418],[-90.1606416488767,30.2343424719819],[-90.1581806479355,30.2281334707198],[-90.1549196462277,30.2094054667733],[-90.1540396457291,30.2034854655204],[-90.1541566456404,30.2007334649206],[-90.1542576455655,30.1983994644118],[-90.1562616457251,30.1896184624437],[-90.1592576465132,30.1890354622185],[-90.1650466480359,30.187912461784],[-90.1786276516081,30.1852784607648],[-90.1807366521599,30.184806460593],[-90.197692656597,30.1810174592123],[-90.2029916579836,30.1798344587809],[-90.2052836585833,30.1793214585941],[-90.2203376625061,30.1756054572923],[-90.220359662512,30.1756004572906],[-90.234698666223,30.1714874559265],[-90.239853667557,30.1700094554362],[-90.2417906680582,30.169454455252],[-90.2598946727055,30.1634154533469],[-90.2781686774828,30.1593174518566],[-90.2841606790491,30.1579744513679],[-90.3214086888667,30.1515274487432],[-90.3266426902271,30.1501934482817],[-90.3325646915339,30.1433634466084],[-90.3422116934674,30.1277624429144],[-90.3497196951748,30.1202564410425],[-90.4009357076038,30.0870534321705],[-90.4052137086418,30.0842794314294],[-90.407011709078,30.0831144311181],[-90.4084537093956,30.0814364307076],[-90.408837709482,30.0810314306073],[-90.4095757096439,30.0801594303943],[-90.4100847097565,30.079579430252],[-90.4102087097815,30.0793824302053],[-90.4114547100577,30.0779734298593],[-90.4224107124736,30.0652954267551],[-90.4238897127959,30.063495426317],[-90.4257157132021,30.0614664258178],[-90.4413597166524,30.0433684213864],[-90.4421047168169,30.0425114211764],[-90.4426947169471,30.04183242101],[-90.4428447169922,30.0419324210267],[-90.4429067170059,30.0418614210092],[-90.4432147170731,30.0414894209187],[-90.4432047170702,30.0414844209179],[-90.4431967170593,30.0412814208743],[-90.4450047174478,30.0389544203112],[-90.4452417175081,30.0388634202837],[-90.4454247175483,30.0386514202318],[-90.4502237186074,30.0331114188749],[-90.4567927203647,30.0326344185562],[-90.4576897206046,30.0325694185126],[-90.4643507223864,30.0320854181896],[-90.4658257227801,30.0319584181137],[-90.4669547230812,30.0318554180544],[-90.4671527231302,30.0317524180255],[-90.4675497232361,30.0317144180044],[-90.4677937233022,30.0317144179964],[-90.467763723312,30.032128418087],[-90.4677477233171,30.0323474181349],[-90.4677257233266,30.0327044182129],[-90.4676947233394,30.0331944183199],[-90.4676797233459,30.0334354183726],[-90.4676097233679,30.0343834185802],[-90.4676027233708,30.0344914186037],[-90.4675807233785,30.0348084186732],[-90.4674587233687,30.0353424187927],[-90.4673077233426,30.0356844188718],[-90.4672297233291,30.0358614189125],[-90.4670767232988,30.0361164189727],[-90.4659557230584,30.0375704193243],[-90.4659397230657,30.0378374193826],[-90.4659777230788,30.0379054193961],[-90.4665727232746,30.0387054195498],[-90.4667547233341,30.038942419595],[-90.4673657235338,30.0397364197468],[-90.4676797236365,30.0401434198247],[-90.4687937239995,30.0415624200953],[-90.4698847243554,30.0429604203621],[-90.4700647244141,30.0431914204061],[-90.470257724477,30.043437420453],[-90.4707537246391,30.0440784205755],[-90.4709637247076,30.044348420627],[-90.4714867248783,30.0450224207557],[-90.4724937252077,30.0463344210065],[-90.4725317252202,30.0463844210162],[-90.4726237252539,30.0465884210573],[-90.472790725317,30.047000421141],[-90.4728827253658,30.0475514212571],[-90.4728977253743,30.0476564212793],[-90.4729207253884,30.0478354213174],[-90.472935725404,30.0481004213742],[-90.4729627254442,30.0488594215376],[-90.4730047255058,30.0500154217863],[-90.4730077255121,30.0501424218137],[-90.4730297255494,30.0508664219697],[-90.4730507255848,30.0515514221172],[-90.473065725608,30.051991422212],[-90.4731267256293,30.0521024222339],[-90.4732257256602,30.0521994222517],[-90.4733867257081,30.0522964222674],[-90.4737907258241,30.0524514222877],[-90.4746447260695,30.0527794223306],[-90.475415726291,30.0530754223693],[-90.4760407264641,30.053168422369],[-90.4766437266311,30.0532574223683],[-90.477238726796,30.0533454223678],[-90.4773537268279,30.0533644223683],[-90.4776817269235,30.0535214223913],[-90.4778117269628,30.0536164224076],[-90.4780557270413,30.0539024224616],[-90.4781467270703,30.0540054224808],[-90.4782667271091,30.0541504225082],[-90.4784247271602,30.0543404225442],[-90.4790627273661,30.0551084226894],[-90.479398727475,30.0555244227683],[-90.4801607277208,30.0564354229404],[-90.4804437278106,30.056739422997],[-90.4811837280485,30.0576084231606],[-90.4816527282083,30.0583634233085],[-90.4819997283264,30.0589194234174],[-90.4792377276324,30.0601494237743],[-90.4781927273694,30.0606074239077],[-90.477514727199,30.0609064239947],[-90.4774297271777,30.0609444240057],[-90.4763307269009,30.0614194241446],[-90.4759647268077,30.061555424186],[-90.4755457266912,30.0614824241839],[-90.4754627266693,30.0614954241895],[-90.4753317266347,30.0615154241982],[-90.4752247266075,30.061558424211],[-90.4744927264223,30.0618524242987],[-90.4738897262725,30.0621614243853],[-90.4739067262795,30.0622174243969],[-90.4740117263153,30.0623844244295],[-90.4743937264297,30.0626404244724],[-90.4747537265375,30.0628794245124],[-90.4752217266777,30.0631914245643],[-90.4755987267906,30.0634414246061],[-90.475766726841,30.0635524246245],[-90.4759337268907,30.0636584246421],[-90.4761937269681,30.0638224246689],[-90.4766287270981,30.0641034247153],[-90.4769577271963,30.0643144247502],[-90.4772697272894,30.0645154247834],[-90.4773767273215,30.0645844247948],[-90.4777507274332,30.0648284248354],[-90.4778847274734,30.0649154248497],[-90.4784677276475,30.0652934249124],[-90.4787957277457,30.0655104249485],[-90.4801387281474,30.0663904250947],[-90.4806287282942,30.0667174251494],[-90.4811607284536,30.0670734252089],[-90.4813587285129,30.0672064252311],[-90.4810657284444,30.0674534252942],[-90.4802097282441,30.0681744254783],[-90.4795067280796,30.0687664256294],[-90.4784447278311,30.0696614258581],[-90.4779167277075,30.0701044259711],[-90.4773597275771,30.070573426091],[-90.4771407275258,30.0707564261376],[-90.4769417274792,30.0709244261806],[-90.476002727259,30.0717024263798],[-90.4747057269655,30.0730254267087],[-90.4737817267615,30.0740864269685],[-90.47372972675,30.0741444269828],[-90.4735237267046,30.0743834270412],[-90.4734157266799,30.0744844270666],[-90.4732037266311,30.0746824271165],[-90.4717847263047,30.0760084274499],[-90.4717157262889,30.0760734274662],[-90.4698617258528,30.0775844278541],[-90.4672907252509,30.0797434284058],[-90.4669867251798,30.079999428471],[-90.466803725137,30.0801544285106],[-90.4659627249403,30.0808634286917],[-90.4655207248365,30.0812314287858],[-90.4636897244081,30.0827724291794],[-90.4630327242557,30.0833564293273],[-90.4625987241553,30.0837494294266],[-90.4624687241252,30.083865429456],[-90.4618127239671,30.084311429574],[-90.4612707238317,30.0845714296481],[-90.4606987236858,30.0847794297119],[-90.4600807235241,30.0849064297597],[-90.4599437234882,30.0849354297704],[-90.4592867233121,30.0849754298008],[-90.4586387231353,30.0849394298142],[-90.4579897229542,30.0848174298092],[-90.4576927228706,30.0847424298028],[-90.4559077223681,30.084300429766],[-90.4546947220268,30.0839984297406],[-90.4532217216124,30.0836384297111],[-90.4527027214679,30.0835484297087],[-90.452222721337,30.0835254297196],[-90.4516497211831,30.0835544297446],[-90.4510627210285,30.083651429785],[-90.4508457209716,30.0836954298018],[-90.4501427207911,30.0839194298732],[-90.4500917207778,30.0839304298773],[-90.4499267207367,30.0840144299009],[-90.4488887204787,30.0845404300489],[-90.4484467203692,30.0847734301139],[-90.4479347202423,30.0850444301892],[-90.4477137201876,30.0851604302216],[-90.4473317200927,30.0853594302773],[-90.4472627200757,30.0853954302874],[-90.4466287199182,30.085722430379],[-90.4461877198088,30.0859494304426],[-90.4460807197822,30.086004430458],[-90.4457917197104,30.0861534304998],[-90.4456997196876,30.0862014305131],[-90.4454857196344,30.0863114305439],[-90.4453707196059,30.0863704305605],[-90.4453027195891,30.0864054305704],[-90.4450507195265,30.0865354306067],[-90.4442187193199,30.0869644307269],[-90.4440437192812,30.0871654307761],[-90.4431267190531,30.0876274309063],[-90.4426857189435,30.0878494309689],[-90.4425027188979,30.0879414309947],[-90.4420297187841,30.0882674310808],[-90.4418767187504,30.0884484311251],[-90.4416327186946,30.0886814311834],[-90.4441507194066,30.0893794312516],[-90.4462407199986,30.0899824313131],[-90.446400720044,30.0900284313179],[-90.4468127201607,30.0901454313297],[-90.4529317218926,30.0918804315034],[-90.4591417236512,30.0936614316841],[-90.4595597237696,30.0937814316962],[-90.4610987242053,30.094222431741],[-90.4705407268787,30.0969264320146],[-90.4715477271639,30.0972144320437],[-90.4767207286371,30.0988934322363],[-90.4781627290482,30.0993724322922],[-90.4784067291176,30.099450432301],[-90.4791727293353,30.0996874323271],[-90.4840067307122,30.1012644325087],[-90.4846547308966,30.1014724325323],[-90.4860277312876,30.1019184325834],[-90.4862187313421,30.1019814325906],[-90.491293732787,30.1036244327785],[-90.4944387336824,30.1046414328947],[-90.4966557343136,30.1053594329766],[-90.4977007346115,30.1057044330167],[-90.4986317348768,30.1060114330523],[-90.4992117350418,30.1061964330732],[-90.5009127355238,30.1066964331251],[-90.5023937359407,30.1070684331567],[-90.5038197363403,30.1073834331777],[-90.5055667368273,30.1077114331909],[-90.5061167369793,30.1077834331884],[-90.5072147372826,30.1079284331836],[-90.5083357375909,30.1080404331707],[-90.5086037376645,30.1080674331678],[-90.5124637387236,30.1084054331133],[-90.5173797400734,30.108858433049],[-90.5212297411304,30.1092144329988],[-90.5231347416531,30.1093834329726],[-90.5325907442474,30.110219432841],[-90.537441745579,30.1106634327767],[-90.5468187481525,30.1115214326527],[-90.5468187481588,30.1116664326839],[-90.546834748167,30.1117524327019],[-90.5467807481538,30.1117834327105],[-90.5467967481597,30.1118194327177],[-90.5467807481571,30.1118594327268],[-90.5468037481641,30.1118784327303],[-90.5467657481563,30.1119334327434],[-90.5467967481703,30.1120634327703],[-90.5467277481561,30.1121644327945],[-90.5467507481637,30.1121974328008],[-90.5467887481741,30.1122004328001],[-90.5467657481699,30.1122444328105],[-90.5467967481802,30.1122884328189],[-90.5467577481708,30.1123154328261],[-90.5467507481702,30.1123454328328],[-90.5468037481888,30.1124434328522],[-90.5467967481887,30.1124834328612],[-90.5467657481818,30.1125174328695],[-90.5467657481832,30.1125484328762],[-90.5467887481908,30.1125824328828],[-90.5468187481979,30.1125614328771],[-90.546818748195,30.1124944328626],[-90.5468497482026,30.1124754328575],[-90.5468957482155,30.1124834328579],[-90.5468347482002,30.112511432866],[-90.5468417482041,30.1125574328755],[-90.5468117481974,30.1125904328837],[-90.5467967481962,30.112654432898],[-90.5468117482032,30.1127214329121],[-90.5468577482169,30.1127524329171],[-90.546803748203,30.1127694329226],[-90.5468417482156,30.1128204329324],[-90.5468117482121,30.1129254329561],[-90.5468807482353,30.1130304329765],[-90.5468347482253,30.1130874329902],[-90.5468497482319,30.1131454330023],[-90.5468117482224,30.1131624330071],[-90.5468267482289,30.1132174330187],[-90.5468117482277,30.113282433033],[-90.5468347482345,30.1132974330357],[-90.5468347482359,30.1133304330428],[-90.5468037482284,30.1133494330478],[-90.5468347482385,30.1133894330556],[-90.5468577482502,30.1135134330816],[-90.5468497482522,30.1136084331024],[-90.5468117482436,30.1136464331118],[-90.5468117482472,30.1137284331295],[-90.5468497482587,30.1137574331344],[-90.5468647482658,30.1138294331496],[-90.5468417482621,30.1138854331625],[-90.5468807482738,30.1139134331672],[-90.5468417482675,30.1140094331892],[-90.546887748281,30.1140324331926],[-90.5468347482676,30.1140564331995],[-90.5468187482648,30.1140914332077],[-90.5468347482699,30.1141084332108],[-90.5468037482633,30.1141484332204],[-90.5468417482755,30.1141924332288],[-90.5468347482804,30.1143484332626],[-90.5468577482882,30.1143844332696],[-90.5468347482846,30.1144454332836],[-90.5468417482937,30.1146094333187],[-90.5468957483126,30.1147054333378],[-90.5468957483147,30.1147544333483],[-90.5468577483065,30.11480243336],[-90.5468647483144,30.1149414333897],[-90.5468117483012,30.1149644333964],[-90.5468117483023,30.1149894334018],[-90.5468807483218,30.1150104334041],[-90.5468497483173,30.1151004334246],[-90.5468727483252,30.115138433432],[-90.5468347483162,30.1151684334397],[-90.546887748333,30.1152224334497],[-90.5468877483356,30.1152834334627],[-90.5468417483236,30.1152924334662],[-90.5468267483219,30.1153464334784],[-90.5468417483269,30.1153694334828],[-90.546895748342,30.115378433483],[-90.5468347483314,30.1155154335146],[-90.5468497483384,30.1155824335286],[-90.5468957483542,30.1156574335433],[-90.5468727483495,30.1156934335518],[-90.5468957483576,30.1157354335601],[-90.5468877483582,30.1158004335745],[-90.5468267483426,30.1158194335806],[-90.5468267483464,30.1159064335993],[-90.5468727483605,30.1159454336062],[-90.5468807483655,30.1160114336202],[-90.5469107483747,30.1160364336247],[-90.5469107483759,30.1160634336304],[-90.546872748367,30.1160954336386],[-90.5469107483821,30.1162064336614],[-90.5468577483692,30.1162364336695],[-90.5468807483773,30.1162804336783],[-90.5469027483886,30.1164024337039],[-90.546857748379,30.1164604337179],[-90.54685774838,30.1164844337231],[-90.546948748406,30.1165174337273],[-90.5469337484036,30.1165534337356],[-90.5468957483938,30.1165634337389],[-90.5468497483839,30.1166244337537],[-90.5468807483934,30.1166504337583],[-90.5468877483997,30.1167494337795],[-90.546910748407,30.1167764337844],[-90.5468727483986,30.1168164337943],[-90.5468647483978,30.1168494338017],[-90.5468347483896,30.1168474338023],[-90.5468187483864,30.1168754338089],[-90.5468577483988,30.1169144338161],[-90.54690274841,30.1168934338101],[-90.5469637484265,30.1168934338081],[-90.5469797484314,30.1169064338101],[-90.5469637484286,30.1169404338182],[-90.5469107484145,30.1169484338216],[-90.5468877484102,30.1169904338314],[-90.546880748416,30.1171674338699],[-90.546864748413,30.117198433877],[-90.5468957484232,30.1172364338843],[-90.5468647484176,30.1173034338999],[-90.5468577484187,30.1173694339143],[-90.5468267484112,30.1173904339198],[-90.5468347484141,30.1174084339235],[-90.5468647484223,30.1174114339231],[-90.5468877484275,30.1173854339168],[-90.5469107484342,30.1173984339187],[-90.5469027484337,30.1174344339269],[-90.5469257484412,30.1174634339323],[-90.5469107484401,30.1175334339478],[-90.5469257484487,30.1176354339695],[-90.546956748457,30.1176354339685],[-90.5469567484577,30.1176524339721],[-90.5469187484483,30.117669433977],[-90.5469187484512,30.1177364339915],[-90.5468957484468,30.1177764340009],[-90.5469637484697,30.1178814340214],[-90.5469187484588,30.1179114340292],[-90.5469417484676,30.1179684340409],[-90.5469187484632,30.118012434051],[-90.5469187484677,30.1181154340733],[-90.5468877484619,30.1181724340867],[-90.5469107484702,30.1182224340968],[-90.5468957484703,30.1183144341172],[-90.5469337484847,30.1184094341362],[-90.54687274847,30.1184514341474],[-90.5468957484777,30.1184834341536],[-90.5468807484746,30.1185084341594],[-90.5469257484886,30.1185484341667],[-90.5469027484861,30.1186324341856],[-90.5469417484982,30.1186684341921],[-90.5468807484844,30.1187314342076],[-90.5469417485016,30.1187464342088],[-90.5469337485022,30.1188094342227],[-90.5469567485094,30.1188344342275],[-90.5469377485108,30.1189824342599],[-90.546933748511,30.1190124342666],[-90.5469637485206,30.119046434273],[-90.5469417485156,30.1190674342782],[-90.5469567485223,30.1191304342914],[-90.5469487485221,30.119174434301],[-90.5469027485088,30.1191534342981],[-90.5468727485033,30.1192124343119],[-90.5469187485165,30.1192314343144],[-90.5469567485263,30.1192214343109],[-90.5469637485304,30.1192694343211],[-90.546902748514,30.1192714343235],[-90.5469107485174,30.11930243433],[-90.5469417485265,30.1193154343317],[-90.5468877485122,30.1193234343353],[-90.5468727485095,30.1193554343427],[-90.5469257485245,30.1193704343442],[-90.546933748529,30.1194224343552],[-90.5468877485191,30.1194814343693],[-90.5469417485347,30.1195044343726],[-90.5469487485375,30.1195274343773],[-90.5469107485299,30.1195864343912],[-90.5468577485167,30.1196114343983],[-90.5469027485313,30.1196664344088],[-90.5469417485421,30.1196724344088],[-90.5469487485449,30.1196964344138],[-90.5469417485454,30.1197484344253],[-90.5468877485336,30.119813434441],[-90.5469487485518,30.1198554344481],[-90.5468727485328,30.1198874344575],[-90.546925748548,30.1199084344603],[-90.5469487485556,30.1199424344669],[-90.5469947485684,30.1199484344665],[-90.5469717485637,30.1199824344748],[-90.5469187485485,30.1199634344725],[-90.5469027485454,30.1199904344788],[-90.5468497485315,30.1200004344826],[-90.54687274854,30.1200534344935],[-90.5469487485604,30.1200514344905],[-90.546971748571,30.1201484345106],[-90.54692574856,30.1201814345192],[-90.5469187485595,30.1202154345268],[-90.5468647485451,30.1202194345294],[-90.5468497485437,30.1202784345427],[-90.5468727485505,30.1202934345452],[-90.5469107485605,30.1202884345429],[-90.5469417485707,30.1203264345499],[-90.5469187485679,30.1204064345681],[-90.5469797485861,30.1204444345742],[-90.546971748587,30.1205134345894],[-90.5469187485729,30.1205204345927],[-90.5469107485713,30.120534434596],[-90.5469187485749,30.1205664346027],[-90.5470097486044,30.1206774346236],[-90.5470027486031,30.1206924346271],[-90.546941748587,30.1207004346308],[-90.5469187485821,30.1207324346384],[-90.5469797486019,30.1208064346524],[-90.5469487485944,30.1208294346584],[-90.5469637486007,30.1208794346688],[-90.5469257485907,30.1208834346708],[-90.5469107485883,30.1209234346801],[-90.5469637486046,30.1209674346878],[-90.5469867486129,30.1210144346971],[-90.5469717486123,30.121094434715],[-90.5469867486177,30.1211234347206],[-90.5469487486086,30.1211544347286],[-90.5469417486101,30.1212284347448],[-90.5469797486218,30.121262434751],[-90.5470097486298,30.1212584347491],[-90.5470327486367,30.1212744347517],[-90.5470857486543,30.1213504347665],[-90.547078748653,30.1213634347693],[-90.5470027486331,30.121377434775],[-90.5469797486301,30.1214514347916],[-90.5469947486414,30.1216174348271],[-90.546971748637,30.121659434837],[-90.5469947486462,30.121728434851],[-90.5469567486384,30.1217854348646],[-90.5469637486414,30.1218104348697],[-90.5470027486531,30.121836434874],[-90.5469717486454,30.1218504348782],[-90.5469567486442,30.1219174348932],[-90.5469867486546,30.1219684349032],[-90.5469717486531,30.1220274349163],[-90.5470097486653,30.1220714349246],[-90.5469717486597,30.1221764349486],[-90.5469027486436,30.1222374349639],[-90.5469567486609,30.1223004349758],[-90.5469797486701,30.1223674349896],[-90.5469337486631,30.1224914350178],[-90.546971748675,30.1225274350243],[-90.5469417486679,30.1225504350304],[-90.5469337486682,30.1226074350429],[-90.5470027486887,30.1226494350496],[-90.5470097486924,30.1226914350585],[-90.5470857487133,30.122700435058],[-90.547116748721,30.1226854350537],[-90.5471397487293,30.1227294350624],[-90.5470097486973,30.1228034350827],[-90.5470177487025,30.1228724350974],[-90.5469417486824,30.122882435102],[-90.5469637486908,30.1229394351135],[-90.5470027487012,30.1229354351114],[-90.5470177487058,30.1229484351137],[-90.5470097487052,30.1229834351216],[-90.5469567486935,30.1230444351365],[-90.5469867487053,30.1231284351537],[-90.5469567486993,30.1231774351653],[-90.5469637487021,30.1231984351695],[-90.5470177487171,30.1232064351694],[-90.547009748717,30.1232544351801],[-90.5469797487102,30.1232824351871],[-90.5469717487095,30.1233164351947],[-90.5470027487203,30.1233724352058],[-90.5469717487161,30.1234674352274],[-90.5470247487318,30.1235024352331],[-90.5470247487385,30.1236544352659],[-90.5471087487635,30.123704435274],[-90.5470557487534,30.1237994352963],[-90.5470787487609,30.1238304353021],[-90.5470477487537,30.1238584353092],[-90.54706374876,30.1239024353182],[-90.5470557487611,30.1239764353344],[-90.5470247487543,30.1240164353442],[-90.5470557487652,30.1240704353546],[-90.5469947487534,30.1241794353803],[-90.5470097487597,30.1242304353908],[-90.5469797487531,30.124263435399],[-90.547032748771,30.124345435415],[-90.54697974876,30.124421435433],[-90.5469947487651,30.1244464354378],[-90.547032748776,30.1244594354396],[-90.5470177487758,30.1245474354591],[-90.5470407487837,30.1245874354669],[-90.5470707487926,30.12460643547],[-90.547108748802,30.1245854354642],[-90.5471317488085,30.1245914354648],[-90.5471317488096,30.1246154354699],[-90.5470937487991,30.1246104354701],[-90.5470027487783,30.1246994354924],[-90.5470557487975,30.1248084355141],[-90.5469947487817,30.1248274355202],[-90.5470027487857,30.1248674355285],[-90.5470327487947,30.1248884355322],[-90.54700974879,30.1249224355403],[-90.5470097487912,30.1249514355465],[-90.5470327487986,30.1249764355512],[-90.5470177487954,30.1249974355562],[-90.5470477488045,30.1250184355597],[-90.5470177487969,30.1250314355635],[-90.5470097487975,30.1250944355774],[-90.5470707488174,30.1251724355921],[-90.5470637488172,30.1252104356007],[-90.5470327488105,30.1252494356102],[-90.5470557488191,30.1253024356208],[-90.5469797487995,30.1253254356282],[-90.5470637488247,30.1253824356379],[-90.547055748824,30.1254154356452],[-90.5469797488036,30.1254184356484],[-90.5469717488033,30.1254604356576],[-90.5469947488092,30.1254554356559],[-90.5470407488231,30.1254894356617],[-90.5469867488091,30.1255004356659],[-90.5469417487994,30.1255564356793],[-90.5470027488183,30.1256134356897],[-90.5469797488138,30.125653435699],[-90.5470097488229,30.1256764357031],[-90.5470247488291,30.1257274357136],[-90.5470787488455,30.1257664357203],[-90.5471087488564,30.1258284357326],[-90.5470937488529,30.1258404357356],[-90.5471017488571,30.1258884357458],[-90.5470787488522,30.1259184357531],[-90.5470787488536,30.12595143576],[-90.5471017488606,30.1259664357627],[-90.5470937488591,30.1259834357664],[-90.5470477488472,30.1259964357709],[-90.5470407488492,30.1260864357906],[-90.5470857488635,30.1261344357994],[-90.5470857488644,30.1261554358038],[-90.5470557488584,30.1262004358145],[-90.5470557488618,30.1262794358318],[-90.5470247488557,30.1263344358446],[-90.547024748857,30.1263644358511],[-90.5470937488778,30.1264104358588],[-90.5470787488777,30.1265024358791],[-90.5470097488604,30.1265324358879],[-90.5470097488631,30.1265934359011],[-90.5470857488883,30.1267024359221],[-90.5470707488868,30.1267594359348],[-90.5471017489043,30.1269674359787],[-90.5470557489024,30.1272074360322],[-90.5470027488894,30.1272384360405],[-90.546994748889,30.1272804360498],[-90.5470097488941,30.1273034360544],[-90.547063748909,30.1273094360538],[-90.5470787489139,30.1273304360579],[-90.547101748926,30.1274634360858],[-90.5470937489259,30.1275094360961],[-90.5470027489046,30.1275854361155],[-90.5470247489157,30.1277074361411],[-90.547009748916,30.1278034361623],[-90.5470637489368,30.1279444361909],[-90.5470637489388,30.1279904362009],[-90.5470407489334,30.1280104362061],[-90.5469947489207,30.128003436206],[-90.546963748913,30.1280204362107],[-90.5469637489143,30.1280494362169],[-90.5470247489309,30.128054436216],[-90.5470327489366,30.1281314362323],[-90.5470937489551,30.1281784362404],[-90.5471087489606,30.1282094362467],[-90.5470787489588,30.1283564362794],[-90.5471397489859,30.1285964363293],[-90.5470937489964,30.1291224364444],[-90.5470707489937,30.1292034364626],[-90.5471017490085,30.1293484364928],[-90.5470407489936,30.1293864365031],[-90.5470407489942,30.1294014365062],[-90.5470707490039,30.1294374365131],[-90.5470707490064,30.1294944365254],[-90.5471247490236,30.1295524365361],[-90.5471397490301,30.1296074365474],[-90.5471317490322,30.1297044365686],[-90.5470557490158,30.129800436592],[-90.547063749021,30.1298704366068],[-90.5471547490466,30.1298954366091],[-90.5471697490533,30.129952436621],[-90.5471547490531,30.1300444366414],[-90.5470707490319,30.130076436651],[-90.5470327490249,30.130149436668],[-90.5470327490367,30.1304184367262],[-90.5470637490475,30.1304754367374],[-90.5471777490758,30.130416436721],[-90.5472007490819,30.1304164367202],[-90.5472087490851,30.1304394367248],[-90.5471547490751,30.1305454367496],[-90.5471247490806,30.1308544368173],[-90.5470857490768,30.1310094368521],[-90.5467277489906,30.1312514369161],[-90.5465297489421,30.1313694369481],[-90.5464607489272,30.1314534369685],[-90.5464607489303,30.1315244369839],[-90.5466287489758,30.1315264369787],[-90.5466517489832,30.1315524369836],[-90.5466897490052,30.1318194370399],[-90.5466517490014,30.1319684370734],[-90.5466587490139,30.1322124371258],[-90.5466967490277,30.1322894371411],[-90.5466817490279,30.132388437163],[-90.5466967490355,30.1324684371798],[-90.5468037490733,30.1326724372204],[-90.5467577490649,30.1327644372417],[-90.5467507490659,30.1328304372561],[-90.5468037490862,30.1329664372838],[-90.5467807490858,30.1330994373133],[-90.5468497491064,30.1331434373204],[-90.5468497491085,30.1331914373308],[-90.5468267491051,30.1332544373453],[-90.5467887490956,30.1332734373506],[-90.5467807490948,30.1333034373573],[-90.5468037491038,30.1333684373706],[-90.5468497491183,30.1334164373795],[-90.546841749123,30.1335724374134],[-90.5468877491394,30.1336624374313],[-90.5468647491337,30.1336754374349],[-90.5468577491351,30.1337484374509],[-90.5467737491175,30.1338664374791],[-90.5468267491481,30.1342364375571],[-90.5468577491573,30.1342574375608],[-90.5468037491478,30.1343734375876],[-90.5468577491653,30.1344404376002],[-90.546857749168,30.1345014376134],[-90.5468117491589,30.1345774376314],[-90.5467197491352,30.1346044376402],[-90.5466667491198,30.134581437637],[-90.5465907491008,30.134616437647],[-90.5464837490705,30.1345874376444],[-90.5463997490484,30.1345974376492],[-90.5463997490501,30.134637437658],[-90.5464457490641,30.1346734376642],[-90.5466207491134,30.1347194376682],[-90.5467357491475,30.1347854376788],[-90.5467427491503,30.1348084376835],[-90.5468187491715,30.1348254376846],[-90.5468727491906,30.1349254377045],[-90.5468497491865,30.1349744377159],[-90.5467737491688,30.1350394377324],[-90.546864749192,30.1350074377224],[-90.546895749201,30.1350204377242],[-90.5469107492067,30.1350584377318],[-90.546887749202,30.1350924377401],[-90.5468187491849,30.1351314377508],[-90.54682674919,30.135194437764],[-90.5469107492134,30.1352134377653],[-90.5469107492149,30.1352474377728],[-90.5469027492145,30.1352854377812],[-90.5468037491899,30.1353354377953],[-90.5468187491948,30.1353564377993],[-90.5468727492087,30.1353394377939],[-90.5468807492128,30.1353844378034],[-90.546857749211,30.1354834378253],[-90.5468807492175,30.1354914378264],[-90.5468877492206,30.1355184378319],[-90.5468497492119,30.1355544378411],[-90.5468497492281,30.1359244379208],[-90.5468037492214,30.136056437951],[-90.5468187492268,30.1360884379574],[-90.5468807492429,30.1360714379516],[-90.5469027492495,30.1360844379537],[-90.5468417492391,30.1362254379861],[-90.5469187492606,30.1362394379865],[-90.5469417492674,30.1362524379887],[-90.5469417492685,30.1362774379941],[-90.5469337492676,30.1363064380005],[-90.5468647492516,30.1363704380168],[-90.5469417492732,30.1363844380171],[-90.5469187492721,30.1365024380434],[-90.547009749299,30.1365554380518],[-90.5470177493023,30.136580438057],[-90.5469867492943,30.1365884380597],[-90.5469337492789,30.1365654380563],[-90.5469027492712,30.1365804380608],[-90.546902749273,30.1366224380698],[-90.546941749285,30.1366554380757],[-90.5469867492977,30.1366664380766],[-90.5469867492997,30.1367124380864],[-90.5469027492812,30.1368094381102],[-90.5468497492669,30.1368114381124],[-90.5467887492478,30.1367504381013],[-90.5467277492305,30.1367314380991],[-90.5466897492201,30.1367274380995],[-90.5466287492044,30.1367484381062],[-90.5466287492102,30.1368804381346],[-90.5465907492064,30.1370274381675],[-90.5466207492191,30.1371354381898],[-90.5466287492289,30.1373074382267],[-90.5466817492461,30.1373724382391],[-90.5467577492675,30.1373914382406],[-90.5467737492695,30.1373394382288],[-90.5467127492492,30.1372524382122],[-90.5467127492464,30.1371874381981],[-90.5467427492531,30.1371584381907],[-90.5467357492472,30.1370634381706],[-90.5468957492877,30.1370004381517],[-90.5469417493011,30.1370214381546],[-90.5469337493003,30.1370534381618],[-90.5468807492881,30.1371034381744],[-90.5468727492876,30.1371414381828],[-90.5469487493144,30.1372844382112],[-90.5469867493347,30.1375114382589],[-90.5469867493378,30.1375824382743],[-90.5469567493327,30.1376544382907],[-90.5470027493488,30.137736438307],[-90.5469027493232,30.137767438317],[-90.5468877493219,30.1378314383313],[-90.5469797493527,30.1379674383577],[-90.5470557493753,30.138013438365],[-90.5470637493793,30.1380554383739],[-90.5469947493601,30.1380434383735],[-90.5469487493482,30.1380564383778],[-90.5469567493543,30.138146438397],[-90.5470407493795,30.1382034384066],[-90.5470247493766,30.1382364384142],[-90.5469487493558,30.1382304384154],[-90.5469417493547,30.1382454384189],[-90.5469487493605,30.1383374384385],[-90.5469187493566,30.13843243846],[-90.5469107493597,30.1385544384866],[-90.5469637493754,30.1385854384916],[-90.5469637493762,30.1386024384952],[-90.5469187493672,30.1386744385122],[-90.5467807493327,30.1387374385304],[-90.546696749309,30.1387164385287],[-90.5466437492949,30.1387204385313],[-90.5466357492937,30.1387434385365],[-90.5466517492995,30.1387764385431],[-90.5467127493163,30.1387854385431],[-90.5467737493343,30.1388194385484],[-90.5468267493477,30.1387954385415],[-90.5468727493599,30.1387934385395],[-90.5468877493658,30.1388334385476],[-90.5468647493604,30.1388544385528],[-90.5467807493382,30.1388634385576],[-90.5468037493462,30.1389054385659],[-90.5469417493827,30.1388864385574],[-90.5469717493914,30.1389004385593],[-90.5469867493977,30.1389514385697],[-90.5470477494152,30.1389744385727],[-90.5470557494188,30.1390064385795],[-90.5470247494106,30.1390124385817],[-90.5469487493878,30.1389624385734],[-90.5469107493786,30.1389854385795],[-90.5469487493906,30.1390254385871],[-90.5469567493952,30.1390794385985],[-90.5470097494094,30.1390754385959],[-90.547017749412,30.1390864385978],[-90.5469487493971,30.1391744386191],[-90.5469417493981,30.139237438633],[-90.5469637494055,30.1392714386396],[-90.5470177494207,30.1392854386409],[-90.547032749426,30.1393124386462],[-90.5470327494274,30.1393444386531],[-90.5470097494221,30.1393674386589],[-90.5469337494033,30.1394054386696],[-90.5469947494206,30.139426438672],[-90.5470177494282,30.1394554386776],[-90.5469867494207,30.1394764386832],[-90.5469797494235,30.1395844387068],[-90.5469417494158,30.1396414387202],[-90.5469417494173,30.1396764387279],[-90.5470477494486,30.1397374387374],[-90.5470557494523,30.1397714387445],[-90.5470477494518,30.1398094387531],[-90.5470247494462,30.1398274387576],[-90.5469487494267,30.1398494387649],[-90.5469337494255,30.1399124387791],[-90.5469027494171,30.1399124387801],[-90.5468807494103,30.1398934387766],[-90.5468727494061,30.1398464387667],[-90.5468497493997,30.1398424387666],[-90.5468187493934,30.1398934387786],[-90.5467737493816,30.1398994387815],[-90.5467657493777,30.1398594387731],[-90.5467197493647,30.1398464387718],[-90.5466057493357,30.1398884387847],[-90.5466127493389,30.1399204387914],[-90.5468807494125,30.1399434387874],[-90.5469027494197,30.1399714387927],[-90.546963749436,30.1399684387902],[-90.5470097494475,30.1399474387839],[-90.5470477494592,30.1399794387896],[-90.5470557494626,30.1400064387953],[-90.5470247494559,30.1400484388053],[-90.547108749483,30.1401454388235],[-90.5470937494802,30.1401744388303],[-90.5470097494582,30.1401914388368],[-90.5470097494599,30.1402294388449],[-90.5470557494736,30.1402564388491],[-90.5471247494982,30.1403934388766],[-90.5471017494941,30.1404414388876],[-90.547055749482,30.1404484388907],[-90.5470327494767,30.1404694388959],[-90.5470327494803,30.1405514389136],[-90.5470787494948,30.140601438923],[-90.547078749496,30.1406284389287],[-90.5470247494825,30.1406564389366],[-90.5470477494914,30.1407134389482],[-90.5470177494911,30.1408914389876],[-90.5470247494956,30.1409544390008],[-90.547063749508,30.1409944390083],[-90.547078749517,30.1411064390318],[-90.547055749515,30.1412024390535],[-90.5470637495181,30.1412234390577],[-90.5471777495494,30.1412344390563],[-90.5472007495565,30.14125543906],[-90.5471697495494,30.1412844390674],[-90.5471017495315,30.1412954390721],[-90.5471317495424,30.1413584390846],[-90.547124749547,30.1415074391171],[-90.5471167495459,30.1415324391226],[-90.5470637495336,30.1415794391345],[-90.5471547495631,30.1416924391558],[-90.5471627495666,30.1417224391621],[-90.5471247495575,30.1417474391688],[-90.5471627495711,30.1418244391842],[-90.5471547495713,30.1418794391964],[-90.5471087495616,30.141940439211],[-90.547070749552,30.1419574392159],[-90.5470097495356,30.1419574392179],[-90.5469487495205,30.1419914392272],[-90.5469107495086,30.1419534392203],[-90.5468497494932,30.1419784392277],[-90.5468187494846,30.1419744392279],[-90.546765749468,30.1419194392179],[-90.5467427494615,30.1419174392182],[-90.5467277494592,30.1419534392264],[-90.5467737494749,30.1420294392413],[-90.5468187494883,30.1420604392465],[-90.5469797495323,30.1420684392428],[-90.5471247495729,30.1420984392445],[-90.5471247495757,30.1421634392585],[-90.5470477495567,30.1422054392703],[-90.5470407495615,30.1423594393037],[-90.5470707495713,30.1423984393111],[-90.5471317495887,30.1424154393128],[-90.5471087495941,30.1426804393707],[-90.5471397496076,30.1427964393947],[-90.5470937495982,30.1428674394115],[-90.5470937496008,30.1429264394244],[-90.5471167496075,30.1429394394264],[-90.5471477496143,30.142901439417],[-90.5471927496265,30.1429014394155],[-90.5472087496324,30.1429394394233],[-90.5471927496324,30.143037439445],[-90.5470937496066,30.143059439453],[-90.5470937496098,30.1431324394688],[-90.547169749634,30.1432164394844],[-90.547139749632,30.143353439515],[-90.5470407496072,30.1434014395285],[-90.54704774961,30.1434224395329],[-90.5471477496404,30.1434964395455],[-90.5471547496438,30.1435344395536],[-90.5471397496416,30.1435734395624],[-90.5470707496233,30.143584439567],[-90.5469637495915,30.1435174395561],[-90.5469107495774,30.1435234395593],[-90.5468037495518,30.1435994395791],[-90.5467967495517,30.1436394395881],[-90.54681874956,30.1436954395995],[-90.5469027495835,30.1437104395999],[-90.5469337495886,30.1436374395832],[-90.5469717495985,30.1436264395795],[-90.5471247496446,30.1437354395979],[-90.5471857496611,30.1437354395959],[-90.5471927496641,30.1437614396013],[-90.5471697496599,30.1438074396119],[-90.5471017496429,30.1438384396209],[-90.5470937496418,30.1438644396268],[-90.5471247496525,30.143916439637],[-90.5471927496712,30.1439224396361],[-90.5472157496781,30.1439394396389],[-90.5472157496803,30.1439904396499],[-90.5471857496742,30.1440344396605],[-90.5470857496494,30.144086439675],[-90.5470027496265,30.1440764396756],[-90.5468577495888,30.1441104396877],[-90.5468497495881,30.1441454396955],[-90.5468807495988,30.1441984397058],[-90.5468647495974,30.1442654397209],[-90.5468647496052,30.1444424397592],[-90.5469187496207,30.1444614397615],[-90.5469567496265,30.1443624397388],[-90.546979749632,30.144343439734],[-90.547024749644,30.1443414397321],[-90.5470857496613,30.1443584397337],[-90.5471247496732,30.144389439739],[-90.5471397496809,30.1444714397562],[-90.5471927496977,30.1445284397669],[-90.5471927497041,30.1446734397981],[-90.5471547496964,30.1447344398126],[-90.5471777497036,30.1447554398164],[-90.5472307497184,30.1447654398167],[-90.5472307497194,30.1447884398218],[-90.5471777497064,30.1448184398298],[-90.5472157497202,30.1449004398463],[-90.5471777497111,30.1449254398531],[-90.5471697497102,30.1449554398598],[-90.5471777497139,30.144990439867],[-90.5472237497276,30.1450184398715],[-90.5472467497372,30.1450974398878],[-90.5472847497486,30.1451234398923],[-90.5472767497471,30.1451354398951],[-90.5472087497286,30.1451354398973],[-90.5471927497261,30.1451754399064],[-90.5471627497257,30.1453524399457],[-90.547200749742,30.1454914399744],[-90.5471697497409,30.1456554400109],[-90.5472157497588,30.1457814400365],[-90.5472157497607,30.1458254400461],[-90.5471397497421,30.1458674400576],[-90.54712474974,30.1459134400681],[-90.5472387497726,30.1459534400729],[-90.5472387497742,30.1459894400807],[-90.5471927497657,30.1460794401015],[-90.5472237497741,30.1460794401005],[-90.5472467497791,30.1460544400944],[-90.5472767497877,30.1460624400951],[-90.547276749792,30.1461594401161],[-90.5471697497675,30.1462644401423],[-90.5471777497712,30.1462964401489],[-90.5472307497851,30.1462874401452],[-90.5472617497952,30.1463254401525],[-90.5472997498098,30.1464264401729],[-90.5472537497987,30.146456440181],[-90.5472537497996,30.1464774401855],[-90.5472917498117,30.1465194401933],[-90.5472617498073,30.1466034402124],[-90.5472537498085,30.1466804402293],[-90.547253749813,30.1467834402515],[-90.5472847498245,30.1468554402661],[-90.5472467498164,30.1469034402776],[-90.547238749816,30.1469434402866],[-90.5472537498206,30.1469564402889],[-90.54729174983,30.1469374402834],[-90.547375749856,30.1470114402967],[-90.5473457498524,30.1471134403198],[-90.5472767498347,30.1471344403266],[-90.5472697498342,30.1471664403337],[-90.5473077498479,30.1472444403493],[-90.5472617498402,30.1473534403743],[-90.5471777498187,30.1473824403833],[-90.5471087497985,30.1473454403776],[-90.5470707497881,30.1473454403788],[-90.5471017498012,30.1474504404006],[-90.5470327497867,30.1475464404236],[-90.5469867497757,30.147578440432],[-90.5469637497768,30.147746440469],[-90.5469337497729,30.1478434404908],[-90.5470027497938,30.1478934404994],[-90.5470477498063,30.1479004404994],[-90.5470707498117,30.147883440495],[-90.5470857498119,30.1477944404752],[-90.5471777498365,30.1477884404709],[-90.5471857498376,30.1477634404653],[-90.5471317498208,30.1477134404563],[-90.5471317498179,30.1476474404421],[-90.5471547498241,30.1476494404417],[-90.5471927498368,30.1477004404515],[-90.5472307498406,30.1475534404186],[-90.5472617498477,30.1475254404115],[-90.547291749857,30.1475534404165],[-90.5473077498647,30.1476294404323],[-90.5473687498834,30.1476814404415],[-90.5472997498701,30.1478014404697],[-90.5472157498501,30.1478644404861],[-90.5472157498519,30.1479044404947],[-90.547246749861,30.1479214404973],[-90.5472917498716,30.1478874404885],[-90.5473607498898,30.1478764404838],[-90.5473917499005,30.1479274404938],[-90.5473837498993,30.1479484404987],[-90.5473147498807,30.1479504405014],[-90.5472997498772,30.1479634405048],[-90.5473077498873,30.1481434405433],[-90.5473537499089,30.1483524405868],[-90.5473537499212,30.1486334406474],[-90.5473837499341,30.1487434406702],[-90.5473537499313,30.1488644406974],[-90.547383749945,30.1489914407238],[-90.5473837499502,30.1491104407494],[-90.5473377499397,30.1491554407606],[-90.5470247498589,30.1492454407906],[-90.5470027498541,30.1492704407966],[-90.5470407498651,30.1492874407991],[-90.5473537499479,30.1492434407792],[-90.5473987499606,30.1492554407803],[-90.5474147499663,30.1492874407867],[-90.5473917499631,30.1493544408019],[-90.5473537499538,30.1493774408081],[-90.5474367499769,30.1493924408086],[-90.5474147499727,30.1494324408179],[-90.5473837499648,30.1494434408213],[-90.5474447499839,30.1495024408321],[-90.5474297499852,30.1496254408592],[-90.5474367499906,30.1497034408756],[-90.5474757500018,30.149720440878],[-90.5475057500092,30.1497054408738],[-90.5475207500144,30.1497294408785],[-90.5474827500068,30.149790440893],[-90.5474447499977,30.1498174409],[-90.5474067499905,30.1498884409166],[-90.5474067499946,30.1499834409372],[-90.5474757500143,30.1500064409398],[-90.5474907500201,30.1500464409479],[-90.5474447500101,30.1501014409614],[-90.5474447500111,30.1501224409659],[-90.5475137500317,30.1501684409736],[-90.5474977500294,30.1502164409844],[-90.5474367500142,30.1502434409923],[-90.5474297500152,30.1503094410067],[-90.5474757500297,30.1503574410154],[-90.5474677500303,30.150418441029],[-90.547383750012,30.150521441054],[-90.5473757500114,30.150557441062],[-90.5473917500167,30.1505784410661],[-90.5474597500342,30.1505594410596],[-90.5474667500405,30.1506574410806],[-90.5474817500539,30.1508704411261],[-90.5485737510241,30.1662554444097],[-90.5485817510304,30.1663484444296],[-90.5485437510242,30.1664424444511],[-90.5485437510322,30.1666234444902],[-90.5485277510311,30.1666994445072],[-90.548497751024,30.1667204445127],[-90.5484897510237,30.1667604445215],[-90.5484977510266,30.1667794445253],[-90.5485357510371,30.1667834445251],[-90.5485507510402,30.1667624445199],[-90.5485817510494,30.1667814445231],[-90.5485817510509,30.1668154445304],[-90.5484977510307,30.1668734445457],[-90.5485057510378,30.1669854445696],[-90.548489751035,30.1670184445772],[-90.5485507510517,30.1670234445763],[-90.548573751059,30.1670484445809],[-90.5485507510545,30.1670884445902],[-90.548588751065,30.1670944445902],[-90.5486117510725,30.1671214445954],[-90.5485667510637,30.1671974446133],[-90.5485667510656,30.1672414446227],[-90.5485817510693,30.1672334446206],[-90.5486117510796,30.1672834446304],[-90.5486277510865,30.1673424446425],[-90.5486047510805,30.1673504446449],[-90.5486347510914,30.1674094446568],[-90.5486277510924,30.1674774446717],[-90.5485817510803,30.167485444675],[-90.5485277510676,30.1675294446862],[-90.5485127510664,30.1675924447003],[-90.5485507510784,30.1676324447077],[-90.5485357510776,30.1677044447236],[-90.5484827510639,30.167721444729],[-90.5484827510657,30.1677624447379],[-90.5486197511077,30.167876444758],[-90.5486117511072,30.1679124447661],[-90.5484977510812,30.1680234447938],[-90.548527751091,30.1680634448013],[-90.5486197511176,30.1681014448066],[-90.5486197511206,30.1681704448214],[-90.5485817511107,30.1681774448242],[-90.5486067511179,30.168185444825],[-90.548640751128,30.1682064448286],[-90.5486737511379,30.1682294448324],[-90.5487187511501,30.1682314448313],[-90.5487717511636,30.1682114448252],[-90.5488327511783,30.1681714448146],[-90.5489247512027,30.1681604448091],[-90.5489327512058,30.168179444813],[-90.5489787512176,30.1681664448086],[-90.5490087512276,30.1682084448168],[-90.5489787512208,30.1682384448243],[-90.5489397512103,30.1682384448256],[-90.5489247512098,30.1683224448442],[-90.549062751249,30.1683624448482],[-90.5490927512561,30.1683394448423],[-90.549153751274,30.1683724448473],[-90.54912375127,30.1684654448684],[-90.5490697512575,30.168515444881],[-90.5490627512573,30.168551444889],[-90.5491917512928,30.1685664448879],[-90.5492147513,30.1685894448921],[-90.5492907513214,30.1686084448938],[-90.549298751325,30.1686414449006],[-90.5492527513144,30.1686814449106],[-90.5493297513372,30.1687274449181],[-90.5493677513455,30.1686834449072],[-90.5493907513531,30.168713444913],[-90.5495357513925,30.1687174449091],[-90.5495577514005,30.1687634449183],[-90.5495657514089,30.1689064449489],[-90.5494667513857,30.1689864449693],[-90.5494737513931,30.1691124449964],[-90.5497487514614,30.1689754449576],[-90.549855751489,30.1689444449475],[-90.5500157515357,30.169022444959],[-90.5504507516547,30.1690554449517],[-90.5507937517478,30.1690624449418],[-90.5512897518872,30.1691814449509],[-90.5515337519537,30.1691924449454],[-90.5516637519926,30.1692784449595],[-90.5517787520239,30.1692804449561],[-90.5518617520511,30.1693904449771],[-90.5518317520456,30.169450444991],[-90.5517327520228,30.1695394450136],[-90.5516947520169,30.1696384450362],[-90.5517787520422,30.1696974450461],[-90.5514047519396,30.169667445052],[-90.5511067518589,30.1696614450606],[-90.5510387518418,30.1696924450697],[-90.5506567517386,30.1696944450828],[-90.5505957517254,30.1697684451007],[-90.5506037517297,30.1698184451112],[-90.5506337517389,30.1698444451159],[-90.550923751822,30.1699494451289],[-90.5512827519206,30.1699824451241],[-90.5513887519482,30.1699594451156],[-90.5515567519953,30.1699954451177],[-90.5516487520202,30.1699974451151],[-90.5517017520331,30.1699654451065],[-90.5520377521239,30.1699634450949],[-90.5521597521548,30.1699154450806],[-90.5524647522368,30.1699034450678],[-90.5525797522701,30.1699554450752],[-90.5527547523184,30.169976445074],[-90.5527547523198,30.1700084450808],[-90.5528007523349,30.1700684450924],[-90.5528917523604,30.1700874450933],[-90.5530977524162,30.1700904450872],[-90.5531747524388,30.1701324450936],[-90.5533267524808,30.1701514450928],[-90.5535407525382,30.1701404450833],[-90.5535787525499,30.1701744450894],[-90.5537157525896,30.1702334450976],[-90.5537997526073,30.1701194450702],[-90.5540137526632,30.1700734450531],[-90.554166752704,30.1700604450453],[-90.5543567527581,30.1701214450522],[-90.5545707528236,30.1702934450822],[-90.5546547528433,30.1702284450654],[-90.554600752825,30.1701424450486],[-90.5546397528304,30.1700264450223],[-90.5548607528947,30.1701304450373],[-90.5550127529423,30.1702754450636],[-90.5550207529471,30.1703354450763],[-90.5552347530098,30.1704474450934],[-90.5553407530397,30.1704744450956],[-90.5554477530679,30.1704594450888],[-90.5556237531054,30.1702284450332],[-90.5556387531066,30.1701614450182],[-90.555676753117,30.1701634450174],[-90.5557687531438,30.1702074450239],[-90.5558977531779,30.1701914450161],[-90.5560967532253,30.170045444978],[-90.556233753264,30.1700814449812],[-90.5563557533092,30.1703594450372],[-90.5564547533393,30.1704364450505],[-90.5566837534051,30.1705234450618],[-90.5568287534437,30.1705104450539],[-90.5569277534643,30.1703694450203],[-90.557042753493,30.1703144450047],[-90.557133753514,30.170232444984],[-90.5572107535272,30.1700584449439],[-90.5571947535088,30.1697394448757],[-90.5574467535728,30.1696444448468],[-90.5578127536766,30.1697514448577],[-90.5580037537299,30.1697894448595],[-90.5581257537659,30.1698584448703],[-90.5581257537706,30.1699664448937],[-90.558102753766,30.1700064449031],[-90.5580187537446,30.1700314449113],[-90.5579197537221,30.1701294449357],[-90.5578737537096,30.1701294449372],[-90.557759753682,30.1702014449565],[-90.5577597536842,30.1702514449673],[-90.5576677536599,30.1702664449736],[-90.55756175363,30.1702394449714],[-90.5574777536055,30.1701954449645],[-90.5573787535834,30.1703024449909],[-90.5573177535672,30.1703104449947],[-90.5573177535702,30.1703774450091],[-90.5574237536011,30.1704284450167],[-90.5574167536017,30.1704874450295],[-90.5573247535793,30.170544445045],[-90.557339753586,30.1706034450572],[-90.5574167536048,30.1705584450449],[-90.5575007536269,30.1705424450388],[-90.5575387536358,30.1705104450304],[-90.5575997536516,30.1704954450252],[-90.5578057537082,30.170516445023],[-90.5578667537214,30.1704414450048],[-90.5581487538008,30.1705144450112],[-90.5583087538429,30.1704834449992],[-90.5584007538645,30.1704094449802],[-90.5585687539166,30.1705634450078],[-90.5586067539314,30.1706654450285],[-90.5585457539177,30.1707294450444],[-90.5585687539257,30.1707714450527],[-90.558659753953,30.1708324450627],[-90.5591637540891,30.1708254450446],[-90.5592857541207,30.1707944450338],[-90.5593237541291,30.1707524450236],[-90.5593237541266,30.1706954450112],[-90.5593617541361,30.1706784450063],[-90.5594607541656,30.1707394450162],[-90.559590754203,30.1707904450228],[-90.5597667542501,30.1707774450142],[-90.5598117542596,30.1707204450005],[-90.5599417542949,30.1707224449966],[-90.5599647543034,30.1707734450068],[-90.5601247543501,30.1708514450184],[-90.5603077544052,30.1709794450399],[-90.5605217544611,30.1709334450227],[-90.560689754515,30.1711284450594],[-90.5607657545333,30.1710734450449],[-90.560796754539,30.1710144450312],[-90.5608037545398,30.1709894450255],[-90.5607507545207,30.1708804450038],[-90.5608117545365,30.1708634449981],[-90.5608957545632,30.1709564450155],[-90.5609107545757,30.1711494450566],[-90.5610707546192,30.1711534450521],[-90.5612087546512,30.1710314450212],[-90.5613757546961,30.1710254450144],[-90.5615747547519,30.1710714450176],[-90.5618717548365,30.1711684450287],[-90.5620097548787,30.1712794450481],[-90.5622157549346,30.171282445042],[-90.5626887550676,30.171401445052],[-90.5627797550923,30.171401445049],[-90.5628257551058,30.1714274450529],[-90.5628337551099,30.1714694450618],[-90.5629397551412,30.1715304450713],[-90.5629857551536,30.1715304450698],[-90.5630467551662,30.1714394450483],[-90.5631227551883,30.1714754450535],[-90.5632607552258,30.1714774450493],[-90.5633137552387,30.1714454450407],[-90.5635507553018,30.1714244450283],[-90.5636037553166,30.1714334450285],[-90.5636347553265,30.171468445035],[-90.5636117553275,30.1716334450713],[-90.5637027553555,30.1717124450855],[-90.5638407553944,30.1717464450882],[-90.5639017554099,30.171723445081],[-90.5639777554272,30.1716494450627],[-90.563985755426,30.1715744450463],[-90.5641077554584,30.171559445039],[-90.5642367554964,30.17163044505],[-90.5644737555684,30.1718094450806],[-90.5645577555952,30.1719024450979],[-90.5647257556385,30.1718554450823],[-90.5648707556811,30.1719334450943],[-90.5651067557479,30.1719984451004],[-90.565129755751,30.1719294450847],[-90.56516775576,30.1718994450772],[-90.5651677557584,30.1718624450692],[-90.565198755767,30.1718684450694],[-90.5652287557783,30.1719394450837],[-90.5652897557973,30.1719984450944],[-90.5653207558091,30.1720764451102],[-90.5653207558109,30.1721164451188],[-90.5654117558392,30.1722024451343],[-90.5654577558521,30.1722114451348],[-90.5654807558569,30.1721814451275],[-90.565480755855,30.1721374451181],[-90.565449755843,30.172053445101],[-90.5654577558443,30.1720324450963],[-90.5655037558558,30.1720114450901],[-90.5655107558585,30.1720284450937],[-90.5656107558857,30.1720344450916],[-90.5656637558947,30.1719124450634],[-90.5657097559066,30.1719004450594],[-90.5657327559134,30.1719144450617],[-90.5657327559174,30.1720054450812],[-90.5657857559347,30.172072445094],[-90.5658087559447,30.1721564451113],[-90.5657557559293,30.172133445108],[-90.5657397559226,30.1720804450971],[-90.5656787559073,30.1721064451048],[-90.5655727558775,30.1720824451031],[-90.5655107558625,30.1721204451135],[-90.5654957558605,30.1721684451242],[-90.5655337558762,30.1722914451495],[-90.5656337559059,30.1723514451592],[-90.5656787559208,30.1724144451713],[-90.5657247559347,30.1724464451767],[-90.5659157559837,30.1723874451575],[-90.565915755982,30.172347445149],[-90.5658467559619,30.1723164451445],[-90.5658467559602,30.1722764451359],[-90.5659537559867,30.1722214451204],[-90.5660227560054,30.1722234451187],[-90.5660757560211,30.1722534451234],[-90.5660757560225,30.17228444513],[-90.5659617559954,30.1723704451523],[-90.565961755997,30.1724064451601],[-90.5661367560456,30.1724354451606],[-90.5661747560541,30.1723934451502],[-90.5662667560768,30.1723454451369],[-90.5664957561407,30.1723894451387],[-90.5665187561522,30.1725134451646],[-90.5665947561751,30.1725624451728],[-90.5666707561955,30.1725594451696],[-90.566685756199,30.1725474451666],[-90.5666857561961,30.1724804451521],[-90.5667397562085,30.1724334451402],[-90.566899756249,30.1723704451212],[-90.5669227562571,30.1724104451292],[-90.5669607562676,30.1724154451289],[-90.5670367562866,30.1723814451191],[-90.5671207563057,30.1722994450986],[-90.567166756318,30.1722954450962],[-90.5671667563199,30.1723394451056],[-90.5671367563126,30.1723564451104],[-90.5671207563106,30.1724104451226],[-90.5671517563202,30.1724404451281],[-90.5671817563287,30.1724464451284],[-90.5671817563301,30.1724774451349],[-90.5670907563073,30.1725184451468],[-90.5671057563142,30.1725854451608],[-90.567143756323,30.1725514451522],[-90.5671817563339,30.1725644451538],[-90.5671437563255,30.1726084451644],[-90.5671287563242,30.1726694451782],[-90.5672507563568,30.1726624451726],[-90.5673427563793,30.1726064451574],[-90.5673497563862,30.1727214451821],[-90.5674487564134,30.1727324451812],[-90.5675327564356,30.172721445176],[-90.5675787564468,30.1726904451678],[-90.5675707564434,30.1726634451623],[-90.5675327564325,30.1726504451607],[-90.5675327564288,30.1725664451426],[-90.5674647564089,30.1725304451371],[-90.5674567564052,30.1724964451299],[-90.5675177564201,30.1724614451204],[-90.5675637564333,30.1724754451219],[-90.5675557564324,30.1725054451286],[-90.5676017564465,30.1725454451358],[-90.567639756457,30.1725474451349],[-90.5676777564658,30.1725134451262],[-90.5677007564688,30.1724424451103],[-90.5677617564849,30.1724314451059],[-90.5677387564835,30.1725434451307],[-90.5676927564742,30.1726144451477],[-90.567639756461,30.1726394451548],[-90.5676547564701,30.1727534451788],[-90.5676167564615,30.1727934451887],[-90.5675637564482,30.1728144451949],[-90.5675557564469,30.1728354451997],[-90.5675787564545,30.1728664452057],[-90.5675937564588,30.1728714452064],[-90.5676927564836,30.1728294451939],[-90.5677997565166,30.1729194452097],[-90.5680217565789,30.1729724452139],[-90.5681437566139,30.1730184452197],[-90.5681507566212,30.1731424452463],[-90.5682277566432,30.1731694452495],[-90.5682577566516,30.173171445249],[-90.5682957566569,30.1730604452238],[-90.5685247567169,30.1730164452067],[-90.5685707567303,30.1730354452092],[-90.5685777567352,30.1731064452243],[-90.5686087567449,30.1731364452297],[-90.5687007567714,30.1731754452351],[-90.5687687567898,30.1731754452329],[-90.5688377568055,30.1731064452156],[-90.5688837568224,30.1732074452359],[-90.5689747568445,30.1731524452211],[-90.5690287568591,30.1731504452189],[-90.5690667568706,30.1731764452232],[-90.5690897568824,30.17330444525],[-90.5691507568996,30.1733234452521],[-90.5691957569117,30.1733204452501],[-90.5692647569288,30.1732854452401],[-90.5693187569442,30.1733044452424],[-90.5693567569572,30.1733654452544],[-90.5693637569631,30.1734554452736],[-90.5694017569752,30.1734994452817],[-90.5695247570082,30.1734934452764],[-90.5695467570133,30.1734704452707],[-90.5695547570095,30.1733354452414],[-90.5696307570254,30.1732304452162],[-90.5695927570245,30.1734424452632],[-90.5696007570311,30.1735434452847],[-90.5696847570542,30.1735524452837],[-90.5697757570742,30.1734494452587],[-90.5699667571232,30.1733864452387],[-90.5700047571314,30.1733394452273],[-90.5699517571146,30.1732854452174],[-90.5700127571297,30.173251445208],[-90.5700657571393,30.1731464451836],[-90.5700967571416,30.1730074451525],[-90.5701497571551,30.1729864451462],[-90.5701577571598,30.1730474451592],[-90.5703027571978,30.173018445148],[-90.5703487572086,30.1729844451392],[-90.5703637572092,30.172902445121],[-90.5704097572214,30.1728984451186],[-90.5704097572251,30.1729824451368],[-90.5704397572351,30.1730264451454],[-90.5704397572382,30.1730964451604],[-90.5703327572138,30.1731994451861],[-90.5703407572174,30.1732304451927],[-90.5704017572341,30.1732364451919],[-90.5704017572358,30.1732764452004],[-90.5703487572243,30.1733414452163],[-90.5703327572224,30.1733944452282],[-90.570454757254,30.1733604452169],[-90.5705617572826,30.173354445212],[-90.5707067573148,30.1731944451726],[-90.5707217573125,30.1730494451409],[-90.5707447573183,30.1730414451385],[-90.570798757337,30.1731334451565],[-90.5707607573279,30.1731594451634],[-90.5707827573382,30.1732594451842],[-90.5707907573485,30.1734444452239],[-90.5706917573263,30.1735474452493],[-90.5706987573294,30.1735774452555],[-90.5707297573381,30.1735834452558],[-90.5708437573644,30.1734804452298],[-90.570889757376,30.1734634452246],[-90.5709207573857,30.1734894452293],[-90.5709357573937,30.1735814452485],[-90.570866757376,30.1736024452553],[-90.5708437573713,30.1736384452638],[-90.5708517573745,30.1736594452682],[-90.5709357573958,30.1736304452591],[-90.5709817574085,30.1736364452588],[-90.5709507574028,30.173697445273],[-90.5708827573862,30.1737354452835],[-90.5708517573813,30.1738144453017],[-90.570813757372,30.173838445308],[-90.5707987573699,30.173882445318],[-90.5708137573747,30.1739014453216],[-90.5708517573849,30.1738974453195],[-90.5709887574172,30.1737894452916],[-90.5710117574199,30.1737074452731],[-90.5710277574236,30.1736974452705],[-90.5710727574361,30.1737034452703],[-90.5711107574475,30.1737304452749],[-90.5711267574553,30.1738064452907],[-90.5711797574706,30.173829445294],[-90.5713557575194,30.1738574452942],[-90.5714927575564,30.1738564452894],[-90.5715157575616,30.1738314452833],[-90.5715157575586,30.1737644452688],[-90.5715617575691,30.1737204452577],[-90.5715617575676,30.1736864452504],[-90.5715157575544,30.1736674452478],[-90.5715537575624,30.1736154452353],[-90.5715307575531,30.1735484452216],[-90.5715617575606,30.1735274452161],[-90.571645757584,30.1735434452168],[-90.5716147575804,30.1736514452412],[-90.5716527575934,30.1737144452534],[-90.5715537575717,30.173827445281],[-90.5715537575747,30.1738964452959],[-90.5716297575971,30.1739384453026],[-90.5716677576074,30.1739384453013],[-90.5716987576149,30.1739204452963],[-90.5717447576246,30.173856445281],[-90.571789757637,30.1738614452807],[-90.5718207576492,30.1739494452986],[-90.5718517576591,30.1739854453053],[-90.5719507576881,30.1740354453129],[-90.5719657576917,30.1740234453097],[-90.5719737576911,30.1739624452961],[-90.57190475767,30.1739074452867],[-90.5718967576665,30.1738764452804],[-90.5719657576832,30.173829445268],[-90.5720347577015,30.1738214452638],[-90.5720347577044,30.1738884452783],[-90.5720037576964,30.173896445281],[-90.5719957576955,30.1739264452878],[-90.5720187577027,30.1739494452921],[-90.5720117577036,30.1740104453053],[-90.5719737576947,30.1740444453139],[-90.5720877577291,30.1741234453273],[-90.5721107577352,30.1741234453266],[-90.5722177577602,30.1740314453032],[-90.572247757771,30.1740944453157],[-90.5723247577925,30.1741094453163],[-90.5723467578,30.1741444453232],[-90.5723547578053,30.174214445338],[-90.5723317578008,30.1742544453473],[-90.5722477577786,30.1742664453528],[-90.5722707577889,30.1743574453717],[-90.572331757805,30.1743504453681],[-90.5724537578356,30.1742964453524],[-90.5724617578355,30.1742434453408],[-90.5723857578107,30.174145445322],[-90.5724077578133,30.1740714453055],[-90.5724307578205,30.1740924453092],[-90.5724467578285,30.1741764453268],[-90.5725377578532,30.1741784453242],[-90.5725607578609,30.1742144453311],[-90.5725607578627,30.1742544453397],[-90.5725307578563,30.174292445349],[-90.5724917578461,30.174300445352],[-90.5724767578458,30.1743844453706],[-90.5725077578551,30.1744074453745],[-90.5725527578675,30.1744124453741],[-90.5725757578732,30.1743994453706],[-90.5725917578756,30.1743554453606],[-90.5726067578798,30.174359445361],[-90.5726297578886,30.1744184453728],[-90.5725837578835,30.1745844454102],[-90.5726827579157,30.1747084454336],[-90.5727517579369,30.1747674454441],[-90.5727977579497,30.1747734454439],[-90.5728887579731,30.1747484454354],[-90.5729727579963,30.1747584454348],[-90.5730187580102,30.1747904454402],[-90.5731707580518,30.1748024454377],[-90.5732317580665,30.1747634454272],[-90.5732707580771,30.1747634454259],[-90.5733697581059,30.1748094454326],[-90.5734227581227,30.1748654454429],[-90.5738317582495,30.1752344455089],[-90.5758037588205,30.1760924456285],[-90.5790417597745,30.1778764459058],[-90.5816647605515,30.1794184461512],[-90.5843447614076,30.1824074467068],[-90.5879737625394,30.1858304473243],[-90.5909327635389,30.1903614482027],[-90.5927747641856,30.193736448869],[-90.5932217643934,30.1957124492801],[-90.5935807645195,30.1963694494097],[-90.5935707645181,30.1963994494166],[-90.5935337645123,30.1964944494382],[-90.5934197644864,30.1966064494661],[-90.5934197644885,30.1966544494765],[-90.5934577645027,30.1967424494942],[-90.5934047644891,30.1967594494996],[-90.5933657644827,30.1968544495214],[-90.5933887644909,30.1968984495301],[-90.5934347645043,30.1969214495336],[-90.5934807645166,30.196917449531],[-90.5935337645331,30.1969674495402],[-90.593587764553,30.197091449565],[-90.5936637645732,30.19707944956],[-90.5936787645778,30.1970934495626],[-90.5936717645807,30.197201449586],[-90.5935947645574,30.1971444495764],[-90.5935037645327,30.1971424495789],[-90.5934117645102,30.1971944495931],[-90.5933887645074,30.1972724496107],[-90.5934197645187,30.1973394496241],[-90.5935037645455,30.1974324496414],[-90.5934577645358,30.197493449656],[-90.5934727645424,30.1975514496681],[-90.5935417645589,30.1975034496553],[-90.5936327645872,30.1975894496708],[-90.5936637645957,30.1975894496698],[-90.59372476461,30.1975414496575],[-90.5937477646164,30.1975434496572],[-90.5938317646426,30.1976234496715],[-90.5938777646551,30.19762344967],[-90.5940447646992,30.1976004496595],[-90.5942057647386,30.1975074496343],[-90.5942507647514,30.1975204496356],[-90.5942817647669,30.1976844496698],[-90.5942507647599,30.1977154496776],[-90.5941897647439,30.197726449682],[-90.5941447647301,30.1976904496756],[-90.5941217647241,30.1976944496774],[-90.5940987647196,30.1977344496867],[-90.5940677647108,30.1977244496856],[-90.5940677647077,30.1976544496704],[-90.5940447647016,30.1976544496712],[-90.5939997646949,30.1977794496997],[-90.5939457646811,30.1977974497054],[-90.5939157646685,30.1976954496843],[-90.593877764658,30.1976904496845],[-90.5938007646396,30.197745449699],[-90.593632764597,30.1978124497191],[-90.5935877645869,30.1978594497307],[-90.59359476459,30.1978824497354],[-90.5936407646031,30.1979004497378],[-90.5938167646507,30.1979004497319],[-90.5938617646602,30.1978394497172],[-90.5939917646973,30.1978844497226],[-90.5941287647306,30.1978004496999],[-90.5941667647419,30.1978214497031],[-90.5941897647498,30.1978614497111],[-90.5942667647725,30.1979034497175],[-90.5942817647765,30.1979004497165],[-90.5942737647692,30.1977854496918],[-90.5942897647723,30.1977554496849],[-90.5943577647931,30.197812449695],[-90.5944117648086,30.1978314496972],[-90.5943957648099,30.197962449726],[-90.5944417648235,30.1979854497294],[-90.5944567648289,30.1980164497356],[-90.5942817647854,30.19810244976],[-90.5942737647848,30.1981404497684],[-90.5942967647927,30.1981764497754],[-90.5942817647895,30.1981974497804],[-90.5942207647696,30.1981174497651],[-90.5941517647512,30.1981254497692],[-90.5940757647264,30.1980274497505],[-90.5940227647122,30.1980314497533],[-90.5939537646959,30.1980834497667],[-90.5939387646944,30.1981444497804],[-90.5938777646806,30.1982034497951],[-90.5938847646862,30.1982874498129],[-90.5939157646944,30.1982834498111],[-90.5939687647071,30.1982454498012],[-90.5940147647192,30.198237449798],[-90.5940227647222,30.1982584498022],[-90.5939767647115,30.1982984498123],[-90.5939997647203,30.1983554498239],[-90.593999764723,30.1984164498369],[-90.5938697646949,30.198577449876],[-90.593892764703,30.1986214498847],[-90.5939077647078,30.1986364498875],[-90.5939387647139,30.1985864498756],[-90.5939687647215,30.1985714498714],[-90.5942287647903,30.198540449856],[-90.5942587647972,30.1985144498495],[-90.5942587647947,30.1984564498369],[-90.594189764776,30.198455449839],[-90.5941597647687,30.1984724498437],[-90.5940907647496,30.1984624498439],[-90.5940837647465,30.1984364498385],[-90.5941057647496,30.1983714498237],[-90.5940837647395,30.1982774498042],[-90.5940987647408,30.1982164497905],[-90.5941287647492,30.1982224497909],[-90.594159764762,30.1983194498107],[-90.5942207647829,30.1984204498304],[-90.5944647648504,30.1984554498299],[-90.5945177648629,30.1984154498196],[-90.5945407648692,30.198416449819],[-90.5946327648975,30.1984934498325],[-90.5947087649198,30.1985334498386],[-90.5947627649331,30.1985024498301],[-90.5947927649416,30.1985124498314],[-90.5949077649753,30.1985714498402],[-90.5949457649875,30.1986174498489],[-90.5949377649862,30.1986344498528],[-90.5948617649669,30.1986624498614],[-90.5948537649663,30.1986994498695],[-90.5949457649941,30.1987654498808],[-90.5949077649879,30.1988574499019],[-90.5948917649837,30.1988614499032],[-90.5948767649776,30.1988134498933],[-90.5948307649655,30.1988214498967],[-90.5948007649586,30.1988514499042],[-90.5948007649621,30.1989304499212],[-90.5948307649725,30.1989794499306],[-90.5948997649909,30.1989754499276],[-90.5949377650022,30.1989984499312],[-90.5949227650006,30.1990524499434],[-90.5948307649774,30.1990904499545],[-90.5948307649802,30.1991554499686],[-90.5948467649833,30.1991284499623],[-90.5948767649917,30.1991344499626],[-90.5948847649947,30.1991564499671],[-90.5948767649946,30.1992004499768],[-90.5948237649826,30.1992524499898],[-90.5948157649848,30.1993534500118],[-90.5948237649879,30.199374450016],[-90.5949077650115,30.1993934500173],[-90.5949987650397,30.199475450032],[-90.5949907650392,30.1995134500404],[-90.5949147650201,30.1995444500497],[-90.594968765039,30.1996434500692],[-90.5949077650343,30.1999104501287],[-90.5948537650218,30.1999584501409],[-90.5948537650226,30.199977450145],[-90.5948767650317,30.2000404501578],[-90.5950297650737,30.2000574501564],[-90.595059765084,30.2001064501659],[-90.5950597650877,30.200190450184],[-90.5950367650824,30.2002094501889],[-90.5950217650915,30.200509450254],[-90.5950447651023,30.2006144502759],[-90.5950447651072,30.2007244502996],[-90.5950677651162,30.2007874503125],[-90.5951287651334,30.200803450314],[-90.5952427651682,30.2008944503297],[-90.5952887651849,30.2009914503491],[-90.5952807651855,30.201054450363],[-90.5953197652013,30.2011734503873],[-90.5953117652067,30.2013464504249],[-90.5953417652219,30.2015064504583],[-90.5953807652366,30.2015984504768],[-90.5953647652457,30.2019034505431],[-90.5953807652528,30.2019664505562],[-90.5954637652808,30.2020924505805],[-90.5954717652927,30.2023154506283],[-90.5953807652748,30.2024664506639],[-90.5952357652378,30.2025174506797],[-90.5951817652247,30.2025524506891],[-90.595097765202,30.2025504506914],[-90.5950297651823,30.2025214506874],[-90.5950137651766,30.2024924506817],[-90.5949687651643,30.2024854506817],[-90.5948617651402,30.202595450709],[-90.5947547651135,30.2026494507242],[-90.5947467651139,30.2027044507363],[-90.5950517651924,30.2026134507064],[-90.5951747652251,30.2026014506999],[-90.595212765236,30.2026154507015],[-90.5952357652437,30.2026514507086],[-90.595212765244,30.2027964507406],[-90.5951137652186,30.2028284507507],[-90.5947927651315,30.2028224507601],[-90.5947777651287,30.2028494507665],[-90.5947777651324,30.2029334507845],[-90.5948157651503,30.2031074508208],[-90.5948387651578,30.203135450826],[-90.5949077651762,30.2031304508228],[-90.5949837651947,30.2030844508103],[-90.5950447652106,30.2030704508051],[-90.5950597652137,30.2030494508001],[-90.5951057652268,30.2030654508022],[-90.5951137652319,30.2031314508161],[-90.5951437652409,30.2031524508195],[-90.5952047652575,30.2031544508179],[-90.5952887652791,30.2031284508095],[-90.5953727653019,30.2031304508073],[-90.5953957653087,30.2031434508094],[-90.5954107653144,30.2031794508166],[-90.5953877653117,30.2032614508351],[-90.5955097653464,30.2032994508391],[-90.595502765347,30.2033554508515],[-90.5953807653132,30.2033374508516],[-90.5953497653057,30.2033584508571],[-90.5953267653075,30.2035384508966],[-90.5953347653121,30.2035934509083],[-90.5953727653258,30.2036714509239],[-90.5954637653526,30.2037214509315],[-90.5955097653678,30.2037844509436],[-90.595502765369,30.2038544509589],[-90.5954717653614,30.203873450964],[-90.5954417653521,30.2038454509591],[-90.5953347653259,30.2039064509757],[-90.5953417653292,30.2039404509828],[-90.5953957653467,30.204005450995],[-90.5953807653457,30.2040744510104],[-90.5953417653357,30.2040874510145],[-90.5953417653375,30.2041294510235],[-90.595372765349,30.2041984510374],[-90.5954867653842,30.2042974510549],[-90.5955027653932,30.204402451077],[-90.5955407654046,30.2044304510818],[-90.5954797653936,30.2045544511105],[-90.5953647653652,30.2046154511275],[-90.5952577653369,30.2046274511336],[-90.5952357653318,30.2046484511389],[-90.5952427653356,30.2046904511477],[-90.595319765361,30.2047954511678],[-90.5953267653648,30.2048374511765],[-90.5952277653403,30.2048904511914],[-90.595227765343,30.2049534512049],[-90.5952047653384,30.2049874512129],[-90.5952577653566,30.2050754512301],[-90.5953117653717,30.2050884512313],[-90.5953347653808,30.205151451244],[-90.5953727653927,30.2051884512507],[-90.5953727653948,30.2052354512608],[-90.5953197653859,30.2053614512897],[-90.5953347653955,30.2054854513161],[-90.595319765396,30.2055904513392],[-90.5952197653743,30.2057124513688],[-90.5951747653628,30.2057254513731],[-90.595059765331,30.2057104513737],[-90.5950067653139,30.2056454513613],[-90.5949227652902,30.2056244513597],[-90.5947777652514,30.2056344513666],[-90.5947697652502,30.2056554513714],[-90.5947167652359,30.2056554513731],[-90.5946937652308,30.2056824513798],[-90.5947017652339,30.205703451384],[-90.5948307652689,30.2057044513798],[-90.5949297652966,30.2057274513817],[-90.5949527653045,30.2057644513889],[-90.5949607653097,30.2058324514032],[-90.5949147652997,30.2058884514168],[-90.5948387652803,30.205914451425],[-90.5948237652774,30.2059414514312],[-90.5947927652721,30.2060104514472],[-90.594792765276,30.2060994514664],[-90.5948237652872,30.2061624514789],[-90.594876765301,30.2061514514747],[-90.5949527653237,30.2062004514826],[-90.5949377653236,30.2062904515027],[-90.5948537653036,30.2063514515185],[-90.5948467653075,30.2064834515473],[-90.5949377653359,30.2065684515625],[-90.5950747653739,30.2065914515631],[-90.5950827653774,30.2066204515689],[-90.5950597653732,30.2066684515801],[-90.5949687653514,30.2067294515962],[-90.5949687653578,30.2068744516275],[-90.5950747653871,30.2068894516272],[-90.5950907653919,30.20690445163],[-90.5950907653957,30.2069884516479],[-90.5951207654058,30.207030451656],[-90.5951437654123,30.207038451657],[-90.5952047654279,30.2070174516504],[-90.5952047654224,30.2068934516238],[-90.5952197654245,30.2068514516141],[-90.5951517654025,30.2067674515984],[-90.5951667653971,30.2065514515513],[-90.5952657654248,30.2065744515529],[-90.5952967654435,30.206811451603],[-90.5953117654495,30.2068534516115],[-90.5953577654627,30.2068704516136],[-90.5953877654713,30.206881451615],[-90.5953957654763,30.2069444516283],[-90.595380765475,30.2070074516425],[-90.5952657654483,30.2071084516681],[-90.5952127654344,30.2071144516711],[-90.5952127654375,30.2071854516864],[-90.5952427654471,30.2072194516927],[-90.595525765524,30.2072304516857],[-90.5956087655497,30.2073034516987],[-90.5956087655531,30.2073794517149],[-90.5955787655467,30.2074194517247],[-90.5955177655311,30.2074404517312],[-90.595349765485,30.2074234517331],[-90.5953197654771,30.2074294517353],[-90.5952807654683,30.2074694517454],[-90.5952887654745,30.2075604517646],[-90.595441765516,30.20756245176],[-90.5954717655247,30.2075774517622],[-90.5954717655302,30.2077014517889],[-90.5953877655077,30.2077074517931],[-90.5953957655114,30.2077414518001],[-90.5954257655207,30.2077704518053],[-90.5954027655192,30.2078754518287],[-90.595341765505,30.2079284518422],[-90.5952967654934,30.2079424518467],[-90.5952967654949,30.207976451854],[-90.59542576553,30.2079804518505],[-90.5954637655419,30.2080144518567],[-90.5954867655512,30.2080854518713],[-90.5955177655598,30.2080924518716],[-90.5955707655716,30.2080334518572],[-90.5955557655667,30.2080144518537],[-90.5954867655471,30.2079934518513],[-90.5954717655407,30.2079404518404],[-90.5955477655599,30.2079074518308],[-90.5956477655881,30.2079344518333],[-90.5956927656062,30.208070451861],[-90.5957617656249,30.2080704518587],[-90.5958227656403,30.2080454518514],[-90.5958917656604,30.2080794518564],[-90.5959757656803,30.2080164518401],[-90.5960367656971,30.2080224518393],[-90.5961047657202,30.2081294518601],[-90.5963037657736,30.2081214518518],[-90.5960597657118,30.20821445188],[-90.5949297654029,30.2081384519012],[-90.5920267646265,30.2083294520389],[-90.5915407643856,30.2058454515198],[-90.5892737636998,30.2041944512394],[-90.5861447627532,30.201914450852],[-90.583247761891,30.2001244505626],[-90.5813777613307,30.1988844503574],[-90.5778207602935,30.1971734501068],[-90.5723717587718,30.1960784500518],[-90.5701897581735,30.1958944500847],[-90.5675177574273,30.1953574500577],[-90.5630557562147,30.1952234501772],[-90.5574117546848,30.1951474503483],[-90.5541527538247,30.1956334505614],[-90.5511557530625,30.196733450898],[-90.5480927523005,30.1982424513252],[-90.5469587520145,30.1987124514641],[-90.5383737499018,30.2034734527762],[-90.5327917485887,30.2079464539262],[-90.5160657446541,30.2213484573723],[-90.5090817431521,30.2301404595004],[-90.5021927421587,30.2498534639792],[-90.5018387420863,30.2503834641054],[-90.50127474197,30.2512064643015],[-90.5014997420346,30.251289464312],[-90.5017247420991,30.2513714643222],[-90.5011117419772,30.252366464557],[-90.4999627417457,30.2541634649826],[-90.4982367413986,30.2568774656251],[-90.4978487413199,30.2574734657665],[-90.4969357411337,30.258847466093],[-90.4965457410545,30.2594434662345],[-90.4961447409738,30.2600744663839],[-90.4957157408888,30.2607744665491],[-90.4952367407945,30.2615744667374],[-90.4942917406098,30.2631794671147],[-90.4935877404717,30.2643654673939],[-90.4921657401915,30.2667304679511],[-90.4868277391239,30.2752494699649],[-90.4865767390725,30.2756224700537],[-90.4858907389305,30.2766114702896],[-90.4858317389317,30.2769974703748],[-90.4665037336925,30.2768524709889],[-90.4581067314286,30.2770724713164],[-90.4533377301548,30.2774694715612],[-90.4321077244833,30.2792344726502],[-90.4303157240021,30.2793294727305],[-90.4205387213763,30.2798424731674],[-90.4107507187953,30.2814334738371],[-90.410053718618,30.2816954739168],[-90.4074987179841,30.2830104742855],[-90.4052927174351,30.2841074745959],[-90.4049357173468,30.2843004746493],[-90.4032427169177,30.2849674748496],[-90.4020047165979,30.2853194749668],[-90.4018517165585,30.2853664749821],[-90.4017247165258,30.2854054749947],[-90.4013787164363,30.2854994750265],[-90.4012597164057,30.2855394750391],[-90.4011137163676,30.285571475051],[-90.400678716254,30.2856674750862],[-90.4005337162163,30.285700475098],[-90.4003047161566,30.2857534751172],[-90.4000767160971,30.2858054751361],[-90.3992857158908,30.2859864752014],[-90.3990527158284,30.2860054752132],[-90.3978987155201,30.2861044752731],[-90.3952907148041,30.2858924753145],[-90.3945287145937,30.2858034753208],[-90.3930257141788,30.2856304753335]]]},"properties":{"OBJECTID":3,"ID":4,"AREA":234.58,"DISTRICT":"11","Sort":11,"NAME":"District 11","POPULATION":3817,"WHITE":2079,"BLACK":1146,"AMINDIAN":26,"ASIAN":16,"HAWAIIAN":1,"OTHER":240,"IDEAL_VALU":3862,"DEVIATION":-45,"F_DEVIATIO":-0.0117,"Shape__Area":0.056850570516417065,"Shape__Length":1.3069808146278856}},{"type":"Feature","id":4,"geometry":{"type":"Polygon","coordinates":[[[-90.5878317565537,30.0498214179711],[-90.5884577567177,30.0497014179246],[-90.5897087570341,30.0492024177755],[-90.5917357575471,30.0483994175353],[-90.5932647579343,30.0477994173555],[-90.5942297581784,30.0474134172403],[-90.5943507582088,30.0473624172252],[-90.5948427583333,30.0471664171668],[-90.5951777584181,30.0470344171272],[-90.5952147584276,30.0470214171231],[-90.5967997588146,30.0460704168655],[-90.5975567589995,30.045614416742],[-90.5994387594607,30.0445214164439],[-90.6007327597771,30.0437564162362],[-90.6017107600168,30.0431914160819],[-90.6022997601572,30.0427544159681],[-90.6072357613292,30.0390244149997],[-90.6085037616303,30.0380694147517],[-90.6090067617502,30.0376974146547],[-90.6106097621306,30.0364834143395],[-90.6128847626717,30.0347874138984],[-90.6190067642188,30.0323164131631],[-90.6204997645969,30.0317314129877],[-90.6207427646587,30.0316424129604],[-90.6216127648881,30.0315114129035],[-90.6226137651766,30.0319274129607],[-90.6228817652545,30.0320544129794],[-90.6236077654638,30.0323554130204],[-90.6254437659935,30.0331294131274],[-90.6259977661592,30.0335024131898],[-90.6263627662683,30.0337424132296],[-90.6265157663143,30.0338484132475],[-90.6271747665114,30.0342894133212],[-90.6273047665502,30.0343724133349],[-90.6273847665743,30.0344294133445],[-90.628288766845,30.0350384134465],[-90.6311867677169,30.0370864137937],[-90.6318217679075,30.0375234138672],[-90.6320597679791,30.0376924138959],[-90.6323177680569,30.0378774139273],[-90.6326537681578,30.0381114139669],[-90.6328667682218,30.0382644139929],[-90.6330047682632,30.0383584140087],[-90.6337657684922,30.0388944140995],[-90.6340677685841,30.0391314141408],[-90.6341027685948,30.039160414146],[-90.6343187686607,30.0393334141762],[-90.6343327686648,30.0393434141778],[-90.6368387694277,30.041317414522],[-90.6392697701687,30.0432554148606],[-90.6416017708781,30.0450824151786],[-90.6424347711292,30.045683415281],[-90.6450297719033,30.0473634155586],[-90.6479697727805,30.049272415874],[-90.6494057732085,30.050194416026],[-90.6516397738345,30.0507124160644],[-90.6523047740209,30.0508674160759],[-90.65453777465,30.0514644161314],[-90.6581857756335,30.0514204160017],[-90.6583327756715,30.0513814159884],[-90.6586787757612,30.0512944159584],[-90.6593167759265,30.051135415903],[-90.6606667762771,30.0508104157883],[-90.660890776335,30.0507484157675],[-90.661183776411,30.0506764157425],[-90.6612187764265,30.0508174157717],[-90.6611807764169,30.050831415776],[-90.6612707764631,30.0513344158816],[-90.6618227767193,30.0537994163957],[-90.6620907768436,30.0549894166439],[-90.6621437768693,30.0552504166984],[-90.6623287769539,30.0560484168646],[-90.6623707769738,30.0562444169056],[-90.6624327770026,30.0565214169634],[-90.6625287770465,30.05693741705],[-90.662488777047,30.0571944171069],[-90.6626257770992,30.0575434171777],[-90.6626487771075,30.0575934171877],[-90.6626787771247,30.0577994172312],[-90.662762777164,30.0581814173109],[-90.6628797772179,30.0586934174175],[-90.6629157772345,30.0588524174507],[-90.6634037774554,30.0608974178762],[-90.663823777665,30.0631074183394],[-90.6640217777463,30.0637444184705],[-90.6642507778416,30.0645134186288],[-90.6645867779856,30.0657374188822],[-90.6646247780136,30.0661444189687],[-90.6647087780542,30.0665544190544],[-90.6650667782194,30.0681294193826],[-90.6653117783277,30.0690964195833],[-90.6656397784808,30.0705744198914],[-90.6657347785343,30.0712154200267],[-90.6658927786062,30.0718844201659],[-90.6660857786972,30.0727764203521],[-90.6662927787934,30.0737004205446],[-90.6663307788107,30.0738624205784],[-90.6666447789569,30.0752674208712],[-90.6708767809224,30.0941174247992],[-90.6701717807361,30.0942104248426],[-90.6537277763883,30.0963664258508],[-90.6535557763887,30.0974404260883],[-90.6535387763886,30.0975444261112],[-90.6498687763964,30.1203974311626],[-90.6498257763964,30.1206634312215],[-90.6490607763984,30.1254274322744],[-90.6453697763571,30.1472364370994],[-90.6440187763423,30.1552144388641],[-90.6439377763415,30.1556944389703],[-90.6437827763397,30.1566094391726],[-90.6436737763387,30.1572544393153],[-90.642116776322,30.1664534413497],[-90.642099776322,30.1665564413725],[-90.6420817763214,30.1666534413941],[-90.6403987762647,30.1757044434005],[-90.6403357762626,30.1760454434761],[-90.6402907762612,30.17628844353],[-90.640226776259,30.176631443606],[-90.6336667760346,30.2117714513946],[-90.6336487760338,30.2118614514146],[-90.6336357760339,30.2119444514328],[-90.6329117760095,30.2158234522923],[-90.6328747760081,30.2160174523354],[-90.6328537760073,30.2161294523602],[-90.6328277760064,30.2162654523903],[-90.632003775979,30.2206904533707],[-90.6319277759764,30.2210954534605],[-90.6319107759762,30.2211954534826],[-90.630913775696,30.2209544534638],[-90.6292097752249,30.2207164534694],[-90.6275307747608,30.2204814534748],[-90.6251317740976,30.2201464534826],[-90.6234637736364,30.2199144534881],[-90.6218047731778,30.2196824534934],[-90.6186127722998,30.2193374535255],[-90.617837772081,30.2191264535058],[-90.6170807718565,30.2186774534343],[-90.6162597716031,30.2179664533084],[-90.6156547714002,30.2170734531363],[-90.6150157711951,30.2163404529997],[-90.6144217709955,30.2154584528294],[-90.6138427708121,30.2148504527179],[-90.6134057706868,30.2146844526966],[-90.6127417704941,30.2143854526542],[-90.6117847702292,30.2142464526562],[-90.6104127698579,30.2142364526996],[-90.6097877697027,30.2145484527877],[-90.6088507694664,30.2149354529023],[-90.607610769178,30.2159954531719],[-90.6068877690025,30.2164484532935],[-90.6062517688468,30.2168154533937],[-90.6056187686918,30.2171804534935],[-90.6047527684735,30.2175404535999],[-90.6035707681618,30.217715453677],[-90.6029077679798,30.2176544536858],[-90.602333767819,30.2175274536775],[-90.60167376764,30.2175134536965],[-90.601199767511,30.217493453708],[-90.6001887672189,30.2170714536508],[-90.5995057670242,30.2168414536239],[-90.5986437667711,30.2163894535554],[-90.5975697664452,30.2155834534174],[-90.5967887661917,30.2146244532368],[-90.5961297659752,30.2137544530713],[-90.595343765716,30.2126984528699],[-90.5946987655025,30.2118114527002],[-90.5937287651659,30.2101264523695],[-90.5929797649372,30.2095324522663],[-90.5925187647865,30.2089434521548],[-90.5921117646542,30.2084374520594],[-90.5920267646265,30.2083294520389],[-90.5949297654029,30.2081384519012],[-90.5960597657118,30.20821445188],[-90.5963037657736,30.2081214518518],[-90.5961047657202,30.2081294518601],[-90.5960367656971,30.2080224518393],[-90.5959757656803,30.2080164518401],[-90.5958917656604,30.2080794518564],[-90.5958227656403,30.2080454518514],[-90.5957617656249,30.2080704518587],[-90.5956927656062,30.208070451861],[-90.5956477655881,30.2079344518333],[-90.5955477655599,30.2079074518308],[-90.5954717655407,30.2079404518404],[-90.5954867655471,30.2079934518513],[-90.5955557655667,30.2080144518537],[-90.5955707655716,30.2080334518572],[-90.5955177655598,30.2080924518716],[-90.5954867655512,30.2080854518713],[-90.5954637655419,30.2080144518567],[-90.59542576553,30.2079804518505],[-90.5952967654949,30.207976451854],[-90.5952967654934,30.2079424518467],[-90.595341765505,30.2079284518422],[-90.5954027655192,30.2078754518287],[-90.5954257655207,30.2077704518053],[-90.5953957655114,30.2077414518001],[-90.5953877655077,30.2077074517931],[-90.5954717655302,30.2077014517889],[-90.5954717655247,30.2075774517622],[-90.595441765516,30.20756245176],[-90.5952887654745,30.2075604517646],[-90.5952807654683,30.2074694517454],[-90.5953197654771,30.2074294517353],[-90.595349765485,30.2074234517331],[-90.5955177655311,30.2074404517312],[-90.5955787655467,30.2074194517247],[-90.5956087655531,30.2073794517149],[-90.5956087655497,30.2073034516987],[-90.595525765524,30.2072304516857],[-90.5952427654471,30.2072194516927],[-90.5952127654375,30.2071854516864],[-90.5952127654344,30.2071144516711],[-90.5952657654483,30.2071084516681],[-90.595380765475,30.2070074516425],[-90.5953957654763,30.2069444516283],[-90.5953877654713,30.206881451615],[-90.5953577654627,30.2068704516136],[-90.5953117654495,30.2068534516115],[-90.5952967654435,30.206811451603],[-90.5952657654248,30.2065744515529],[-90.5951667653971,30.2065514515513],[-90.5951517654025,30.2067674515984],[-90.5952197654245,30.2068514516141],[-90.5952047654224,30.2068934516238],[-90.5952047654279,30.2070174516504],[-90.5951437654123,30.207038451657],[-90.5951207654058,30.207030451656],[-90.5950907653957,30.2069884516479],[-90.5950907653919,30.20690445163],[-90.5950747653871,30.2068894516272],[-90.5949687653578,30.2068744516275],[-90.5949687653514,30.2067294515962],[-90.5950597653732,30.2066684515801],[-90.5950827653774,30.2066204515689],[-90.5950747653739,30.2065914515631],[-90.5949377653359,30.2065684515625],[-90.5948467653075,30.2064834515473],[-90.5948537653036,30.2063514515185],[-90.5949377653236,30.2062904515027],[-90.5949527653237,30.2062004514826],[-90.594876765301,30.2061514514747],[-90.5948237652872,30.2061624514789],[-90.594792765276,30.2060994514664],[-90.5947927652721,30.2060104514472],[-90.5948237652774,30.2059414514312],[-90.5948387652803,30.205914451425],[-90.5949147652997,30.2058884514168],[-90.5949607653097,30.2058324514032],[-90.5949527653045,30.2057644513889],[-90.5949297652966,30.2057274513817],[-90.5948307652689,30.2057044513798],[-90.5947017652339,30.205703451384],[-90.5946937652308,30.2056824513798],[-90.5947167652359,30.2056554513731],[-90.5947697652502,30.2056554513714],[-90.5947777652514,30.2056344513666],[-90.5949227652902,30.2056244513597],[-90.5950067653139,30.2056454513613],[-90.595059765331,30.2057104513737],[-90.5951747653628,30.2057254513731],[-90.5952197653743,30.2057124513688],[-90.595319765396,30.2055904513392],[-90.5953347653955,30.2054854513161],[-90.5953197653859,30.2053614512897],[-90.5953727653948,30.2052354512608],[-90.5953727653927,30.2051884512507],[-90.5953347653808,30.205151451244],[-90.5953117653717,30.2050884512313],[-90.5952577653566,30.2050754512301],[-90.5952047653384,30.2049874512129],[-90.595227765343,30.2049534512049],[-90.5952277653403,30.2048904511914],[-90.5953267653648,30.2048374511765],[-90.595319765361,30.2047954511678],[-90.5952427653356,30.2046904511477],[-90.5952357653318,30.2046484511389],[-90.5952577653369,30.2046274511336],[-90.5953647653652,30.2046154511275],[-90.5954797653936,30.2045544511105],[-90.5955407654046,30.2044304510818],[-90.5955027653932,30.204402451077],[-90.5954867653842,30.2042974510549],[-90.595372765349,30.2041984510374],[-90.5953417653375,30.2041294510235],[-90.5953417653357,30.2040874510145],[-90.5953807653457,30.2040744510104],[-90.5953957653467,30.204005450995],[-90.5953417653292,30.2039404509828],[-90.5953347653259,30.2039064509757],[-90.5954417653521,30.2038454509591],[-90.5954717653614,30.203873450964],[-90.595502765369,30.2038544509589],[-90.5955097653678,30.2037844509436],[-90.5954637653526,30.2037214509315],[-90.5953727653258,30.2036714509239],[-90.5953347653121,30.2035934509083],[-90.5953267653075,30.2035384508966],[-90.5953497653057,30.2033584508571],[-90.5953807653132,30.2033374508516],[-90.595502765347,30.2033554508515],[-90.5955097653464,30.2032994508391],[-90.5953877653117,30.2032614508351],[-90.5954107653144,30.2031794508166],[-90.5953957653087,30.2031434508094],[-90.5953727653019,30.2031304508073],[-90.5952887652791,30.2031284508095],[-90.5952047652575,30.2031544508179],[-90.5951437652409,30.2031524508195],[-90.5951137652319,30.2031314508161],[-90.5951057652268,30.2030654508022],[-90.5950597652137,30.2030494508001],[-90.5950447652106,30.2030704508051],[-90.5949837651947,30.2030844508103],[-90.5949077651762,30.2031304508228],[-90.5948387651578,30.203135450826],[-90.5948157651503,30.2031074508208],[-90.5947777651324,30.2029334507845],[-90.5947777651287,30.2028494507665],[-90.5947927651315,30.2028224507601],[-90.5951137652186,30.2028284507507],[-90.595212765244,30.2027964507406],[-90.5952357652437,30.2026514507086],[-90.595212765236,30.2026154507015],[-90.5951747652251,30.2026014506999],[-90.5950517651924,30.2026134507064],[-90.5947467651139,30.2027044507363],[-90.5947547651135,30.2026494507242],[-90.5948617651402,30.202595450709],[-90.5949687651643,30.2024854506817],[-90.5950137651766,30.2024924506817],[-90.5950297651823,30.2025214506874],[-90.595097765202,30.2025504506914],[-90.5951817652247,30.2025524506891],[-90.5952357652378,30.2025174506797],[-90.5953807652748,30.2024664506639],[-90.5954717652927,30.2023154506283],[-90.5954637652808,30.2020924505805],[-90.5953807652528,30.2019664505562],[-90.5953647652457,30.2019034505431],[-90.5953807652366,30.2015984504768],[-90.5953417652219,30.2015064504583],[-90.5953117652067,30.2013464504249],[-90.5953197652013,30.2011734503873],[-90.5952807651855,30.201054450363],[-90.5952887651849,30.2009914503491],[-90.5952427651682,30.2008944503297],[-90.5951287651334,30.200803450314],[-90.5950677651162,30.2007874503125],[-90.5950447651072,30.2007244502996],[-90.5950447651023,30.2006144502759],[-90.5950217650915,30.200509450254],[-90.5950367650824,30.2002094501889],[-90.5950597650877,30.200190450184],[-90.595059765084,30.2001064501659],[-90.5950297650737,30.2000574501564],[-90.5948767650317,30.2000404501578],[-90.5948537650226,30.199977450145],[-90.5948537650218,30.1999584501409],[-90.5949077650343,30.1999104501287],[-90.594968765039,30.1996434500692],[-90.5949147650201,30.1995444500497],[-90.5949907650392,30.1995134500404],[-90.5949987650397,30.199475450032],[-90.5949077650115,30.1993934500173],[-90.5948237649879,30.199374450016],[-90.5948157649848,30.1993534500118],[-90.5948237649826,30.1992524499898],[-90.5948767649946,30.1992004499768],[-90.5948847649947,30.1991564499671],[-90.5948767649917,30.1991344499626],[-90.5948467649833,30.1991284499623],[-90.5948307649802,30.1991554499686],[-90.5948307649774,30.1990904499545],[-90.5949227650006,30.1990524499434],[-90.5949377650022,30.1989984499312],[-90.5948997649909,30.1989754499276],[-90.5948307649725,30.1989794499306],[-90.5948007649621,30.1989304499212],[-90.5948007649586,30.1988514499042],[-90.5948307649655,30.1988214498967],[-90.5948767649776,30.1988134498933],[-90.5948917649837,30.1988614499032],[-90.5949077649879,30.1988574499019],[-90.5949457649941,30.1987654498808],[-90.5948537649663,30.1986994498695],[-90.5948617649669,30.1986624498614],[-90.5949377649862,30.1986344498528],[-90.5949457649875,30.1986174498489],[-90.5949077649753,30.1985714498402],[-90.5947927649416,30.1985124498314],[-90.5947627649331,30.1985024498301],[-90.5947087649198,30.1985334498386],[-90.5946327648975,30.1984934498325],[-90.5945407648692,30.198416449819],[-90.5945177648629,30.1984154498196],[-90.5944647648504,30.1984554498299],[-90.5942207647829,30.1984204498304],[-90.594159764762,30.1983194498107],[-90.5941287647492,30.1982224497909],[-90.5940987647408,30.1982164497905],[-90.5940837647395,30.1982774498042],[-90.5941057647496,30.1983714498237],[-90.5940837647465,30.1984364498385],[-90.5940907647496,30.1984624498439],[-90.5941597647687,30.1984724498437],[-90.594189764776,30.198455449839],[-90.5942587647947,30.1984564498369],[-90.5942587647972,30.1985144498495],[-90.5942287647903,30.198540449856],[-90.5939687647215,30.1985714498714],[-90.5939387647139,30.1985864498756],[-90.5939077647078,30.1986364498875],[-90.593892764703,30.1986214498847],[-90.5938697646949,30.198577449876],[-90.593999764723,30.1984164498369],[-90.5939997647203,30.1983554498239],[-90.5939767647115,30.1982984498123],[-90.5940227647222,30.1982584498022],[-90.5940147647192,30.198237449798],[-90.5939687647071,30.1982454498012],[-90.5939157646944,30.1982834498111],[-90.5938847646862,30.1982874498129],[-90.5938777646806,30.1982034497951],[-90.5939387646944,30.1981444497804],[-90.5939537646959,30.1980834497667],[-90.5940227647122,30.1980314497533],[-90.5940757647264,30.1980274497505],[-90.5941517647512,30.1981254497692],[-90.5942207647696,30.1981174497651],[-90.5942817647895,30.1981974497804],[-90.5942967647927,30.1981764497754],[-90.5942737647848,30.1981404497684],[-90.5942817647854,30.19810244976],[-90.5944567648289,30.1980164497356],[-90.5944417648235,30.1979854497294],[-90.5943957648099,30.197962449726],[-90.5944117648086,30.1978314496972],[-90.5943577647931,30.197812449695],[-90.5942897647723,30.1977554496849],[-90.5942737647692,30.1977854496918],[-90.5942817647765,30.1979004497165],[-90.5942667647725,30.1979034497175],[-90.5941897647498,30.1978614497111],[-90.5941667647419,30.1978214497031],[-90.5941287647306,30.1978004496999],[-90.5939917646973,30.1978844497226],[-90.5938617646602,30.1978394497172],[-90.5938167646507,30.1979004497319],[-90.5936407646031,30.1979004497378],[-90.59359476459,30.1978824497354],[-90.5935877645869,30.1978594497307],[-90.593632764597,30.1978124497191],[-90.5938007646396,30.197745449699],[-90.593877764658,30.1976904496845],[-90.5939157646685,30.1976954496843],[-90.5939457646811,30.1977974497054],[-90.5939997646949,30.1977794496997],[-90.5940447647016,30.1976544496712],[-90.5940677647077,30.1976544496704],[-90.5940677647108,30.1977244496856],[-90.5940987647196,30.1977344496867],[-90.5941217647241,30.1976944496774],[-90.5941447647301,30.1976904496756],[-90.5941897647439,30.197726449682],[-90.5942507647599,30.1977154496776],[-90.5942817647669,30.1976844496698],[-90.5942507647514,30.1975204496356],[-90.5942057647386,30.1975074496343],[-90.5940447646992,30.1976004496595],[-90.5938777646551,30.19762344967],[-90.5938317646426,30.1976234496715],[-90.5937477646164,30.1975434496572],[-90.59372476461,30.1975414496575],[-90.5936637645957,30.1975894496698],[-90.5936327645872,30.1975894496708],[-90.5935417645589,30.1975034496553],[-90.5934727645424,30.1975514496681],[-90.5934577645358,30.197493449656],[-90.5935037645455,30.1974324496414],[-90.5934197645187,30.1973394496241],[-90.5933887645074,30.1972724496107],[-90.5934117645102,30.1971944495931],[-90.5935037645327,30.1971424495789],[-90.5935947645574,30.1971444495764],[-90.5936717645807,30.197201449586],[-90.5936787645778,30.1970934495626],[-90.5936637645732,30.19707944956],[-90.593587764553,30.197091449565],[-90.5935337645331,30.1969674495402],[-90.5934807645166,30.196917449531],[-90.5934347645043,30.1969214495336],[-90.5933887644909,30.1968984495301],[-90.5933657644827,30.1968544495214],[-90.5934047644891,30.1967594494996],[-90.5934577645027,30.1967424494942],[-90.5934197644885,30.1966544494765],[-90.5934197644864,30.1966064494661],[-90.5935337645123,30.1964944494382],[-90.5935707645181,30.1963994494166],[-90.5935807645195,30.1963694494097],[-90.5932217643934,30.1957124492801],[-90.5927747641856,30.193736448869],[-90.5909327635389,30.1903614482027],[-90.5879737625394,30.1858304473243],[-90.5843447614076,30.1824074467068],[-90.5816647605515,30.1794184461512],[-90.5790417597745,30.1778764459058],[-90.5758037588205,30.1760924456285],[-90.5738317582495,30.1752344455089],[-90.5734227581227,30.1748654454429],[-90.5733697581059,30.1748094454326],[-90.5732707580771,30.1747634454259],[-90.5732317580665,30.1747634454272],[-90.5731707580518,30.1748024454377],[-90.5730187580102,30.1747904454402],[-90.5729727579963,30.1747584454348],[-90.5728887579731,30.1747484454354],[-90.5727977579497,30.1747734454439],[-90.5727517579369,30.1747674454441],[-90.5726827579157,30.1747084454336],[-90.5725837578835,30.1745844454102],[-90.5726297578886,30.1744184453728],[-90.5726067578798,30.174359445361],[-90.5725917578756,30.1743554453606],[-90.5725757578732,30.1743994453706],[-90.5725527578675,30.1744124453741],[-90.5725077578551,30.1744074453745],[-90.5724767578458,30.1743844453706],[-90.5724917578461,30.174300445352],[-90.5725307578563,30.174292445349],[-90.5725607578627,30.1742544453397],[-90.5725607578609,30.1742144453311],[-90.5725377578532,30.1741784453242],[-90.5724467578285,30.1741764453268],[-90.5724307578205,30.1740924453092],[-90.5724077578133,30.1740714453055],[-90.5723857578107,30.174145445322],[-90.5724617578355,30.1742434453408],[-90.5724537578356,30.1742964453524],[-90.572331757805,30.1743504453681],[-90.5722707577889,30.1743574453717],[-90.5722477577786,30.1742664453528],[-90.5723317578008,30.1742544453473],[-90.5723547578053,30.174214445338],[-90.5723467578,30.1741444453232],[-90.5723247577925,30.1741094453163],[-90.572247757771,30.1740944453157],[-90.5722177577602,30.1740314453032],[-90.5721107577352,30.1741234453266],[-90.5720877577291,30.1741234453273],[-90.5719737576947,30.1740444453139],[-90.5720117577036,30.1740104453053],[-90.5720187577027,30.1739494452921],[-90.5719957576955,30.1739264452878],[-90.5720037576964,30.173896445281],[-90.5720347577044,30.1738884452783],[-90.5720347577015,30.1738214452638],[-90.5719657576832,30.173829445268],[-90.5718967576665,30.1738764452804],[-90.57190475767,30.1739074452867],[-90.5719737576911,30.1739624452961],[-90.5719657576917,30.1740234453097],[-90.5719507576881,30.1740354453129],[-90.5718517576591,30.1739854453053],[-90.5718207576492,30.1739494452986],[-90.571789757637,30.1738614452807],[-90.5717447576246,30.173856445281],[-90.5716987576149,30.1739204452963],[-90.5716677576074,30.1739384453013],[-90.5716297575971,30.1739384453026],[-90.5715537575747,30.1738964452959],[-90.5715537575717,30.173827445281],[-90.5716527575934,30.1737144452534],[-90.5716147575804,30.1736514452412],[-90.571645757584,30.1735434452168],[-90.5715617575606,30.1735274452161],[-90.5715307575531,30.1735484452216],[-90.5715537575624,30.1736154452353],[-90.5715157575544,30.1736674452478],[-90.5715617575676,30.1736864452504],[-90.5715617575691,30.1737204452577],[-90.5715157575586,30.1737644452688],[-90.5715157575616,30.1738314452833],[-90.5714927575564,30.1738564452894],[-90.5713557575194,30.1738574452942],[-90.5711797574706,30.173829445294],[-90.5711267574553,30.1738064452907],[-90.5711107574475,30.1737304452749],[-90.5710727574361,30.1737034452703],[-90.5710277574236,30.1736974452705],[-90.5710117574199,30.1737074452731],[-90.5709887574172,30.1737894452916],[-90.5708517573849,30.1738974453195],[-90.5708137573747,30.1739014453216],[-90.5707987573699,30.173882445318],[-90.570813757372,30.173838445308],[-90.5708517573813,30.1738144453017],[-90.5708827573862,30.1737354452835],[-90.5709507574028,30.173697445273],[-90.5709817574085,30.1736364452588],[-90.5709357573958,30.1736304452591],[-90.5708517573745,30.1736594452682],[-90.5708437573713,30.1736384452638],[-90.570866757376,30.1736024452553],[-90.5709357573937,30.1735814452485],[-90.5709207573857,30.1734894452293],[-90.570889757376,30.1734634452246],[-90.5708437573644,30.1734804452298],[-90.5707297573381,30.1735834452558],[-90.5706987573294,30.1735774452555],[-90.5706917573263,30.1735474452493],[-90.5707907573485,30.1734444452239],[-90.5707827573382,30.1732594451842],[-90.5707607573279,30.1731594451634],[-90.570798757337,30.1731334451565],[-90.5707447573183,30.1730414451385],[-90.5707217573125,30.1730494451409],[-90.5707067573148,30.1731944451726],[-90.5705617572826,30.173354445212],[-90.570454757254,30.1733604452169],[-90.5703327572224,30.1733944452282],[-90.5703487572243,30.1733414452163],[-90.5704017572358,30.1732764452004],[-90.5704017572341,30.1732364451919],[-90.5703407572174,30.1732304451927],[-90.5703327572138,30.1731994451861],[-90.5704397572382,30.1730964451604],[-90.5704397572351,30.1730264451454],[-90.5704097572251,30.1729824451368],[-90.5704097572214,30.1728984451186],[-90.5703637572092,30.172902445121],[-90.5703487572086,30.1729844451392],[-90.5703027571978,30.173018445148],[-90.5701577571598,30.1730474451592],[-90.5701497571551,30.1729864451462],[-90.5700967571416,30.1730074451525],[-90.5700657571393,30.1731464451836],[-90.5700127571297,30.173251445208],[-90.5699517571146,30.1732854452174],[-90.5700047571314,30.1733394452273],[-90.5699667571232,30.1733864452387],[-90.5697757570742,30.1734494452587],[-90.5696847570542,30.1735524452837],[-90.5696007570311,30.1735434452847],[-90.5695927570245,30.1734424452632],[-90.5696307570254,30.1732304452162],[-90.5695547570095,30.1733354452414],[-90.5695467570133,30.1734704452707],[-90.5695247570082,30.1734934452764],[-90.5694017569752,30.1734994452817],[-90.5693637569631,30.1734554452736],[-90.5693567569572,30.1733654452544],[-90.5693187569442,30.1733044452424],[-90.5692647569288,30.1732854452401],[-90.5691957569117,30.1733204452501],[-90.5691507568996,30.1733234452521],[-90.5690897568824,30.17330444525],[-90.5690667568706,30.1731764452232],[-90.5690287568591,30.1731504452189],[-90.5689747568445,30.1731524452211],[-90.5688837568224,30.1732074452359],[-90.5688377568055,30.1731064452156],[-90.5687687567898,30.1731754452329],[-90.5687007567714,30.1731754452351],[-90.5686087567449,30.1731364452297],[-90.5685777567352,30.1731064452243],[-90.5685707567303,30.1730354452092],[-90.5685247567169,30.1730164452067],[-90.5682957566569,30.1730604452238],[-90.5682577566516,30.173171445249],[-90.5682277566432,30.1731694452495],[-90.5681507566212,30.1731424452463],[-90.5681437566139,30.1730184452197],[-90.5680217565789,30.1729724452139],[-90.5677997565166,30.1729194452097],[-90.5676927564836,30.1728294451939],[-90.5675937564588,30.1728714452064],[-90.5675787564545,30.1728664452057],[-90.5675557564469,30.1728354451997],[-90.5675637564482,30.1728144451949],[-90.5676167564615,30.1727934451887],[-90.5676547564701,30.1727534451788],[-90.567639756461,30.1726394451548],[-90.5676927564742,30.1726144451477],[-90.5677387564835,30.1725434451307],[-90.5677617564849,30.1724314451059],[-90.5677007564688,30.1724424451103],[-90.5676777564658,30.1725134451262],[-90.567639756457,30.1725474451349],[-90.5676017564465,30.1725454451358],[-90.5675557564324,30.1725054451286],[-90.5675637564333,30.1724754451219],[-90.5675177564201,30.1724614451204],[-90.5674567564052,30.1724964451299],[-90.5674647564089,30.1725304451371],[-90.5675327564288,30.1725664451426],[-90.5675327564325,30.1726504451607],[-90.5675707564434,30.1726634451623],[-90.5675787564468,30.1726904451678],[-90.5675327564356,30.172721445176],[-90.5674487564134,30.1727324451812],[-90.5673497563862,30.1727214451821],[-90.5673427563793,30.1726064451574],[-90.5672507563568,30.1726624451726],[-90.5671287563242,30.1726694451782],[-90.5671437563255,30.1726084451644],[-90.5671817563339,30.1725644451538],[-90.567143756323,30.1725514451522],[-90.5671057563142,30.1725854451608],[-90.5670907563073,30.1725184451468],[-90.5671817563301,30.1724774451349],[-90.5671817563287,30.1724464451284],[-90.5671517563202,30.1724404451281],[-90.5671207563106,30.1724104451226],[-90.5671367563126,30.1723564451104],[-90.5671667563199,30.1723394451056],[-90.567166756318,30.1722954450962],[-90.5671207563057,30.1722994450986],[-90.5670367562866,30.1723814451191],[-90.5669607562676,30.1724154451289],[-90.5669227562571,30.1724104451292],[-90.566899756249,30.1723704451212],[-90.5667397562085,30.1724334451402],[-90.5666857561961,30.1724804451521],[-90.566685756199,30.1725474451666],[-90.5666707561955,30.1725594451696],[-90.5665947561751,30.1725624451728],[-90.5665187561522,30.1725134451646],[-90.5664957561407,30.1723894451387],[-90.5662667560768,30.1723454451369],[-90.5661747560541,30.1723934451502],[-90.5661367560456,30.1724354451606],[-90.565961755997,30.1724064451601],[-90.5659617559954,30.1723704451523],[-90.5660757560225,30.17228444513],[-90.5660757560211,30.1722534451234],[-90.5660227560054,30.1722234451187],[-90.5659537559867,30.1722214451204],[-90.5658467559602,30.1722764451359],[-90.5658467559619,30.1723164451445],[-90.565915755982,30.172347445149],[-90.5659157559837,30.1723874451575],[-90.5657247559347,30.1724464451767],[-90.5656787559208,30.1724144451713],[-90.5656337559059,30.1723514451592],[-90.5655337558762,30.1722914451495],[-90.5654957558605,30.1721684451242],[-90.5655107558625,30.1721204451135],[-90.5655727558775,30.1720824451031],[-90.5656787559073,30.1721064451048],[-90.5657397559226,30.1720804450971],[-90.5657557559293,30.172133445108],[-90.5658087559447,30.1721564451113],[-90.5657857559347,30.172072445094],[-90.5657327559174,30.1720054450812],[-90.5657327559134,30.1719144450617],[-90.5657097559066,30.1719004450594],[-90.5656637558947,30.1719124450634],[-90.5656107558857,30.1720344450916],[-90.5655107558585,30.1720284450937],[-90.5655037558558,30.1720114450901],[-90.5654577558443,30.1720324450963],[-90.565449755843,30.172053445101],[-90.565480755855,30.1721374451181],[-90.5654807558569,30.1721814451275],[-90.5654577558521,30.1722114451348],[-90.5654117558392,30.1722024451343],[-90.5653207558109,30.1721164451188],[-90.5653207558091,30.1720764451102],[-90.5652897557973,30.1719984450944],[-90.5652287557783,30.1719394450837],[-90.565198755767,30.1718684450694],[-90.5651677557584,30.1718624450692],[-90.56516775576,30.1718994450772],[-90.565129755751,30.1719294450847],[-90.5651067557479,30.1719984451004],[-90.5648707556811,30.1719334450943],[-90.5647257556385,30.1718554450823],[-90.5645577555952,30.1719024450979],[-90.5644737555684,30.1718094450806],[-90.5642367554964,30.17163044505],[-90.5641077554584,30.171559445039],[-90.563985755426,30.1715744450463],[-90.5639777554272,30.1716494450627],[-90.5639017554099,30.171723445081],[-90.5638407553944,30.1717464450882],[-90.5637027553555,30.1717124450855],[-90.5636117553275,30.1716334450713],[-90.5636347553265,30.171468445035],[-90.5636037553166,30.1714334450285],[-90.5635507553018,30.1714244450283],[-90.5633137552387,30.1714454450407],[-90.5632607552258,30.1714774450493],[-90.5631227551883,30.1714754450535],[-90.5630467551662,30.1714394450483],[-90.5629857551536,30.1715304450698],[-90.5629397551412,30.1715304450713],[-90.5628337551099,30.1714694450618],[-90.5628257551058,30.1714274450529],[-90.5627797550923,30.171401445049],[-90.5626887550676,30.171401445052],[-90.5622157549346,30.171282445042],[-90.5620097548787,30.1712794450481],[-90.5618717548365,30.1711684450287],[-90.5615747547519,30.1710714450176],[-90.5613757546961,30.1710254450144],[-90.5612087546512,30.1710314450212],[-90.5610707546192,30.1711534450521],[-90.5609107545757,30.1711494450566],[-90.5608957545632,30.1709564450155],[-90.5608117545365,30.1708634449981],[-90.5607507545207,30.1708804450038],[-90.5608037545398,30.1709894450255],[-90.560796754539,30.1710144450312],[-90.5607657545333,30.1710734450449],[-90.560689754515,30.1711284450594],[-90.5605217544611,30.1709334450227],[-90.5603077544052,30.1709794450399],[-90.5601247543501,30.1708514450184],[-90.5599647543034,30.1707734450068],[-90.5599417542949,30.1707224449966],[-90.5598117542596,30.1707204450005],[-90.5597667542501,30.1707774450142],[-90.559590754203,30.1707904450228],[-90.5594607541656,30.1707394450162],[-90.5593617541361,30.1706784450063],[-90.5593237541266,30.1706954450112],[-90.5593237541291,30.1707524450236],[-90.5592857541207,30.1707944450338],[-90.5591637540891,30.1708254450446],[-90.558659753953,30.1708324450627],[-90.5585687539257,30.1707714450527],[-90.5585457539177,30.1707294450444],[-90.5586067539314,30.1706654450285],[-90.5585687539166,30.1705634450078],[-90.5584007538645,30.1704094449802],[-90.5583087538429,30.1704834449992],[-90.5581487538008,30.1705144450112],[-90.5578667537214,30.1704414450048],[-90.5578057537082,30.170516445023],[-90.5575997536516,30.1704954450252],[-90.5575387536358,30.1705104450304],[-90.5575007536269,30.1705424450388],[-90.5574167536048,30.1705584450449],[-90.557339753586,30.1706034450572],[-90.5573247535793,30.170544445045],[-90.5574167536017,30.1704874450295],[-90.5574237536011,30.1704284450167],[-90.5573177535702,30.1703774450091],[-90.5573177535672,30.1703104449947],[-90.5573787535834,30.1703024449909],[-90.5574777536055,30.1701954449645],[-90.55756175363,30.1702394449714],[-90.5576677536599,30.1702664449736],[-90.5577597536842,30.1702514449673],[-90.557759753682,30.1702014449565],[-90.5578737537096,30.1701294449372],[-90.5579197537221,30.1701294449357],[-90.5580187537446,30.1700314449113],[-90.558102753766,30.1700064449031],[-90.5581257537706,30.1699664448937],[-90.5581257537659,30.1698584448703],[-90.5580037537299,30.1697894448595],[-90.5578127536766,30.1697514448577],[-90.5574467535728,30.1696444448468],[-90.5571947535088,30.1697394448757],[-90.5572107535272,30.1700584449439],[-90.557133753514,30.170232444984],[-90.557042753493,30.1703144450047],[-90.5569277534643,30.1703694450203],[-90.5568287534437,30.1705104450539],[-90.5566837534051,30.1705234450618],[-90.5564547533393,30.1704364450505],[-90.5563557533092,30.1703594450372],[-90.556233753264,30.1700814449812],[-90.5560967532253,30.170045444978],[-90.5558977531779,30.1701914450161],[-90.5557687531438,30.1702074450239],[-90.555676753117,30.1701634450174],[-90.5556387531066,30.1701614450182],[-90.5556237531054,30.1702284450332],[-90.5554477530679,30.1704594450888],[-90.5553407530397,30.1704744450956],[-90.5552347530098,30.1704474450934],[-90.5550207529471,30.1703354450763],[-90.5550127529423,30.1702754450636],[-90.5548607528947,30.1701304450373],[-90.5546397528304,30.1700264450223],[-90.554600752825,30.1701424450486],[-90.5546547528433,30.1702284450654],[-90.5545707528236,30.1702934450822],[-90.5543567527581,30.1701214450522],[-90.554166752704,30.1700604450453],[-90.5540137526632,30.1700734450531],[-90.5537997526073,30.1701194450702],[-90.5537157525896,30.1702334450976],[-90.5535787525499,30.1701744450894],[-90.5535407525382,30.1701404450833],[-90.5533267524808,30.1701514450928],[-90.5531747524388,30.1701324450936],[-90.5530977524162,30.1700904450872],[-90.5528917523604,30.1700874450933],[-90.5528007523349,30.1700684450924],[-90.5527547523198,30.1700084450808],[-90.5527547523184,30.169976445074],[-90.5525797522701,30.1699554450752],[-90.5524647522368,30.1699034450678],[-90.5521597521548,30.1699154450806],[-90.5520377521239,30.1699634450949],[-90.5517017520331,30.1699654451065],[-90.5516487520202,30.1699974451151],[-90.5515567519953,30.1699954451177],[-90.5513887519482,30.1699594451156],[-90.5512827519206,30.1699824451241],[-90.550923751822,30.1699494451289],[-90.5506337517389,30.1698444451159],[-90.5506037517297,30.1698184451112],[-90.5505957517254,30.1697684451007],[-90.5506567517386,30.1696944450828],[-90.5510387518418,30.1696924450697],[-90.5511067518589,30.1696614450606],[-90.5514047519396,30.169667445052],[-90.5517787520422,30.1696974450461],[-90.5516947520169,30.1696384450362],[-90.5517327520228,30.1695394450136],[-90.5518317520456,30.169450444991],[-90.5518617520511,30.1693904449771],[-90.5517787520239,30.1692804449561],[-90.5516637519926,30.1692784449595],[-90.5515337519537,30.1691924449454],[-90.5512897518872,30.1691814449509],[-90.5507937517478,30.1690624449418],[-90.5504507516547,30.1690554449517],[-90.5500157515357,30.169022444959],[-90.549855751489,30.1689444449475],[-90.5497487514614,30.1689754449576],[-90.5494737513931,30.1691124449964],[-90.5494667513857,30.1689864449693],[-90.5495657514089,30.1689064449489],[-90.5495577514005,30.1687634449183],[-90.5495357513925,30.1687174449091],[-90.5493907513531,30.168713444913],[-90.5493677513455,30.1686834449072],[-90.5493297513372,30.1687274449181],[-90.5492527513144,30.1686814449106],[-90.549298751325,30.1686414449006],[-90.5492907513214,30.1686084448938],[-90.5492147513,30.1685894448921],[-90.5491917512928,30.1685664448879],[-90.5490627512573,30.168551444889],[-90.5490697512575,30.168515444881],[-90.54912375127,30.1684654448684],[-90.549153751274,30.1683724448473],[-90.5490927512561,30.1683394448423],[-90.549062751249,30.1683624448482],[-90.5489247512098,30.1683224448442],[-90.5489397512103,30.1682384448256],[-90.5489787512208,30.1682384448243],[-90.5490087512276,30.1682084448168],[-90.5489787512176,30.1681664448086],[-90.5489327512058,30.168179444813],[-90.5489247512027,30.1681604448091],[-90.5488327511783,30.1681714448146],[-90.5487717511636,30.1682114448252],[-90.5487187511501,30.1682314448313],[-90.5486737511379,30.1682294448324],[-90.548640751128,30.1682064448286],[-90.5486067511179,30.168185444825],[-90.5485817511107,30.1681774448242],[-90.5486197511206,30.1681704448214],[-90.5486197511176,30.1681014448066],[-90.548527751091,30.1680634448013],[-90.5484977510812,30.1680234447938],[-90.5486117511072,30.1679124447661],[-90.5486197511077,30.167876444758],[-90.5484827510657,30.1677624447379],[-90.5484827510639,30.167721444729],[-90.5485357510776,30.1677044447236],[-90.5485507510784,30.1676324447077],[-90.5485127510664,30.1675924447003],[-90.5485277510676,30.1675294446862],[-90.5485817510803,30.167485444675],[-90.5486277510924,30.1674774446717],[-90.5486347510914,30.1674094446568],[-90.5486047510805,30.1673504446449],[-90.5486277510865,30.1673424446425],[-90.5486117510796,30.1672834446304],[-90.5485817510693,30.1672334446206],[-90.5485667510656,30.1672414446227],[-90.5485667510637,30.1671974446133],[-90.5486117510725,30.1671214445954],[-90.548588751065,30.1670944445902],[-90.5485507510545,30.1670884445902],[-90.548573751059,30.1670484445809],[-90.5485507510517,30.1670234445763],[-90.548489751035,30.1670184445772],[-90.5485057510378,30.1669854445696],[-90.5484977510307,30.1668734445457],[-90.5485817510509,30.1668154445304],[-90.5485817510494,30.1667814445231],[-90.5485507510402,30.1667624445199],[-90.5485357510371,30.1667834445251],[-90.5484977510266,30.1667794445253],[-90.5484897510237,30.1667604445215],[-90.548497751024,30.1667204445127],[-90.5485277510311,30.1666994445072],[-90.5485437510322,30.1666234444902],[-90.5485437510242,30.1664424444511],[-90.5485817510304,30.1663484444296],[-90.5485737510241,30.1662554444097],[-90.5474817500539,30.1508704411261],[-90.5474667500405,30.1506574410806],[-90.5474597500342,30.1505594410596],[-90.5473917500167,30.1505784410661],[-90.5473757500114,30.150557441062],[-90.547383750012,30.150521441054],[-90.5474677500303,30.150418441029],[-90.5474757500297,30.1503574410154],[-90.5474297500152,30.1503094410067],[-90.5474367500142,30.1502434409923],[-90.5474977500294,30.1502164409844],[-90.5475137500317,30.1501684409736],[-90.5474447500111,30.1501224409659],[-90.5474447500101,30.1501014409614],[-90.5474907500201,30.1500464409479],[-90.5474757500143,30.1500064409398],[-90.5474067499946,30.1499834409372],[-90.5474067499905,30.1498884409166],[-90.5474447499977,30.1498174409],[-90.5474827500068,30.149790440893],[-90.5475207500144,30.1497294408785],[-90.5475057500092,30.1497054408738],[-90.5474757500018,30.149720440878],[-90.5474367499906,30.1497034408756],[-90.5474297499852,30.1496254408592],[-90.5474447499839,30.1495024408321],[-90.5473837499648,30.1494434408213],[-90.5474147499727,30.1494324408179],[-90.5474367499769,30.1493924408086],[-90.5473537499538,30.1493774408081],[-90.5473917499631,30.1493544408019],[-90.5474147499663,30.1492874407867],[-90.5473987499606,30.1492554407803],[-90.5473537499479,30.1492434407792],[-90.5470407498651,30.1492874407991],[-90.5470027498541,30.1492704407966],[-90.5470247498589,30.1492454407906],[-90.5473377499397,30.1491554407606],[-90.5473837499502,30.1491104407494],[-90.547383749945,30.1489914407238],[-90.5473537499313,30.1488644406974],[-90.5473837499341,30.1487434406702],[-90.5473537499212,30.1486334406474],[-90.5473537499089,30.1483524405868],[-90.5473077498873,30.1481434405433],[-90.5472997498772,30.1479634405048],[-90.5473147498807,30.1479504405014],[-90.5473837498993,30.1479484404987],[-90.5473917499005,30.1479274404938],[-90.5473607498898,30.1478764404838],[-90.5472917498716,30.1478874404885],[-90.547246749861,30.1479214404973],[-90.5472157498519,30.1479044404947],[-90.5472157498501,30.1478644404861],[-90.5472997498701,30.1478014404697],[-90.5473687498834,30.1476814404415],[-90.5473077498647,30.1476294404323],[-90.547291749857,30.1475534404165],[-90.5472617498477,30.1475254404115],[-90.5472307498406,30.1475534404186],[-90.5471927498368,30.1477004404515],[-90.5471547498241,30.1476494404417],[-90.5471317498179,30.1476474404421],[-90.5471317498208,30.1477134404563],[-90.5471857498376,30.1477634404653],[-90.5471777498365,30.1477884404709],[-90.5470857498119,30.1477944404752],[-90.5470707498117,30.147883440495],[-90.5470477498063,30.1479004404994],[-90.5470027497938,30.1478934404994],[-90.5469337497729,30.1478434404908],[-90.5469637497768,30.147746440469],[-90.5469867497757,30.147578440432],[-90.5470327497867,30.1475464404236],[-90.5471017498012,30.1474504404006],[-90.5470707497881,30.1473454403788],[-90.5471087497985,30.1473454403776],[-90.5471777498187,30.1473824403833],[-90.5472617498402,30.1473534403743],[-90.5473077498479,30.1472444403493],[-90.5472697498342,30.1471664403337],[-90.5472767498347,30.1471344403266],[-90.5473457498524,30.1471134403198],[-90.547375749856,30.1470114402967],[-90.54729174983,30.1469374402834],[-90.5472537498206,30.1469564402889],[-90.547238749816,30.1469434402866],[-90.5472467498164,30.1469034402776],[-90.5472847498245,30.1468554402661],[-90.547253749813,30.1467834402515],[-90.5472537498085,30.1466804402293],[-90.5472617498073,30.1466034402124],[-90.5472917498117,30.1465194401933],[-90.5472537497996,30.1464774401855],[-90.5472537497987,30.146456440181],[-90.5472997498098,30.1464264401729],[-90.5472617497952,30.1463254401525],[-90.5472307497851,30.1462874401452],[-90.5471777497712,30.1462964401489],[-90.5471697497675,30.1462644401423],[-90.547276749792,30.1461594401161],[-90.5472767497877,30.1460624400951],[-90.5472467497791,30.1460544400944],[-90.5472237497741,30.1460794401005],[-90.5471927497657,30.1460794401015],[-90.5472387497742,30.1459894400807],[-90.5472387497726,30.1459534400729],[-90.54712474974,30.1459134400681],[-90.5471397497421,30.1458674400576],[-90.5472157497607,30.1458254400461],[-90.5472157497588,30.1457814400365],[-90.5471697497409,30.1456554400109],[-90.547200749742,30.1454914399744],[-90.5471627497257,30.1453524399457],[-90.5471927497261,30.1451754399064],[-90.5472087497286,30.1451354398973],[-90.5472767497471,30.1451354398951],[-90.5472847497486,30.1451234398923],[-90.5472467497372,30.1450974398878],[-90.5472237497276,30.1450184398715],[-90.5471777497139,30.144990439867],[-90.5471697497102,30.1449554398598],[-90.5471777497111,30.1449254398531],[-90.5472157497202,30.1449004398463],[-90.5471777497064,30.1448184398298],[-90.5472307497194,30.1447884398218],[-90.5472307497184,30.1447654398167],[-90.5471777497036,30.1447554398164],[-90.5471547496964,30.1447344398126],[-90.5471927497041,30.1446734397981],[-90.5471927496977,30.1445284397669],[-90.5471397496809,30.1444714397562],[-90.5471247496732,30.144389439739],[-90.5470857496613,30.1443584397337],[-90.547024749644,30.1443414397321],[-90.546979749632,30.144343439734],[-90.5469567496265,30.1443624397388],[-90.5469187496207,30.1444614397615],[-90.5468647496052,30.1444424397592],[-90.5468647495974,30.1442654397209],[-90.5468807495988,30.1441984397058],[-90.5468497495881,30.1441454396955],[-90.5468577495888,30.1441104396877],[-90.5470027496265,30.1440764396756],[-90.5470857496494,30.144086439675],[-90.5471857496742,30.1440344396605],[-90.5472157496803,30.1439904396499],[-90.5472157496781,30.1439394396389],[-90.5471927496712,30.1439224396361],[-90.5471247496525,30.143916439637],[-90.5470937496418,30.1438644396268],[-90.5471017496429,30.1438384396209],[-90.5471697496599,30.1438074396119],[-90.5471927496641,30.1437614396013],[-90.5471857496611,30.1437354395959],[-90.5471247496446,30.1437354395979],[-90.5469717495985,30.1436264395795],[-90.5469337495886,30.1436374395832],[-90.5469027495835,30.1437104395999],[-90.54681874956,30.1436954395995],[-90.5467967495517,30.1436394395881],[-90.5468037495518,30.1435994395791],[-90.5469107495774,30.1435234395593],[-90.5469637495915,30.1435174395561],[-90.5470707496233,30.143584439567],[-90.5471397496416,30.1435734395624],[-90.5471547496438,30.1435344395536],[-90.5471477496404,30.1434964395455],[-90.54704774961,30.1434224395329],[-90.5470407496072,30.1434014395285],[-90.547139749632,30.143353439515],[-90.547169749634,30.1432164394844],[-90.5470937496098,30.1431324394688],[-90.5470937496066,30.143059439453],[-90.5471927496324,30.143037439445],[-90.5472087496324,30.1429394394233],[-90.5471927496265,30.1429014394155],[-90.5471477496143,30.142901439417],[-90.5471167496075,30.1429394394264],[-90.5470937496008,30.1429264394244],[-90.5470937495982,30.1428674394115],[-90.5471397496076,30.1427964393947],[-90.5471087495941,30.1426804393707],[-90.5471317495887,30.1424154393128],[-90.5470707495713,30.1423984393111],[-90.5470407495615,30.1423594393037],[-90.5470477495567,30.1422054392703],[-90.5471247495757,30.1421634392585],[-90.5471247495729,30.1420984392445],[-90.5469797495323,30.1420684392428],[-90.5468187494883,30.1420604392465],[-90.5467737494749,30.1420294392413],[-90.5467277494592,30.1419534392264],[-90.5467427494615,30.1419174392182],[-90.546765749468,30.1419194392179],[-90.5468187494846,30.1419744392279],[-90.5468497494932,30.1419784392277],[-90.5469107495086,30.1419534392203],[-90.5469487495205,30.1419914392272],[-90.5470097495356,30.1419574392179],[-90.547070749552,30.1419574392159],[-90.5471087495616,30.141940439211],[-90.5471547495713,30.1418794391964],[-90.5471627495711,30.1418244391842],[-90.5471247495575,30.1417474391688],[-90.5471627495666,30.1417224391621],[-90.5471547495631,30.1416924391558],[-90.5470637495336,30.1415794391345],[-90.5471167495459,30.1415324391226],[-90.547124749547,30.1415074391171],[-90.5471317495424,30.1413584390846],[-90.5471017495315,30.1412954390721],[-90.5471697495494,30.1412844390674],[-90.5472007495565,30.14125543906],[-90.5471777495494,30.1412344390563],[-90.5470637495181,30.1412234390577],[-90.547055749515,30.1412024390535],[-90.547078749517,30.1411064390318],[-90.547063749508,30.1409944390083],[-90.5470247494956,30.1409544390008],[-90.5470177494911,30.1408914389876],[-90.5470477494914,30.1407134389482],[-90.5470247494825,30.1406564389366],[-90.547078749496,30.1406284389287],[-90.5470787494948,30.140601438923],[-90.5470327494803,30.1405514389136],[-90.5470327494767,30.1404694388959],[-90.547055749482,30.1404484388907],[-90.5471017494941,30.1404414388876],[-90.5471247494982,30.1403934388766],[-90.5470557494736,30.1402564388491],[-90.5470097494599,30.1402294388449],[-90.5470097494582,30.1401914388368],[-90.5470937494802,30.1401744388303],[-90.547108749483,30.1401454388235],[-90.5470247494559,30.1400484388053],[-90.5470557494626,30.1400064387953],[-90.5470477494592,30.1399794387896],[-90.5470097494475,30.1399474387839],[-90.546963749436,30.1399684387902],[-90.5469027494197,30.1399714387927],[-90.5468807494125,30.1399434387874],[-90.5466127493389,30.1399204387914],[-90.5466057493357,30.1398884387847],[-90.5467197493647,30.1398464387718],[-90.5467657493777,30.1398594387731],[-90.5467737493816,30.1398994387815],[-90.5468187493934,30.1398934387786],[-90.5468497493997,30.1398424387666],[-90.5468727494061,30.1398464387667],[-90.5468807494103,30.1398934387766],[-90.5469027494171,30.1399124387801],[-90.5469337494255,30.1399124387791],[-90.5469487494267,30.1398494387649],[-90.5470247494462,30.1398274387576],[-90.5470477494518,30.1398094387531],[-90.5470557494523,30.1397714387445],[-90.5470477494486,30.1397374387374],[-90.5469417494173,30.1396764387279],[-90.5469417494158,30.1396414387202],[-90.5469797494235,30.1395844387068],[-90.5469867494207,30.1394764386832],[-90.5470177494282,30.1394554386776],[-90.5469947494206,30.139426438672],[-90.5469337494033,30.1394054386696],[-90.5470097494221,30.1393674386589],[-90.5470327494274,30.1393444386531],[-90.547032749426,30.1393124386462],[-90.5470177494207,30.1392854386409],[-90.5469637494055,30.1392714386396],[-90.5469417493981,30.139237438633],[-90.5469487493971,30.1391744386191],[-90.547017749412,30.1390864385978],[-90.5470097494094,30.1390754385959],[-90.5469567493952,30.1390794385985],[-90.5469487493906,30.1390254385871],[-90.5469107493786,30.1389854385795],[-90.5469487493878,30.1389624385734],[-90.5470247494106,30.1390124385817],[-90.5470557494188,30.1390064385795],[-90.5470477494152,30.1389744385727],[-90.5469867493977,30.1389514385697],[-90.5469717493914,30.1389004385593],[-90.5469417493827,30.1388864385574],[-90.5468037493462,30.1389054385659],[-90.5467807493382,30.1388634385576],[-90.5468647493604,30.1388544385528],[-90.5468877493658,30.1388334385476],[-90.5468727493599,30.1387934385395],[-90.5468267493477,30.1387954385415],[-90.5467737493343,30.1388194385484],[-90.5467127493163,30.1387854385431],[-90.5466517492995,30.1387764385431],[-90.5466357492937,30.1387434385365],[-90.5466437492949,30.1387204385313],[-90.546696749309,30.1387164385287],[-90.5467807493327,30.1387374385304],[-90.5469187493672,30.1386744385122],[-90.5469637493762,30.1386024384952],[-90.5469637493754,30.1385854384916],[-90.5469107493597,30.1385544384866],[-90.5469187493566,30.13843243846],[-90.5469487493605,30.1383374384385],[-90.5469417493547,30.1382454384189],[-90.5469487493558,30.1382304384154],[-90.5470247493766,30.1382364384142],[-90.5470407493795,30.1382034384066],[-90.5469567493543,30.138146438397],[-90.5469487493482,30.1380564383778],[-90.5469947493601,30.1380434383735],[-90.5470637493793,30.1380554383739],[-90.5470557493753,30.138013438365],[-90.5469797493527,30.1379674383577],[-90.5468877493219,30.1378314383313],[-90.5469027493232,30.137767438317],[-90.5470027493488,30.137736438307],[-90.5469567493327,30.1376544382907],[-90.5469867493378,30.1375824382743],[-90.5469867493347,30.1375114382589],[-90.5469487493144,30.1372844382112],[-90.5468727492876,30.1371414381828],[-90.5468807492881,30.1371034381744],[-90.5469337493003,30.1370534381618],[-90.5469417493011,30.1370214381546],[-90.5468957492877,30.1370004381517],[-90.5467357492472,30.1370634381706],[-90.5467427492531,30.1371584381907],[-90.5467127492464,30.1371874381981],[-90.5467127492492,30.1372524382122],[-90.5467737492695,30.1373394382288],[-90.5467577492675,30.1373914382406],[-90.5466817492461,30.1373724382391],[-90.5466287492289,30.1373074382267],[-90.5466207492191,30.1371354381898],[-90.5465907492064,30.1370274381675],[-90.5466287492102,30.1368804381346],[-90.5466287492044,30.1367484381062],[-90.5466897492201,30.1367274380995],[-90.5467277492305,30.1367314380991],[-90.5467887492478,30.1367504381013],[-90.5468497492669,30.1368114381124],[-90.5469027492812,30.1368094381102],[-90.5469867492997,30.1367124380864],[-90.5469867492977,30.1366664380766],[-90.546941749285,30.1366554380757],[-90.546902749273,30.1366224380698],[-90.5469027492712,30.1365804380608],[-90.5469337492789,30.1365654380563],[-90.5469867492943,30.1365884380597],[-90.5470177493023,30.136580438057],[-90.547009749299,30.1365554380518],[-90.5469187492721,30.1365024380434],[-90.5469417492732,30.1363844380171],[-90.5468647492516,30.1363704380168],[-90.5469337492676,30.1363064380005],[-90.5469417492685,30.1362774379941],[-90.5469417492674,30.1362524379887],[-90.5469187492606,30.1362394379865],[-90.5468417492391,30.1362254379861],[-90.5469027492495,30.1360844379537],[-90.5468807492429,30.1360714379516],[-90.5468187492268,30.1360884379574],[-90.5468037492214,30.136056437951],[-90.5468497492281,30.1359244379208],[-90.5468497492119,30.1355544378411],[-90.5468877492206,30.1355184378319],[-90.5468807492175,30.1354914378264],[-90.546857749211,30.1354834378253],[-90.5468807492128,30.1353844378034],[-90.5468727492087,30.1353394377939],[-90.5468187491948,30.1353564377993],[-90.5468037491899,30.1353354377953],[-90.5469027492145,30.1352854377812],[-90.5469107492149,30.1352474377728],[-90.5469107492134,30.1352134377653],[-90.54682674919,30.135194437764],[-90.5468187491849,30.1351314377508],[-90.546887749202,30.1350924377401],[-90.5469107492067,30.1350584377318],[-90.546895749201,30.1350204377242],[-90.546864749192,30.1350074377224],[-90.5467737491688,30.1350394377324],[-90.5468497491865,30.1349744377159],[-90.5468727491906,30.1349254377045],[-90.5468187491715,30.1348254376846],[-90.5467427491503,30.1348084376835],[-90.5467357491475,30.1347854376788],[-90.5466207491134,30.1347194376682],[-90.5464457490641,30.1346734376642],[-90.5463997490501,30.134637437658],[-90.5463997490484,30.1345974376492],[-90.5464837490705,30.1345874376444],[-90.5465907491008,30.134616437647],[-90.5466667491198,30.134581437637],[-90.5467197491352,30.1346044376402],[-90.5468117491589,30.1345774376314],[-90.546857749168,30.1345014376134],[-90.5468577491653,30.1344404376002],[-90.5468037491478,30.1343734375876],[-90.5468577491573,30.1342574375608],[-90.5468267491481,30.1342364375571],[-90.5467737491175,30.1338664374791],[-90.5468577491351,30.1337484374509],[-90.5468647491337,30.1336754374349],[-90.5468877491394,30.1336624374313],[-90.546841749123,30.1335724374134],[-90.5468497491183,30.1334164373795],[-90.5468037491038,30.1333684373706],[-90.5467807490948,30.1333034373573],[-90.5467887490956,30.1332734373506],[-90.5468267491051,30.1332544373453],[-90.5468497491085,30.1331914373308],[-90.5468497491064,30.1331434373204],[-90.5467807490858,30.1330994373133],[-90.5468037490862,30.1329664372838],[-90.5467507490659,30.1328304372561],[-90.5467577490649,30.1327644372417],[-90.5468037490733,30.1326724372204],[-90.5466967490355,30.1324684371798],[-90.5466817490279,30.132388437163],[-90.5466967490277,30.1322894371411],[-90.5466587490139,30.1322124371258],[-90.5466517490014,30.1319684370734],[-90.5466897490052,30.1318194370399],[-90.5466517489832,30.1315524369836],[-90.5466287489758,30.1315264369787],[-90.5464607489303,30.1315244369839],[-90.5464607489272,30.1314534369685],[-90.5465297489421,30.1313694369481],[-90.5467277489906,30.1312514369161],[-90.5470857490768,30.1310094368521],[-90.5471247490806,30.1308544368173],[-90.5471547490751,30.1305454367496],[-90.5472087490851,30.1304394367248],[-90.5472007490819,30.1304164367202],[-90.5471777490758,30.130416436721],[-90.5470637490475,30.1304754367374],[-90.5470327490367,30.1304184367262],[-90.5470327490249,30.130149436668],[-90.5470707490319,30.130076436651],[-90.5471547490531,30.1300444366414],[-90.5471697490533,30.129952436621],[-90.5471547490466,30.1298954366091],[-90.547063749021,30.1298704366068],[-90.5470557490158,30.129800436592],[-90.5471317490322,30.1297044365686],[-90.5471397490301,30.1296074365474],[-90.5471247490236,30.1295524365361],[-90.5470707490064,30.1294944365254],[-90.5470707490039,30.1294374365131],[-90.5470407489942,30.1294014365062],[-90.5470407489936,30.1293864365031],[-90.5471017490085,30.1293484364928],[-90.5470707489937,30.1292034364626],[-90.5470937489964,30.1291224364444],[-90.5471397489859,30.1285964363293],[-90.5470787489588,30.1283564362794],[-90.5471087489606,30.1282094362467],[-90.5470937489551,30.1281784362404],[-90.5470327489366,30.1281314362323],[-90.5470247489309,30.128054436216],[-90.5469637489143,30.1280494362169],[-90.546963748913,30.1280204362107],[-90.5469947489207,30.128003436206],[-90.5470407489334,30.1280104362061],[-90.5470637489388,30.1279904362009],[-90.5470637489368,30.1279444361909],[-90.547009748916,30.1278034361623],[-90.5470247489157,30.1277074361411],[-90.5470027489046,30.1275854361155],[-90.5470937489259,30.1275094360961],[-90.547101748926,30.1274634360858],[-90.5470787489139,30.1273304360579],[-90.547063748909,30.1273094360538],[-90.5470097488941,30.1273034360544],[-90.546994748889,30.1272804360498],[-90.5470027488894,30.1272384360405],[-90.5470557489024,30.1272074360322],[-90.5471017489043,30.1269674359787],[-90.5470707488868,30.1267594359348],[-90.5470857488883,30.1267024359221],[-90.5470097488631,30.1265934359011],[-90.5470097488604,30.1265324358879],[-90.5470787488777,30.1265024358791],[-90.5470937488778,30.1264104358588],[-90.547024748857,30.1263644358511],[-90.5470247488557,30.1263344358446],[-90.5470557488618,30.1262794358318],[-90.5470557488584,30.1262004358145],[-90.5470857488644,30.1261554358038],[-90.5470857488635,30.1261344357994],[-90.5470407488492,30.1260864357906],[-90.5470477488472,30.1259964357709],[-90.5470937488591,30.1259834357664],[-90.5471017488606,30.1259664357627],[-90.5470787488536,30.12595143576],[-90.5470787488522,30.1259184357531],[-90.5471017488571,30.1258884357458],[-90.5470937488529,30.1258404357356],[-90.5471087488564,30.1258284357326],[-90.5470787488455,30.1257664357203],[-90.5470247488291,30.1257274357136],[-90.5470097488229,30.1256764357031],[-90.5469797488138,30.125653435699],[-90.5470027488183,30.1256134356897],[-90.5469417487994,30.1255564356793],[-90.5469867488091,30.1255004356659],[-90.5470407488231,30.1254894356617],[-90.5469947488092,30.1254554356559],[-90.5469717488033,30.1254604356576],[-90.5469797488036,30.1254184356484],[-90.547055748824,30.1254154356452],[-90.5470637488247,30.1253824356379],[-90.5469797487995,30.1253254356282],[-90.5470557488191,30.1253024356208],[-90.5470327488105,30.1252494356102],[-90.5470637488172,30.1252104356007],[-90.5470707488174,30.1251724355921],[-90.5470097487975,30.1250944355774],[-90.5470177487969,30.1250314355635],[-90.5470477488045,30.1250184355597],[-90.5470177487954,30.1249974355562],[-90.5470327487986,30.1249764355512],[-90.5470097487912,30.1249514355465],[-90.54700974879,30.1249224355403],[-90.5470327487947,30.1248884355322],[-90.5470027487857,30.1248674355285],[-90.5469947487817,30.1248274355202],[-90.5470557487975,30.1248084355141],[-90.5470027487783,30.1246994354924],[-90.5470937487991,30.1246104354701],[-90.5471317488096,30.1246154354699],[-90.5471317488085,30.1245914354648],[-90.547108748802,30.1245854354642],[-90.5470707487926,30.12460643547],[-90.5470407487837,30.1245874354669],[-90.5470177487758,30.1245474354591],[-90.547032748776,30.1244594354396],[-90.5469947487651,30.1244464354378],[-90.54697974876,30.124421435433],[-90.547032748771,30.124345435415],[-90.5469797487531,30.124263435399],[-90.5470097487597,30.1242304353908],[-90.5469947487534,30.1241794353803],[-90.5470557487652,30.1240704353546],[-90.5470247487543,30.1240164353442],[-90.5470557487611,30.1239764353344],[-90.54706374876,30.1239024353182],[-90.5470477487537,30.1238584353092],[-90.5470787487609,30.1238304353021],[-90.5470557487534,30.1237994352963],[-90.5471087487635,30.123704435274],[-90.5470247487385,30.1236544352659],[-90.5470247487318,30.1235024352331],[-90.5469717487161,30.1234674352274],[-90.5470027487203,30.1233724352058],[-90.5469717487095,30.1233164351947],[-90.5469797487102,30.1232824351871],[-90.547009748717,30.1232544351801],[-90.5470177487171,30.1232064351694],[-90.5469637487021,30.1231984351695],[-90.5469567486993,30.1231774351653],[-90.5469867487053,30.1231284351537],[-90.5469567486935,30.1230444351365],[-90.5470097487052,30.1229834351216],[-90.5470177487058,30.1229484351137],[-90.5470027487012,30.1229354351114],[-90.5469637486908,30.1229394351135],[-90.5469417486824,30.122882435102],[-90.5470177487025,30.1228724350974],[-90.5470097486973,30.1228034350827],[-90.5471397487293,30.1227294350624],[-90.547116748721,30.1226854350537],[-90.5470857487133,30.122700435058],[-90.5470097486924,30.1226914350585],[-90.5470027486887,30.1226494350496],[-90.5469337486682,30.1226074350429],[-90.5469417486679,30.1225504350304],[-90.546971748675,30.1225274350243],[-90.5469337486631,30.1224914350178],[-90.5469797486701,30.1223674349896],[-90.5469567486609,30.1223004349758],[-90.5469027486436,30.1222374349639],[-90.5469717486597,30.1221764349486],[-90.5470097486653,30.1220714349246],[-90.5469717486531,30.1220274349163],[-90.5469867486546,30.1219684349032],[-90.5469567486442,30.1219174348932],[-90.5469717486454,30.1218504348782],[-90.5470027486531,30.121836434874],[-90.5469637486414,30.1218104348697],[-90.5469567486384,30.1217854348646],[-90.5469947486462,30.121728434851],[-90.546971748637,30.121659434837],[-90.5469947486414,30.1216174348271],[-90.5469797486301,30.1214514347916],[-90.5470027486331,30.121377434775],[-90.547078748653,30.1213634347693],[-90.5470857486543,30.1213504347665],[-90.5470327486367,30.1212744347517],[-90.5470097486298,30.1212584347491],[-90.5469797486218,30.121262434751],[-90.5469417486101,30.1212284347448],[-90.5469487486086,30.1211544347286],[-90.5469867486177,30.1211234347206],[-90.5469717486123,30.121094434715],[-90.5469867486129,30.1210144346971],[-90.5469637486046,30.1209674346878],[-90.5469107485883,30.1209234346801],[-90.5469257485907,30.1208834346708],[-90.5469637486007,30.1208794346688],[-90.5469487485944,30.1208294346584],[-90.5469797486019,30.1208064346524],[-90.5469187485821,30.1207324346384],[-90.546941748587,30.1207004346308],[-90.5470027486031,30.1206924346271],[-90.5470097486044,30.1206774346236],[-90.5469187485749,30.1205664346027],[-90.5469107485713,30.120534434596],[-90.5469187485729,30.1205204345927],[-90.546971748587,30.1205134345894],[-90.5469797485861,30.1204444345742],[-90.5469187485679,30.1204064345681],[-90.5469417485707,30.1203264345499],[-90.5469107485605,30.1202884345429],[-90.5468727485505,30.1202934345452],[-90.5468497485437,30.1202784345427],[-90.5468647485451,30.1202194345294],[-90.5469187485595,30.1202154345268],[-90.54692574856,30.1201814345192],[-90.546971748571,30.1201484345106],[-90.5469487485604,30.1200514344905],[-90.54687274854,30.1200534344935],[-90.5468497485315,30.1200004344826],[-90.5469027485454,30.1199904344788],[-90.5469187485485,30.1199634344725],[-90.5469717485637,30.1199824344748],[-90.5469947485684,30.1199484344665],[-90.5469487485556,30.1199424344669],[-90.546925748548,30.1199084344603],[-90.5468727485328,30.1198874344575],[-90.5469487485518,30.1198554344481],[-90.5468877485336,30.119813434441],[-90.5469417485454,30.1197484344253],[-90.5469487485449,30.1196964344138],[-90.5469417485421,30.1196724344088],[-90.5469027485313,30.1196664344088],[-90.5468577485167,30.1196114343983],[-90.5469107485299,30.1195864343912],[-90.5469487485375,30.1195274343773],[-90.5469417485347,30.1195044343726],[-90.5468877485191,30.1194814343693],[-90.546933748529,30.1194224343552],[-90.5469257485245,30.1193704343442],[-90.5468727485095,30.1193554343427],[-90.5468877485122,30.1193234343353],[-90.5469417485265,30.1193154343317],[-90.5469107485174,30.11930243433],[-90.546902748514,30.1192714343235],[-90.5469637485304,30.1192694343211],[-90.5469567485263,30.1192214343109],[-90.5469187485165,30.1192314343144],[-90.5468727485033,30.1192124343119],[-90.5469027485088,30.1191534342981],[-90.5469487485221,30.119174434301],[-90.5469567485223,30.1191304342914],[-90.5469417485156,30.1190674342782],[-90.5469637485206,30.119046434273],[-90.546933748511,30.1190124342666],[-90.5469377485108,30.1189824342599],[-90.5469567485094,30.1188344342275],[-90.5469337485022,30.1188094342227],[-90.5469417485016,30.1187464342088],[-90.5468807484844,30.1187314342076],[-90.5469417484982,30.1186684341921],[-90.5469027484861,30.1186324341856],[-90.5469257484886,30.1185484341667],[-90.5468807484746,30.1185084341594],[-90.5468957484777,30.1184834341536],[-90.54687274847,30.1184514341474],[-90.5469337484847,30.1184094341362],[-90.5468957484703,30.1183144341172],[-90.5469107484702,30.1182224340968],[-90.5468877484619,30.1181724340867],[-90.5469187484677,30.1181154340733],[-90.5469187484632,30.118012434051],[-90.5469417484676,30.1179684340409],[-90.5469187484588,30.1179114340292],[-90.5469637484697,30.1178814340214],[-90.5468957484468,30.1177764340009],[-90.5469187484512,30.1177364339915],[-90.5469187484483,30.117669433977],[-90.5469567484577,30.1176524339721],[-90.546956748457,30.1176354339685],[-90.5469257484487,30.1176354339695],[-90.5469107484401,30.1175334339478],[-90.5469257484412,30.1174634339323],[-90.5469027484337,30.1174344339269],[-90.5469107484342,30.1173984339187],[-90.5468877484275,30.1173854339168],[-90.5468647484223,30.1174114339231],[-90.5468347484141,30.1174084339235],[-90.5468267484112,30.1173904339198],[-90.5468577484187,30.1173694339143],[-90.5468647484176,30.1173034338999],[-90.5468957484232,30.1172364338843],[-90.546864748413,30.117198433877],[-90.546880748416,30.1171674338699],[-90.5468877484102,30.1169904338314],[-90.5469107484145,30.1169484338216],[-90.5469637484286,30.1169404338182],[-90.5469797484314,30.1169064338101],[-90.5469637484265,30.1168934338081],[-90.54690274841,30.1168934338101],[-90.5468577483988,30.1169144338161],[-90.5468187483864,30.1168754338089],[-90.5468347483896,30.1168474338023],[-90.5468647483978,30.1168494338017],[-90.5468727483986,30.1168164337943],[-90.546910748407,30.1167764337844],[-90.5468877483997,30.1167494337795],[-90.5468807483934,30.1166504337583],[-90.5468497483839,30.1166244337537],[-90.5468957483938,30.1165634337389],[-90.5469337484036,30.1165534337356],[-90.546948748406,30.1165174337273],[-90.54685774838,30.1164844337231],[-90.546857748379,30.1164604337179],[-90.5469027483886,30.1164024337039],[-90.5468807483773,30.1162804336783],[-90.5468577483692,30.1162364336695],[-90.5469107483821,30.1162064336614],[-90.546872748367,30.1160954336386],[-90.5469107483759,30.1160634336304],[-90.5469107483747,30.1160364336247],[-90.5468807483655,30.1160114336202],[-90.5468727483605,30.1159454336062],[-90.5468267483464,30.1159064335993],[-90.5468267483426,30.1158194335806],[-90.5468877483582,30.1158004335745],[-90.5468957483576,30.1157354335601],[-90.5468727483495,30.1156934335518],[-90.5468957483542,30.1156574335433],[-90.5468497483384,30.1155824335286],[-90.5468347483314,30.1155154335146],[-90.546895748342,30.115378433483],[-90.5468417483269,30.1153694334828],[-90.5468267483219,30.1153464334784],[-90.5468417483236,30.1152924334662],[-90.5468877483356,30.1152834334627],[-90.546887748333,30.1152224334497],[-90.5468347483162,30.1151684334397],[-90.5468727483252,30.115138433432],[-90.5468497483173,30.1151004334246],[-90.5468807483218,30.1150104334041],[-90.5468117483023,30.1149894334018],[-90.5468117483012,30.1149644333964],[-90.5468647483144,30.1149414333897],[-90.5468577483065,30.11480243336],[-90.5468957483147,30.1147544333483],[-90.5468957483126,30.1147054333378],[-90.5468417482937,30.1146094333187],[-90.5468347482846,30.1144454332836],[-90.5468577482882,30.1143844332696],[-90.5468347482804,30.1143484332626],[-90.5468417482755,30.1141924332288],[-90.5468037482633,30.1141484332204],[-90.5468347482699,30.1141084332108],[-90.5468187482648,30.1140914332077],[-90.5468347482676,30.1140564331995],[-90.546887748281,30.1140324331926],[-90.5468417482675,30.1140094331892],[-90.5468807482738,30.1139134331672],[-90.5468417482621,30.1138854331625],[-90.5468647482658,30.1138294331496],[-90.5468497482587,30.1137574331344],[-90.5468117482472,30.1137284331295],[-90.5468117482436,30.1136464331118],[-90.5468497482522,30.1136084331024],[-90.5468577482502,30.1135134330816],[-90.5468347482385,30.1133894330556],[-90.5468037482284,30.1133494330478],[-90.5468347482359,30.1133304330428],[-90.5468347482345,30.1132974330357],[-90.5468117482277,30.113282433033],[-90.5468267482289,30.1132174330187],[-90.5468117482224,30.1131624330071],[-90.5468497482319,30.1131454330023],[-90.5468347482253,30.1130874329902],[-90.5468807482353,30.1130304329765],[-90.5468117482121,30.1129254329561],[-90.5468417482156,30.1128204329324],[-90.546803748203,30.1127694329226],[-90.5468577482169,30.1127524329171],[-90.5468117482032,30.1127214329121],[-90.5467967481962,30.112654432898],[-90.5468117481974,30.1125904328837],[-90.5468417482041,30.1125574328755],[-90.5468347482002,30.112511432866],[-90.5468957482155,30.1124834328579],[-90.5468497482026,30.1124754328575],[-90.546818748195,30.1124944328626],[-90.5468187481979,30.1125614328771],[-90.5467887481908,30.1125824328828],[-90.5467657481832,30.1125484328762],[-90.5467657481818,30.1125174328695],[-90.5467967481887,30.1124834328612],[-90.5468037481888,30.1124434328522],[-90.5467507481702,30.1123454328328],[-90.5467577481708,30.1123154328261],[-90.5467967481802,30.1122884328189],[-90.5467657481699,30.1122444328105],[-90.5467887481741,30.1122004328001],[-90.5467507481637,30.1121974328008],[-90.5467277481561,30.1121644327945],[-90.5467967481703,30.1120634327703],[-90.5467657481563,30.1119334327434],[-90.5468037481641,30.1118784327303],[-90.5467807481571,30.1118594327268],[-90.5467967481597,30.1118194327177],[-90.5467807481538,30.1117834327105],[-90.546834748167,30.1117524327019],[-90.5468187481588,30.1116664326839],[-90.5468187481525,30.1115214326527],[-90.537441745579,30.1106634327767],[-90.5371767454862,30.1101794326811],[-90.5371147454641,30.1100594326572],[-90.5352917448262,30.1067414320006],[-90.5285317424598,30.0944114295596],[-90.5282947423757,30.0939534294685],[-90.5271807419854,30.0919124290641],[-90.5261507416287,30.0901194287105],[-90.5237727407961,30.0857734278498],[-90.5228017404561,30.0839984274981],[-90.521710740071,30.0819334270877],[-90.5211687398821,30.0809624268956],[-90.5202557395614,30.0792664265591],[-90.5200247394801,30.0788354264734],[-90.5195747393221,30.0780024263082],[-90.5190787391523,30.0771824261472],[-90.5188807390812,30.0767814260671],[-90.5193907392233,30.076877426071],[-90.521161739717,30.0772104260847],[-90.5221227399837,30.0773684260874],[-90.5224967400869,30.0774124260844],[-90.5230007402257,30.0774704260804],[-90.5236637404084,30.077546426075],[-90.524136740538,30.0775854260679],[-90.5254267408916,30.0776934260489],[-90.5255107409146,30.0777004260475],[-90.5270207413251,30.0777464260078],[-90.5285997417527,30.0777584259583],[-90.5296837420452,30.0777404259188],[-90.5297977420758,30.0777384259146],[-90.5299657421211,30.0777344259081],[-90.5314537425222,30.0777004258518],[-90.5319957426682,30.0776874258311],[-90.5329567429274,30.0776704257958],[-90.5366187439148,30.0776034256607],[-90.5369007439909,30.0775974256502],[-90.5377787442277,30.077582425618],[-90.5398837447952,30.0775404255397],[-90.5408527450564,30.0775214255037],[-90.5417917453095,30.0775024254685],[-90.5419747453589,30.0774994254619],[-90.5420817453878,30.0774984254581],[-90.5425997455275,30.0774894254392],[-90.5441637459491,30.077458425381],[-90.5455217463154,30.0774354253313],[-90.5458577464058,30.0774294253188],[-90.5460407464553,30.0774264253123],[-90.5461787464925,30.0774224253069],[-90.5462237465047,30.0774224253054],[-90.5462937465234,30.0774204253025],[-90.547040746725,30.0774094252757],[-90.5480547469983,30.0773884252376],[-90.548268747056,30.0773824252293],[-90.5490087472554,30.077368425202],[-90.5495277473955,30.0773614251833],[-90.5505267476649,30.0773444251468],[-90.5512287478541,30.0773304251205],[-90.5518547480229,30.0773174250973],[-90.5524587481856,30.0773044250745],[-90.5533727484319,30.0772854250402],[-90.5534487484523,30.0772834250373],[-90.5543497486953,30.0772644250035],[-90.5561797491886,30.0772304249359],[-90.5570727494293,30.0772144249029],[-90.5582787497545,30.0771934248587],[-90.5584847498101,30.0771894248511],[-90.5591637499932,30.0771784248264],[-90.559459750073,30.0771724248153],[-90.5596597501269,30.0771684248079],[-90.559871750184,30.0771644248001],[-90.5604527503407,30.0771544247789],[-90.5616047506513,30.0771334247363],[-90.5628407509845,30.0771114246909],[-90.5646487514719,30.0770774246239],[-90.567639752278,30.0770174245123],[-90.567880752343,30.0770124245035],[-90.568715752568,30.0769954244723],[-90.5692267527056,30.0769854244532],[-90.5722937535325,30.0769304243403],[-90.5726137536186,30.0769204243275],[-90.5743077540746,30.0768784242627],[-90.5758567544917,30.0768364242025],[-90.576619754697,30.076815424173],[-90.5788857553071,30.0767544240851],[-90.5825097562846,30.0767074239556],[-90.5827617563525,30.0766994239455],[-90.5836177565828,30.0766764239123],[-90.5837527566192,30.0766724239071],[-90.5855457571015,30.0766174238362],[-90.5876437576673,30.0765884237607],[-90.589352758128,30.0765584236979],[-90.5920847588645,30.0765104235974],[-90.5955097597872,30.0764414234698],[-90.5967227601139,30.0764174234246],[-90.5966797600962,30.0762764233956],[-90.5968107601315,30.0762724233903],[-90.5963337599263,30.0745214230279],[-90.5954797595722,30.071692422445],[-90.5954027595402,30.0714334223915],[-90.595290759493,30.0710444223111],[-90.5950597593953,30.070235422144],[-90.5944137591287,30.0681214217086],[-90.5940837589925,30.0670424214865],[-90.5939747589477,30.0666914214142],[-90.59366375882,30.0656864212072],[-90.5931677586104,30.0639504208486],[-90.5924357583091,30.0615764203598],[-90.5923817582871,30.0614044203244],[-90.5919317581036,30.0599834200322],[-90.5917937580665,30.0599864200373],[-90.5909017578268,30.0600194200738],[-90.5908637578112,30.0598954200481],[-90.5908027577845,30.0596614199998],[-90.590764757769,30.0595424199752],[-90.5907037577422,30.0593044199258],[-90.5898797573905,30.056338419312],[-90.5893227571522,30.0543204188942],[-90.5892107571074,30.0539844188254],[-90.5889177569877,30.0530524186336],[-90.5878317565537,30.0498214179711]]]},"properties":{"OBJECTID":4,"ID":5,"AREA":62.73,"DISTRICT":"2","Sort":2,"NAME":"District 2","POPULATION":3744,"WHITE":1320,"BLACK":2200,"AMINDIAN":4,"ASIAN":5,"HAWAIIAN":0,"OTHER":53,"IDEAL_VALU":3862,"DEVIATION":-118,"F_DEVIATIO":-0.0306,"Shape__Area":0.01519201067276299,"Shape__Length":0.6630609922976616}},{"type":"Feature","id":5,"geometry":{"type":"Polygon","coordinates":[[[-90.5591637499932,30.0771784248264],[-90.5584847498101,30.0771894248511],[-90.5582787497545,30.0771934248587],[-90.5570727494293,30.0772144249029],[-90.5561797491886,30.0772304249359],[-90.5543497486953,30.0772644250035],[-90.5534487484523,30.0772834250373],[-90.5533727484319,30.0772854250402],[-90.5524587481856,30.0773044250745],[-90.5518547480229,30.0773174250973],[-90.5512287478541,30.0773304251205],[-90.5505267476649,30.0773444251468],[-90.5495277473955,30.0773614251833],[-90.5490087472554,30.077368425202],[-90.548268747056,30.0773824252293],[-90.5480547469983,30.0773884252376],[-90.547040746725,30.0774094252757],[-90.5462937465234,30.0774204253025],[-90.546292746518,30.0773004252766],[-90.5462397464185,30.0753434248555],[-90.5462107463633,30.0742564246215],[-90.5462087463583,30.0741554245997],[-90.5461397462151,30.0712924239833],[-90.5461477462058,30.071028423926],[-90.5461247461664,30.0702674237621],[-90.545987746006,30.0674314231537],[-90.5459117458209,30.0636494223387],[-90.5457967457018,30.0616254219051],[-90.5457887456927,30.0614654218706],[-90.5458117456783,30.0609904217673],[-90.5456897454931,30.0574884210142],[-90.5456367454266,30.0562874207562],[-90.5455377452216,30.0521864198728],[-90.5455467452087,30.051832419796],[-90.5455507452026,30.0516674197602],[-90.5455607451891,30.0512944196793],[-90.5455607451822,30.0511354196449],[-90.5455387450262,30.0476814188988],[-90.5456077450455,30.0476934188991],[-90.5463827452625,30.0478664189111],[-90.5464807452899,30.0478864189121],[-90.5489477459808,30.0484334189493],[-90.5490587460119,30.0484574189508],[-90.5499777462687,30.0486494189622],[-90.550082746298,30.0486724189636],[-90.5514587466819,30.0489434189771],[-90.5521777468823,30.0490814189833],[-90.5583087485919,30.0502724190392],[-90.5586517486874,30.0503374190421],[-90.5592527488522,30.0503894190334],[-90.5595537489347,30.0504154190292],[-90.5595727489399,30.0504184190293],[-90.5597477489877,30.0504294190259],[-90.5601127490879,30.0504654190216],[-90.5611937493845,30.0505624190071],[-90.5613497494273,30.0505764190049],[-90.5624447497285,30.0506974189952],[-90.5625957497703,30.0507174189944],[-90.5638427501134,30.0508534189829],[-90.5650797504538,30.0509914189721],[-90.5686487514361,30.0513924189414],[-90.5687157514547,30.0514014189411],[-90.5688307514859,30.0514064189385],[-90.5689097515074,30.0514084189363],[-90.5692197515919,30.0514234189294],[-90.569564751686,30.0514414189218],[-90.5700087518067,30.0514584189109],[-90.5703917519109,30.0514764189022],[-90.5704217519192,30.0514764189012],[-90.5709637520667,30.0515004188887],[-90.5719627523388,30.0515464188656],[-90.5722647524211,30.0515594188585],[-90.5724617524748,30.0515714188547],[-90.5725287524929,30.0515714188525],[-90.5734127527305,30.0515404188167],[-90.5745137530265,30.0515034187725],[-90.5756147533222,30.0514574187264],[-90.5762367534896,30.0514404187023],[-90.5793157543167,30.0513204185751],[-90.5805097546307,30.0511164184917],[-90.5807147546844,30.0510754184761],[-90.5816097549196,30.0509214184135],[-90.5838827555163,30.0505124182502],[-90.5855747559603,30.0502064181285],[-90.5868047562838,30.0500014180437],[-90.5876207564982,30.0498564179854],[-90.5876597565087,30.049855417984],[-90.5878317565537,30.0498214179711],[-90.5889177569877,30.0530524186336],[-90.5892107571074,30.0539844188254],[-90.5893227571522,30.0543204188942],[-90.5898797573905,30.056338419312],[-90.5907037577422,30.0593044199258],[-90.590764757769,30.0595424199752],[-90.5908027577845,30.0596614199998],[-90.5908637578112,30.0598954200481],[-90.5909017578268,30.0600194200738],[-90.5917937580665,30.0599864200373],[-90.5919317581036,30.0599834200322],[-90.5923817582871,30.0614044203244],[-90.5924357583091,30.0615764203598],[-90.5931677586104,30.0639504208486],[-90.59366375882,30.0656864212072],[-90.5939747589477,30.0666914214142],[-90.5940837589925,30.0670424214865],[-90.5944137591287,30.0681214217086],[-90.5950597593953,30.070235422144],[-90.595290759493,30.0710444223111],[-90.5954027595402,30.0714334223915],[-90.5954797595722,30.071692422445],[-90.5963337599263,30.0745214230279],[-90.5968107601315,30.0762724233903],[-90.5966797600962,30.0762764233956],[-90.5967227601139,30.0764174234246],[-90.5955097597872,30.0764414234698],[-90.5920847588645,30.0765104235974],[-90.589352758128,30.0765584236979],[-90.5876437576673,30.0765884237607],[-90.5855457571015,30.0766174238362],[-90.5837527566192,30.0766724239071],[-90.5836177565828,30.0766764239123],[-90.5827617563525,30.0766994239455],[-90.5825097562846,30.0767074239556],[-90.5788857553071,30.0767544240851],[-90.576619754697,30.076815424173],[-90.5758567544917,30.0768364242025],[-90.5743077540746,30.0768784242627],[-90.5726137536186,30.0769204243275],[-90.5722937535325,30.0769304243403],[-90.5692267527056,30.0769854244532],[-90.568715752568,30.0769954244723],[-90.567880752343,30.0770124245035],[-90.567639752278,30.0770174245123],[-90.5646487514719,30.0770774246239],[-90.5628407509845,30.0771114246909],[-90.5616047506513,30.0771334247363],[-90.5604527503407,30.0771544247789],[-90.559871750184,30.0771644248001],[-90.5596597501269,30.0771684248079],[-90.559459750073,30.0771724248153],[-90.5591637499932,30.0771784248264]]]},"properties":{"OBJECTID":5,"ID":6,"AREA":5.13,"DISTRICT":"3","Sort":3,"NAME":"District 3","POPULATION":3849,"WHITE":2264,"BLACK":1249,"AMINDIAN":26,"ASIAN":8,"HAWAIIAN":2,"OTHER":150,"IDEAL_VALU":3862,"DEVIATION":-13,"F_DEVIATIO":-0.0034,"Shape__Area":0.001242190428001777,"Shape__Length":0.15191909000373693}},{"type":"Feature","id":6,"geometry":{"type":"Polygon","coordinates":[[[-90.5455377452216,30.0521864198728],[-90.5456367454266,30.0562874207562],[-90.5456897454931,30.0574884210142],[-90.5458117456783,30.0609904217673],[-90.5457887456927,30.0614654218706],[-90.5457967457018,30.0616254219051],[-90.5459117458209,30.0636494223387],[-90.545987746006,30.0674314231537],[-90.5461247461664,30.0702674237621],[-90.5461477462058,30.071028423926],[-90.5461397462151,30.0712924239833],[-90.5462087463583,30.0741554245997],[-90.5462107463633,30.0742564246215],[-90.5462397464185,30.0753434248555],[-90.546292746518,30.0773004252766],[-90.5462937465234,30.0774204253025],[-90.5462237465047,30.0774224253054],[-90.5461787464925,30.0774224253069],[-90.5460407464553,30.0774264253123],[-90.5458577464058,30.0774294253188],[-90.5455217463154,30.0774354253313],[-90.5441637459491,30.077458425381],[-90.5425997455275,30.0774894254392],[-90.5420817453878,30.0774984254581],[-90.5419747453589,30.0774994254619],[-90.5417917453095,30.0775024254685],[-90.5408527450564,30.0775214255037],[-90.5398837447952,30.0775404255397],[-90.5377787442277,30.077582425618],[-90.5369007439909,30.0775974256502],[-90.5366187439148,30.0776034256607],[-90.5329567429274,30.0776704257958],[-90.5319957426682,30.0776874258311],[-90.5314537425222,30.0777004258518],[-90.5299657421211,30.0777344259081],[-90.5297977420758,30.0777384259146],[-90.5296837420452,30.0777404259188],[-90.5285997417527,30.0777584259583],[-90.5270207413251,30.0777464260078],[-90.5255107409146,30.0777004260475],[-90.5254267408916,30.0776934260489],[-90.524136740538,30.0775854260679],[-90.5236637404084,30.077546426075],[-90.5230007402257,30.0774704260804],[-90.5224967400869,30.0774124260844],[-90.5221227399837,30.0773684260874],[-90.521161739717,30.0772104260847],[-90.5193907392233,30.076877426071],[-90.5188807390812,30.0767814260671],[-90.5185067389772,30.0767164260653],[-90.5175907387224,30.0765544260605],[-90.5169747385509,30.0764424260566],[-90.5168657385206,30.0764224260558],[-90.5154247381192,30.0761574260461],[-90.5146617379068,30.0760184260411],[-90.513707737641,30.0758444260349],[-90.5121437372049,30.0755454260217],[-90.5120347371746,30.0755254260209],[-90.5119067371389,30.0755014260199],[-90.510747736816,30.0752844260113],[-90.5105357367571,30.0752484260104],[-90.5098017365531,30.0751264260082],[-90.5088857362986,30.0749734260052],[-90.5088167362744,30.0748444259795],[-90.5086647362319,30.0748164259787],[-90.5078867360153,30.0746734259733],[-90.507834736001,30.074664425973],[-90.5055497353648,30.0742534259594],[-90.5048877351806,30.0741344259554],[-90.5040927349594,30.0739924259508],[-90.5040337349429,30.0739814259505],[-90.503933734915,30.0739634259499],[-90.5036217348282,30.0739074259481],[-90.5033547347538,30.0738594259464],[-90.5030497346689,30.0738044259446],[-90.5029047346287,30.073779425944],[-90.5027837345786,30.073382425862],[-90.5026347345171,30.0728934257612],[-90.5024997344612,30.0724484256695],[-90.5024017344207,30.0721284256034],[-90.5020877342911,30.0711034253922],[-90.502048734275,30.0709724253651],[-90.5020267342658,30.0708994253501],[-90.5019277342245,30.0705654252812],[-90.5013477339813,30.0685834248716],[-90.502293734222,30.0682304247641],[-90.5031557344413,30.0679104246665],[-90.5032117344555,30.0678904246603],[-90.5038657346225,30.0676604245892],[-90.5039347346401,30.0676354245814],[-90.5044457347708,30.0674604245268],[-90.5049107348918,30.067351424488],[-90.5053307350011,30.0672524244528],[-90.5056357350768,30.0670954244087],[-90.5064067352664,30.0666574242887],[-90.5056897350156,30.0653504240296],[-90.5053917349113,30.0648074239218],[-90.5052317348579,30.0645724238764],[-90.5046437346437,30.063306423622],[-90.5045527346085,30.0630634235724],[-90.505491734861,30.0630264235335],[-90.5062337350605,30.062998423503],[-90.5089847358003,30.0628944233901],[-90.5088397357488,30.0626154233346],[-90.5077007354415,30.0626324233758],[-90.5076117354175,30.062634423379],[-90.5064217349968,30.0603614229267],[-90.5061847349109,30.0598614228261],[-90.5058647348282,30.0599494228557],[-90.5053837347006,30.0600104228848],[-90.5046437345063,30.0601454229383],[-90.502133733847,30.0605994231189],[-90.5006617334604,30.0608664232251],[-90.5002947333634,30.0609184232484],[-90.4984637328723,30.0610174233301],[-90.4979147327252,30.061049423355],[-90.4974647326046,30.0610764233756],[-90.4972207325391,30.0610914233869],[-90.4970457324922,30.0611014233949],[-90.4964807323409,30.0611354234208],[-90.4962667322833,30.0611434234295],[-90.4961067322402,30.0611484234359],[-90.4956107321058,30.0611434234511],[-90.4954257320555,30.061138423456],[-90.4953057320229,30.0611354234594],[-90.4950007319402,30.0611294234682],[-90.4950447319442,30.0609474234274],[-90.4951347319527,30.0605814233452],[-90.4961357320484,30.0565524224409],[-90.4969537321267,30.0532574217011],[-90.4972107321963,30.0532574216927],[-90.5000887329755,30.0532714216012],[-90.5001117329057,30.0515194212214],[-90.5047067341323,30.0511394209883],[-90.5054087343199,30.0510854209535],[-90.5065357346211,30.0510014208983],[-90.5077357349419,30.0509124208397],[-90.5081947350644,30.0508744208163],[-90.5085887351677,30.0507994207871],[-90.517340737448,30.048789420065],[-90.5174917374876,30.0487594200534],[-90.5214037385118,30.0479794197562],[-90.5255567395987,30.0471404194384],[-90.5261467397535,30.0470294193948],[-90.5266797398956,30.0469824193672],[-90.5279097402223,30.0468424192965],[-90.5304217408901,30.0465794191572],[-90.5324077414183,30.0463724190471],[-90.5331927416266,30.0462794190013],[-90.5378477428923,30.046435418882],[-90.540182743538,30.0467634188762],[-90.543515744464,30.0473314188896],[-90.5437797445373,30.0473774188908],[-90.5438937445691,30.0473964188911],[-90.5455387450262,30.0476814188988],[-90.5455607451822,30.0511354196449],[-90.5455607451891,30.0512944196793],[-90.5455507452026,30.0516674197602],[-90.5455467452087,30.051832419796],[-90.5455377452216,30.0521864198728]]]},"properties":{"OBJECTID":6,"ID":7,"AREA":5.22,"DISTRICT":"4","Sort":4,"NAME":"District 4","POPULATION":3740,"WHITE":598,"BLACK":2918,"AMINDIAN":18,"ASIAN":28,"HAWAIIAN":0,"OTHER":50,"IDEAL_VALU":3862,"DEVIATION":-122,"F_DEVIATIO":-0.0316,"Shape__Area":0.0012642868341572466,"Shape__Length":0.16784752065860614}},{"type":"Feature","id":7,"geometry":{"type":"Polygon","coordinates":[[[-90.4991197338142,30.0785954271098],[-90.4989067337601,30.0786774271346],[-90.4986627337009,30.0788354271767],[-90.4985937336849,30.0788984271926],[-90.4984947336626,30.0789994272177],[-90.4983417336303,30.0792094272682],[-90.4982657336189,30.079419427316],[-90.4982127336218,30.0798184274042],[-90.4982427336396,30.0800374274506],[-90.4983497336826,30.0803614275171],[-90.498410733715,30.0807254275937],[-90.4984567337393,30.0809984276512],[-90.4984407337385,30.0810784276691],[-90.4983577337232,30.0812444277076],[-90.4981667336791,30.0814164277511],[-90.4980217336439,30.0815114277765],[-90.497845733599,30.0815744277959],[-90.497693733559,30.0815994278063],[-90.4974267334871,30.0816054278163],[-90.4972817334473,30.0815914278182],[-90.4971517333846,30.080960427686],[-90.4959467330668,30.0811494277666],[-90.4958627330439,30.0811454277685],[-90.4944667326539,30.0808634277534],[-90.4936427324223,30.0806644277376],[-90.4932147323029,30.0805844277343],[-90.4925207321095,30.0804554277292],[-90.492421732082,30.0804374277285],[-90.4918557319242,30.0803314277244],[-90.4911627317289,30.0801514277083],[-90.4905907316661,30.0822634281838],[-90.4902397316244,30.0834894284604],[-90.4900487316062,30.0842564286324],[-90.489735731518,30.084178428626],[-90.489453731441,30.0841614286316],[-90.4876987309614,30.0840524286657],[-90.4875307309154,30.0840424286691],[-90.4871037307981,30.0840004286741],[-90.4869967307675,30.0839624286694],[-90.4868297307174,30.0838504286508],[-90.4866707306694,30.0837344286309],[-90.4864737306139,30.0836874286273],[-90.4860507304982,30.0836574286347],[-90.4864397305373,30.082137428293],[-90.4864477305304,30.0819294282478],[-90.486432730521,30.081807428222],[-90.4863947305073,30.081727428206],[-90.4859517303546,30.0809734280576],[-90.485860730311,30.0805374279663],[-90.4856997302348,30.0797874278093],[-90.485524730153,30.0789974276442],[-90.4846547299092,30.0788054276313],[-90.4833197295349,30.0785054276104],[-90.4830897294701,30.0784444276049],[-90.4828677294054,30.0783394275893],[-90.4842127296743,30.0761524270721],[-90.4853417299061,30.0744584266686],[-90.4853647299094,30.0743914266533],[-90.4854097299196,30.074345426642],[-90.4857107299798,30.0738584265268],[-90.4857307299838,30.0738254265189],[-90.4859897300383,30.0734664264328],[-90.4865927301609,30.0725334262112],[-90.4866097301642,30.0725054262046],[-90.4871277302674,30.0716534260033],[-90.4871577302734,30.0716044259917],[-90.487828730407,30.0705034257314],[-90.487826730406,30.0704914257289],[-90.4878647304124,30.0704034257087],[-90.4879817304461,30.0704494257148],[-90.4882257305162,30.0705444257273],[-90.4884317305751,30.0706184257366],[-90.4886937306496,30.0706994257454],[-90.4891177307704,30.0708384257615],[-90.4896747309291,30.0710214257828],[-90.4899037309943,30.0710974257917],[-90.4910557313209,30.071440425828],[-90.4918947315577,30.0716644258489],[-90.4919947315864,30.0717004258534],[-90.4920177315826,30.0714734258035],[-90.4920397315755,30.0711714257374],[-90.4922687316003,30.0703174255452],[-90.49273473166,30.0687894251995],[-90.4930627317125,30.0679564250085],[-90.4935357317918,30.0668344247502],[-90.4936807318134,30.066430424658],[-90.4944127319458,30.0649174243068],[-90.4951607320852,30.0634684239688],[-90.4976477327533,30.0633614238639],[-90.498967733108,30.0633044238082],[-90.4990667331567,30.0638074239137],[-90.4994097333285,30.0656254242957],[-90.4999277335776,30.0681334248209],[-90.5001117336661,30.0690224250071],[-90.5004787337597,30.068892424967],[-90.5013477339813,30.0685834248716],[-90.5019277342245,30.0705654252812],[-90.5020267342658,30.0708994253501],[-90.502048734275,30.0709724253651],[-90.5020877342911,30.0711034253922],[-90.5024017344207,30.0721284256034],[-90.5024997344612,30.0724484256695],[-90.5026347345171,30.0728934257612],[-90.5027837345786,30.073382425862],[-90.5029047346287,30.073779425944],[-90.5030497346689,30.0738044259446],[-90.5033547347538,30.0738594259464],[-90.5036217348282,30.0739074259481],[-90.503933734915,30.0739634259499],[-90.5040337349429,30.0739814259505],[-90.5040927349594,30.0739924259508],[-90.5048877351806,30.0741344259554],[-90.5055497353648,30.0742534259594],[-90.507834736001,30.074664425973],[-90.5078867360153,30.0746734259733],[-90.5086647362319,30.0748164259787],[-90.5088167362744,30.0748444259795],[-90.5088857362986,30.0749734260052],[-90.508717736252,30.074946426005],[-90.5078637360144,30.0747944260002],[-90.5074057358869,30.0747104259971],[-90.5069247357528,30.0746224259939],[-90.5062537355661,30.0744994259894],[-90.5060057354969,30.0744534259877],[-90.5056087353863,30.0743804259848],[-90.505025735224,30.074273425981],[-90.5048267351686,30.0742374259796],[-90.5045827351006,30.0741934259783],[-90.5040717349583,30.0740994259746],[-90.5038047348839,30.0740524259733],[-90.5034227347776,30.0739814259706],[-90.5029427346439,30.0738934259672],[-90.5025837345437,30.0738274259648],[-90.502063734399,30.0737304259609],[-90.5016757342908,30.0736574259579],[-90.5011797341526,30.0735654259544],[-90.5009287340827,30.0735204259529],[-90.5007457340318,30.0734874259519],[-90.5007027340304,30.0737214260037],[-90.5006847340298,30.0738214260261],[-90.5006227340319,30.0742544261217],[-90.5006537340589,30.0746834262134],[-90.5006977340799,30.0748914262571],[-90.500729734095,30.0750404262881],[-90.5010507342135,30.075768426435],[-90.5011327342466,30.0760194264866],[-90.5013477343333,30.0766744266211],[-90.5014257343686,30.0770014266893],[-90.5016357344637,30.0778804268724],[-90.5018057345407,30.0785914270205],[-90.5014687344518,30.0786454270433],[-90.5011957343799,30.0786884270616],[-90.5009817343224,30.0786984270708],[-90.5008677342907,30.0786794270705],[-90.5007837342674,30.0786654270703],[-90.5005237341931,30.0785764270595],[-90.500249734112,30.0784144270336],[-90.5000967340627,30.0782344269997],[-90.4997917339865,30.0783774270406],[-90.4997157339674,30.0784144270512],[-90.4996237339438,30.0784424270602],[-90.4991737338279,30.0785764271039],[-90.4991197338142,30.0785954271098]]]},"properties":{"OBJECTID":7,"ID":8,"AREA":0.91,"DISTRICT":"5","Sort":5,"NAME":"District 5","POPULATION":3837,"WHITE":1991,"BLACK":1395,"AMINDIAN":21,"ASIAN":24,"HAWAIIAN":3,"OTHER":148,"IDEAL_VALU":3862,"DEVIATION":-25,"F_DEVIATIO":-0.0065,"Shape__Area":0.0002192453509906045,"Shape__Length":0.08862234928091899}},{"type":"Feature","id":8,"geometry":{"type":"Polygon","coordinates":[[[-90.4976477327533,30.0633614238639],[-90.4951607320852,30.0634684239688],[-90.4944127319458,30.0649174243068],[-90.4936807318134,30.066430424658],[-90.4935357317918,30.0668344247502],[-90.4930627317125,30.0679564250085],[-90.49273473166,30.0687894251995],[-90.4922687316003,30.0703174255452],[-90.4920397315755,30.0711714257374],[-90.4920177315826,30.0714734258035],[-90.4919947315864,30.0717004258534],[-90.4918947315577,30.0716644258489],[-90.4910557313209,30.071440425828],[-90.4899037309943,30.0710974257917],[-90.4896747309291,30.0710214257828],[-90.4891177307704,30.0708384257615],[-90.4886937306496,30.0706994257454],[-90.4884317305751,30.0706184257366],[-90.4882257305162,30.0705444257273],[-90.4879817304461,30.0704494257148],[-90.4878647304124,30.0704034257087],[-90.4876107303393,30.0703024256952],[-90.4875307303163,30.0702714256912],[-90.4873097302527,30.0701834256792],[-90.4868137301097,30.069981425652],[-90.4862187299376,30.0697244256159],[-90.4859667298641,30.069607425599],[-90.4857917298135,30.0695274255874],[-90.4855397297403,30.069413425571],[-90.4852957296692,30.0692954255535],[-90.4849067295559,30.069113425527],[-90.4847917295225,30.0690604255193],[-90.4846087294691,30.0689724255061],[-90.4843647293978,30.0688504254878],[-90.4841897293464,30.0687574254736],[-90.484143729337,30.0688254254897],[-90.4840677293214,30.0689424255176],[-90.4831287291137,30.070008425779],[-90.4827097290189,30.0704354258852],[-90.482014728867,30.071267426088],[-90.4814967287423,30.0716224261817],[-90.4813897287186,30.0717464262121],[-90.4810617286458,30.0721124263021],[-90.4809627286227,30.0721964263235],[-90.4804397285071,30.0727934264698],[-90.4797877283632,30.0735394266526],[-90.4792147282344,30.0741454268026],[-90.4789097281676,30.0745064268907],[-90.4785357280833,30.0748954269872],[-90.4782767280269,30.0752094270635],[-90.4781317279938,30.0753504270988],[-90.4769487277296,30.0766384274163],[-90.4765527276426,30.0771014275295],[-90.4762927275842,30.0773744275971],[-90.4756517274415,30.0780844277717],[-90.4754997274064,30.0782214278062],[-90.4749577272864,30.0788354279569],[-90.474766727243,30.0790244280042],[-90.4744617271762,30.0793864280925],[-90.4741567271063,30.0796784281657],[-90.473973727067,30.079911428222],[-90.4738597270407,30.080018428249],[-90.4737527270178,30.0801554282822],[-90.4730197268532,30.0809314284741],[-90.4727607267969,30.0812504285517],[-90.4725777267548,30.0814224285947],[-90.4721277266558,30.0819444287224],[-90.4720507266385,30.0820264287427],[-90.4719597266158,30.0820704287554],[-90.4719517266162,30.0821294287683],[-90.4716847265562,30.0824114288381],[-90.4713267264775,30.0828294289403],[-90.4712727264645,30.0828644289497],[-90.4711357264333,30.0829994289833],[-90.4700827262004,30.0841974292771],[-90.4699607261721,30.0843054293045],[-90.4697777261329,30.0845424293617],[-90.4697467261252,30.0845594293664],[-90.4686867258879,30.0856964296473],[-90.4686787258876,30.085740429657],[-90.46487172504,30.0899384306903],[-90.4629497246121,30.0920594312122],[-90.4624837245084,30.0925724313385],[-90.4616217243206,30.0936194315932],[-90.4612937242483,30.0939964316857],[-90.4610987242053,30.094222431741],[-90.4595597237696,30.0937814316962],[-90.4591417236512,30.0936614316841],[-90.4529317218926,30.0918804315034],[-90.4468127201607,30.0901454313297],[-90.446400720044,30.0900284313179],[-90.4462407199986,30.0899824313131],[-90.4441507194066,30.0893794312516],[-90.4416327186946,30.0886814311834],[-90.4418767187504,30.0884484311251],[-90.4420297187841,30.0882674310808],[-90.4425027188979,30.0879414309947],[-90.4426857189435,30.0878494309689],[-90.4431267190531,30.0876274309063],[-90.4440437192812,30.0871654307761],[-90.4442187193199,30.0869644307269],[-90.4450507195265,30.0865354306067],[-90.4453027195891,30.0864054305704],[-90.4453707196059,30.0863704305605],[-90.4454857196344,30.0863114305439],[-90.4456997196876,30.0862014305131],[-90.4457917197104,30.0861534304998],[-90.4460807197822,30.086004430458],[-90.4461877198088,30.0859494304426],[-90.4466287199182,30.085722430379],[-90.4472627200757,30.0853954302874],[-90.4473317200927,30.0853594302773],[-90.4477137201876,30.0851604302216],[-90.4479347202423,30.0850444301892],[-90.4484467203692,30.0847734301139],[-90.4488887204787,30.0845404300489],[-90.4499267207367,30.0840144299009],[-90.4500917207778,30.0839304298773],[-90.4501427207911,30.0839194298732],[-90.4508457209716,30.0836954298018],[-90.4510627210285,30.083651429785],[-90.4516497211831,30.0835544297446],[-90.452222721337,30.0835254297196],[-90.4527027214679,30.0835484297087],[-90.4532217216124,30.0836384297111],[-90.4546947220268,30.0839984297406],[-90.4559077223681,30.084300429766],[-90.4576927228706,30.0847424298028],[-90.4579897229542,30.0848174298092],[-90.4586387231353,30.0849394298142],[-90.4592867233121,30.0849754298008],[-90.4599437234882,30.0849354297704],[-90.4600807235241,30.0849064297597],[-90.4606987236858,30.0847794297119],[-90.4612707238317,30.0845714296481],[-90.4618127239671,30.084311429574],[-90.4624687241252,30.083865429456],[-90.4625987241553,30.0837494294266],[-90.4630327242557,30.0833564293273],[-90.4636897244081,30.0827724291794],[-90.4655207248365,30.0812314287858],[-90.4659627249403,30.0808634286917],[-90.466803725137,30.0801544285106],[-90.4669867251798,30.079999428471],[-90.4672907252509,30.0797434284058],[-90.4698617258528,30.0775844278541],[-90.4717157262889,30.0760734274662],[-90.4717847263047,30.0760084274499],[-90.4732037266311,30.0746824271165],[-90.4734157266799,30.0744844270666],[-90.4735237267046,30.0743834270412],[-90.47372972675,30.0741444269828],[-90.4737817267615,30.0740864269685],[-90.4747057269655,30.0730254267087],[-90.476002727259,30.0717024263798],[-90.4769417274792,30.0709244261806],[-90.4771407275258,30.0707564261376],[-90.4773597275771,30.070573426091],[-90.4779167277075,30.0701044259711],[-90.4784447278311,30.0696614258581],[-90.4795067280796,30.0687664256294],[-90.4802097282441,30.0681744254783],[-90.4810657284444,30.0674534252942],[-90.4813587285129,30.0672064252311],[-90.4811607284536,30.0670734252089],[-90.4806287282942,30.0667174251494],[-90.4801387281474,30.0663904250947],[-90.4802557281756,30.0663124250741],[-90.4805897282564,30.066090425015],[-90.4806457282699,30.0660534250052],[-90.4808477283188,30.0659194249696],[-90.4813897284498,30.0655624248745],[-90.4814507284647,30.0655244248644],[-90.4816637285162,30.0653814248263],[-90.4833427289237,30.0643034245379],[-90.4845707292216,30.0635124243265],[-90.4845097292029,30.0634624243177],[-90.4843877291613,30.0632664242793],[-90.4854177294467,30.0634184242784],[-90.48801173016,30.0636834242503],[-90.4889427304131,30.0637084242251],[-90.4895107305661,30.0636914242027],[-90.4899417306821,30.063679424186],[-90.4918697312006,30.0636044241065],[-90.4932307315665,30.0635524240504],[-90.4933957316108,30.0635444240433],[-90.4935207316362,30.063349423997],[-90.493893731712,30.0627734238602],[-90.4939857317306,30.0626274238255],[-90.4939947317325,30.0626134238223],[-90.4941997317742,30.0622974237472],[-90.4950007319402,30.0611294234682],[-90.4953057320229,30.0611354234594],[-90.4954257320555,30.061138423456],[-90.4956107321058,30.0611434234511],[-90.4961067322402,30.0611484234359],[-90.4962667322833,30.0611434234295],[-90.4964807323409,30.0611354234208],[-90.4970457324922,30.0611014233949],[-90.4972207325391,30.0610914233869],[-90.4974647326046,30.0610764233756],[-90.4979147327252,30.061049423355],[-90.4984637328723,30.0610174233301],[-90.5002947333634,30.0609184232484],[-90.5006617334604,30.0608664232251],[-90.502133733847,30.0605994231189],[-90.5046437345063,30.0601454229383],[-90.5053837347006,30.0600104228848],[-90.5058647348282,30.0599494228557],[-90.5061847349109,30.0598614228261],[-90.5064217349968,30.0603614229267],[-90.5076117354175,30.062634423379],[-90.5077007354415,30.0626324233758],[-90.5088397357488,30.0626154233346],[-90.5089847358003,30.0628944233901],[-90.5062337350605,30.062998423503],[-90.505491734861,30.0630264235335],[-90.5045527346085,30.0630634235724],[-90.5046437346437,30.063306423622],[-90.5052317348579,30.0645724238764],[-90.5053917349113,30.0648074239218],[-90.5056897350156,30.0653504240296],[-90.5064067352664,30.0666574242887],[-90.5056357350768,30.0670954244087],[-90.5053307350011,30.0672524244528],[-90.5049107348918,30.067351424488],[-90.5044457347708,30.0674604245268],[-90.5039347346401,30.0676354245814],[-90.5038657346225,30.0676604245892],[-90.5032117344555,30.0678904246603],[-90.5031557344413,30.0679104246665],[-90.502293734222,30.0682304247641],[-90.5013477339813,30.0685834248716],[-90.5004787337597,30.068892424967],[-90.5001117336661,30.0690224250071],[-90.4999277335776,30.0681334248209],[-90.4994097333285,30.0656254242957],[-90.4990667331567,30.0638074239137],[-90.498967733108,30.0633044238082],[-90.4976477327533,30.0633614238639]]]},"properties":{"OBJECTID":8,"ID":9,"AREA":1.67,"DISTRICT":"6","Sort":6,"NAME":"District 6","POPULATION":3860,"WHITE":998,"BLACK":2343,"AMINDIAN":21,"ASIAN":51,"HAWAIIAN":0,"OTHER":202,"IDEAL_VALU":3862,"DEVIATION":-2,"F_DEVIATIO":-0.0005,"Shape__Area":0.0004045451235015207,"Shape__Length":0.17953062104645107}},{"type":"Feature","id":9,"geometry":{"type":"Polygon","coordinates":[[[-90.5029117351729,30.0862404286378],[-90.5025527350083,30.0846924283149],[-90.5018747346979,30.0817744277066],[-90.5018437346797,30.0815474276584],[-90.5018367346556,30.0810424275494],[-90.5019197346569,30.0805524274408],[-90.5019967346576,30.0800904273384],[-90.5020197346432,30.0796174272353],[-90.5018897345785,30.0789404270933],[-90.5018057345407,30.0785914270205],[-90.5016357344637,30.0778804268724],[-90.5014257343686,30.0770014266893],[-90.5013477343333,30.0766744266211],[-90.5011327342466,30.0760194264866],[-90.5010507342135,30.075768426435],[-90.500729734095,30.0750404262881],[-90.5006977340799,30.0748914262571],[-90.5006537340589,30.0746834262134],[-90.5006227340319,30.0742544261217],[-90.5006847340298,30.0738214260261],[-90.5007027340304,30.0737214260037],[-90.5007457340318,30.0734874259519],[-90.5009287340827,30.0735204259529],[-90.5011797341526,30.0735654259544],[-90.5016757342908,30.0736574259579],[-90.502063734399,30.0737304259609],[-90.5025837345437,30.0738274259648],[-90.5029427346439,30.0738934259672],[-90.5034227347776,30.0739814259706],[-90.5038047348839,30.0740524259733],[-90.5040717349583,30.0740994259746],[-90.5045827351006,30.0741934259783],[-90.5048267351686,30.0742374259796],[-90.505025735224,30.074273425981],[-90.5056087353863,30.0743804259848],[-90.5060057354969,30.0744534259877],[-90.5062537355661,30.0744994259894],[-90.5069247357528,30.0746224259939],[-90.5074057358869,30.0747104259971],[-90.5078637360144,30.0747944260002],[-90.508717736252,30.074946426005],[-90.5088857362986,30.0749734260052],[-90.5098017365531,30.0751264260082],[-90.5105357367571,30.0752484260104],[-90.510747736816,30.0752844260113],[-90.5119067371389,30.0755014260199],[-90.5120347371746,30.0755254260209],[-90.5121437372049,30.0755454260217],[-90.513707737641,30.0758444260349],[-90.5146617379068,30.0760184260411],[-90.5154247381192,30.0761574260461],[-90.5168657385206,30.0764224260558],[-90.5169747385509,30.0764424260566],[-90.5175907387224,30.0765544260605],[-90.5185067389772,30.0767164260653],[-90.5188807390812,30.0767814260671],[-90.5190787391523,30.0771824261472],[-90.5195747393221,30.0780024263082],[-90.5200247394801,30.0788354264734],[-90.5202557395614,30.0792664265591],[-90.5211687398821,30.0809624268956],[-90.521710740071,30.0819334270877],[-90.5228017404561,30.0839984274981],[-90.5237727407961,30.0857734278498],[-90.5261507416287,30.0901194287105],[-90.5271807419854,30.0919124290641],[-90.5282947423757,30.0939534294685],[-90.5285317424598,30.0944114295596],[-90.5352917448262,30.1067414320006],[-90.5371147454641,30.1100594326572],[-90.5371767454862,30.1101794326811],[-90.537441745579,30.1106634327767],[-90.5325907442474,30.110219432841],[-90.5231347416531,30.1093834329726],[-90.5212297411304,30.1092144329988],[-90.5173797400734,30.108858433049],[-90.5124637387236,30.1084054331133],[-90.5086037376645,30.1080674331678],[-90.5083357375909,30.1080404331707],[-90.5072147372826,30.1079284331836],[-90.5061167369793,30.1077834331884],[-90.5055667368273,30.1077114331909],[-90.5038197363403,30.1073834331777],[-90.5023937359407,30.1070684331567],[-90.5009127355238,30.1066964331251],[-90.4992117350418,30.1061964330732],[-90.4986317348768,30.1060114330523],[-90.4988987349397,30.1057994329978],[-90.5010657354582,30.10424343259],[-90.5011207354719,30.1042154325822],[-90.5017207356073,30.1035994324293],[-90.5028207358721,30.10284543223],[-90.5038657361209,30.1020674320273],[-90.5044687362564,30.101435431871],[-90.5046287362909,30.1012354318224],[-90.5050097363709,30.1007054316953],[-90.5052457364159,30.1002704315934],[-90.5052767364218,30.1002134315802],[-90.5052967364245,30.1001514315662],[-90.5054297364432,30.0997574314765],[-90.5055827364576,30.0991354313371],[-90.5056277364417,30.0984924311966],[-90.5056047364138,30.09799543109],[-90.5054777363449,30.0972044309232],[-90.5051267361875,30.0957704306249],[-90.5049717361178,30.0951354304927],[-90.5046667359695,30.0936254301763],[-90.5044077358531,30.0925604299548],[-90.5041707357461,30.0915784297503],[-90.5037587355527,30.0896964293571],[-90.5034767354292,30.0886144291325],[-90.503155735283,30.0872524288486],[-90.5029117351729,30.0862404286378]]]},"properties":{"OBJECTID":9,"ID":10,"AREA":3.4,"DISTRICT":"7","Sort":7,"NAME":"District 7","POPULATION":4014,"WHITE":822,"BLACK":2792,"AMINDIAN":10,"ASIAN":17,"HAWAIIAN":0,"OTHER":161,"IDEAL_VALU":3862,"DEVIATION":152,"F_DEVIATIO":0.0394,"Shape__Area":0.0008220653774060338,"Shape__Length":0.13256048904868756}},{"type":"Feature","id":10,"geometry":{"type":"Polygon","coordinates":[[[-90.4873707312858,30.0935394307276],[-90.4873857312854,30.0934364307051],[-90.4876837313237,30.0924634304848],[-90.487752731328,30.0921354304117],[-90.4878437313449,30.0919584303704],[-90.4881347314211,30.0918984303478],[-90.4883147314683,30.091866430335],[-90.488859731608,30.0916864302781],[-90.4890847316369,30.0909524301121],[-90.4896497317049,30.0890044296722],[-90.4900647317566,30.0876134293579],[-90.4900027317318,30.0874284293199],[-90.4898307316708,30.0870964292538],[-90.48971573163,30.0868734292092],[-90.489675731613,30.0867324291801],[-90.4896357315846,30.0863264290936],[-90.4897467315936,30.0858444289858],[-90.4899277316167,30.0852524288517],[-90.4899317316045,30.0849484287859],[-90.4900487316062,30.0842564286324],[-90.4902397316244,30.0834894284604],[-90.4905907316661,30.0822634281838],[-90.4911627317289,30.0801514277083],[-90.4918557319242,30.0803314277244],[-90.492421732082,30.0804374277285],[-90.4925207321095,30.0804554277292],[-90.4932147323029,30.0805844277343],[-90.4936427324223,30.0806644277376],[-90.4944667326539,30.0808634277534],[-90.4958627330439,30.0811454277685],[-90.4959467330668,30.0811494277666],[-90.4971517333846,30.080960427686],[-90.4972817334473,30.0815914278182],[-90.4974267334871,30.0816054278163],[-90.497693733559,30.0815994278063],[-90.497845733599,30.0815744277959],[-90.4980217336439,30.0815114277765],[-90.4981667336791,30.0814164277511],[-90.4983577337232,30.0812444277076],[-90.4984407337385,30.0810784276691],[-90.4984567337393,30.0809984276512],[-90.498410733715,30.0807254275937],[-90.4983497336826,30.0803614275171],[-90.4982427336396,30.0800374274506],[-90.4982127336218,30.0798184274042],[-90.4982657336189,30.079419427316],[-90.4983417336303,30.0792094272682],[-90.4984947336626,30.0789994272177],[-90.4985937336849,30.0788984271926],[-90.4986627337009,30.0788354271767],[-90.4989067337601,30.0786774271346],[-90.4991197338142,30.0785954271098],[-90.4991737338279,30.0785764271039],[-90.4996237339438,30.0784424270602],[-90.4997157339674,30.0784144270512],[-90.4997917339865,30.0783774270406],[-90.5000967340627,30.0782344269997],[-90.500249734112,30.0784144270336],[-90.5005237341931,30.0785764270595],[-90.5007837342674,30.0786654270703],[-90.5008677342907,30.0786794270705],[-90.5009817343224,30.0786984270708],[-90.5011957343799,30.0786884270616],[-90.5014687344518,30.0786454270433],[-90.5018057345407,30.0785914270205],[-90.5018897345785,30.0789404270933],[-90.5020197346432,30.0796174272353],[-90.5019967346576,30.0800904273384],[-90.5019197346569,30.0805524274408],[-90.5018367346556,30.0810424275494],[-90.5018437346797,30.0815474276584],[-90.5018747346979,30.0817744277066],[-90.5025527350083,30.0846924283149],[-90.5029117351729,30.0862404286378],[-90.503155735283,30.0872524288486],[-90.5034767354292,30.0886144291325],[-90.5037587355527,30.0896964293571],[-90.5041707357461,30.0915784297503],[-90.5044077358531,30.0925604299548],[-90.5046667359695,30.0936254301763],[-90.5049717361178,30.0951354304927],[-90.5051267361875,30.0957704306249],[-90.5054777363449,30.0972044309232],[-90.5056047364138,30.09799543109],[-90.5056277364417,30.0984924311966],[-90.5055827364576,30.0991354313371],[-90.5054297364432,30.0997574314765],[-90.5052967364245,30.1001514315662],[-90.5052767364218,30.1002134315802],[-90.5052457364159,30.1002704315934],[-90.5050097363709,30.1007054316953],[-90.5046287362909,30.1012354318224],[-90.5044687362564,30.101435431871],[-90.5038657361209,30.1020674320273],[-90.5028207358721,30.10284543223],[-90.5017207356073,30.1035994324293],[-90.5011207354719,30.1042154325822],[-90.5010657354582,30.10424343259],[-90.4988987349397,30.1057994329978],[-90.4986317348768,30.1060114330523],[-90.4977007346115,30.1057044330167],[-90.4966557343136,30.1053594329766],[-90.4944387336824,30.1046414328947],[-90.491293732787,30.1036244327785],[-90.4862187313421,30.1019814325906],[-90.4862137313288,30.1017084325317],[-90.4862037313043,30.101208432424],[-90.4861957312674,30.1004114322521],[-90.4863107312471,30.0992344319938],[-90.486287731238,30.0991664319798],[-90.4862187312162,30.0990934319664],[-90.4858827311126,30.0988034319148],[-90.4858607311035,30.0987314318999],[-90.4860057311241,30.0983044318028],[-90.4864857311791,30.0965874314158],[-90.4869967312388,30.094783431009],[-90.4873707312858,30.0935394307276]]]},"properties":{"OBJECTID":10,"ID":11,"AREA":1.54,"DISTRICT":"8","Sort":8,"NAME":"District 8","POPULATION":3956,"WHITE":1866,"BLACK":1575,"AMINDIAN":19,"ASIAN":104,"HAWAIIAN":0,"OTHER":107,"IDEAL_VALU":3862,"DEVIATION":94,"F_DEVIATIO":0.0243,"Shape__Area":0.0003736478122391418,"Shape__Length":0.08160844146248962}},{"type":"Feature","id":11,"geometry":{"type":"Polygon","coordinates":[[[-90.46487172504,30.0899384306903],[-90.4686787258876,30.085740429657],[-90.4686867258879,30.0856964296473],[-90.4697467261252,30.0845594293664],[-90.4697777261329,30.0845424293617],[-90.4699607261721,30.0843054293045],[-90.4700827262004,30.0841974292771],[-90.4711357264333,30.0829994289833],[-90.4712727264645,30.0828644289497],[-90.4713267264775,30.0828294289403],[-90.4716847265562,30.0824114288381],[-90.4719517266162,30.0821294287683],[-90.4719597266158,30.0820704287554],[-90.4720507266385,30.0820264287427],[-90.4721277266558,30.0819444287224],[-90.4725777267548,30.0814224285947],[-90.4727607267969,30.0812504285517],[-90.4730197268532,30.0809314284741],[-90.4737527270178,30.0801554282822],[-90.4738597270407,30.080018428249],[-90.473973727067,30.079911428222],[-90.4741567271063,30.0796784281657],[-90.4744617271762,30.0793864280925],[-90.474766727243,30.0790244280042],[-90.4749577272864,30.0788354279569],[-90.4754997274064,30.0782214278062],[-90.4756517274415,30.0780844277717],[-90.4762927275842,30.0773744275971],[-90.4765527276426,30.0771014275295],[-90.4769487277296,30.0766384274163],[-90.4781317279938,30.0753504270988],[-90.4782767280269,30.0752094270635],[-90.4785357280833,30.0748954269872],[-90.4789097281676,30.0745064268907],[-90.4792147282344,30.0741454268026],[-90.4797877283632,30.0735394266526],[-90.4804397285071,30.0727934264698],[-90.4809627286227,30.0721964263235],[-90.4810617286458,30.0721124263021],[-90.4813897287186,30.0717464262121],[-90.4814967287423,30.0716224261817],[-90.482014728867,30.071267426088],[-90.4827097290189,30.0704354258852],[-90.4831287291137,30.070008425779],[-90.4840677293214,30.0689424255176],[-90.484143729337,30.0688254254897],[-90.4841897293464,30.0687574254736],[-90.4843647293978,30.0688504254878],[-90.4846087294691,30.0689724255061],[-90.4847917295225,30.0690604255193],[-90.4849067295559,30.069113425527],[-90.4852957296692,30.0692954255535],[-90.4855397297403,30.069413425571],[-90.4857917298135,30.0695274255874],[-90.4859667298641,30.069607425599],[-90.4862187299376,30.0697244256159],[-90.4868137301097,30.069981425652],[-90.4873097302527,30.0701834256792],[-90.4875307303163,30.0702714256912],[-90.4876107303393,30.0703024256952],[-90.4878647304124,30.0704034257087],[-90.487826730406,30.0704914257289],[-90.487828730407,30.0705034257314],[-90.4871577302734,30.0716044259917],[-90.4871277302674,30.0716534260033],[-90.4866097301642,30.0725054262046],[-90.4865927301609,30.0725334262112],[-90.4859897300383,30.0734664264328],[-90.4857307299838,30.0738254265189],[-90.4857107299798,30.0738584265268],[-90.4854097299196,30.074345426642],[-90.4853647299094,30.0743914266533],[-90.4853417299061,30.0744584266686],[-90.4842127296743,30.0761524270721],[-90.4828677294054,30.0783394275893],[-90.4830897294701,30.0784444276049],[-90.4833197295349,30.0785054276104],[-90.4846547299092,30.0788054276313],[-90.485524730153,30.0789974276442],[-90.4856997302348,30.0797874278093],[-90.485860730311,30.0805374279663],[-90.4859517303546,30.0809734280576],[-90.4863947305073,30.081727428206],[-90.486432730521,30.081807428222],[-90.4864477305304,30.0819294282478],[-90.4864397305373,30.082137428293],[-90.4860507304982,30.0836574286347],[-90.4847237301372,30.0836134286688],[-90.483144729706,30.0835234287013],[-90.4829767296601,30.0835124287045],[-90.4823127294786,30.0834724287177],[-90.4811377291578,30.0834054287419],[-90.4808617291012,30.0838224288412],[-90.4805897290456,30.0842344289392],[-90.4805197290311,30.0843404289644],[-90.4792687286651,30.083708428869],[-90.4791767286382,30.0836614288619],[-90.4790167285913,30.083577428849],[-90.4787957285266,30.0834664288321],[-90.4788867285451,30.0833254287987],[-90.4789637285609,30.083209428771],[-90.4790547285797,30.0830754287392],[-90.4791467285982,30.0829284287043],[-90.4792607286216,30.082759428664],[-90.4789557285327,30.0826104286417],[-90.4785437284123,30.0824064286112],[-90.4778337282048,30.0820534285583],[-90.4774477281263,30.0826524287006],[-90.4761637278657,30.0846474291741],[-90.4759577278241,30.084971429251],[-90.4753017276916,30.0860054294963],[-90.4740497274336,30.0878614299388],[-90.4737447273648,30.0881794300177],[-90.4734247272873,30.0883854300727],[-90.472546727073,30.088923430218],[-90.4722647270041,30.0890934302639],[-90.4721807269903,30.0892994303112],[-90.4697087264859,30.0930794312102],[-90.4692057263834,30.0938524313939],[-90.4663747255819,30.0930414313116],[-90.4660117254791,30.0929364313011],[-90.4629497246121,30.0920594312122],[-90.46487172504,30.0899384306903]]]},"properties":{"OBJECTID":11,"ID":12,"AREA":0.76,"DISTRICT":"9","Sort":9,"NAME":"District 9","POPULATION":3985,"WHITE":484,"BLACK":3181,"AMINDIAN":10,"ASIAN":11,"HAWAIIAN":4,"OTHER":149,"IDEAL_VALU":3862,"DEVIATION":123,"F_DEVIATIO":0.0318,"Shape__Area":0.0001849961972766323,"Shape__Length":0.08432968607682848}}]}