{"type":"FeatureCollection","crs":{"type":"name","properties":{"name":"urn:ogc:def:crs:OGC:1.3:CRS84"}},"features":[{"type":"Feature","id":6,"geometry":{"type":"Polygon","coordinates":[[[-82.2074932934112,26.771033891171],[-82.2055652923385,26.7705328912476],[-82.204665292712,26.770579890491],[-82.1986292908441,26.7708968909115],[-82.1911152885465,26.770865890872],[-82.190142288389,26.770862891717],[-82.1867322870176,26.7708488915705],[-82.1852442872096,26.7708428918391],[-82.1840802861721,26.770839891205],[-82.1734802837096,26.7708078920167],[-82.1572642786602,26.770774892536],[-82.1485112763219,26.77075689186],[-82.1364032723503,26.7707548928541],[-82.127107269604,26.7706798926176],[-82.1248162692821,26.7707378925073],[-82.1100602650289,26.7707318931615],[-82.1026152630902,26.7706908929681],[-82.0838232577724,26.7705868936006],[-82.0650312521298,26.7704828942926],[-82.0646792521793,26.7704808946052],[-82.0643262517344,26.7704788944976],[-82.0642372520299,26.7704788942515],[-82.0641912519229,26.7704788943358],[-82.0640562515502,26.7704778939862],[-82.0610712505102,26.770427894658],[-82.0595222501188,26.7704048943729],[-82.0594002509128,26.7704048941144],[-82.0592752500954,26.7703988946494],[-82.0589292498155,26.7703838945455],[-82.0587052500263,26.7703888939427],[-82.0583952506045,26.7703968943294],[-82.0546642491871,26.770485894136],[-82.05456324901,26.7704828940696],[-82.0542322492822,26.7704798945846],[-82.0535512483209,26.7704738941588],[-82.0529132490363,26.770467894268],[-82.0528842484654,26.7704678942622],[-82.052835248853,26.7704678944874],[-82.0498922480357,26.7704508941965],[-82.0460952468148,26.7704328946538],[-82.0460592467389,26.7704328946253],[-82.0435122461561,26.7704098948744],[-82.0416182453474,26.770392895013],[-82.0412352450853,26.7703898948738],[-82.0410782449504,26.7703888943782],[-82.0407292447737,26.7703858947455],[-82.0389552446247,26.7703738945509],[-82.0382752448452,26.7703748948705],[-82.0381772446851,26.7703718949511],[-82.0381632446623,26.7703718951116],[-82.0381752438658,26.770146894695],[-82.03821424449,26.7685728947248],[-82.0382322447282,26.7681418938114],[-82.0382482438396,26.767845894295],[-82.0383782440703,26.7654578931972],[-82.0383812440424,26.7653788939332],[-82.0384082446212,26.7646768929356],[-82.0384202445808,26.7640268927625],[-82.0384432440174,26.7634448927682],[-82.0384552445321,26.7629288924946],[-82.0384552439162,26.7625238931611],[-82.0384612436879,26.7622078930777],[-82.038459244287,26.7620718925669],[-82.0384572442546,26.76195789249],[-82.0384722442788,26.7617148925797],[-82.0384842442436,26.7608668926873],[-82.0384852444992,26.760391892299],[-82.0384952440065,26.7598618923898],[-82.0384882439126,26.7597358919989],[-82.0384812438991,26.7594518918631],[-82.0384892442798,26.7587688920731],[-82.0384922438599,26.7586088922776],[-82.0385022441714,26.7578878913334],[-82.0385032440428,26.7577878912354],[-82.0385202442247,26.7565548910692],[-82.0386762440628,26.7523708900819],[-82.0387532435556,26.7503428897159],[-82.0387582442573,26.7501918897408],[-82.0387762435239,26.7497278900923],[-82.0388092438157,26.7488268896014],[-82.0388192433688,26.7485498893437],[-82.0388412435298,26.7479768888571],[-82.0389322442726,26.7455738885089],[-82.0390692435679,26.7419298877645],[-82.0390992441431,26.7410008870634],[-82.0391082439008,26.740358886907],[-82.0391422440057,26.7342798853766],[-82.0391462435992,26.733562885638],[-82.0391692435624,26.729640884652],[-82.0391722432575,26.7290868845667],[-82.0391762436454,26.728249884553],[-82.0391812430379,26.7272688837235],[-82.0391862438162,26.7264828838702],[-82.039186242929,26.7264538837656],[-82.0391872430992,26.726415883694],[-82.0391872435199,26.726337883971],[-82.0391882432111,26.7262808835496],[-82.0391882431038,26.7262218841747],[-82.0392052436476,26.7222518830085],[-82.0392162434871,26.7210228821244],[-82.0392272429614,26.717180881987],[-82.039241243084,26.713491880272],[-82.0392492432841,26.7119358799655],[-82.0392502431972,26.7117128798848],[-82.0392692425342,26.7078878790719],[-82.0392682425537,26.7070028791588],[-82.0392732429072,26.7064508786936],[-82.0392782431387,26.7059308785805],[-82.0392742430455,26.7055548790963],[-82.0392812431197,26.7051198788034],[-82.0392762425716,26.7046338782885],[-82.0392872427014,26.7029668783617],[-82.0392952423409,26.6998368773607],[-82.0393092428427,26.6981358767111],[-82.0393102426027,26.6974298767223],[-82.0393152428699,26.6969348767956],[-82.0393122422493,26.6959948767257],[-82.0393142425102,26.6945968781395],[-82.0393142425977,26.6944038762918],[-82.0392722429434,26.6944028761101],[-82.0385672418335,26.6944078756426],[-82.0377542417857,26.6942998762295],[-82.0366862415538,26.6941298761377],[-82.0360002416085,26.6941018755457],[-82.0350802409331,26.6942708758259],[-82.0337132406782,26.694897876532],[-82.0330302403027,26.6952598765806],[-82.0327812404212,26.6956508760181],[-82.0322472408284,26.6966118771069],[-82.0309842404914,26.6966858765032],[-82.0306992397289,26.6969578771465],[-82.0295952401541,26.698012876732],[-82.0290852396208,26.6985008772381],[-82.0281002398573,26.6993838773041],[-82.0274372394294,26.6994248771586],[-82.0231442379006,26.6993938779446],[-82.0230332355354,26.6993978773211],[-82.0229132374232,26.6994028772301],[-82.0228002382884,26.6994068776493],[-82.0221802378627,26.6993388772491],[-82.0186452368249,26.6993648773516],[-82.0186202364431,26.7021878794321],[-82.0186172364093,26.7024888781427],[-82.0155892363237,26.702510878922],[-82.0125602350275,26.7025318783168],[-82.0106842343793,26.7025368788077],[-82.0065292330057,26.7025618788181],[-82.00653023318,26.7024078789184],[-82.0065302328304,26.7023488784343],[-82.0065092334754,26.7019908789139],[-82.0065022336307,26.7018758784676],[-82.0064482329874,26.7009348786801],[-82.0064312326816,26.7006298780735],[-82.0064212328312,26.700344878529],[-82.0064412328532,26.6978998774147],[-82.0064442329978,26.6971948775161],[-82.0064462329277,26.6971448775291],[-82.0064502328387,26.6970458776242],[-82.002905231841,26.6970298777634],[-82.0020562314358,26.6970268770429],[-81.9978752303855,26.6970098784532],[-81.9969232303656,26.6970048778139],[-81.9945142296126,26.6969928774439],[-81.9935462292336,26.6969848777023],[-81.9930002286734,26.6969708779302],[-81.9929742292927,26.6969698774785],[-81.9928532287742,26.6969708778279],[-81.9926732293257,26.6969718777497],[-81.9922162285361,26.6969758780825],[-81.9912672282576,26.6969758779439],[-81.9902542280683,26.6969718776343],[-81.9901322278341,26.6969708781636],[-81.9901332282139,26.6968598776659],[-81.9901622277218,26.693448876891],[-81.9901972279811,26.6899828763883],[-81.9902012284697,26.6894978755414],[-81.9902022283085,26.6893798762329],[-81.9902032284671,26.6893168754249],[-81.9902032277389,26.6892548755212],[-81.9902072276214,26.688799875861],[-81.9902152282622,26.6878078751079],[-81.9902352284516,26.6855258746439],[-81.9902682274955,26.6822498739146],[-81.9902712279114,26.6821408743698],[-81.9902902283358,26.6812338741714],[-81.990395227455,26.6767508731671],[-81.9904762278795,26.6732948718901],[-81.9905222279151,26.6714498718197],[-81.9905722273067,26.6691118711205],[-81.9905852280601,26.6686018702879],[-81.982618224832,26.6685238705338],[-81.9816102251545,26.6685208706931],[-81.9811732252022,26.6685188710805],[-81.98112738634,26.6685265740547],[-81.9810752244072,26.6685578708814],[-81.9810642250128,26.6685798710468],[-81.9809552247903,26.6685798709204],[-81.9808102233607,26.6685798712683],[-81.9808112243095,26.6685358708495],[-81.9803352249408,26.6685358707565],[-81.9765232233225,26.6685368706871],[-81.9752002233526,26.6685488706667],[-81.9744222233388,26.6685598707565],[-81.9743532231308,26.6685628711774],[-81.9742532228053,26.6685658713666],[-81.9742562232428,26.6685408709602],[-81.9742552228402,26.6684548707234],[-81.9742532231902,26.6683448712331],[-81.9742502227303,26.6683028711861],[-81.9742362228257,26.6681208713992],[-81.9742332226437,26.6678898708685],[-81.974240223104,26.6672538709517],[-81.9742382229612,26.6670388708608],[-81.974243222564,26.666928870812],[-81.9742562233373,26.6666068708877],[-81.9742822230014,26.6661808700728],[-81.9742912230452,26.6660388701556],[-81.9744622223814,26.6643798702354],[-81.9744722224108,26.66359786954],[-81.9744772223957,26.663163869551],[-81.9744782228714,26.6630378693226],[-81.9744792231851,26.6629938698177],[-81.9744792226633,26.6628968697735],[-81.9744782230607,26.6624138695037],[-81.9744752224944,26.6596318692558],[-81.9744742222232,26.6591068683035],[-81.9744772223806,26.6585398684698],[-81.9744662231518,26.6577968681136],[-81.9744742229124,26.6568188677347],[-81.9744712225753,26.656063867725],[-81.9744532227597,26.6556878675471],[-81.9744232228192,26.655312867972],[-81.9743772227675,26.6549078677198],[-81.9742602229875,26.6541308677975],[-81.9742162227685,26.6537758670849],[-81.974187222573,26.6534678672331],[-81.974165222152,26.6531498669692],[-81.9741522222098,26.6528138669509],[-81.9741512224844,26.6526588675742],[-81.9741502223028,26.652398867396],[-81.9741462221683,26.652292866695],[-81.9741592229038,26.652062866829],[-81.9741552223104,26.6517938672005],[-81.9741592221751,26.6511068668122],[-81.9741532218723,26.6509708670417],[-81.9741532224849,26.6508298670739],[-81.974161222409,26.6482898657663],[-81.9741612220096,26.6482648656475],[-81.974169222306,26.6447258655411],[-81.9741732221579,26.6438988653438],[-81.9741752221185,26.6423128643482],[-81.9741762218061,26.6422668645613],[-81.9741862226031,26.6414228647452],[-81.9741952218696,26.6410168645162],[-81.9741972224337,26.6409238639448],[-81.9741992218843,26.6408268639624],[-81.9742002225264,26.6407988646675],[-81.9741922217225,26.6403778637569],[-81.9741762218156,26.6394888636004],[-81.9741822222408,26.6387238634988],[-81.9741792217448,26.6378948638827],[-81.9741802219364,26.6375828630584],[-81.9741652217674,26.635644863256],[-81.9741472219475,26.6333908626781],[-81.9741372216785,26.6325618620696],[-81.9733282219803,26.6325598623263],[-81.9731532211275,26.6325538623207],[-81.9715152207922,26.6325378619405],[-81.9706942209233,26.6325348618806],[-81.9700932207199,26.6325328620732],[-81.9699012209163,26.632526862614],[-81.9698002205714,26.6325178621531],[-81.9696992208206,26.6325028620483],[-81.9696082204466,26.6324828627106],[-81.9695222209461,26.6324578621853],[-81.9693602207993,26.6323938620247],[-81.9692242202897,26.6323238623196],[-81.9691002207108,26.632245862653],[-81.9689892208221,26.6321618625297],[-81.9688032206815,26.6319998622735],[-81.9673342199137,26.6306788618503],[-81.9670452193944,26.6304138616889],[-81.9667442201136,26.6301408620036],[-81.9666102197257,26.6300248620067],[-81.9665352192173,26.62997086175],[-81.9664572197768,26.6299208619668],[-81.9663762193915,26.6298748617491],[-81.9663022198255,26.6298398613106],[-81.966231219508,26.6298138613587],[-81.9661582191957,26.6297928612929],[-81.9660152193698,26.6297648619767],[-81.9658742197376,26.6297518614814],[-81.9656852196243,26.6297458615644],[-81.9645432189854,26.629742861931],[-81.9636232185766,26.6297428615779],[-81.9627052184104,26.6297438621961],[-81.961792218296,26.6297428616839],[-81.9608672178443,26.6297418619386],[-81.9604602182428,26.629749861935],[-81.9599412173302,26.6297748622084],[-81.9597942179859,26.6297868613989],[-81.959762217321,26.6297888615344],[-81.9596612172765,26.6297938622058],[-81.9595402179203,26.6298008617898],[-81.9589632168711,26.6298158619483],[-81.9583922167707,26.6298158621348],[-81.9567512167977,26.6298128615877],[-81.9565082167738,26.6298258616337],[-81.9564992166773,26.6299228620735],[-81.9564792162152,26.6300178616948],[-81.9564512162129,26.6301108623145],[-81.9563792169759,26.6302718620588],[-81.9563382169639,26.6303388620173],[-81.9562902164189,26.6304018622024],[-81.9562362166261,26.6304608620127],[-81.9558352161499,26.6308208622911],[-81.9545072162718,26.6320178625554],[-81.9540042158457,26.6324688628012],[-81.9538502161286,26.6326138622826],[-81.9538032164328,26.632569862501],[-81.953656215684,26.6327018630159],[-81.9534732156294,26.6328758630446],[-81.9534252163321,26.6329218627008],[-81.9533822161678,26.6329588623658],[-81.9532822161781,26.6330458625975],[-81.9508062146153,26.6308088625734],[-81.9503442146038,26.6303918621228],[-81.9503312145404,26.6300558625188],[-81.9503802151493,26.6299238619249],[-81.950393214498,26.6296268618332],[-81.9503132150505,26.6294948622366],[-81.9501782148315,26.6293738622635],[-81.9500442151956,26.6293128618641],[-81.94980521517,26.6292578618052],[-81.9415132120929,26.6292088616614],[-81.9409072118294,26.629219862075],[-81.940872212179,26.62922186213],[-81.940871212476,26.6290958625427],[-81.940871211906,26.6289408619681],[-81.9408692125887,26.6284018616346],[-81.9408652121759,26.6275088620374],[-81.9408672117102,26.626544861868],[-81.9408592120514,26.6247978607029],[-81.9408502121442,26.6240638604816],[-81.9408532118131,26.6225478601749],[-81.940859212112,26.6221868607438],[-81.9408662115618,26.621786860378],[-81.9408912117699,26.6209278602999],[-81.9410442115299,26.6157148585105],[-81.9410602113584,26.6153558585155],[-81.9410652119431,26.6151368590189],[-81.9410952114872,26.6138748580082],[-81.9411952113925,26.6105948577145],[-81.9412322115658,26.6089308573023],[-81.9412402121176,26.608396857289],[-81.9412532118247,26.608114856588],[-81.9412772118667,26.6077848564593],[-81.9412912120761,26.6074938563039],[-81.9411362110836,26.607496856609],[-81.9411432116467,26.6073988568405],[-81.9371542100247,26.6074918566652],[-81.936736210663,26.6074938566611],[-81.936336209845,26.6074958571638],[-81.9356882102522,26.6075108567783],[-81.9347892099161,26.6075448566506],[-81.9341522098089,26.6075528573441],[-81.9335582093167,26.6075748565634],[-81.933235209155,26.6076888573945],[-81.9328032095718,26.6077118572439],[-81.9324632088341,26.6077248571282],[-81.9320062091649,26.6077318567189],[-81.9312172091166,26.6077318566589],[-81.9310002086072,26.6076318571114],[-81.9308852084974,26.6076318572692],[-81.930668208823,26.6076328574041],[-81.9302252080419,26.607640857275],[-81.9297652087112,26.6076488573073],[-81.9294002081873,26.6076478571414],[-81.9292732084595,26.6076438569348],[-81.9291892076787,26.6076428566008],[-81.9291052079031,26.6076418571203],[-81.9287862075404,26.6076358571165],[-81.9284492077745,26.6076328566221],[-81.9275962080535,26.6076388571409],[-81.9148182043933,26.6079198575906],[-81.9130312031456,26.6079598577377],[-81.9127022034003,26.6079558572535],[-81.9123652035812,26.6079378571557],[-81.9121872029564,26.6079188577977],[-81.9121302033875,26.6079128573247],[-81.911898202668,26.6078798574042],[-81.9115212032949,26.6078048574576],[-81.9112452032719,26.6077338575859],[-81.9111402027551,26.6077068575438],[-81.9108782029203,26.6076248575784],[-81.9105482023129,26.6075018570745],[-81.910491202212,26.6074788572583],[-81.910332202748,26.6074128573571],[-81.9100542028606,26.6072768576084],[-81.9096842027118,26.6070708573004],[-81.9094572027079,26.6069308577214],[-81.9092372026781,26.606780856909],[-81.908747202383,26.6064328570762],[-81.907917201459,26.605865857155],[-81.9070862016955,26.6052838567961],[-81.9050562014915,26.6038848568552],[-81.9042902005335,26.6033488565167],[-81.9040812007704,26.6032058565624],[-81.9036862007486,26.5972838551352],[-81.9036801999762,26.5971888548911],[-81.9038742000456,26.5965848553222],[-81.904622200224,26.5942518546835],[-81.9073772010896,26.5856598516797],[-81.9082122008823,26.5830568509904],[-81.9100832019521,26.5802108504776],[-81.9103072022576,26.5798708506092],[-81.9105302021713,26.5795298505579],[-81.9153122026767,26.5722578489202],[-81.9159882028656,26.5715988488289],[-81.9162062033763,26.571385848549],[-81.9170302036955,26.5705838484112],[-81.9192132037144,26.5684578475719],[-81.919736204246,26.5679868473679],[-81.9216772046417,26.5662388471638],[-81.9217912047992,26.5661368466592],[-81.9252712052766,26.5630208463863],[-81.9271292066094,26.5605078457584],[-81.9272132058473,26.5603948452528],[-81.9322382071769,26.5532428433759],[-81.9331062075917,26.5520658432778],[-81.9339762083753,26.5508838426619],[-81.9344762075655,26.5502098428158],[-81.9353162084277,26.5490788425503],[-81.9355282080415,26.5487928422887],[-81.9374072085077,26.5462608415294],[-81.9380052084356,26.5454548417335],[-81.9381442088579,26.5452678417528],[-81.9387782089293,26.5444128416097],[-81.9394132096359,26.5435588408539],[-81.9434132099146,26.5400588397764],[-81.9454602105484,26.5390128399916],[-81.9500182117476,26.5366828389173],[-81.9561472135173,26.5335498385101],[-81.9569142142077,26.5331588383033],[-81.9583272142027,26.5330378381207],[-81.959103214649,26.532970838132],[-81.966925217012,26.5323008378224],[-81.9670642171279,26.532288837286],[-81.9677742170934,26.5322278376734],[-81.9728582183929,26.5317918371931],[-81.9732472192007,26.5317588372221],[-81.9772012203396,26.5314198372777],[-81.9799242204899,26.5311858366572],[-81.9849282217594,26.53075683648],[-81.992764223944,26.5300848368211],[-81.9957522253027,26.529828836579],[-81.9995152259935,26.5295058362655],[-81.999815226836,26.5294798363385],[-82.0003982267354,26.5293198362511],[-82.0007682261465,26.5292178360076],[-82.0024382274948,26.5287598356594],[-82.0029562272888,26.5286178360074],[-82.0040042276299,26.5284128354214],[-82.0047952282001,26.5282588353739],[-82.0059032284294,26.528041835718],[-82.011145229769,26.5263118354037],[-82.0128442301062,26.5251408349065],[-82.0129712299791,26.525053835065],[-82.0150342302588,26.5225528339741],[-82.0178232315531,26.5185818325703],[-82.0184212312425,26.5168548320604],[-82.0189682313115,26.5152738322423],[-82.0188982316445,26.5146278320523],[-82.018599231039,26.5138328321807],[-82.018038231247,26.5127588318556],[-82.0173732304057,26.5114878310348],[-82.0158232304713,26.5091558308455],[-82.0136532295585,26.5067308303977],[-82.0131412294376,26.5060208295045],[-82.0124502293838,26.5042708298439],[-82.0124832292898,26.5037368291765],[-82.0125782296653,26.5022378291631],[-82.0121682289227,26.500360828553],[-82.0123982295831,26.5001048288516],[-82.012872229236,26.4995768281898],[-82.014168229529,26.4980088279571],[-82.0153682295199,26.4965688277437],[-82.0161842296757,26.4956408276898],[-82.0168722304079,26.4946648269933],[-82.0178002310003,26.4934648269735],[-82.0186002310824,26.4924728264384],[-82.0193362307464,26.4915448263782],[-82.0199922314765,26.4906168264128],[-82.0208242316039,26.4895928261322],[-82.0220082314389,26.4879288252375],[-82.0221202312007,26.4878488252409],[-82.0229682320855,26.4867778247796],[-82.0236082319926,26.4858978248949],[-82.0241202321925,26.4850018240693],[-82.0247762327377,26.4841538246512],[-82.0260082326413,26.4828418235292],[-82.0260292326873,26.4828188237163],[-82.0269682328694,26.4817698231819],[-82.0284402331007,26.4802498235853],[-82.0292722334516,26.4792898233362],[-82.0300242339138,26.4785058229138],[-82.0307602333283,26.4775618229068],[-82.031528234094,26.4763298225409],[-82.0315162336663,26.4759618222865],[-82.0300562340416,26.475460821889],[-82.0286802335184,26.4749128219239],[-82.0266372323632,26.4742308217458],[-82.023408232018,26.4740768222078],[-82.0191842301768,26.4599828181111],[-82.0155152286546,26.4607088188264],[-82.0109062279439,26.4604308182442],[-82.0081542266668,26.4584598185523],[-82.0058682260946,26.454934817198],[-82.0058622261252,26.4548288172347],[-82.005785225888,26.453382816726],[-82.005689226098,26.4515828166202],[-82.0085832262146,26.4463868153006],[-82.0141282280362,26.4430868143265],[-82.0118432276684,26.4354628123725],[-82.0084792260936,26.42423680959],[-82.008648224833,26.411204144259],[-82.0096975397354,26.3302189108995],[-82.0406662327427,26.3302307852585],[-82.1877152752787,26.329949782718],[-82.2449562911791,26.329835781081],[-82.24551329144,26.3303347815244],[-82.2514932939547,26.3356547824782],[-82.262323296802,26.3419247836002],[-82.2645132978478,26.3432147838576],[-82.2666732986351,26.3445247838572],[-82.2683232986125,26.3455747846707],[-82.2701232989814,26.3467347846817],[-82.2722332999402,26.3481347848745],[-82.2743133004799,26.3495647853354],[-82.2763633011247,26.3510247855402],[-82.2790133023258,26.3529847860013],[-82.2805533024341,26.3541347865099],[-82.2814883031712,26.3549457861873],[-82.2822233032282,26.3554447862966],[-82.283273303682,26.3562847862249],[-82.2843493034622,26.3573157865413],[-82.2853433041832,26.3579847873763],[-82.2865033046887,26.3589547874511],[-82.2874623046934,26.3597667876611],[-82.289443305345,26.3614447877178],[-82.2911933055374,26.3629547877878],[-82.2929133059512,26.3644847887876],[-82.2951733069049,26.3665647885558],[-82.2972533079923,26.3685447895301],[-82.2991533086804,26.3704247897971],[-82.3014133090832,26.3727447903678],[-82.3037533093467,26.3752447911984],[-82.3059033104855,26.3776547913308],[-82.3077533109376,26.379814791629],[-82.3096833112755,26.3821447923266],[-82.31144331182,26.3843547927357],[-82.3129333128272,26.3863047930278],[-82.3169433138987,26.3916247945178],[-82.3183933144097,26.3935647952025],[-82.3194833150968,26.395074795528],[-82.3206533154705,26.3967547958676],[-82.322113315759,26.3989047963146],[-82.3233333158876,26.4007747965736],[-82.3247133165116,26.402964797268],[-82.3257033168553,26.4045747972707],[-82.3293433179702,26.410544799427],[-82.3306733183262,26.4127747993746],[-82.331953318879,26.4150148000458],[-82.3329333195559,26.4167848002988],[-82.3345733202884,26.4198748009271],[-82.3359633207437,26.4226748019152],[-82.336913321148,26.4246548026626],[-82.3380533210605,26.4271648032867],[-82.3390733219056,26.4295148036385],[-82.3432633230355,26.4394348058427],[-82.3438933233766,26.4409548065117],[-82.344643323224,26.4428248069123],[-82.3456233241161,26.4453948074531],[-82.3463533241746,26.4474548075899],[-82.3470633247519,26.4494748083212],[-82.3477733249458,26.4518248085237],[-82.3484433252151,26.4540748094207],[-82.3492033247,26.4568548105439],[-82.3496933258198,26.4587848104333],[-82.3501133250678,26.4605348113723],[-82.3504033252994,26.4617548109472],[-82.3570633286753,26.4914548181548],[-82.3581333286082,26.4961948194081],[-82.3585433291866,26.4980948197397],[-82.358963329482,26.5001948202496],[-82.3592233292053,26.5015748205917],[-82.3596433290415,26.5027348215049],[-82.3608433297093,26.5044148220346],[-82.3628433307706,26.5071348220289],[-82.3642433308682,26.5091248222907],[-82.3656133312364,26.5111348232657],[-82.3669533317215,26.513174823934],[-82.3680633320975,26.5149048237686],[-82.3696033326595,26.5174548247932],[-82.371013332788,26.5198648248296],[-82.3728133338799,26.5231148262037],[-82.3735833345029,26.5245848259481],[-82.3751033349897,26.5274648268458],[-82.3762633349841,26.5297348273392],[-82.377463335296,26.53219482776],[-82.3795933362668,26.536864829492],[-82.3810233369277,26.5402648301443],[-82.3823433375516,26.5436948308774],[-82.3835833378615,26.5471448317911],[-82.3845033377096,26.5499248319085],[-82.385513338085,26.5532448329519],[-82.3865433387663,26.5569348339368],[-82.3871233391369,26.5592248349836],[-82.3877233394554,26.561664834759],[-82.3882233392678,26.5637948356403],[-82.3887233397454,26.5661148364328],[-82.3890833401731,26.5678848367283],[-82.3896333404001,26.5709348376858],[-82.3899833406685,26.5730948379904],[-82.3903033407354,26.5752548385559],[-82.3922133413088,26.5774548393518],[-82.3944733418957,26.5801748394723],[-82.3963433423955,26.5825348402256],[-82.3980633427682,26.58477484043],[-82.3999533436717,26.5873448411424],[-82.4022933447208,26.5907248423341],[-82.4048433449339,26.5946348432382],[-82.4066933460533,26.597644843621],[-82.4087333465884,26.6011848447364],[-82.4106733469114,26.6047648451238],[-82.4130833474822,26.6093548461736],[-82.4151433488948,26.6132748476481],[-82.4166033489586,26.6162548481157],[-82.4178433500525,26.6189248485787],[-82.4189533496448,26.6214448489076],[-82.4198033498002,26.6234348497445],[-82.4208133508332,26.6256148502257],[-82.4226533509289,26.6298448507176],[-82.424403351504,26.6342848517999],[-82.4257833521634,26.6380948534617],[-82.426873353076,26.6414048542487],[-82.427983352993,26.6450848546745],[-82.4291233533241,26.6493148558546],[-82.4296333535268,26.6514448562368],[-82.4303533546928,26.6546548572307],[-82.4311433543222,26.6587648583295],[-82.4316833549862,26.6620048591878],[-82.4322333548364,26.665964859986],[-82.4325733551581,26.669044860689],[-82.4328333556056,26.6719348610335],[-82.4330433556362,26.6752148624184],[-82.4331833558126,26.6784748630463],[-82.433243356251,26.6826548642351],[-82.4331733557744,26.6868348650636],[-82.4330333555172,26.6900948657806],[-82.4328133561409,26.6933648665533],[-82.4324933560872,26.6968048678847],[-82.4322833555409,26.6991348680594],[-82.4319733564068,26.7018148685894],[-82.4315533556229,26.7050348690936],[-82.4311933555488,26.7073548703447],[-82.4313433561928,26.7095648705569],[-82.4315233563003,26.7121048713211],[-82.4316833562031,26.7151948719991],[-82.4317733561682,26.7190148733346],[-82.4317633565128,26.7222948739201],[-82.4316633565798,26.7259348748028],[-82.4315133569526,26.7282448754606],[-82.4313733570641,26.7291448757126],[-82.4311433565141,26.7326248759783],[-82.4315733564947,26.7361548773388],[-82.4329933569095,26.7385548773101],[-82.4341833580857,26.7406648782625],[-82.4352433576893,26.7426148789445],[-82.4361833581829,26.7444048788131],[-82.4371733588018,26.7463648797111],[-82.4383733588584,26.7488348804937],[-82.4391433592467,26.7504948806044],[-82.4403433595871,26.7531648813356],[-82.441133359724,26.7550348812529],[-82.4418933600015,26.7569048820075],[-82.4421633601924,26.7575948817695],[-82.443593361532,26.761374883523],[-82.4450533615344,26.7646348834374],[-82.4472833620387,26.7677748843067],[-82.4540533649261,26.7765748863042],[-82.4549533649903,26.7777648864033],[-82.4558433652734,26.7789548873104],[-82.4565033650184,26.7798548873292],[-82.4625341001149,26.7881309490582],[-82.2883678535653,26.7896695474291],[-82.2762962175694,26.7897682518676],[-82.2723805670675,26.7898000481576],[-82.2709612435823,26.7898047271707],[-82.2704082276827,26.7898160227779],[-82.270182943843,26.7898178453503],[-82.2666644257076,26.7898462696574],[-82.2646793106632,26.7894338942825],[-82.2631143096678,26.7891688938567],[-82.2613493091116,26.7888668940618],[-82.2552743077313,26.7878258941926],[-82.2498193059827,26.7868908940143],[-82.2480353054246,26.7868618937608],[-82.2456383050216,26.7863958935989],[-82.2426343039644,26.7857438938785],[-82.2425373034106,26.7857138941511],[-82.2405833027885,26.7851198934025],[-82.2389343027562,26.7846528933614],[-82.2388483023141,26.7846278935625],[-82.2380693020056,26.7844038933364],[-82.233917300944,26.7832258935108],[-82.2310493002475,26.7826578935682],[-82.2300562997753,26.782499893663],[-82.2300082998163,26.7824918935532],[-82.2299652998804,26.7824848934874],[-82.2299513004414,26.7824828935401],[-82.2298852996429,26.7824728936162],[-82.2298172996522,26.782461893241],[-82.2295593002518,26.7824208932569],[-82.2280692993303,26.7821828934315],[-82.2262212993979,26.7820158932969],[-82.2231912976265,26.7819968937339],[-82.2224062980305,26.7819928933084],[-82.221495297157,26.7817588936153],[-82.219693297383,26.7806608928295],[-82.2181212969596,26.7797928928948],[-82.2166912964649,26.77850589266],[-82.216207296313,26.7780938920798],[-82.2143792958814,26.7765368922588],[-82.2132002954065,26.7752928916021],[-82.2113132942698,26.7738618918922],[-82.2098472944294,26.7725578916224],[-82.2087972940618,26.7717288910449],[-82.2079402935839,26.7712718909802],[-82.2074932934112,26.771033891171]]]},"properties":{"OBJECTID":6,"District":1,"Commissioner":"Kevin Ruane","Population":152267,"DwellingUnits":85779,"Website":"https://www.leegov.com/bocc/district1","Email":"dist1@leegov.com","created_user":"LeeCountyFLGIS","created_date":1740078521566,"last_edited_user":"LeeCountyFLGIS","last_edited_date":1740078521566,"GlobalID":"c79ce3b5-2f5e-4072-a085-ba80315315bf","Source_GlobalID":"2c11b695-19be-4b20-bc14-106800d385e7","Shape__Area":20670546684.61136,"Shape__Length":646744.5478034039}},{"type":"Feature","id":7,"geometry":{"type":"Polygon","coordinates":[[[-81.5640570995694,26.5134398421213],[-81.5637673223446,26.5134415892041],[-81.5637660995727,26.513335841615],[-81.5637641000365,26.5131778420639],[-81.5636900990119,26.5081478404758],[-81.563650098909,26.5060908403091],[-81.5636330993546,26.5052058398366],[-81.5635410993929,26.5003558390211],[-81.5634660988302,26.4960658374301],[-81.5634440986914,26.494839837057],[-81.5633860987912,26.49147983632],[-81.5630780978902,26.4732638321325],[-81.5630780978148,26.4732378317549],[-81.5631130986947,26.4731098324109],[-81.5631150981701,26.4730998322723],[-81.5631280985253,26.4730338322007],[-81.5631330979842,26.4729438318121],[-81.5631070983724,26.4719098314348],[-81.5630320978938,26.4672558308323],[-81.5630290980735,26.4670198305273],[-81.5630290976882,26.4669968303807],[-81.5630280985135,26.4669698304496],[-81.5630280982977,26.4669518307274],[-81.563016097891,26.4662078301581],[-81.5630160985515,26.4661978302136],[-81.5630140980364,26.4660918304351],[-81.5630100983435,26.4659538299439],[-81.5630090977684,26.4659208303974],[-81.5629400981476,26.4634248292262],[-81.5628870979166,26.4608278286749],[-81.5628850981845,26.4604208292012],[-81.5628090980913,26.4569948283991],[-81.5627620980466,26.4551948279782],[-81.5627580975779,26.4547558274216],[-81.562746097509,26.4543998275937],[-81.5628420978134,26.4539838271836],[-81.5629710974764,26.4536088273681],[-81.5630710975391,26.4533888270925],[-81.5632350974475,26.4530598269871],[-81.5634910978399,26.4527308270407],[-81.563674098228,26.4525208270682],[-81.5639670983514,26.4522378267614],[-81.5642960980786,26.4519908268128],[-81.5646420984766,26.4517988267098],[-81.5647440986222,26.4517438266717],[-81.5651280978271,26.4515668268854],[-81.5653650986282,26.4514788263333],[-81.5656580983559,26.4514058263256],[-81.5659870980324,26.4513418266304],[-81.5664160987444,26.4512828268033],[-81.5704941002763,26.4512198263618],[-81.5768431016502,26.4511488259668],[-81.5788061021076,26.4511228258269],[-81.5789891021656,26.4511208260851],[-81.5790831021208,26.4511188257298],[-81.5831771036845,26.4510658262162],[-81.5855891042719,26.451029826089],[-81.5868421045065,26.451011826154],[-81.5875591047787,26.4510008258847],[-81.5904611060575,26.4509498260684],[-81.5952761074634,26.4508728254483],[-81.5953281068674,26.4508728255918],[-81.6021961090023,26.450816825542],[-81.6031911091608,26.450808825715],[-81.6112761117561,26.450762825484],[-81.6138611126061,26.4507428253611],[-81.6153661131038,26.450731825159],[-81.6155231123908,26.4507308251549],[-81.6233061151243,26.4506778253481],[-81.6236701148209,26.4506748246843],[-81.6273661165016,26.4506498250974],[-81.6276751163136,26.4506478252334],[-81.6439171206484,26.4505208249743],[-81.6471881222105,26.4504958243637],[-81.6535461238678,26.4504528246833],[-81.6568431253186,26.4504308242967],[-81.6589851253095,26.4504158238171],[-81.6599341257124,26.4504058242974],[-81.6624951262224,26.4503948239534],[-81.6673711280906,26.4503668238384],[-81.6680251276323,26.4503648235848],[-81.6683921285584,26.45036282436],[-81.6685671285462,26.4503628241794],[-81.6725401289872,26.4503498237212],[-81.6727411294518,26.4503428240894],[-81.6729231298395,26.4503228236815],[-81.6738511293426,26.4501628237507],[-81.6739011295465,26.4501538241795],[-81.6740941299659,26.45013182372],[-81.6742831295789,26.4501208239513],[-81.6760961305111,26.4500958239019],[-81.6798361312467,26.4500738233564],[-81.6820081320129,26.4500618231915],[-81.6875081338275,26.4500298231037],[-81.6877501339416,26.4500308232663],[-81.6880331338932,26.4500458236126],[-81.6882881342738,26.4500718238548],[-81.6886091342598,26.4501168230746],[-81.6888721343346,26.4501698233416],[-81.6891181343481,26.450228823725],[-81.68929413459,26.450279823277],[-81.6895331345505,26.4503558237993],[-81.6897311339226,26.4504278238816],[-81.6899541345379,26.4505178237015],[-81.6901821347577,26.4506218236227],[-81.6903681346324,26.450718823576],[-81.6905831348819,26.4508368240136],[-81.6907911341894,26.4509658235735],[-81.6910591346023,26.4511508234449],[-81.6912231352407,26.4512778236332],[-81.6922861352195,26.4521528239595],[-81.6924261350466,26.4522688241834],[-81.6926191355299,26.4524138237303],[-81.6928341354233,26.4525578241805],[-81.6930331355819,26.452683824318],[-81.6932191356576,26.4527878239483],[-81.6935381350797,26.4529478242728],[-81.6937731357941,26.4530498242782],[-81.6940411355211,26.4531518241573],[-81.6942921360692,26.45323482416],[-81.6945361355861,26.453303823663],[-81.6948271364102,26.4533698244696],[-81.6951481360164,26.4534278238394],[-81.6953491358659,26.4534558237667],[-81.6956121360806,26.4534808243364],[-81.6958771367296,26.4534948240162],[-81.696152136336,26.4534968243633],[-81.6964491361902,26.453487823833],[-81.702034138069,26.4531918243077],[-81.7038081380619,26.4531028241063],[-81.7047581387154,26.4530488236104],[-81.7073491398831,26.452915823606],[-81.7165181422589,26.4524338230418],[-81.7236041447081,26.4520608228062],[-81.7244251443974,26.4520178229247],[-81.7244771444848,26.4520158228144],[-81.7296571457594,26.4517438228991],[-81.7325351471034,26.4515918227028],[-81.7326001470289,26.4515878230102],[-81.7336881471283,26.4515318229909],[-81.736200147999,26.4513998228839],[-81.7381941483794,26.4512958224873],[-81.7383141482253,26.4512878221722],[-81.7385611485232,26.4512538223486],[-81.7387711488763,26.4512068226847],[-81.7389381491348,26.451153822999],[-81.7390431482572,26.4511158224015],[-81.7391661484102,26.4510658227156],[-81.7394011483374,26.4509578229353],[-81.7394851490801,26.4509188224282],[-81.7402471493568,26.4505518222299],[-81.7418761489596,26.4497688219689],[-81.7422211495,26.4496028217805],[-81.7477241507972,26.4495578222024],[-81.7477631513931,26.4495368221746],[-81.7488361518524,26.4495368220214],[-81.7503511523641,26.4495368221484],[-81.7530381524517,26.4495148214351],[-81.7554271529506,26.4494948221118],[-81.7555001534054,26.4494938214679],[-81.7555031530647,26.4496308221625],[-81.7556281531613,26.4496278217574],[-81.7579221536347,26.4494778219393],[-81.7593761541281,26.4494658213161],[-81.7629891556441,26.449448821832],[-81.7648871558648,26.4494388213635],[-81.7712341576156,26.449405821648],[-81.7712891580525,26.4494058212283],[-81.7726281583603,26.449386821383],[-81.7743011586122,26.4493838212971],[-81.7745221590565,26.4493838217607],[-81.7745221588308,26.449448821054],[-81.7749251590341,26.4494658217147],[-81.7760061595775,26.449461821098],[-81.7763811597092,26.4494618217011],[-81.7768291592394,26.449461821612],[-81.7772641598173,26.4494418213194],[-81.7775931597837,26.4494168212497],[-81.7775931598548,26.4494058210485],[-81.7777291594008,26.4494058214341],[-81.7781661602111,26.4494098212062],[-81.7789361597503,26.4494118213726],[-81.7792871599469,26.4494158209476],[-81.779949160175,26.4492468211816],[-81.7804101609638,26.449179821343],[-81.7811131606129,26.4490378213992],[-81.7820761614049,26.448923821281],[-81.7826181609398,26.4488528209608],[-81.78332116132,26.4488628209167],[-81.783689161407,26.4488538205993],[-81.784020161569,26.448869820996],[-81.7845161619332,26.4489028212092],[-81.7847101620677,26.4489218212671],[-81.7848911623178,26.4489498213557],[-81.7851821617293,26.4489948213391],[-81.7854961618727,26.4490468207603],[-81.7857101617222,26.4490918214108],[-81.7860121621843,26.4491718207728],[-81.7863031619815,26.4492568207011],[-81.7867221619937,26.4493418206783],[-81.7870171628247,26.4493858209962],[-81.78733916261,26.449437821075],[-81.7876461630853,26.4494908208072],[-81.7879241623091,26.4495168210599],[-81.7881731629547,26.4495208207042],[-81.7885931629525,26.4495328210629],[-81.7887071629761,26.4495388214816],[-81.7889631627396,26.4495538212782],[-81.7899861631267,26.4495268209861],[-81.790927163751,26.4495028209942],[-81.7915911642398,26.4494848205879],[-81.7918121637856,26.4494788207845],[-81.7925871643977,26.4494638206635],[-81.7929801639766,26.4494558210757],[-81.7950001644158,26.4494148207454],[-81.796994165167,26.4493708205098],[-81.7970091649978,26.4504398207635],[-81.7970721656028,26.456394822182],[-81.7971741654761,26.4563928223969],[-81.7971791653019,26.4567328229187],[-81.7972021656655,26.4583398230884],[-81.7972141653455,26.4591588234876],[-81.797307165516,26.4656148248958],[-81.7972581657435,26.4673878257133],[-81.7972641656165,26.4704648255964],[-81.7972911661559,26.4704658261089],[-81.7973321665551,26.4704718262136],[-81.7973931659628,26.4704818261872],[-81.7974451657771,26.4704898258119],[-81.7977481665952,26.470556825826],[-81.797827166261,26.47056282634],[-81.7978991657949,26.4705578257537],[-81.7979741664384,26.4705428256864],[-81.7982071667093,26.4704758262641],[-81.7982881661312,26.4704588261867],[-81.7984041668476,26.4704488256129],[-81.7996431668429,26.4704438256423],[-81.8004651670274,26.4704398260716],[-81.8012901668782,26.4704358259432],[-81.801652166873,26.4704338261779],[-81.8022431678197,26.4704318259393],[-81.8030641673106,26.4704288254668],[-81.8038941675683,26.4704248262168],[-81.8047461685837,26.470420826046],[-81.8053261682238,26.4704208261872],[-81.8058031682387,26.4704208256731],[-81.8067051691975,26.4704318255018],[-81.8075931690736,26.4704408258497],[-81.8084761689193,26.470447825509],[-81.8093721692396,26.4704538261319],[-81.810248169684,26.4704598261559],[-81.8111381702187,26.4704668258801],[-81.8118591707739,26.4704738258985],[-81.8120281706476,26.4704758256718],[-81.8124361708101,26.4704808254984],[-81.8129071707262,26.4704858254647],[-81.8138631713101,26.4704958254462],[-81.8139541710323,26.4704978259684],[-81.8141391714559,26.4705728260234],[-81.8142391712593,26.4704768256874],[-81.8143971712817,26.4704488252442],[-81.8144721711585,26.4704298260364],[-81.8145611705886,26.4704008259259],[-81.8147121708215,26.4703348258286],[-81.8147741712428,26.4703018253625],[-81.8149151715293,26.4702118259544],[-81.8156291715263,26.4697248257252],[-81.8163371718656,26.4692418253825],[-81.8170511716246,26.4687588255484],[-81.8177631718297,26.4682808254498],[-81.8181941725279,26.4679918252109],[-81.818467172592,26.4678038252189],[-81.8191781721456,26.4673188250158],[-81.8195191726252,26.4670888245416],[-81.8198951724241,26.4668348243703],[-81.8204121728268,26.4664858240988],[-81.8206061728054,26.4663558247665],[-81.8213201729837,26.4658748242194],[-81.821625172706,26.4656678246355],[-81.8218261731802,26.4655318245432],[-81.8220471732512,26.4653828243153],[-81.8225011732344,26.4650748240948],[-81.8234121735224,26.4644588238692],[-81.8241181736263,26.4639798238006],[-81.8248291741286,26.4634988234123],[-81.8255261739901,26.4630298233917],[-81.8262431743171,26.4625418233862],[-81.8266561742441,26.4622638233649],[-81.8269471744694,26.4620668233359],[-81.827654174364,26.4615938235833],[-81.8281431745112,26.4612648227002],[-81.8284151747413,26.4611188226662],[-81.8291511753835,26.4619998230158],[-81.8292391752518,26.4621058233464],[-81.8301521751126,26.4631988237462],[-81.8324421761,26.4659408243039],[-81.8330401762625,26.4666658243785],[-81.833160176561,26.4668208239293],[-81.8333261764426,26.4670578247767],[-81.8335081760605,26.4673498242951],[-81.8336791768525,26.4676628245963],[-81.8338241761556,26.4679678243247],[-81.8342291770019,26.4689318251306],[-81.8361401770847,26.4735228256851],[-81.8368861776789,26.4753158263432],[-81.8373091774887,26.4763318261452],[-81.8373301775469,26.4763838263177],[-81.8373511774278,26.4764338262893],[-81.8394681783151,26.4815198276404],[-81.8407741785733,26.4846938288158],[-81.8411291790429,26.4855368290819],[-81.8413511789376,26.48601482921],[-81.8415551795984,26.4864228292509],[-81.8420691790269,26.4874018288817],[-81.8424461797892,26.4881208297731],[-81.8429301798362,26.489092829337],[-81.8432971796279,26.4897978299267],[-81.8434641795577,26.4900588299607],[-81.8436201799758,26.4902638294638],[-81.8437751801646,26.4904478301752],[-81.8438981798447,26.490575830013],[-81.8439461804657,26.4906248303796],[-81.8440641797306,26.4907308296951],[-81.8443311807517,26.4909678299655],[-81.8447571804188,26.4913468305513],[-81.844829180262,26.4914118302844],[-81.8448741804175,26.491451829813],[-81.8459491807335,26.4924308305043],[-81.8466891813906,26.4931048303844],[-81.8491811815844,26.4953438310597],[-81.8493241817548,26.4954718310562],[-81.8506341819001,26.4966498312353],[-81.85264918295,26.4984488314173],[-81.8530381834324,26.4988108322185],[-81.8536621835497,26.4993738315386],[-81.8537721828576,26.4994818318942],[-81.8538581832367,26.499564832271],[-81.8539631834454,26.4996678322945],[-81.8541471833703,26.4998468318314],[-81.8545521834264,26.500272831995],[-81.8550801833206,26.5008748320017],[-81.855358183492,26.5012228323494],[-81.855664184075,26.5016238321416],[-81.8559901834689,26.502089832388],[-81.8564481845906,26.5027628328581],[-81.8565361844934,26.5028928326826],[-81.8572411843854,26.5039268333007],[-81.8583881846434,26.5056008332756],[-81.8587651847187,26.5061538335225],[-81.8588511852361,26.5062798331243],[-81.8613811854266,26.5099878347732],[-81.8615491861894,26.5102338343424],[-81.861967186085,26.5108468343076],[-81.8640101867147,26.5138488348453],[-81.86476018722,26.5149498354822],[-81.8649711868995,26.5152548356769],[-81.8650351869748,26.5153478354831],[-81.8684511884163,26.5203518372206],[-81.8685301884865,26.520478837072],[-81.8686491876588,26.5206538366788],[-81.869617188761,26.5220678367534],[-81.8697071884744,26.5221998374236],[-81.8699921889337,26.5226218371253],[-81.8701471881564,26.522879837166],[-81.8703211882082,26.5231848370184],[-81.8705401884745,26.5236498373209],[-81.8707261889971,26.5241188375125],[-81.87081518898,26.5243998377519],[-81.8708331891254,26.5244558375936],[-81.8709521886779,26.5248858381161],[-81.8710271886639,26.5252538381122],[-81.8710791886639,26.5256198378366],[-81.8711141891154,26.5259628380832],[-81.8711331890539,26.526381838108],[-81.8711471892709,26.5278728388557],[-81.8711491888207,26.5280168386228],[-81.8713481890787,26.5280168386661],[-81.8720241896393,26.5280138382672],[-81.8726411891731,26.5279958383651],[-81.8729571900267,26.527974838473],[-81.8733651901411,26.5279348384178],[-81.8735621899548,26.5279078383195],[-81.8738431899038,26.5278488389199],[-81.8740511896325,26.5277898385978],[-81.8742811903197,26.5277138386459],[-81.8745071898763,26.5276288384811],[-81.8747191898122,26.5275288387122],[-81.8749251899055,26.527417838664],[-81.8751151897207,26.5273018382839],[-81.875287190579,26.5271798385029],[-81.875451190633,26.5270488379117],[-81.8754831902971,26.5270198378953],[-81.8756131906498,26.5269028385073],[-81.8757641905788,26.5267488385202],[-81.8759071908062,26.526583838512],[-81.8760391900978,26.5264088377955],[-81.8761601902643,26.5262268384855],[-81.8762231907647,26.5261198381219],[-81.8762771904413,26.526016838415],[-81.8763381905681,26.525900838134],[-81.8764381905974,26.5256768381258],[-81.8768581907731,26.5245988376578],[-81.8772931907471,26.5234828370118],[-81.8773171910504,26.52342083744],[-81.8774141910137,26.5231958375956],[-81.8775111910418,26.5229978374868],[-81.8776041903312,26.5228348371366],[-81.8777461906815,26.5226168374955],[-81.8778741912547,26.5224418369523],[-81.8779551909009,26.5223438366633],[-81.8781261904925,26.5221558371591],[-81.8782531910717,26.5220308373689],[-81.8784291909524,26.5218728373403],[-81.8786091912008,26.5217258370092],[-81.8787381907762,26.5216368373297],[-81.8787881914374,26.5216048371243],[-81.8789341907866,26.5215108368017],[-81.879237191099,26.5213328369268],[-81.8795071913091,26.521203836579],[-81.8797201910024,26.5211168367205],[-81.8799371913285,26.5210408364258],[-81.8801301915682,26.5209848364583],[-81.8803491912568,26.5209328367526],[-81.8804111916599,26.5209178367985],[-81.8806231913408,26.5208788365318],[-81.880792191944,26.520855836719],[-81.8810861916696,26.5208278367023],[-81.8812841915063,26.520818836517],[-81.8822191920711,26.5208148368375],[-81.8832601922477,26.5208098364943],[-81.8851091930664,26.5208018369264],[-81.8868761931505,26.520794836928],[-81.8871021931212,26.5207938362747],[-81.8872231937844,26.5207928362259],[-81.8882631933534,26.5207888365805],[-81.8894321939321,26.5207778366854],[-81.8896611940638,26.5207598363187],[-81.889798193855,26.5207548361569],[-81.8907391949638,26.5207538360889],[-81.8909441947604,26.5208038360977],[-81.8911831948078,26.5207648362539],[-81.8914781948368,26.5207788366645],[-81.8916641943721,26.5207788363472],[-81.8918421952227,26.5207788360406],[-81.8925951949672,26.5207728367299],[-81.8930981956882,26.5207548365227],[-81.8951821961075,26.5206818364853],[-81.8971841961871,26.5206058359851],[-81.8979841966775,26.520585836264],[-81.8987851963705,26.5205748363183],[-81.898918196618,26.5205728365733],[-81.8991621964799,26.5205668363158],[-81.901373197581,26.5205358358737],[-81.9019951976778,26.5205238356342],[-81.9021291974726,26.5204658364362],[-81.903386198474,26.5204628356267],[-81.9038971988341,26.5204618359397],[-81.9067371990801,26.520417835947],[-81.9068471993614,26.5204158363329],[-81.9085831993702,26.5203838354453],[-81.9100312000601,26.5203628361868],[-81.9106141998429,26.5203438362765],[-81.9112962006547,26.5203388355263],[-81.9114802006497,26.5203378360104],[-81.9115452006603,26.5223288362908],[-81.9115712004786,26.5238418365049],[-81.9116042003144,26.5257468367839],[-81.9116292004388,26.5266108373436],[-81.9116532005878,26.5275468375724],[-81.91163520051,26.5279818380921],[-81.9116222010304,26.5283058376608],[-81.9116292008048,26.5284788382548],[-81.9116512008975,26.528998838015],[-81.9116652004977,26.5293358383253],[-81.9116602005331,26.5295218380838],[-81.9116462012977,26.5300728382014],[-81.9116772004031,26.5310308380325],[-81.9117142005726,26.5312348383479],[-81.9117442011761,26.5313938382671],[-81.9117192011564,26.5323568389078],[-81.9117502012882,26.53279683925],[-81.9117682013609,26.5337938387687],[-81.9118172007775,26.5340138388564],[-81.9117982011585,26.5347948396205],[-81.9118042008701,26.5353238397597],[-81.9118352007529,26.5355988391436],[-81.9118532006181,26.5370348398222],[-81.9118042008053,26.5384108402106],[-81.9157012027299,26.5383728401876],[-81.9168522029333,26.5387698403864],[-81.9172062026988,26.5389018400847],[-81.9177142026675,26.5390278406692],[-81.9185322027471,26.539249840696],[-81.9186932034357,26.5392928399713],[-81.9187472036366,26.5393008399001],[-81.9183212031283,26.5396748401727],[-81.9182832031275,26.5397088404679],[-81.9177222028829,26.540190840872],[-81.917136203208,26.5407008406002],[-81.9163462030274,26.5413888410916],[-81.9161882025651,26.541547841346],[-81.9159972022703,26.5417968410312],[-81.915977202126,26.5418268410107],[-81.9158292022121,26.5420498408585],[-81.9156932026584,26.5423268408361],[-81.9156142021318,26.5425438409703],[-81.9152712027831,26.543542841399],[-81.9152312020153,26.543660841903],[-81.9151802021565,26.5438008414627],[-81.9151232025523,26.5439618411456],[-81.9150072022681,26.544266841302],[-81.9146482026109,26.545253841977],[-81.9145232017781,26.5455778416252],[-81.9144042019449,26.545695842305],[-81.9143292017071,26.5458928422034],[-81.9136422023698,26.5478438426649],[-81.913274201698,26.5488828430971],[-81.9131972015393,26.5491008429831],[-81.9131012019567,26.5493708431505],[-81.9134312017669,26.5493558431359],[-81.9258162053785,26.5491388423152],[-81.9278372058186,26.5491458425034],[-81.9289752065395,26.5491498422349],[-81.9319592074458,26.5491168426798],[-81.9353162084277,26.5490788425503],[-81.9344762075655,26.5502098428158],[-81.9339762083753,26.5508838426619],[-81.9331062075917,26.5520658432778],[-81.9322382071769,26.5532428433759],[-81.9272132058473,26.5603948452528],[-81.9271292066094,26.5605078457584],[-81.9252712052766,26.5630208463863],[-81.9217912047992,26.5661368466592],[-81.9216772046417,26.5662388471638],[-81.919736204246,26.5679868473679],[-81.9192132037144,26.5684578475719],[-81.9170302036955,26.5705838484112],[-81.9162062033763,26.571385848549],[-81.9159882028656,26.5715988488289],[-81.9153122026767,26.5722578489202],[-81.9105302021713,26.5795298505579],[-81.9103072022576,26.5798708506092],[-81.9100832019521,26.5802108504776],[-81.9082122008823,26.5830568509904],[-81.9073772010896,26.5856598516797],[-81.904622200224,26.5942518546835],[-81.9038742000456,26.5965848553222],[-81.9036801999762,26.5971888548911],[-81.9036862007486,26.5972838551352],[-81.9040812007704,26.6032058565624],[-81.9040912005015,26.6033488561443],[-81.9041372012024,26.6040338569597],[-81.9043142012782,26.6067068573447],[-81.904325201096,26.6068698573483],[-81.9043522004872,26.6072788575755],[-81.9046062009856,26.611093858587],[-81.9046832008189,26.6119068589899],[-81.904264201194,26.6140128596209],[-81.9035212014172,26.6177538601282],[-81.9028412008594,26.621176860574],[-81.9026172011789,26.6223048616077],[-81.9020862009101,26.6236618616104],[-81.9019042004728,26.6263348627406],[-81.9013762006011,26.6275658622106],[-81.9016972004668,26.6314128639606],[-81.9008282010238,26.6309328638279],[-81.8850661957393,26.6308518636711],[-81.8843431960016,26.6305638633894],[-81.8835201959333,26.6302358637937],[-81.8831931950336,26.6301048633595],[-81.8828471956441,26.6299678632049],[-81.8828221948905,26.6299508638433],[-81.8828071952606,26.6299778635286],[-81.882795195545,26.6299998634874],[-81.8825061955225,26.6304818640591],[-81.8823871950883,26.6306628638074],[-81.8822781952245,26.630840864273],[-81.8819791948163,26.6313308641768],[-81.8818811953291,26.6314918639951],[-81.8817171954834,26.6317558638429],[-81.8812451953384,26.6325188639857],[-81.8811901950625,26.6326068646224],[-81.8810021952251,26.6329178643547],[-81.8808581948063,26.6331418641314],[-81.8806801950888,26.6334008641313],[-81.8804701944197,26.6336638643935],[-81.8804051943123,26.6337398643976],[-81.8798191950485,26.6344268651479],[-81.8795101943141,26.6347888646504],[-81.8794091941316,26.6348908645783],[-81.8792281949364,26.6350548654091],[-81.8790631944384,26.6352188651692],[-81.8784331943961,26.6357878649135],[-81.8781751937308,26.6355788653291],[-81.8779351941526,26.6353998649972],[-81.8776691941428,26.6352158649745],[-81.8771671939823,26.634899865394],[-81.8768691934513,26.6347248649032],[-81.8766321937771,26.6346158649709],[-81.8766241938336,26.6344198644918],[-81.8760171931198,26.6344338648047],[-81.8753441935225,26.6344438648552],[-81.875242193471,26.6344498652342],[-81.8743461933096,26.6344508653401],[-81.8740651929688,26.6344358647377],[-81.8735381931716,26.6344318652255],[-81.8726431927038,26.6344788653731],[-81.8726411929815,26.6343258652663],[-81.8726231922855,26.6334038642854],[-81.8726231925973,26.6333528648397],[-81.8726151922372,26.6328718645449],[-81.8725731928744,26.6315758642047],[-81.8725641922948,26.6312978642703],[-81.8724971920419,26.6297538642709],[-81.872458192311,26.6288798638591],[-81.8724191923031,26.6279948633711],[-81.8723791921365,26.6271048632792],[-81.8723661925905,26.6268148631423],[-81.8723461925308,26.6262408632699],[-81.8723431917307,26.6261378633091],[-81.8723131926628,26.6252428625247],[-81.8723071919359,26.6249358627371],[-81.8722961920706,26.62428186267],[-81.8722671918896,26.6224798621152],[-81.872253192028,26.6216178615958],[-81.8722361920945,26.620705861528],[-81.8722301922909,26.6203658616294],[-81.8722211921754,26.6198088616234],[-81.8722061916723,26.6188818610199],[-81.8721911923429,26.617973860909],[-81.8721751917625,26.6170498603084],[-81.8721661914276,26.6165828609208],[-81.8721581913851,26.6161338602314],[-81.8721411922185,26.6152088602173],[-81.8721341922029,26.6148368601982],[-81.8721181920013,26.6139258602312],[-81.8720961918734,26.612628859783],[-81.8720901920915,26.6122768594306],[-81.8720871916015,26.6121018597792],[-81.8720791921286,26.6116618595308],[-81.872077191277,26.6115378594622],[-81.8720611912188,26.6106328586514],[-81.872049192071,26.6097438590063],[-81.8720351916359,26.608847858688],[-81.8720211915218,26.6079598580032],[-81.8720051911755,26.6070188583192],[-81.8719921915853,26.6062408582361],[-81.8719831914625,26.6054808577169],[-81.8719741910863,26.6047148575288],[-81.8719631918424,26.6043338571364],[-81.8719621915882,26.6042988578902],[-81.8718361912824,26.6042988573081],[-81.8718371916076,26.604332857376],[-81.868228190262,26.6043838576916],[-81.8657971892958,26.6044178580987],[-81.8637851893508,26.6044488573231],[-81.8617661888108,26.6044808574874],[-81.8603191881967,26.6045038582634],[-81.8597511884242,26.6045038574891],[-81.8582971874543,26.604501857657],[-81.8559051872843,26.6045428575504],[-81.8559021863525,26.6044288578838],[-81.8556991869388,26.6044308581665],[-81.8556441867082,26.6044308583533],[-81.8556041871119,26.604431857573],[-81.8556061869328,26.6045488582784],[-81.8555381866189,26.604549857952],[-81.8553441862699,26.6045528579169],[-81.8549181867637,26.6045608582002],[-81.8541821865887,26.6045728579764],[-81.852914185898,26.6045938582642],[-81.8526651855645,26.6045988583627],[-81.8520091857731,26.604610858389],[-81.8506421851994,26.6046358585342],[-81.8506401855939,26.6045318579285],[-81.8505041856245,26.6045348579952],[-81.8505071854646,26.6046378577668],[-81.8490811847284,26.604662858556],[-81.8484531847138,26.6046788577599],[-81.8469791839569,26.604756858354],[-81.8465121837481,26.6047768580506],[-81.8448241836625,26.6048128583093],[-81.844811183532,26.6046858582269],[-81.8446691835432,26.6046898579889],[-81.844674183714,26.6048148582173],[-81.8413871821491,26.6048838579702],[-81.841235182565,26.6048868584236],[-81.8396471822883,26.6049188588205],[-81.8394901816957,26.6049208580128],[-81.838556181958,26.6049368580286],[-81.8381231818185,26.6049518584222],[-81.8377871820281,26.6049758586965],[-81.8375211818924,26.6050038580986],[-81.8371291813781,26.6050568583969],[-81.8366701813727,26.6051408581561],[-81.8363201814644,26.6052208587549],[-81.8359701806056,26.6053138586344],[-81.8357461811443,26.6053818584995],[-81.8354311811681,26.6054878587712],[-81.8350771803917,26.6056208586518],[-81.8347461803882,26.6057608587435],[-81.8343341805059,26.6059568585611],[-81.8341471804114,26.6060548589506],[-81.8338991805718,26.6061938589034],[-81.8332051799857,26.6066138590272],[-81.8319201795116,26.6074008590219],[-81.8284251790192,26.6095428598316],[-81.826604178922,26.610660860068],[-81.8263601785911,26.6107978604648],[-81.82613017845,26.6109068599752],[-81.8259261785564,26.6109908600484],[-81.8258131787421,26.6110318604211],[-81.8256301786069,26.6110888601578],[-81.8254161777168,26.6111438602804],[-81.8251621780292,26.6111948602659],[-81.8248901782164,26.6112338601623],[-81.8247531775238,26.6112448602641],[-81.8246561780435,26.6112528605512],[-81.8245251776102,26.6112588602091],[-81.82428017757,26.6112538607559],[-81.8239901782158,26.6112318607429],[-81.8236801777666,26.61118686061],[-81.8234551780033,26.6111388603445],[-81.8233171776355,26.6111018603318],[-81.8232331771423,26.6110788606911],[-81.8229841772159,26.6109948604048],[-81.8227801772413,26.6109118607535],[-81.8225811770316,26.610817859852],[-81.8223811771108,26.6107088598437],[-81.8221751771644,26.6105808604762],[-81.8219791767349,26.6104418598095],[-81.8217921767335,26.6102918602436],[-81.8215351767407,26.6100538604401],[-81.8212951769384,26.6098188600943],[-81.8204381764101,26.610553860512],[-81.8201971768222,26.6107528599243],[-81.8198821769908,26.6109928605885],[-81.8195821764785,26.6112028600338],[-81.8193691763633,26.6113398606201],[-81.8190901760367,26.611504860441],[-81.8187881764404,26.6116728604441],[-81.8184211761738,26.6118528608581],[-81.818063176398,26.6120128603145],[-81.817803176064,26.6121188609637],[-81.8174511761249,26.6122448611554],[-81.8169641761463,26.612396860431],[-81.8165951759408,26.6124928604312],[-81.8162121754323,26.6125768612013],[-81.8157981757437,26.6126518607186],[-81.815502175325,26.6126958607001],[-81.8151181748996,26.6127338608134],[-81.8146761751794,26.612757860882],[-81.811389174031,26.6128388609163],[-81.8114481741613,26.616685861886],[-81.811425174191,26.6168108619374],[-81.811457174726,26.6178318622459],[-81.8114941740545,26.6192328625127],[-81.8115071741693,26.6200688626281],[-81.8115411744365,26.6229068632326],[-81.8115611743154,26.6245018639584],[-81.8115701748726,26.6256608640603],[-81.8115611746753,26.6261158645666],[-81.8114431742205,26.62798386509],[-81.8114311749074,26.6282458647369],[-81.8114371744625,26.6287488651572],[-81.8114491746688,26.6292408654353],[-81.8114901742983,26.6309628652604],[-81.8115091744197,26.6317838653991],[-81.81151117487,26.6318708656427],[-81.8115531749659,26.6336598658113],[-81.8115631746875,26.6340598660526],[-81.8115601752297,26.634164866422],[-81.8115701752153,26.6345108661579],[-81.8115731744573,26.6346098667941],[-81.8116401752169,26.6377628676573],[-81.8114701745077,26.6376948674185],[-81.8104871747098,26.6373668674195],[-81.8077031734755,26.6363778672068],[-81.8074961734734,26.6363118673939],[-81.8057911731217,26.6357718669637],[-81.8055201730312,26.6356858665169],[-81.8052591732429,26.6356018667634],[-81.8050751727294,26.6355428665683],[-81.8047851726757,26.6354508671095],[-81.8042061729892,26.6352658668192],[-81.8040041722216,26.6352018671577],[-81.8030701726179,26.6349038667757],[-81.8027471720261,26.6348008662782],[-81.8020311720526,26.6345728668983],[-81.8015761716874,26.6344278663126],[-81.8009601716492,26.634231866254],[-81.8008041718151,26.6341818670082],[-81.7999701718182,26.6339168669599],[-81.7997431718851,26.6338448661033],[-81.7996541714963,26.6338158667352],[-81.7995321712602,26.6337768660775],[-81.7983181713136,26.6333908661754],[-81.7982331713722,26.6333638663275],[-81.7975721703112,26.6331528660597],[-81.797259170303,26.633060866372],[-81.7969271705004,26.6329708660966],[-81.7967591704001,26.6329288666469],[-81.7964361703378,26.632856865906],[-81.796080170233,26.6327828666117],[-81.7956541700922,26.6327028665051],[-81.7949441700372,26.6325688661532],[-81.7945331703541,26.6324448665624],[-81.7940661694734,26.6322958658625],[-81.7930881689471,26.6319668666374],[-81.7923931694355,26.6317458661255],[-81.792237168715,26.6316958665201],[-81.7906541689905,26.6312098661913],[-81.7894361684376,26.6308208656978],[-81.7872331676652,26.6301178656392],[-81.7869431674862,26.6300248658767],[-81.786236167114,26.6298028660093],[-81.7835561665791,26.6289458659299],[-81.7805001654614,26.6279718658962],[-81.7801071656885,26.6278388653173],[-81.7797151659023,26.6276928651245],[-81.7793281655163,26.627536865439],[-81.7788461652083,26.6273238652648],[-81.7786421655446,26.627228865705],[-81.7781251653611,26.6269688655442],[-81.7779311651255,26.6268698649168],[-81.7776341646243,26.6267038649636],[-81.7771741644534,26.626433864845],[-81.7765971642638,26.6260608649045],[-81.7763961639323,26.6259258647162],[-81.776374164488,26.6259078648757],[-81.7758501640846,26.6255158652509],[-81.775833164224,26.6255018653837],[-81.7755741640241,26.6252948646539],[-81.7751291642775,26.6249168652891],[-81.77164616323,26.6218968645261],[-81.7708831622542,26.6212238637735],[-81.7700541619453,26.6205078636061],[-81.7699531627065,26.6204278639254],[-81.7690741624989,26.619677863933],[-81.7687781615459,26.6194858640691],[-81.7683361618763,26.6191228638224],[-81.7679351621153,26.6187828631387],[-81.7677831616676,26.6186218637007],[-81.767236161284,26.6181218631869],[-81.7663781614863,26.6173848628606],[-81.7661121616217,26.617088863554],[-81.7659721616198,26.616974862919],[-81.7642901605696,26.6155178623737],[-81.7639171606237,26.6151948627965],[-81.7635881606505,26.6149038628864],[-81.7626491599627,26.6140908629138],[-81.7615041600257,26.6130998625819],[-81.7614371601392,26.6130418622516],[-81.7610101595936,26.6126718619591],[-81.7593551589212,26.6112378616733],[-81.7590891585462,26.6110068613646],[-81.7590691587781,26.6109898613974],[-81.7587821587524,26.6107418615572],[-81.7584771584882,26.6104778618478],[-81.7574011583131,26.6095428613139],[-81.7566541578408,26.6088938608773],[-81.7559311580575,26.6082608609938],[-81.7545371570986,26.6070518612241],[-81.7504311561322,26.6034908603159],[-81.7498981559183,26.6030278599779],[-81.745339155068,26.5990738591877],[-81.745023154111,26.5988008588946],[-81.7449011547116,26.5986938594182],[-81.7408481534219,26.5951688584679],[-81.7402141531058,26.5946008579767],[-81.7396091533165,26.5940748577379],[-81.7395521525406,26.5940268580164],[-81.739483152801,26.5939688580958],[-81.7391331528153,26.5936808580084],[-81.738459152927,26.5931238575697],[-81.7376981521741,26.5925578581359],[-81.7373111519517,26.5922948577528],[-81.7369301521875,26.5920498579886],[-81.7365541519999,26.591821857864],[-81.7361401518681,26.5915818575913],[-81.7357201520774,26.5913548577352],[-81.7354021515655,26.5911938573717],[-81.7350161510702,26.5910058576067],[-81.734161151095,26.5906238574774],[-81.7314981502172,26.5894698566648],[-81.7311001502088,26.5892928570355],[-81.7306431503588,26.589096856925],[-81.7299181498156,26.5887788566331],[-81.7279781490157,26.5879408568901],[-81.7274921489378,26.5877268566589],[-81.7262431486377,26.5871898564288],[-81.7256231491088,26.5869168564719],[-81.7242851484489,26.5863358563711],[-81.723225148234,26.5858738566852],[-81.717070145778,26.5832068562776],[-81.7139591453277,26.5818018551454],[-81.7137521446983,26.5817078551212],[-81.7128831444073,26.5813838556091],[-81.7125771444702,26.5812498550849],[-81.7123841450494,26.5811698553613],[-81.7120151444293,26.581005855795],[-81.7102001444214,26.5801858550753],[-81.709237144089,26.5797718552012],[-81.7085061437802,26.5794858546894],[-81.70816614292,26.5793378552473],[-81.7080961434519,26.5792978548567],[-81.7079161429999,26.5792278548641],[-81.6987201405012,26.5752348546584],[-81.6976191397533,26.5747548538571],[-81.6973301396975,26.5746338541743],[-81.6968921395968,26.5744428545104],[-81.695362139342,26.5737778540622],[-81.6942881392437,26.573307853634],[-81.694043139083,26.5732048537953],[-81.69246713858,26.5725148533392],[-81.6919141385302,26.5722788537006],[-81.6841781358848,26.56891985334],[-81.6828451356872,26.5683428528576],[-81.6821021351082,26.5680178526438],[-81.6817921351555,26.5678818529209],[-81.6804381345011,26.5672958527752],[-81.679489134874,26.5668838527632],[-81.6783411346853,26.5663868526991],[-81.6773211337844,26.56594485251],[-81.6768921334816,26.5657588520487],[-81.6748081336791,26.5648538525173],[-81.673796133233,26.564409852505],[-81.669639131331,26.5626048516887],[-81.6655931308165,26.5608478517787],[-81.6652731303549,26.5607058518696],[-81.6631161293708,26.5597698509826],[-81.6618081298295,26.5591988511684],[-81.6616561296937,26.559131851489],[-81.6616261289156,26.5570118507267],[-81.6616231293247,26.5568018504147],[-81.6615971296261,26.5549618500661],[-81.6616441296628,26.5548658502261],[-81.66165812919,26.554743850284],[-81.6616561288326,26.5535588494671],[-81.6616561286386,26.5534898493765],[-81.6616531287793,26.5518168493624],[-81.6616591291493,26.5513108492686],[-81.6616351290682,26.5488068485193],[-81.6614701285067,26.5482178488761],[-81.6613541290025,26.5479978480427],[-81.661391128704,26.5468418481527],[-81.6613121290466,26.5436828470857],[-81.6612211283044,26.5409028470024],[-81.6569681272791,26.5409128471314],[-81.6558771266233,26.5409218468535],[-81.6537061265428,26.5409408471469],[-81.6525681260744,26.5409508464458],[-81.6453041240835,26.5409268467446],[-81.6391551218738,26.5409468474956],[-81.6383961216364,26.5412048476264],[-81.637918121811,26.5412438469639],[-81.6354001209371,26.5419818478534],[-81.6343301212606,26.5399068471256],[-81.6339021208401,26.5390828471459],[-81.6337721204549,26.5388488465457],[-81.6335321201549,26.5384568465158],[-81.633388120033,26.5382438464533],[-81.633176120732,26.5379568467956],[-81.6330641208855,26.5378148468691],[-81.6329481199124,26.537675846722],[-81.6327711202761,26.5374748468742],[-81.6325271207256,26.537217846553],[-81.6322481197602,26.5369508458965],[-81.6319281198272,26.5366688459657],[-81.6315461194318,26.5363678460494],[-81.6312861194475,26.5361818458608],[-81.6309871201984,26.535986846443],[-81.630564119331,26.5357358464975],[-81.6302321198698,26.5355648458603],[-81.6300101196267,26.535456846165],[-81.6296821194113,26.5353118458864],[-81.6295011189697,26.53523684622],[-81.6291221191422,26.535096846112],[-81.6286871187867,26.5349588455561],[-81.6284031186204,26.5348788457073],[-81.6270641188857,26.5345408454661],[-81.6213721170198,26.5330938460455],[-81.6204711171047,26.5328678452705],[-81.6187211157463,26.5324168457884],[-81.616508115696,26.5318598455677],[-81.6161281155615,26.5317608450469],[-81.6159281150312,26.5317098457847],[-81.615275115347,26.5315478452326],[-81.6117191138265,26.5306438448537],[-81.6052481122845,26.5289998452755],[-81.6048531117158,26.5289028447649],[-81.602866110884,26.5283978450209],[-81.5880461069106,26.5246288441404],[-81.5801211046654,26.5226148440365],[-81.5800041050449,26.5225848437989],[-81.5798491043505,26.5225458436464],[-81.5799471050269,26.5224458437536],[-81.5799381047938,26.5213778435287],[-81.5798601042718,26.5212218434274],[-81.5796691038604,26.5133448416507],[-81.5796381038981,26.513344841473],[-81.5744451031095,26.5133788419328],[-81.5734841019863,26.5133838418108],[-81.5647230999398,26.5134338417055],[-81.5640570995694,26.5134398421213]]]},"properties":{"OBJECTID":7,"District":2,"Commissioner":"Cecil Pendergrass","Population":152137,"DwellingUnits":82326,"Website":"https://www.leegov.com/bocc/district2","Email":"dist2@leegov.com","created_user":"LeeCountyFLGIS","created_date":1740078521566,"last_edited_user":"LeeCountyFLGIS","last_edited_date":1740078521566,"GlobalID":"ce2a4d05-81d6-48e0-b3b0-d94c2e378d84","Source_GlobalID":"57d16797-835d-44a3-8d87-670e311a1fbc","Shape__Area":4890977457.917999,"Shape__Length":368493.28458144935}},{"type":"Feature","id":8,"geometry":{"type":"Polygon","coordinates":[[[-81.9131012019567,26.5493708431505],[-81.9131972015393,26.5491008429831],[-81.913274201698,26.5488828430971],[-81.9136422023698,26.5478438426649],[-81.9143292017071,26.5458928422034],[-81.9144042019449,26.545695842305],[-81.9145232017781,26.5455778416252],[-81.9146482026109,26.545253841977],[-81.9150072022681,26.544266841302],[-81.9151232025523,26.5439618411456],[-81.9151802021565,26.5438008414627],[-81.9152312020153,26.543660841903],[-81.9152712027831,26.543542841399],[-81.9156142021318,26.5425438409703],[-81.9156932026584,26.5423268408361],[-81.9158292022121,26.5420498408585],[-81.915977202126,26.5418268410107],[-81.9159972022703,26.5417968410312],[-81.9161882025651,26.541547841346],[-81.9163462030274,26.5413888410916],[-81.917136203208,26.5407008406002],[-81.9177222028829,26.540190840872],[-81.9182832031275,26.5397088404679],[-81.9183212031283,26.5396748401727],[-81.9187472036366,26.5393008399001],[-81.9186932034357,26.5392928399713],[-81.9185322027471,26.539249840696],[-81.9177142026675,26.5390278406692],[-81.9172062026988,26.5389018400847],[-81.9168522029333,26.5387698403864],[-81.9157012027286,26.5383728419928],[-81.9118042008053,26.5384108402106],[-81.9118531996146,26.5370348398216],[-81.9118352007529,26.5355988391436],[-81.9118042008701,26.5353238397597],[-81.9117982011585,26.5347948396205],[-81.9118172007775,26.5340138388564],[-81.9117682013609,26.5337938387687],[-81.9117502012882,26.53279683925],[-81.9117192011564,26.5323568389078],[-81.9117442011761,26.5313938382671],[-81.9117142005726,26.5312348383479],[-81.9116772004031,26.5310308380325],[-81.9116462012977,26.5300728382014],[-81.9116602005331,26.5295218380838],[-81.9116652004977,26.5293358383253],[-81.9116512008975,26.528998838015],[-81.9116292008048,26.5284788382548],[-81.9116222010304,26.5283058376608],[-81.91163520051,26.5279818380921],[-81.9116532005878,26.5275468375724],[-81.9116292004388,26.5266108373436],[-81.9116042003144,26.5257468367839],[-81.9115712004786,26.5238418365049],[-81.9115452006603,26.5223288362908],[-81.9114802006497,26.5203378360104],[-81.9112962006547,26.5203388355263],[-81.9106141998429,26.5203438362765],[-81.9100312000601,26.5203628361868],[-81.9085831993702,26.5203838354453],[-81.9068471993614,26.5204158363329],[-81.9067371990801,26.520417835947],[-81.9038971988341,26.5204618359397],[-81.903386198474,26.5204628356267],[-81.9021291974726,26.5204658364362],[-81.9019951976778,26.5205238356342],[-81.901373197581,26.5205358358737],[-81.8991621964799,26.5205668363158],[-81.898918196618,26.5205728365733],[-81.8987851963705,26.5205748363183],[-81.8979841966775,26.520585836264],[-81.8971841961871,26.5206058359851],[-81.8951821961075,26.5206818364853],[-81.8930981956882,26.5207548365227],[-81.8925951949672,26.5207728367299],[-81.8918421952227,26.5207788360406],[-81.8916641943721,26.5207788363472],[-81.8914781948368,26.5207788366645],[-81.8911831948078,26.5207648362539],[-81.8909441947604,26.5208038360977],[-81.8907391949638,26.5207538360889],[-81.889798193855,26.5207548361569],[-81.8896611940638,26.5207598363187],[-81.8894321939321,26.5207778366854],[-81.8882631933534,26.5207888365805],[-81.8872231937844,26.5207928362259],[-81.8871021931212,26.5207938362747],[-81.8868761931505,26.520794836928],[-81.8851091930664,26.5208018369264],[-81.8832601922477,26.5208098364943],[-81.8822191920711,26.5208148368375],[-81.8812841915063,26.520818836517],[-81.8810861916696,26.5208278367023],[-81.880792191944,26.520855836719],[-81.8806231913408,26.5208788365318],[-81.8804111916599,26.5209178367985],[-81.8803491912568,26.5209328367526],[-81.8801301915682,26.5209848364583],[-81.8799371913285,26.5210408364258],[-81.8797201910024,26.5211168367205],[-81.8795071913091,26.521203836579],[-81.879237191099,26.5213328369268],[-81.8789341907866,26.5215108368017],[-81.8787881914374,26.5216048371243],[-81.8787381907762,26.5216368373297],[-81.8786091912008,26.5217258370092],[-81.8784291909524,26.5218728373403],[-81.8782531910717,26.5220308373689],[-81.8781261904925,26.5221558371591],[-81.8779551909009,26.5223438366633],[-81.8778741912547,26.5224418369523],[-81.8777461906815,26.5226168374955],[-81.8776041903312,26.5228348371366],[-81.8775111910418,26.5229978374868],[-81.8774141910137,26.5231958375956],[-81.8773171910504,26.52342083744],[-81.8772931907471,26.5234828370118],[-81.8768581907731,26.5245988376578],[-81.8764381905974,26.5256768381258],[-81.8763381905681,26.525900838134],[-81.8762771904413,26.526016838415],[-81.8762231907647,26.5261198381219],[-81.8761601902643,26.5262268384855],[-81.8760391900978,26.5264088377955],[-81.8759071908062,26.526583838512],[-81.8757641905788,26.5267488385202],[-81.8756131906498,26.5269028385073],[-81.8754831902971,26.5270198378953],[-81.875451190633,26.5270488379117],[-81.875287190579,26.5271798385029],[-81.8751151897207,26.5273018382839],[-81.8749251899055,26.527417838664],[-81.8747191898122,26.5275288387122],[-81.8745071898763,26.5276288384811],[-81.8742811903197,26.5277138386459],[-81.8740511896325,26.5277898385978],[-81.8738431899038,26.5278488389199],[-81.8735621899548,26.5279078383195],[-81.8733651901411,26.5279348384178],[-81.8729571900267,26.527974838473],[-81.8726411891731,26.5279958383651],[-81.8720241896393,26.5280138382672],[-81.8713481890787,26.5280168386661],[-81.8711491888207,26.5280168386228],[-81.8711471892709,26.5278728388557],[-81.8711331890539,26.526381838108],[-81.8711141891154,26.5259628380832],[-81.8710791886639,26.5256198378366],[-81.8710271886639,26.5252538381122],[-81.8709521886779,26.5248858381161],[-81.8708331891254,26.5244558375936],[-81.87081518898,26.5243998377519],[-81.8707261889971,26.5241188375125],[-81.8705401884745,26.5236498373209],[-81.8703211882082,26.5231848370184],[-81.8701471881564,26.522879837166],[-81.8699921889337,26.5226218371253],[-81.8697071884744,26.5221998374236],[-81.869617188761,26.5220678367534],[-81.8686491876588,26.5206538366788],[-81.8685301884865,26.520478837072],[-81.8684511884163,26.5203518372206],[-81.8650351869748,26.5153478354831],[-81.8649711868995,26.5152548356769],[-81.86476018722,26.5149498354822],[-81.8640101867147,26.5138488348453],[-81.861967186085,26.5108468343076],[-81.8615491861894,26.5102338343424],[-81.8613811854266,26.5099878347732],[-81.8588511852361,26.5062798331243],[-81.8587651847187,26.5061538335225],[-81.8583881846434,26.5056008332756],[-81.8572411843854,26.5039268333007],[-81.8565361844934,26.5028928326826],[-81.8564481845906,26.5027628328581],[-81.8559901834689,26.502089832388],[-81.855664184075,26.5016238321416],[-81.855358183492,26.5012228323494],[-81.8550801833206,26.5008748320017],[-81.8545521834264,26.500272831995],[-81.8541471833703,26.4998468318314],[-81.8539631834454,26.4996678322945],[-81.8538581832367,26.499564832271],[-81.8537721828576,26.4994818318942],[-81.8536621835497,26.4993738315386],[-81.8530381834324,26.4988108322185],[-81.85264918295,26.4984488314173],[-81.8506341819001,26.4966498312353],[-81.8493241817548,26.4954718310562],[-81.8491811815844,26.4953438310597],[-81.8466891813906,26.4931048303844],[-81.8459491807335,26.4924308305043],[-81.8448741804175,26.491451829813],[-81.844829180262,26.4914118302844],[-81.8447571804188,26.4913468305513],[-81.8443311807517,26.4909678299655],[-81.8440641797306,26.4907308296951],[-81.8439461804657,26.4906248303796],[-81.8438981798447,26.490575830013],[-81.8437751801646,26.4904478301752],[-81.8436201799758,26.4902638294638],[-81.8434641795577,26.4900588299607],[-81.8432971796279,26.4897978299267],[-81.8429301798362,26.489092829337],[-81.8424461797892,26.4881208297731],[-81.8420691790269,26.4874018288817],[-81.8415551795984,26.4864228292509],[-81.8413511789376,26.48601482921],[-81.8411291790429,26.4855368290819],[-81.8407741785733,26.4846938288158],[-81.8394681783151,26.4815198276404],[-81.8373511774278,26.4764338262893],[-81.8373301775469,26.4763838263177],[-81.8373091774887,26.4763318261452],[-81.8368861776789,26.4753158263432],[-81.8361401770847,26.4735228256851],[-81.8342291770019,26.4689318251306],[-81.8338241761556,26.4679678243247],[-81.8336791768525,26.4676628245963],[-81.8335081760605,26.4673498242951],[-81.8333261764426,26.4670578247767],[-81.833160176561,26.4668208239293],[-81.8330401762625,26.4666658243785],[-81.8324421761,26.4659408243039],[-81.8301521751126,26.4631988237462],[-81.8292391752518,26.4621058233464],[-81.8291511753835,26.4619998230158],[-81.8284151747413,26.4611188226662],[-81.8281431745112,26.4612648227002],[-81.827654174364,26.4615938235833],[-81.8269471744694,26.4620668233359],[-81.8266561742441,26.4622638233649],[-81.8262431743171,26.4625418233862],[-81.8255261739901,26.4630298233917],[-81.8248291741286,26.4634988234123],[-81.8241181736263,26.4639798238006],[-81.8234121735224,26.4644588238692],[-81.8225011732344,26.4650748240948],[-81.8220471732512,26.4653828243153],[-81.8218261731802,26.4655318245432],[-81.821625172706,26.4656678246355],[-81.8213201729837,26.4658748242194],[-81.8206061728054,26.4663558247665],[-81.8204121728268,26.4664858240988],[-81.8198951724241,26.4668348243703],[-81.8195191726252,26.4670888245416],[-81.8191781721456,26.4673188250158],[-81.818467172592,26.4678038252189],[-81.8181941725279,26.4679918252109],[-81.8177631718297,26.4682808254498],[-81.8170511716246,26.4687588255484],[-81.8163371718656,26.4692418253825],[-81.8156291715263,26.4697248257252],[-81.8149151715293,26.4702118259544],[-81.8147741712428,26.4703018253625],[-81.8147121708215,26.4703348258286],[-81.8145611705886,26.4704008259259],[-81.8144721711585,26.4704298260364],[-81.8143971712817,26.4704488252442],[-81.8142391712593,26.4704768256874],[-81.8141391714559,26.4705728260234],[-81.8139541710323,26.4704978259684],[-81.8138631713101,26.4704958254462],[-81.8129071707262,26.4704858254647],[-81.8124361708101,26.4704808254984],[-81.8120281706476,26.4704758256718],[-81.8118591707739,26.4704738258985],[-81.8111381702187,26.4704668258801],[-81.810248169684,26.4704598261559],[-81.8093721692396,26.4704538261319],[-81.8084761689193,26.470447825509],[-81.8075931690736,26.4704408258497],[-81.8067051691975,26.4704318255018],[-81.8058031682387,26.4704208256731],[-81.8053261682238,26.4704208261872],[-81.8047461685837,26.470420826046],[-81.8038941675683,26.4704248262168],[-81.8030641673106,26.4704288254668],[-81.8022431678197,26.4704318259393],[-81.801652166873,26.4704338261779],[-81.8012901668782,26.4704358259432],[-81.8004651670274,26.4704398260716],[-81.7996431668429,26.4704438256423],[-81.7984041668476,26.4704488256129],[-81.7982881661312,26.4704588261867],[-81.7982071667093,26.4704758262641],[-81.7979741664384,26.4705428256864],[-81.7978991657949,26.4705578257537],[-81.797827166261,26.47056282634],[-81.7977481665952,26.470556825826],[-81.7974451657771,26.4704898258119],[-81.7973931659628,26.4704818261872],[-81.7973321665551,26.4704718262136],[-81.7972911661559,26.4704658261089],[-81.7972641656165,26.4704648255964],[-81.7972581657435,26.4673878257133],[-81.797307165516,26.4656148248958],[-81.7972141653455,26.4591588234876],[-81.7972021656655,26.4583398230884],[-81.7971791653019,26.4567328229187],[-81.7971741654761,26.4563928223969],[-81.7970721656028,26.456394822182],[-81.7970091649978,26.4504398207635],[-81.796994165167,26.4493708205098],[-81.7950001644158,26.4494148207454],[-81.7929801639766,26.4494558210757],[-81.7925871643977,26.4494638206635],[-81.7918121637856,26.4494788207845],[-81.7915911642398,26.4494848205879],[-81.790927163751,26.4495028209942],[-81.7899861631267,26.4495268209861],[-81.7889631627396,26.4495538212782],[-81.7887071629761,26.4495388214816],[-81.7885931629525,26.4495328210629],[-81.7881731629547,26.4495208207042],[-81.7879241623091,26.4495168210599],[-81.7876461630853,26.4494908208072],[-81.78733916261,26.449437821075],[-81.7870171628247,26.4493858209962],[-81.7867221619937,26.4493418206783],[-81.7863031619815,26.4492568207011],[-81.7860121621843,26.4491718207728],[-81.7857101617222,26.4490918214108],[-81.7854961618727,26.4490468207603],[-81.7851821617293,26.4489948213391],[-81.7848911623178,26.4489498213557],[-81.7847101620677,26.4489218212671],[-81.7845161619332,26.4489028212092],[-81.784020161569,26.448869820996],[-81.783689161407,26.4488538205993],[-81.78332116132,26.4488628209167],[-81.7826181609398,26.4488528209608],[-81.7820761614049,26.448923821281],[-81.7811131606129,26.4490378213992],[-81.7804101609638,26.449179821343],[-81.779949160175,26.4492468211816],[-81.7792871599469,26.4494158209476],[-81.7789361597503,26.4494118213726],[-81.7781661602111,26.4494098212062],[-81.7777291594008,26.4494058214341],[-81.7775931598548,26.4494058210485],[-81.7775931597837,26.4494168212497],[-81.7772641598173,26.4494418213194],[-81.7768291592394,26.449461821612],[-81.7763811597092,26.4494618217011],[-81.7760061595775,26.449461821098],[-81.7749251590341,26.4494658217147],[-81.7745221588308,26.449448821054],[-81.7745221590565,26.4493838217607],[-81.7743011586122,26.4493838212971],[-81.7726281583603,26.449386821383],[-81.7712891580525,26.4494058212283],[-81.7712341576156,26.449405821648],[-81.7648871558648,26.4494388213635],[-81.7629891556441,26.449448821832],[-81.7593761541281,26.4494658213161],[-81.7579221536347,26.4494778219393],[-81.7556281531613,26.4496278217574],[-81.7555031530647,26.4496308221625],[-81.7555001534054,26.4494938214679],[-81.7554271529506,26.4494948221118],[-81.7530381524517,26.4495148214351],[-81.7503511523641,26.4495368221484],[-81.7488361518524,26.4495368220214],[-81.7477631513931,26.4495368221746],[-81.7477241507972,26.4495578222024],[-81.7422211495,26.4496028217805],[-81.7418761489596,26.4497688219689],[-81.7402471493568,26.4505518222299],[-81.7394851490801,26.4509188224282],[-81.7394011483374,26.4509578229353],[-81.7391661484102,26.4510658227156],[-81.7390431482572,26.4511158224015],[-81.7389381491348,26.451153822999],[-81.7387711488763,26.4512068226847],[-81.7385611485232,26.4512538223486],[-81.7383141482253,26.4512878221722],[-81.7381941483794,26.4512958224873],[-81.736200147999,26.4513998228839],[-81.7336881471283,26.4515318229909],[-81.7326001470289,26.4515878230102],[-81.7325351471034,26.4515918227028],[-81.7296571457594,26.4517438228991],[-81.7244771444848,26.4520158228144],[-81.7244251443974,26.4520178229247],[-81.7236041447081,26.4520608228062],[-81.7165181422589,26.4524338230418],[-81.7073491398831,26.452915823606],[-81.7047581387154,26.4530488236104],[-81.7038081380619,26.4531028241063],[-81.702034138069,26.4531918243077],[-81.6964491361902,26.453487823833],[-81.696152136336,26.4534968243633],[-81.6958771367296,26.4534948240162],[-81.6956121360806,26.4534808243364],[-81.6953491358659,26.4534558237667],[-81.6951481360164,26.4534278238394],[-81.6948271364102,26.4533698244696],[-81.6945361355861,26.453303823663],[-81.6942921360692,26.45323482416],[-81.6940411355211,26.4531518241573],[-81.6937731357941,26.4530498242782],[-81.6935381350797,26.4529478242728],[-81.6932191356576,26.4527878239483],[-81.6930331355819,26.452683824318],[-81.6928341354233,26.4525578241805],[-81.6926191355299,26.4524138237303],[-81.6924261350466,26.4522688241834],[-81.6922861352195,26.4521528239595],[-81.6912231352407,26.4512778236332],[-81.6910591346023,26.4511508234449],[-81.6907911341894,26.4509658235735],[-81.6905831348819,26.4508368240136],[-81.6903681346324,26.450718823576],[-81.6901821347577,26.4506218236227],[-81.6899541345379,26.4505178237015],[-81.6897311339226,26.4504278238816],[-81.6895331345505,26.4503558237993],[-81.68929413459,26.450279823277],[-81.6891181343481,26.450228823725],[-81.6888721343346,26.4501698233416],[-81.6886091342598,26.4501168230746],[-81.6882881342738,26.4500718238548],[-81.6880331338932,26.4500458236126],[-81.6877501339416,26.4500308232663],[-81.6875081338275,26.4500298231037],[-81.6820081320129,26.4500618231915],[-81.6798361312467,26.4500738233564],[-81.6760961305111,26.4500958239019],[-81.6742831295789,26.4501208239513],[-81.6740941299659,26.45013182372],[-81.6739011295465,26.4501538241795],[-81.6738511293426,26.4501628237507],[-81.6729231298395,26.4503228236815],[-81.6727411294518,26.4503428240894],[-81.6725401289872,26.4503498237212],[-81.6685671285462,26.4503628241794],[-81.6683921285584,26.45036282436],[-81.6680251276323,26.4503648235848],[-81.6673711280906,26.4503668238384],[-81.6624951262224,26.4503948239534],[-81.6599341257124,26.4504058242974],[-81.6589851253095,26.4504158238171],[-81.6568431253186,26.4504308242967],[-81.6535461238678,26.4504528246833],[-81.6471881222105,26.4504958243637],[-81.6439171206484,26.4505208249743],[-81.6276751163136,26.4506478252334],[-81.6273661165016,26.4506498250974],[-81.6236701148209,26.4506748246843],[-81.6233061151243,26.4506778253481],[-81.6155231123908,26.4507308251549],[-81.6153661131038,26.450731825159],[-81.6138611126061,26.4507428253611],[-81.6112761117561,26.450762825484],[-81.6031911091608,26.450808825715],[-81.6021961090023,26.450816825542],[-81.5953281068674,26.4508728255918],[-81.5952761074634,26.4508728254483],[-81.5904611060575,26.4509498260684],[-81.5875591047787,26.4510008258847],[-81.5868421045065,26.451011826154],[-81.5855891042719,26.451029826089],[-81.5831771036845,26.4510658262162],[-81.5790831021208,26.4511188257298],[-81.5789891021656,26.4511208260851],[-81.5788061021076,26.4511228258269],[-81.5768431016502,26.4511488259668],[-81.5704941002763,26.4512198263618],[-81.5664160987444,26.4512828268033],[-81.5659870980324,26.4513418266304],[-81.5656580983559,26.4514058263256],[-81.5653650986282,26.4514788263333],[-81.5651280978271,26.4515668268854],[-81.5647440986222,26.4517438266717],[-81.5646420984766,26.4517988267098],[-81.5642960980786,26.4519908268128],[-81.5639670983514,26.4522378267614],[-81.563674098228,26.4525208270682],[-81.5634910978399,26.4527308270407],[-81.5632350974475,26.4530598269871],[-81.5630710975391,26.4533888270925],[-81.5629710974764,26.4536088273681],[-81.5628420978134,26.4539838271836],[-81.562746097509,26.4543998275937],[-81.5627050971466,26.4527408273325],[-81.5627020976319,26.4526408266246],[-81.5626880974003,26.4518688268574],[-81.5626820974455,26.4517118264425],[-81.5626780971376,26.451602826388],[-81.5626780972527,26.4515218265677],[-81.5626690977765,26.4511358268337],[-81.5626680971083,26.4510588260984],[-81.5626490972566,26.4503498262764],[-81.5626300972691,26.4489958260749],[-81.5626060974257,26.4476778261025],[-81.5625860978288,26.4466268254262],[-81.5625840974022,26.4465278250708],[-81.5625580977393,26.4448918248962],[-81.5625580974084,26.4448818249193],[-81.5625580973803,26.4448688246798],[-81.5625430972245,26.4438978251765],[-81.5625430968654,26.4438748249568],[-81.5625420970953,26.4438228245419],[-81.5625370974968,26.4435038244856],[-81.5625320974043,26.4431998248325],[-81.5623600973891,26.4320778220096],[-81.5623540970674,26.431695821749],[-81.5623520972904,26.4315298215002],[-81.5623380973438,26.4309148218409],[-81.5623370971407,26.4308948214965],[-81.5623370973465,26.4308828213224],[-81.5623220973083,26.4302478212619],[-81.5623290971709,26.4301838215938],[-81.5622190965845,26.423162819816],[-81.5621890968374,26.4227228197675],[-81.5621830963496,26.4226298191173],[-81.5625230969694,26.422623819315],[-81.5675210977122,26.4225798190144],[-81.5785351012792,26.4224068189707],[-81.578796101228,26.4224028194746],[-81.5789991011116,26.4223998194468],[-81.5869321041093,26.4222708191477],[-81.6034441088545,26.4220038185791],[-81.6042271088285,26.421996818082],[-81.6044291084561,26.4219958181732],[-81.6046311090867,26.4219948179818],[-81.6047781085906,26.4219818187241],[-81.6048461090443,26.4219808179006],[-81.6080761101223,26.421928818216],[-81.6081821098025,26.4219268178528],[-81.6137791117446,26.4218398180971],[-81.6138771112658,26.4218448178421],[-81.6188401125478,26.4217738181374],[-81.618935113532,26.4217728175872],[-81.6190751129611,26.4217708176032],[-81.6190891135489,26.4217708178889],[-81.6191091132363,26.4217698178093],[-81.6191251127628,26.4217698179998],[-81.6192481131917,26.4217678177018],[-81.6207331135086,26.4217468182783],[-81.6211081132275,26.4217418180729],[-81.6227051145069,26.4217218178596],[-81.6227361140882,26.4217218175052],[-81.622813114553,26.421720817436],[-81.624806114819,26.4216958181485],[-81.6264361156857,26.4216668177407],[-81.6265881147836,26.4216638181807],[-81.6297961158797,26.4216068176911],[-81.6299501157898,26.4216038179304],[-81.6299911162399,26.4216028174147],[-81.632766117132,26.4215538178983],[-81.6363251184472,26.4214798173872],[-81.6405931192361,26.4213868176411],[-81.6428351197989,26.4213378174672],[-81.6430371197083,26.4213338168749],[-81.6433621204218,26.4213268174195],[-81.6473501217298,26.4212988172838],[-81.6473751214378,26.4212988175518],[-81.6478221219031,26.4212958175742],[-81.6491631215357,26.421270816719],[-81.6495581216091,26.4212638169302],[-81.6524001230872,26.4212118167794],[-81.6583591241409,26.4211018170987],[-81.6595091252808,26.4210818165694],[-81.6595051243217,26.4208958167659],[-81.659498124362,26.4205588166496],[-81.6594761248304,26.4194998163247],[-81.6594691247959,26.4191458162746],[-81.6594621247911,26.4187918162071],[-81.6594441243534,26.4179448162601],[-81.6593061247561,26.4113098143244],[-81.6591991239462,26.4061528135247],[-81.6591641243659,26.4044768129259],[-81.6585611231119,26.3753638059005],[-81.6583991230722,26.3632638026726],[-81.6583921229472,26.3627348020225],[-81.6582241225736,26.3471857983649],[-81.6581251216233,26.3380357961103],[-81.6580641214951,26.3324397949761],[-81.6580671221127,26.3323727947366],[-81.6580631221595,26.3322367945489],[-81.6580611216688,26.3320717950226],[-81.65790612171,26.3178457914629],[-81.6579031212594,26.3175677909574],[-81.6585491217998,26.3175547910592],[-81.6589141216443,26.3175527911396],[-81.666069123492,26.3175247912527],[-81.6661971236525,26.3175257906059],[-81.6672511236829,26.3175357906815],[-81.6677221247437,26.3175397910936],[-81.6705301254699,26.3175057907729],[-81.6714601255641,26.3174957904231],[-81.6737191259587,26.3174697911569],[-81.6746421260475,26.3174617905709],[-81.6748611262632,26.3174597906116],[-81.6748981266596,26.3174597905545],[-81.6749101265983,26.3174597906799],[-81.6749391261546,26.3174587904133],[-81.6749551264066,26.3174587905764],[-81.6820061286471,26.3173947908518],[-81.6872501295944,26.3173647908388],[-81.6872701301605,26.3173647902284],[-81.6874311299279,26.3173637900079],[-81.6877301301597,26.3173617903932],[-81.6898801309435,26.317348790708],[-81.6900391308497,26.3173457902263],[-81.690497131234,26.3173387902733],[-81.6966721327777,26.3172897898913],[-81.6971561325515,26.3172847904902],[-81.6981151330544,26.3172777898502],[-81.7032681348004,26.3172367901039],[-81.7040431349821,26.3172307896995],[-81.7049281352215,26.3172237902297],[-81.7049621348731,26.3172237897797],[-81.704982135432,26.3172237903092],[-81.7050271349701,26.3172227897921],[-81.7059271358092,26.3172157897371],[-81.7061061353013,26.3172137899971],[-81.7062651357148,26.3172127898043],[-81.7123501374292,26.3171657893659],[-81.7136631377677,26.3171557901719],[-81.7140031375988,26.3171527895304],[-81.7146521383113,26.3171467900413],[-81.7175911384739,26.3171237897189],[-81.7221011402255,26.3170887894624],[-81.7223311398632,26.3170867897606],[-81.7224081397272,26.3170857897828],[-81.7229721400675,26.317081789589],[-81.7234221405275,26.3170777894012],[-81.7248281407718,26.3170667895585],[-81.7255341413894,26.3170617898166],[-81.7278571414494,26.3170437893879],[-81.7296091424452,26.3170157894122],[-81.7300821427971,26.3170087896737],[-81.7302441428445,26.3170007893824],[-81.7307161430118,26.3169727895386],[-81.7313131427234,26.3169327890209],[-81.731946142692,26.316889788875],[-81.7319631427906,26.3168887889421],[-81.7319851430687,26.3168867892092],[-81.7321541427528,26.3168757895608],[-81.7322241433987,26.3168747892903],[-81.7324001427284,26.316871788914],[-81.732427142583,26.3168707895331],[-81.7324511434182,26.3168707891818],[-81.7325371432786,26.316869789723],[-81.7328341433358,26.3168667896857],[-81.7329961429979,26.3168657889054],[-81.7333871432166,26.316862789405],[-81.7334081433197,26.316862789633],[-81.7334351428816,26.3168627892759],[-81.7338631436958,26.3168587894365],[-81.7338861431079,26.3168617891424],[-81.7344521438525,26.3169467894949],[-81.7347471433333,26.3169897889739],[-81.7353481437722,26.3169847894609],[-81.7359901438562,26.3169797889002],[-81.7371341448199,26.316970788992],[-81.7372401442834,26.3169697890717],[-81.7374621439824,26.3169677892529],[-81.7449031462271,26.3169087889049],[-81.745247146377,26.3169057889882],[-81.7457201468856,26.3168977889931],[-81.7458261471815,26.3169027888473],[-81.7461701471294,26.3169007886385],[-81.7462241473024,26.3169007894339],[-81.7463441469279,26.316898789388],[-81.746379147309,26.3168977888939],[-81.7463951475453,26.3168977892089],[-81.7465031470662,26.3168967886857],[-81.7465321468055,26.3168967893984],[-81.7465991466577,26.3168957885405],[-81.7466211473589,26.3168957886017],[-81.7466661473365,26.3168957886727],[-81.7471751468475,26.3168917892668],[-81.74981014776,26.31685978899],[-81.7515381490369,26.3168217885046],[-81.7544071490267,26.3167577883811],[-81.761169151823,26.3166577883565],[-81.7623311516915,26.3166407888393],[-81.7625391515693,26.3166377882508],[-81.7681951530748,26.3165677883573],[-81.7689101533564,26.3165587885915],[-81.7730571549496,26.3165047885653],[-81.7766061553722,26.3164587881045],[-81.7829641578971,26.3163777879588],[-81.7830101573198,26.3163777880655],[-81.7830261575114,26.3163777879036],[-81.7830921572823,26.3163767883371],[-81.7837041576942,26.3163757882891],[-81.7837731583331,26.3163757876387],[-81.7862201582843,26.3163707883246],[-81.7862371590519,26.3163707883933],[-81.7864111581995,26.3163777876259],[-81.7880101586842,26.3164417876448],[-81.7880571586183,26.3164357877984],[-81.7881141588503,26.3164327877258],[-81.7881391590448,26.3164317875346],[-81.7881801591501,26.3164237875716],[-81.7886911590027,26.3163177877237],[-81.7887081593855,26.3163157881628],[-81.788766158927,26.316311788281],[-81.7887801597767,26.3163107880232],[-81.7891051589363,26.3162877879029],[-81.7891381594919,26.3162857874489],[-81.8009541627821,26.3162467879635],[-81.8028191630374,26.3162747871404],[-81.804019163318,26.316293787962],[-81.8049761638231,26.3162927872821],[-81.8051721644354,26.3162927874186],[-81.8059941647189,26.3162897875934],[-81.8065971644982,26.3162877876677],[-81.8090371656315,26.3162797872625],[-81.8103381651956,26.3162717869914],[-81.8104871658056,26.3162717871992],[-81.8107421659427,26.3162707871529],[-81.8126851660176,26.31626478755],[-81.8127211667035,26.3162647876317],[-81.8131811662171,26.3162627871258],[-81.8168601675989,26.316251787057],[-81.8169261675227,26.3162517873828],[-81.8170011676189,26.3162517874291],[-81.81706416782,26.316251787474],[-81.817116167268,26.3162507868817],[-81.8171271675885,26.3162507873702],[-81.8171471670796,26.3162507875983],[-81.8179571676497,26.3162487870604],[-81.8181321682102,26.3162487870533],[-81.819022168091,26.3162497875167],[-81.8190221676524,26.3162777872792],[-81.8190231684825,26.3163117872228],[-81.8190331678087,26.3174407877427],[-81.8190421677481,26.3184317873897],[-81.8190421676829,26.318442787809],[-81.8190421679651,26.3184567876867],[-81.8190421684902,26.3184757881655],[-81.8190431681436,26.3186207878961],[-81.8190421682513,26.3192887883401],[-81.8190391677766,26.3193407880889],[-81.8190271678875,26.3195577881626],[-81.8190351686577,26.3201127881299],[-81.8190391682447,26.3201777883371],[-81.8190441683433,26.3202447882408],[-81.8190551684984,26.3204307883219],[-81.8190661684278,26.3213047887029],[-81.8190661678506,26.3213257885097],[-81.8190671681368,26.3213517883731],[-81.8190671681889,26.3213897884115],[-81.8190671686517,26.3214197883947],[-81.8190671684208,26.3214437885609],[-81.8190671684976,26.3214617889115],[-81.8190671677789,26.321475788782],[-81.8190671687307,26.3215157881577],[-81.8190671679092,26.3216097885815],[-81.8190671686412,26.3216247885733],[-81.8190671683069,26.3216507889782],[-81.8190641681469,26.3221047889913],[-81.8190701686927,26.3222647886302],[-81.8190701679738,26.3222787884991],[-81.8190701682564,26.3222927883693],[-81.8190701685377,26.3223067891421],[-81.8190701683711,26.322319788892],[-81.8190701687568,26.3223317885229],[-81.8190701686919,26.3223427889363],[-81.8190701686794,26.32239178848],[-81.8190701685509,26.3224137884039],[-81.8190711686395,26.3224437887416],[-81.8190751683471,26.3226447889465],[-81.8190831681238,26.3233527889054],[-81.8190831680996,26.3233727885875],[-81.8190841684466,26.3234857889099],[-81.8190831687389,26.3236237887909],[-81.8190831685714,26.3236367894411],[-81.8190801681126,26.3242907888341],[-81.8190801687532,26.32433678891],[-81.8190771686311,26.3248467891154],[-81.8190791687693,26.3250737898309],[-81.8190801685984,26.3250897893901],[-81.8190841685048,26.3251617894842],[-81.8191021678838,26.3256177898349],[-81.819107168648,26.3260577899015],[-81.8191141688703,26.3269257901548],[-81.8191141680676,26.3274787900492],[-81.8191181679683,26.3278067898673],[-81.8191191682015,26.3278837903538],[-81.8191211688146,26.3286797899702],[-81.8191161681865,26.3290157901585],[-81.8191161686233,26.3290657906787],[-81.8191141684278,26.3295497905314],[-81.8191221683765,26.3304287911227],[-81.8191941685071,26.3304287907858],[-81.8197271686986,26.3304377906523],[-81.8211661693751,26.3304347910235],[-81.8232661700729,26.3304187903098],[-81.8240511696406,26.3304227906082],[-81.8271541706613,26.3303977905088],[-81.8311281717248,26.3303867904838],[-81.8316541724155,26.3303857907301],[-81.8319681724917,26.3303847907359],[-81.832244172106,26.3303837907214],[-81.8323511720471,26.3303827903105],[-81.832687172871,26.330380789979],[-81.833015172113,26.3303787903711],[-81.8330701724084,26.3303787903405],[-81.8336441723522,26.3303757901897],[-81.8336961729855,26.3303747899294],[-81.8337611730934,26.3303727901645],[-81.8339421728095,26.3303687900581],[-81.8340631728977,26.3303667900249],[-81.8341871724912,26.330363790532],[-81.8344091731452,26.3303587901987],[-81.8351561726502,26.3303237903619],[-81.8352301733849,26.3303207902322],[-81.8357871731375,26.3303007906238],[-81.8361911738175,26.3302967902155],[-81.8362751732518,26.3302967904969],[-81.8363571737011,26.3302957901335],[-81.8366021731365,26.3302957906847],[-81.8366851732782,26.3302947903704],[-81.8368431731922,26.3302947906595],[-81.837074173289,26.3302937905985],[-81.8372121736881,26.3302927901961],[-81.8373711736932,26.3302917900172],[-81.8374301737368,26.3302917901432],[-81.8380431741808,26.3302917898777],[-81.8383451742753,26.3302917904572],[-81.8385151745434,26.3302917897985],[-81.8386041740746,26.3302927899535],[-81.8386311738573,26.330292790562],[-81.8388191746518,26.3302927899462],[-81.8388561740096,26.3302937901399],[-81.8389351745903,26.3302947905836],[-81.8390361738581,26.3302947902937],[-81.839158174359,26.330295790148],[-81.8392801744834,26.3302977900172],[-81.839380174304,26.330299790408],[-81.8394601745911,26.3303007898772],[-81.839769174101,26.330312790407],[-81.8405961742463,26.3303437899777],[-81.8407111752124,26.3303467899919],[-81.8410531744158,26.3303547905446],[-81.8411071746547,26.3303557900513],[-81.8412591744939,26.3303557905571],[-81.8422781751182,26.3303527902733],[-81.8424561750644,26.330352790132],[-81.8428941754067,26.3303517904991],[-81.8431481752771,26.3303517897268],[-81.8433941759209,26.3303507904782],[-81.8438531758833,26.330349790094],[-81.844021175504,26.3303567905882],[-81.8441141752268,26.3303687902797],[-81.8441741753175,26.3303797900301],[-81.8443781760847,26.3303867904217],[-81.8449141759053,26.3304067905758],[-81.8456021765977,26.3303967900745],[-81.8459031761225,26.3303787904618],[-81.8459181765732,26.3303787903382],[-81.8459361761128,26.3303787898257],[-81.8459611765289,26.3303787905154],[-81.8459771766768,26.3303787896546],[-81.846024176418,26.3303787904998],[-81.8461401765501,26.3303777903655],[-81.8465061768433,26.3303767899573],[-81.8468721761313,26.3303757904188],[-81.8479861768304,26.3303737897468],[-81.8556281789158,26.3303597899985],[-81.8654181820633,26.330342789507],[-81.8748131843803,26.3303267897975],[-81.8749081845916,26.3303267896846],[-81.8750031848756,26.3303257893886],[-81.8758371845947,26.3303187894112],[-81.8766721848701,26.3303127891729],[-81.8869006857828,26.3302352360938],[-81.895328190102,26.3301707893679],[-81.9999462210397,26.3302137869699],[-82.0096975397354,26.3302189108995],[-82.008648224833,26.411204144259],[-82.0084792260936,26.42423680959],[-82.0118432276684,26.4354628123725],[-82.0141282280362,26.4430868143265],[-82.0085832262146,26.4463868153006],[-82.005689226098,26.4515828166202],[-82.005785225888,26.453382816726],[-82.0058622261252,26.4548288172347],[-82.0058682260946,26.454934817198],[-82.0081542266668,26.4584598185523],[-82.0109062279439,26.4604308182442],[-82.0155152286546,26.4607088188264],[-82.0191842301768,26.4599828181111],[-82.023408232018,26.4740768222078],[-82.0266372323632,26.4742308217458],[-82.0286802335184,26.4749128219239],[-82.0300562340416,26.475460821889],[-82.0315162336663,26.4759618222865],[-82.031528234094,26.4763298225409],[-82.0307602333283,26.4775618229068],[-82.0300242339138,26.4785058229138],[-82.0292722334516,26.4792898233362],[-82.0284402331007,26.4802498235853],[-82.0269682328694,26.4817698231819],[-82.0260292326873,26.4828188237163],[-82.0260082326413,26.4828418235292],[-82.0247762327377,26.4841538246512],[-82.0241202321925,26.4850018240693],[-82.0236082319926,26.4858978248949],[-82.0229682320855,26.4867778247796],[-82.0221202312007,26.4878488252409],[-82.0220082314389,26.4879288252375],[-82.0208242316039,26.4895928261322],[-82.0199922314765,26.4906168264128],[-82.0193362307464,26.4915448263782],[-82.0186002310824,26.4924728264384],[-82.0178002310003,26.4934648269735],[-82.0168722304079,26.4946648269933],[-82.0161842296757,26.4956408276898],[-82.0153682295199,26.4965688277437],[-82.014168229529,26.4980088279571],[-82.012872229236,26.4995768281898],[-82.0123982295831,26.5001048288516],[-82.0121682289227,26.500360828553],[-82.0125782296653,26.5022378291631],[-82.0124832292898,26.5037368291765],[-82.0124502293838,26.5042708298439],[-82.0131412294376,26.5060208295045],[-82.0136532295585,26.5067308303977],[-82.0158232304713,26.5091558308455],[-82.0173732304057,26.5114878310348],[-82.018038231247,26.5127588318556],[-82.018599231039,26.5138328321807],[-82.0188982316445,26.5146278320523],[-82.0189682313115,26.5152738322423],[-82.0184212312425,26.5168548320604],[-82.0178232315531,26.5185818325703],[-82.0150342302588,26.5225528339741],[-82.0129712299791,26.525053835065],[-82.0128442301062,26.5251408349065],[-82.011145229769,26.5263118354037],[-82.0059032284294,26.528041835718],[-82.0047952282001,26.5282588353739],[-82.0040042276299,26.5284128354214],[-82.0029562272888,26.5286178360074],[-82.0024382274948,26.5287598356594],[-82.0007682261465,26.5292178360076],[-82.0003982267354,26.5293198362511],[-81.999815226836,26.5294798363385],[-81.9995152259935,26.5295058362655],[-81.9957522253027,26.529828836579],[-81.992764223944,26.5300848368211],[-81.9849282217594,26.53075683648],[-81.9799242204899,26.5311858366572],[-81.9772012203396,26.5314198372777],[-81.9732472192007,26.5317588372221],[-81.9728582183929,26.5317918371931],[-81.9677742170934,26.5322278376734],[-81.9670642171279,26.532288837286],[-81.966925217012,26.5323008378224],[-81.959103214649,26.532970838132],[-81.9583272142027,26.5330378381207],[-81.9569142142077,26.5331588383033],[-81.9561472135173,26.5335498385101],[-81.9500182117476,26.5366828389173],[-81.9454602105484,26.5390128399916],[-81.9434132099146,26.5400588397764],[-81.9394132096359,26.5435588408539],[-81.9387782089293,26.5444128416097],[-81.9381442088579,26.5452678417528],[-81.9380052084356,26.5454548417335],[-81.9374072085077,26.5462608415294],[-81.9355282080415,26.5487928422887],[-81.9353162084277,26.5490788425503],[-81.9319592074458,26.5491168426798],[-81.9289752065395,26.5491498422349],[-81.9278372058186,26.5491458425034],[-81.9258162053785,26.5491388423152],[-81.9134312017669,26.5493558431359],[-81.9131012019567,26.5493708431505]]]},"properties":{"OBJECTID":8,"District":3,"Commissioner":"David Mulicka","Population":152172,"DwellingUnits":114906,"Website":"https://www.leegov.com/bocc/district3","Email":"dist3@leegov.com","created_user":"LeeCountyFLGIS","created_date":1740078521566,"last_edited_user":"LeeCountyFLGIS","last_edited_date":1740078521566,"GlobalID":"e272e807-68bc-4ce7-9522-a9c4b91b03ee","Source_GlobalID":"ddbad104-8f4b-4054-88f4-85f6ec1c6e74","Shape__Area":7319250332.619019,"Shape__Length":471080.742703278}},{"type":"Feature","id":9,"geometry":{"type":"Polygon","coordinates":[[[-81.9808102223561,26.6685798712682],[-81.9809552247903,26.6685798709204],[-81.9810642250128,26.6685798710468],[-81.9810752244072,26.6685578708814],[-81.98112738634,26.6685265740547],[-81.9811732252022,26.6685188710805],[-81.9816102251545,26.6685208706931],[-81.982618224832,26.6685238705338],[-81.9905852280601,26.6686018702879],[-81.9905722273067,26.6691118711205],[-81.9905222279151,26.6714498718197],[-81.9904762278795,26.6732948718901],[-81.990395227455,26.6767508731671],[-81.9902902283358,26.6812338741714],[-81.9902712279114,26.6821408743698],[-81.9902682274955,26.6822498739146],[-81.9902352284516,26.6855258746439],[-81.9902152282622,26.6878078751079],[-81.9902072276214,26.688799875861],[-81.9902032277389,26.6892548755212],[-81.9902032284671,26.6893168754249],[-81.9902022283085,26.6893798762329],[-81.9902012284697,26.6894978755414],[-81.9901972279811,26.6899828763883],[-81.9901622277218,26.693448876891],[-81.9901332282139,26.6968598776659],[-81.9901322278341,26.6969708781636],[-81.9902542280683,26.6969718776343],[-81.9912672282576,26.6969758779439],[-81.9922162285361,26.6969758780825],[-81.9926732293257,26.6969718777497],[-81.9928532287742,26.6969708778279],[-81.9929742292927,26.6969698774785],[-81.9930002286734,26.6969708779302],[-81.9935462292336,26.6969848777023],[-81.9945142296126,26.6969928774439],[-81.9969232303656,26.6970048778139],[-81.9978752303855,26.6970098784532],[-82.0020562314358,26.6970268770429],[-82.002905231841,26.6970298777634],[-82.0064502328387,26.6970458776242],[-82.0064462329277,26.6971448775291],[-82.0064442329978,26.6971948775161],[-82.0064412328532,26.6978998774147],[-82.0064212328312,26.700344878529],[-82.0064312326816,26.7006298780735],[-82.0064482329874,26.7009348786801],[-82.0065022336307,26.7018758784676],[-82.0065092334754,26.7019908789139],[-82.0065302328304,26.7023488784343],[-82.00653023318,26.7024078789184],[-82.0065292330057,26.7025618788181],[-82.0106842343793,26.7025368788077],[-82.0125602350275,26.7025318783168],[-82.0155892363237,26.702510878922],[-82.0186172364093,26.7024888781427],[-82.0186202364431,26.7021878794321],[-82.0186452368249,26.6993648773516],[-82.0221802378627,26.6993388772491],[-82.0228002382884,26.6994068776493],[-82.0229132374232,26.6994028772301],[-82.0230332365402,26.699397877321],[-82.0231442379006,26.6993938779446],[-82.0274372394294,26.6994248771586],[-82.0281002398573,26.6993838773041],[-82.0290852396208,26.6985008772381],[-82.0295952401541,26.698012876732],[-82.0306992397289,26.6969578771465],[-82.0309842404914,26.6966858765032],[-82.0322472408284,26.6966118771069],[-82.0327812404212,26.6956508760181],[-82.0330302403027,26.6952598765806],[-82.0337132406782,26.694897876532],[-82.0350802409331,26.6942708758259],[-82.0360002416085,26.6941018755457],[-82.0366862415538,26.6941298761377],[-82.0377542417857,26.6942998762295],[-82.0385672418335,26.6944078756426],[-82.0392722429434,26.6944028761101],[-82.0393142425977,26.6944038762918],[-82.0393142425098,26.6945968772369],[-82.0393122422493,26.6959948767257],[-82.0393152428699,26.6969348767956],[-82.0393102426027,26.6974298767223],[-82.0393092428427,26.6981358767111],[-82.0392952423409,26.6998368773607],[-82.0392872427014,26.7029668783617],[-82.0392762425716,26.7046338782885],[-82.0392812431197,26.7051198788034],[-82.0392742430455,26.7055548790963],[-82.0392782431387,26.7059308785805],[-82.0392732429072,26.7064508786936],[-82.0392682425537,26.7070028791588],[-82.0392692425342,26.7078878790719],[-82.0392502431972,26.7117128798848],[-82.0392492432841,26.7119358799655],[-82.039241243084,26.713491880272],[-82.0392272429614,26.717180881987],[-82.0392162434871,26.7210228821244],[-82.0392052436476,26.7222518830085],[-82.0391882431038,26.7262218841747],[-82.0391882432111,26.7262808835496],[-82.0391872435199,26.726337883971],[-82.0391872430992,26.726415883694],[-82.039186242929,26.7264538837656],[-82.0391862438162,26.7264828838702],[-82.0391812430379,26.7272688837235],[-82.0391762436454,26.728249884553],[-82.0391722432575,26.7290868845667],[-82.0391692435624,26.729640884652],[-82.0391462435992,26.733562885638],[-82.0391422440057,26.7342798853766],[-82.0391082439008,26.740358886907],[-82.0390992441431,26.7410008870634],[-82.0390692435679,26.7419298877645],[-82.0389322442726,26.7455738885089],[-82.0388412435298,26.7479768888571],[-82.0388192433688,26.7485498893437],[-82.0388092438157,26.7488268896014],[-82.0387762435239,26.7497278900923],[-82.0387582442573,26.7501918897408],[-82.0387532435556,26.7503428897159],[-82.0386762440628,26.7523708900819],[-82.0385202442247,26.7565548910692],[-82.0385032440428,26.7577878912354],[-82.0385022441714,26.7578878913334],[-82.0384922438599,26.7586088922776],[-82.0384892442798,26.7587688920731],[-82.0384812438991,26.7594518918631],[-82.0384882439126,26.7597358919989],[-82.0384952440065,26.7598618923898],[-82.0384852444992,26.760391892299],[-82.0384842442436,26.7608668926873],[-82.0384722442788,26.7617148925797],[-82.0384572442546,26.76195789249],[-82.038459244287,26.7620718925669],[-82.0384612436879,26.7622078930777],[-82.0384552439162,26.7625238931611],[-82.0384552445321,26.7629288924946],[-82.0384432440174,26.7634448927682],[-82.0384202445808,26.7640268927625],[-82.0384082446212,26.7646768929356],[-82.0383812440424,26.7653788939332],[-82.0383782440703,26.7654578931972],[-82.0382482438396,26.767845894295],[-82.0382322447282,26.7681418938114],[-82.03821424449,26.7685728947248],[-82.0381752438658,26.770146894695],[-82.0381632446623,26.7703718951116],[-82.0368262435443,26.7703798946148],[-82.0218482398133,26.770292895134],[-82.0176602380173,26.7702768948896],[-82.0055052351187,26.7702298954029],[-81.9998262336866,26.7702158957899],[-81.9896762300018,26.7701898955917],[-81.9677802239125,26.7701338964602],[-81.9565742206305,26.7701028968062],[-81.9366822154216,26.7700648971882],[-81.935521214535,26.7700628970872],[-81.9350382142343,26.7700618966779],[-81.9349682143275,26.7700618970662],[-81.934945214425,26.7700608972815],[-81.9349232144547,26.7700608971092],[-81.9348872145032,26.7700608968198],[-81.9347952146268,26.7700608969414],[-81.9343092138461,26.7700598971799],[-81.93330121438,26.770057897381],[-81.9331262141207,26.7700578970444],[-81.9315422131114,26.770054896915],[-81.9315072136643,26.7700548971529],[-81.9314862131919,26.7700548969301],[-81.9314712137163,26.7700548968984],[-81.931422213689,26.770055896722],[-81.9313522131877,26.7700568971886],[-81.9313362138116,26.7700558975014],[-81.9312462135373,26.770054897131],[-81.931228213563,26.770054897423],[-81.9312062131916,26.7700538975166],[-81.931168213247,26.7700538971168],[-81.9311402132877,26.7700538970532],[-81.9311212138181,26.770053896846],[-81.9311012128415,26.7700538970519],[-81.9309702129298,26.7700548974456],[-81.9307592133385,26.7700538973464],[-81.9302702131542,26.7700528976121],[-81.9302412126946,26.7700528968786],[-81.9302112133496,26.770051897393],[-81.9301622129192,26.7700518976239],[-81.9301002130116,26.7700518968422],[-81.9300412125959,26.770051897514],[-81.9299992126581,26.7700518975339],[-81.9299752126938,26.7700518974107],[-81.9299632127119,26.7700518968963],[-81.9283922126632,26.7700468976497],[-81.9281942125933,26.7700458975917],[-81.9272882123692,26.7700468969184],[-81.9263302122206,26.7700478977291],[-81.9004042048896,26.7699898975634],[-81.8938912027947,26.7699758976],[-81.8933672021441,26.7699748977595],[-81.8931632027043,26.769974898458],[-81.8929582026983,26.7699738980483],[-81.8921432023215,26.7699718982694],[-81.8864542008083,26.7699578978373],[-81.8864101999364,26.769957897777],[-81.8824911996377,26.7699488979277],[-81.8793291981474,26.7699418984818],[-81.8790111982014,26.7699418981256],[-81.8792061980305,26.7698078986718],[-81.8789681980638,26.7695498980215],[-81.8786911984478,26.7692488980723],[-81.8783251978591,26.7687968980741],[-81.8780771977552,26.7684638982549],[-81.8778251980473,26.7680858982154],[-81.877601197362,26.7677228975056],[-81.8774281975651,26.7674148977497],[-81.8767921978989,26.7661788971235],[-81.875408196626,26.7634868971524],[-81.8745291970322,26.7617738963131],[-81.8742291967003,26.7612448967563],[-81.8741181968534,26.7610588963393],[-81.8739551968601,26.7607988966309],[-81.873765196577,26.7605068960458],[-81.8735091959753,26.7601368957372],[-81.8731571958767,26.7596708963033],[-81.8729741963823,26.7594348961164],[-81.8727961959288,26.7592148957164],[-81.8722911958987,26.7586378953715],[-81.8718971958911,26.7582228958628],[-81.8715741959077,26.7579058959695],[-81.8710791954269,26.757444895532],[-81.8703351951209,26.7567918952527],[-81.8700001956795,26.7564918953187],[-81.8688661945184,26.7555098946724],[-81.8687421946589,26.7553968949507],[-81.8639861932939,26.7512318937703],[-81.8632911927805,26.7506198939369],[-81.8630301933485,26.7503898943004],[-81.8622661932177,26.7497208941668],[-81.8587671919999,26.7466568932177],[-81.8584271913637,26.7463588933151],[-81.8560701912572,26.7442938929039],[-81.8537921901634,26.7422978917698],[-81.8530681898012,26.7416638922553],[-81.850610189449,26.7395098913946],[-81.8507121892459,26.7386658912491],[-81.8507971890289,26.737921891013],[-81.8508361894876,26.7374348908179],[-81.8508511893017,26.7369118910719],[-81.8509151893866,26.7333088901947],[-81.8509741885535,26.7302818889725],[-81.8509921892182,26.7299678888566],[-81.8510311894737,26.729617888633],[-81.8510861890314,26.729283889044],[-81.851124189438,26.7291108890424],[-81.8512431890738,26.7286618887195],[-81.8514681888029,26.7278908884916],[-81.851819189026,26.7266868879891],[-81.8521731890158,26.7254658884262],[-81.852295188928,26.7250488876337],[-81.8526901892369,26.7236868875695],[-81.8531401892262,26.7221348874473],[-81.853378188973,26.7213028865879],[-81.8534151898113,26.7211748867394],[-81.853812189678,26.7197898869073],[-81.8544201895546,26.7176798861907],[-81.8544811901373,26.7174608857107],[-81.8546321894721,26.7169248853823],[-81.8546961899748,26.7166578856178],[-81.8547631895843,26.7163058860228],[-81.8548121900484,26.715954885179],[-81.8548351901659,26.715723885436],[-81.8548491899867,26.7154928855023],[-81.8548551898485,26.7152608854353],[-81.8548521898948,26.7148058849704],[-81.8548061899372,26.7142878850859],[-81.8547561896555,26.7139248849456],[-81.8546961896804,26.7135388847506],[-81.8540751891358,26.7096608837093],[-81.8540141888209,26.7092778839843],[-81.85391518961,26.7086598836266],[-81.8537121894119,26.7073838837542],[-81.8533531886752,26.7051428833143],[-81.8533181889223,26.7049248830792],[-81.8531901891235,26.704136882894],[-81.8530541883416,26.7033068822344],[-81.8526341885456,26.7007038822989],[-81.852576188117,26.7003428815926],[-81.852517188085,26.7000638817515],[-81.8524891881561,26.6999788821049],[-81.8524561885553,26.6998948818368],[-81.8524161889538,26.6998138817078],[-81.8523441882574,26.6996968819519],[-81.8522571888872,26.6995818820304],[-81.8521411883561,26.6994588819997],[-81.8520311879387,26.6993548812917],[-81.8519631888528,26.6992958813188],[-81.8517861888102,26.699163881754],[-81.8517271878545,26.6991118816068],[-81.8513141886129,26.698713881194],[-81.8511481883399,26.6985528813519],[-81.8510721881181,26.6984838809064],[-81.8509131883515,26.6983068816267],[-81.850685187643,26.6979828808584],[-81.8506111880916,26.6978558810309],[-81.8505541881728,26.6977398808512],[-81.8505231883517,26.6976558813161],[-81.8504811875878,26.6975198810924],[-81.8504511874051,26.6973868810625],[-81.8504301882666,26.6972498812081],[-81.8504171879307,26.697029881415],[-81.8504161874652,26.6966178811715],[-81.8504251875339,26.6958518808181],[-81.8504351878061,26.6952278803124],[-81.8504691878744,26.6932598796934],[-81.8504981879195,26.6918298796229],[-81.8505131879837,26.69064087935],[-81.8505361880217,26.6892808790744],[-81.850442187413,26.689253879332],[-81.8499931878232,26.6892538787229],[-81.8484351874608,26.6892508787086],[-81.8482651871407,26.6892518795636],[-81.8473821863113,26.689256878722],[-81.8464001868125,26.6892588788669],[-81.8463951862322,26.6891798788307],[-81.8463681866926,26.6889618787842],[-81.8463651866757,26.688936879226],[-81.8463101863707,26.6883328790221],[-81.8462861861615,26.6881368791916],[-81.8461851860246,26.6871718789571],[-81.8461611861244,26.6870268790043],[-81.8448321854747,26.6853148784285],[-81.8445341859701,26.6849408785164],[-81.8404201850231,26.6891458796705],[-81.8383631846358,26.6878588789873],[-81.8382581842617,26.6877928785394],[-81.8349681825919,26.6858718788975],[-81.8303251816391,26.6831538778868],[-81.8297591812208,26.6827528776732],[-81.8267751801015,26.6809588772251],[-81.8262661808966,26.6805438774233],[-81.8243271795639,26.6817668774799],[-81.8240881802154,26.6818128782248],[-81.8237551797121,26.6821198775603],[-81.823340180119,26.6822978780077],[-81.8231321795046,26.682441878256],[-81.8219831790825,26.683005878222],[-81.8203401791982,26.6836818780298],[-81.819207178698,26.6839898786803],[-81.8179781777361,26.6842968789665],[-81.8167651774802,26.6846678782842],[-81.8151091772715,26.6851528784831],[-81.8100441760511,26.6893438798645],[-81.8096401762791,26.689735879987],[-81.8094041755278,26.6897688797802],[-81.8091151757652,26.6898088797304],[-81.8088251753415,26.6898498805199],[-81.8085911757324,26.6898828798483],[-81.8086061751568,26.6896028801699],[-81.8085721752129,26.6887318798943],[-81.8085531760041,26.6882508802417],[-81.8085131755588,26.6872238791179],[-81.8084351754612,26.6831708782439],[-81.8084041747683,26.6795598779016],[-81.8083971748942,26.678736877305],[-81.80839517562,26.678564877116],[-81.808731175698,26.6783758772482],[-81.8097341759045,26.6778118771621],[-81.8099621755219,26.6776818772667],[-81.8107961759997,26.67720887719],[-81.8112941758064,26.6769268772983],[-81.8116531764596,26.6767278768237],[-81.812532176499,26.676240876373],[-81.8133911761594,26.6757658765802],[-81.8151051773937,26.6748178760275],[-81.8146201770724,26.6741308763182],[-81.8141021762635,26.6733568761598],[-81.8132741761882,26.6721708757022],[-81.81293817643,26.6716868752584],[-81.8127131765236,26.6713508755594],[-81.8126571766724,26.671256875427],[-81.8126071759763,26.6711608758225],[-81.8125631760587,26.671061875781],[-81.812526175909,26.6709608757939],[-81.8124951758798,26.6708578754501],[-81.8124641763159,26.6706968755148],[-81.8124481763179,26.6705708752786],[-81.8124421762786,26.6704868749611],[-81.8124241757745,26.6698438752273],[-81.8124131762235,26.6693418748085],[-81.8123531758442,26.6670368747433],[-81.8123401761703,26.6664098743114],[-81.8123361759388,26.6662298742546],[-81.8123161761731,26.6657048744902],[-81.8123021763059,26.6651858740129],[-81.8123001763844,26.6651218740213],[-81.8122951761502,26.6648488740886],[-81.812290175853,26.6645648742613],[-81.8122881760733,26.6644688737811],[-81.8122671762253,26.6638468737397],[-81.8122321758243,26.6629798736801],[-81.8121911762706,26.6620688732501],[-81.8121761756564,26.6617008730087],[-81.812167175981,26.661166873246],[-81.8121511761405,26.6598968725022],[-81.8121581752963,26.6591578726226],[-81.8121651752598,26.6585428726121],[-81.8121611755427,26.6580848720879],[-81.812158175803,26.6578008719246],[-81.8121461755425,26.6569878720351],[-81.8121331757658,26.6561528718402],[-81.8121241757317,26.6552708716071],[-81.8121061753361,26.6543968716846],[-81.8120991753,26.6539898715518],[-81.8120891759536,26.6537128715085],[-81.8120601757993,26.6532338712867],[-81.8120431757115,26.6530338711955],[-81.8120071751067,26.6526158706385],[-81.8119611751156,26.652040870596],[-81.8119271750978,26.6509368701258],[-81.8118811750483,26.6494658699194],[-81.8118711754454,26.6491288697819],[-81.8118511757305,26.6483498698359],[-81.8118391755007,26.6479098693215],[-81.8118241752699,26.647331869955],[-81.8118131750561,26.6469228693825],[-81.8118051756804,26.6463548691107],[-81.8117851753871,26.6455938692867],[-81.811781175425,26.6454978695088],[-81.8117441747131,26.6446068690165],[-81.8117441748939,26.644582869039],[-81.8117411750019,26.6444068691391],[-81.8117381748213,26.6441538689255],[-81.8117321754365,26.6437048691039],[-81.8117261755261,26.6431318681406],[-81.8117231754724,26.6428518685773],[-81.8117071753285,26.6418638684563],[-81.8116951750177,26.6411838676458],[-81.8116891753919,26.6408778684064],[-81.8116861745615,26.6406798676694],[-81.8116861751075,26.6404008675452],[-81.8116821755445,26.6402998682241],[-81.8116791747651,26.640033867792],[-81.8116751745325,26.6397648676065],[-81.8116601753598,26.6394468672196],[-81.8116551753723,26.6391248671254],[-81.811655174903,26.6387748670229],[-81.811654175016,26.6382748669414],[-81.811647174808,26.6379458672287],[-81.8116451752685,26.637910867363],[-81.8116421754367,26.6378378669238],[-81.8116401752169,26.6377628676573],[-81.8115731744573,26.6346098667941],[-81.8115701752153,26.6345108661579],[-81.8115601752297,26.634164866422],[-81.8115631746875,26.6340598660526],[-81.8115531749659,26.6336598658113],[-81.81151117487,26.6318708656427],[-81.8115091744197,26.6317838653991],[-81.8114901742983,26.6309628652604],[-81.8114491746688,26.6292408654353],[-81.8114371744625,26.6287488651572],[-81.8114311749074,26.6282458647369],[-81.8114431742205,26.62798386509],[-81.8115611746753,26.6261158645666],[-81.8115701748726,26.6256608640603],[-81.8115611743154,26.6245018639584],[-81.8115411744365,26.6229068632326],[-81.8115071741693,26.6200688626281],[-81.8114941740545,26.6192328625127],[-81.811457174726,26.6178318622459],[-81.811425174191,26.6168108619374],[-81.8114481741613,26.616685861886],[-81.811389174031,26.6128388609163],[-81.8146761751794,26.612757860882],[-81.8151181748996,26.6127338608134],[-81.815502175325,26.6126958607001],[-81.8157981757437,26.6126518607186],[-81.8162121754323,26.6125768612013],[-81.8165951759408,26.6124928604312],[-81.8169641761463,26.612396860431],[-81.8174511761249,26.6122448611554],[-81.817803176064,26.6121188609637],[-81.818063176398,26.6120128603145],[-81.8184211761738,26.6118528608581],[-81.8187881764404,26.6116728604441],[-81.8190901760367,26.611504860441],[-81.8193691763633,26.6113398606201],[-81.8195821764785,26.6112028600338],[-81.8198821769908,26.6109928605885],[-81.8201971768222,26.6107528599243],[-81.8204381764101,26.610553860512],[-81.8212951769384,26.6098188600943],[-81.8215351767407,26.6100538604401],[-81.8217921767335,26.6102918602436],[-81.8219791767349,26.6104418598095],[-81.8221751771644,26.6105808604762],[-81.8223811771108,26.6107088598437],[-81.8225811770316,26.610817859852],[-81.8227801772413,26.6109118607535],[-81.8229841772159,26.6109948604048],[-81.8232331771423,26.6110788606911],[-81.8233171776355,26.6111018603318],[-81.8234551780033,26.6111388603445],[-81.8236801777666,26.61118686061],[-81.8239901782158,26.6112318607429],[-81.82428017757,26.6112538607559],[-81.8245251776102,26.6112588602091],[-81.8246561780435,26.6112528605512],[-81.8247531775238,26.6112448602641],[-81.8248901782164,26.6112338601623],[-81.8251621780292,26.6111948602659],[-81.8254161777168,26.6111438602804],[-81.8256301786069,26.6110888601578],[-81.8258131787421,26.6110318604211],[-81.8259261785564,26.6109908600484],[-81.82613017845,26.6109068599752],[-81.8263601785911,26.6107978604648],[-81.826604178922,26.610660860068],[-81.8284251790192,26.6095428598316],[-81.8319201795116,26.6074008590219],[-81.8332051799857,26.6066138590272],[-81.8338991805718,26.6061938589034],[-81.8341471804114,26.6060548589506],[-81.8343341805059,26.6059568585611],[-81.8347461803882,26.6057608587435],[-81.8350771803917,26.6056208586518],[-81.8354311811681,26.6054878587712],[-81.8357461811443,26.6053818584995],[-81.8359701806056,26.6053138586344],[-81.8363201814644,26.6052208587549],[-81.8366701813727,26.6051408581561],[-81.8371291813781,26.6050568583969],[-81.8375211818924,26.6050038580986],[-81.8377871820281,26.6049758586965],[-81.8381231818185,26.6049518584222],[-81.838556181958,26.6049368580286],[-81.8394901816957,26.6049208580128],[-81.8396471822883,26.6049188588205],[-81.841235182565,26.6048868584236],[-81.8413871821491,26.6048838579702],[-81.844674183714,26.6048148582173],[-81.8446691835432,26.6046898579889],[-81.844811183532,26.6046858582269],[-81.8448241836625,26.6048128583093],[-81.8465121837481,26.6047768580506],[-81.8469791839569,26.604756858354],[-81.8484531847138,26.6046788577599],[-81.8490811847284,26.604662858556],[-81.8505071854646,26.6046378577668],[-81.8505041856245,26.6045348579952],[-81.8506401855939,26.6045318579285],[-81.8506421851994,26.6046358585342],[-81.8520091857731,26.604610858389],[-81.8526651855645,26.6045988583627],[-81.852914185898,26.6045938582642],[-81.8541821865887,26.6045728579764],[-81.8549181867637,26.6045608582002],[-81.8553441862699,26.6045528579169],[-81.8555381866189,26.604549857952],[-81.8556061869328,26.6045488582784],[-81.8556041871119,26.604431857573],[-81.8556441867082,26.6044308583533],[-81.8556991869388,26.6044308581665],[-81.8559021863525,26.6044288578838],[-81.8559051872843,26.6045428575504],[-81.8582971874543,26.604501857657],[-81.8597511884242,26.6045038574891],[-81.8603191881967,26.6045038582634],[-81.8617661888108,26.6044808574874],[-81.8637851893508,26.6044488573231],[-81.8657971892958,26.6044178580987],[-81.868228190262,26.6043838576916],[-81.8718371916076,26.604332857376],[-81.8718361912824,26.6042988573081],[-81.8719621915882,26.6042988578902],[-81.8719631918424,26.6043338571364],[-81.8719741910863,26.6047148575288],[-81.8719831914625,26.6054808577169],[-81.8719921915853,26.6062408582361],[-81.8720051911755,26.6070188583192],[-81.8720211915218,26.6079598580032],[-81.8720351916359,26.608847858688],[-81.872049192071,26.6097438590063],[-81.8720611912188,26.6106328586514],[-81.872077191277,26.6115378594622],[-81.8720791921286,26.6116618595308],[-81.8720871916015,26.6121018597792],[-81.8720901920915,26.6122768594306],[-81.8720961918734,26.612628859783],[-81.8721181920013,26.6139258602312],[-81.8721341922029,26.6148368601982],[-81.8721411922185,26.6152088602173],[-81.8721581913851,26.6161338602314],[-81.8721661914276,26.6165828609208],[-81.8721751917625,26.6170498603084],[-81.8721911923429,26.617973860909],[-81.8722061916723,26.6188818610199],[-81.8722211921754,26.6198088616234],[-81.8722301922909,26.6203658616294],[-81.8722361920945,26.620705861528],[-81.872253192028,26.6216178615958],[-81.8722671918896,26.6224798621152],[-81.8722961920706,26.62428186267],[-81.8723071919359,26.6249358627371],[-81.8723131926628,26.6252428625247],[-81.8723431917307,26.6261378633091],[-81.8723461925308,26.6262408632699],[-81.8723661925905,26.6268148631423],[-81.8723791921365,26.6271048632792],[-81.8724191923031,26.6279948633711],[-81.872458192311,26.6288798638591],[-81.8724971920419,26.6297538642709],[-81.8725641922948,26.6312978642703],[-81.8725731928744,26.6315758642047],[-81.8726151922372,26.6328718645449],[-81.8726231925973,26.6333528648397],[-81.8726231922855,26.6334038642854],[-81.8726411929815,26.6343258652663],[-81.8726431927038,26.6344788653731],[-81.8735381931716,26.6344318652255],[-81.8740651929688,26.6344358647377],[-81.8743461933096,26.6344508653401],[-81.875242193471,26.6344498652342],[-81.8753441935225,26.6344438648552],[-81.8760171931198,26.6344338648047],[-81.8766241938336,26.6344198644918],[-81.8766321937771,26.6346158649709],[-81.8768691934513,26.6347248649032],[-81.8771671939823,26.634899865394],[-81.8776691941428,26.6352158649745],[-81.8779351941526,26.6353998649972],[-81.8781751937308,26.6355788653291],[-81.8784331943961,26.6357878649135],[-81.8790631944384,26.6352188651692],[-81.8792281949364,26.6350548654091],[-81.8794091941316,26.6348908645783],[-81.8795101943141,26.6347888646504],[-81.8798191950485,26.6344268651479],[-81.8804051943123,26.6337398643976],[-81.8804701944197,26.6336638643935],[-81.8806801950888,26.6334008641313],[-81.8808581948063,26.6331418641314],[-81.8810021952251,26.6329178643547],[-81.8811901950625,26.6326068646224],[-81.8812451953384,26.6325188639857],[-81.8817171954834,26.6317558638429],[-81.8818811953291,26.6314918639951],[-81.8819791948163,26.6313308641768],[-81.8822781952245,26.630840864273],[-81.8823871950883,26.6306628638074],[-81.8825061955225,26.6304818640591],[-81.882795195545,26.6299998634874],[-81.8828071952606,26.6299778635286],[-81.8828221948905,26.6299508638433],[-81.8828471956441,26.6299678632049],[-81.8831931950336,26.6301048633595],[-81.8835201959333,26.6302358637937],[-81.8843431960016,26.6305638633894],[-81.8850661957393,26.6308518636711],[-81.9008282010238,26.6309328638279],[-81.9016972004668,26.6314128639606],[-81.9013762006011,26.6275658622106],[-81.9019042004728,26.6263348627406],[-81.9020862009101,26.6236618616104],[-81.9026172011789,26.6223048616077],[-81.9028412008594,26.621176860574],[-81.9035212014172,26.6177538601282],[-81.904264201194,26.6140128596209],[-81.9046832008189,26.6119068589899],[-81.9046062009856,26.611093858587],[-81.9043522004872,26.6072788575755],[-81.904325201096,26.6068698573483],[-81.9043142012782,26.6067068573447],[-81.9041372012024,26.6040338569597],[-81.9040912005015,26.6033488561443],[-81.9040812007704,26.6032058565624],[-81.9042902005335,26.6033488565167],[-81.9050562014915,26.6038848568552],[-81.9070862016955,26.6052838567961],[-81.907917201459,26.605865857155],[-81.908747202383,26.6064328570762],[-81.9092372026781,26.606780856909],[-81.9094572027079,26.6069308577214],[-81.9096842027118,26.6070708573004],[-81.9100542028606,26.6072768576084],[-81.910332202748,26.6074128573571],[-81.910491202212,26.6074788572583],[-81.9105482023129,26.6075018570745],[-81.9108782029203,26.6076248575784],[-81.9111402027551,26.6077068575438],[-81.9112452032719,26.6077338575859],[-81.9115212032949,26.6078048574576],[-81.911898202668,26.6078798574042],[-81.9121302033875,26.6079128573247],[-81.9121872029564,26.6079188577977],[-81.9123652035812,26.6079378571557],[-81.9127022034003,26.6079558572535],[-81.9130312031456,26.6079598577377],[-81.9148182043933,26.6079198575906],[-81.9275962080535,26.6076388571409],[-81.9284492077745,26.6076328566221],[-81.9287862075404,26.6076358571165],[-81.9291052079031,26.6076418571203],[-81.9291892076787,26.6076428566008],[-81.9292732084595,26.6076438569348],[-81.9294002081873,26.6076478571414],[-81.9297652087112,26.6076488573073],[-81.9302252080419,26.607640857275],[-81.930668208823,26.6076328574041],[-81.9308852084974,26.6076318572692],[-81.9310002086072,26.6076318571114],[-81.9312172091166,26.6077318566589],[-81.9320062091649,26.6077318567189],[-81.9324632088341,26.6077248571282],[-81.9328032095718,26.6077118572439],[-81.933235209155,26.6076888573945],[-81.9335582093167,26.6075748565634],[-81.9341522098089,26.6075528573441],[-81.9347892099161,26.6075448566506],[-81.9356882102522,26.6075108567783],[-81.936336209845,26.6074958571638],[-81.936736210663,26.6074938566611],[-81.9371542100247,26.6074918566652],[-81.9411432116467,26.6073988568405],[-81.9411362110836,26.607496856609],[-81.9412912120761,26.6074938563039],[-81.9412772118667,26.6077848564593],[-81.9412532118247,26.608114856588],[-81.9412402121176,26.608396857289],[-81.9412322115658,26.6089308573023],[-81.9411952113925,26.6105948577145],[-81.9410952114872,26.6138748580082],[-81.9410652119431,26.6151368590189],[-81.9410602113584,26.6153558585155],[-81.9410442115299,26.6157148585105],[-81.9408912117699,26.6209278602999],[-81.9408662115618,26.621786860378],[-81.940859212112,26.6221868607438],[-81.9408532118131,26.6225478601749],[-81.9408502121442,26.6240638604816],[-81.9408592120514,26.6247978607029],[-81.9408672117102,26.626544861868],[-81.9408652121759,26.6275088620374],[-81.9408692125887,26.6284018616346],[-81.940871211906,26.6289408619681],[-81.940871212476,26.6290958625427],[-81.940872212179,26.62922186213],[-81.9409072118294,26.629219862075],[-81.9415132120929,26.6292088616614],[-81.94980521517,26.6292578618052],[-81.9500442151956,26.6293128618641],[-81.9501782148315,26.6293738622635],[-81.9503132150505,26.6294948622366],[-81.950393214498,26.6296268618332],[-81.9503802151493,26.6299238619249],[-81.9503312145404,26.6300558625188],[-81.9503442146038,26.6303918621228],[-81.9508062146153,26.6308088625734],[-81.9532822161781,26.6330458625975],[-81.9533822161678,26.6329588623658],[-81.9534252163321,26.6329218627008],[-81.9534732156294,26.6328758630446],[-81.953656215684,26.6327018630159],[-81.9538032164328,26.632569862501],[-81.9538502161286,26.6326138622826],[-81.9540042158457,26.6324688628012],[-81.9545072162718,26.6320178625554],[-81.9558352161499,26.6308208622911],[-81.9562362166261,26.6304608620127],[-81.9562902164189,26.6304018622024],[-81.9563382169639,26.6303388620173],[-81.9563792169759,26.6302718620588],[-81.9564512162129,26.6301108623145],[-81.9564792162152,26.6300178616948],[-81.9564992166773,26.6299228620735],[-81.9565082167738,26.6298258616337],[-81.9567512167977,26.6298128615877],[-81.9583922167707,26.6298158621348],[-81.9589632168711,26.6298158619483],[-81.9595402179203,26.6298008617898],[-81.9596612172765,26.6297938622058],[-81.959762217321,26.6297888615344],[-81.9597942179859,26.6297868613989],[-81.9599412173302,26.6297748622084],[-81.9604602182428,26.629749861935],[-81.9608672178443,26.6297418619386],[-81.961792218296,26.6297428616839],[-81.9627052184104,26.6297438621961],[-81.9636232185766,26.6297428615779],[-81.9645432189854,26.629742861931],[-81.9656852196243,26.6297458615644],[-81.9658742197376,26.6297518614814],[-81.9660152193698,26.6297648619767],[-81.9661582191957,26.6297928612929],[-81.966231219508,26.6298138613587],[-81.9663022198255,26.6298398613106],[-81.9663762193915,26.6298748617491],[-81.9664572197768,26.6299208619668],[-81.9665352192173,26.62997086175],[-81.9666102197257,26.6300248620067],[-81.9667442201136,26.6301408620036],[-81.9670452193944,26.6304138616889],[-81.9673342199137,26.6306788618503],[-81.9688032206815,26.6319998622735],[-81.9689892208221,26.6321618625297],[-81.9691002207108,26.632245862653],[-81.9692242202897,26.6323238623196],[-81.9693602207993,26.6323938620247],[-81.9695222209461,26.6324578621853],[-81.9696082204466,26.6324828627106],[-81.9696992208206,26.6325028620483],[-81.9698002205714,26.6325178621531],[-81.9699012209163,26.632526862614],[-81.9700932207199,26.6325328620732],[-81.9706942209233,26.6325348618806],[-81.9715152207922,26.6325378619405],[-81.9731532211275,26.6325538623207],[-81.9733282219803,26.6325598623263],[-81.9741372216785,26.6325618620696],[-81.9741472219475,26.6333908626781],[-81.9741652217674,26.635644863256],[-81.9741802219364,26.6375828630584],[-81.9741792217448,26.6378948638827],[-81.9741822222408,26.6387238634988],[-81.9741762218156,26.6394888636004],[-81.9741922217225,26.6403778637569],[-81.9742002225264,26.6407988646675],[-81.9741992218843,26.6408268639624],[-81.9741972224337,26.6409238639448],[-81.9741952218696,26.6410168645162],[-81.9741862226031,26.6414228647452],[-81.9741762218061,26.6422668645613],[-81.9741752221185,26.6423128643482],[-81.9741732221579,26.6438988653438],[-81.974169222306,26.6447258655411],[-81.9741612220096,26.6482648656475],[-81.974161222409,26.6482898657663],[-81.9741532224849,26.6508298670739],[-81.9741532218723,26.6509708670417],[-81.9741592221751,26.6511068668122],[-81.9741552223104,26.6517938672005],[-81.9741592229038,26.652062866829],[-81.9741462221683,26.652292866695],[-81.9741502223028,26.652398867396],[-81.9741512224844,26.6526588675742],[-81.9741522222098,26.6528138669509],[-81.974165222152,26.6531498669692],[-81.974187222573,26.6534678672331],[-81.9742162227685,26.6537758670849],[-81.9742602229875,26.6541308677975],[-81.9743772227675,26.6549078677198],[-81.9744232228192,26.655312867972],[-81.9744532227597,26.6556878675471],[-81.9744712225753,26.656063867725],[-81.9744742229124,26.6568188677347],[-81.9744662231518,26.6577968681136],[-81.9744772223806,26.6585398684698],[-81.9744742222232,26.6591068683035],[-81.9744752224944,26.6596318692558],[-81.9744782230607,26.6624138695037],[-81.9744792226633,26.6628968697735],[-81.9744792231851,26.6629938698177],[-81.9744782228714,26.6630378693226],[-81.9744772223957,26.663163869551],[-81.9744722224108,26.66359786954],[-81.9744622223814,26.6643798702354],[-81.9742912230452,26.6660388701556],[-81.9742822230014,26.6661808700728],[-81.9742562233373,26.6666068708877],[-81.974243222564,26.666928870812],[-81.9742382229612,26.6670388708608],[-81.974240223104,26.6672538709517],[-81.9742332226437,26.6678898708685],[-81.9742362228257,26.6681208713992],[-81.9742502227303,26.6683028711861],[-81.9742532231902,26.6683448712331],[-81.9742552228402,26.6684548707234],[-81.9742562232428,26.6685408709602],[-81.9742532228053,26.6685658713666],[-81.9743532231308,26.6685628711774],[-81.9744222233388,26.6685598707565],[-81.9752002233526,26.6685488706667],[-81.9765232233225,26.6685368706871],[-81.9803352249408,26.6685358707565],[-81.9808112243095,26.6685358708495],[-81.9808102223561,26.6685798712682]]]},"properties":{"OBJECTID":9,"District":4,"Commissioner":"Brian Hamman","Population":152123,"DwellingUnits":74744,"Website":"https://www.leegov.com/bocc/district4","Email":"dist4@leegov.com","created_user":"LeeCountyFLGIS","created_date":1740078521566,"last_edited_user":"LeeCountyFLGIS","last_edited_date":1740078521566,"GlobalID":"8d2e9cb3-3309-4b5b-a9d8-d65589132301","Source_GlobalID":"91ed826c-1824-4124-9720-2a0cc0805ef1","Shape__Area":3110719545.3461914,"Shape__Length":295413.1564244378}},{"type":"Feature","id":10,"geometry":{"type":"Polygon","coordinates":[[[-81.5657511076247,26.7696059056225],[-81.5657581072266,26.7693179057334],[-81.5658471069125,26.7651719041862],[-81.5659291069154,26.7613699037152],[-81.5660641075534,26.7551119023484],[-81.5661471072318,26.7477529005653],[-81.5661491073287,26.7475589004998],[-81.5661911064002,26.7438748988244],[-81.5662331068386,26.7401768981666],[-81.5662581064698,26.7379888978545],[-81.5662781070605,26.7363408972796],[-81.5663191063458,26.7327668964261],[-81.5663621066904,26.7290178958961],[-81.5663811064051,26.7273708947083],[-81.5664041068334,26.7254238942832],[-81.5664281061691,26.7217978938059],[-81.5664451059207,26.7192298931156],[-81.566453105778,26.718043892636],[-81.5664811060891,26.7150298917758],[-81.5665051062735,26.7144688916403],[-81.566530105882,26.7139238917064],[-81.5665611056145,26.7133808911965],[-81.5665731056175,26.7129768911132],[-81.5665221059876,26.7096538909269],[-81.5665181057686,26.7095488904825],[-81.5665161057137,26.7093588908879],[-81.5664581061035,26.7057638896826],[-81.566398105478,26.7020648886694],[-81.5663921053752,26.6983448880126],[-81.566388105553,26.6959508871568],[-81.566386105078,26.6947888869373],[-81.5662701054997,26.6903198862231],[-81.5662691049685,26.6879288857036],[-81.5662671049816,26.6877938849105],[-81.5662621047853,26.6873888855693],[-81.5662611047998,26.6872548851668],[-81.5662371047274,26.6852338850382],[-81.566222104883,26.6839478844323],[-81.5661671047377,26.6791708828387],[-81.566144104528,26.6771498825882],[-81.5661331049813,26.6762748823207],[-81.566103104662,26.6736498819132],[-81.5660931049944,26.6727748815657],[-81.5660441043888,26.6685598804579],[-81.5659581043485,26.6611478789934],[-81.5658981045732,26.6559148771043],[-81.5658531039378,26.6519868763788],[-81.5658501046182,26.651700876451],[-81.5658481042072,26.6515278763341],[-81.5658421039914,26.6510088759614],[-81.5658411040351,26.6508358761756],[-81.5658331039752,26.6501418763881],[-81.5658091039993,26.6480598757221],[-81.5658011043114,26.6473668748252],[-81.5657931041483,26.6467058748761],[-81.5657701040248,26.6447218749518],[-81.5657631036159,26.6440618742632],[-81.5657441041428,26.6425718742271],[-81.5656871039131,26.6381018731648],[-81.5656691035576,26.6366118722385],[-81.5656621031654,26.6358608724346],[-81.565658103832,26.6355578722789],[-81.5656581032607,26.6355298723602],[-81.5656411035713,26.6336098717784],[-81.565634103484,26.632859871724],[-81.5656251038423,26.6321268710509],[-81.5656001036951,26.6299278710781],[-81.5655921034707,26.6291948704511],[-81.5655811034348,26.6288958705444],[-81.5655841037068,26.6284168705491],[-81.5655821035106,26.6282478701231],[-81.5655461028622,26.6253528701337],[-81.5655101033967,26.6236558689248],[-81.5654621032573,26.6206298690441],[-81.5653461026305,26.6146048674826],[-81.5653581027576,26.6145688675233],[-81.5653571027785,26.6145098669861],[-81.5653311026155,26.6145108670523],[-81.5653301033283,26.6144888670952],[-81.565329102953,26.6144238670722],[-81.5653291030267,26.6144028675246],[-81.5653211027535,26.6137408671909],[-81.5652971026076,26.6117568668589],[-81.5652901028076,26.6110958666955],[-81.5652811026392,26.610382866007],[-81.5652561030202,26.6082458652481],[-81.5652481023152,26.607533865591],[-81.5652471022955,26.6074488651009],[-81.5652441024682,26.607194865496],[-81.5652431026861,26.6071108650682],[-81.5652351030217,26.6064328648226],[-81.5651891029805,26.6044018643807],[-81.5651741025498,26.6037248642199],[-81.5651611029769,26.603165864357],[-81.565123102718,26.6014928642114],[-81.5651121026787,26.6010028640266],[-81.5651111027272,26.6009348636842],[-81.5651091024555,26.6006138633616],[-81.5651071021894,26.6004208633978],[-81.565106102723,26.6003378638608],[-81.565105102696,26.6002908640034],[-81.564980102176,26.5921478611355],[-81.5648911019869,26.5863548600488],[-81.564791102061,26.5800368583933],[-81.5646571019499,26.5716248565988],[-81.5646471010879,26.5703648564183],[-81.5645961009822,26.5642128543189],[-81.5645941017285,26.5639408549624],[-81.5645361010863,26.5570468526496],[-81.564443101087,26.5528238518389],[-81.5643401012407,26.5481888508465],[-81.5642551008202,26.5443798494293],[-81.5642131010332,26.5424808489984],[-81.5640871001112,26.5354768474076],[-81.5639511000708,26.5279128460007],[-81.5638350995455,26.5186018435365],[-81.5638301000636,26.5184738435769],[-81.5638230998582,26.5183068434918],[-81.5638230997907,26.5182638428569],[-81.5637673223446,26.5134415892041],[-81.5640570995694,26.5134398421213],[-81.5647230999398,26.5134338417055],[-81.5734841019863,26.5133838418108],[-81.5744451031095,26.5133788419328],[-81.5796381038981,26.513344841473],[-81.5796691038604,26.5133448416507],[-81.5798601042718,26.5212218434274],[-81.5799381047938,26.5213778435287],[-81.5799471050269,26.5224458437536],[-81.5798491043505,26.5225458436464],[-81.5800041050449,26.5225848437989],[-81.5801211046654,26.5226148440365],[-81.5880461069106,26.5246288441404],[-81.602866110884,26.5283978450209],[-81.6048531117158,26.5289028447649],[-81.6052481122845,26.5289998452755],[-81.6117191138265,26.5306438448537],[-81.615275115347,26.5315478452326],[-81.6159281150312,26.5317098457847],[-81.6161281155615,26.5317608450469],[-81.616508115696,26.5318598455677],[-81.6187211157463,26.5324168457884],[-81.6204711171047,26.5328678452705],[-81.6213721170198,26.5330938460455],[-81.6270641188857,26.5345408454661],[-81.6284031186204,26.5348788457073],[-81.6286871187867,26.5349588455561],[-81.6291221191422,26.535096846112],[-81.6295011189697,26.53523684622],[-81.6296821194113,26.5353118458864],[-81.6300101196267,26.535456846165],[-81.6302321198698,26.5355648458603],[-81.630564119331,26.5357358464975],[-81.6309871201984,26.535986846443],[-81.6312861194475,26.5361818458608],[-81.6315461194318,26.5363678460494],[-81.6319281198272,26.5366688459657],[-81.6322481197602,26.5369508458965],[-81.6325271207256,26.537217846553],[-81.6327711202761,26.5374748468742],[-81.6329481199124,26.537675846722],[-81.6330641208855,26.5378148468691],[-81.633176120732,26.5379568467956],[-81.633388120033,26.5382438464533],[-81.6335321201549,26.5384568465158],[-81.6337721204549,26.5388488465457],[-81.6339021208401,26.5390828471459],[-81.6343301212606,26.5399068471256],[-81.6354001209371,26.5419818478534],[-81.637918121811,26.5412438469639],[-81.6383961216364,26.5412048476264],[-81.6391551218738,26.5409468474956],[-81.6453041240835,26.5409268467446],[-81.6525681260744,26.5409508464458],[-81.6537061265428,26.5409408471469],[-81.6558771266233,26.5409218468535],[-81.6569681272791,26.5409128471314],[-81.6612211283044,26.5409028470024],[-81.6613121290466,26.5436828470857],[-81.661391128704,26.5468418481527],[-81.6613541290025,26.5479978480427],[-81.6614701285067,26.5482178488761],[-81.6616351290682,26.5488068485193],[-81.6616591291493,26.5513108492686],[-81.6616531287793,26.5518168493624],[-81.6616561286386,26.5534898493765],[-81.6616561288326,26.5535588494671],[-81.66165812919,26.554743850284],[-81.6616441296628,26.5548658502261],[-81.6615971296261,26.5549618500661],[-81.6616231293247,26.5568018504147],[-81.6616261289156,26.5570118507267],[-81.6616561296937,26.559131851489],[-81.6618081298295,26.5591988511684],[-81.6631161293708,26.5597698509826],[-81.6652731303549,26.5607058518696],[-81.6655931308165,26.5608478517787],[-81.669639131331,26.5626048516887],[-81.673796133233,26.564409852505],[-81.6748081336791,26.5648538525173],[-81.6768921334816,26.5657588520487],[-81.6773211337844,26.56594485251],[-81.6783411346853,26.5663868526991],[-81.679489134874,26.5668838527632],[-81.6804381345011,26.5672958527752],[-81.6817921351555,26.5678818529209],[-81.6821021351082,26.5680178526438],[-81.6828451356872,26.5683428528576],[-81.6841781358848,26.56891985334],[-81.6919141385302,26.5722788537006],[-81.69246713858,26.5725148533392],[-81.694043139083,26.5732048537953],[-81.6942881392437,26.573307853634],[-81.695362139342,26.5737778540622],[-81.6968921395968,26.5744428545104],[-81.6973301396975,26.5746338541743],[-81.6976191397533,26.5747548538571],[-81.6987201405012,26.5752348546584],[-81.7079161429999,26.5792278548641],[-81.7080961434519,26.5792978548567],[-81.70816614292,26.5793378552473],[-81.7085061437802,26.5794858546894],[-81.709237144089,26.5797718552012],[-81.7102001444214,26.5801858550753],[-81.7120151444293,26.581005855795],[-81.7123841450494,26.5811698553613],[-81.7125771444702,26.5812498550849],[-81.7128831444073,26.5813838556091],[-81.7137521446983,26.5817078551212],[-81.7139591453277,26.5818018551454],[-81.717070145778,26.5832068562776],[-81.723225148234,26.5858738566852],[-81.7242851484489,26.5863358563711],[-81.7256231491088,26.5869168564719],[-81.7262431486377,26.5871898564288],[-81.7274921489378,26.5877268566589],[-81.7279781490157,26.5879408568901],[-81.7299181498156,26.5887788566331],[-81.7306431503588,26.589096856925],[-81.7311001502088,26.5892928570355],[-81.7314981502172,26.5894698566648],[-81.734161151095,26.5906238574774],[-81.7350161510702,26.5910058576067],[-81.7354021515655,26.5911938573717],[-81.7357201520774,26.5913548577352],[-81.7361401518681,26.5915818575913],[-81.7365541519999,26.591821857864],[-81.7369301521875,26.5920498579886],[-81.7373111519517,26.5922948577528],[-81.7376981521741,26.5925578581359],[-81.738459152927,26.5931238575697],[-81.7391331528153,26.5936808580084],[-81.739483152801,26.5939688580958],[-81.7395521525406,26.5940268580164],[-81.7396091533165,26.5940748577379],[-81.7402141531058,26.5946008579767],[-81.7408481534219,26.5951688584679],[-81.7449011547116,26.5986938594182],[-81.745023154111,26.5988008588946],[-81.745339155068,26.5990738591877],[-81.7498981559183,26.6030278599779],[-81.7504311561322,26.6034908603159],[-81.7545371570986,26.6070518612241],[-81.7559311580575,26.6082608609938],[-81.7566541578408,26.6088938608773],[-81.7574011583131,26.6095428613139],[-81.7584771584882,26.6104778618478],[-81.7587821587524,26.6107418615572],[-81.7590691587781,26.6109898613974],[-81.7590891585462,26.6110068613646],[-81.7593551589212,26.6112378616733],[-81.7610101595936,26.6126718619591],[-81.7614371601392,26.6130418622516],[-81.7615041600257,26.6130998625819],[-81.7626491599627,26.6140908629138],[-81.7635881606505,26.6149038628864],[-81.7639171606237,26.6151948627965],[-81.7642901605696,26.6155178623737],[-81.7659721616198,26.616974862919],[-81.7661121616217,26.617088863554],[-81.7663781614863,26.6173848628606],[-81.767236161284,26.6181218631869],[-81.7677831616676,26.6186218637007],[-81.7679351621153,26.6187828631387],[-81.7683361618763,26.6191228638224],[-81.7687781615459,26.6194858640691],[-81.7690741624989,26.619677863933],[-81.7699531627065,26.6204278639254],[-81.7700541619453,26.6205078636061],[-81.7708831622542,26.6212238637735],[-81.77164616323,26.6218968645261],[-81.7751291642775,26.6249168652891],[-81.7755741640241,26.6252948646539],[-81.775833164224,26.6255018653837],[-81.7758501640846,26.6255158652509],[-81.776374164488,26.6259078648757],[-81.7763961639323,26.6259258647162],[-81.7765971642638,26.6260608649045],[-81.7771741644534,26.626433864845],[-81.7776341646243,26.6267038649636],[-81.7779311651255,26.6268698649168],[-81.7781251653611,26.6269688655442],[-81.7786421655446,26.627228865705],[-81.7788461652083,26.6273238652648],[-81.7793281655163,26.627536865439],[-81.7797151659023,26.6276928651245],[-81.7801071656885,26.6278388653173],[-81.7805001654614,26.6279718658962],[-81.7835561665791,26.6289458659299],[-81.786236167114,26.6298028660093],[-81.7869431674862,26.6300248658767],[-81.7872331676652,26.6301178656392],[-81.7894361684376,26.6308208656978],[-81.7906541689905,26.6312098661913],[-81.792237168715,26.6316958665201],[-81.7923931694355,26.6317458661255],[-81.7930881689471,26.6319668666374],[-81.7940661694734,26.6322958658625],[-81.7945331703541,26.6324448665624],[-81.7949441700372,26.6325688661532],[-81.7956541700922,26.6327028665051],[-81.796080170233,26.6327828666117],[-81.7964361703378,26.632856865906],[-81.7967591704001,26.6329288666469],[-81.7969271705004,26.6329708660966],[-81.797259170303,26.633060866372],[-81.7975721703112,26.6331528660597],[-81.7982331713722,26.6333638663275],[-81.7983181713136,26.6333908661754],[-81.7995321712602,26.6337768660775],[-81.7996541714963,26.6338158667352],[-81.7997431718851,26.6338448661033],[-81.7999701718182,26.6339168669599],[-81.8008041718151,26.6341818670082],[-81.8009601716492,26.634231866254],[-81.8015761716874,26.6344278663126],[-81.8020311720526,26.6345728668983],[-81.8027471720261,26.6348008662782],[-81.8030701726179,26.6349038667757],[-81.8040041722216,26.6352018671577],[-81.8042061729892,26.6352658668192],[-81.8047851726757,26.6354508671095],[-81.8050751727294,26.6355428665683],[-81.8052591732429,26.6356018667634],[-81.8055201730312,26.6356858665169],[-81.8057911731217,26.6357718669637],[-81.8074961734734,26.6363118673939],[-81.8077031734755,26.6363778672068],[-81.8104871747098,26.6373668674195],[-81.8114701745077,26.6376948674185],[-81.8116401752169,26.6377628676573],[-81.8116421754367,26.6378378669238],[-81.8116451752685,26.637910867363],[-81.811647174808,26.6379458672287],[-81.811654175016,26.6382748669414],[-81.811655174903,26.6387748670229],[-81.8116551753723,26.6391248671254],[-81.8116601753598,26.6394468672196],[-81.8116751745325,26.6397648676065],[-81.8116791747651,26.640033867792],[-81.8116821755445,26.6402998682241],[-81.8116861751075,26.6404008675452],[-81.8116861745615,26.6406798676694],[-81.8116891753919,26.6408778684064],[-81.8116951750177,26.6411838676458],[-81.8117071753285,26.6418638684563],[-81.8117231754724,26.6428518685773],[-81.8117261755261,26.6431318681406],[-81.8117321754365,26.6437048691039],[-81.8117381748213,26.6441538689255],[-81.8117411750019,26.6444068691391],[-81.8117441748939,26.644582869039],[-81.8117441747131,26.6446068690165],[-81.811781175425,26.6454978695088],[-81.8117851753871,26.6455938692867],[-81.8118051756804,26.6463548691107],[-81.8118131750561,26.6469228693825],[-81.8118241752699,26.647331869955],[-81.8118391755007,26.6479098693215],[-81.8118511757305,26.6483498698359],[-81.8118711754454,26.6491288697819],[-81.8118811750483,26.6494658699194],[-81.8119271750978,26.6509368701258],[-81.8119611751156,26.652040870596],[-81.8120071751067,26.6526158706385],[-81.8120431757115,26.6530338711955],[-81.8120601757993,26.6532338712867],[-81.8120891759536,26.6537128715085],[-81.8120991753,26.6539898715518],[-81.8121061753361,26.6543968716846],[-81.8121241757317,26.6552708716071],[-81.8121331757658,26.6561528718402],[-81.8121461755425,26.6569878720351],[-81.812158175803,26.6578008719246],[-81.8121611755427,26.6580848720879],[-81.8121651752598,26.6585428726121],[-81.8121581752963,26.6591578726226],[-81.8121511761405,26.6598968725022],[-81.812167175981,26.661166873246],[-81.8121761756564,26.6617008730087],[-81.8121911762706,26.6620688732501],[-81.8122321758243,26.6629798736801],[-81.8122671762253,26.6638468737397],[-81.8122881760733,26.6644688737811],[-81.812290175853,26.6645648742613],[-81.8122951761502,26.6648488740886],[-81.8123001763844,26.6651218740213],[-81.8123021763059,26.6651858740129],[-81.8123161761731,26.6657048744902],[-81.8123361759388,26.6662298742546],[-81.8123401761703,26.6664098743114],[-81.8123531758442,26.6670368747433],[-81.8124131762235,26.6693418748085],[-81.8124241757745,26.6698438752273],[-81.8124421762786,26.6704868749611],[-81.8124481763179,26.6705708752786],[-81.8124641763159,26.6706968755148],[-81.8124951758798,26.6708578754501],[-81.812526175909,26.6709608757939],[-81.8125631760587,26.671061875781],[-81.8126071759763,26.6711608758225],[-81.8126571766724,26.671256875427],[-81.8127131765236,26.6713508755594],[-81.81293817643,26.6716868752584],[-81.8132741761882,26.6721708757022],[-81.8141021762635,26.6733568761598],[-81.8146201770724,26.6741308763182],[-81.8151051773937,26.6748178760275],[-81.8133911761594,26.6757658765802],[-81.812532176499,26.676240876373],[-81.8116531764596,26.6767278768237],[-81.8112941758064,26.6769268772983],[-81.8107961759997,26.67720887719],[-81.8099621755219,26.6776818772667],[-81.8097341759045,26.6778118771621],[-81.808731175698,26.6783758772482],[-81.80839517562,26.678564877116],[-81.8083971748942,26.678736877305],[-81.8084041747683,26.6795598779016],[-81.8084351754612,26.6831708782439],[-81.8085131755588,26.6872238791179],[-81.8085531760041,26.6882508802417],[-81.8085721752129,26.6887318798943],[-81.8086061751568,26.6896028801699],[-81.8085911757324,26.6898828798483],[-81.8088251753415,26.6898498805199],[-81.8091151757652,26.6898088797304],[-81.8094041755278,26.6897688797802],[-81.8096401762791,26.689735879987],[-81.8100441760511,26.6893438798645],[-81.8151091772715,26.6851528784831],[-81.8167651774802,26.6846678782842],[-81.8179781777361,26.6842968789665],[-81.819207178698,26.6839898786803],[-81.8203401791982,26.6836818780298],[-81.8219831790825,26.683005878222],[-81.8231321795046,26.682441878256],[-81.823340180119,26.6822978780077],[-81.8237551797121,26.6821198775603],[-81.8240881802154,26.6818128782248],[-81.8243271795639,26.6817668774799],[-81.8262661808966,26.6805438774233],[-81.8267751801015,26.6809588772251],[-81.8297591812208,26.6827528776732],[-81.8303251816391,26.6831538778868],[-81.8349681825919,26.6858718788975],[-81.8382581842617,26.6877928785394],[-81.8383631846358,26.6878588789873],[-81.8404201850231,26.6891458796705],[-81.8445341859701,26.6849408785164],[-81.8448321854747,26.6853148784285],[-81.8461611861244,26.6870268790043],[-81.8461851860246,26.6871718789571],[-81.8462861861615,26.6881368791916],[-81.8463101863707,26.6883328790221],[-81.8463651866757,26.688936879226],[-81.8463681866926,26.6889618787842],[-81.8463951862322,26.6891798788307],[-81.8464001868125,26.6892588788669],[-81.8473821863113,26.689256878722],[-81.8482651871407,26.6892518795636],[-81.8484351874608,26.6892508787086],[-81.8499931878232,26.6892538787229],[-81.850442187413,26.689253879332],[-81.8505361880217,26.6892808790744],[-81.8505131879837,26.69064087935],[-81.8504981879195,26.6918298796229],[-81.8504691878744,26.6932598796934],[-81.8504351878061,26.6952278803124],[-81.8504251875339,26.6958518808181],[-81.8504161874652,26.6966178811715],[-81.8504171879307,26.697029881415],[-81.8504301882666,26.6972498812081],[-81.8504511874051,26.6973868810625],[-81.8504811875878,26.6975198810924],[-81.8505231883517,26.6976558813161],[-81.8505541881728,26.6977398808512],[-81.8506111880916,26.6978558810309],[-81.850685187643,26.6979828808584],[-81.8509131883515,26.6983068816267],[-81.8510721881181,26.6984838809064],[-81.8511481883399,26.6985528813519],[-81.8513141886129,26.698713881194],[-81.8517271878545,26.6991118816068],[-81.8517861888102,26.699163881754],[-81.8519631888528,26.6992958813188],[-81.8520311879387,26.6993548812917],[-81.8521411883561,26.6994588819997],[-81.8522571888872,26.6995818820304],[-81.8523441882574,26.6996968819519],[-81.8524161889538,26.6998138817078],[-81.8524561885553,26.6998948818368],[-81.8524891881561,26.6999788821049],[-81.852517188085,26.7000638817515],[-81.852576188117,26.7003428815926],[-81.8526341885456,26.7007038822989],[-81.8530541883416,26.7033068822344],[-81.8531901891235,26.704136882894],[-81.8533181889223,26.7049248830792],[-81.8533531886752,26.7051428833143],[-81.8537121894119,26.7073838837542],[-81.85391518961,26.7086598836266],[-81.8540141888209,26.7092778839843],[-81.8540751891358,26.7096608837093],[-81.8546961896804,26.7135388847506],[-81.8547561896555,26.7139248849456],[-81.8548061899372,26.7142878850859],[-81.8548521898948,26.7148058849704],[-81.8548551898485,26.7152608854353],[-81.8548491899867,26.7154928855023],[-81.8548351901659,26.715723885436],[-81.8548121900484,26.715954885179],[-81.8547631895843,26.7163058860228],[-81.8546961899748,26.7166578856178],[-81.8546321894721,26.7169248853823],[-81.8544811901373,26.7174608857107],[-81.8544201895546,26.7176798861907],[-81.853812189678,26.7197898869073],[-81.8534151898113,26.7211748867394],[-81.853378188973,26.7213028865879],[-81.8531401892262,26.7221348874473],[-81.8526901892369,26.7236868875695],[-81.852295188928,26.7250488876337],[-81.8521731890158,26.7254658884262],[-81.851819189026,26.7266868879891],[-81.8514681888029,26.7278908884916],[-81.8512431890738,26.7286618887195],[-81.851124189438,26.7291108890424],[-81.8510861890314,26.729283889044],[-81.8510311894737,26.729617888633],[-81.8509921892182,26.7299678888566],[-81.8509741885535,26.7302818889725],[-81.8509151893866,26.7333088901947],[-81.8508511893017,26.7369118910719],[-81.8508361894876,26.7374348908179],[-81.8507971890289,26.737921891013],[-81.8507121892459,26.7386658912491],[-81.850610189449,26.7395098913946],[-81.8530681898012,26.7416638922553],[-81.8537921901634,26.7422978917698],[-81.8560701912572,26.7442938929039],[-81.8584271913637,26.7463588933151],[-81.8587671919999,26.7466568932177],[-81.8622661932177,26.7497208941668],[-81.8630301933485,26.7503898943004],[-81.8632911927805,26.7506198939369],[-81.8639861932939,26.7512318937703],[-81.8687421946589,26.7553968949507],[-81.8688661945184,26.7555098946724],[-81.8700001956795,26.7564918953187],[-81.8703351951209,26.7567918952527],[-81.8710791954269,26.757444895532],[-81.8715741959077,26.7579058959695],[-81.8718971958911,26.7582228958628],[-81.8722911958987,26.7586378953715],[-81.8727961959288,26.7592148957164],[-81.8729741963823,26.7594348961164],[-81.8731571958767,26.7596708963033],[-81.8735091959753,26.7601368957372],[-81.873765196577,26.7605068960458],[-81.8739551968601,26.7607988966309],[-81.8741181968534,26.7610588963393],[-81.8742291967003,26.7612448967563],[-81.8745291970322,26.7617738963131],[-81.875408196626,26.7634868971524],[-81.8767921978989,26.7661788971235],[-81.8774281975651,26.7674148977497],[-81.877601197362,26.7677228975056],[-81.8778251980473,26.7680858982154],[-81.8780771977552,26.7684638982549],[-81.8783251978591,26.7687968980741],[-81.8786911984478,26.7692488980723],[-81.8789681980638,26.7695498980215],[-81.8792061980305,26.7698078986718],[-81.8790111982014,26.7699418981256],[-81.8785311979682,26.7699388980191],[-81.8785161984623,26.7699398987591],[-81.8749791967881,26.7700088981241],[-81.8734191971455,26.7700388987359],[-81.872010196224,26.7700658984079],[-81.8714161960086,26.770062898462],[-81.869777195465,26.7700558988441],[-81.8687811952851,26.770060898341],[-81.8664151949311,26.770050898597],[-81.8658521941047,26.7700438988991],[-81.8638521941754,26.7700408985838],[-81.8636011933757,26.7700408991159],[-81.8632051940271,26.7700328987498],[-81.8631001936368,26.7700338985045],[-81.8627731931784,26.7700128987291],[-81.8596411926268,26.7699198992387],[-81.8587091920193,26.7698908983738],[-81.8586891921036,26.769890899192],[-81.8586461927905,26.7698908987308],[-81.8512641904333,26.7698718987057],[-81.8510771897907,26.7698718990832],[-81.8448581880939,26.7698558992826],[-81.8423441877892,26.7698498990268],[-81.8413241870899,26.7698468995233],[-81.8280301838865,26.7698098998999],[-81.8269891829771,26.7698068999044],[-81.8260081833221,26.7698028999953],[-81.8259501826645,26.7698028991751],[-81.8248091825459,26.7697998993147],[-81.823679181959,26.7697968994409],[-81.8157901800158,26.7697808994663],[-81.8148171796598,26.7697779002397],[-81.8142161793233,26.7697758996691],[-81.8140061793227,26.7697748994452],[-81.8137961797066,26.7697748998698],[-81.8116341785035,26.769767899877],[-81.8115761788962,26.7697678994934],[-81.810445178623,26.769763900119],[-81.8059091767747,26.7697508998928],[-81.8056771771101,26.7697498996167],[-81.8055291771592,26.7697498996825],[-81.8042341763904,26.7697448999254],[-81.8041071768039,26.7697449004368],[-81.7864051714287,26.7696859006783],[-81.7860061711273,26.7696849007133],[-81.7856081713344,26.769683900236],[-81.7820881699223,26.7696719002021],[-81.7607431638343,26.7696049013291],[-81.7567951629811,26.7696059008194],[-81.7561411627091,26.7696059015783],[-81.7557921628109,26.7696059008259],[-81.7555211621053,26.7696059011139],[-81.7553501623744,26.76960590116],[-81.7553041628527,26.7696059011696],[-81.7552801620967,26.7696059012454],[-81.7552561622137,26.7696069013731],[-81.7551641621648,26.7696069013146],[-81.7542961621583,26.7696069009624],[-81.754101162543,26.7696079012676],[-81.7539061620653,26.7696079012486],[-81.7535131623585,26.7696099016168],[-81.7523111611861,26.7696079015783],[-81.7512811609837,26.7696079009896],[-81.7510321611006,26.7696079015186],[-81.7508541609738,26.7696079009903],[-81.7507211608738,26.7696079008754],[-81.7506181614616,26.769607901082],[-81.7505361613247,26.7696079011743],[-81.7504691615315,26.7696079014572],[-81.7504131611202,26.7696079012238],[-81.7503661611153,26.7696079014788],[-81.7503251610475,26.769607901458],[-81.7502901609167,26.7696079011666],[-81.7502591607419,26.7696079015974],[-81.750232160527,26.7696079009479],[-81.7502081607814,26.7696079010691],[-81.7501871605016,26.7696079010581],[-81.7501681612062,26.7696079009611],[-81.7501501613957,26.7696079017212],[-81.7501341605605,26.7696079014906],[-81.7501201607098,26.769607901176],[-81.7501071613494,26.7696079017216],[-81.7500951604722,26.7696079013191],[-81.7500841610927,26.7696079008765],[-81.7500731607057,26.7696079013338],[-81.7498011609392,26.7696059014492],[-81.7481341607694,26.7696079010387],[-81.7481101600194,26.7696079017054],[-81.7480851605951,26.7696089015495],[-81.7480371601044,26.7696089010588],[-81.7479481605531,26.7696089016503],[-81.7477931607061,26.7696089011767],[-81.7474761605845,26.7696089016885],[-81.7472021605099,26.7696089014827],[-81.7469811603711,26.7696089015137],[-81.7468111601894,26.769608901164],[-81.7466861600254,26.7696089016262],[-81.7455291597267,26.7696099011893],[-81.7407161586947,26.7696169018313],[-81.7401091580884,26.7696159018954],[-81.7376961574344,26.7696149013736],[-81.7363971573589,26.7696149018946],[-81.7360711569904,26.7696149016717],[-81.7331291556499,26.7696129012951],[-81.7328091562755,26.7696129012585],[-81.7326661553904,26.7696129014463],[-81.7316881554978,26.7696129016641],[-81.7267291537878,26.7696109021342],[-81.7255501540023,26.769605901627],[-81.7240711529201,26.7696059016763],[-81.7234751529729,26.7696059016062],[-81.7227901531863,26.769606901925],[-81.7214711529646,26.7696079016585],[-81.7188821516191,26.7696099019307],[-81.7184971517603,26.7696099021845],[-81.7127821505376,26.7696129022417],[-81.7096741490552,26.7696149026679],[-81.7075561490579,26.7696159019268],[-81.7058071480761,26.7696169022271],[-81.7049081479836,26.7696169023627],[-81.7048321479507,26.7696169020414],[-81.7047931473723,26.7696179020896],[-81.7047551478573,26.7696179023556],[-81.7046081482298,26.7696179020026],[-81.7043481475346,26.7696179022731],[-81.7039471471425,26.7696179027251],[-81.7029631477251,26.7696179024704],[-81.6974261460682,26.7696209026194],[-81.6960831455402,26.7696219027276],[-81.6933581440697,26.769621903026],[-81.6700801374593,26.7696169027483],[-81.6622861355203,26.7696129028781],[-81.661698135518,26.7696139030921],[-81.6603101346575,26.7696129034221],[-81.6406481289356,26.7696049033847],[-81.6312431263807,26.7696019037743],[-81.6311471262512,26.7696009039073],[-81.63113212601,26.7696009036752],[-81.6310921269182,26.7695999042085],[-81.6288271260148,26.7695989045009],[-81.6245281245728,26.7695939040143],[-81.6228251244848,26.76959390454],[-81.619920123699,26.7695959044813],[-81.6198211229879,26.7695959042853],[-81.619698122713,26.7695959046034],[-81.6148891218298,26.7695939048565],[-81.6139811216246,26.7695939048152],[-81.6130871213267,26.7695909045476],[-81.6102751207445,26.7695889045011],[-81.609135120045,26.7695919041526],[-81.6089401198222,26.7695929041703],[-81.5985081167513,26.7695809049773],[-81.5820991118705,26.7695689047316],[-81.5657511076247,26.7696059056225]]]},"properties":{"OBJECTID":10,"District":5,"Commissioner":"Trish Petrosky","Population":152123,"DwellingUnits":58577,"Website":"https://www.leegov.com/bocc/district5","Email":"dist5@leegov.com","created_user":"LeeCountyFLGIS","created_date":1740078521566,"last_edited_user":"LeeCountyFLGIS","last_edited_date":1765826738000,"GlobalID":"19504ba0-3f53-46ad-b52c-5571395fec76","Source_GlobalID":"1f5fefba-46db-43c4-8d2b-2a0e3d6c4f4b","Shape__Area":6252098988.340454,"Shape__Length":367998.9387773556}}]}