{"type":"FeatureCollection","crs":{"type":"name","properties":{"name":"urn:ogc:def:crs:OGC:1.3:CRS84"}},"features":[{"type":"Feature","id":1,"geometry":{"type":"Polygon","coordinates":[[[-106.50709175224,31.9765122571377],[-106.504091752144,31.9740862571631],[-106.501645751472,31.9707822563812],[-106.500384751204,31.9692112565],[-106.500358751068,31.9682542559268],[-106.500258750127,31.9668152559021],[-106.499399750731,31.9651292556229],[-106.49933575058,31.9631272553504],[-106.499348749561,31.9612492549292],[-106.498329749934,31.9596742551409],[-106.497527749863,31.95894225494],[-106.499079750191,31.9565962538124],[-106.498339749612,31.9545132539035],[-106.497250748542,31.9521302538691],[-106.497132748787,31.950812253856],[-106.497897748758,31.9478832531183],[-106.497782748801,31.9445332522491],[-106.498501748211,31.9413972516849],[-106.498439748065,31.9395082519631],[-106.498261747974,31.9339462503016],[-106.498102748236,31.9335802504429],[-106.497573748333,31.9318112504777],[-106.497640747509,31.9296082500606],[-106.498238747428,31.9278662494972],[-106.499602748244,31.9251062490103],[-106.499509748125,31.9226462488558],[-106.499162747744,31.9193222484089],[-106.496276746944,31.9156282476942],[-106.495762746084,31.9130482471903],[-106.495882745905,31.9124222472728],[-106.496440745762,31.9085262469431],[-106.496531746485,31.9061262465911],[-106.49713774515,31.8888382434144],[-106.497253744353,31.8837152423183],[-106.497069744933,31.8814262423182],[-106.496522744365,31.8782052419924],[-106.495758744137,31.8740692413754],[-106.494635743,31.8686392404546],[-106.494622743667,31.8685062401017],[-106.494872743821,31.8684952403],[-106.494655743281,31.8673102397894],[-106.494443743012,31.8661652399357],[-106.494134742594,31.8645022393866],[-106.493876742655,31.863118239302],[-106.493649742974,31.8618912388142],[-106.493671742211,31.8614442389637],[-106.493655742355,31.8599752384857],[-106.49370374253,31.853729237316],[-106.49375274258,31.8507112372237],[-106.49439074211,31.8493682368529],[-106.496117742205,31.8482402367693],[-106.496868742106,31.8472622364467],[-106.496630742182,31.8461562366197],[-106.496229742164,31.8448062364792],[-106.496567741842,31.8433702357562],[-106.497331742163,31.8424872355673],[-106.498482742871,31.8415942351019],[-106.497618742266,31.8395632352283],[-106.496454742395,31.8378722350111],[-106.495115741466,31.8357992351119],[-106.493979740902,31.8342032341305],[-106.494502741042,31.83411923441],[-106.498474963861,31.8335191569323],[-106.504959742962,31.8325392335132],[-106.506904744017,31.8322752335351],[-106.506825744037,31.8321562335706],[-106.506779743997,31.8320942332048],[-106.506735744251,31.8320412336548],[-106.506677743499,31.8319812340599],[-106.506618743488,31.8319262334329],[-106.506593743488,31.8319032337398],[-106.507083743679,31.8315182335434],[-106.507344744025,31.8313092332912],[-106.507396744424,31.8312642337623],[-106.507477743958,31.8311912336577],[-106.507559744082,31.8311082331447],[-106.507666743446,31.8309942332368],[-106.50773674417,31.8309162331127],[-106.50782974425,31.8307952330419],[-106.507878744319,31.8307242329],[-106.507960743574,31.830598232993],[-106.508021743596,31.8304912336233],[-106.508058744421,31.8304292335272],[-106.508229744229,31.8301072336453],[-106.508240743604,31.830085233493],[-106.508262743579,31.8300512329909],[-106.508324743539,31.8299612329969],[-106.50835874359,31.8299262332395],[-106.508385743622,31.8298962335476],[-106.508431743945,31.8298492329488],[-106.508476744071,31.8298072331977],[-106.508533743548,31.8297592329205],[-106.508579744163,31.8297282332994],[-106.508646743627,31.8296842332373],[-106.508708743763,31.8296492327403],[-106.508748744233,31.8296292329624],[-106.508903744204,31.8295652327299],[-106.509037744032,31.8295292331155],[-106.509121744444,31.8295112327882],[-106.50919674443,31.8295022330925],[-106.509472744398,31.829459233478],[-106.509576744042,31.8294402333144],[-106.509703743994,31.8294062334402],[-106.509731744555,31.8293992332729],[-106.509767744694,31.8293852326871],[-106.509827744744,31.8293652328589],[-106.509968744193,31.8293042332628],[-106.51005674418,31.8294312326718],[-106.510099743879,31.8294842334816],[-106.51015474418,31.8295242333705],[-106.510218744139,31.8295502330261],[-106.510264744759,31.8295612329819],[-106.510312744259,31.8295672334178],[-106.510993744254,31.8295762333786],[-106.511566745081,31.8295792325361],[-106.511775744447,31.8295802333127],[-106.511806744847,31.8295832328996],[-106.511884744743,31.8295862325477],[-106.51194174482,31.8295962328834],[-106.512055745324,31.8296222328542],[-106.512183744988,31.8296732331449],[-106.512254744708,31.8297162329269],[-106.512324744846,31.8297612329515],[-106.512420744683,31.8298202329109],[-106.512510745121,31.8298582334149],[-106.512566744962,31.8298742333919],[-106.512645745471,31.8299012332386],[-106.512700744956,31.8299162328798],[-106.512789745044,31.8299352329403],[-106.512887745152,31.8299502333054],[-106.513698744819,31.8300862326763],[-106.513886745094,31.8301142326919],[-106.514205745082,31.8301182332266],[-106.514353745128,31.8301112332849],[-106.514586745014,31.8301222333151],[-106.514753745238,31.8301442327673],[-106.51499274546,31.8301882328461],[-106.515473745922,31.8302472330478],[-106.515839745998,31.8302992325764],[-106.516087746108,31.8303292327515],[-106.5163017453,31.8303382328392],[-106.516560745555,31.8303282329639],[-106.517006745516,31.8302962327873],[-106.517027745998,31.8304572325306],[-106.517047745552,31.8305502333001],[-106.517079746427,31.8306392324587],[-106.517121746493,31.8307232330838],[-106.517180745955,31.8308082325935],[-106.517279746126,31.83091623256],[-106.517364745768,31.8309892326962],[-106.517460745576,31.8310492326349],[-106.517546746173,31.8310892326525],[-106.517648745653,31.8311272332241],[-106.517810746535,31.8311722328712],[-106.517974745688,31.8312002330066],[-106.518116746153,31.831212232931],[-106.518345746379,31.8312122332559],[-106.518545746105,31.8312062325657],[-106.518642746199,31.8311962326313],[-106.518723746234,31.8311862333077],[-106.518894746384,31.8311532326293],[-106.51901274643,31.831114232726],[-106.519191746107,31.831043232806],[-106.519660746754,31.8308292324289],[-106.519902746562,31.8306932324968],[-106.520421747159,31.8304172325472],[-106.520872746714,31.83017023277],[-106.520917746758,31.8301402327266],[-106.521239747298,31.8299492324087],[-106.521599747038,31.8297472322194],[-106.521770747047,31.8296192322752],[-106.521871746746,31.8295222323689],[-106.522081746705,31.8293582328657],[-106.522261747126,31.8292142321338],[-106.522527746857,31.8289962326123],[-106.522792746953,31.8292372322599],[-106.522944746933,31.8293672322468],[-106.523092747339,31.8292332326735],[-106.523236746747,31.8290882327401],[-106.52352574686,31.8287992324645],[-106.523875746951,31.8284482319904],[-106.524101747371,31.8282222325212],[-106.524577747719,31.8277492325178],[-106.524614747672,31.8277182323215],[-106.52464874771,31.8276952322418],[-106.524687747264,31.8276702320838],[-106.52474274695,31.8276402318363],[-106.52479874754,31.8276132324444],[-106.524826747317,31.8276042318862],[-106.524933747026,31.8275702323733],[-106.525125747544,31.8275322316823],[-106.525246748131,31.8274982324706],[-106.525361747462,31.8274492319127],[-106.5254987472,31.8273672318759],[-106.525645747473,31.8272532322207],[-106.525848833111,31.8271658368047],[-106.525943748104,31.8272542319128],[-106.526046748099,31.827351232411],[-106.526104747632,31.8274032319793],[-106.52617374788,31.8274652319753],[-106.526489747628,31.8277482319276],[-106.526747747905,31.827979231888],[-106.527001747512,31.8282092321571],[-106.527128748017,31.8283252324443],[-106.527420747737,31.8285892324307],[-106.527530748144,31.8286862320098],[-106.52761974809,31.8287622320621],[-106.527277747879,31.8290512323006],[-106.527180748208,31.8291332320323],[-106.527078748125,31.8292262319378],[-106.526885748496,31.8294082322927],[-106.526739748368,31.8295822322945],[-106.526602747593,31.8297942320595],[-106.526475748487,31.8300062326732],[-106.52638974789,31.8301952320482],[-106.526322747758,31.8303702328093],[-106.526298747762,31.8304512325122],[-106.52624774761,31.8306252325833],[-106.526227747966,31.8307222328016],[-106.526213747962,31.8308132326596],[-106.526197747577,31.8309362325051],[-106.526187748362,31.8310322330163],[-106.526180748386,31.8311582324879],[-106.526175748463,31.83138523284],[-106.52617674765,31.8315092330803],[-106.526179748309,31.8318252326486],[-106.526176748223,31.8328362324469],[-106.526179748205,31.8338902330659],[-106.526175748649,31.8341382332147],[-106.526165748032,31.8343362328246],[-106.526150747848,31.8344892334545],[-106.526135748285,31.8346432330412],[-106.526115747769,31.8347532336258],[-106.526035748253,31.8352162335077],[-106.526005748546,31.8353962332454],[-106.525935748465,31.835768233028],[-106.525882748215,31.8360502330297],[-106.525857748391,31.8361942331482],[-106.52582274826,31.8363822331866],[-106.525768747984,31.8366952333197],[-106.525740747997,31.8368432338795],[-106.525730748055,31.8369282333765],[-106.525728748425,31.8370482336463],[-106.525734747992,31.8371512335133],[-106.525769748791,31.8373402336349],[-106.525814748402,31.837464233252],[-106.525865748188,31.8375762340221],[-106.525917748596,31.8376632338846],[-106.525975748108,31.8377412337457],[-106.526051748812,31.8378322340342],[-106.526158748753,31.8379342334783],[-106.526284748562,31.8380372338977],[-106.526336748007,31.8380762338454],[-106.526413747992,31.8381942334291],[-106.526564748097,31.8382792337427],[-106.52671474853,31.8383442337347],[-106.526791748544,31.838370234001],[-106.526862748805,31.8383942335483],[-106.526966748376,31.8384222333408],[-106.527080748906,31.8384472335133],[-106.527193748632,31.8384652340205],[-106.527453748537,31.838515234166],[-106.527708749105,31.8385832341921],[-106.527875748995,31.8386342337573],[-106.52800774857,31.8386752340655],[-106.528167749419,31.8387162340087],[-106.528353748495,31.8387612335791],[-106.528541749166,31.8387972333503],[-106.52864874872,31.838806233629],[-106.52875274922,31.8388132340349],[-106.528892749277,31.8388192336667],[-106.529054749217,31.8388212333203],[-106.529106749433,31.8388232339713],[-106.529243748737,31.8388332338518],[-106.529478749445,31.8388572337609],[-106.529599749635,31.8388742335864],[-106.529870749094,31.8389162337158],[-106.530092749758,31.8389582335969],[-106.530182749656,31.8389852335236],[-106.530316748947,31.8390362338531],[-106.530420749898,31.8390852333885],[-106.530519749814,31.8391442333091],[-106.530599749283,31.8391972341344],[-106.530758749788,31.8393022335979],[-106.531018749141,31.8394812333828],[-106.53110474907,31.8395362334712],[-106.53124275,31.8396242339178],[-106.531325749168,31.839672233797],[-106.531402749559,31.8397102338761],[-106.531512749223,31.8397592342072],[-106.531678749437,31.8398102342148],[-106.53173574981,31.8398242339713],[-106.531811749734,31.8398372341807],[-106.532137749887,31.8398922335436],[-106.532832749662,31.8400022333778],[-106.53307475009,31.8400462340415],[-106.533171749982,31.8400702339965],[-106.533223750472,31.8400872334018],[-106.533265750366,31.8401022341644],[-106.53339674999,31.8401582338406],[-106.533468749928,31.8401922337362],[-106.533509750101,31.8402152334032],[-106.533631750686,31.84029823346],[-106.533702749852,31.8403542336395],[-106.533761750395,31.8404092336207],[-106.533805750183,31.8404512339395],[-106.533857750654,31.8405052340946],[-106.533893749781,31.8405442336771],[-106.533952750142,31.8406232340089],[-106.534030750034,31.8407422341825],[-106.534077749873,31.840855233784],[-106.534119750386,31.8409542334748],[-106.534257750602,31.8413272335577],[-106.534422750893,31.8418092339989],[-106.534481750416,31.8419742340553],[-106.534525750332,31.8420882335847],[-106.534552750264,31.842153233763],[-106.534589750772,31.8422312341261],[-106.534609750775,31.842266233698],[-106.534664750582,31.8423562344688],[-106.534708751047,31.8424192342758],[-106.534754751062,31.8424792339448],[-106.534798750538,31.8425332337289],[-106.534843750194,31.842577233779],[-106.534963750941,31.8426882340682],[-106.534990750714,31.8427142342883],[-106.535040751119,31.842754233984],[-106.535118750349,31.8428152337104],[-106.535169750223,31.8428532338093],[-106.535238750848,31.8428972338405],[-106.535264750343,31.8429112340336],[-106.535281750972,31.8429272337002],[-106.535374751045,31.8430102337083],[-106.535434750599,31.8430672339864],[-106.535492751113,31.8431302340629],[-106.535513751308,31.8431572344936],[-106.535556750972,31.8432092339945],[-106.535605750604,31.8432842344667],[-106.535658750746,31.8433752342831],[-106.535716750793,31.8434802338872],[-106.535759751019,31.8435842346493],[-106.53577775118,31.8436512341445],[-106.535969751122,31.8443782343929],[-106.536091751325,31.8448412347678],[-106.536275750714,31.8455402344402],[-106.536297750826,31.8456302343408],[-106.536342751616,31.845813234939],[-106.536380751094,31.8459442344994],[-106.536408751239,31.8460292343966],[-106.536441751107,31.8461302347827],[-106.536461750955,31.8461782346467],[-106.53648975082,31.8462452344668],[-106.536514751221,31.846305234259],[-106.536569751605,31.8464022344735],[-106.536606751194,31.8464602344501],[-106.536634751037,31.8465032347488],[-106.536663751269,31.8465442345356],[-106.536705750875,31.8466022346955],[-106.536760751328,31.8466752344363],[-106.536807751563,31.8467252346108],[-106.536843751368,31.8467632344154],[-106.536877751224,31.846796234248],[-106.536920751193,31.8468382342842],[-106.536987751266,31.8468932347272],[-106.537016750883,31.8469182351103],[-106.5370417518,31.8469372351238],[-106.537068751184,31.8469582345496],[-106.537126751722,31.8470022348892],[-106.537186751614,31.8470442349627],[-106.537237751842,31.8470802345092],[-106.537264751092,31.8470972342889],[-106.537522751926,31.8472672351256],[-106.537931751582,31.8475402344605],[-106.538056751574,31.8476252348449],[-106.538426751669,31.8478702352311],[-106.538542751993,31.8479472349464],[-106.538783751347,31.8481112350535],[-106.539483751959,31.8485822346338],[-106.539661752164,31.8487062351088],[-106.53975175187,31.8487682345768],[-106.53988275228,31.8488822353377],[-106.539927752422,31.8489182345152],[-106.540008752009,31.8489892347849],[-106.540051752486,31.8490302348379],[-106.54013075262,31.8491052351357],[-106.54021875233,31.8492142348284],[-106.540271751809,31.849281235243],[-106.540324752359,31.8493482346835],[-106.540467751915,31.8495702350814],[-106.540550752016,31.8497252345873],[-106.540661752448,31.849933235279],[-106.540818752648,31.8502202353822],[-106.540929752589,31.8504252352662],[-106.541054752091,31.8506572351675],[-106.541139752504,31.8508162352061],[-106.541303752058,31.8511202353945],[-106.541374752549,31.8512682354947],[-106.541394752583,31.851311235141],[-106.541522753054,31.8515792352927],[-106.541601752587,31.8516722348817],[-106.541656752341,31.8517532355996],[-106.541692752215,31.8518562351455],[-106.541716752637,31.8519332349149],[-106.541747752209,31.8520312349091],[-106.54175975324,31.8520752355756],[-106.541770753136,31.8521122349752],[-106.541802752661,31.8522322357365],[-106.541838752215,31.8523462350976],[-106.541848752809,31.852386235788],[-106.542010753007,31.8523872349764],[-106.54203389323,31.8523873093097],[-106.541887753124,31.8526132356123],[-106.541898752381,31.8527852355688],[-106.541905752904,31.8529342351228],[-106.541909753071,31.8532152358376],[-106.541909753323,31.8533572356584],[-106.541915752775,31.8541502359234],[-106.541917752871,31.8542872356509],[-106.541918753068,31.854382235643],[-106.541925752927,31.8544752360563],[-106.541942752582,31.8545802353667],[-106.541962753384,31.8546592358949],[-106.541994753283,31.8547562360413],[-106.542039753051,31.8548532358891],[-106.54213275341,31.855031235804],[-106.54218075336,31.8551162355114],[-106.542446753039,31.8556142359743],[-106.54255575336,31.8558112357786],[-106.542641753316,31.8559652355266],[-106.542848752951,31.8563672356432],[-106.542893753683,31.8564472359158],[-106.542924753494,31.8564962358203],[-106.543010753458,31.8566292355782],[-106.543117752879,31.8567662359557],[-106.543198753682,31.8568712355892],[-106.543272753562,31.8569572358314],[-106.543359753204,31.8570392360224],[-106.543430753711,31.8571052357642],[-106.543523753854,31.8571822364701],[-106.543645752999,31.8572792357615],[-106.543700753538,31.857321235813],[-106.543808753412,31.8574062363678],[-106.544027753947,31.8575762358987],[-106.544177753974,31.8576962363485],[-106.544415753238,31.8578852358222],[-106.544556753823,31.8579932363895],[-106.545066754241,31.8583932360996],[-106.545219754061,31.8585132359359],[-106.545375754255,31.8586362357819],[-106.545634753898,31.8588392361086],[-106.545745754251,31.8589262363359],[-106.545880753823,31.8590272362446],[-106.546162754325,31.8592572365725],[-106.546374754157,31.859419236664],[-106.546547754469,31.8595492362447],[-106.546802753995,31.8597572360285],[-106.547124754481,31.8600192364751],[-106.547265754644,31.8601322365597],[-106.547391754387,31.8602332363785],[-106.547514754249,31.8603322367362],[-106.547763754507,31.8605362360524],[-106.54804575489,31.860765236308],[-106.548109754698,31.8608152360744],[-106.548260754423,31.8609402363428],[-106.548487754528,31.861125236727],[-106.548672754638,31.861276236948],[-106.548804754653,31.8613832366354],[-106.549143754705,31.8616512369243],[-106.549235754995,31.8617352366378],[-106.549349755331,31.8618352367713],[-106.549470754495,31.8619392365048],[-106.549503754936,31.861913237024],[-106.54953075501,31.8618932361832],[-106.549674754968,31.8617892361742],[-106.549855755033,31.8616802367267],[-106.549980755328,31.8616142365434],[-106.550120755325,31.8615502361515],[-106.550205755067,31.8615142368314],[-106.550275755425,31.8614832368649],[-106.55034975492,31.8614572369214],[-106.550492755015,31.8614072360373],[-106.550634755564,31.8613642368842],[-106.550878755227,31.8612892367935],[-106.550980755385,31.8612592365966],[-106.551155755522,31.8612032366533],[-106.551890755099,31.860971236477],[-106.552112755815,31.8609052359965],[-106.553267755567,31.8634182365173],[-106.553333756098,31.8635952364226],[-106.554103755656,31.8635932362604],[-106.555213756112,31.8635792362166],[-106.556206756416,31.863577236903],[-106.55679375698,31.8635762364027],[-106.557321756389,31.8635782368846],[-106.557556756546,31.8635782365993],[-106.557699757217,31.8635782366981],[-106.557915757397,31.8635782362424],[-106.558001757053,31.863581236397],[-106.558003756557,31.8633852366726],[-106.558009756551,31.8630422363386],[-106.558011756482,31.8628062366345],[-106.558010757211,31.8625192359586],[-106.558009756623,31.8622092365294],[-106.558001756703,31.8618062360928],[-106.558002756588,31.8616472363454],[-106.558004756932,31.8611612359588],[-106.558006757257,31.8609522362823],[-106.558007757235,31.8605222359989],[-106.558006756522,31.8603432360841],[-106.558002756786,31.8601872356167],[-106.557989756434,31.8597082360518],[-106.557985757218,31.8595122355518],[-106.55809975665,31.8595122357822],[-106.558297757033,31.8595112358759],[-106.558471756551,31.8595102360336],[-106.559068757313,31.8595142359813],[-106.559398757437,31.8595152354074],[-106.559682757214,31.8595162361202],[-106.559965756899,31.8595182360784],[-106.560141756851,31.859519235713],[-106.560313757339,31.8595182359767],[-106.560457757477,31.8595182355403],[-106.560887757207,31.8595282359392],[-106.561085757333,31.8595392352517],[-106.561365757794,31.859557236001],[-106.561590757693,31.8595752359097],[-106.561781757454,31.859591235285],[-106.562002757784,31.8596212359633],[-106.562118757894,31.8596412354569],[-106.562204757268,31.8596582359623],[-106.562319757667,31.8596832356919],[-106.562541757229,31.8597432355854],[-106.562588757752,31.8597552359314],[-106.562791757553,31.8598192353702],[-106.563036758351,31.8599052354536],[-106.563172758001,31.8599622358306],[-106.56333075825,31.860029235706],[-106.563484757721,31.8601042355356],[-106.563574758329,31.860150235343],[-106.563769757695,31.8602842359935],[-106.56383175766,31.8603122357462],[-106.564235757781,31.8606282356116],[-106.56434075835,31.8607272359299],[-106.564439757762,31.8608202357521],[-106.564621758534,31.8610112362129],[-106.564699758548,31.8611032355864],[-106.564900757947,31.8613312354751],[-106.565067758269,31.8615202362608],[-106.565173758517,31.861640235938],[-106.565457758692,31.8619532356447],[-106.56556475881,31.8620702362131],[-106.565619758429,31.8621322357396],[-106.565698759042,31.8622192358871],[-106.565723758145,31.8622462355435],[-106.565904758416,31.8624432356459],[-106.565969758397,31.8625092356318],[-106.566009758416,31.8625512357624],[-106.566149759092,31.8626702358644],[-106.566194759153,31.8627032358548],[-106.566304758572,31.8627812357396],[-106.56637575882,31.8628352357019],[-106.566439759229,31.862880236398],[-106.566535758465,31.8629442364069],[-106.5666757587,31.8630272364706],[-106.566803758519,31.86310323613],[-106.566939758414,31.8631752360102],[-106.567027758754,31.8632172357678],[-106.567143758723,31.863269236338],[-106.567304758585,31.8633362362273],[-106.56740275912,31.8633712363105],[-106.567538759437,31.8634212357057],[-106.567755758676,31.863486235838],[-106.567888758904,31.863518236489],[-106.568007758761,31.8635492363408],[-106.568090758882,31.8635632361195],[-106.568200759024,31.8635822360238],[-106.56830175872,31.8636012359623],[-106.568417759625,31.8636172358446],[-106.568659759625,31.8636452355997],[-106.568746759149,31.8636472359896],[-106.568878759475,31.8636522362175],[-106.569070759784,31.8636502358969],[-106.56931875943,31.8636492359779],[-106.56961875984,31.8636492361591],[-106.569926759577,31.8636492363942],[-106.570289759275,31.8636482363394],[-106.570552759838,31.8636492361632],[-106.570738759679,31.8636502360287],[-106.571064759533,31.8636502357353],[-106.571582759843,31.8636472361014],[-106.571972760147,31.863645235843],[-106.572490760391,31.8636472357866],[-106.57329675999,31.8636512357751],[-106.573893760431,31.8636452358918],[-106.57416376101,31.8636482360094],[-106.574369760802,31.8636562362017],[-106.57445876053,31.8636612360189],[-106.574650760218,31.8636592356333],[-106.57489576089,31.8636572361564],[-106.575403760475,31.8636552354534],[-106.575788761316,31.8636462355051],[-106.576071760732,31.8636512360852],[-106.576328760666,31.8636402356532],[-106.576565761083,31.8636332358535],[-106.576680761154,31.8636222353338],[-106.577039760763,31.8636142354275],[-106.57701176066,31.8634992354545],[-106.576996761225,31.8634452356741],[-106.576980761391,31.8633802360004],[-106.576841760955,31.8628182357092],[-106.576807761535,31.8626792353896],[-106.576751761469,31.8624592353664],[-106.576740760703,31.8624092358759],[-106.576643761091,31.8620012355173],[-106.576537760515,31.8615962355364],[-106.576312760615,31.860666235193],[-106.576237760402,31.8603502351629],[-106.576131760691,31.8599422349478],[-106.576055760865,31.8596332351573],[-106.575966760373,31.8592492352006],[-106.575876760964,31.8589042346946],[-106.57567776048,31.8580702348771],[-106.575569760564,31.8576742350338],[-106.57545976049,31.8571942348324],[-106.575349760242,31.856729234189],[-106.575320759997,31.8566092341982],[-106.575268760646,31.8563922345685],[-106.57480676048,31.8545212344014],[-106.574739760604,31.8542512343437],[-106.574580760023,31.8536152344227],[-106.574478760045,31.8531932341954],[-106.574421759597,31.8529632337087],[-106.574393759629,31.8528542342832],[-106.574330760368,31.8525792340555],[-106.574236759454,31.8522002341823],[-106.574190759789,31.852016233672],[-106.574155760028,31.8518732337055],[-106.573951759905,31.8510452336686],[-106.573875759759,31.8507312334564],[-106.573793759287,31.8503902338961],[-106.573659759801,31.8498432337638],[-106.573643759082,31.849783233177],[-106.57361975972,31.8496902338021],[-106.573538759517,31.8493642336663],[-106.573491759453,31.8491802338042],[-106.573436759302,31.8489422332323],[-106.57335475947,31.8486052329458],[-106.57322775935,31.8481032337091],[-106.573145759255,31.8477622335708],[-106.573004759671,31.8472202334386],[-106.572911759077,31.8468672328758],[-106.572835759003,31.8466062331071],[-106.57279375921,31.846476232919],[-106.572647759358,31.8460402333422],[-106.572608759021,31.8459292332761],[-106.572495759532,31.8456342324655],[-106.572454758771,31.8455182328671],[-106.572404758566,31.8453722333268],[-106.572259759222,31.8449762328017],[-106.572120759132,31.8445882330263],[-106.572010981001,31.8444906040481],[-106.572079758907,31.8444702325297],[-106.571868758924,31.8438952325273],[-106.571561758583,31.8430492324096],[-106.571491758648,31.8428552326199],[-106.57118275887,31.8420092325375],[-106.571017758146,31.8415492319447],[-106.570691758744,31.840654232431],[-106.570637758195,31.8405042317579],[-106.570263757785,31.8394812321309],[-106.570204757931,31.8393162316757],[-106.569177757423,31.8364802319325],[-106.569118757253,31.8363322314931],[-106.569026757655,31.8361012310912],[-106.568867757486,31.8357592311421],[-106.56874075742,31.8355062314662],[-106.56852475718,31.8350982314386],[-106.568283758012,31.834691231597],[-106.568088757574,31.8343872315251],[-106.567875757724,31.834083231572],[-106.567583757323,31.8337022316019],[-106.567358757346,31.833428231572],[-106.567031757252,31.8330612309717],[-106.566188756393,31.832199231319],[-106.564312755842,31.8303022305833],[-106.564102755782,31.8300902306571],[-106.563379755761,31.829351230589],[-106.561621755219,31.8275682307646],[-106.560877755537,31.8268222306078],[-106.559680755043,31.8256102304723],[-106.559562755269,31.8254862302538],[-106.559479755102,31.8254002301627],[-106.556323754393,31.8221922298932],[-106.556103753575,31.8219692301091],[-106.555725754133,31.821595229674],[-106.555336753856,31.8211922297569],[-106.554745753726,31.8206012299084],[-106.549454390895,31.8152285808321],[-106.549668391027,31.8150845806996],[-106.549400390394,31.8148165805422],[-106.548909390837,31.8143145801686],[-106.548358784547,31.8137535695293],[-106.548030389704,31.8133955801218],[-106.547853390435,31.8132085805981],[-106.547291390008,31.8126515802851],[-106.546634385374,31.8119965263344],[-106.546335751059,31.8116922288746],[-106.545906751359,31.8112612288293],[-106.545096750861,31.8105742279906],[-106.545096750988,31.810573228062],[-106.54513775113,31.8102302287114],[-106.545584750958,31.8091992277199],[-106.545887751247,31.8083912280255],[-106.546405531045,31.8070073775494],[-106.546553751136,31.8066112278167],[-106.547149751546,31.8073042274219],[-106.547326258415,31.8073455765697],[-106.547544759278,31.8075033583823],[-106.54790300829,31.8077620505567],[-106.5482217796,31.8077907827907],[-106.548704987475,31.8078681945913],[-106.549250564582,31.8079549398166],[-106.550133805236,31.8081076966075],[-106.552022246467,31.8087592275761],[-106.553172160445,31.8091373429802],[-106.555935397991,31.8099130743486],[-106.557926372348,31.8103299235634],[-106.558094731159,31.8103322879488],[-106.558316297922,31.8103689055633],[-106.558453753679,31.8104102274816],[-106.56009653927,31.8106627253812],[-106.560447369871,31.810720347457],[-106.560544146192,31.8107315193854],[-106.560548753854,31.8107322274688],[-106.560703754166,31.810758227959],[-106.561771754322,31.8109712276923],[-106.56217723149,31.8110504195538],[-106.56270841485,31.8111581171038],[-106.562745609346,31.8113279237409],[-106.562979696802,31.8122419820922],[-106.563048754555,31.8125192277606],[-106.565192536834,31.8130102315802],[-106.566185402289,31.813238409867],[-106.566607755917,31.8133442282192],[-106.566617146417,31.8133376288972],[-106.566678552356,31.8133517407188],[-106.566691325934,31.8133546769744],[-106.566945492569,31.8131332538221],[-106.567242434626,31.8128836762016],[-106.567312518925,31.8128282321115],[-106.567488756452,31.812698227757],[-106.568857436557,31.811658069073],[-106.568965036211,31.8115778667442],[-106.568987465593,31.8115593983827],[-106.56939115869,31.8112534549052],[-106.569719362579,31.811015191272],[-106.569810306829,31.8109491684743],[-106.570334237255,31.8105387224056],[-106.570759756301,31.810216226808],[-106.57111944269,31.8102113583453],[-106.574073707749,31.8102085432662],[-106.575487596633,31.8102101944024],[-106.575590462258,31.81021031492],[-106.576290123206,31.8102111249893],[-106.576296808933,31.8102111321417],[-106.576601779259,31.8102114848656],[-106.576690678883,31.8102972819761],[-106.576697538478,31.8103039027626],[-106.576711965669,31.8103019884411],[-106.57672515968,31.8103002380638],[-106.576765758364,31.810331226795],[-106.576774696161,31.8103324238977],[-106.576971445167,31.8104981288342],[-106.577150057491,31.8106444402643],[-106.577311415504,31.8107773760715],[-106.5775053829,31.8109384606302],[-106.57767538713,31.8110790122733],[-106.57784445684,31.8112174912493],[-106.578011361443,31.8113554515529],[-106.578209186134,31.8115193037905],[-106.578425827601,31.8116969103818],[-106.578634210094,31.8118706856127],[-106.578837456043,31.8120376857992],[-106.578998028689,31.8121685798005],[-106.579196687951,31.8123363316357],[-106.579337500895,31.8124514022838],[-106.579533192346,31.8126128908769],[-106.579726941547,31.8127739178053],[-106.579916151178,31.81292830732],[-106.580105257376,31.8130845225721],[-106.580302338077,31.8132481925931],[-106.580516971979,31.8134253097089],[-106.580701328662,31.813578540068],[-106.58080336733,31.8136621366256],[-106.580893575641,31.8137355031567],[-106.580931252379,31.8137673924291],[-106.581089412742,31.81390125785],[-106.581101343756,31.8139240666523],[-106.581209861123,31.8141941192231],[-106.581332726682,31.8144967852418],[-106.581381272432,31.8146118809918],[-106.581642125869,31.8152160800535],[-106.581776734299,31.8154070675807],[-106.581830409546,31.8154841874769],[-106.582090262777,31.8158495774546],[-106.582143799217,31.8159248548678],[-106.582226472722,31.8160429292423],[-106.582248692657,31.816073827846],[-106.582329439567,31.816188007559],[-106.582896265557,31.8168089508958],[-106.583192869907,31.8171338690541],[-106.583233746837,31.8171786881514],[-106.583789264952,31.8177863569898],[-106.584112473043,31.8181414506809],[-106.584398354234,31.8184552984954],[-106.584487441497,31.8185529310191],[-106.584644943614,31.8187246944293],[-106.584842188643,31.8189416947952],[-106.584960341193,31.8190728962147],[-106.585199351403,31.8193383032184],[-106.585304891589,31.8194550226094],[-106.58535879314,31.8195225888762],[-106.585417719342,31.819612336046],[-106.585481541577,31.8197094193426],[-106.585659577879,31.8200035589384],[-106.585776265386,31.8202046081092],[-106.585893293234,31.820419242533],[-106.586009706743,31.8206301812163],[-106.586216064964,31.8210066905459],[-106.586346809898,31.8212416823401],[-106.586446204458,31.8214214466177],[-106.586448193385,31.8214250427921],[-106.58672109311,31.8215868233823],[-106.586972872353,31.821727466059],[-106.5872203611,31.8218563711774],[-106.58746335837,31.8219867337039],[-106.587706590736,31.8221162065091],[-106.587945593269,31.8222500147008],[-106.588183908256,31.8223843595566],[-106.588415842974,31.8225174443418],[-106.588646665373,31.8226470142121],[-106.588894099417,31.8227848036957],[-106.589130496346,31.822917790236],[-106.589373466671,31.8230511252226],[-106.589612259284,31.8231843227733],[-106.589897061594,31.8233395632422],[-106.589950115988,31.8233690578607],[-106.590087266861,31.8234453042994],[-106.590367049703,31.8235979289035],[-106.590637710439,31.8237520564839],[-106.590907025406,31.8238951332748],[-106.591186265525,31.8239980878982],[-106.591479315281,31.824100713955],[-106.591778811629,31.8242057103499],[-106.592077110001,31.8243060394919],[-106.592376240242,31.8244124893055],[-106.592677396402,31.824517708304],[-106.592985732337,31.8246268999485],[-106.593199178186,31.8247003030764],[-106.593414597894,31.8247707619552],[-106.593602716229,31.8248322921842],[-106.593894438959,31.82481796294],[-106.594039126062,31.8248108559117],[-106.594709762337,31.824779228717],[-106.595010594486,31.8247641696674],[-106.595109069108,31.8247596686355],[-106.59548466802,31.8247412172945],[-106.595883549876,31.8247216174575],[-106.596285628983,31.8247018598288],[-106.596297740979,31.8247013049976],[-106.596326593423,31.8246998886021],[-106.596713749937,31.8246821999528],[-106.59709510478,31.8246634579097],[-106.597360136445,31.8246489176801],[-106.597625763159,31.8246362280162],[-106.598445313291,31.8246101929315],[-106.598486607831,31.8246097605995],[-106.598695204204,31.8246022529035],[-106.600709764209,31.8245382278321],[-106.601617291695,31.8244986521342],[-106.60175869956,31.824493833412],[-106.602028672022,31.8244846352448],[-106.60316112468,31.8258178918716],[-106.605110658779,31.828113003375],[-106.605069598359,31.828202754932],[-106.605056924461,31.8282304590147],[-106.604653101936,31.8289437326461],[-106.604782304728,31.8291344820157],[-106.604831890828,31.8292076884522],[-106.604711872746,31.8295740007068],[-106.604502259298,31.8302146164032],[-106.60446596376,31.8303264231683],[-106.604260299493,31.8309557644553],[-106.604051476753,31.8315938033293],[-106.604012236276,31.8317012659848],[-106.603811652485,31.8323322129116],[-106.60361747029,31.8329335571357],[-106.603582558509,31.833025189518],[-106.603570777604,31.8330561112118],[-106.603429181182,31.8335225580013],[-106.603372717118,31.8337085618611],[-106.603372297494,31.8337099451397],[-106.603372239898,31.8337137643163],[-106.603367774644,31.8340085984087],[-106.603357925583,31.8343477570068],[-106.603354242881,31.8344801264027],[-106.603338668817,31.8350476594844],[-106.603304261409,31.8355944576812],[-106.603157736768,31.8360509327531],[-106.603138197141,31.836111804467],[-106.603097855416,31.8366234132541],[-106.603087829324,31.836753258933],[-106.603080459327,31.8368471350591],[-106.602934764838,31.8371992306103],[-106.6027253439,31.8377079650917],[-106.60248980931,31.8381501377905],[-106.602279948913,31.8385401912123],[-106.601588358549,31.8396995639137],[-106.601572043587,31.8404547353027],[-106.601564832441,31.841115855037],[-106.601569832331,31.8412209375274],[-106.601581250699,31.841461969952],[-106.60160477774,31.8419956170957],[-106.601628373673,31.8425313275321],[-106.601634193708,31.8426164241051],[-106.601652680214,31.8430394516061],[-106.601677489162,31.843602653642],[-106.601693109032,31.843885511623],[-106.60169330454,31.8440975061079],[-106.601699722863,31.8443636672584],[-106.602231680159,31.8446466745539],[-106.602478352537,31.8447694412836],[-106.603288617381,31.845162676197],[-106.603416350563,31.8452226012589],[-106.60358430162,31.8453053671336],[-106.603726710633,31.8453693950344],[-106.604407004658,31.845659450412],[-106.604557183437,31.8457307341294],[-106.604712821824,31.8458044040107],[-106.605201279866,31.8458850318949],[-106.605255766483,31.845910231686],[-106.605273766389,31.8459222318023],[-106.605576765896,31.8461252316415],[-106.605673766362,31.8461902312977],[-106.60575576641,31.8462482314354],[-106.605951766332,31.8462852319561],[-106.606210766403,31.8463352316744],[-106.607485766795,31.8464822317782],[-106.607739766713,31.8465292312147],[-106.608483766788,31.8465982314326],[-106.609107766747,31.8466602317789],[-106.609836766896,31.8466422318292],[-106.610823767962,31.8466132314305],[-106.611505767322,31.8464982314613],[-106.611971767912,31.8464982311394],[-106.61264276756,31.8464982313615],[-106.612711768357,31.8464942310613],[-106.612819768246,31.8464912310617],[-106.612996582219,31.8464847833073],[-106.614142507147,31.8464752588296],[-106.614377589513,31.8466656432604],[-106.614656707097,31.8466630119746],[-106.616824408006,31.8485956547834],[-106.621638784004,31.8528752274934],[-106.62380294944,31.854798000204],[-106.625157686354,31.856001305367],[-106.6254923978,31.8565718296575],[-106.626566255438,31.8585094547155],[-106.626597860138,31.8585668099646],[-106.626634611536,31.8586377521561],[-106.626890704483,31.8591070591773],[-106.626914926265,31.8591451616672],[-106.626976178175,31.8592685740879],[-106.627130965404,31.8595804443098],[-106.627227302729,31.8597284617525],[-106.627283824654,31.8598294535489],[-106.627308951162,31.8598769254379],[-106.627440774315,31.8600997532892],[-106.62746977198,31.8601642330708],[-106.627493547947,31.8601889602944],[-106.627601250635,31.86037101419],[-106.627658767935,31.8604579043051],[-106.627749599613,31.8606029302794],[-106.628003019146,31.8609719148631],[-106.628057617157,31.8610336908215],[-106.628076964401,31.861055583448],[-106.628114206626,31.861097723554],[-106.628158966451,31.8611451231913],[-106.628183304419,31.861170896239],[-106.628370420397,31.8613471735067],[-106.628682420649,31.8614946313865],[-106.629141772421,31.861834233426],[-106.629588772742,31.8620902326941],[-106.63200877347,31.8637242336083],[-106.632402773192,31.8639902335359],[-106.63349077335,31.8646842334104],[-106.635079517829,31.865698281146],[-106.635155992504,31.8657588718397],[-106.635743243598,31.8662241473488],[-106.635743717211,31.8662245209707],[-106.635812685892,31.866279166013],[-106.635917646547,31.8676256818821],[-106.635892370706,31.870100666658],[-106.634878687267,31.8735804137784],[-106.634908230382,31.8736945989221],[-106.634908522258,31.8736957256529],[-106.634907603524,31.873696857673],[-106.634619588976,31.8741010891656],[-106.634584711989,31.87415001978],[-106.634317688683,31.8744949733977],[-106.634012253524,31.8748926644169],[-106.633303337944,31.8758065254913],[-106.633239143788,31.8759078555459],[-106.633145615637,31.876055484522],[-106.632532294449,31.8768394332124],[-106.63248400534,31.87683937803],[-106.631122270699,31.8786935367795],[-106.631031326588,31.8788173636791],[-106.63076653654,31.8792878814691],[-106.629854027819,31.8809093126045],[-106.629784936734,31.8810503660524],[-106.629647013516,31.8813202803748],[-106.629599045949,31.881414152765],[-106.629478317045,31.8820905995556],[-106.629179604042,31.8837642517374],[-106.629198069795,31.8837953226451],[-106.629570059585,31.8844211906219],[-106.629610773515,31.8845002368794],[-106.630369774415,31.8857782370685],[-106.630405774631,31.8858412365497],[-106.630416757235,31.8858598226179],[-106.630411926342,31.8858598674087],[-106.630396790798,31.8858597429088],[-106.630369558722,31.8858595194937],[-106.630304268413,31.8858605355043],[-106.63030410834,31.8858660794657],[-106.630297774197,31.8858662366786],[-106.630303001603,31.8859045685744],[-106.630302662074,31.8859163529623],[-106.630318971948,31.8876132960402],[-106.63032777429,31.8885892372516],[-106.630335396282,31.8893220744034],[-106.630353304481,31.8911852309309],[-106.628319263794,31.8911762385969],[-106.625619142309,31.8911631520947],[-106.625696475161,31.8889842832676],[-106.625751773494,31.8874582370143],[-106.625755773655,31.8873152369255],[-106.62577817497,31.8866822701263],[-106.625806887819,31.8858732305565],[-106.625608423936,31.8858757754445],[-106.625519773493,31.8858762366623],[-106.625496372938,31.8858772118469],[-106.625471651972,31.8858775290984],[-106.625451025039,31.8865635348902],[-106.625411773556,31.8878412378742],[-106.625324773087,31.8906722378166],[-106.624175733272,31.8906813790696],[-106.620048764132,31.890709186474],[-106.620046508572,31.8904102286088],[-106.620034007896,31.8883242377181],[-106.62161777245,31.8883242375968],[-106.621617765496,31.8883233825282],[-106.62161789044,31.8883233828186],[-106.62160212188,31.8858837238288],[-106.620812824708,31.8858866816589],[-106.620778420311,31.8858867609467],[-106.620292772256,31.8858872377693],[-106.619869859504,31.8858888487076],[-106.619848288341,31.885888898136],[-106.619682466195,31.8858895377307],[-106.6191997716,31.8858912372925],[-106.6189497718,31.8858922370756],[-106.617878771851,31.8858962377067],[-106.617813925787,31.8858967328285],[-106.616379396897,31.8859022381048],[-106.616180771313,31.8859022373171],[-106.615952746143,31.8859038721373],[-106.615697135465,31.8859048509098],[-106.612540596267,31.8859218997209],[-106.610555958462,31.8859359195264],[-106.610333925461,31.8859362386148],[-106.60969476946,31.8859362375388],[-106.609330479699,31.8859376754807],[-106.608136330898,31.8859393746702],[-106.607803853582,31.8859425346508],[-106.607688769356,31.8859432383339],[-106.60683176865,31.8859512383862],[-106.606429861991,31.8859555857924],[-106.605711073477,31.8859624077318],[-106.60515963298,31.8859642389775],[-106.60484476827,31.8859642380957],[-106.604445768237,31.8859662381414],[-106.603285768498,31.8859702383206],[-106.603239308853,31.8859705961636],[-106.602247962984,31.8859738673361],[-106.601407034261,31.8859808268504],[-106.601222768255,31.8859812385539],[-106.600107767301,31.8859882386224],[-106.598697766755,31.885998238431],[-106.597378767418,31.8860082387695],[-106.597264766683,31.886008238005],[-106.597230596965,31.8860092843509],[-106.597166766709,31.8860112387321],[-106.597166501796,31.8860115874886],[-106.597165723448,31.8860116158904],[-106.597151537464,31.8860312767211],[-106.597147767204,31.8860362381435],[-106.597145767331,31.8860632381579],[-106.597174767132,31.8863132381932],[-106.597188542896,31.8864246964636],[-106.597268546642,31.8871078902581],[-106.597349340141,31.8877978122507],[-106.597379003177,31.8883711976917],[-106.597447398858,31.8892213183275],[-106.597448766899,31.8892412391137],[-106.597450385413,31.8892584452792],[-106.597452030404,31.8892788883822],[-106.597457704247,31.8893362583637],[-106.59746776749,31.8894432387125],[-106.597529767514,31.8900702391344],[-106.597542427764,31.890192840287],[-106.59761158885,31.890892074442],[-106.597724075852,31.8919530474371],[-106.597724167734,31.8919539092498],[-106.597764780512,31.8923521161972],[-106.597765767432,31.8923582398411],[-106.597823295276,31.8927203714935],[-106.597897215018,31.8930720596868],[-106.59791176716,31.8931442397466],[-106.597953690287,31.8932500768762],[-106.597964265107,31.8932773662507],[-106.597971218787,31.893295310277],[-106.597973285203,31.8933000334221],[-106.598044425059,31.8934012532679],[-106.59809935942,31.8934741520307],[-106.598126768133,31.8935122395782],[-106.598456948867,31.8939486826744],[-106.598762177955,31.8943537236858],[-106.598940490928,31.8956857651436],[-106.599008365229,31.8963070472363],[-106.599026709334,31.8964339216696],[-106.599062768404,31.896693239597],[-106.599086574265,31.8968479789341],[-106.599099462221,31.896937119979],[-106.599118519269,31.8971636371161],[-106.599127767691,31.8972852404097],[-106.599148091042,31.8975124923769],[-106.599246792199,31.8986249782431],[-106.599013894417,31.8986383754037],[-106.598953727957,31.8986427391461],[-106.598330398038,31.8986432131605],[-106.598293511614,31.8986432412755],[-106.598006767661,31.8986432404898],[-106.597891827494,31.8986435457683],[-106.597472305744,31.8986438622936],[-106.597142810538,31.898644109002],[-106.59696197914,31.8986442444599],[-106.596802166894,31.898644364352],[-106.596641061913,31.8986444847863],[-106.596160161916,31.8986448425945],[-106.596090242874,31.8986448947547],[-106.595583767818,31.8986442408914],[-106.595425630702,31.8986453868655],[-106.595356940829,31.8986454373494],[-106.5950371522,31.8986456727641],[-106.594714255109,31.8986459095842],[-106.594472598127,31.898646085816],[-106.594286643518,31.8986462217484],[-106.594283316371,31.8987546538304],[-106.594278766922,31.898799240711],[-106.594273491496,31.8990748987058],[-106.594270548681,31.8991708102519],[-106.594267169382,31.899347790607],[-106.594266707934,31.8993877125488],[-106.594264767622,31.8994692411389],[-106.594262871544,31.8997198373235],[-106.594259119888,31.9000446524012],[-106.59425847158,31.9001322131691],[-106.594258376889,31.9003141028675],[-106.59424460217,31.9021354185267],[-106.594240887796,31.9023245617948],[-106.594242106995,31.9024653124165],[-106.594241767637,31.9025102415287],[-106.594244458506,31.9027385882091],[-106.594245474225,31.9028612039004],[-106.594249431718,31.9033227203849],[-106.594249633227,31.9033461638395],[-106.594254653932,31.9036092082811],[-106.591504858126,31.9036225019651],[-106.590864766939,31.9036242416549],[-106.590864936987,31.9036282132415],[-106.590864810963,31.9036283412351],[-106.59086771593,31.9036928162565],[-106.590868767065,31.9037172413471],[-106.59088676707,31.904647241747],[-106.590886766691,31.9049992421716],[-106.590892766572,31.9055022417991],[-106.590894766763,31.905782242201],[-106.5908927669,31.9059262415974],[-106.5909037669,31.9065982422977],[-106.59091776711,31.9069912416545],[-106.59091876511,31.907381702311],[-106.590918766877,31.9073822423736],[-106.590914509379,31.9075898400221],[-106.590914468135,31.9075918779436],[-106.590911659523,31.907729256365],[-106.590918993987,31.9080061206877],[-106.590919051367,31.9080082731013],[-106.590920169944,31.9080504809309],[-106.590922766451,31.908184242286],[-106.590921215389,31.9081912230893],[-106.590921020693,31.9081912252155],[-106.590921029349,31.9081920621183],[-106.590920767375,31.9081932426127],[-106.590921783196,31.9082674180029],[-106.590922766955,31.9083657615526],[-106.590922767402,31.9084142420045],[-106.589945766905,31.9084602426237],[-106.589721766247,31.9084702427631],[-106.589678766239,31.908472242825],[-106.589619766632,31.9084752424856],[-106.589560799743,31.9084782405479],[-106.589560767021,31.9084782421194],[-106.589557766181,31.9085602428673],[-106.589553766205,31.9086772421643],[-106.589553755844,31.9086785451564],[-106.589538592032,31.9091097486664],[-106.589538788023,31.9091097500932],[-106.589538766518,31.9091102424969],[-106.589743644149,31.9091122314409],[-106.589733422893,31.9111799930759],[-106.58985408358,31.9112563936444],[-106.590027766435,31.9113672431557],[-106.590029149364,31.911367242676],[-106.590029928497,31.9113677363708],[-106.590098654287,31.9113672430095],[-106.590332766474,31.9113672428026],[-106.590347107616,31.9113810557699],[-106.590499014016,31.911527911965],[-106.59059179466,31.9116327612561],[-106.590615075641,31.9116598760894],[-106.590660144594,31.9117187262468],[-106.59070676662,31.911781243075],[-106.590797766828,31.9119002432321],[-106.590911416817,31.9120756403405],[-106.591003655386,31.9122199984727],[-106.591043606588,31.9122939519691],[-106.591104766873,31.9124102429227],[-106.591114685186,31.9124309704097],[-106.591204350907,31.9126219190306],[-106.591252663073,31.91275174181],[-106.591341463197,31.9129974005016],[-106.591412622024,31.9132564410135],[-106.591468334926,31.91354708765],[-106.591489984644,31.9137178114455],[-106.591493262498,31.9137623569536],[-106.591505767495,31.9139452433524],[-106.591509093835,31.914065664406],[-106.591510397197,31.9141351568936],[-106.591506346747,31.9142327376266],[-106.591499487811,31.9143937018316],[-106.591490372807,31.9144738879902],[-106.591438492549,31.9149103141761],[-106.591305871932,31.9149144264662],[-106.588639694164,31.914934920715],[-106.588363766814,31.9149362431322],[-106.588362033994,31.9149199503597],[-106.58836218321,31.9148899895351],[-106.588358844717,31.9148899800106],[-106.588358766436,31.914889243102],[-106.587859766805,31.9148872432422],[-106.587298390607,31.9148868420728],[-106.585472102262,31.9148814176346],[-106.585246766392,31.9148782434667],[-106.585054689432,31.9148801741591],[-106.585026157416,31.9148800890697],[-106.585026161389,31.9148802135278],[-106.585034650418,31.9151674003758],[-106.585033600213,31.9153081456445],[-106.585033487817,31.9155335599871],[-106.585031870005,31.9169480050366],[-106.585029765821,31.9172332440132],[-106.585030764766,31.917652709643],[-106.584969895927,31.9176522621846],[-106.584968765847,31.9176522441506],[-106.584968684918,31.9176522534535],[-106.584966507124,31.9178171676336],[-106.585078488824,31.9185947049125],[-106.585094754158,31.9202464568824],[-106.585151083537,31.921625495938],[-106.585185003405,31.9223907333514],[-106.585188766905,31.9224812451987],[-106.585209766834,31.9229592453223],[-106.585095050598,31.9229600257502],[-106.585061740503,31.9229600153607],[-106.585061200402,31.9231981942999],[-106.585060432109,31.9235365019374],[-106.585059996259,31.9237289145843],[-106.585059559351,31.9239213272656],[-106.585059123497,31.92411373988],[-106.585058686586,31.9243061525288],[-106.585058264512,31.9244985653526],[-106.585056766547,31.9250752448964],[-106.585055766381,31.9255752454664],[-106.58501176673,31.9255752457075],[-106.585011766976,31.9255761164255],[-106.585010907396,31.9255761224419],[-106.585008512566,31.9277069133157],[-106.585008526663,31.9279843536446],[-106.585009128135,31.9283691490258],[-106.585010184047,31.928705570902],[-106.585011860364,31.9292478496148],[-106.585013588271,31.9298115570207],[-106.58501481139,31.9300351237494],[-106.58501724846,31.9305113384519],[-106.585019327919,31.9308911949114],[-106.585019530142,31.9309324878781],[-106.585020648134,31.9311444420097],[-106.585021053215,31.9312215144982],[-106.585022283157,31.9315308546607],[-106.585022531107,31.9315931666291],[-106.585033201206,31.9328752731372],[-106.585037979497,31.9334494120935],[-106.585042767703,31.9341152467998],[-106.585063357815,31.9364985719213],[-106.585066642935,31.9368932938218],[-106.585066825207,31.9369556530542],[-106.585067573152,31.9377655209574],[-106.585059773951,31.9417415246094],[-106.585059704926,31.9417439784118],[-106.585052772497,31.941869953512],[-106.584657729261,31.9418635084802],[-106.583793005511,31.9418478448691],[-106.5823635852,31.9419084596499],[-106.581601478551,31.9420354735204],[-106.58102964496,31.9421708197764],[-106.580531196718,31.9422899487589],[-106.579732280221,31.9425948969882],[-106.579226492883,31.942828651934],[-106.578903338207,31.9430092104024],[-106.578473437368,31.9432647207702],[-106.578101244845,31.943492068941],[-106.57768168145,31.9437915230193],[-106.57730790139,31.9441078285798],[-106.57703594624,31.9443875112876],[-106.576791592643,31.9446341258963],[-106.576528307775,31.9449324375847],[-106.576334659283,31.9451575756009],[-106.576150933097,31.945420330992],[-106.575934263496,31.9457481533021],[-106.575755121577,31.9460805255522],[-106.575571891547,31.9464638848201],[-106.575467724668,31.9466910840646],[-106.575301422024,31.9471053761364],[-106.575165642062,31.9475309036834],[-106.575085490447,31.9478966264466],[-106.575031693452,31.9482102972016],[-106.574981230371,31.9485745988075],[-106.574958374054,31.948905833187],[-106.574948871692,31.9491914623427],[-106.574464016178,31.9491920627049],[-106.571783436394,31.9491974056434],[-106.571754020923,31.9508380748651],[-106.571752060654,31.9510772339561],[-106.571752783983,31.9512057994864],[-106.571758431722,31.9522186175235],[-106.571770854581,31.9544471656233],[-106.571771258506,31.9545196033333],[-106.571778437625,31.955793322776],[-106.571774385419,31.9567620648337],[-106.571772556911,31.9571994159355],[-106.571772552544,31.9572004115018],[-106.571731535779,31.9572008481826],[-106.569884297685,31.9572205166999],[-106.569503484122,31.9572238248124],[-106.568949091064,31.9572286383268],[-106.568514781346,31.957232407322],[-106.568514807617,31.9572340138086],[-106.568624020313,31.9639335758277],[-106.568704116942,31.9688512128584],[-106.568704136863,31.9688526100931],[-106.568716140614,31.9695893972779],[-106.568600014309,31.9696163463817],[-106.568491074819,31.9696414577039],[-106.568314453161,31.9696850642265],[-106.568214093441,31.9697097658521],[-106.568123625147,31.9697306099477],[-106.567994543518,31.9697689941862],[-106.567943693706,31.9697843358751],[-106.567856484199,31.9698113247949],[-106.56769754731,31.969860534573],[-106.567560439047,31.9699034579479],[-106.567451929301,31.9699409680094],[-106.567348487087,31.9699769115187],[-106.567227069142,31.9700212591504],[-106.567113232924,31.9700597389794],[-106.566953298576,31.9701169402334],[-106.566867818349,31.9701568196293],[-106.566775226164,31.9702014485581],[-106.566768718042,31.9702045850285],[-106.566620522777,31.9702760120498],[-106.566460040318,31.9703525090749],[-106.565882965352,31.9706196142294],[-106.565475074711,31.9708566027558],[-106.565237629211,31.9710303844191],[-106.565034123498,31.9711970317388],[-106.564933579801,31.9712871831535],[-106.56478909675,31.9714289854215],[-106.564750173325,31.9714288796781],[-106.564748066159,31.9714309467095],[-106.564639048223,31.9714306517493],[-106.563893015201,31.971435951625],[-106.563765727736,31.9714366040728],[-106.563011445262,31.9714424232327],[-106.562902227368,31.9714426954686],[-106.562258450395,31.971448065409],[-106.562056893626,31.9714552292137],[-106.561934908601,31.9714590108814],[-106.561258068617,31.971484849992],[-106.560587825113,31.9715091041602],[-106.559914241566,31.9715348556778],[-106.559237287496,31.97155935204],[-106.558563851893,31.9715860044448],[-106.557893542184,31.9716109839895],[-106.557350318425,31.9716331830228],[-106.557220088141,31.9716374568868],[-106.557090573611,31.9716430774657],[-106.556347457254,31.9716725536684],[-106.555626190398,31.9717035623191],[-106.554898130224,31.971733472219],[-106.554173556625,31.9717652971804],[-106.553452186392,31.9717949185689],[-106.552724328065,31.9718261849466],[-106.55200305123,31.9718570574196],[-106.551842147412,31.9718628730826],[-106.55127701063,31.9718864821554],[-106.550935332124,31.9719007545365],[-106.550930376108,31.9723247095683],[-106.5509499181,31.9728991517709],[-106.550949740433,31.9731104342091],[-106.550945929067,31.9733863151388],[-106.550948527144,31.9736165753028],[-106.550947248614,31.9739178872302],[-106.550968543974,31.9744729790066],[-106.550994831308,31.9752563260576],[-106.550999231616,31.9754430276239],[-106.551037801791,31.9770795105119],[-106.551050358163,31.977657649151],[-106.551050582229,31.9776934444295],[-106.551071226393,31.9786862718401],[-106.551088953226,31.9795195559306],[-106.551103706553,31.9802401282445],[-106.551105097393,31.9803171517243],[-106.551124351828,31.9812329544941],[-106.551145270005,31.9822615695755],[-106.551153562732,31.9826215659675],[-106.551164717308,31.9831058174485],[-106.551317062637,31.9904861933502],[-106.551415332807,31.9904868540553],[-106.551735455975,31.9904890059461],[-106.552103574977,31.99049147915],[-106.552310370457,31.9904936794458],[-106.554147529333,31.990496175272],[-106.556782833305,31.9904997095944],[-106.55685598578,31.9904980506709],[-106.557489652066,31.9905021316838],[-106.557608056828,31.9905033765148],[-106.558081558043,31.9905083513597],[-106.559114270495,31.9905058488438],[-106.560248069696,31.9905017297469],[-106.560339451019,31.990501396744],[-106.560539756583,31.9905006676843],[-106.560644408787,31.990500287761],[-106.560861425386,31.9904994962213],[-106.560950944855,31.9905007293639],[-106.560999358197,31.9905002090403],[-106.561208348968,31.9904979667346],[-106.562038402082,31.9904971895007],[-106.562197030977,32.0007422607798],[-106.561860028412,32.0007460422126],[-106.560747717971,32.0007567292843],[-106.557222764872,32.0007632592681],[-106.549833763503,32.0007622595933],[-106.539514761226,32.0007672597106],[-106.525658758265,32.000767260402],[-106.513998755193,32.0008082609536],[-106.513989755923,31.9991292606249],[-106.514000755288,31.9982932599647],[-106.513979755882,31.997304260472],[-106.513951755651,31.9954352597425],[-106.513236755126,31.9933682599903],[-106.513223755537,31.9933332598175],[-106.511871754903,31.9919612591604],[-106.510291754657,31.9904302591377],[-106.510044753688,31.9901812595636],[-106.508639754059,31.9869972585553],[-106.508472754051,31.9866592587845],[-106.507016753216,31.9837852579378],[-106.506740753171,31.9810832575469],[-106.507241753367,31.9797772576152],[-106.507258752941,31.9784982574457],[-106.50709175224,31.9765122571377]]]},"properties":{"OBJECTID":1,"DISTRICT":"1","INCUMBENT":"BRIAN KENNEDY","INCUMBINFO":null,"POP2000":93789,"AREASQMI":null,"PERIMFT":null,"REMARK":"POP INFO FOR 2020","COMMENT":null,"EDITOR_NAME":"DBO","EDIT_TIME":null,"CEPID":null,"IMGLINK":"https://gis.elpasotexas.gov/Districting/assets/images/district1.jpg","LINK":"https://www.elpasotexas.gov/district-1/","Shape__Area":222606364.2421875,"Shape__Length":97478.22293941672,"GlobalID":"5732ec1a-e703-40d4-8007-7612b144dfbd"}},{"type":"Feature","id":2,"geometry":{"type":"Polygon","coordinates":[[[-106.490344963345,31.86851302906],[-106.490344742667,31.8685002398777],[-106.489998149184,31.8685241716755],[-106.478806051132,31.8688896150857],[-106.476221739207,31.8689732405755],[-106.457391735447,31.8694672418671],[-106.457298863859,31.8694696855485],[-106.457049706915,31.8694758142885],[-106.457049285256,31.8694758241818],[-106.453925414543,31.8695352927563],[-106.453640734321,31.8694422421867],[-106.453363782597,31.8695459766738],[-106.452488976266,31.8695626126125],[-106.451664734265,31.8695762419534],[-106.450183733336,31.8696042418276],[-106.448748733379,31.8696322422093],[-106.447304733432,31.8696562425614],[-106.446520785836,31.8696736150862],[-106.44442172558,31.8697113518346],[-106.443888731597,31.8697209290922],[-106.442948732143,31.8697362426286],[-106.442684035963,31.8697425661827],[-106.441542680881,31.8697630564014],[-106.441539731774,31.8696372429713],[-106.441463732183,31.8696382426733],[-106.441072732099,31.869645242312],[-106.440893731345,31.8696482428866],[-106.4406417315,31.8696522426144],[-106.440073731078,31.8696622429627],[-106.439687730833,31.8696632424409],[-106.439554730829,31.869665242928],[-106.439331730929,31.8696682424771],[-106.438987730813,31.8696742423595],[-106.436924730503,31.8697162424641],[-106.43590873028,31.8697332428688],[-106.434667730134,31.8697532429266],[-106.434495730684,31.8697562426555],[-106.434071730531,31.8697592433738],[-106.433875730418,31.869761243247],[-106.433636730257,31.8697682431468],[-106.433451730278,31.8697732432382],[-106.433096729906,31.8697822428863],[-106.432842729301,31.8697892430735],[-106.432351729749,31.8697952426687],[-106.431797729399,31.8698042431885],[-106.430424729504,31.8698292436048],[-106.429519728622,31.8698432433004],[-106.428705728774,31.869856243215],[-106.428438728666,31.8698612429559],[-106.428258729179,31.8698602428195],[-106.428057728335,31.8698592435651],[-106.427906728927,31.8698602428646],[-106.427683728478,31.8698632432476],[-106.42588172828,31.8698942433633],[-106.423881727505,31.8699332435384],[-106.42375372826,31.8699332435923],[-106.423251728089,31.8699352434845],[-106.423231727888,31.8699352430807],[-106.423173727748,31.8699382435516],[-106.423017727369,31.8699402432786],[-106.422963727881,31.8699432435338],[-106.422898727243,31.8699442437094],[-106.422184727027,31.8699572439663],[-106.421795727902,31.8699622432563],[-106.421521726912,31.8699672436099],[-106.421304727294,31.8699712431752],[-106.420707726998,31.8699832435696],[-106.420431727143,31.8699872440054],[-106.41956572642,31.8700022434829],[-106.419454726914,31.8700052436339],[-106.419316726886,31.8700062441198],[-106.418828726878,31.8700152434857],[-106.418729726566,31.8700172433322],[-106.418501726303,31.8700212437835],[-106.417872726509,31.8700322435641],[-106.417519726963,31.8700382440682],[-106.417384726635,31.8700412438276],[-106.417183726635,31.8700452440866],[-106.41692672669,31.8700522440098],[-106.41680772646,31.8700512442113],[-106.41647872582,31.8700592440112],[-106.416370725924,31.8700592437077],[-106.416060726128,31.8700652439558],[-106.415782725678,31.8700702438115],[-106.415489726369,31.8700742437906],[-106.415206726184,31.8700792438081],[-106.414885726267,31.8700862436199],[-106.414738725958,31.8700872441006],[-106.414504725844,31.870091244067],[-106.414365725356,31.8700932443084],[-106.414229725349,31.8700952442872],[-106.413718725461,31.8701032437062],[-106.413331725356,31.8701102441412],[-106.413016724942,31.8701182435684],[-106.412316724967,31.8701352443645],[-106.411649725393,31.8701492442358],[-106.411458724981,31.8701532439865],[-106.411107725411,31.8701582440975],[-106.410581725394,31.8701662439392],[-106.410088724514,31.8701742444496],[-106.409704724419,31.8701802441982],[-106.408917725107,31.87019724433],[-106.408817724733,31.8701992444502],[-106.40845472441,31.870204244531],[-106.408279724566,31.8702082446225],[-106.407631724686,31.8702272444056],[-106.40734372447,31.8702352441624],[-106.407301723971,31.8702332444849],[-106.407281724404,31.8702322444816],[-106.40723872411,31.8702232438384],[-106.406789723936,31.8702012439681],[-106.40691172424,31.8700222439753],[-106.409101724899,31.8665602437892],[-106.410311724826,31.8646402436493],[-106.411286724736,31.8631182428776],[-106.41152072449,31.8627532425823],[-106.412678724675,31.8609072426848],[-106.413828725474,31.8590972417122],[-106.416220725109,31.8553482417461],[-106.41663572508,31.8546842413256],[-106.417362725239,31.8535212413841],[-106.420247725994,31.8489742399429],[-106.420465725882,31.848627239975],[-106.421613725777,31.8468112398232],[-106.423173726053,31.8443482397666],[-106.424354726445,31.842499239337],[-106.424900726452,31.8416362389249],[-106.425447726348,31.8407692389353],[-106.427479726871,31.8375742382808],[-106.428674726678,31.8356662379576],[-106.428859726852,31.8353772376245],[-106.429043726346,31.8350652374642],[-106.429104726537,31.8349222378102],[-106.429101794994,31.8348972116222],[-106.42938766521,31.8344558902202],[-106.434773727343,31.8260662359213],[-106.434877645458,31.8258893748954],[-106.43503716538,31.8258869260958],[-106.437477817164,31.8219514492911],[-106.4382855136,31.8206489794438],[-106.438930270039,31.8196360014678],[-106.439738109943,31.8179816427222],[-106.440049688302,31.8171404240871],[-106.440356072858,31.8160514679457],[-106.440670817167,31.8149253802493],[-106.440476606819,31.8146437587716],[-106.440038884003,31.8141976110002],[-106.439473293633,31.813577708037],[-106.439366137361,31.8126192694179],[-106.438685197726,31.8126291892796],[-106.438671079795,31.8124369970597],[-106.43876425745,31.8124353002193],[-106.438988752458,31.8123561447619],[-106.439088046508,31.8123211343445],[-106.439199660118,31.8122646064037],[-106.439289417829,31.8122108461156],[-106.439399809431,31.8121310892988],[-106.439545817233,31.8119920743935],[-106.439773760583,31.8116976301883],[-106.44040900236,31.8108635956971],[-106.440449056349,31.8107990674631],[-106.440544431142,31.8106342927115],[-106.440614506523,31.8104936055208],[-106.44065878116,31.8103870950153],[-106.440735967826,31.8101592947978],[-106.440774809738,31.8099925835822],[-106.440798643988,31.8098359864657],[-106.441229112781,31.8066965622004],[-106.44129059767,31.8062888743252],[-106.441362816513,31.8055640091533],[-106.441378493495,31.805125802251],[-106.441377687435,31.8048498362702],[-106.441335453274,31.8041289752926],[-106.441246949196,31.8034973553232],[-106.441223023342,31.8033671056015],[-106.441170869847,31.8030853157292],[-106.441011047979,31.8023171382111],[-106.440965595786,31.8020737225535],[-106.440941285019,31.8019374635621],[-106.440921355263,31.8018034105561],[-106.440915320159,31.8017535438522],[-106.440860005915,31.8013299840908],[-106.440857687409,31.8013122315612],[-106.440856659171,31.8013043557956],[-106.440837111572,31.8011467204794],[-106.440739305128,31.8010457145574],[-106.44064951781,31.8009837102655],[-106.440575991758,31.8009627658241],[-106.440500642756,31.8009558464294],[-106.440438326922,31.8009616830977],[-106.440101027082,31.8010488662678],[-106.439739832925,31.8011487230207],[-106.43932358843,31.8012549347025],[-106.438761083043,31.8012585363505],[-106.43809079675,31.8012647371117],[-106.437992043921,31.8012643489578],[-106.437403331572,31.8012626158638],[-106.437225437097,31.8012608309122],[-106.436936835068,31.8012625964888],[-106.436676338798,31.801264189366],[-106.436439706177,31.8012664978366],[-106.436207332569,31.801264644577],[-106.43614772645,31.8012122312493],[-106.435995726268,31.8010842317437],[-106.435528726221,31.8006692317711],[-106.435106726313,31.80031123178],[-106.434746726475,31.7999952318218],[-106.434271726197,31.7995802315685],[-106.433874726284,31.7992392313532],[-106.433679725387,31.7990712317529],[-106.433146725409,31.7986102312773],[-106.432706390336,31.7982510883486],[-106.432667398293,31.7982168096018],[-106.432245468778,31.7978429027304],[-106.432071158762,31.7976886428386],[-106.431723441996,31.7973800809758],[-106.431664172923,31.7973277980777],[-106.431315124742,31.7970227668952],[-106.431314725076,31.7969672308951],[-106.431315725077,31.7965822308215],[-106.431319725478,31.7963702313504],[-106.431324724879,31.7959982308591],[-106.431336724935,31.7957122308182],[-106.431336724841,31.7956522312844],[-106.431339724446,31.7952232305343],[-106.431341725289,31.7950662309102],[-106.431341724447,31.7949282305286],[-106.431349725104,31.7948182309209],[-106.431357725041,31.794771230519],[-106.431372725128,31.7947112306752],[-106.431420724596,31.7945872306359],[-106.431448724972,31.7945232307832],[-106.431453725145,31.7944782306999],[-106.431456724703,31.7944322305699],[-106.431455724678,31.7942322306856],[-106.431457724425,31.7941352306186],[-106.431455724498,31.7940222303612],[-106.431466724742,31.7936992310397],[-106.431471724441,31.7933112303263],[-106.431469724879,31.792978230864],[-106.431481724845,31.7926002303591],[-106.431481724832,31.7923612308534],[-106.431493725055,31.7918682303384],[-106.431509724429,31.7913112301111],[-106.431526725111,31.7902832304121],[-106.431531724872,31.7898772296029],[-106.431537724413,31.7894372303933],[-106.431540724809,31.7891882303027],[-106.431551724405,31.788734229594],[-106.431563725011,31.7885582301921],[-106.43156472449,31.788472230239],[-106.431563724315,31.788215229783],[-106.431584725,31.787168229707],[-106.431588724731,31.7869712293567],[-106.431589724734,31.7868912294791],[-106.43159772398,31.7862822292581],[-106.431606723975,31.7856022296204],[-106.431609724005,31.7853982289966],[-106.431623724142,31.7846542293627],[-106.431631723966,31.7841882289745],[-106.431634724398,31.7837012287771],[-106.431258723883,31.7837022287788],[-106.429450723669,31.7836902288458],[-106.429349723671,31.7836882295721],[-106.429176723548,31.7836872291938],[-106.429105724156,31.7836832288293],[-106.428990724108,31.7836842291193],[-106.428844723736,31.783681228945],[-106.428594723396,31.7836802288016],[-106.428311723429,31.7836782288501],[-106.427946723335,31.7836742293449],[-106.427380723085,31.7836722293914],[-106.42678472297,31.7836702293508],[-106.42654872273,31.783667229177],[-106.42649172364,31.7836672296464],[-106.426473723158,31.7836672290649],[-106.426444723158,31.7836682295664],[-106.42612972309,31.7836622292159],[-106.425966722725,31.7836632293154],[-106.425739722755,31.7836622295565],[-106.425512723301,31.7836662296502],[-106.42488572327,31.7836552294132],[-106.42471272298,31.7836562291871],[-106.424566722419,31.78365222978],[-106.424282723159,31.7836492291553],[-106.423861722464,31.7836412292612],[-106.423400722326,31.7836382291796],[-106.423154722342,31.7836362292776],[-106.422899722716,31.7836342292488],[-106.42266572272,31.7836342292026],[-106.422570722447,31.7837172292719],[-106.422253722742,31.7837192290211],[-106.422158722272,31.7837192294568],[-106.422036722025,31.7837212295376],[-106.421853722251,31.7837182297327],[-106.421740722402,31.7837182294922],[-106.421390721917,31.783717229161],[-106.421221722093,31.783715229862],[-106.420801721477,31.7837122295377],[-106.420734721816,31.7837112294783],[-106.420642722043,31.7837092295674],[-106.420520721644,31.7837062297809],[-106.420442722347,31.783706229255],[-106.420238722374,31.7837092298582],[-106.420089721895,31.7837062292748],[-106.419979721378,31.7837052291194],[-106.419856722063,31.7837042291226],[-106.41942772164,31.7836972295382],[-106.419283721309,31.7836982293542],[-106.419189721561,31.7837002293283],[-106.419019721942,31.7837082292944],[-106.418950721364,31.7837082296556],[-106.418853721182,31.7837142292164],[-106.418782721309,31.7837162297145],[-106.418706721411,31.7837222295916],[-106.418680721544,31.7837252295783],[-106.418633721124,31.7837262293808],[-106.418508721384,31.7837382296685],[-106.418402721779,31.7837462295568],[-106.418343721947,31.7837522298379],[-106.418307721014,31.7837552296405],[-106.418175721843,31.783773229228],[-106.418018721109,31.7837992299665],[-106.417909720925,31.7838192300277],[-106.417722721237,31.7838552293757],[-106.417569721781,31.7838832300447],[-106.417247721063,31.7839562299354],[-106.417111721198,31.7839872295495],[-106.416971721644,31.7840322299591],[-106.416827720849,31.7840742298281],[-106.417022721633,31.78397423002],[-106.418091721499,31.7834452299081],[-106.418898721837,31.783039229423],[-106.419054721121,31.7828912296277],[-106.419243721862,31.7827152294637],[-106.419479721605,31.7824922294303],[-106.419618721073,31.7823532290123],[-106.419707721876,31.7822642289371],[-106.419837722006,31.7821232295102],[-106.419909721296,31.7820432295696],[-106.419943721837,31.781999229686],[-106.419974721642,31.7819602295385],[-106.420004721891,31.7819192294347],[-106.420081721581,31.7818302296209],[-106.420139722233,31.781765229504],[-106.420255721235,31.7816072292556],[-106.420342722089,31.7814712288885],[-106.420443721796,31.7812952288926],[-106.420517722206,31.7811602286403],[-106.420576721639,31.7810412290834],[-106.420618721288,31.7809532288275],[-106.420719721488,31.7807392288354],[-106.420762721926,31.7806492289046],[-106.420833722045,31.7804932287447],[-106.420897721739,31.7803382289988],[-106.420949721297,31.7802052288327],[-106.421046721817,31.7800232290943],[-106.421120722258,31.7798632288064],[-106.421216721697,31.7796672287309],[-106.421258721648,31.7795752286574],[-106.421323721721,31.779442228663],[-106.421522721426,31.7790272284074],[-106.421646721533,31.7787612287766],[-106.421741722092,31.7785642289344],[-106.421824722078,31.7783852283575],[-106.421891721601,31.7782362285092],[-106.422009722189,31.7779852281565],[-106.422077722176,31.7778282284078],[-106.422130722381,31.7777212288836],[-106.421946722143,31.7777682287374],[-106.421759721984,31.7778182283421],[-106.421663721877,31.7778472284727],[-106.420888722103,31.7781342285779],[-106.420798721937,31.7781802287454],[-106.420695722107,31.7782302287508],[-106.420534721212,31.7783102282206],[-106.420212721268,31.7784942288075],[-106.419684721154,31.7788122289211],[-106.419481721566,31.7789402284421],[-106.418887721083,31.7793042285956],[-106.418803721084,31.7793542287906],[-106.418257721532,31.7796992291888],[-106.418072721616,31.7798022285106],[-106.417621721151,31.7800822286164],[-106.417479721448,31.7801692286351],[-106.417377721091,31.780230229119],[-106.417225720828,31.780326229291],[-106.416920721194,31.7805132294472],[-106.416504720609,31.7807612294167],[-106.4161477206,31.7809602296221],[-106.415847720814,31.7811092294177],[-106.415511721014,31.7812542293138],[-106.415279720158,31.7813392291507],[-106.414928720081,31.7814542290002],[-106.414446720926,31.7815822291814],[-106.414210720527,31.7816312290073],[-106.413972720391,31.7816732297439],[-106.413813720704,31.781694229305],[-106.413498719967,31.7817292295157],[-106.41318172043,31.7817482296283],[-106.413076720171,31.7817512298072],[-106.412897719576,31.7817562292761],[-106.412517719893,31.7817492297808],[-106.412037720231,31.7817162299395],[-106.411653720293,31.7816832295056],[-106.411283719885,31.7816382294453],[-106.410661719681,31.7815852296697],[-106.409813719315,31.7815072293367],[-106.409546719164,31.7814912292959],[-106.409075719739,31.7814882296391],[-106.408693719319,31.7814962300931],[-106.408261719364,31.7815292295878],[-106.407830718828,31.7815802300405],[-106.407567719056,31.7816262295514],[-106.407252718899,31.7816702295793],[-106.407110718406,31.7816902294416],[-106.407038718385,31.7816992296069],[-106.407035817655,31.7816996378008],[-106.406974718571,31.7817082301779],[-106.406826718353,31.7817262300911],[-106.405144718709,31.7819612301065],[-106.403092718468,31.7822472303498],[-106.402746717647,31.7822852302961],[-106.402461717458,31.7823102296818],[-106.401897717432,31.782338229691],[-106.40149571802,31.7823132303728],[-106.40119971762,31.7822852298021],[-106.401033717989,31.7822632298474],[-106.400929717158,31.7822472303859],[-106.400648717432,31.782190230261],[-106.400341717415,31.7821162304509],[-106.399977717059,31.7820212299356],[-106.399597717691,31.7818952299524],[-106.399433717456,31.7818312300049],[-106.399213716638,31.7817402298173],[-106.398089717096,31.7812192304024],[-106.397995717283,31.7811762304546],[-106.397899716595,31.7808912299377],[-106.397844716677,31.7807272296941],[-106.397796716574,31.7806082301807],[-106.397778716551,31.7805642299325],[-106.397658716534,31.7802732296912],[-106.396853716429,31.7783832298218],[-106.396257716505,31.7769492290812],[-106.395959715903,31.7762582295647],[-106.395386716179,31.7749002291167],[-106.395086715681,31.7742202290005],[-106.395005716039,31.7740122293569],[-106.394830715649,31.7735612290365],[-106.394521715328,31.772860228978],[-106.394089715498,31.771826228418],[-106.393991715398,31.7716402286826],[-106.393979715765,31.7715832283298],[-106.393938715728,31.7714612286511],[-106.393854715272,31.7712852282362],[-106.393618715606,31.7707152284922],[-106.393488714655,31.7703722287148],[-106.393420715157,31.7701742280488],[-106.393293714689,31.7697202280968],[-106.393221714614,31.769396228565],[-106.39314271473,31.7689072280132],[-106.393110715416,31.7685892283606],[-106.39309471538,31.7682982284444],[-106.393109715361,31.7679692283646],[-106.393123715036,31.7676482276844],[-106.393159715209,31.7672862282546],[-106.39321371535,31.7668762276678],[-106.393228714507,31.7667832279585],[-106.393624714754,31.7642842272899],[-106.393661714801,31.7640572274336],[-106.393930714688,31.7623852268274],[-106.394050714954,31.7616362268232],[-106.394062715203,31.76157422688],[-106.394076714246,31.7614642268908],[-106.394254714488,31.7603482269466],[-106.394400714576,31.7594882265794],[-106.394418714355,31.7593422263],[-106.394419714306,31.7593132268849],[-106.39442971503,31.7591732264235],[-106.394423715015,31.7589862262965],[-106.394400714181,31.7588222268432],[-106.394345714118,31.758629226604],[-106.394272714806,31.7584522265889],[-106.394168714818,31.7582572265137],[-106.394111714515,31.7581852266729],[-106.394026714689,31.7580902266677],[-106.394025714241,31.7580892264497],[-106.393947714438,31.7579642266179],[-106.393891713969,31.7578882266911],[-106.393777714132,31.7577332263698],[-106.393724713927,31.7576622268231],[-106.393713714728,31.7576252266541],[-106.393691713969,31.7575532261596],[-106.394565715093,31.7582962265914],[-106.395289714974,31.7589112267911],[-106.395602714786,31.7591772269112],[-106.396296714926,31.7597592263004],[-106.396421715219,31.7596702270498],[-106.396545953683,31.7595707577799],[-106.398099715304,31.7583242266672],[-106.399201715558,31.7574282257541],[-106.399403715592,31.7572562259932],[-106.399169715908,31.7566512257847],[-106.398271714837,31.7524472258055],[-106.400054714988,31.7501992250043],[-106.401357715233,31.7483792243541],[-106.402680715803,31.7465102244618],[-106.403317716333,31.7457202243543],[-106.403563372754,31.7454152917369],[-106.403704716218,31.7452402242241],[-106.403767715616,31.74514622416],[-106.404020715561,31.7448422239561],[-106.404069935089,31.7447451393186],[-106.404129715938,31.7446272235465],[-106.404364715767,31.7446952236761],[-106.40687655288,31.746234675115],[-106.407537509334,31.7466639468521],[-106.407956469246,31.7468965028393],[-106.40812571742,31.7470002241614],[-106.408210987633,31.7470377780537],[-106.40821540309,31.7470402291122],[-106.408824903477,31.7473785436963],[-106.409471891841,31.7476301251506],[-106.409490611072,31.7476374040543],[-106.40971424152,31.7477243611737],[-106.410747589417,31.748164496146],[-106.411622667459,31.7485951769903],[-106.412239066717,31.7489874176142],[-106.413023429649,31.7495402271649],[-106.41384387307,31.7500408157295],[-106.415532995022,31.7508713034157],[-106.417457958766,31.7516907385527],[-106.418585343121,31.7520590464271],[-106.418813105128,31.7521255149624],[-106.41884681103,31.7521353511212],[-106.419538629512,31.7523372426034],[-106.419915158667,31.7524471218276],[-106.420229844912,31.7525259163989],[-106.420421719914,31.7525812240736],[-106.420955720334,31.7527112246697],[-106.421859720686,31.7529332239968],[-106.423524386521,31.7531193632822],[-106.424001758059,31.7531788320872],[-106.426601575483,31.7535026767168],[-106.428544687901,31.7536811012284],[-106.428932888271,31.7537234066065],[-106.429846722573,31.7538362246229],[-106.431460980706,31.7540844321129],[-106.432146937615,31.7542196038903],[-106.432524523112,31.7543218505747],[-106.433600511526,31.754613210061],[-106.433604260759,31.7546142255846],[-106.433631376658,31.7546215679669],[-106.434819966709,31.7550205523352],[-106.436198392469,31.7556127265429],[-106.437563651974,31.7563065569255],[-106.438711679768,31.756993730196],[-106.440581039548,31.7581691337105],[-106.443890069159,31.7602409485437],[-106.4455105735,31.7612554974912],[-106.447051592813,31.7622272925043],[-106.447343482231,31.7624081143315],[-106.447761727039,31.7626742245256],[-106.447908353696,31.7627580419847],[-106.448694154701,31.7632448230261],[-106.449639319014,31.7638403899479],[-106.45045222583,31.7641591137357],[-106.450751641083,31.7642765061596],[-106.451173292551,31.7643775888634],[-106.451189257898,31.7643814165048],[-106.451189370138,31.7643830271339],[-106.451123701524,31.7647554162603],[-106.450899728689,31.7779732270043],[-106.450900728669,31.7782022276119],[-106.451084728487,31.778215227428],[-106.451509728311,31.7782362269864],[-106.452146728181,31.7782382270388],[-106.452398728486,31.7782392272418],[-106.452467728358,31.7782392270698],[-106.452498728436,31.7782392276549],[-106.452581728877,31.7782412271174],[-106.453528728441,31.7782492268573],[-106.454779728872,31.7782562274049],[-106.455698729478,31.778260226819],[-106.456315729615,31.7782672267617],[-106.457284730035,31.7782562270802],[-106.458100729866,31.7782622273975],[-106.459478729687,31.778268226544],[-106.45979973018,31.7782702264529],[-106.4599667305,31.7782792271425],[-106.460198730479,31.7782772268545],[-106.460611730085,31.7782732272191],[-106.46062873064,31.7782752265609],[-106.461131730245,31.7782762264748],[-106.461418730838,31.7782732265987],[-106.461487731083,31.7782732270504],[-106.46148873022,31.7783492270014],[-106.461487730749,31.7786742268532],[-106.461482730828,31.7789342269357],[-106.461483730502,31.7790782268173],[-106.46147973113,31.7791692266627],[-106.461475730118,31.779385226788],[-106.461473730592,31.7796952273439],[-106.461470730943,31.7799322267819],[-106.461471730371,31.7802852268199],[-106.461467730919,31.7807052274763],[-106.461469730855,31.7808102267787],[-106.461467731024,31.7810182272913],[-106.461464730666,31.7811262269524],[-106.461468731211,31.7812102272912],[-106.461468731087,31.7812472269327],[-106.461468731193,31.7813262274664],[-106.46146773073,31.7813822270212],[-106.461462731101,31.7817282274777],[-106.461458731059,31.7818872271521],[-106.461456730996,31.7822092270306],[-106.461453730435,31.7822742276755],[-106.461452731071,31.7823502277074],[-106.461451730998,31.7824522276727],[-106.461454731278,31.7825562277637],[-106.461448730965,31.7826642277591],[-106.46145173075,31.7827402272788],[-106.461449731252,31.7829172273537],[-106.461444731089,31.783256227473],[-106.461444730788,31.7834452277849],[-106.461443731262,31.7837522280258],[-106.461479730704,31.7838492280357],[-106.461492730935,31.7839282276345],[-106.461489731278,31.7841262282001],[-106.461489731395,31.7842642276522],[-106.461488731161,31.7843242275988],[-106.461489730568,31.784461227951],[-106.4614877307,31.7846112281536],[-106.461485731156,31.7846522275519],[-106.461486731393,31.7848622280263],[-106.461485731496,31.7849862281952],[-106.461434730964,31.7850322282339],[-106.461447730917,31.7854932276872],[-106.461448731326,31.7855132280601],[-106.461559731012,31.7854452278383],[-106.461947731408,31.7852372274933],[-106.463227730979,31.7845492278035],[-106.464256732028,31.7839962275991],[-106.464444731826,31.783888227781],[-106.464511731723,31.7838562278691],[-106.464602732138,31.7837982277731],[-106.464859732107,31.7836182276288],[-106.465050731431,31.7834632277896],[-106.465152731969,31.7833742278736],[-106.465225731387,31.7833112271935],[-106.465595731458,31.7829352276837],[-106.466588731979,31.781923227279],[-106.466640731476,31.7819792276605],[-106.466915731703,31.7822902268456],[-106.467022732166,31.7823992270615],[-106.467176732201,31.782516226997],[-106.467620732081,31.7828332272335],[-106.467764732481,31.7829332274032],[-106.467715732041,31.7829942272834],[-106.467674731841,31.7830352277709],[-106.467629731996,31.7830822274214],[-106.467572731932,31.7831432277737],[-106.467518731809,31.7831872275377],[-106.467567732538,31.7831982273826],[-106.467626732615,31.7832112270143],[-106.467691731815,31.7832262271612],[-106.467722732097,31.7832302273816],[-106.467784731928,31.7832322275629],[-106.467842732411,31.7832332276215],[-106.467920732063,31.7832332277235],[-106.468043731946,31.7832332275605],[-106.46821973276,31.7832342271797],[-106.468315732108,31.7832342273092],[-106.469030732097,31.7832392271401],[-106.46918673271,31.783240227515],[-106.469328732466,31.7832692275553],[-106.470174732287,31.7832712274069],[-106.470305733073,31.783265226786],[-106.470437733235,31.7832452273121],[-106.470543733022,31.7832462272497],[-106.472059733297,31.783254227136],[-106.472631733143,31.7832582273291],[-106.473562733918,31.7832572272957],[-106.473557733483,31.7841602271489],[-106.473557733237,31.7847232271122],[-106.473553733752,31.7850712273972],[-106.473547733367,31.7859772274105],[-106.47353673413,31.7867022279703],[-106.473550733242,31.786878227373],[-106.473560733805,31.7870232281074],[-106.473554733632,31.7875582280824],[-106.473552733707,31.7876152280208],[-106.473555733903,31.787639227548],[-106.473555734006,31.7876512281012],[-106.473552733469,31.7876662281458],[-106.473543733688,31.7876982277384],[-106.473535733529,31.7877142278841],[-106.473518733966,31.7877352277015],[-106.473503733383,31.7877522275305],[-106.473482734043,31.7877652281617],[-106.473454733872,31.7877772277961],[-106.47342973359,31.7877822274848],[-106.473406733757,31.7877852278103],[-106.472466733191,31.7877822278993],[-106.472030732978,31.7877842277018],[-106.47090173339,31.7877802279215],[-106.470511732868,31.7877732277079],[-106.470507733525,31.7879432276896],[-106.47050773285,31.7887012279019],[-106.470501733655,31.7893012286477],[-106.470506732834,31.7895932282647],[-106.470509732923,31.7903972287592],[-106.470501733402,31.7904932282325],[-106.470492733466,31.7905962280772],[-106.470491733036,31.7909282280693],[-106.470492733157,31.7913992289737],[-106.470142733444,31.7914052283595],[-106.469367732888,31.7913992289376],[-106.468991733229,31.791399229042],[-106.46897673317,31.7921342284072],[-106.468972733177,31.7922972286968],[-106.469136733462,31.792301228919],[-106.469260733555,31.7923062283241],[-106.469490733125,31.792328228974],[-106.469656732804,31.7923362286615],[-106.470501733332,31.792349229168],[-106.470601733858,31.7923612286133],[-106.470673733078,31.7923882284548],[-106.470636732999,31.7924092291222],[-106.47055873378,31.7924772283854],[-106.470496733589,31.7925562286845],[-106.470481733528,31.7925782284125],[-106.470384733073,31.7927232285356],[-106.470320733829,31.7928092292307],[-106.470258733257,31.7928742291065],[-106.470181733497,31.7929252288582],[-106.470106733314,31.7929532288608],[-106.470059733194,31.7929702290309],[-106.469819733385,31.7930262291637],[-106.469724733525,31.793060228542],[-106.469631733783,31.7931112292306],[-106.469547733743,31.7931782291113],[-106.469514733542,31.7932202291011],[-106.469483733772,31.793259229002],[-106.46943973331,31.7933502284882],[-106.469417733062,31.7934412291635],[-106.469408733283,31.7937852287855],[-106.469404733386,31.7939362294082],[-106.469403733177,31.7939612287001],[-106.469389733032,31.7940362286462],[-106.469361732828,31.7941182286858],[-106.469319733317,31.7941822287805],[-106.469263733388,31.7942432291451],[-106.469162733089,31.7943272291631],[-106.46904073296,31.7944372292868],[-106.468906733731,31.7945572294794],[-106.468827733674,31.7946442292712],[-106.468732732773,31.7947572291657],[-106.468683733059,31.7948172289406],[-106.468642732871,31.7948702289101],[-106.468619732728,31.7949012288591],[-106.468523732975,31.7950382296814],[-106.468373732788,31.7950212291472],[-106.467991732759,31.7950182289345],[-106.467463732838,31.7950172295438],[-106.467339733235,31.7950182293939],[-106.467232732729,31.7950172291525],[-106.466671732237,31.7950122291237],[-106.466087733098,31.7950072295014],[-106.465949732566,31.7950092293611],[-106.465955732522,31.7950542297212],[-106.465953732387,31.7952382295405],[-106.465952732874,31.7958282292566],[-106.465946732532,31.7959142297306],[-106.465950733008,31.796025229367],[-106.465947733053,31.7962572293485],[-106.465945732449,31.7964162291724],[-106.465942732355,31.7968232294939],[-106.465939732736,31.7973702294487],[-106.465940732735,31.7976662296303],[-106.46593873293,31.7977292301268],[-106.465936733136,31.7984362298593],[-106.465934733088,31.7986322298808],[-106.465932732907,31.7991592297418],[-106.465934732928,31.7994192299868],[-106.465930732456,31.7995382299077],[-106.46593373316,31.7996132299808],[-106.465931732773,31.7997022302351],[-106.465928732812,31.8004442301378],[-106.465926732897,31.800808229971],[-106.465927732695,31.8009772305773],[-106.46592473316,31.8013502303581],[-106.465922732896,31.8016692306617],[-106.465922733139,31.8017862300234],[-106.465921732648,31.801994230082],[-106.465922733029,31.8021482304785],[-106.46591973325,31.8022592309797],[-106.46592173249,31.8023352301867],[-106.465923733451,31.8026452306913],[-106.465921733447,31.8031122311105],[-106.465917733067,31.8031612306953],[-106.465919732827,31.8032102311237],[-106.465919733373,31.8039942309928],[-106.465915733524,31.8040592305099],[-106.465918733075,31.8042562309993],[-106.465915732913,31.8049352313534],[-106.465909732792,31.8059542308033],[-106.465910733579,31.8062362315426],[-106.465912733281,31.8064402312055],[-106.465912732853,31.8065502311817],[-106.465908732758,31.8069252309719],[-106.46602873315,31.8069272316649],[-106.46618273312,31.8069282314845],[-106.467016734015,31.8069372312021],[-106.467234733142,31.8069362311652],[-106.467489733656,31.8069342308724],[-106.467547733569,31.8069422309587],[-106.467603733203,31.8069662313446],[-106.467648733954,31.8069912316107],[-106.467680733991,31.8070122309633],[-106.467672733344,31.8070892316569],[-106.467664734051,31.8078462309298],[-106.467661733493,31.8078562312198],[-106.467663733383,31.8087502317531],[-106.46765273414,31.8095062320336],[-106.467645733965,31.8096462314758],[-106.467645734056,31.8101132315586],[-106.467642734115,31.8105602316743],[-106.467029733478,31.8105582318958],[-106.466202733328,31.810556231529],[-106.46589073318,31.8105572314839],[-106.46588873384,31.8106902315531],[-106.465882733504,31.8111292316522],[-106.465877733052,31.8113322321239],[-106.465876733067,31.8113802320654],[-106.465879733716,31.8115242318302],[-106.465882733227,31.8116672317582],[-106.465879733463,31.8117402317647],[-106.465880733736,31.8118302318605],[-106.465881733237,31.8119332322675],[-106.465853733317,31.8119742317682],[-106.465808733409,31.8120592323159],[-106.465815733493,31.8121522320329],[-106.465821734013,31.8124332323224],[-106.465825733303,31.812631231893],[-106.465827733644,31.8127992325351],[-106.465832733732,31.8132072323839],[-106.46583473354,31.8133912320255],[-106.465842733549,31.8139452321057],[-106.465846734026,31.8141742323469],[-106.465848733631,31.8143342329671],[-106.465854734139,31.8147172326549],[-106.465855733736,31.8148212328187],[-106.465858734059,31.8149922328077],[-106.465863733983,31.8153332330572],[-106.465867733942,31.815733232708],[-106.465873734214,31.8161532332032],[-106.465881733468,31.8168092331728],[-106.465894733527,31.8178112331525],[-106.465903733511,31.8182882332422],[-106.465924733665,31.8193962330978],[-106.465925733881,31.8194532332893],[-106.465928734515,31.8196762330014],[-106.46593373448,31.8199192336207],[-106.465933733836,31.8200782334105],[-106.465934733586,31.8201202336151],[-106.465933733873,31.8202022337763],[-106.465933733868,31.8202332336417],[-106.465930734538,31.8203232331151],[-106.465925733736,31.8204022333832],[-106.465922734416,31.8204402337221],[-106.465916733601,31.8205162335966],[-106.465906734024,31.8206122333969],[-106.465894734012,31.820697233942],[-106.46588373398,31.8207652336824],[-106.465877733758,31.8208062332396],[-106.465849733967,31.8209462340106],[-106.465838734279,31.8209972339764],[-106.465815734492,31.8210922340152],[-106.465797734003,31.8211552336008],[-106.465788733918,31.8211882336537],[-106.465759734488,31.8212792332283],[-106.465743733651,31.8213242337995],[-106.465726734646,31.8213742338222],[-106.465690734099,31.8214642336805],[-106.465673733917,31.8215032332769],[-106.465632734044,31.8215952335758],[-106.465604734274,31.821656233896],[-106.465564734577,31.8217332340245],[-106.46554866816,31.8217908901248],[-106.465615734441,31.8217892341465],[-106.465643733952,31.8217892336451],[-106.465749734077,31.8217892341799],[-106.465806733886,31.8217892338305],[-106.466142733858,31.8217902337529],[-106.46619273379,31.8217902333874],[-106.466497734285,31.8217922333468],[-106.467528735064,31.8217962339241],[-106.467806734599,31.8217962336817],[-106.467866734717,31.8217972336091],[-106.467931734198,31.8217972337357],[-106.467981734191,31.8217972335841],[-106.470443735021,31.8218592336257],[-106.470898735494,31.821873233823],[-106.470958735049,31.821876233925],[-106.471017735487,31.821876233601],[-106.471076735374,31.8218792338226],[-106.471134735889,31.8218842339398],[-106.471193735726,31.8218872332078],[-106.471251735348,31.8218932331966],[-106.471310735613,31.8218982339605],[-106.471368735039,31.8219032331228],[-106.471426735795,31.8219092338845],[-106.47148473575,31.8219172335175],[-106.471543735602,31.8219262337214],[-106.471600735903,31.8219342334804],[-106.471626735788,31.8219382333961],[-106.471652735142,31.8219452338784],[-106.471678735496,31.8219522334055],[-106.471703735869,31.8219572333584],[-106.471729735234,31.8219642338255],[-106.471755735599,31.8219712333371],[-106.471780735296,31.8219782339733],[-106.471805735252,31.8219872334521],[-106.471830735114,31.8219952339525],[-106.471855735078,31.8220042334216],[-106.471879735745,31.8220152337145],[-106.471903735147,31.8220252332782],[-106.471927735509,31.8220342338144],[-106.471950735245,31.8220442335501],[-106.471974735774,31.8220542339514],[-106.471998735671,31.8220672331192],[-106.472020735804,31.8220772339241],[-106.472044735554,31.8220892332094],[-106.47206673512,31.8221022336779],[-106.472088735689,31.8221152331923],[-106.472110735267,31.8221282336532],[-106.472132735687,31.8221402332862],[-106.47215373608,31.8221562335435],[-106.472174735781,31.8221682334015],[-106.472489735578,31.822399233673],[-106.472509735696,31.8224112336608],[-106.472528735413,31.8224252336279],[-106.472548735541,31.8224372336095],[-106.472568735346,31.8224472338405],[-106.472589735328,31.8224602335039],[-106.472610735316,31.8224732331638],[-106.47263173587,31.8224832331493],[-106.472652735374,31.8224932331812],[-106.472673735936,31.8225032331598],[-106.472695735684,31.8225162335198],[-106.472718736175,31.8225232334471],[-106.472739735697,31.8225332334647],[-106.472762735698,31.8225432339556],[-106.472784735406,31.8225502332075],[-106.472807735415,31.8225602336903],[-106.472829736244,31.8225672337853],[-106.472853735384,31.8225742335507],[-106.472876736068,31.8225822333236],[-106.472899735533,31.8225892332685],[-106.472923735628,31.8225952339981],[-106.472947736005,31.82260323357],[-106.47297073603,31.8226072338316],[-106.473386735662,31.8226952337864],[-106.473414735773,31.8227022334816],[-106.473440736175,31.822707233808],[-106.473467736437,31.8227132338104],[-106.473493735559,31.822717233402],[-106.473520736175,31.8227252331406],[-106.473546735884,31.8227322332429],[-106.473573736334,31.8227392330969],[-106.473599735876,31.8227452333149],[-106.473625735596,31.8227522334014],[-106.473651735905,31.8227622340039],[-106.473677735576,31.8227692331795],[-106.473703735895,31.8227792337716],[-106.473728735891,31.8227862331312],[-106.473753735482,31.8227962339575],[-106.473778736075,31.8228062338287],[-106.473804736357,31.8228162335],[-106.473844735696,31.8228382333672],[-106.473886735713,31.8228612335547],[-106.473925735583,31.8228842334658],[-106.473965736212,31.8229072331189],[-106.474004736179,31.8229302339065],[-106.474044736332,31.8229562332053],[-106.474082735958,31.8229812339627],[-106.474121736468,31.8230072334346],[-106.474158736572,31.8230332333398],[-106.474195735641,31.8230592332841],[-106.474232735786,31.8230852331678],[-106.474268735632,31.8231132339365],[-106.474499736246,31.8233172335214],[-106.474795735825,31.8235762338655],[-106.475068736416,31.8238302337516],[-106.475324736669,31.8240822335055],[-106.475337736591,31.8240952336198],[-106.475350736516,31.8241082337327],[-106.475363736638,31.8241222337173],[-106.475375736399,31.8241382337034],[-106.475387736638,31.8241512340196],[-106.475398736651,31.8241672333102],[-106.475409736532,31.8241822336273],[-106.475420736221,31.8241962340703],[-106.475430736547,31.8242122335654],[-106.475440736934,31.8242282339601],[-106.475449736512,31.824244233711],[-106.475458736094,31.8242602334611],[-106.47546673598,31.8242762334183],[-106.475474736923,31.8242922333252],[-106.475482736012,31.8243092341045],[-106.475489736148,31.8243252333674],[-106.475495736175,31.8243442334071],[-106.475501736674,31.8243602337777],[-106.475507736121,31.8243762341977],[-106.475512736006,31.8243932337981],[-106.475517736342,31.8244122340444],[-106.475521736334,31.8244282339794],[-106.475525736328,31.8244442339141],[-106.475532736327,31.8244852338474],[-106.475537736595,31.8245092335066],[-106.475540736602,31.8245342335047],[-106.475543736024,31.8245562338839],[-106.475546736034,31.8245812338814],[-106.475548736753,31.8246032335183],[-106.475550736008,31.8246282337735],[-106.475551736831,31.8246492337455],[-106.475552736385,31.8246742342087],[-106.475553736349,31.8246962341029],[-106.475552736438,31.8247212340821],[-106.475552736231,31.8247462338525],[-106.475551736787,31.8247682341631],[-106.475550736875,31.8247932341415],[-106.475548736613,31.8248152338093],[-106.475511736377,31.8251942343193],[-106.475479736259,31.8255042336687],[-106.475444736438,31.8258802339205],[-106.475413736094,31.8261922345047],[-106.475405736257,31.8263602343912],[-106.475402736155,31.8265912338207],[-106.475413736119,31.8267932344909],[-106.475492736136,31.8274932340328],[-106.475659736472,31.8292072345032],[-106.475732736872,31.8299142347578],[-106.475979736593,31.8324452346726],[-106.476014736783,31.8326722346661],[-106.476047737401,31.8327922353668],[-106.476101736624,31.8329352349884],[-106.476151736694,31.8330322355885],[-106.476217737085,31.8331302351704],[-106.476309737498,31.833236235155],[-106.476528737064,31.833421234896],[-106.476717736881,31.833562235582],[-106.476994736978,31.83378223522],[-106.477214736958,31.8339722348423],[-106.477259737546,31.8340122349473],[-106.477392737358,31.834168234992],[-106.477476737027,31.8342962352527],[-106.477544737281,31.8344272351878],[-106.477603737033,31.8345902351485],[-106.477722737749,31.8351572353151],[-106.477850737146,31.8357002352671],[-106.477885738145,31.8357992357665],[-106.477942737733,31.8359122357725],[-106.478015737686,31.8360192354042],[-106.478104738207,31.8361162351133],[-106.478226737284,31.8362242356092],[-106.478292738125,31.8362732356256],[-106.47834773786,31.8363142356407],[-106.478502738347,31.83640323569],[-106.478596737592,31.8364452352019],[-106.478744737683,31.8364992355006],[-106.478897738012,31.8365392352082],[-106.479028738417,31.8365602351663],[-106.479313738241,31.8365642355012],[-106.480252738349,31.8365122355149],[-106.480632738365,31.8364922352828],[-106.480798738034,31.8365092358805],[-106.480918738759,31.8365392356854],[-106.480994737911,31.8365692350899],[-106.481102738234,31.8366222350878],[-106.481199738793,31.8366892352648],[-106.48134873818,31.8368252352653],[-106.481829738136,31.837354236021],[-106.482320739126,31.8378762359616],[-106.482481738312,31.8380352360259],[-106.482590738511,31.8381892360459],[-106.482824738798,31.8386062355764],[-106.483045739345,31.8389882361283],[-106.483420739243,31.8396202362449],[-106.483464738875,31.8396892357159],[-106.483516738977,31.8397592355319],[-106.483624739562,31.8398902359656],[-106.483709738997,31.8399742357575],[-106.483843739453,31.8400952363368],[-106.48445173911,31.8405522357277],[-106.485033739695,31.8409762357246],[-106.486172739862,31.8418292361757],[-106.486623739491,31.8421592361287],[-106.486691740534,31.8422052364385],[-106.486783740057,31.8422532365772],[-106.486901740098,31.8423002361564],[-106.486983740423,31.8423212360351],[-106.487110739796,31.8423452364015],[-106.487261739889,31.8423522358754],[-106.487797740592,31.842307236359],[-106.488067740138,31.8422912362165],[-106.488213740704,31.8423012357566],[-106.488358739886,31.8423252365582],[-106.488521740042,31.8423692363695],[-106.488555739924,31.842384235682],[-106.488782740474,31.8424792361248],[-106.488856740373,31.842507236561],[-106.489015740972,31.8425682359059],[-106.489131740074,31.8426072360602],[-106.489229740168,31.8426352358807],[-106.489284740611,31.8426472358754],[-106.489286740985,31.8426882357808],[-106.489352740949,31.8427922358124],[-106.489746740395,31.8433792358804],[-106.489765740762,31.8434382362945],[-106.489783740527,31.8435102364178],[-106.489802740664,31.8436462358312],[-106.489803740751,31.8437242361847],[-106.489812740877,31.8437652365401],[-106.489833741172,31.8438242362991],[-106.489847740549,31.8438552362612],[-106.489860740738,31.8438852366248],[-106.489879740834,31.8439162367423],[-106.489909740839,31.8439612361621],[-106.489938740631,31.8440022363837],[-106.489963740674,31.8440222367617],[-106.491749741866,31.8486052368469],[-106.49375274258,31.8507112372237],[-106.49370374253,31.853729237316],[-106.493655742355,31.8599752384857],[-106.493671742211,31.8614442389637],[-106.493649742974,31.8618912388142],[-106.493876742655,31.863118239302],[-106.494134742594,31.8645022393866],[-106.494443743012,31.8661652399357],[-106.494655743281,31.8673102397894],[-106.494872743821,31.8684952403],[-106.494622743667,31.8685062401017],[-106.490344963345,31.86851302906]]]},"properties":{"OBJECTID":2,"DISTRICT":"2","INCUMBENT":"ALEXSANDRA ANNELLO","INCUMBINFO":null,"POP2000":70774,"AREASQMI":null,"PERIMFT":null,"REMARK":"POP INFO FOR 2020","COMMENT":null,"EDITOR_NAME":"DBO","EDIT_TIME":null,"CEPID":null,"IMGLINK":"https://gis.elpasotexas.gov/Districting/assets/images/district2_1.jpg","LINK":"https://www.elpasotexas.gov/district-2/","Shape__Area":86408773.48046875,"Shape__Length":60713.06807384639,"GlobalID":"d279de51-2ad0-4f31-abbc-cb17bd978b6c"}},{"type":"Feature","id":3,"geometry":{"type":"Polygon","coordinates":[[[-106.490344963345,31.86851302906],[-106.494622743667,31.8685062401017],[-106.494635743,31.8686392404546],[-106.495758744137,31.8740692413754],[-106.496522744365,31.8782052419924],[-106.497069744933,31.8814262423182],[-106.497253744353,31.8837152423183],[-106.49713774515,31.8888382434144],[-106.496531746485,31.9061262465911],[-106.496440745762,31.9085262469431],[-106.495882745905,31.9124222472728],[-106.495762746084,31.9130482471903],[-106.496276746944,31.9156282476942],[-106.499162747744,31.9193222484089],[-106.499509748125,31.9226462488558],[-106.499602748244,31.9251062490103],[-106.498238747428,31.9278662494972],[-106.497640747509,31.9296082500606],[-106.497573748333,31.9318112504777],[-106.498102748236,31.9335802504429],[-106.498261747974,31.9339462503016],[-106.498439748065,31.9395082519631],[-106.498501748211,31.9413972516849],[-106.497782748801,31.9445332522491],[-106.497897748758,31.9478832531183],[-106.497132748787,31.950812253856],[-106.497250748542,31.9521302538691],[-106.498339749612,31.9545132539035],[-106.499079750191,31.9565962538124],[-106.497527749863,31.95894225494],[-106.498329749934,31.9596742551409],[-106.499348749561,31.9612492549292],[-106.49933575058,31.9631272553504],[-106.499399750731,31.9651292556229],[-106.500258750127,31.9668152559021],[-106.500358751068,31.9682542559268],[-106.500384751204,31.9692112565],[-106.501645751472,31.9707822563812],[-106.504091752144,31.9740862571631],[-106.50709175224,31.9765122571377],[-106.507258752941,31.9784982574457],[-106.507241753367,31.9797772576152],[-106.506740753171,31.9810832575469],[-106.507016753216,31.9837852579378],[-106.508472754051,31.9866592587845],[-106.508639754059,31.9869972585553],[-106.510044753688,31.9901812595636],[-106.510291754657,31.9904302591377],[-106.511871754903,31.9919612591604],[-106.513223755537,31.9933332598175],[-106.513236755126,31.9933682599903],[-106.513951755651,31.9954352597425],[-106.513979755882,31.997304260472],[-106.514000755288,31.9982932599647],[-106.513989755923,31.9991292606249],[-106.513998755193,32.0008082609536],[-106.510246754614,32.0008502611758],[-106.502543753001,32.0009502612044],[-106.497456752286,32.0009902616627],[-106.484760399823,32.0010402788202],[-106.479905493647,32.0010144185807],[-106.477123757013,32.0010227201043],[-106.470057857722,32.0010541829647],[-106.462942424547,32.0010836635307],[-106.460030264785,32.0010978707835],[-106.446944744278,32.0011507273868],[-106.446896787993,32.0011509253926],[-106.446755029752,32.0011515097745],[-106.446518398599,32.0011524888844],[-106.446091152419,32.0011542550718],[-106.443918868918,32.0011632072229],[-106.443918480078,32.0011632091857],[-106.441857307443,32.0011698984078],[-106.440288337923,32.0011750515344],[-106.437123591812,32.0011905505064],[-106.435595477795,32.0011897575237],[-106.435594104329,32.0011950880507],[-106.434468185135,32.0011989326092],[-106.433845281414,32.0012008502061],[-106.431625488509,32.0012103470829],[-106.425765193391,32.0012448207503],[-106.421708464287,32.0012514798669],[-106.415549813484,32.0012744667549],[-106.410731031081,32.0012961182554],[-106.409050222647,32.0013033574989],[-106.40897574491,32.0013032454363],[-106.408866794787,32.0013030820448],[-106.408614996276,32.0013010467291],[-106.392030480041,32.0013593106114],[-106.388880130684,32.0013704905461],[-106.377174725312,32.0011732670497],[-106.376805725814,32.001173266653],[-106.375550725287,32.0013222668675],[-106.35098612647,32.0013967592315],[-106.34036018791,32.0013366750714],[-106.340304100938,32.0013363558773],[-106.335621413381,32.0014410033814],[-106.32691571458,32.0014652689189],[-106.326271714189,32.001486269027],[-106.323765714176,32.0014692698497],[-106.323466713981,32.0014822692868],[-106.323645713842,32.001201269201],[-106.324325713777,32.0001292689279],[-106.327542714017,31.9950562683488],[-106.329384714271,31.9921872680464],[-106.331204714465,31.9893012675092],[-106.332760714606,31.986858266459],[-106.333079714569,31.9863582661951],[-106.336601715796,31.9808122654808],[-106.337685715571,31.9791132649474],[-106.33885171594,31.9772672646251],[-106.34004271592,31.9753982647239],[-106.342453715904,31.9715982634043],[-106.343628716287,31.9697362633713],[-106.345915716789,31.9661482627825],[-106.347087716754,31.964291262215],[-106.350908717055,31.9582842616113],[-106.351779717643,31.9569202611944],[-106.352935717191,31.955080260815],[-106.356253717792,31.9498702596124],[-106.358628718634,31.9461302585104],[-106.362413718704,31.9401692575311],[-106.363321718285,31.9387392575481],[-106.364474718365,31.936904257103],[-106.36463171901,31.9366572572168],[-106.366860719233,31.9331632564942],[-106.369266719506,31.9293542555729],[-106.370410719495,31.9275592550267],[-106.370652719908,31.9271772549751],[-106.372659719606,31.9240152548255],[-106.373788719783,31.922244254417],[-106.377311720343,31.9166762530326],[-106.378473721072,31.914861252435],[-106.379029720686,31.913984252473],[-106.379387720594,31.913419252601],[-106.380020720813,31.9124192525685],[-106.380816720964,31.9111632518893],[-106.382213721526,31.9089602521293],[-106.384016720852,31.9061212509498],[-106.383938911827,31.9061089654373],[-106.388160114522,31.8994270572279],[-106.388259721578,31.8994262496722],[-106.388583722261,31.8989202494875],[-106.388635721942,31.8988392494264],[-106.388919721805,31.8983872492606],[-106.389386722272,31.8976562494642],[-106.389828722366,31.8969622494035],[-106.39019772174,31.8963722494796],[-106.390601722138,31.895734249074],[-106.391007722275,31.8950962488263],[-106.391379722236,31.894503249036],[-106.391944722315,31.893611248952],[-106.392336722227,31.8929892482637],[-106.3932017221,31.8916252480045],[-106.394322722745,31.8898672480549],[-106.394868722481,31.8890042481079],[-106.395662722487,31.8877542476398],[-106.396096723282,31.8870742474563],[-106.396886722473,31.8858302469182],[-106.397461722952,31.8849152474564],[-106.397548722736,31.8847862475083],[-106.397650723472,31.8846232470364],[-106.398481723328,31.883311247086],[-106.39909572287,31.8823502464566],[-106.399655723317,31.8814632465748],[-106.400097723381,31.8807642459419],[-106.401257723889,31.878932245842],[-106.402981723549,31.8762072452451],[-106.403713723579,31.8750512450685],[-106.404432724304,31.8739172445653],[-106.404941724243,31.8731122446119],[-106.405221723726,31.8726702451733],[-106.405986723967,31.8714672445381],[-106.406198724376,31.8711382443351],[-106.406789723936,31.8702012439681],[-106.40723872411,31.8702232438384],[-106.407281724404,31.8702322444816],[-106.407301723971,31.8702332444849],[-106.40734372447,31.8702352441624],[-106.407631724686,31.8702272444056],[-106.408279724566,31.8702082446225],[-106.40845472441,31.870204244531],[-106.408817724733,31.8701992444502],[-106.408917725107,31.87019724433],[-106.409704724419,31.8701802441982],[-106.410088724514,31.8701742444496],[-106.410581725394,31.8701662439392],[-106.411107725411,31.8701582440975],[-106.411458724981,31.8701532439865],[-106.411649725393,31.8701492442358],[-106.412316724967,31.8701352443645],[-106.413016724942,31.8701182435684],[-106.413331725356,31.8701102441412],[-106.413718725461,31.8701032437062],[-106.414229725349,31.8700952442872],[-106.414365725356,31.8700932443084],[-106.414504725844,31.870091244067],[-106.414738725958,31.8700872441006],[-106.414885726267,31.8700862436199],[-106.415206726184,31.8700792438081],[-106.415489726369,31.8700742437906],[-106.415782725678,31.8700702438115],[-106.416060726128,31.8700652439558],[-106.416370725924,31.8700592437077],[-106.41647872582,31.8700592440112],[-106.41680772646,31.8700512442113],[-106.41692672669,31.8700522440098],[-106.417183726635,31.8700452440866],[-106.417384726635,31.8700412438276],[-106.417519726963,31.8700382440682],[-106.417872726509,31.8700322435641],[-106.418501726303,31.8700212437835],[-106.418729726566,31.8700172433322],[-106.418828726878,31.8700152434857],[-106.419316726886,31.8700062441198],[-106.419454726914,31.8700052436339],[-106.41956572642,31.8700022434829],[-106.420431727143,31.8699872440054],[-106.420707726998,31.8699832435696],[-106.421304727294,31.8699712431752],[-106.421521726912,31.8699672436099],[-106.421795727902,31.8699622432563],[-106.422184727027,31.8699572439663],[-106.422898727243,31.8699442437094],[-106.422963727881,31.8699432435338],[-106.423017727369,31.8699402432786],[-106.423173727748,31.8699382435516],[-106.423231727888,31.8699352430807],[-106.423251728089,31.8699352434845],[-106.42375372826,31.8699332435923],[-106.423881727505,31.8699332435384],[-106.42588172828,31.8698942433633],[-106.427683728478,31.8698632432476],[-106.427906728927,31.8698602428646],[-106.428057728335,31.8698592435651],[-106.428258729179,31.8698602428195],[-106.428438728666,31.8698612429559],[-106.428705728774,31.869856243215],[-106.429519728622,31.8698432433004],[-106.430424729504,31.8698292436048],[-106.431797729399,31.8698042431885],[-106.432351729749,31.8697952426687],[-106.432842729301,31.8697892430735],[-106.433096729906,31.8697822428863],[-106.433451730278,31.8697732432382],[-106.433636730257,31.8697682431468],[-106.433875730418,31.869761243247],[-106.434071730531,31.8697592433738],[-106.434495730684,31.8697562426555],[-106.434667730134,31.8697532429266],[-106.43590873028,31.8697332428688],[-106.436924730503,31.8697162424641],[-106.438987730813,31.8696742423595],[-106.439331730929,31.8696682424771],[-106.439554730829,31.869665242928],[-106.439687730833,31.8696632424409],[-106.440073731078,31.8696622429627],[-106.4406417315,31.8696522426144],[-106.440893731345,31.8696482428866],[-106.441072732099,31.869645242312],[-106.441463732183,31.8696382426733],[-106.441539731774,31.8696372429713],[-106.442019506572,31.8982732030236],[-106.441931733179,31.8982742473492],[-106.441941733264,31.8988132473362],[-106.441946733852,31.8991832477548],[-106.441986733476,31.9014332476808],[-106.441972733692,31.9015842476482],[-106.442002734312,31.9023952480293],[-106.442033734301,31.9046652481198],[-106.442132734415,31.9089162494766],[-106.442132733959,31.9095872491606],[-106.44214173481,31.9096762491017],[-106.442164734584,31.9101942493041],[-106.442159734644,31.9104862496954],[-106.442170734642,31.9109252496506],[-106.442207734904,31.9124372493239],[-106.442218734444,31.912846249578],[-106.442230734841,31.9134812497998],[-106.442435237244,31.918557887861],[-106.442435548289,31.9185702550425],[-106.442496392028,31.9209853189466],[-106.442523735298,31.9224232515398],[-106.442560809658,31.9235420812676],[-106.442665436316,31.9276944569647],[-106.442665704931,31.927705129913],[-106.444311198201,31.9276826290499],[-106.445207735619,31.9276762519932],[-106.464870740268,31.9275352512248],[-106.470249741885,31.9274452508168],[-106.471802918093,31.9274196449957],[-106.475620212972,31.9273676883998],[-106.475680648588,31.927365140324],[-106.475652799669,31.9251663293292],[-106.475634751577,31.9246241018835],[-106.475627742192,31.9236152496222],[-106.475473647753,31.9197776833136],[-106.475246718519,31.9129401755778],[-106.487343744329,31.9128512479454],[-106.488675744772,31.9128092475105],[-106.489734571192,31.9127979473034],[-106.491135787143,31.9127860073262],[-106.4911356918,31.912781361208],[-106.491110745077,31.9127832475273],[-106.490344963345,31.86851302906]]]},"properties":{"OBJECTID":3,"DISTRICT":"4","INCUMBENT":"JOE MOLINAR","INCUMBINFO":null,"POP2000":91499,"AREASQMI":null,"PERIMFT":null,"REMARK":"POP INFO FOR 2020","COMMENT":null,"EDITOR_NAME":"DBO","EDIT_TIME":null,"CEPID":null,"IMGLINK":"https://gis.elpasotexas.gov/Districting/assets/images/district4.jpg","LINK":"https://www.elpasotexas.gov/district-4/","Shape__Area":221155250.43359375,"Shape__Length":84109.03723082691,"GlobalID":"6b162750-796a-42f0-b6d1-6c730c428703"}},{"type":"Feature","id":4,"geometry":{"type":"Polygon","coordinates":[[[-106.356961707188,31.7731982304023],[-106.356884707488,31.7731952303892],[-106.356756707628,31.7732152308249],[-106.356656706938,31.7731982302701],[-106.356562707538,31.7731982309247],[-106.356437706921,31.7732002304635],[-106.356316707057,31.7732002310233],[-106.356203707503,31.7732032309167],[-106.356031707192,31.7732022307054],[-106.355979706615,31.7732052306496],[-106.355926706949,31.7732062310757],[-106.355813707395,31.7732072309423],[-106.355609706822,31.7732062303719],[-106.355439706916,31.7732112306705],[-106.355295707274,31.7732142305471],[-106.355187706424,31.7732302309583],[-106.355060706666,31.7732152304424],[-106.354641706881,31.7732252307404],[-106.354274706707,31.7732282311197],[-106.354236706274,31.7732382306951],[-106.354159706795,31.7732312305945],[-106.353364706447,31.7732422307805],[-106.353327706077,31.7732552312041],[-106.353249706566,31.7732462310969],[-106.353138706392,31.7732452303649],[-106.352896706025,31.7732392307274],[-106.352793706403,31.7732332305964],[-106.352679706147,31.7732222307781],[-106.35256770653,31.7732032307773],[-106.352456706245,31.7731802311387],[-106.352346706348,31.7731522310711],[-106.352240706417,31.773116230458],[-106.352141705956,31.7730732303702],[-106.352071706606,31.7730502310479],[-106.352043706084,31.7730222303416],[-106.351953705673,31.7729692307729],[-106.351861706405,31.7729082309539],[-106.35177270587,31.7728412305751],[-106.351692705803,31.7727772305507],[-106.351635705962,31.7727262310449],[-106.351612706222,31.7727052308198],[-106.351539705943,31.7726302310589],[-106.351466706113,31.7725472306979],[-106.351415705612,31.7724912307318],[-106.351343705722,31.7723952303607],[-106.351317706194,31.772363230604],[-106.351131705553,31.7721282303642],[-106.351074705446,31.7720542306678],[-106.350980706152,31.7719332302166],[-106.350925705325,31.7718632303737],[-106.350745705419,31.771630230816],[-106.350693706284,31.7715632306526],[-106.350570705428,31.7714092308837],[-106.350521705759,31.7713452305335],[-106.350386705324,31.7711802301118],[-106.350327705174,31.7711042308144],[-106.350263705244,31.7710302303106],[-106.350192705755,31.7709512300695],[-106.35013370594,31.7708922306975],[-106.350114705319,31.7708732300992],[-106.350091846186,31.7708538353343],[-106.350081705405,31.7708452308242],[-106.350031705873,31.7708042304627],[-106.349946705691,31.7707442306667],[-106.349853705267,31.770688230792],[-106.349754705606,31.7706412305146],[-106.349652705351,31.7705982301173],[-106.349550705652,31.7705652307448],[-106.349440705613,31.7705362303445],[-106.349329705076,31.7705142307583],[-106.349215705672,31.7705002303072],[-106.349100705801,31.7704922308166],[-106.348993705475,31.7704912304978],[-106.348874705504,31.7704912302677],[-106.348836705268,31.7704932304651],[-106.348761705119,31.7704942302052],[-106.348643705587,31.7704912309439],[-106.348538705324,31.7704932303196],[-106.348413705624,31.7704932307186],[-106.347848705275,31.7705022301059],[-106.347508705447,31.7705072304003],[-106.34724470474,31.770512230705],[-106.347163704933,31.7705122306702],[-106.347060704888,31.7705152301551],[-106.346947705229,31.7705222305524],[-106.346830704748,31.7705202302717],[-106.346715704484,31.7705192302933],[-106.346587705205,31.7705222307352],[-106.34648270498,31.7705242302541],[-106.346379705015,31.7705272310014],[-106.346325704673,31.7705282304866],[-106.346256704369,31.7705292305369],[-106.346144704988,31.770534230381],[-106.346013705166,31.7705382305984],[-106.345802705052,31.7705482305123],[-106.345681704686,31.7705602302857],[-106.345575704315,31.7705722303398],[-106.345458704386,31.7705952311152],[-106.345355705002,31.770620230203],[-106.345255704347,31.7706512305568],[-106.345141704151,31.7706882310583],[-106.345043704361,31.7707312307801],[-106.344932704103,31.7707892308816],[-106.344834704329,31.7708212303954],[-106.344636704752,31.7709092310471],[-106.344507703932,31.770964231205],[-106.344221704823,31.7710942308999],[-106.344122704327,31.7711352303818],[-106.344011704684,31.7711892311609],[-106.343874704504,31.7712492309515],[-106.343722704078,31.7713172305038],[-106.343628704082,31.7713572308315],[-106.343505703799,31.7714142305561],[-106.343421704302,31.7714522305463],[-106.343391704478,31.7714652307504],[-106.343286704134,31.7715092307904],[-106.343179704464,31.7715532309803],[-106.343087703668,31.7715902311438],[-106.343010704134,31.7716262311364],[-106.342895704443,31.7716752313433],[-106.342795704262,31.7717202310297],[-106.342683703871,31.7717682308342],[-106.342596704262,31.7718072313983],[-106.342516704178,31.7718412309184],[-106.342397704144,31.7718922308699],[-106.342302704389,31.7719292307845],[-106.342193704303,31.7719752309689],[-106.342083704219,31.7720192306049],[-106.341982703879,31.7720452310422],[-106.341867703596,31.7720772312706],[-106.341755704246,31.7720982309601],[-106.341646703658,31.7721162307258],[-106.341423703626,31.7721322310806],[-106.341275703913,31.7721252311769],[-106.341194703213,31.7721372308705],[-106.341093704129,31.7721392308413],[-106.340962703721,31.7721402308948],[-106.340861704077,31.7721392312005],[-106.34077770406,31.7721372314302],[-106.340624704024,31.7721342307343],[-106.340501703144,31.7721332315536],[-106.340393703767,31.7721302308074],[-106.34032770308,31.7721302311109],[-106.340132703744,31.7721292315228],[-106.33995670293,31.772129231256],[-106.339813703043,31.7721292316186],[-106.339644703887,31.7721322314029],[-106.339598703845,31.7721342315258],[-106.339486703599,31.7721332310752],[-106.33925370359,31.7721392313044],[-106.339036703235,31.772143231612],[-106.338979702868,31.7721432311891],[-106.338803703197,31.7721432311164],[-106.338688702913,31.7721462314357],[-106.338580703366,31.7721452315766],[-106.338459702652,31.7721452309988],[-106.338312702737,31.7721482314225],[-106.338229703301,31.7721502310349],[-106.338128702538,31.7721502309151],[-106.338061702604,31.7721512308698],[-106.338010703034,31.772152231052],[-106.337782702828,31.772152230968],[-106.337674702794,31.7721542316925],[-106.337390702618,31.7721532308597],[-106.337319703343,31.7721532309297],[-106.337240702477,31.7721552314219],[-106.337172702382,31.7721562310156],[-106.337092702774,31.7721562308755],[-106.336984702292,31.7721552315425],[-106.3368687029,31.7721582312008],[-106.336761702566,31.7721572315893],[-106.336639702279,31.7721602316],[-106.336526702898,31.7721602311929],[-106.336479702686,31.7721622312053],[-106.336412702998,31.7721622313676],[-106.336296702582,31.7721652314655],[-106.336205702556,31.7721642309671],[-106.336184702562,31.7721642317771],[-106.336145702685,31.7721652311662],[-106.336066702838,31.7721672308975],[-106.335953702451,31.7721672309424],[-106.335909702944,31.7721682315454],[-106.335841702883,31.7721692313447],[-106.335722702662,31.7721692316544],[-106.335616702918,31.7721712314031],[-106.335519702672,31.77217223147],[-106.335444702624,31.7721732315956],[-106.33537870285,31.7721742309877],[-106.335297702139,31.7721742316767],[-106.334880702084,31.7721732316159],[-106.334807702556,31.7721732313734],[-106.334758702238,31.7721742310755],[-106.334669702221,31.7721752317399],[-106.334584701915,31.7721752313428],[-106.334474702426,31.7721782311624],[-106.334356702634,31.7721772312046],[-106.334239702101,31.7721802313454],[-106.334101701983,31.7721812312653],[-106.334024701674,31.7721822316182],[-106.333978701844,31.7721832317123],[-106.333906702031,31.772185231483],[-106.333759702052,31.7721842310392],[-106.333667701815,31.7721842313832],[-106.333558702491,31.7721872312605],[-106.333429701937,31.7721872319084],[-106.333334701814,31.7721892318591],[-106.333234701634,31.7721882316346],[-106.333187701645,31.7721892315148],[-106.333103702144,31.7721912315273],[-106.332988701604,31.7721912318302],[-106.332864702083,31.7721942310845],[-106.332766701554,31.7721962317098],[-106.33264670232,31.7721962310231],[-106.332576702022,31.7721972310407],[-106.332493701653,31.7721992315483],[-106.332421701853,31.7722012313985],[-106.332360702142,31.7722012318695],[-106.332158701337,31.7722002316081],[-106.331960701979,31.7722002315065],[-106.331854701295,31.7722022318436],[-106.331756701206,31.772202231119],[-106.331482701498,31.772200231519],[-106.331397701073,31.7722012315878],[-106.331280701087,31.7721982318522],[-106.331168701847,31.7721952317625],[-106.331055701655,31.7721872315991],[-106.330941701309,31.7721752311553],[-106.330883701856,31.7721682319753],[-106.330837701745,31.7721622312442],[-106.330718701543,31.7721472313074],[-106.330601701426,31.7721212312249],[-106.330495701438,31.7720972311849],[-106.330388701136,31.7720662313865],[-106.330283701199,31.7720312311832],[-106.330215701782,31.7720072313192],[-106.330152700739,31.7719842311515],[-106.330075701708,31.7719542316229],[-106.329975701283,31.7719092318095],[-106.329877700979,31.7718612314526],[-106.329790701644,31.7718122316948],[-106.329604701021,31.771708231683],[-106.329591701053,31.7717012314589],[-106.329572701319,31.7716902311792],[-106.32954170106,31.7716712317346],[-106.329489701045,31.7716402313191],[-106.329428700938,31.7716052318314],[-106.329354700888,31.771563231166],[-106.329312701605,31.7715392318866],[-106.329214701457,31.7714782314338],[-106.329125701008,31.7714272317012],[-106.329052700664,31.7713842319314],[-106.329026701191,31.7713692315251],[-106.328996700993,31.7713512317598],[-106.328932700606,31.7713132317484],[-106.328911701334,31.7713002317459],[-106.328840700644,31.7712562310932],[-106.328811701415,31.7712392310491],[-106.328642701135,31.7711392313274],[-106.32859470042,31.7711112318112],[-106.32849770099,31.7710552317563],[-106.328464700367,31.771034231567],[-106.328372701227,31.7709802318627],[-106.328312700437,31.7709472315535],[-106.328276701297,31.7709272311472],[-106.328179700435,31.7708702311034],[-106.327983701105,31.7707592311361],[-106.32786470061,31.7706922311566],[-106.327804700845,31.7706572318199],[-106.327774701103,31.770639231768],[-106.327665701046,31.7705762316473],[-106.327515701097,31.7704882317946],[-106.327317700969,31.7703702312285],[-106.327253700483,31.7703302316843],[-106.327180700032,31.7702862310983],[-106.327059700637,31.7702152310761],[-106.32695870067,31.7701552315928],[-106.326773700253,31.7700482309578],[-106.326698700843,31.7700052317269],[-106.326581700813,31.7699402311641],[-106.326521699887,31.769905231323],[-106.326343700141,31.7698022311509],[-106.326277700673,31.7697642316866],[-106.326173699937,31.7697052315146],[-106.326100699934,31.7696632318047],[-106.326060700446,31.7696392315339],[-106.326004699737,31.7696062310993],[-106.325922700369,31.7695592312503],[-106.325823699678,31.7695002316955],[-106.325744699869,31.7694562312431],[-106.325727699943,31.7694462311712],[-106.325691700191,31.7694252311904],[-106.32565069979,31.7694012317483],[-106.325613700225,31.7693792310067],[-106.325461699766,31.7693012317695],[-106.325444699567,31.7692922315057],[-106.325407699883,31.7692742309396],[-106.325363700385,31.7692532308624],[-106.325340700165,31.7692422309245],[-106.325244700373,31.7692002316442],[-106.325152699635,31.7691692313851],[-106.325032700439,31.7691302313744],[-106.324923699985,31.7690992308996],[-106.324814699807,31.7690742311121],[-106.324736699988,31.7690592314837],[-106.324592699769,31.7690352311705],[-106.324480699965,31.7690182315226],[-106.324367700207,31.7690072316541],[-106.324246700014,31.7690012316934],[-106.324137700154,31.7689952317199],[-106.324068699648,31.7689952310714],[-106.324016700088,31.7689952314239],[-106.323915699218,31.7689982316703],[-106.323733699264,31.7689992311428],[-106.32356769944,31.7690022311401],[-106.323532699711,31.7690022315412],[-106.323453699168,31.7690022313299],[-106.323333699319,31.7690052316987],[-106.323228700073,31.7690052317847],[-106.323117699433,31.7690072314055],[-106.322871698983,31.7690072314513],[-106.322769699419,31.7690092318011],[-106.322711699165,31.769009231544],[-106.322648699392,31.7690092311344],[-106.322527699812,31.7690112317995],[-106.32246269981,31.7690112312668],[-106.322263699458,31.7690112312006],[-106.322064699486,31.769013231374],[-106.322027699524,31.7690132313303],[-106.321820699731,31.7690122314297],[-106.321711699022,31.7690122311535],[-106.321493698715,31.7690122311793],[-106.32140169927,31.7690112312618],[-106.321174699339,31.7690162314108],[-106.321058698935,31.769016231251],[-106.320973699218,31.769018231664],[-106.320824699306,31.7690182310571],[-106.320713699445,31.7690212311277],[-106.320581698751,31.7690202319606],[-106.320482699235,31.7690202318709],[-106.320373698536,31.7690232317645],[-106.320271698673,31.7690232314151],[-106.320139699035,31.7690222317515],[-106.320026698918,31.7690252311664],[-106.319940699166,31.7690242313804],[-106.319823698751,31.769024231885],[-106.319688698382,31.769024231498],[-106.319563699096,31.7690272317541],[-106.319468698315,31.769026231302],[-106.319347698494,31.7690262311701],[-106.319232698627,31.7690282317693],[-106.319121698895,31.7690282318944],[-106.319004698475,31.7690282316631],[-106.318929698141,31.769029231429],[-106.318891698514,31.7690282315048],[-106.318795698648,31.7690302317587],[-106.31873469815,31.7690302313955],[-106.318651698406,31.7690302316416],[-106.318554698418,31.7690322316714],[-106.31843969828,31.7690322319273],[-106.318321698692,31.7690352313753],[-106.318213698704,31.7690342319761],[-106.318089698475,31.7690372318161],[-106.317984698775,31.7690362314784],[-106.317875698149,31.7690392319827],[-106.317828698197,31.7690392319751],[-106.317727698135,31.7690402313323],[-106.317634698758,31.7690392314017],[-106.317185698214,31.769045231828],[-106.317072697928,31.769046231738],[-106.316955697873,31.7690482320104],[-106.316823697985,31.7690482315328],[-106.316728698437,31.7690472317348],[-106.316608697606,31.7690502313578],[-106.3164986985,31.7690492312642],[-106.316382697915,31.7690502312873],[-106.316267698127,31.7690522319696],[-106.316153698192,31.7690522320723],[-106.316039698455,31.7690542317182],[-106.315968698017,31.769054232048],[-106.315918697771,31.7690542320506],[-106.315886697994,31.7690552313449],[-106.315803697911,31.7690562314225],[-106.315697697837,31.7690562317199],[-106.315581697479,31.7690592315731],[-106.315477698066,31.7690582319856],[-106.315413697319,31.7690582316554],[-106.31525469776,31.769058232019],[-106.315123698264,31.7690602313346],[-106.314935697647,31.7690602317803],[-106.314787697626,31.7690592317476],[-106.314665697713,31.7690622320811],[-106.314555697229,31.7690622320415],[-106.314416697352,31.7690632319785],[-106.314216697282,31.7690662316321],[-106.314169697431,31.7690662321049],[-106.314086697826,31.7690662321429],[-106.313992697166,31.7690682317687],[-106.313924697876,31.7690712315712],[-106.313873697562,31.7690712316065],[-106.313787697814,31.7690732317484],[-106.313656697676,31.7690792316243],[-106.313471697367,31.7690842320441],[-106.313305697129,31.7690842321263],[-106.313197697833,31.7690892319988],[-106.313082697451,31.7690972315475],[-106.313002697486,31.7691082319729],[-106.31285969765,31.769129231771],[-106.312748697664,31.769151231639],[-106.312637696754,31.7691752320042],[-106.312543697065,31.7691982322627],[-106.312438697579,31.7692272321003],[-106.312318697092,31.7692592316703],[-106.312235697422,31.769282231898],[-106.312205697345,31.7692912318006],[-106.312159696667,31.7693022315534],[-106.312114697206,31.7693132322386],[-106.312058697663,31.7693262323369],[-106.311871697229,31.769364231673],[-106.311758697236,31.7693802315214],[-106.311684697485,31.7693892320886],[-106.311642696803,31.7693942322287],[-106.311528696832,31.7694052317453],[-106.311416697451,31.7694132318774],[-106.311364697468,31.7694142315258],[-106.311025697179,31.7694172319683],[-106.310605697141,31.769416232078],[-106.310163696835,31.7694152318864],[-106.309575696272,31.7694142324184],[-106.30939769698,31.7694132315863],[-106.308446696601,31.7694122324814],[-106.308202695988,31.769412232129],[-106.307915695942,31.7694122318498],[-106.30736369635,31.7694122324193],[-106.306924695554,31.7694122323329],[-106.306832695445,31.7694112320769],[-106.306450696274,31.7694122319313],[-106.30607069528,31.7694132319484],[-106.305130695484,31.7694162320942],[-106.304645695402,31.7694182321178],[-106.304358695854,31.7694202326471],[-106.303593695061,31.7694222320123],[-106.303423695593,31.7694242319515],[-106.303235694696,31.7694272321039],[-106.302542694659,31.7694292320718],[-106.302265695432,31.7694292327957],[-106.302040695435,31.7694292323687],[-106.30201912636,31.7694287254478],[-106.302018695253,31.7694272324032],[-106.302070694511,31.7691582325901],[-106.302043695109,31.768123232142],[-106.302009694659,31.7668382317183],[-106.301999694658,31.7664562317757],[-106.301989695086,31.7661072321559],[-106.301984694197,31.7659272320123],[-106.301979694524,31.7657302321419],[-106.302000694728,31.7654992321478],[-106.302037694978,31.7653742313159],[-106.302067694742,31.7652212315533],[-106.302083694555,31.7650982320462],[-106.302074694744,31.7650352317948],[-106.302062694518,31.7648102320399],[-106.302062694954,31.7647702319556],[-106.302062694875,31.7646582312339],[-106.302061694316,31.7643752311394],[-106.302059695064,31.7637332317036],[-106.302057694695,31.7636272313322],[-106.302056694452,31.763491231064],[-106.302053694598,31.7633152312346],[-106.302050694479,31.7630482313805],[-106.302049694562,31.7629882310629],[-106.302038694975,31.7622102313543],[-106.302029694882,31.7615212313261],[-106.302029694695,31.7614692306433],[-106.302017309997,31.7602652314219],[-106.302013693833,31.7600522309926],[-106.302012694687,31.7599872305549],[-106.302006694525,31.7594372311693],[-106.302004693834,31.7592462303256],[-106.302002694145,31.7589902309802],[-106.302001694096,31.7587832303674],[-106.30199869469,31.7586032309125],[-106.30199969428,31.758406230675],[-106.301997694478,31.7579042303992],[-106.301992693854,31.7576612308612],[-106.301991693822,31.7575382306933],[-106.301990694268,31.7572372302436],[-106.301986693804,31.7569212301134],[-106.301985694472,31.7568492299362],[-106.301983693846,31.756688229947],[-106.301983694556,31.756629230358],[-106.301980694085,31.7563692304203],[-106.301978694522,31.7561802298546],[-106.301976693866,31.7559522298535],[-106.301970693979,31.7554212298947],[-106.301965694268,31.7549272298329],[-106.301962693616,31.7546342300972],[-106.301956694283,31.7539702296293],[-106.301955693769,31.753863230127],[-106.301953693417,31.7531262293973],[-106.30195169394,31.7529262296121],[-106.301947693402,31.7526482295713],[-106.301940693409,31.7522002296799],[-106.301936693714,31.7518892298511],[-106.301935694007,31.7517752296397],[-106.301933693959,31.7516042292499],[-106.301932693539,31.7514952290924],[-106.30193056581,31.7514952291918],[-106.301544468864,31.7254969907148],[-106.301550692394,31.7254942248781],[-106.301664692551,31.7254472248041],[-106.301806692463,31.7253942255848],[-106.301939692251,31.725352224781],[-106.302043692278,31.725324225078],[-106.302177692269,31.7252922252407],[-106.302303692056,31.7252692252579],[-106.302456691942,31.7252382252199],[-106.302552692061,31.7252222255022],[-106.302705692164,31.7251962252393],[-106.302757692878,31.725188225424],[-106.302920692994,31.7251632253603],[-106.302925692717,31.7250032251757],[-106.302922692071,31.7247372248391],[-106.302912692768,31.7245322251461],[-106.302906692551,31.7242732249566],[-106.3029106922,31.7240912245441],[-106.302930692332,31.7238712245691],[-106.302949692116,31.7237452244801],[-106.302994692896,31.723613224696],[-106.303018692675,31.723491224677],[-106.303056692551,31.7233462250545],[-106.303178691993,31.7230132251146],[-106.303236691897,31.7228802245986],[-106.303281692119,31.7227802248851],[-106.303374692041,31.7226052245043],[-106.303432692548,31.7225142242433],[-106.303524691927,31.7223802241726],[-106.304056692642,31.7216502241795],[-106.304280692,31.7213472240767],[-106.304315692196,31.7212902245728],[-106.304382692478,31.7211802244732],[-106.30462469273,31.7208602242876],[-106.284126644323,31.701356185195],[-106.296441687334,31.6878051810905],[-106.297910688217,31.6865991802302],[-106.294978687361,31.6837941813656],[-106.29152968712,31.6800731794299],[-106.291350687717,31.6797861787052],[-106.289989738131,31.6782273503029],[-106.290087340229,31.6781212182138],[-106.290125023864,31.6780802421629],[-106.290174687278,31.6780262175296],[-106.290174751067,31.6780261568006],[-106.290242686935,31.6779622182748],[-106.290256326846,31.677948576967],[-106.29026487205,31.677940450227],[-106.290275123656,31.6779306998849],[-106.290468687207,31.6777582179263],[-106.290707069438,31.6775447710124],[-106.290708507543,31.6775447141198],[-106.290710424998,31.6775446379628],[-106.291595686833,31.6765602176393],[-106.291845437719,31.6762818674168],[-106.292363386164,31.6757069245201],[-106.292843467996,31.6751756082338],[-106.293425412936,31.6745294583452],[-106.293726300213,31.6741953707851],[-106.294690388247,31.673129556212],[-106.294842564017,31.6729616360475],[-106.295475365571,31.672263355434],[-106.295503914454,31.6722107776297],[-106.295507665474,31.6722038702984],[-106.295536684765,31.6721504245941],[-106.295760359075,31.6718781725274],[-106.29624368816,31.6713072165183],[-106.296897868447,31.6705622594861],[-106.296898644192,31.6705614606724],[-106.296916686405,31.6705428764565],[-106.297174889148,31.6702766111563],[-106.297188098425,31.6702629896546],[-106.29726388026,31.6701848414063],[-106.297362687999,31.6700832159048],[-106.297366333357,31.6700791891769],[-106.297428189524,31.6700154006259],[-106.297474242731,31.6699599667753],[-106.297486687648,31.6699462159355],[-106.297718687797,31.6696662164859],[-106.297731069142,31.669652850594],[-106.297733736034,31.669655716007],[-106.297733856866,31.6696509938933],[-106.297864440628,31.6695088690405],[-106.297982687855,31.6693812161366],[-106.300155688452,31.6677612155985],[-106.3001557856,31.6677611144938],[-106.300162457274,31.6677561430434],[-106.300456831108,31.6674479954961],[-106.300456735401,31.6674473793838],[-106.300458893219,31.6674451297437],[-106.300459679236,31.6674450168755],[-106.300460108227,31.667444566343],[-106.300869524392,31.667143319995],[-106.301125688554,31.6669562155439],[-106.301124962648,31.6669553682496],[-106.301127387281,31.6669535841426],[-106.301104845252,31.6669277912819],[-106.30092208511,31.6667186783362],[-106.300885688759,31.6666762152361],[-106.300633790658,31.6663888108502],[-106.300145694252,31.6658303234368],[-106.299931688479,31.6655852157539],[-106.299838609153,31.6654931259563],[-106.299448792619,31.6650464237657],[-106.299434472497,31.6650313274279],[-106.299398092414,31.6649906669157],[-106.299446025921,31.6649566151481],[-106.299479688278,31.6649332153893],[-106.299600687941,31.664847214908],[-106.299662382309,31.6648095433745],[-106.299731873588,31.6647677374611],[-106.299885258814,31.6646794764767],[-106.299942792804,31.6646465922899],[-106.299980687767,31.6646252154206],[-106.30016968785,31.6645172155484],[-106.300355688278,31.6644112155556],[-106.300394711033,31.6643877716944],[-106.300398142162,31.6643858049907],[-106.300418335729,31.6643735784427],[-106.300613688302,31.6642562151675],[-106.300776958933,31.664156439202],[-106.300961734569,31.6640445594942],[-106.301076688476,31.663975214954],[-106.301243687926,31.6638712152709],[-106.301431688728,31.663753214649],[-106.301432198209,31.6637524822247],[-106.301433114695,31.6637519081364],[-106.301599699437,31.6635118622327],[-106.301676676553,31.6634009387619],[-106.301677695759,31.6633992760956],[-106.301684688458,31.6633892146325],[-106.301902688116,31.6630322148129],[-106.302009688409,31.6628582151635],[-106.30204256984,31.6628038503859],[-106.302080935021,31.6627412438528],[-106.302091702368,31.662722345328],[-106.302097688463,31.6627122144643],[-106.302128330306,31.6626580564062],[-106.302317574546,31.6626675718107],[-106.303283689239,31.6626132150713],[-106.303283640938,31.6626130176798],[-106.303285086759,31.6626129358958],[-106.303258195565,31.6625092791861],[-106.303244689305,31.6624542146844],[-106.30315104319,31.6620962491852],[-106.303121467389,31.6619822429985],[-106.303252221587,31.6619567847029],[-106.3033671571,31.661935164669],[-106.30352065545,31.66190498318],[-106.303540688737,31.6619012148505],[-106.303848744244,31.6618347140333],[-106.304115041033,31.6617873981782],[-106.304199880535,31.661784814641],[-106.304218804094,31.6617842936827],[-106.304366663732,31.6618030780393],[-106.304417252853,31.6618095044959],[-106.304707587269,31.6619298532886],[-106.304839532635,31.6619818093227],[-106.304966789696,31.6620319195582],[-106.305217688933,31.6621362149367],[-106.30540768934,31.6622242149158],[-106.305480728761,31.662260446728],[-106.305529354766,31.6622853561022],[-106.305533334079,31.6622873942101],[-106.305791389656,31.6623366047917],[-106.305831728993,31.6626530902512],[-106.30588468913,31.663072215154],[-106.305907689786,31.6632812144903],[-106.305911132942,31.6633403316187],[-106.305912831823,31.6633851506181],[-106.305937760175,31.6633650995421],[-106.306015689963,31.6633032147779],[-106.306096689127,31.6632342151345],[-106.306310689912,31.6630572151047],[-106.306437886584,31.6629514017139],[-106.306656021472,31.6627707381251],[-106.306657730921,31.6627693227775],[-106.306658429549,31.6627687442141],[-106.306673665823,31.6627561258264],[-106.306692689531,31.6627412143736],[-106.30669233992,31.6627406587094],[-106.30669268522,31.6627403727734],[-106.306642126816,31.6626601872465],[-106.30807979372,31.6617341869078],[-106.308383939607,31.6615383054576],[-106.308443689551,31.661499857201],[-106.308835395193,31.6612478007191],[-106.309430690324,31.6608652142058],[-106.309481689878,31.6608322141739],[-106.309612214007,31.6607400391152],[-106.309851912792,31.6605716315059],[-106.30985244999,31.6605703838375],[-106.309852690625,31.6605702138023],[-106.310110690196,31.6599762140974],[-106.310122526572,31.6599476102097],[-106.310168121179,31.6598894229248],[-106.310187097218,31.6598652054091],[-106.31070608942,31.6588117004242],[-106.311002184118,31.6581968035835],[-106.311087690591,31.6580202135952],[-106.311469690292,31.6572262139042],[-106.311485689975,31.6571792138502],[-106.311464689847,31.6570832139053],[-106.311464690183,31.6570712136953],[-106.311467689923,31.6563242129407],[-106.311472036246,31.656086067432],[-106.311472753998,31.656050936128],[-106.311472677623,31.65605093061],[-106.311472690562,31.6560502128569],[-106.311095207977,31.6560254214408],[-106.311078751697,31.6560243053004],[-106.310819528882,31.6560066583945],[-106.310764210043,31.656003296379],[-106.310688690574,31.6559982136443],[-106.309942939598,31.6559532286811],[-106.309898000946,31.6554894579464],[-106.309889689672,31.6554032132573],[-106.309870881917,31.6552347967573],[-106.30985068072,31.6549958440781],[-106.309848689777,31.6549712136],[-106.309345179078,31.6549480742022],[-106.309305639299,31.6549461842555],[-106.309196622812,31.6547386472049],[-106.309140689537,31.6546312129869],[-106.309130601465,31.6546129577352],[-106.309119572359,31.6545919611357],[-106.309116689183,31.6545612135305],[-106.30911568964,31.6545432131523],[-106.309111914652,31.6544922482253],[-106.309102904479,31.6543594800216],[-106.30909026459,31.654236160258],[-106.309083689369,31.6541682135046],[-106.309071552343,31.6540535812669],[-106.309067402105,31.6540130910836],[-106.30906729622,31.6540120617657],[-106.309067107684,31.654010221544],[-106.309065850046,31.6539979585514],[-106.309510689245,31.6532932126131],[-106.309581689771,31.6526452127051],[-106.309740689787,31.6524132123778],[-106.309740532661,31.652413114832],[-106.309740714461,31.6524128490509],[-106.308301329926,31.6515164789705],[-106.308042688893,31.6513552125262],[-106.307532689305,31.651139212445],[-106.307410676112,31.650905602226],[-106.307297160618,31.6506867012073],[-106.30729454265,31.6506816533563],[-106.307273110737,31.6506403238375],[-106.307213461037,31.6505112785544],[-106.307142688838,31.6503572124168],[-106.30697968917,31.6500052125873],[-106.306952721259,31.6499471913283],[-106.306880653321,31.6497912770311],[-106.306864257711,31.6497626084624],[-106.306846076824,31.6497308173488],[-106.306592689239,31.6494302124243],[-106.306895654434,31.6492311933271],[-106.307066002557,31.6491195406528],[-106.307318819728,31.6489602576601],[-106.30739655201,31.6489107209698],[-106.307449688915,31.6488772120816],[-106.307449489844,31.6488769845917],[-106.307450744662,31.648876185344],[-106.307299546378,31.6487069953529],[-106.307285737143,31.6486900130083],[-106.307272175071,31.6486733345214],[-106.307104289337,31.6484748515401],[-106.307028580603,31.6483853442795],[-106.306818747527,31.6481372654735],[-106.306397688561,31.6476382120144],[-106.30622668839,31.6474442120729],[-106.306084172005,31.6472826928178],[-106.305480342092,31.6465965198883],[-106.305421672173,31.6465293148324],[-106.305199567241,31.6462744292899],[-106.305130031944,31.6461946304775],[-106.30483509732,31.6458561607134],[-106.304770533086,31.6457863576946],[-106.304683310731,31.6456920584373],[-106.304635732184,31.6456406192967],[-106.304460687853,31.6454502118736],[-106.303458687652,31.6442702115627],[-106.303448013259,31.644258001918],[-106.303413549276,31.6442173745866],[-106.303322382906,31.6441143111395],[-106.302373687005,31.6430292118059],[-106.302029766301,31.6426295664358],[-106.301951780523,31.6425385650966],[-106.301609686768,31.6421362118136],[-106.301408395963,31.6418995530133],[-106.301125083178,31.6415658633948],[-106.300950715444,31.641359775859],[-106.300949510049,31.6413583508529],[-106.300910941548,31.6413127658161],[-106.300910925847,31.6413146687218],[-106.300909686723,31.6413132109424],[-106.300910396177,31.6413805776393],[-106.300910172732,31.6414083547373],[-106.300844624071,31.6414333186923],[-106.300068686334,31.6417282116243],[-106.299678686909,31.6418772113825],[-106.299556945578,31.6416071677274],[-106.29951773499,31.641520080802],[-106.299516984237,31.6415184136141],[-106.299405174986,31.6412700832255],[-106.299343370295,31.6411467742512],[-106.299327686922,31.6411152116069],[-106.300396686548,31.6406792111552],[-106.300377238101,31.6406570868119],[-106.300305993038,31.6405746075415],[-106.300207705634,31.6404636281974],[-106.300070407355,31.6403509551098],[-106.300043567504,31.6403289290628],[-106.299936080206,31.6402407196014],[-106.299932905529,31.6402393904572],[-106.299932686274,31.6402392108514],[-106.29957668653,31.6400892110349],[-106.299143218281,31.6400294583201],[-106.298890718469,31.6399938771079],[-106.298720819536,31.6399702995885],[-106.298631956242,31.6396935725479],[-106.298627686744,31.6396802112618],[-106.298626253337,31.6396756896262],[-106.298387686633,31.63892321069],[-106.298337458195,31.638762161491],[-106.298324650581,31.6387207245358],[-106.298072133147,31.6381812166599],[-106.297766377274,31.6375157590039],[-106.297280141389,31.6375058805112],[-106.297248686199,31.6375052111397],[-106.297236823349,31.637510401049],[-106.297232191693,31.6375124011703],[-106.297168983991,31.6375396819599],[-106.297168202297,31.6375383955327],[-106.296967434848,31.637207859027],[-106.296597686145,31.6365972105842],[-106.296579402573,31.6365690050496],[-106.296539197282,31.6365028111056],[-106.296289760148,31.636122169851],[-106.296199686076,31.6359832109694],[-106.296159685623,31.6359222109717],[-106.296067974196,31.6357697960126],[-106.295655170998,31.6350779031814],[-106.294810536013,31.6336621894576],[-106.294717684979,31.6335062103324],[-106.294616685412,31.6333352106084],[-106.293706684393,31.6318082100994],[-106.293655407355,31.6317580353123],[-106.293612938289,31.6317158012012],[-106.293206842568,31.6310386754482],[-106.293027684462,31.6307392098176],[-106.292979634007,31.6306598219839],[-106.291934316697,31.6289167891605],[-106.292049194987,31.628840466242],[-106.292090992621,31.6288128556892],[-106.292109014646,31.628800950892],[-106.292411684349,31.6286022099683],[-106.292686979931,31.6284193275176],[-106.292694642783,31.6284144101506],[-106.292694544208,31.6284143026738],[-106.292694684048,31.6284142095485],[-106.292615866513,31.6283285178866],[-106.29252271662,31.628226953884],[-106.292538368134,31.6281022848366],[-106.292669421401,31.627066390079],[-106.292670088389,31.6270611153674],[-106.292697772599,31.6268422914047],[-106.292696601085,31.6268418736739],[-106.29269668403,31.6268412096126],[-106.292560522074,31.6267933692468],[-106.292064565904,31.6266165860682],[-106.291999734035,31.6265934771027],[-106.291811217043,31.6265280838616],[-106.293856801699,31.62561916186],[-106.296264134266,31.6245500603078],[-106.296411304908,31.6244840393421],[-106.29648043107,31.6244533217788],[-106.296812440949,31.6250141494387],[-106.297046685352,31.6254102091766],[-106.298742685189,31.6246402085615],[-106.298960686066,31.6245822090872],[-106.29900582111,31.6245694426733],[-106.299052025496,31.6245570471262],[-106.299057454805,31.6245555901335],[-106.299332678873,31.6244303105017],[-106.300437514943,31.6239273897848],[-106.302477686488,31.6229992084611],[-106.302753339156,31.6228698784305],[-106.302859342818,31.622821000124],[-106.302859935632,31.6228219519762],[-106.303588411143,31.6224850477462],[-106.303844473144,31.6229238704579],[-106.303849375633,31.622931711825],[-106.30498890481,31.6247537572539],[-106.306112702766,31.6265884332522],[-106.307244479385,31.6284074570952],[-106.307576930719,31.6290107664365],[-106.307971207136,31.6296035925556],[-106.309211874903,31.6311655722328],[-106.310007261065,31.6321752500089],[-106.310351605299,31.632541257768],[-106.311127781775,31.6335289028304],[-106.311383129514,31.6338990046518],[-106.311612060533,31.634132852271],[-106.31258810226,31.6353174904079],[-106.312766991254,31.6356071017388],[-106.313008184564,31.6358938420276],[-106.313538228522,31.6363734857771],[-106.313959075703,31.6368199693047],[-106.314381763745,31.6375794854587],[-106.314621049804,31.6378357645425],[-106.315113596204,31.6382865799995],[-106.315186082732,31.6383723130271],[-106.315533862132,31.6388529729711],[-106.315672689282,31.6390856326277],[-106.316045900397,31.6396259498484],[-106.316274859921,31.6398597904443],[-106.316770296813,31.6403562887161],[-106.317283266747,31.6409894472077],[-106.317750507249,31.6417469001926],[-106.317945304336,31.6420052249838],[-106.318248356438,31.6422814688864],[-106.318667544948,31.6428425704853],[-106.31882941137,31.6430031275126],[-106.319309953739,31.6435461267005],[-106.319491274851,31.6438738015255],[-106.319697380427,31.6441697859143],[-106.319932381812,31.6443575195924],[-106.320142386468,31.6445978988259],[-106.320142691176,31.6446122108957],[-106.320229107392,31.6447015689682],[-106.320849467683,31.6454531735869],[-106.321024562938,31.6456818514016],[-106.32129032605,31.646074365809],[-106.321584499544,31.6463510118239],[-106.321772388247,31.6466105575627],[-106.322090118744,31.6469664353614],[-106.322303356472,31.647226076363],[-106.323137727655,31.6482823372233],[-106.324630425309,31.6500998058767],[-106.325020832535,31.6506712700202],[-106.325728430732,31.6519017801903],[-106.326096045734,31.652423766928],[-106.328467269745,31.6563059140625],[-106.328582380536,31.6565700744099],[-106.328750031692,31.6567307560668],[-106.328877360921,31.6568764593319],[-106.328910760305,31.6570938634246],[-106.328975253059,31.6571816563801],[-106.329050589303,31.6573249599261],[-106.329112878535,31.6574887428713],[-106.3292900655,31.6578005627655],[-106.329454541198,31.6579108653392],[-106.329630674991,31.6582058918133],[-106.329858673879,31.6584944508021],[-106.329859694233,31.6584962128769],[-106.329945693989,31.6586082128624],[-106.32997369476,31.6586412125083],[-106.329984314605,31.6586534633074],[-106.330080044497,31.6587746199667],[-106.330340050799,31.6590638126485],[-106.331530695268,31.6604372133516],[-106.333074694826,31.6621592133227],[-106.333648695093,31.6626192134424],[-106.334033695496,31.6629802135413],[-106.334444696161,31.6635602135698],[-106.334729695371,31.6641142132089],[-106.33635984282,31.6677235342254],[-106.336377590675,31.6677637380393],[-106.336397446775,31.667806788978],[-106.337780696526,31.6708692145438],[-106.337801696891,31.6709162146091],[-106.337817696707,31.6709512142214],[-106.337836696918,31.6709922144308],[-106.337852696418,31.6710292147037],[-106.337874696396,31.6710792142527],[-106.337890697177,31.6711152145884],[-106.337907697057,31.6711512148202],[-106.337935697431,31.671215214416],[-106.337957697354,31.6712662147307],[-106.33798069744,31.67131721489],[-106.340180697587,31.6762542158373],[-106.341121665297,31.6782994059036],[-106.342579313849,31.6817590582736],[-106.343669547443,31.6840496686366],[-106.345165931463,31.6874667329149],[-106.34605191178,31.6893288828515],[-106.346677808714,31.6906963021417],[-106.346687151971,31.6907167154049],[-106.34687476039,31.69112658008],[-106.346878136,31.6911355193788],[-106.346988610023,31.6914280740354],[-106.346994280093,31.6914430897481],[-106.347537329896,31.6928811633378],[-106.348269979415,31.6944977661245],[-106.348963878986,31.6958130027342],[-106.349531949986,31.6966961711921],[-106.350311825416,31.6975021668338],[-106.350379763084,31.6975624436643],[-106.350392928422,31.6975741244031],[-106.351067623428,31.6981727332645],[-106.351122993156,31.6982218586926],[-106.351376259331,31.6984465603303],[-106.351411342757,31.6984682157347],[-106.351419013365,31.6984729502672],[-106.352442271679,31.6991045602343],[-106.353270001023,31.6996811813432],[-106.353326584339,31.699720598732],[-106.354482521542,31.7005258376692],[-106.356893405975,31.7021152807857],[-106.356895554879,31.7021166977238],[-106.357012302687,31.7021936646069],[-106.357062744827,31.7022269187324],[-106.358457702992,31.7032262186247],[-106.360043704087,31.7041582195361],[-106.360956324758,31.7047169999507],[-106.361862542567,31.7053091826939],[-106.364529704622,31.7071002192631],[-106.368303705707,31.7095762200486],[-106.36943170628,31.7102472194896],[-106.370044367827,31.7106479702353],[-106.370590651701,31.7111301894428],[-106.371215172934,31.7116090456071],[-106.372243331414,31.7124611928116],[-106.372807368018,31.7131493153256],[-106.373408729109,31.713909308366],[-106.373532305851,31.714092046474],[-106.373975981748,31.7147960586533],[-106.374317206047,31.7158244061442],[-106.374882873769,31.7179033649285],[-106.375514982777,31.7200971260014],[-106.376098214279,31.7221415809631],[-106.376429979663,31.7229991190472],[-106.376780567266,31.724151041069],[-106.376930697151,31.7246965435022],[-106.377550662257,31.7269864102067],[-106.37745170945,31.727008221965],[-106.376506709239,31.7272172223808],[-106.376254708895,31.7272722225491],[-106.376042708345,31.7273192222341],[-106.375602708078,31.7274172219641],[-106.374967708387,31.7275542221117],[-106.37457970857,31.7276352221665],[-106.374412708043,31.7276712224868],[-106.374123708104,31.7277322223511],[-106.37373370847,31.7278122225283],[-106.373511708597,31.7278702222251],[-106.373559708555,31.7280262220395],[-106.373671707703,31.7283902221674],[-106.373709708126,31.7285132228798],[-106.373704708334,31.7285632228253],[-106.373602707897,31.7285852227832],[-106.373494708227,31.7286082221191],[-106.373027708412,31.7287102226609],[-106.372019707785,31.7289252225692],[-106.37120470819,31.7291032226855],[-106.370688707527,31.7292072226198],[-106.370247707783,31.729302223222],[-106.369733707522,31.7294112232734],[-106.369622707595,31.7294382225732],[-106.369353706843,31.7294982224636],[-106.369269707379,31.7295152230508],[-106.369138707633,31.729535222748],[-106.369057706772,31.7295412227529],[-106.36895870724,31.7295432232282],[-106.368839707665,31.7295352229923],[-106.368727706851,31.7295242233493],[-106.368550706918,31.7295102233107],[-106.368490707439,31.729507223049],[-106.36846870705,31.7296822228063],[-106.368431707516,31.7301302229349],[-106.368412706727,31.730334223145],[-106.368368707721,31.7307112232961],[-106.368338706912,31.7309432235285],[-106.368328707092,31.7310702235511],[-106.368310706838,31.7312592234847],[-106.368303707707,31.7313332231912],[-106.368304707277,31.7314292235442],[-106.368317706904,31.7315172234965],[-106.368320706881,31.7315312232856],[-106.368337707464,31.7316182228343],[-106.368363707001,31.7316982229411],[-106.368377707054,31.7317422229975],[-106.368398707703,31.7318122234191],[-106.368426706834,31.7319002235672],[-106.368463707681,31.7319862234662],[-106.368505707452,31.7320812231604],[-106.368527707346,31.732122223525],[-106.368551707513,31.7321692232723],[-106.368655707523,31.7323412234022],[-106.368711707046,31.7324262230954],[-106.368795707454,31.7325602234753],[-106.36886970716,31.7326772233158],[-106.368793707046,31.7326942233662],[-106.368605707106,31.7327992236593],[-106.36848370769,31.7328732237716],[-106.368425707274,31.7329072231725],[-106.3682557069,31.7330322239058],[-106.36812670714,31.7331442236822],[-106.368028707816,31.7332292234659],[-106.367970707261,31.7332812238328],[-106.367647707126,31.7335762235265],[-106.367497707638,31.7337132236626],[-106.367040706828,31.7341932241043],[-106.366784706666,31.7344972236602],[-106.366696706921,31.7346022234525],[-106.368590707189,31.7362002238193],[-106.369673707977,31.7371282244415],[-106.370762708227,31.7380632244402],[-106.371803708503,31.7389482243198],[-106.372672709168,31.7396892241847],[-106.373209708606,31.7401372245488],[-106.374095709337,31.7408912245159],[-106.374207708923,31.7409862242323],[-106.375104709871,31.7417472243388],[-106.374949709146,31.7417452243981],[-106.374889709577,31.7417452245256],[-106.373358708868,31.7417302250031],[-106.372891708649,31.7417242244853],[-106.372769709055,31.74172522436],[-106.371714708971,31.7417232246584],[-106.371054708422,31.7417222247848],[-106.370645708068,31.7417192244848],[-106.370314707886,31.7417172246232],[-106.370119708593,31.7417092249956],[-106.369070707954,31.7417062244776],[-106.367966707771,31.741702225331],[-106.367255707745,31.7417002245751],[-106.367157708114,31.7416932249016],[-106.366466707257,31.7416882253505],[-106.365925706947,31.7416832249607],[-106.365482707611,31.7416772252823],[-106.365283706682,31.7416692252135],[-106.36520870733,31.7416662251832],[-106.365078707417,31.7416572254264],[-106.364933707114,31.7416532251036],[-106.364881707642,31.741652225444],[-106.364784707136,31.7416572247517],[-106.364673707075,31.7416772253803],[-106.364563707424,31.7417042255032],[-106.364465706572,31.7417392252209],[-106.364304706758,31.7418092251528],[-106.364212707319,31.7416552247991],[-106.363936706401,31.7411402245888],[-106.363843706935,31.7409682250148],[-106.363642706871,31.740620224587],[-106.363523706893,31.7404272249213],[-106.363414706745,31.7402612246492],[-106.363357706288,31.7401862245971],[-106.363207706462,31.7400072249513],[-106.363101706727,31.7398812251386],[-106.362889706521,31.7396082246324],[-106.362640706206,31.7392962250432],[-106.362263706393,31.7388692250864],[-106.361744706541,31.7383272242703],[-106.361229705833,31.7377312243668],[-106.360601705768,31.7369982244353],[-106.360470705909,31.7368372247727],[-106.359935705179,31.736203223958],[-106.359453705265,31.7356792243815],[-106.35927670573,31.7354912239012],[-106.35906170514,31.7352782245657],[-106.358865705481,31.7351012245527],[-106.358518704869,31.7348022246364],[-106.358068705379,31.7344712243217],[-106.357621705166,31.7341952240132],[-106.357117705157,31.7338972239674],[-106.357051704489,31.7338452241197],[-106.356932705017,31.7337932244039],[-106.356432704374,31.7335152243595],[-106.356116704856,31.7333282236373],[-106.356036704424,31.7332812243349],[-106.355677704565,31.7330802237201],[-106.355475704634,31.7329612240417],[-106.355287704804,31.7328502239893],[-106.354890704475,31.7326262240485],[-106.354630703888,31.732471224342],[-106.354523704632,31.7324112243588],[-106.354180704057,31.7322192237731],[-106.353883704343,31.7320402240152],[-106.353593703605,31.7318742237978],[-106.353179703813,31.7316402243117],[-106.352887703994,31.7314752237923],[-106.352729704072,31.7313762243152],[-106.352613703657,31.7313092241441],[-106.352518703694,31.7312532238559],[-106.352411704222,31.7311892237139],[-106.352256704103,31.7310992235583],[-106.351965703123,31.7309372241037],[-106.351827703948,31.7308602241126],[-106.351778703757,31.7308322235963],[-106.35160170304,31.7307302238844],[-106.351385703073,31.7306032242449],[-106.35110870323,31.7304442239594],[-106.35035670364,31.7300092233507],[-106.349937703564,31.7297662237067],[-106.349310703015,31.7294082238057],[-106.348925702672,31.7291802237947],[-106.348649703066,31.7290162235906],[-106.348255703012,31.7287802237214],[-106.347950702616,31.7285942237355],[-106.347849703129,31.728658224088],[-106.34753770281,31.7288912232606],[-106.347457702695,31.7289572235469],[-106.347307702747,31.7290612233655],[-106.347225702231,31.7291232235559],[-106.3468857023,31.7293742236152],[-106.346786702266,31.7294552238772],[-106.346773701918,31.7294652239396],[-106.346532702324,31.7296462238267],[-106.346446702612,31.7297122235789],[-106.34634670259,31.7297892242192],[-106.346047702307,31.7300192237909],[-106.345684702516,31.7303022243003],[-106.345576701686,31.7304152241124],[-106.345468702248,31.7305232244781],[-106.345388702185,31.7306112237446],[-106.345268702574,31.7307562242391],[-106.345154702244,31.7309082243992],[-106.345074701812,31.7310222241892],[-106.345010701843,31.7311202244156],[-106.344951701868,31.7312232239339],[-106.344904702045,31.7313142240372],[-106.344802701621,31.7315282245026],[-106.344749701592,31.7316502246388],[-106.344705701617,31.7317322245507],[-106.344476701881,31.7322132248452],[-106.344363702522,31.7324432242269],[-106.344258702112,31.7326612248703],[-106.344220702521,31.7327462249191],[-106.344150701763,31.7329062246288],[-106.344085702334,31.7330862249995],[-106.344062702028,31.7331862249067],[-106.344047701707,31.7332782246908],[-106.344036702001,31.7333742250176],[-106.344036701811,31.7334092244108],[-106.344037702167,31.733472224931],[-106.344039701902,31.7335462246075],[-106.344041702042,31.7336172247035],[-106.344056702125,31.7337222249492],[-106.344077701902,31.7338432246015],[-106.344115702032,31.7339712249837],[-106.344183702282,31.7341592243432],[-106.344255702045,31.7343462249944],[-106.344432702315,31.7347692244041],[-106.344726702066,31.7354922252629],[-106.344770702712,31.7356082252933],[-106.345094702481,31.7364112248572],[-106.345332701984,31.7370112247452],[-106.345416702797,31.737206225115],[-106.345570703052,31.7375862251045],[-106.345625702433,31.7377412254067],[-106.345708702218,31.7380082251213],[-106.34577970236,31.738289225658],[-106.345815703095,31.738483225116],[-106.345847703225,31.7386822254369],[-106.345876702541,31.7388652250473],[-106.345904702386,31.739207225663],[-106.345908702792,31.7392662252594],[-106.345898703247,31.7397712253569],[-106.345904703299,31.7400012254662],[-106.345903702722,31.7402592253441],[-106.345919703367,31.7414932262155],[-106.345919702557,31.7422752262965],[-106.345919702678,31.7429882264721],[-106.345921703289,31.7431402259758],[-106.345923703315,31.7432682263758],[-106.345920702932,31.7436982258224],[-106.345929702612,31.7440822264319],[-106.345929702925,31.7442602259443],[-106.345932703542,31.7455302262773],[-106.345933703605,31.7460222261599],[-106.345933703176,31.7465002264451],[-106.345939703588,31.746863226683],[-106.345939703155,31.7469582268231],[-106.345942703064,31.7477632266775],[-106.345946703631,31.7482892267897],[-106.345954703282,31.7491142268922],[-106.3459587035,31.749311227029],[-106.345962703768,31.7495382271098],[-106.34596470389,31.7497682270576],[-106.345964703448,31.7498332271362],[-106.3459667034,31.7498932276201],[-106.345967703927,31.7499582274835],[-106.345960703902,31.750307227062],[-106.345952703504,31.7506402274051],[-106.345948703972,31.7509312270739],[-106.345961703651,31.7511492278173],[-106.345977703904,31.7512482272003],[-106.345988703763,31.7513752276769],[-106.345995703567,31.7515152277374],[-106.345985703991,31.7516792278373],[-106.345959703841,31.7518162275139],[-106.345917703324,31.7519342273339],[-106.345879703585,31.7520122280295],[-106.345838703053,31.7520982280184],[-106.345798702995,31.7521582272618],[-106.345755703661,31.7522232279914],[-106.345682703493,31.7523192280201],[-106.345609703826,31.7524092279899],[-106.345539703201,31.7523692275071],[-106.345376703906,31.7525522276972],[-106.345265703352,31.752681227638],[-106.345333702974,31.7527222275808],[-106.346339703514,31.7533442282273],[-106.346897704212,31.7536942274903],[-106.347894704213,31.7543022277772],[-106.347994704372,31.7543672277913],[-106.348221704408,31.7545102279313],[-106.348861704593,31.7549072278406],[-106.34962070438,31.7553792284189],[-106.349683705016,31.7554172275972],[-106.349737704161,31.7554502284179],[-106.349829704391,31.7555062282179],[-106.350740704455,31.7560692279228],[-106.351096704872,31.7562912277634],[-106.351570704762,31.7565762279659],[-106.351956705406,31.7568122280745],[-106.352686705604,31.757267227712],[-106.353000705336,31.7574642282941],[-106.35351570517,31.7577832285201],[-106.354241706165,31.758227227889],[-106.354557706212,31.7584262286842],[-106.35532570654,31.7589022286978],[-106.355383705556,31.758935228187],[-106.355439705648,31.7589682280735],[-106.355534705622,31.7590252286519],[-106.355646706043,31.7590972282672],[-106.355732706036,31.7591512285873],[-106.355872706487,31.759240228724],[-106.356018706312,31.759332228662],[-106.356364706495,31.7595462285042],[-106.356545706406,31.759657228265],[-106.357610706819,31.7603152283048],[-106.35793370697,31.7605192288097],[-106.358447707207,31.7608362283786],[-106.359139706606,31.7612652284947],[-106.359442707475,31.7614502281367],[-106.359958014901,31.7613592153823],[-106.359929706883,31.7613892281874],[-106.359893706735,31.7614292282782],[-106.359829707389,31.7614982287841],[-106.359729707427,31.7616032281032],[-106.359711707151,31.7616192287257],[-106.360592707046,31.7621722281909],[-106.361029707155,31.762449228967],[-106.361024707701,31.7628552283005],[-106.361055707889,31.764502229205],[-106.361113707483,31.7663942289488],[-106.361148708008,31.7683672295018],[-106.361155708062,31.7701502300419],[-106.361164707703,31.7708192302857],[-106.361206708446,31.7718062304172],[-106.361266707965,31.7738862308004],[-106.361260707981,31.7740362301287],[-106.361222708422,31.7740372303942],[-106.361157708151,31.7740392306589],[-106.36104970818,31.7740382303782],[-106.360924708476,31.7740412303676],[-106.360676708079,31.7740412304191],[-106.360582707754,31.7740432309616],[-106.360462707752,31.7740432305466],[-106.360375708498,31.774041230541],[-106.360239708443,31.774034230749],[-106.360147707911,31.7740242305035],[-106.360018707865,31.7740112304598],[-106.359898708253,31.7739932304849],[-106.359819707834,31.7739772302267],[-106.359786707898,31.7739712307657],[-106.359702707501,31.7739512305587],[-106.359651708193,31.7739382304967],[-106.359581708415,31.7739202307391],[-106.359482708153,31.77389023042],[-106.359393707672,31.7738602301592],[-106.359356707892,31.7738472308976],[-106.359273707541,31.7738172308063],[-106.359160707698,31.773775230282],[-106.359138707671,31.7737662310105],[-106.359100707635,31.7737512304511],[-106.359054707214,31.7737352302986],[-106.358823707179,31.7736502302356],[-106.358732707818,31.7736182303077],[-106.358706708136,31.7736082303146],[-106.35848570746,31.7735262303153],[-106.35842270724,31.7735022309484],[-106.358314707098,31.773465230409],[-106.358201707157,31.7734232308967],[-106.358104707118,31.773389230582],[-106.357976707919,31.7733492306622],[-106.357890706997,31.7733222309325],[-106.357813707807,31.7733022304669],[-106.357784707852,31.7732942307401],[-106.357673706891,31.7732692304089],[-106.357573707026,31.7732512306657],[-106.357450707342,31.7732302306039],[-106.357222707373,31.7732072309748],[-106.357109707639,31.7732022301991],[-106.356961707188,31.7731982304023]]]},"properties":{"OBJECTID":4,"DISTRICT":"7","INCUMBENT":"HENRY RIVERA","INCUMBINFO":null,"POP2000":74969,"AREASQMI":null,"PERIMFT":null,"REMARK":"POP INFO FOR 2020","COMMENT":null,"EDITOR_NAME":"DBO","EDIT_TIME":null,"CEPID":null,"IMGLINK":"https://gis.elpasotexas.gov/Districting/assets/images/district7_1.jpg","LINK":"https://www.elpasotexas.gov/district-7/","Shape__Area":98867123.83984375,"Shape__Length":62713.34192332429,"GlobalID":"cfa74a54-b132-44f5-8a7e-41b07a6822c6"}},{"type":"Feature","id":5,"geometry":{"type":"Polygon","coordinates":[[[-106.577039760763,31.8636142354275],[-106.576680761154,31.8636222353338],[-106.576565761083,31.8636332358535],[-106.576328760666,31.8636402356532],[-106.576071760732,31.8636512360852],[-106.575788761316,31.8636462355051],[-106.575403760475,31.8636552354534],[-106.57489576089,31.8636572361564],[-106.574650760218,31.8636592356333],[-106.57445876053,31.8636612360189],[-106.574369760802,31.8636562362017],[-106.57416376101,31.8636482360094],[-106.573893760431,31.8636452358918],[-106.57329675999,31.8636512357751],[-106.572490760391,31.8636472357866],[-106.571972760147,31.863645235843],[-106.571582759843,31.8636472361014],[-106.571064759533,31.8636502357353],[-106.570738759679,31.8636502360287],[-106.570552759838,31.8636492361632],[-106.570289759275,31.8636482363394],[-106.569926759577,31.8636492363942],[-106.56961875984,31.8636492361591],[-106.56931875943,31.8636492359779],[-106.569070759784,31.8636502358969],[-106.568878759475,31.8636522362175],[-106.568746759149,31.8636472359896],[-106.568659759625,31.8636452355997],[-106.568417759625,31.8636172358446],[-106.56830175872,31.8636012359623],[-106.568200759024,31.8635822360238],[-106.568090758882,31.8635632361195],[-106.568007758761,31.8635492363408],[-106.567888758904,31.863518236489],[-106.567755758676,31.863486235838],[-106.567538759437,31.8634212357057],[-106.56740275912,31.8633712363105],[-106.567304758585,31.8633362362273],[-106.567143758723,31.863269236338],[-106.567027758754,31.8632172357678],[-106.566939758414,31.8631752360102],[-106.566803758519,31.86310323613],[-106.5666757587,31.8630272364706],[-106.566535758465,31.8629442364069],[-106.566439759229,31.862880236398],[-106.56637575882,31.8628352357019],[-106.566304758572,31.8627812357396],[-106.566194759153,31.8627032358548],[-106.566149759092,31.8626702358644],[-106.566009758416,31.8625512357624],[-106.565969758397,31.8625092356318],[-106.565904758416,31.8624432356459],[-106.565723758145,31.8622462355435],[-106.565698759042,31.8622192358871],[-106.565619758429,31.8621322357396],[-106.56556475881,31.8620702362131],[-106.565457758692,31.8619532356447],[-106.565173758517,31.861640235938],[-106.565067758269,31.8615202362608],[-106.564900757947,31.8613312354751],[-106.564699758548,31.8611032355864],[-106.564621758534,31.8610112362129],[-106.564439757762,31.8608202357521],[-106.56434075835,31.8607272359299],[-106.564235757781,31.8606282356116],[-106.56383175766,31.8603122357462],[-106.563769757695,31.8602842359935],[-106.563574758329,31.860150235343],[-106.563484757721,31.8601042355356],[-106.56333075825,31.860029235706],[-106.563172758001,31.8599622358306],[-106.563036758351,31.8599052354536],[-106.562791757553,31.8598192353702],[-106.562588757752,31.8597552359314],[-106.562541757229,31.8597432355854],[-106.562319757667,31.8596832356919],[-106.562204757268,31.8596582359623],[-106.562118757894,31.8596412354569],[-106.562002757784,31.8596212359633],[-106.561781757454,31.859591235285],[-106.561590757693,31.8595752359097],[-106.561365757794,31.859557236001],[-106.561085757333,31.8595392352517],[-106.560887757207,31.8595282359392],[-106.560457757477,31.8595182355403],[-106.560313757339,31.8595182359767],[-106.560141756851,31.859519235713],[-106.559965756899,31.8595182360784],[-106.559682757214,31.8595162361202],[-106.559398757437,31.8595152354074],[-106.559068757313,31.8595142359813],[-106.558471756551,31.8595102360336],[-106.558297757033,31.8595112358759],[-106.55809975665,31.8595122357822],[-106.557985757218,31.8595122355518],[-106.557989756434,31.8597082360518],[-106.558002756786,31.8601872356167],[-106.558006756522,31.8603432360841],[-106.558007757235,31.8605222359989],[-106.558006757257,31.8609522362823],[-106.558004756932,31.8611612359588],[-106.558002756588,31.8616472363454],[-106.558001756703,31.8618062360928],[-106.558009756623,31.8622092365294],[-106.558010757211,31.8625192359586],[-106.558011756482,31.8628062366345],[-106.558009756551,31.8630422363386],[-106.558003756557,31.8633852366726],[-106.558001757053,31.863581236397],[-106.557915757397,31.8635782362424],[-106.557699757217,31.8635782366981],[-106.557556756546,31.8635782365993],[-106.557321756389,31.8635782368846],[-106.55679375698,31.8635762364027],[-106.556206756416,31.863577236903],[-106.555213756112,31.8635792362166],[-106.554103755656,31.8635932362604],[-106.553333756098,31.8635952364226],[-106.553267755567,31.8634182365173],[-106.552112755815,31.8609052359965],[-106.551890755099,31.860971236477],[-106.551155755522,31.8612032366533],[-106.550980755385,31.8612592365966],[-106.550878755227,31.8612892367935],[-106.550634755564,31.8613642368842],[-106.550492755015,31.8614072360373],[-106.55034975492,31.8614572369214],[-106.550275755425,31.8614832368649],[-106.550205755067,31.8615142368314],[-106.550120755325,31.8615502361515],[-106.549980755328,31.8616142365434],[-106.549855755033,31.8616802367267],[-106.549674754968,31.8617892361742],[-106.54953075501,31.8618932361832],[-106.549503754936,31.861913237024],[-106.549470754495,31.8619392365048],[-106.549349755331,31.8618352367713],[-106.549235754995,31.8617352366378],[-106.549143754705,31.8616512369243],[-106.548804754653,31.8613832366354],[-106.548672754638,31.861276236948],[-106.548487754528,31.861125236727],[-106.548260754423,31.8609402363428],[-106.548109754698,31.8608152360744],[-106.54804575489,31.860765236308],[-106.547763754507,31.8605362360524],[-106.547514754249,31.8603322367362],[-106.547391754387,31.8602332363785],[-106.547265754644,31.8601322365597],[-106.547124754481,31.8600192364751],[-106.546802753995,31.8597572360285],[-106.546547754469,31.8595492362447],[-106.546374754157,31.859419236664],[-106.546162754325,31.8592572365725],[-106.545880753823,31.8590272362446],[-106.545745754251,31.8589262363359],[-106.545634753898,31.8588392361086],[-106.545375754255,31.8586362357819],[-106.545219754061,31.8585132359359],[-106.545066754241,31.8583932360996],[-106.544556753823,31.8579932363895],[-106.544415753238,31.8578852358222],[-106.544177753974,31.8576962363485],[-106.544027753947,31.8575762358987],[-106.543808753412,31.8574062363678],[-106.543700753538,31.857321235813],[-106.543645752999,31.8572792357615],[-106.543523753854,31.8571822364701],[-106.543430753711,31.8571052357642],[-106.543359753204,31.8570392360224],[-106.543272753562,31.8569572358314],[-106.543198753682,31.8568712355892],[-106.543117752879,31.8567662359557],[-106.543010753458,31.8566292355782],[-106.542924753494,31.8564962358203],[-106.542893753683,31.8564472359158],[-106.542848752951,31.8563672356432],[-106.542641753316,31.8559652355266],[-106.54255575336,31.8558112357786],[-106.542446753039,31.8556142359743],[-106.54218075336,31.8551162355114],[-106.54213275341,31.855031235804],[-106.542039753051,31.8548532358891],[-106.541994753283,31.8547562360413],[-106.541962753384,31.8546592358949],[-106.541942752582,31.8545802353667],[-106.541925752927,31.8544752360563],[-106.541918753068,31.854382235643],[-106.541917752871,31.8542872356509],[-106.541915752775,31.8541502359234],[-106.541909753323,31.8533572356584],[-106.541909753071,31.8532152358376],[-106.541905752904,31.8529342351228],[-106.541898752381,31.8527852355688],[-106.541887753124,31.8526132356123],[-106.54203389323,31.8523873093097],[-106.542010753007,31.8523872349764],[-106.541848752809,31.852386235788],[-106.541838752215,31.8523462350976],[-106.541802752661,31.8522322357365],[-106.541770753136,31.8521122349752],[-106.54175975324,31.8520752355756],[-106.541747752209,31.8520312349091],[-106.541716752637,31.8519332349149],[-106.541692752215,31.8518562351455],[-106.541656752341,31.8517532355996],[-106.541601752587,31.8516722348817],[-106.541522753054,31.8515792352927],[-106.541394752583,31.851311235141],[-106.541374752549,31.8512682354947],[-106.541303752058,31.8511202353945],[-106.541139752504,31.8508162352061],[-106.541054752091,31.8506572351675],[-106.540929752589,31.8504252352662],[-106.540818752648,31.8502202353822],[-106.540661752448,31.849933235279],[-106.540550752016,31.8497252345873],[-106.540467751915,31.8495702350814],[-106.540324752359,31.8493482346835],[-106.540271751809,31.849281235243],[-106.54021875233,31.8492142348284],[-106.54013075262,31.8491052351357],[-106.540051752486,31.8490302348379],[-106.540008752009,31.8489892347849],[-106.539927752422,31.8489182345152],[-106.53988275228,31.8488822353377],[-106.53975175187,31.8487682345768],[-106.539661752164,31.8487062351088],[-106.539483751959,31.8485822346338],[-106.538783751347,31.8481112350535],[-106.538542751993,31.8479472349464],[-106.538426751669,31.8478702352311],[-106.538056751574,31.8476252348449],[-106.537931751582,31.8475402344605],[-106.537522751926,31.8472672351256],[-106.537264751092,31.8470972342889],[-106.537237751842,31.8470802345092],[-106.537186751614,31.8470442349627],[-106.537126751722,31.8470022348892],[-106.537068751184,31.8469582345496],[-106.5370417518,31.8469372351238],[-106.537016750883,31.8469182351103],[-106.536987751266,31.8468932347272],[-106.536920751193,31.8468382342842],[-106.536877751224,31.846796234248],[-106.536843751368,31.8467632344154],[-106.536807751563,31.8467252346108],[-106.536760751328,31.8466752344363],[-106.536705750875,31.8466022346955],[-106.536663751269,31.8465442345356],[-106.536634751037,31.8465032347488],[-106.536606751194,31.8464602344501],[-106.536569751605,31.8464022344735],[-106.536514751221,31.846305234259],[-106.53648975082,31.8462452344668],[-106.536461750955,31.8461782346467],[-106.536441751107,31.8461302347827],[-106.536408751239,31.8460292343966],[-106.536380751094,31.8459442344994],[-106.536342751616,31.845813234939],[-106.536297750826,31.8456302343408],[-106.536275750714,31.8455402344402],[-106.536091751325,31.8448412347678],[-106.535969751122,31.8443782343929],[-106.53577775118,31.8436512341445],[-106.535759751019,31.8435842346493],[-106.535716750793,31.8434802338872],[-106.535658750746,31.8433752342831],[-106.535605750604,31.8432842344667],[-106.535556750972,31.8432092339945],[-106.535513751308,31.8431572344936],[-106.535492751113,31.8431302340629],[-106.535434750599,31.8430672339864],[-106.535374751045,31.8430102337083],[-106.535281750972,31.8429272337002],[-106.535264750343,31.8429112340336],[-106.535238750848,31.8428972338405],[-106.535169750223,31.8428532338093],[-106.535118750349,31.8428152337104],[-106.535040751119,31.842754233984],[-106.534990750714,31.8427142342883],[-106.534963750941,31.8426882340682],[-106.534843750194,31.842577233779],[-106.534798750538,31.8425332337289],[-106.534754751062,31.8424792339448],[-106.534708751047,31.8424192342758],[-106.534664750582,31.8423562344688],[-106.534609750775,31.842266233698],[-106.534589750772,31.8422312341261],[-106.534552750264,31.842153233763],[-106.534525750332,31.8420882335847],[-106.534481750416,31.8419742340553],[-106.534422750893,31.8418092339989],[-106.534257750602,31.8413272335577],[-106.534119750386,31.8409542334748],[-106.534077749873,31.840855233784],[-106.534030750034,31.8407422341825],[-106.533952750142,31.8406232340089],[-106.533893749781,31.8405442336771],[-106.533857750654,31.8405052340946],[-106.533805750183,31.8404512339395],[-106.533761750395,31.8404092336207],[-106.533702749852,31.8403542336395],[-106.533631750686,31.84029823346],[-106.533509750101,31.8402152334032],[-106.533468749928,31.8401922337362],[-106.53339674999,31.8401582338406],[-106.533265750366,31.8401022341644],[-106.533223750472,31.8400872334018],[-106.533171749982,31.8400702339965],[-106.53307475009,31.8400462340415],[-106.532832749662,31.8400022333778],[-106.532137749887,31.8398922335436],[-106.531811749734,31.8398372341807],[-106.53173574981,31.8398242339713],[-106.531678749437,31.8398102342148],[-106.531512749223,31.8397592342072],[-106.531402749559,31.8397102338761],[-106.531325749168,31.839672233797],[-106.53124275,31.8396242339178],[-106.53110474907,31.8395362334712],[-106.531018749141,31.8394812333828],[-106.530758749788,31.8393022335979],[-106.530599749283,31.8391972341344],[-106.530519749814,31.8391442333091],[-106.530420749898,31.8390852333885],[-106.530316748947,31.8390362338531],[-106.530182749656,31.8389852335236],[-106.530092749758,31.8389582335969],[-106.529870749094,31.8389162337158],[-106.529599749635,31.8388742335864],[-106.529478749445,31.8388572337609],[-106.529243748737,31.8388332338518],[-106.529106749433,31.8388232339713],[-106.529054749217,31.8388212333203],[-106.528892749277,31.8388192336667],[-106.52875274922,31.8388132340349],[-106.52864874872,31.838806233629],[-106.528541749166,31.8387972333503],[-106.528353748495,31.8387612335791],[-106.528167749419,31.8387162340087],[-106.52800774857,31.8386752340655],[-106.527875748995,31.8386342337573],[-106.527708749105,31.8385832341921],[-106.527453748537,31.838515234166],[-106.527193748632,31.8384652340205],[-106.527080748906,31.8384472335133],[-106.526966748376,31.8384222333408],[-106.526862748805,31.8383942335483],[-106.526791748544,31.838370234001],[-106.52671474853,31.8383442337347],[-106.526564748097,31.8382792337427],[-106.526413747992,31.8381942334291],[-106.526336748007,31.8380762338454],[-106.526284748562,31.8380372338977],[-106.526158748753,31.8379342334783],[-106.526051748812,31.8378322340342],[-106.525975748108,31.8377412337457],[-106.525917748596,31.8376632338846],[-106.525865748188,31.8375762340221],[-106.525814748402,31.837464233252],[-106.525769748791,31.8373402336349],[-106.525734747992,31.8371512335133],[-106.525728748425,31.8370482336463],[-106.525730748055,31.8369282333765],[-106.525740747997,31.8368432338795],[-106.525768747984,31.8366952333197],[-106.52582274826,31.8363822331866],[-106.525857748391,31.8361942331482],[-106.525882748215,31.8360502330297],[-106.525935748465,31.835768233028],[-106.526005748546,31.8353962332454],[-106.526035748253,31.8352162335077],[-106.526115747769,31.8347532336258],[-106.526135748285,31.8346432330412],[-106.526150747848,31.8344892334545],[-106.526165748032,31.8343362328246],[-106.526175748649,31.8341382332147],[-106.526179748205,31.8338902330659],[-106.526176748223,31.8328362324469],[-106.526179748309,31.8318252326486],[-106.52617674765,31.8315092330803],[-106.526175748463,31.83138523284],[-106.526180748386,31.8311582324879],[-106.526187748362,31.8310322330163],[-106.526197747577,31.8309362325051],[-106.526213747962,31.8308132326596],[-106.526227747966,31.8307222328016],[-106.52624774761,31.8306252325833],[-106.526298747762,31.8304512325122],[-106.526322747758,31.8303702328093],[-106.52638974789,31.8301952320482],[-106.526475748487,31.8300062326732],[-106.526602747593,31.8297942320595],[-106.526739748368,31.8295822322945],[-106.526885748496,31.8294082322927],[-106.527078748125,31.8292262319378],[-106.527180748208,31.8291332320323],[-106.527277747879,31.8290512323006],[-106.52761974809,31.8287622320621],[-106.527530748144,31.8286862320098],[-106.527420747737,31.8285892324307],[-106.527128748017,31.8283252324443],[-106.527001747512,31.8282092321571],[-106.526747747905,31.827979231888],[-106.526489747628,31.8277482319276],[-106.52617374788,31.8274652319753],[-106.526104747632,31.8274032319793],[-106.526046748099,31.827351232411],[-106.525943748104,31.8272542319128],[-106.525848833111,31.8271658368047],[-106.525645747473,31.8272532322207],[-106.5254987472,31.8273672318759],[-106.525361747462,31.8274492319127],[-106.525246748131,31.8274982324706],[-106.525125747544,31.8275322316823],[-106.524933747026,31.8275702323733],[-106.524826747317,31.8276042318862],[-106.52479874754,31.8276132324444],[-106.52474274695,31.8276402318363],[-106.524687747264,31.8276702320838],[-106.52464874771,31.8276952322418],[-106.524614747672,31.8277182323215],[-106.524577747719,31.8277492325178],[-106.524101747371,31.8282222325212],[-106.523875746951,31.8284482319904],[-106.52352574686,31.8287992324645],[-106.523236746747,31.8290882327401],[-106.523092747339,31.8292332326735],[-106.522944746933,31.8293672322468],[-106.522792746953,31.8292372322599],[-106.522527746857,31.8289962326123],[-106.522261747126,31.8292142321338],[-106.522081746705,31.8293582328657],[-106.521871746746,31.8295222323689],[-106.521770747047,31.8296192322752],[-106.521599747038,31.8297472322194],[-106.521239747298,31.8299492324087],[-106.520917746758,31.8301402327266],[-106.520872746714,31.83017023277],[-106.520421747159,31.8304172325472],[-106.519902746562,31.8306932324968],[-106.519660746754,31.8308292324289],[-106.519191746107,31.831043232806],[-106.51901274643,31.831114232726],[-106.518894746384,31.8311532326293],[-106.518723746234,31.8311862333077],[-106.518642746199,31.8311962326313],[-106.518545746105,31.8312062325657],[-106.518345746379,31.8312122332559],[-106.518116746153,31.831212232931],[-106.517974745688,31.8312002330066],[-106.517810746535,31.8311722328712],[-106.517648745653,31.8311272332241],[-106.517546746173,31.8310892326525],[-106.517460745576,31.8310492326349],[-106.517364745768,31.8309892326962],[-106.517279746126,31.83091623256],[-106.517180745955,31.8308082325935],[-106.517121746493,31.8307232330838],[-106.517079746427,31.8306392324587],[-106.517047745552,31.8305502333001],[-106.517027745998,31.8304572325306],[-106.517006745516,31.8302962327873],[-106.516560745555,31.8303282329639],[-106.5163017453,31.8303382328392],[-106.516087746108,31.8303292327515],[-106.515839745998,31.8302992325764],[-106.515473745922,31.8302472330478],[-106.51499274546,31.8301882328461],[-106.514753745238,31.8301442327673],[-106.514586745014,31.8301222333151],[-106.514353745128,31.8301112332849],[-106.514205745082,31.8301182332266],[-106.513886745094,31.8301142326919],[-106.513698744819,31.8300862326763],[-106.512887745152,31.8299502333054],[-106.512789745044,31.8299352329403],[-106.512700744956,31.8299162328798],[-106.512645745471,31.8299012332386],[-106.512566744962,31.8298742333919],[-106.512510745121,31.8298582334149],[-106.512420744683,31.8298202329109],[-106.512324744846,31.8297612329515],[-106.512254744708,31.8297162329269],[-106.512183744988,31.8296732331449],[-106.512055745324,31.8296222328542],[-106.51194174482,31.8295962328834],[-106.511884744743,31.8295862325477],[-106.511806744847,31.8295832328996],[-106.511775744447,31.8295802333127],[-106.511566745081,31.8295792325361],[-106.510993744254,31.8295762333786],[-106.510312744259,31.8295672334178],[-106.510264744759,31.8295612329819],[-106.510218744139,31.8295502330261],[-106.51015474418,31.8295242333705],[-106.510099743879,31.8294842334816],[-106.51005674418,31.8294312326718],[-106.509968744193,31.8293042332628],[-106.509827744744,31.8293652328589],[-106.509767744694,31.8293852326871],[-106.509731744555,31.8293992332729],[-106.509703743994,31.8294062334402],[-106.509576744042,31.8294402333144],[-106.509472744398,31.829459233478],[-106.50919674443,31.8295022330925],[-106.509121744444,31.8295112327882],[-106.509037744032,31.8295292331155],[-106.508903744204,31.8295652327299],[-106.508748744233,31.8296292329624],[-106.508708743763,31.8296492327403],[-106.508646743627,31.8296842332373],[-106.508579744163,31.8297282332994],[-106.508533743548,31.8297592329205],[-106.508476744071,31.8298072331977],[-106.508431743945,31.8298492329488],[-106.508385743622,31.8298962335476],[-106.50835874359,31.8299262332395],[-106.508324743539,31.8299612329969],[-106.508262743579,31.8300512329909],[-106.508240743604,31.830085233493],[-106.508229744229,31.8301072336453],[-106.508058744421,31.8304292335272],[-106.508021743596,31.8304912336233],[-106.507960743574,31.830598232993],[-106.507878744319,31.8307242329],[-106.50782974425,31.8307952330419],[-106.50773674417,31.8309162331127],[-106.507666743446,31.8309942332368],[-106.507559744082,31.8311082331447],[-106.507477743958,31.8311912336577],[-106.507396744424,31.8312642337623],[-106.507344744025,31.8313092332912],[-106.507083743679,31.8315182335434],[-106.506593743488,31.8319032337398],[-106.506618743488,31.8319262334329],[-106.506677743499,31.8319812340599],[-106.506735744251,31.8320412336548],[-106.506779743997,31.8320942332048],[-106.506825744037,31.8321562335706],[-106.506904744017,31.8322752335351],[-106.504959742962,31.8325392335132],[-106.498474963861,31.8335191569323],[-106.494502741042,31.83411923441],[-106.493979740902,31.8342032341305],[-106.495115741466,31.8357992351119],[-106.496454742395,31.8378722350111],[-106.497618742266,31.8395632352283],[-106.498482742871,31.8415942351019],[-106.497331742163,31.8424872355673],[-106.496567741842,31.8433702357562],[-106.496229742164,31.8448062364792],[-106.496630742182,31.8461562366197],[-106.496868742106,31.8472622364467],[-106.496117742205,31.8482402367693],[-106.49439074211,31.8493682368529],[-106.49375274258,31.8507112372237],[-106.491749741866,31.8486052368469],[-106.489963740674,31.8440222367617],[-106.489938740631,31.8440022363837],[-106.489909740839,31.8439612361621],[-106.489879740834,31.8439162367423],[-106.489860740738,31.8438852366248],[-106.489847740549,31.8438552362612],[-106.489833741172,31.8438242362991],[-106.489812740877,31.8437652365401],[-106.489803740751,31.8437242361847],[-106.489802740664,31.8436462358312],[-106.489783740527,31.8435102364178],[-106.489765740762,31.8434382362945],[-106.489746740395,31.8433792358804],[-106.489352740949,31.8427922358124],[-106.489286740985,31.8426882357808],[-106.489284740611,31.8426472358754],[-106.489229740168,31.8426352358807],[-106.489131740074,31.8426072360602],[-106.489015740972,31.8425682359059],[-106.488856740373,31.842507236561],[-106.488782740474,31.8424792361248],[-106.488555739924,31.842384235682],[-106.488521740042,31.8423692363695],[-106.488358739886,31.8423252365582],[-106.488213740704,31.8423012357566],[-106.488067740138,31.8422912362165],[-106.487797740592,31.842307236359],[-106.487261739889,31.8423522358754],[-106.487110739796,31.8423452364015],[-106.486983740423,31.8423212360351],[-106.486901740098,31.8423002361564],[-106.486783740057,31.8422532365772],[-106.486691740534,31.8422052364385],[-106.486623739491,31.8421592361287],[-106.486172739862,31.8418292361757],[-106.485033739695,31.8409762357246],[-106.48445173911,31.8405522357277],[-106.483843739453,31.8400952363368],[-106.483709738997,31.8399742357575],[-106.483624739562,31.8398902359656],[-106.483516738977,31.8397592355319],[-106.483464738875,31.8396892357159],[-106.483420739243,31.8396202362449],[-106.483045739345,31.8389882361283],[-106.482824738798,31.8386062355764],[-106.482590738511,31.8381892360459],[-106.482481738312,31.8380352360259],[-106.482320739126,31.8378762359616],[-106.481829738136,31.837354236021],[-106.48134873818,31.8368252352653],[-106.481199738793,31.8366892352648],[-106.481102738234,31.8366222350878],[-106.480994737911,31.8365692350899],[-106.480918738759,31.8365392356854],[-106.480798738034,31.8365092358805],[-106.480632738365,31.8364922352828],[-106.480252738349,31.8365122355149],[-106.479313738241,31.8365642355012],[-106.479028738417,31.8365602351663],[-106.478897738012,31.8365392352082],[-106.478744737683,31.8364992355006],[-106.478596737592,31.8364452352019],[-106.478502738347,31.83640323569],[-106.47834773786,31.8363142356407],[-106.478292738125,31.8362732356256],[-106.478226737284,31.8362242356092],[-106.478104738207,31.8361162351133],[-106.478015737686,31.8360192354042],[-106.477942737733,31.8359122357725],[-106.477885738145,31.8357992357665],[-106.477850737146,31.8357002352671],[-106.477722737749,31.8351572353151],[-106.477603737033,31.8345902351485],[-106.477544737281,31.8344272351878],[-106.477476737027,31.8342962352527],[-106.477392737358,31.834168234992],[-106.477259737546,31.8340122349473],[-106.477214736958,31.8339722348423],[-106.476994736978,31.83378223522],[-106.476717736881,31.833562235582],[-106.476528737064,31.833421234896],[-106.476309737498,31.833236235155],[-106.476217737085,31.8331302351704],[-106.476151736694,31.8330322355885],[-106.476101736624,31.8329352349884],[-106.476047737401,31.8327922353668],[-106.476014736783,31.8326722346661],[-106.475979736593,31.8324452346726],[-106.475732736872,31.8299142347578],[-106.475659736472,31.8292072345032],[-106.475492736136,31.8274932340328],[-106.475413736119,31.8267932344909],[-106.475402736155,31.8265912338207],[-106.475405736257,31.8263602343912],[-106.475413736094,31.8261922345047],[-106.475444736438,31.8258802339205],[-106.475479736259,31.8255042336687],[-106.475511736377,31.8251942343193],[-106.475548736613,31.8248152338093],[-106.475550736875,31.8247932341415],[-106.475551736787,31.8247682341631],[-106.475552736231,31.8247462338525],[-106.475552736438,31.8247212340821],[-106.475553736349,31.8246962341029],[-106.475552736385,31.8246742342087],[-106.475551736831,31.8246492337455],[-106.475550736008,31.8246282337735],[-106.475548736753,31.8246032335183],[-106.475546736034,31.8245812338814],[-106.475543736024,31.8245562338839],[-106.475540736602,31.8245342335047],[-106.475537736595,31.8245092335066],[-106.475532736327,31.8244852338474],[-106.475525736328,31.8244442339141],[-106.475521736334,31.8244282339794],[-106.475517736342,31.8244122340444],[-106.475512736006,31.8243932337981],[-106.475507736121,31.8243762341977],[-106.475501736674,31.8243602337777],[-106.475495736175,31.8243442334071],[-106.475489736148,31.8243252333674],[-106.475482736012,31.8243092341045],[-106.475474736923,31.8242922333252],[-106.47546673598,31.8242762334183],[-106.475458736094,31.8242602334611],[-106.475449736512,31.824244233711],[-106.475440736934,31.8242282339601],[-106.475430736547,31.8242122335654],[-106.475420736221,31.8241962340703],[-106.475409736532,31.8241822336273],[-106.475398736651,31.8241672333102],[-106.475387736638,31.8241512340196],[-106.475375736399,31.8241382337034],[-106.475363736638,31.8241222337173],[-106.475350736516,31.8241082337327],[-106.475337736591,31.8240952336198],[-106.475324736669,31.8240822335055],[-106.475068736416,31.8238302337516],[-106.474795735825,31.8235762338655],[-106.474499736246,31.8233172335214],[-106.474268735632,31.8231132339365],[-106.474232735786,31.8230852331678],[-106.474195735641,31.8230592332841],[-106.474158736572,31.8230332333398],[-106.474121736468,31.8230072334346],[-106.474082735958,31.8229812339627],[-106.474044736332,31.8229562332053],[-106.474004736179,31.8229302339065],[-106.473965736212,31.8229072331189],[-106.473925735583,31.8228842334658],[-106.473886735713,31.8228612335547],[-106.473844735696,31.8228382333672],[-106.473804736357,31.8228162335],[-106.473778736075,31.8228062338287],[-106.473753735482,31.8227962339575],[-106.473728735891,31.8227862331312],[-106.473703735895,31.8227792337716],[-106.473677735576,31.8227692331795],[-106.473651735905,31.8227622340039],[-106.473625735596,31.8227522334014],[-106.473599735876,31.8227452333149],[-106.473573736334,31.8227392330969],[-106.473546735884,31.8227322332429],[-106.473520736175,31.8227252331406],[-106.473493735559,31.822717233402],[-106.473467736437,31.8227132338104],[-106.473440736175,31.822707233808],[-106.473414735773,31.8227022334816],[-106.473386735662,31.8226952337864],[-106.47297073603,31.8226072338316],[-106.472947736005,31.82260323357],[-106.472923735628,31.8225952339981],[-106.472899735533,31.8225892332685],[-106.472876736068,31.8225822333236],[-106.472853735384,31.8225742335507],[-106.472829736244,31.8225672337853],[-106.472807735415,31.8225602336903],[-106.472784735406,31.8225502332075],[-106.472762735698,31.8225432339556],[-106.472739735697,31.8225332334647],[-106.472718736175,31.8225232334471],[-106.472695735684,31.8225162335198],[-106.472673735936,31.8225032331598],[-106.472652735374,31.8224932331812],[-106.47263173587,31.8224832331493],[-106.472610735316,31.8224732331638],[-106.472589735328,31.8224602335039],[-106.472568735346,31.8224472338405],[-106.472548735541,31.8224372336095],[-106.472528735413,31.8224252336279],[-106.472509735696,31.8224112336608],[-106.472489735578,31.822399233673],[-106.472174735781,31.8221682334015],[-106.47215373608,31.8221562335435],[-106.472132735687,31.8221402332862],[-106.472110735267,31.8221282336532],[-106.472088735689,31.8221152331923],[-106.47206673512,31.8221022336779],[-106.472044735554,31.8220892332094],[-106.472020735804,31.8220772339241],[-106.471998735671,31.8220672331192],[-106.471974735774,31.8220542339514],[-106.471950735245,31.8220442335501],[-106.471927735509,31.8220342338144],[-106.471903735147,31.8220252332782],[-106.471879735745,31.8220152337145],[-106.471855735078,31.8220042334216],[-106.471830735114,31.8219952339525],[-106.471805735252,31.8219872334521],[-106.471780735296,31.8219782339733],[-106.471755735599,31.8219712333371],[-106.471729735234,31.8219642338255],[-106.471703735869,31.8219572333584],[-106.471678735496,31.8219522334055],[-106.471652735142,31.8219452338784],[-106.471626735788,31.8219382333961],[-106.471600735903,31.8219342334804],[-106.471543735602,31.8219262337214],[-106.47148473575,31.8219172335175],[-106.471426735795,31.8219092338845],[-106.471368735039,31.8219032331228],[-106.471310735613,31.8218982339605],[-106.471251735348,31.8218932331966],[-106.471193735726,31.8218872332078],[-106.471134735889,31.8218842339398],[-106.471076735374,31.8218792338226],[-106.471017735487,31.821876233601],[-106.470958735049,31.821876233925],[-106.470898735494,31.821873233823],[-106.470443735021,31.8218592336257],[-106.467981734191,31.8217972335841],[-106.467931734198,31.8217972337357],[-106.467866734717,31.8217972336091],[-106.467806734599,31.8217962336817],[-106.467528735064,31.8217962339241],[-106.466497734285,31.8217922333468],[-106.46619273379,31.8217902333874],[-106.466142733858,31.8217902337529],[-106.465806733886,31.8217892338305],[-106.465749734077,31.8217892341799],[-106.465643733952,31.8217892336451],[-106.465615734441,31.8217892341465],[-106.46554866816,31.8217908901248],[-106.465564734577,31.8217332340245],[-106.465604734274,31.821656233896],[-106.465632734044,31.8215952335758],[-106.465673733917,31.8215032332769],[-106.465690734099,31.8214642336805],[-106.465726734646,31.8213742338222],[-106.465743733651,31.8213242337995],[-106.465759734488,31.8212792332283],[-106.465788733918,31.8211882336537],[-106.465797734003,31.8211552336008],[-106.465815734492,31.8210922340152],[-106.465838734279,31.8209972339764],[-106.465849733967,31.8209462340106],[-106.465877733758,31.8208062332396],[-106.46588373398,31.8207652336824],[-106.465894734012,31.820697233942],[-106.465906734024,31.8206122333969],[-106.465916733601,31.8205162335966],[-106.465922734416,31.8204402337221],[-106.465925733736,31.8204022333832],[-106.465930734538,31.8203232331151],[-106.465933733868,31.8202332336417],[-106.465933733873,31.8202022337763],[-106.465934733586,31.8201202336151],[-106.465933733836,31.8200782334105],[-106.46593373448,31.8199192336207],[-106.465928734515,31.8196762330014],[-106.465925733881,31.8194532332893],[-106.465924733665,31.8193962330978],[-106.465903733511,31.8182882332422],[-106.465894733527,31.8178112331525],[-106.465881733468,31.8168092331728],[-106.465873734214,31.8161532332032],[-106.465867733942,31.815733232708],[-106.465863733983,31.8153332330572],[-106.465858734059,31.8149922328077],[-106.465855733736,31.8148212328187],[-106.465854734139,31.8147172326549],[-106.465848733631,31.8143342329671],[-106.465846734026,31.8141742323469],[-106.465842733549,31.8139452321057],[-106.46583473354,31.8133912320255],[-106.465832733732,31.8132072323839],[-106.465827733644,31.8127992325351],[-106.465825733303,31.812631231893],[-106.465821734013,31.8124332323224],[-106.465815733493,31.8121522320329],[-106.465808733409,31.8120592323159],[-106.465853733317,31.8119742317682],[-106.465881733237,31.8119332322675],[-106.465880733736,31.8118302318605],[-106.465879733463,31.8117402317647],[-106.465882733227,31.8116672317582],[-106.465879733716,31.8115242318302],[-106.465876733067,31.8113802320654],[-106.465877733052,31.8113322321239],[-106.465882733504,31.8111292316522],[-106.46588873384,31.8106902315531],[-106.46589073318,31.8105572314839],[-106.466202733328,31.810556231529],[-106.467029733478,31.8105582318958],[-106.467642734115,31.8105602316743],[-106.467645734056,31.8101132315586],[-106.467645733965,31.8096462314758],[-106.46765273414,31.8095062320336],[-106.467663733383,31.8087502317531],[-106.467661733493,31.8078562312198],[-106.467664734051,31.8078462309298],[-106.467672733344,31.8070892316569],[-106.467680733991,31.8070122309633],[-106.467648733954,31.8069912316107],[-106.467603733203,31.8069662313446],[-106.467547733569,31.8069422309587],[-106.467489733656,31.8069342308724],[-106.467234733142,31.8069362311652],[-106.467016734015,31.8069372312021],[-106.46618273312,31.8069282314845],[-106.46602873315,31.8069272316649],[-106.465908732758,31.8069252309719],[-106.465912732853,31.8065502311817],[-106.465912733281,31.8064402312055],[-106.465910733579,31.8062362315426],[-106.465909732792,31.8059542308033],[-106.465915732913,31.8049352313534],[-106.465918733075,31.8042562309993],[-106.465915733524,31.8040592305099],[-106.465919733373,31.8039942309928],[-106.465919732827,31.8032102311237],[-106.465917733067,31.8031612306953],[-106.465921733447,31.8031122311105],[-106.465923733451,31.8026452306913],[-106.46592173249,31.8023352301867],[-106.46591973325,31.8022592309797],[-106.465922733029,31.8021482304785],[-106.465921732648,31.801994230082],[-106.465922733139,31.8017862300234],[-106.465922732896,31.8016692306617],[-106.46592473316,31.8013502303581],[-106.465927732695,31.8009772305773],[-106.465926732897,31.800808229971],[-106.465928732812,31.8004442301378],[-106.465931732773,31.7997022302351],[-106.46593373316,31.7996132299808],[-106.465930732456,31.7995382299077],[-106.465934732928,31.7994192299868],[-106.465932732907,31.7991592297418],[-106.465934733088,31.7986322298808],[-106.465936733136,31.7984362298593],[-106.46593873293,31.7977292301268],[-106.465940732735,31.7976662296303],[-106.465939732736,31.7973702294487],[-106.465942732355,31.7968232294939],[-106.465945732449,31.7964162291724],[-106.465947733053,31.7962572293485],[-106.465950733008,31.796025229367],[-106.465946732532,31.7959142297306],[-106.465952732874,31.7958282292566],[-106.465953732387,31.7952382295405],[-106.465955732522,31.7950542297212],[-106.465949732566,31.7950092293611],[-106.466087733098,31.7950072295014],[-106.466671732237,31.7950122291237],[-106.467232732729,31.7950172291525],[-106.467339733235,31.7950182293939],[-106.467463732838,31.7950172295438],[-106.467991732759,31.7950182289345],[-106.468373732788,31.7950212291472],[-106.468523732975,31.7950382296814],[-106.468619732728,31.7949012288591],[-106.468642732871,31.7948702289101],[-106.468683733059,31.7948172289406],[-106.468732732773,31.7947572291657],[-106.468827733674,31.7946442292712],[-106.468906733731,31.7945572294794],[-106.46904073296,31.7944372292868],[-106.469162733089,31.7943272291631],[-106.469263733388,31.7942432291451],[-106.469319733317,31.7941822287805],[-106.469361732828,31.7941182286858],[-106.469389733032,31.7940362286462],[-106.469403733177,31.7939612287001],[-106.469404733386,31.7939362294082],[-106.469408733283,31.7937852287855],[-106.469417733062,31.7934412291635],[-106.46943973331,31.7933502284882],[-106.469483733772,31.793259229002],[-106.469514733542,31.7932202291011],[-106.469547733743,31.7931782291113],[-106.469631733783,31.7931112292306],[-106.469724733525,31.793060228542],[-106.469819733385,31.7930262291637],[-106.470059733194,31.7929702290309],[-106.470106733314,31.7929532288608],[-106.470181733497,31.7929252288582],[-106.470258733257,31.7928742291065],[-106.470320733829,31.7928092292307],[-106.470384733073,31.7927232285356],[-106.470481733528,31.7925782284125],[-106.470496733589,31.7925562286845],[-106.47055873378,31.7924772283854],[-106.470636732999,31.7924092291222],[-106.470673733078,31.7923882284548],[-106.470601733858,31.7923612286133],[-106.470501733332,31.792349229168],[-106.469656732804,31.7923362286615],[-106.469490733125,31.792328228974],[-106.469260733555,31.7923062283241],[-106.469136733462,31.792301228919],[-106.468972733177,31.7922972286968],[-106.46897673317,31.7921342284072],[-106.468991733229,31.791399229042],[-106.469367732888,31.7913992289376],[-106.470142733444,31.7914052283595],[-106.470492733157,31.7913992289737],[-106.470491733036,31.7909282280693],[-106.470492733466,31.7905962280772],[-106.470501733402,31.7904932282325],[-106.470509732923,31.7903972287592],[-106.470506732834,31.7895932282647],[-106.470501733655,31.7893012286477],[-106.47050773285,31.7887012279019],[-106.470507733525,31.7879432276896],[-106.470511732868,31.7877732277079],[-106.47090173339,31.7877802279215],[-106.472030732978,31.7877842277018],[-106.472466733191,31.7877822278993],[-106.473406733757,31.7877852278103],[-106.47342973359,31.7877822274848],[-106.473454733872,31.7877772277961],[-106.473482734043,31.7877652281617],[-106.473503733383,31.7877522275305],[-106.473518733966,31.7877352277015],[-106.473535733529,31.7877142278841],[-106.473543733688,31.7876982277384],[-106.473552733469,31.7876662281458],[-106.473555734006,31.7876512281012],[-106.473555733903,31.787639227548],[-106.473552733707,31.7876152280208],[-106.473554733632,31.7875582280824],[-106.473560733805,31.7870232281074],[-106.473550733242,31.786878227373],[-106.47353673413,31.7867022279703],[-106.473547733367,31.7859772274105],[-106.473553733752,31.7850712273972],[-106.473557733237,31.7847232271122],[-106.473557733483,31.7841602271489],[-106.473562733918,31.7832572272957],[-106.472631733143,31.7832582273291],[-106.472059733297,31.783254227136],[-106.470543733022,31.7832462272497],[-106.470437733235,31.7832452273121],[-106.470305733073,31.783265226786],[-106.470174732287,31.7832712274069],[-106.469328732466,31.7832692275553],[-106.46918673271,31.783240227515],[-106.469030732097,31.7832392271401],[-106.468315732108,31.7832342273092],[-106.46821973276,31.7832342271797],[-106.468043731946,31.7832332275605],[-106.467920732063,31.7832332277235],[-106.467842732411,31.7832332276215],[-106.467784731928,31.7832322275629],[-106.467722732097,31.7832302273816],[-106.467691731815,31.7832262271612],[-106.467626732615,31.7832112270143],[-106.467567732538,31.7831982273826],[-106.467518731809,31.7831872275377],[-106.467572731932,31.7831432277737],[-106.467629731996,31.7830822274214],[-106.467674731841,31.7830352277709],[-106.467715732041,31.7829942272834],[-106.467764732481,31.7829332274032],[-106.467620732081,31.7828332272335],[-106.467176732201,31.782516226997],[-106.467022732166,31.7823992270615],[-106.466915731703,31.7822902268456],[-106.466640731476,31.7819792276605],[-106.466588731979,31.781923227279],[-106.465595731458,31.7829352276837],[-106.465225731387,31.7833112271935],[-106.465152731969,31.7833742278736],[-106.465050731431,31.7834632277896],[-106.464859732107,31.7836182276288],[-106.464602732138,31.7837982277731],[-106.464511731723,31.7838562278691],[-106.464444731826,31.783888227781],[-106.464256732028,31.7839962275991],[-106.463227730979,31.7845492278035],[-106.461947731408,31.7852372274933],[-106.461559731012,31.7854452278383],[-106.461448731326,31.7855132280601],[-106.461447730917,31.7854932276872],[-106.461434730964,31.7850322282339],[-106.461485731496,31.7849862281952],[-106.461486731393,31.7848622280263],[-106.461485731156,31.7846522275519],[-106.4614877307,31.7846112281536],[-106.461489730568,31.784461227951],[-106.461488731161,31.7843242275988],[-106.461489731395,31.7842642276522],[-106.461489731278,31.7841262282001],[-106.461492730935,31.7839282276345],[-106.461479730704,31.7838492280357],[-106.461443731262,31.7837522280258],[-106.461444730788,31.7834452277849],[-106.461444731089,31.783256227473],[-106.461449731252,31.7829172273537],[-106.46145173075,31.7827402272788],[-106.461448730965,31.7826642277591],[-106.461454731278,31.7825562277637],[-106.461451730998,31.7824522276727],[-106.461452731071,31.7823502277074],[-106.461453730435,31.7822742276755],[-106.461456730996,31.7822092270306],[-106.461458731059,31.7818872271521],[-106.461462731101,31.7817282274777],[-106.46146773073,31.7813822270212],[-106.461468731193,31.7813262274664],[-106.461468731087,31.7812472269327],[-106.461468731211,31.7812102272912],[-106.461464730666,31.7811262269524],[-106.461467731024,31.7810182272913],[-106.461469730855,31.7808102267787],[-106.461467730919,31.7807052274763],[-106.461471730371,31.7802852268199],[-106.461470730943,31.7799322267819],[-106.461473730592,31.7796952273439],[-106.461475730118,31.779385226788],[-106.46147973113,31.7791692266627],[-106.461483730502,31.7790782268173],[-106.461482730828,31.7789342269357],[-106.461487730749,31.7786742268532],[-106.46148873022,31.7783492270014],[-106.461487731083,31.7782732270504],[-106.461418730838,31.7782732265987],[-106.461131730245,31.7782762264748],[-106.46062873064,31.7782752265609],[-106.460611730085,31.7782732272191],[-106.460198730479,31.7782772268545],[-106.4599667305,31.7782792271425],[-106.45979973018,31.7782702264529],[-106.459478729687,31.778268226544],[-106.458100729866,31.7782622273975],[-106.457284730035,31.7782562270802],[-106.456315729615,31.7782672267617],[-106.455698729478,31.778260226819],[-106.454779728872,31.7782562274049],[-106.453528728441,31.7782492268573],[-106.452581728877,31.7782412271174],[-106.452498728436,31.7782392276549],[-106.452467728358,31.7782392270698],[-106.452398728486,31.7782392272418],[-106.452146728181,31.7782382270388],[-106.451509728311,31.7782362269864],[-106.451084728487,31.778215227428],[-106.450900728669,31.7782022276119],[-106.450899728689,31.7779732270043],[-106.451123701524,31.7647554162603],[-106.451189370138,31.7643830271339],[-106.451189257898,31.7643814165048],[-106.45163263765,31.7644877054813],[-106.452368482759,31.7645878284289],[-106.453257232261,31.7646133854262],[-106.453723841144,31.7645392238355],[-106.454310954367,31.7644459061924],[-106.454972429501,31.7642900534482],[-106.455204196657,31.764235445437],[-106.456569278002,31.7636861067985],[-106.45662608148,31.7636632468919],[-106.458194341495,31.763079066684],[-106.459783157604,31.7624872016243],[-106.462227698638,31.7615823400501],[-106.465674484082,31.760306383588],[-106.466590699226,31.7598421204988],[-106.467180730133,31.7594311631965],[-106.467565731224,31.7592152237142],[-106.468509730891,31.7582552228096],[-106.469251730622,31.7568392229656],[-106.469644731103,31.755411222899],[-106.470575731036,31.7527422222161],[-106.471396730746,31.7517332223207],[-106.471717731478,31.7515452221669],[-106.472085731635,31.7510542214342],[-106.472891731669,31.7506742220431],[-106.473050732012,31.7506512221526],[-106.473216731567,31.7504992220487],[-106.473609731437,31.7504272215486],[-106.474378731622,31.7502032219345],[-106.47554173241,31.7499122211763],[-106.479315732466,31.7490332210612],[-106.48244073334,31.7483712205906],[-106.482617733134,31.7483252212834],[-106.482666733843,31.748313221282],[-106.482715733757,31.748302221215],[-106.482763733977,31.7482922213462],[-106.482811733041,31.7482782209469],[-106.483841733279,31.7479832210869],[-106.484651733951,31.7478142210029],[-106.48471773396,31.7478102211771],[-106.484782733372,31.7478042209401],[-106.485417734472,31.747759221145],[-106.486051734085,31.7477142204414],[-106.486556761322,31.7477149418126],[-106.487115345666,31.7477518816763],[-106.487408734233,31.7477812206505],[-106.48775573406,31.7478142209953],[-106.488255734301,31.74800222084],[-106.489550734926,31.7484122205696],[-106.490490600115,31.7488952074198],[-106.490724167988,31.7490485720513],[-106.491123689747,31.7493343915701],[-106.491467190066,31.7496474153697],[-106.492133461295,31.7501952533671],[-106.492429499143,31.7503833456855],[-106.492915050468,31.7505759366175],[-106.492958912378,31.7506003521046],[-106.4934058323,31.7508491234702],[-106.493470943665,31.7509602208611],[-106.493636339667,31.7512424301848],[-106.493969048363,31.7515096285053],[-106.494622275096,31.7518559595029],[-106.494886007345,31.7520321038878],[-106.495191611624,31.7526104892255],[-106.495419516433,31.7529634923116],[-106.495808120317,31.753362781489],[-106.496212444823,31.7537613210422],[-106.496508503078,31.7539494064777],[-106.496829800167,31.7540527688432],[-106.497056089877,31.7541255663657],[-106.497493633173,31.7543069442293],[-106.498325926704,31.754739089302],[-106.49901070783,31.755025728712],[-106.499083737646,31.7550622209411],[-106.499707143764,31.7553508939511],[-106.499771333186,31.7553846995123],[-106.50000264074,31.7555255885286],[-106.50009971465,31.7555847160864],[-106.50071628148,31.7563369842421],[-106.501311895887,31.7570093969423],[-106.501349256893,31.757036653568],[-106.501365325016,31.7570483756648],[-106.501586209922,31.757209519955],[-106.502032377998,31.7574607841729],[-106.502483784352,31.7576770604487],[-106.502500956637,31.757685287671],[-106.502873168957,31.7578636176874],[-106.503561120139,31.7582826122736],[-106.503618511766,31.7583175659485],[-106.503701887113,31.7583892740041],[-106.503991791391,31.7586386072149],[-106.504134577293,31.758779815027],[-106.50462734899,31.759267134905],[-106.505104942258,31.7596679108677],[-106.505433735739,31.7600073723633],[-106.505482980999,31.7600660975806],[-106.505693541638,31.7604209876947],[-106.506075377227,31.7607039798573],[-106.506602389839,31.7610177172121],[-106.506998871097,31.7611870926846],[-106.507420974227,31.7612423353218],[-106.507790614436,31.7611683292595],[-106.508519174142,31.7610727051181],[-106.508576863179,31.7610651336585],[-106.508829460971,31.761035315376],[-106.509059739652,31.7610962216268],[-106.509382739813,31.7610922216229],[-106.509646739743,31.761089222302],[-106.509741739744,31.7610742222584],[-106.509821742696,31.7611205647872],[-106.509997492304,31.7612329214718],[-106.510277484494,31.7616430633546],[-106.51042646643,31.7619207090458],[-106.510691078103,31.7624138408235],[-106.510935699633,31.7629573983688],[-106.510943063349,31.762988483465],[-106.511072360815,31.763534313213],[-106.511229159977,31.7642514151115],[-106.511242909578,31.7643214450181],[-106.511359256822,31.764914046731],[-106.511393895022,31.7650904683141],[-106.51147809549,31.765538137274],[-106.51165502906,31.7662260547783],[-106.511719713103,31.7667122880748],[-106.511792333078,31.7673204727597],[-106.511828342433,31.7677045591601],[-106.511971723375,31.7682152867542],[-106.512144383462,31.7686681634115],[-106.512321917569,31.7690267099025],[-106.512593403944,31.7694748896324],[-106.512849028147,31.7698485463822],[-106.513119037379,31.7701815033939],[-106.513609847037,31.7707405075977],[-106.514092565556,31.7711751101729],[-106.514702920944,31.7715759163238],[-106.514968093165,31.7716603699898],[-106.515208984232,31.7716211917302],[-106.515262115955,31.7716165440172],[-106.516281742096,31.7716372234278],[-106.516585768895,31.7716109627149],[-106.516587837471,31.7716111154967],[-106.517202656688,31.7715818890788],[-106.517400409066,31.7716279471886],[-106.517475779741,31.7716806957794],[-106.517808526746,31.7719135710212],[-106.518319127942,31.7722775079113],[-106.519215368486,31.7728310792183],[-106.519369023727,31.77292132224],[-106.519657743599,31.7731312236146],[-106.520319697776,31.7734731712717],[-106.520632109611,31.7736510490828],[-106.521041145525,31.7739504841201],[-106.521111651526,31.7740076036557],[-106.521586959976,31.774392669316],[-106.521772254545,31.7745427820693],[-106.521897891112,31.7746445640235],[-106.522415729671,31.7751190619458],[-106.522776095628,31.7754680487755],[-106.52333936241,31.775988620323],[-106.523799722151,31.7765423240036],[-106.523870410413,31.7766971190601],[-106.523881402491,31.7767551101235],[-106.523938225024,31.7770548730807],[-106.524348873388,31.7774355463388],[-106.524353353764,31.7774396995442],[-106.524377827793,31.777469134139],[-106.524867284146,31.7780578100437],[-106.525242350624,31.778682529197],[-106.525649759735,31.7789487236678],[-106.526336540537,31.7796537971672],[-106.526637503205,31.7799964537012],[-106.527049562762,31.7803338193862],[-106.527362822038,31.7804378994121],[-106.52777069999,31.7807593060853],[-106.528091188429,31.7810118485178],[-106.52844247393,31.7814253867578],[-106.528604955536,31.7817123536375],[-106.528617655817,31.7817427049782],[-106.528620795508,31.7822105143563],[-106.528500504023,31.7825018285103],[-106.52832930465,31.7828669660265],[-106.528124520811,31.7833396447609],[-106.52812418077,31.7833404296392],[-106.528087164085,31.7834258716059],[-106.527982230889,31.7836305197739],[-106.527867872936,31.7838639450633],[-106.527865547371,31.7838950706177],[-106.527823255958,31.7844610416718],[-106.527647497771,31.7851833766788],[-106.52740543832,31.786170655294],[-106.527234319437,31.7869641654715],[-106.527146527128,31.7877537081225],[-106.526936790806,31.7883824606191],[-106.526853980767,31.7887087272966],[-106.526759474769,31.7890810682969],[-106.526812015648,31.7894593468045],[-106.526958732953,31.7899997378603],[-106.527287515587,31.790368531871],[-106.527681123095,31.7908221036865],[-106.528463634327,31.7912846211292],[-106.529295511702,31.7916495901282],[-106.529952127976,31.7917822939211],[-106.529989746797,31.7918032258779],[-106.530371747049,31.7920142263501],[-106.531115754548,31.7919407911126],[-106.531266280858,31.7919603023955],[-106.531996920431,31.7923010362844],[-106.532099722148,31.7923489764101],[-106.532803583943,31.792886613595],[-106.533131068185,31.7940609523381],[-106.53394332119,31.7958309588929],[-106.535431405879,31.7981350658354],[-106.536095752658,31.7993368236229],[-106.537475130659,31.799997761433],[-106.538383538521,31.8004175296785],[-106.538386749336,31.8004202272936],[-106.538718748426,31.8005802268321],[-106.539044749541,31.800735227475],[-106.539370749611,31.800890227393],[-106.539846748844,31.8011162267842],[-106.540642749796,31.8014952267833],[-106.541060749632,31.8016922269385],[-106.541085407722,31.801703034304],[-106.541928238732,31.8021108318999],[-106.542142887615,31.8022583243019],[-106.542343718801,31.8023889115423],[-106.542570897274,31.8025366292003],[-106.542655037997,31.8025913395912],[-106.542895145916,31.8027474670619],[-106.543085621007,31.8028772747168],[-106.543189514341,31.8029581801202],[-106.543427236667,31.8031127521726],[-106.543613068595,31.8032335844628],[-106.543716430329,31.8033007932041],[-106.54381095776,31.8033622559492],[-106.543907883277,31.8034859942425],[-106.544043820633,31.8036595323551],[-106.544311638808,31.8040014264255],[-106.544582376226,31.8040328625076],[-106.544652750679,31.8041642276068],[-106.544723750152,31.8042922270431],[-106.544767749963,31.8043422276253],[-106.544811750816,31.8043922272409],[-106.544881750559,31.8044742271918],[-106.544951750808,31.8045532273095],[-106.545358750108,31.8050182272173],[-106.545399750869,31.8050682271528],[-106.545693751124,31.805409227313],[-106.545728750802,31.8054492271595],[-106.545953750345,31.8057072275021],[-106.546041751311,31.8059412276979],[-106.546069751166,31.8060012277466],[-106.54609775064,31.8060552273553],[-106.546121750458,31.8060942275501],[-106.546474751418,31.8065172275426],[-106.546553751136,31.8066112278167],[-106.546405531045,31.8070073775494],[-106.545887751247,31.8083912280255],[-106.545584750958,31.8091992277199],[-106.54513775113,31.8102302287114],[-106.545096750988,31.810573228062],[-106.545096750861,31.8105742279906],[-106.545906751359,31.8112612288293],[-106.546335751059,31.8116922288746],[-106.546634385374,31.8119965263344],[-106.547291390008,31.8126515802851],[-106.547853390435,31.8132085805981],[-106.548030389704,31.8133955801218],[-106.548358784547,31.8137535695293],[-106.548909390837,31.8143145801686],[-106.549400390394,31.8148165805422],[-106.549668391027,31.8150845806996],[-106.549454390895,31.8152285808321],[-106.554745753726,31.8206012299084],[-106.555336753856,31.8211922297569],[-106.555725754133,31.821595229674],[-106.556103753575,31.8219692301091],[-106.556323754393,31.8221922298932],[-106.559479755102,31.8254002301627],[-106.559562755269,31.8254862302538],[-106.559680755043,31.8256102304723],[-106.560877755537,31.8268222306078],[-106.561621755219,31.8275682307646],[-106.563379755761,31.829351230589],[-106.564102755782,31.8300902306571],[-106.564312755842,31.8303022305833],[-106.566188756393,31.832199231319],[-106.567031757252,31.8330612309717],[-106.567358757346,31.833428231572],[-106.567583757323,31.8337022316019],[-106.567875757724,31.834083231572],[-106.568088757574,31.8343872315251],[-106.568283758012,31.834691231597],[-106.56852475718,31.8350982314386],[-106.56874075742,31.8355062314662],[-106.568867757486,31.8357592311421],[-106.569026757655,31.8361012310912],[-106.569118757253,31.8363322314931],[-106.569177757423,31.8364802319325],[-106.570204757931,31.8393162316757],[-106.570263757785,31.8394812321309],[-106.570637758195,31.8405042317579],[-106.570691758744,31.840654232431],[-106.571017758146,31.8415492319447],[-106.57118275887,31.8420092325375],[-106.571491758648,31.8428552326199],[-106.571561758583,31.8430492324096],[-106.571868758924,31.8438952325273],[-106.572079758907,31.8444702325297],[-106.572010981001,31.8444906040481],[-106.572120759132,31.8445882330263],[-106.572259759222,31.8449762328017],[-106.572404758566,31.8453722333268],[-106.572454758771,31.8455182328671],[-106.572495759532,31.8456342324655],[-106.572608759021,31.8459292332761],[-106.572647759358,31.8460402333422],[-106.57279375921,31.846476232919],[-106.572835759003,31.8466062331071],[-106.572911759077,31.8468672328758],[-106.573004759671,31.8472202334386],[-106.573145759255,31.8477622335708],[-106.57322775935,31.8481032337091],[-106.57335475947,31.8486052329458],[-106.573436759302,31.8489422332323],[-106.573491759453,31.8491802338042],[-106.573538759517,31.8493642336663],[-106.57361975972,31.8496902338021],[-106.573643759082,31.849783233177],[-106.573659759801,31.8498432337638],[-106.573793759287,31.8503902338961],[-106.573875759759,31.8507312334564],[-106.573951759905,31.8510452336686],[-106.574155760028,31.8518732337055],[-106.574190759789,31.852016233672],[-106.574236759454,31.8522002341823],[-106.574330760368,31.8525792340555],[-106.574393759629,31.8528542342832],[-106.574421759597,31.8529632337087],[-106.574478760045,31.8531932341954],[-106.574580760023,31.8536152344227],[-106.574739760604,31.8542512343437],[-106.57480676048,31.8545212344014],[-106.575268760646,31.8563922345685],[-106.575320759997,31.8566092341982],[-106.575349760242,31.856729234189],[-106.57545976049,31.8571942348324],[-106.575569760564,31.8576742350338],[-106.57567776048,31.8580702348771],[-106.575876760964,31.8589042346946],[-106.575966760373,31.8592492352006],[-106.576055760865,31.8596332351573],[-106.576131760691,31.8599422349478],[-106.576237760402,31.8603502351629],[-106.576312760615,31.860666235193],[-106.576537760515,31.8615962355364],[-106.576643761091,31.8620012355173],[-106.576740760703,31.8624092358759],[-106.576751761469,31.8624592353664],[-106.576807761535,31.8626792353896],[-106.576841760955,31.8628182357092],[-106.576980761391,31.8633802360004],[-106.576996761225,31.8634452356741],[-106.57701176066,31.8634992354545],[-106.577039760763,31.8636142354275]]]},"properties":{"OBJECTID":5,"DISTRICT":"8","INCUMBENT":"CHRIS CANALES","INCUMBINFO":null,"POP2000":73913,"AREASQMI":null,"PERIMFT":null,"REMARK":"POP INFO FOR 2020","COMMENT":null,"EDITOR_NAME":"DBO","EDIT_TIME":null,"CEPID":null,"IMGLINK":"https://gis.elpasotexas.gov/Districting/assets/images/district8.jpg","LINK":"https://www.elpasotexas.gov/district-8/","Shape__Area":97453120.87890625,"Shape__Length":59269.39210272365,"GlobalID":"e933a709-fa10-4cb8-8b15-37bb6b27e995"}},{"type":"Feature","id":6,"geometry":{"type":"Polygon","coordinates":[[[-106.267287685178,31.7607712324029],[-106.267428292773,31.7615992934877],[-106.267457488286,31.7622805631579],[-106.267453230654,31.762284577785],[-106.267457686819,31.7622851945702],[-106.267460444517,31.7625954906769],[-106.267518126137,31.7690847126417],[-106.267532687015,31.7706102345558],[-106.267535687813,31.770713234433],[-106.267533687853,31.7708062340958],[-106.267537687797,31.770959234482],[-106.267538687304,31.7710292337293],[-106.267540687518,31.7713592342499],[-106.267541687578,31.771598234274],[-106.267549687252,31.7718112344412],[-106.267552687583,31.7718852346285],[-106.267549686982,31.772436234122],[-106.267548687914,31.772502234071],[-106.267543687978,31.772705234856],[-106.267537687309,31.7728712344387],[-106.267527687091,31.7731602348348],[-106.267518687663,31.7734552344107],[-106.267515687857,31.7736002349048],[-106.267511687515,31.7738172341751],[-106.267498687435,31.7740622346507],[-106.267498687574,31.7740962350936],[-106.267495687081,31.7743442349133],[-106.267481687397,31.7746362345206],[-106.267479687394,31.7748952352232],[-106.267479687561,31.7749382347598],[-106.267469687516,31.7751572344228],[-106.26746368749,31.7753632348393],[-106.267455687683,31.7757982346056],[-106.267446724929,31.7763708396515],[-106.2674466875,31.7763732347367],[-106.267436688042,31.7764902347967],[-106.26744868724,31.7766592352656],[-106.267456688154,31.7767722351386],[-106.267467688189,31.776932235101],[-106.267477687812,31.7771562353398],[-106.267481687528,31.777248234955],[-106.267497687705,31.777633235332],[-106.267522687395,31.7781082351854],[-106.267526687693,31.7781872355473],[-106.267566687767,31.7789782353601],[-106.267592687904,31.7795232357631],[-106.267599687454,31.7797552355443],[-106.267623687933,31.7801802355956],[-106.267643687696,31.7806372354889],[-106.267644687953,31.7810052356946],[-106.267648688506,31.7812072355001],[-106.267656687845,31.781825236124],[-106.267663688395,31.7830002361333],[-106.267669687996,31.7834102360814],[-106.267696688832,31.7857252362833],[-106.267703688169,31.7867052364576],[-106.267711688502,31.7872102371469],[-106.267724688613,31.7880022372764],[-106.267714688456,31.7884612372175],[-106.267708688429,31.7887422374337],[-106.267693688337,31.7893852369466],[-106.267690688032,31.7894872372443],[-106.267667688389,31.7903742369307],[-106.267648689102,31.7912322377324],[-106.26763368817,31.7918172377287],[-106.267620688812,31.7922962377216],[-106.267628688283,31.7925572380678],[-106.267637689257,31.7928352379712],[-106.267648688429,31.7931752377596],[-106.267663688507,31.7936492377466],[-106.267681688865,31.7942052382721],[-106.267694688779,31.7946162375906],[-106.26770968938,31.7950742379075],[-106.267716689311,31.7952892380223],[-106.267736689254,31.7959042386158],[-106.267755689172,31.7964962379787],[-106.267770688782,31.7969582380874],[-106.267787688912,31.7974812389349],[-106.267806689227,31.7980712383455],[-106.267809689545,31.798169238216],[-106.267827689279,31.7987392385125],[-106.267841689293,31.7993622384083],[-106.267845689094,31.7999572385589],[-106.267844689315,31.8001142386305],[-106.267853688922,31.800619238995],[-106.267854689487,31.8007402393444],[-106.26785368899,31.8013002388286],[-106.267852689059,31.8017922389022],[-106.26785268948,31.8018672393799],[-106.267852688936,31.8021592394394],[-106.267847688845,31.8022952392626],[-106.267833689886,31.8026942391688],[-106.267829689427,31.8028002394286],[-106.267820689694,31.8030812393373],[-106.267818689125,31.8032282390871],[-106.267815689586,31.8034662399133],[-106.267797689497,31.8040092399597],[-106.267786689406,31.8043122395918],[-106.267781689505,31.8046922401109],[-106.267773689918,31.8052552393065],[-106.267765689056,31.8055992396394],[-106.267771689736,31.8058242398866],[-106.267779689142,31.805887240186],[-106.26779068967,31.8059722398619],[-106.267796690084,31.8063712402406],[-106.267803011053,31.8068308761233],[-106.267710004713,31.8068466847721],[-106.26759868711,31.8068656051691],[-106.26757061652,31.8068703767324],[-106.267572436184,31.8071201061037],[-106.267590923625,31.8096568835422],[-106.267591214597,31.8116303967502],[-106.267732928734,31.8130373518591],[-106.264928715359,31.8130274844877],[-106.263027728844,31.8130207600862],[-106.262127094362,31.8130175651286],[-106.262353810131,31.8267368819344],[-106.261729923483,31.826736990427],[-106.261643037438,31.820549811424],[-106.258088236447,31.820586074843],[-106.256919412136,31.8205979010506],[-106.256906141388,31.8196109165489],[-106.256842030642,31.8129949547746],[-106.250033298653,31.8129679868397],[-106.250031928651,31.8129679813853],[-106.249989421539,31.8129678121669],[-106.249991605218,31.8130771238817],[-106.250026335422,31.8159596564718],[-106.250048814992,31.8181730192161],[-106.250062236065,31.8201038268719],[-106.250065759742,31.8206108699495],[-106.250066047343,31.8206521925986],[-106.25008487842,31.8250851594025],[-106.248958033298,31.8250897038338],[-106.248965020358,31.8267390157956],[-106.246613348684,31.8267474356599],[-106.24457433696,31.8267547023196],[-106.234223189454,31.8267951418531],[-106.234223101133,31.8267734463791],[-106.234220122413,31.8260434684275],[-106.234217391711,31.8253742894298],[-106.234217055104,31.8252918236857],[-106.234216718497,31.8252093579388],[-106.234213987731,31.8245401769119],[-106.234211257059,31.823870996603],[-106.234210920463,31.8237885308082],[-106.234210583867,31.8237060650107],[-106.234207854242,31.8230368835257],[-106.234205122657,31.8223677037549],[-106.234204786072,31.8222852379096],[-106.234204449486,31.8222027720616],[-106.234201719892,31.821533589266],[-106.234198651875,31.8207819440903],[-106.234195585792,31.8200302949867],[-106.234192517872,31.8192786493514],[-106.234192181308,31.8191961834024],[-106.234189451887,31.8185269997883],[-106.234186720562,31.8178578187898],[-106.234186047511,31.8176928876945],[-106.234182851338,31.8169094605155],[-106.23417931807,31.8160435742857],[-106.234173803538,31.8146917329576],[-106.234173464572,31.8146086663819],[-106.234173015846,31.8144987112741],[-106.234130669799,31.8144986713411],[-106.232278039758,31.8144969225617],[-106.232277951781,31.8144752251766],[-106.232276524335,31.8141236813735],[-106.23227489821,31.8137230341622],[-106.232273050364,31.8132680463919],[-106.232271551031,31.8128986534441],[-106.232265593929,31.8114314761578],[-106.234107405686,31.8111886690193],[-106.234108364488,31.81118854246],[-106.234149254548,31.8111831518696],[-106.234161891141,31.8117720304236],[-106.234166420689,31.8128821996167],[-106.234166508704,31.8129037886561],[-106.234512030926,31.8129051811458],[-106.234832135214,31.8129064951935],[-106.23562493657,31.8129097457712],[-106.236097272942,31.8129116805723],[-106.236387426593,31.8129128680166],[-106.23640786237,31.8129129517469],[-106.236726580833,31.8129142553588],[-106.237044885639,31.812915556183],[-106.23709933342,31.8129157786328],[-106.237316143842,31.8129166639226],[-106.237688281836,31.8129181835884],[-106.238933518327,31.8129232598488],[-106.24020057456,31.8129284140789],[-106.241304969805,31.8129328955866],[-106.241847175447,31.8129350924273],[-106.241847288484,31.8129135330218],[-106.24184742417,31.812887512896],[-106.243360523939,31.8128936325231],[-106.244421752815,31.8128954010955],[-106.244440690931,31.8145473830253],[-106.246750250919,31.8145566698534],[-106.246751479167,31.8145566745588],[-106.246778085196,31.8145567815972],[-106.246768499888,31.8129063348367],[-106.245943091146,31.8129011039211],[-106.245924640076,31.8110886288593],[-106.245922642687,31.8108934300847],[-106.245916952153,31.8103471526158],[-106.24590996681,31.809654841897],[-106.245909852108,31.809653391246],[-106.245908440443,31.8096355704929],[-106.245876840251,31.8092367560067],[-106.245875024667,31.809213843633],[-106.245865857294,31.8090981343214],[-106.243799022241,31.8093702766619],[-106.241405345468,31.8096854382375],[-106.241397014198,31.8096865353398],[-106.241032165278,31.8079487853728],[-106.241027558056,31.8079268287781],[-106.240978856419,31.8074764965399],[-106.240980209335,31.8074087439635],[-106.240981809779,31.8073286234022],[-106.240982185616,31.8073097876357],[-106.24098222074,31.8071052467394],[-106.240982223088,31.8070922360122],[-106.241538334107,31.8070181345967],[-106.241537395984,31.8070129353653],[-106.241534648571,31.8069977166594],[-106.241528636869,31.8069644126667],[-106.241467484319,31.8066256242751],[-106.241467081847,31.8061989588193],[-106.241457073413,31.8061989661276],[-106.240984714066,31.8061992903839],[-106.240984690845,31.8061747233385],[-106.240983778925,31.8052028303626],[-106.240983767006,31.8051905418817],[-106.24095302714,31.8051894428353],[-106.240952642365,31.8051894286921],[-106.240640974418,31.8051782857198],[-106.24063963785,31.8058660906831],[-106.24023049854,31.8058699801702],[-106.240227666956,31.8058700066372],[-106.239929187772,31.8063485520784],[-106.239764523552,31.8066125538587],[-106.239739756719,31.8066522608771],[-106.240046990831,31.8066515975122],[-106.240639719223,31.8066503161465],[-106.240716933025,31.8079716816119],[-106.240716975548,31.8079724157397],[-106.240060213406,31.8080559115361],[-106.238727992449,31.8082252695183],[-106.238725397547,31.8082255995016],[-106.238728937953,31.8082458696319],[-106.238794723411,31.8086225753217],[-106.238798784829,31.8086458301577],[-106.238219972938,31.8087222407663],[-106.237903284068,31.8087640464086],[-106.237580811864,31.8088066148801],[-106.236939948126,31.8088912093476],[-106.236752360461,31.8089159704681],[-106.236628782107,31.8089322826488],[-106.236306183933,31.8089748644619],[-106.23567126569,31.8090586672197],[-106.235353497353,31.8091006103411],[-106.235352502885,31.8091007412376],[-106.235396122296,31.8093383623393],[-106.235420498666,31.8094711566889],[-106.235425636118,31.8094991421827],[-106.235111490521,31.8095370693738],[-106.234146097831,31.8096536184606],[-106.234146076558,31.8096514392569],[-106.234145790358,31.8096217977909],[-106.234110473597,31.8059705841421],[-106.234106561448,31.8059710911694],[-106.232000818629,31.8062437917957],[-106.231269096085,31.8063421885688],[-106.231138651766,31.8063597298325],[-106.22783523769,31.8067874038194],[-106.227381647234,31.8068467179932],[-106.224465051342,31.8072333458471],[-106.224121311427,31.8072783338702],[-106.224124709402,31.8076335569371],[-106.2241283165,31.8080105675654],[-106.224154567321,31.8107543058294],[-106.224166020339,31.8119514040317],[-106.224155504315,31.8119527840402],[-106.224147966669,31.8119537736553],[-106.223986059703,31.8119750271169],[-106.223985570736,31.811953722738],[-106.223985552077,31.8119517863689],[-106.223942349633,31.8074250161866],[-106.223941250357,31.8073098064853],[-106.223939866585,31.8071648460495],[-106.223939853517,31.8071635109093],[-106.223902376041,31.8032363729247],[-106.223896241004,31.8028416671574],[-106.22389501856,31.8028427927034],[-106.222996360586,31.8036791826315],[-106.222783281774,31.8038774937381],[-106.222321060149,31.8042981615271],[-106.222243801245,31.8043803312176],[-106.222245651105,31.8046002386965],[-106.222312353623,31.8093896091538],[-106.222355100823,31.8124587417743],[-106.220103287681,31.8127651440038],[-106.220055756162,31.8124908834119],[-106.217180415564,31.8128701319361],[-106.217178210462,31.8128704230866],[-106.217172728086,31.8122861826457],[-106.217172494825,31.8122613526863],[-106.217593004594,31.8122584732687],[-106.217588449975,31.8117786011832],[-106.217587208835,31.8117786094311],[-106.217066223888,31.811782174833],[-106.217076441661,31.8128818387742],[-106.21707590221,31.8128818378735],[-106.217075112074,31.812881836565],[-106.217008052492,31.8132912063932],[-106.211952524379,31.8139474226598],[-106.214061360501,31.8119961168089],[-106.214987446708,31.8111319618413],[-106.217054897289,31.8091996312252],[-106.217054350824,31.8091992097849],[-106.217054295214,31.8091981592517],[-106.217054240559,31.8091972947198],[-106.217053141631,31.8091763105509],[-106.2170531148,31.8091757924653],[-106.217053043457,31.8091743687485],[-106.217053018915,31.8091738875877],[-106.217039324376,31.8089144211889],[-106.217032202765,31.8081556295974],[-106.216964098802,31.8012192543511],[-106.216928519418,31.8010921333988],[-106.216899082288,31.8009638722446],[-106.216875838862,31.8008346871231],[-106.216858826881,31.8007047948874],[-106.216848075871,31.8005744163745],[-106.216843603589,31.8004437702423],[-106.216821294503,31.7982504774891],[-106.216820412714,31.7982418816104],[-106.216817967017,31.7982335090685],[-106.216814016709,31.798225565806],[-106.216808660764,31.7982182496495],[-106.216802029675,31.7982117380346],[-106.216794287897,31.7982061933146],[-106.216785624741,31.7982017523346],[-106.216776255204,31.798198522781],[-106.216766409536,31.7981965854599],[-106.21675632963,31.7981959872352],[-106.216754805,31.7981003521904],[-106.216726040688,31.7981001814702],[-106.216713859406,31.798100109043],[-106.216712676331,31.7981001128593],[-106.212201785574,31.7981145547284],[-106.212047302978,31.7981423173741],[-106.211891703006,31.798165084523],[-106.211735208732,31.7981828208078],[-106.211578042958,31.7981955035183],[-106.211420427656,31.7982031135954],[-106.211262589572,31.7982056407966],[-106.2015934329,31.7982042589755],[-106.199995186591,31.7982039609291],[-106.199985055018,31.7982046452744],[-106.199975176224,31.7982066819412],[-106.199965794629,31.7982100219791],[-106.199957147155,31.7982145806511],[-106.199949446798,31.7982202453987],[-106.199942885736,31.798226874799],[-106.199937629277,31.7982343033528],[-106.199933806598,31.7982423455152],[-106.199931513236,31.798250801904],[-106.199930806932,31.7982594603915],[-106.199818200642,31.7982637385131],[-106.199817939993,31.7982405128697],[-106.199696036056,31.798240181439],[-106.199601360077,31.7982399238735],[-106.199600310158,31.7982296602318],[-106.199597307846,31.7982196823875],[-106.199592432111,31.7982102586209],[-106.199585816039,31.7982016430322],[-106.199577637997,31.7981940696178],[-106.199568117754,31.7981877407047],[-106.199557513535,31.7981828306956],[-106.199546110364,31.7981794685321],[-106.199534216348,31.7981777459903],[-106.199522152683,31.7981777100033],[-106.199522181412,31.7981552814196],[-106.199522187813,31.798151295643],[-106.199522279716,31.7980802354756],[-106.199522395878,31.7979903530985],[-106.199522509783,31.7979021452127],[-106.199534590115,31.797902160578],[-106.199546503525,31.7979004503709],[-106.19955791457,31.7978970622255],[-106.199568501412,31.7978920928347],[-106.199577964865,31.7978856803168],[-106.199586040218,31.7978780072958],[-106.19959249962,31.7978692881496],[-106.199597160571,31.7978597695303],[-106.199599891578,31.7978497192719],[-106.199600565134,31.7976031982047],[-106.199606729281,31.7973567330469],[-106.199618381991,31.7971104114902],[-106.199635518356,31.7968643258712],[-106.199633974186,31.7966694397018],[-106.19962199673,31.7966081219111],[-106.199618722301,31.7965138541232],[-106.199609155309,31.7964092736378],[-106.199593371796,31.7963052434267],[-106.199571413846,31.7962020334322],[-106.199543337192,31.7960999120772],[-106.199539407417,31.7960883061582],[-106.199509215161,31.7959991415721],[-106.199473690892,31.7958943991062],[-106.199444344268,31.7957882709127],[-106.199421249797,31.7956810218639],[-106.199404463229,31.7955729212896],[-106.199394027546,31.7954642372883],[-106.199389968139,31.7953552441687],[-106.199363603396,31.7920343045916],[-106.199350156133,31.790340335949],[-106.199346008527,31.7898178497716],[-106.19934560563,31.7897670986305],[-106.199344710597,31.7897583298759],[-106.199342188991,31.7897497952068],[-106.199338105115,31.7897417138935],[-106.199332563729,31.789734292545],[-106.19932570666,31.789727721649],[-106.199317709254,31.7897221694104],[-106.199286313323,31.7894895040988],[-106.199296517148,31.789487728238],[-106.199299985611,31.7894866037216],[-106.199306252784,31.7894845700231],[-106.199315264181,31.7894801123444],[-106.199323316387,31.7894744714599],[-106.199330197596,31.7894677960001],[-106.19933572925,31.7894602592873],[-106.19933976504,31.7894520602835],[-106.199342200724,31.7894434114079],[-106.199342971133,31.7894345413801],[-106.199336888503,31.7886683609896],[-106.199331893441,31.7880390067107],[-106.199299860392,31.7840035071458],[-106.199298925393,31.7838857441935],[-106.199297884182,31.7838762685389],[-106.199294946478,31.7838670888155],[-106.199290338231,31.7838587303923],[-106.19929019901,31.7838584792771],[-106.199283784496,31.7838506962997],[-106.199275895263,31.7838439777667],[-106.199266766582,31.7838385207904],[-106.19925667395,31.7838344890604],[-106.199245917887,31.7838320063035],[-106.199234822153,31.7838311446235],[-106.199235452174,31.7836962555088],[-106.199213296491,31.7836962229989],[-106.199211638889,31.7835511070177],[-106.199343688769,31.7835509580477],[-106.199362135103,31.7835469988582],[-106.199373326313,31.783541860344],[-106.199387366748,31.7835309009448],[-106.19939436464,31.7835218431485],[-106.199401951745,31.7835117635379],[-106.199400672517,31.7834000498871],[-106.199600869023,31.7833990219146],[-106.199600711314,31.7833852797777],[-106.199580667162,31.7816363708146],[-106.199531873593,31.7773787487955],[-106.199531949547,31.7756172059183],[-106.199531988892,31.7747498364514],[-106.199532004518,31.7743694018629],[-106.199532005776,31.7743639640428],[-106.199532005933,31.7743306185611],[-106.19953201074,31.7742482246207],[-106.199532039277,31.7736048421551],[-106.199532050724,31.773337370597],[-106.199532052412,31.773295734269],[-106.199532064942,31.7730190064153],[-106.199532077398,31.7727280415382],[-106.199532219993,31.7694682629039],[-106.199532223455,31.7693857957132],[-106.199532226862,31.7693033276194],[-106.205135053776,31.7692886015672],[-106.20740279529,31.7692895861813],[-106.207402849045,31.7692895494348],[-106.207513717038,31.7692709537398],[-106.207567733801,31.7692609363793],[-106.207623533529,31.7692505874123],[-106.207731903211,31.7692251881073],[-106.207772390082,31.7692136592465],[-106.207838510379,31.769194830594],[-106.207981694124,31.7691486076607],[-106.208021915929,31.769143098366],[-106.208062650022,31.769143220474],[-106.208102825276,31.769148969974],[-106.208141382672,31.7691601969044],[-106.208198938572,31.7691799919066],[-106.208245626216,31.7691960492059],[-106.208281702781,31.769206562663],[-106.208351982783,31.7692270446537],[-106.208460141175,31.7692530916294],[-106.208517509214,31.7692640911847],[-106.208680624776,31.7692901242421],[-106.210897373559,31.7692910272373],[-106.211151276415,31.7692903615056],[-106.216227208883,31.7692769414103],[-106.216227144944,31.7692740497319],[-106.216580595711,31.7692769095879],[-106.216531671772,31.7621585724763],[-106.225075444759,31.7621601824392],[-106.233607830234,31.7621557739504],[-106.233693812911,31.7693424071743],[-106.234653030386,31.7693395197454],[-106.235708146055,31.7693386648895],[-106.237825916641,31.7693337785329],[-106.239516674981,31.769329821014],[-106.242127633743,31.7693236675479],[-106.244202711883,31.769318740741],[-106.246303125156,31.7693137184914],[-106.247386601564,31.7693111141081],[-106.249516843401,31.7693059700303],[-106.249509867423,31.7676556115807],[-106.250689183711,31.7676484963747],[-106.250630743814,31.7633357895805],[-106.250558069934,31.7579721536609],[-106.250541108804,31.7567202989081],[-106.249463801228,31.7567326706499],[-106.249456399986,31.754977587563],[-106.250517529721,31.7549834262262],[-106.251543909951,31.7549852468147],[-106.251586377146,31.7549853267532],[-106.251587644342,31.754985324187],[-106.252668142565,31.7549771835329],[-106.25292116294,31.7549752762587],[-106.253185978235,31.7549732796317],[-106.253325159391,31.7549730810028],[-106.253463615322,31.7549742537216],[-106.253601902307,31.7549740557565],[-106.253740187901,31.7549738522889],[-106.253878650163,31.7549750242785],[-106.25401693282,31.7549748242633],[-106.254077528604,31.7549753407956],[-106.254154386744,31.7549759967013],[-106.254293568567,31.7549757229473],[-106.254431855108,31.7549754491583],[-106.254570312776,31.7549765465626],[-106.254708597209,31.7549762725756],[-106.25483832708,31.7549773009986],[-106.25484705283,31.7549773706821],[-106.254880642543,31.7549773027761],[-106.254985340369,31.7549770953567],[-106.2551236258,31.7549768199803],[-106.255185931642,31.754977315943],[-106.255261088837,31.7549779167762],[-106.255400262962,31.7549775861935],[-106.255538723429,31.7549786255417],[-106.25567700521,31.7549782910381],[-106.255815290264,31.7549779580448],[-106.255953748741,31.7549789988488],[-106.256091148885,31.7549786625051],[-106.256230332881,31.7549784723822],[-106.256368691281,31.7549796536801],[-106.256506976666,31.7549794608307],[-106.256645437536,31.754980640781],[-106.256780909749,31.754980508016],[-106.256919192913,31.7549803130236],[-106.257056650661,31.7549814921601],[-106.257514287618,31.7549854227866],[-106.257671938388,31.7549828880525],[-106.25784037257,31.7549841953334],[-106.258013940299,31.7549812440564],[-106.258181924783,31.7549825433816],[-106.258354708919,31.7549829744739],[-106.258526423147,31.7549820297848],[-106.258695276307,31.7549839012218],[-106.258869379291,31.7549842589053],[-106.259041240737,31.7549844023699],[-106.259206399775,31.7549846829809],[-106.259373400269,31.7549835427983],[-106.259550409168,31.7549835468014],[-106.259723904299,31.7549836311867],[-106.259889467531,31.754983900643],[-106.260057729433,31.7549856112029],[-106.26023018997,31.7549828194118],[-106.26031603836,31.7549829175083],[-106.260406479775,31.7549830202979],[-106.260575254892,31.7549833674071],[-106.260747143744,31.7549836428458],[-106.260909097142,31.7549841459595],[-106.261083825046,31.7549829801718],[-106.261258077759,31.7549866135567],[-106.261430765157,31.7549869636914],[-106.26159645888,31.7549864934651],[-106.261762426361,31.7549869371989],[-106.261932124279,31.754984607758],[-106.262111371105,31.7549833420904],[-106.262281252412,31.7549836618542],[-106.262456827612,31.7549852301287],[-106.262617198198,31.7549843862018],[-106.262789891342,31.7549846403425],[-106.262965267894,31.7549873938144],[-106.263139193107,31.7549850678742],[-106.263303380347,31.7549841349],[-106.263480186011,31.7549842981708],[-106.263717272943,31.7549858600497],[-106.264092703224,31.7550060038327],[-106.264785171489,31.7550051844357],[-106.264766131265,31.7539351076662],[-106.265009379346,31.7539906023966],[-106.265136503198,31.7540104150656],[-106.265208552443,31.7540122510222],[-106.265412745744,31.7540183047787],[-106.267679516928,31.7540017383619],[-106.267709686573,31.7549772315836],[-106.267365686084,31.7549752314433],[-106.267379686961,31.7563902320356],[-106.2673536864,31.7577552321138],[-106.267306686429,31.7594902326882],[-106.267293686222,31.7602222322816],[-106.267290686328,31.7603412322495],[-106.26728568647,31.7606292328408],[-106.267287685178,31.7607712324029]],[[-106.251122749949,31.8011101981453],[-106.251129570312,31.8016225142646],[-106.251136267914,31.8021369817372],[-106.25114250844,31.8026184382658],[-106.251150015983,31.80318792261],[-106.251152907091,31.803410023461],[-106.251153565191,31.8034605551895],[-106.251156712751,31.8037023898064],[-106.251159501024,31.8038971110427],[-106.251159631644,31.8039062277662],[-106.251159966204,31.8039297755942],[-106.250809039923,31.8039415117512],[-106.250693372037,31.8039453794919],[-106.250693732112,31.8039728665741],[-106.249951551119,31.8039860351808],[-106.249873094388,31.803987427375],[-106.249873676784,31.804032955479],[-106.249873701511,31.8040348789547],[-106.249877005594,31.8042931534364],[-106.249905387707,31.8065114474659],[-106.249905701814,31.8065360122245],[-106.249907074839,31.8066432666792],[-106.249907098713,31.8066451594847],[-106.250275111644,31.8067617843993],[-106.25027353511,31.8066415014123],[-106.250739033046,31.806633241465],[-106.2507398824,31.8066332263273],[-106.250741884101,31.8067849988691],[-106.250741907848,31.806786923291],[-106.250742161093,31.8068071159957],[-106.250742525136,31.8068118861027],[-106.251196235353,31.8068038344999],[-106.251197462872,31.8068038120978],[-106.251199716075,31.8069830631001],[-106.251203833025,31.8072901352157],[-106.251207266104,31.8075523178523],[-106.251218309008,31.8083951933248],[-106.257145421744,31.8076234020494],[-106.258337110533,31.8074681932785],[-106.258407630934,31.8074590083471],[-106.258407609159,31.8074575245658],[-106.258346720491,31.8032051287761],[-106.2583086749,31.8006274502239],[-106.258266088967,31.7980967887818],[-106.25826605669,31.7980948656394],[-106.258265920393,31.7980867868486],[-106.25826480059,31.7980867881615],[-106.255275626097,31.7980908226178],[-106.254288139448,31.7980925836292],[-106.253789283241,31.798092996717],[-106.252791302622,31.7980924502546],[-106.252597364337,31.7980927410771],[-106.251090970744,31.7980927880591],[-106.251083151706,31.7980927887016],[-106.251083176101,31.7980946047233],[-106.251083201039,31.7980964803279],[-106.251090113859,31.7986099985439],[-106.251093182393,31.7988458899927],[-106.251093331301,31.7988573017005],[-106.251096807927,31.7991244676837],[-106.251099102766,31.7993017809844],[-106.251099713494,31.7993489588568],[-106.251103323533,31.7996279318728],[-106.251106693732,31.7998831792822],[-106.251111621642,31.8002569677849],[-106.251111916738,31.8002793912181],[-106.251113584957,31.8004058957605],[-106.25111689843,31.8006617589081],[-106.251118263029,31.8007663985346],[-106.251122749949,31.8011101981453]],[[-106.242626678239,31.7880052618154],[-106.242647557088,31.788005193246],[-106.243076992898,31.7876025743251],[-106.243123850552,31.787558642096],[-106.24632305976,31.7845568647493],[-106.24624771279,31.7845482734546],[-106.246213880913,31.7845440759595],[-106.246174878789,31.7845377245874],[-106.246127181698,31.784526510208],[-106.246067757643,31.784513614212],[-106.245995308095,31.7844933136317],[-106.245925197969,31.7844707472719],[-106.243607170917,31.7844778402456],[-106.239846035818,31.7879769901815],[-106.239843972914,31.7879789108893],[-106.239805788177,31.7880144634444],[-106.239819615788,31.7880144182788],[-106.239820254323,31.7880144163873],[-106.239822923615,31.7880144072066],[-106.239824996716,31.7880144007046],[-106.242624400082,31.7880052695465],[-106.242626678239,31.7880052618154]],[[-106.235700418876,31.7823687771086],[-106.235702011346,31.7829590920052],[-106.235725502697,31.7829590233876],[-106.235728566106,31.7837231512605],[-106.23572866392,31.7837474947136],[-106.235728665933,31.7837480202528],[-106.239125796962,31.7837438533307],[-106.239125609336,31.7837168225402],[-106.239116864593,31.7824543383847],[-106.239116287049,31.7823710384429],[-106.239115881495,31.7823124615695],[-106.238716619799,31.7823136501279],[-106.238716444542,31.7822287550417],[-106.235700063864,31.7822369032401],[-106.235700372398,31.7823513981792],[-106.235700418876,31.7823687771086]],[[-106.235097019897,31.782960860589],[-106.235393754854,31.7829599936721],[-106.235397876264,31.7823737836589],[-106.235397913158,31.7823685609011],[-106.235398041325,31.7823501977514],[-106.235398832798,31.7822377102938],[-106.235095057231,31.7822385236937],[-106.235095408496,31.7823683439431],[-106.23509542032,31.782372581868],[-106.235097019897,31.782960860589]],[[-106.233941788846,31.7793824027151],[-106.24668309505,31.7793895916597],[-106.247839174771,31.7783152399518],[-106.247840844146,31.7782291469286],[-106.249261448008,31.7782396561193],[-106.249336718942,31.7782430973495],[-106.249411282319,31.7782525405526],[-106.249484483923,31.7782679043923],[-106.249555681924,31.7782890518777],[-106.249624248557,31.7783158002221],[-106.249751115788,31.7783851073298],[-106.249808301171,31.7784270584202],[-106.249854566976,31.7784637990453],[-106.24996326839,31.7785581772184],[-106.250655584304,31.7779112503742],[-106.25074099811,31.777842273393],[-106.250778193692,31.7778075343041],[-106.250777664315,31.7777716471815],[-106.251710011521,31.776898065999],[-106.251740324301,31.7768696628351],[-106.251889742456,31.7767296600999],[-106.251884837846,31.7764773593698],[-106.251883192187,31.7763846007662],[-106.251781450346,31.7763852337103],[-106.251787688415,31.7765665851713],[-106.25173801688,31.7766127182726],[-106.251731539881,31.7766187344069],[-106.251663832329,31.7766816187072],[-106.251267245328,31.777049952217],[-106.251266814141,31.7770256670465],[-106.251250530077,31.7761077389686],[-106.251139150676,31.7761082525733],[-106.251137834759,31.7761082582416],[-106.250801318411,31.7761098091091],[-106.250799847126,31.7761098155189],[-106.23369786197,31.7761870093419],[-106.233697787308,31.7762126178478],[-106.233697718558,31.7762362120677],[-106.233696605442,31.776616604801],[-106.233897573513,31.7766165731247],[-106.233939842714,31.77926064575],[-106.233941429412,31.779359915329],[-106.233941788846,31.7793824027151]]]},"properties":{"OBJECTID":6,"DISTRICT":"5","INCUMBENT":"ISABEL SALCIDO","INCUMBINFO":null,"POP2000":118283,"AREASQMI":null,"PERIMFT":null,"REMARK":"POP INFO FOR 2020","COMMENT":null,"EDITOR_NAME":"SOTOM","EDIT_TIME":1427846400000,"CEPID":null,"IMGLINK":"https://gis.elpasotexas.gov/Districting/assets/images/district5.jpg","LINK":"https://www.elpasotexas.gov/district-5/","Shape__Area":45078025.2421875,"Shape__Length":63523.6842057517,"GlobalID":"acf75815-df11-498d-a573-eeb3ed89e301"}},{"type":"Feature","id":7,"geometry":{"type":"Polygon","coordinates":[[[-106.267696688832,31.7857252362833],[-106.267669687996,31.7834102360814],[-106.267663688395,31.7830002361333],[-106.267656687845,31.781825236124],[-106.267648688506,31.7812072355001],[-106.267644687953,31.7810052356946],[-106.267643687696,31.7806372354889],[-106.267623687933,31.7801802355956],[-106.267599687454,31.7797552355443],[-106.267592687904,31.7795232357631],[-106.267566687767,31.7789782353601],[-106.267526687693,31.7781872355473],[-106.267522687395,31.7781082351854],[-106.267497687705,31.777633235332],[-106.267481687528,31.777248234955],[-106.267477687812,31.7771562353398],[-106.267467688189,31.776932235101],[-106.267456688154,31.7767722351386],[-106.26744868724,31.7766592352656],[-106.267436688042,31.7764902347967],[-106.2674466875,31.7763732347367],[-106.267446724929,31.7763708396515],[-106.267455687683,31.7757982346056],[-106.26746368749,31.7753632348393],[-106.267469687516,31.7751572344228],[-106.267479687561,31.7749382347598],[-106.267479687394,31.7748952352232],[-106.267481687397,31.7746362345206],[-106.267495687081,31.7743442349133],[-106.267498687574,31.7740962350936],[-106.267498687435,31.7740622346507],[-106.267511687515,31.7738172341751],[-106.267515687857,31.7736002349048],[-106.267518687663,31.7734552344107],[-106.267527687091,31.7731602348348],[-106.267537687309,31.7728712344387],[-106.267543687978,31.772705234856],[-106.267548687914,31.772502234071],[-106.267549686982,31.772436234122],[-106.267552687583,31.7718852346285],[-106.267549687252,31.7718112344412],[-106.267541687578,31.771598234274],[-106.267540687518,31.7713592342499],[-106.267538687304,31.7710292337293],[-106.267537687797,31.770959234482],[-106.267533687853,31.7708062340958],[-106.267535687813,31.770713234433],[-106.267532687015,31.7706102345558],[-106.267518126137,31.7690847126417],[-106.267460444517,31.7625954906769],[-106.267457686819,31.7622851945702],[-106.267453230654,31.762284577785],[-106.267457488286,31.7622805631579],[-106.267428292773,31.7615992934877],[-106.267287685178,31.7607712324029],[-106.26728568647,31.7606292328408],[-106.267290686328,31.7603412322495],[-106.267293686222,31.7602222322816],[-106.267306686429,31.7594902326882],[-106.2673536864,31.7577552321138],[-106.267379686961,31.7563902320356],[-106.267365686084,31.7549752314433],[-106.267709686573,31.7549772315836],[-106.267679516928,31.7540017383619],[-106.267700904197,31.7540015826272],[-106.267692451511,31.7539399846698],[-106.267634593666,31.7523184217848],[-106.267595899669,31.7512678214459],[-106.26758531754,31.7504040739334],[-106.267561766937,31.7503923640901],[-106.267555686596,31.7501792304045],[-106.26750695984,31.7490389171257],[-106.267506535308,31.7490072586715],[-106.267504555344,31.7488595549855],[-106.267495675424,31.7480558956218],[-106.267536686069,31.7472802303216],[-106.267462757515,31.7450766130765],[-106.267453468337,31.7442358093026],[-106.267447172,31.7436695606456],[-106.267437685238,31.7426102291214],[-106.267434016224,31.7424864025781],[-106.267427474575,31.7418980062849],[-106.267426685423,31.7417402289657],[-106.267419685501,31.7410502292027],[-106.26741368513,31.7405422292217],[-106.267412399915,31.7405422110968],[-106.267412395614,31.7405418039615],[-106.267411092316,31.7405417839523],[-106.267290048654,31.740539911979],[-106.26696261802,31.7405348485595],[-106.266865685354,31.7405322292198],[-106.266142623928,31.7405344457304],[-106.265231427575,31.740536071764],[-106.265231322247,31.7405404262499],[-106.265230436571,31.7405772294057],[-106.264111685339,31.7405792297213],[-106.263465684146,31.7405802291127],[-106.263436497404,31.7405805240861],[-106.263260729753,31.740580797842],[-106.261436848613,31.7405836239169],[-106.261072448335,31.7405841850047],[-106.260792302135,31.7405848896406],[-106.259896683592,31.740586229797],[-106.259433684272,31.7405872298456],[-106.258597683265,31.7405872298058],[-106.256271682791,31.7405862294615],[-106.253475681997,31.7405932300005],[-106.250682382911,31.7405721270347],[-106.250689322795,31.7411751627238],[-106.250698860978,31.741198249891],[-106.250706787442,31.7412084960142],[-106.250727907956,31.7412250392712],[-106.250740540903,31.7412308968043],[-106.25076828385,31.7412370106133],[-106.250497124509,31.7412390208715],[-106.250489445104,31.7405722219056],[-106.250404424607,31.7353540333262],[-106.248097247444,31.7353537441318],[-106.248092916759,31.7335496900966],[-106.247030559825,31.733548842259],[-106.247027601543,31.7317411796234],[-106.248088579552,31.7317425237129],[-106.248090739992,31.7326425313349],[-106.249147628594,31.7326426741193],[-106.24914546031,31.7317438549871],[-106.250358951473,31.7317453788846],[-106.250317285849,31.7275048803318],[-106.256880827836,31.7275268822328],[-106.256993943817,31.7275213696374],[-106.256985199073,31.7262225573478],[-106.257866854975,31.726220228889],[-106.258226682345,31.72622022765],[-106.26149782945,31.7262202270808],[-106.261497127434,31.7263683249151],[-106.261495699698,31.7275190689124],[-106.261495334117,31.72779119983],[-106.261493108491,31.7293701009667],[-106.261492794,31.7295911710625],[-106.261492623773,31.7297136213823],[-106.261509666416,31.7297136662933],[-106.261509683779,31.7297192272545],[-106.2643176845,31.7297302276605],[-106.264861023129,31.7297224578263],[-106.265193012834,31.7297233239259],[-106.265227645465,31.7297233950329],[-106.265233978226,31.7297234077998],[-106.265233919644,31.7297200669117],[-106.265231300693,31.7295746566007],[-106.265214291123,31.7286301864751],[-106.265200213088,31.7278479392747],[-106.265199610466,31.7278144471421],[-106.265196719489,31.7276538324058],[-106.265175683917,31.7262052270106],[-106.265357683963,31.726203227263],[-106.265763684446,31.7261982265711],[-106.266145684257,31.7261932268648],[-106.266456684679,31.7261892267912],[-106.266865684205,31.7261842267052],[-106.266955684811,31.7261802271233],[-106.267047685011,31.7261792269056],[-106.267180684387,31.7261812264437],[-106.267232684408,31.7261802271071],[-106.267305685177,31.7261792267152],[-106.267305632417,31.7261779592535],[-106.267428758005,31.7261774042689],[-106.267428728998,31.7261757220671],[-106.267469686634,31.7261755363744],[-106.267394288442,31.721684906861],[-106.26739421114,31.7216803032654],[-106.267382650081,31.720991697795],[-106.267381801719,31.7209388227687],[-106.267380255348,31.7208486565573],[-106.267355471231,31.719411303083],[-106.267355211037,31.7193962273159],[-106.267348987921,31.7190352776605],[-106.26734068515,31.7185523976358],[-106.267325397761,31.7178415065555],[-106.267314709418,31.7173769289],[-106.267314492412,31.7173675005535],[-106.267311477591,31.7172364681389],[-106.267287197477,31.7154324374403],[-106.267259008235,31.713638220948],[-106.267230617613,31.7118342156525],[-106.267216495487,31.7106147020831],[-106.267212551165,31.7102845352707],[-106.267212323753,31.710265297891],[-106.267210683742,31.7093642241138],[-106.267205683213,31.7090372240574],[-106.26715768288,31.7053172231999],[-106.267135683326,31.7051982237868],[-106.26715568351,31.7051142231711],[-106.267151683575,31.7048362235577],[-106.267076170718,31.6990992767631],[-106.267076653809,31.6990904684984],[-106.26707673019,31.6990890695864],[-106.267087882033,31.6988855085083],[-106.267295556703,31.6973637161324],[-106.26750279601,31.6973633973643],[-106.268855683049,31.6973762219091],[-106.268980419209,31.6973625075064],[-106.269146663283,31.6973629923549],[-106.269448216705,31.6973632724103],[-106.269680864925,31.6973634887062],[-106.270297540293,31.6973653704806],[-106.271104308199,31.6973679618688],[-106.276114684559,31.6973872216646],[-106.276167685389,31.697387221777],[-106.276431967676,31.6973757989247],[-106.276528351527,31.6973733420771],[-106.277829317138,31.6973401698423],[-106.277850952116,31.6973387893429],[-106.278767353715,31.6972803547727],[-106.27877917575,31.6972803387944],[-106.278808269686,31.6972784832923],[-106.278835866391,31.6972784457532],[-106.278825068349,31.6972689286566],[-106.270862848961,31.6901989355498],[-106.271405683543,31.6900912208107],[-106.271695683971,31.6900342207787],[-106.271968683315,31.6899792207019],[-106.272663512466,31.6898433135512],[-106.273240416517,31.6897313254301],[-106.273741684219,31.6896342206458],[-106.273775761944,31.689624024085],[-106.274425307997,31.6894344832483],[-106.274780684278,31.6893332199494],[-106.275461553481,31.6891477567725],[-106.275840220252,31.6890451122622],[-106.276439500723,31.6888826626998],[-106.276961685049,31.6887412199487],[-106.276970100885,31.6887388281933],[-106.276978947301,31.688736430295],[-106.277086481006,31.6887057536009],[-106.277619684259,31.688554220393],[-106.278575685366,31.6882812204845],[-106.278798684547,31.6882032204049],[-106.280071313505,31.6877569318999],[-106.280102683717,31.6877459913269],[-106.280532541487,31.6875960689552],[-106.28075799717,31.6875174354139],[-106.280979246244,31.687435643099],[-106.281165583801,31.6873667569855],[-106.28136751114,31.6872921073536],[-106.281752356598,31.6871498333055],[-106.281752550369,31.6871496383783],[-106.281753685008,31.6871492197502],[-106.281915685904,31.6869872192557],[-106.282698683203,31.6861983740692],[-106.282742664898,31.6861541533939],[-106.28377476797,31.685116421936],[-106.283991441939,31.6848780072947],[-106.284057686183,31.684804219341],[-106.284932685792,31.6838302194552],[-106.285341199945,31.6833818930487],[-106.286342166435,31.6822922411448],[-106.286370104758,31.682261826835],[-106.286610686596,31.6820002186433],[-106.286648021743,31.6819592805335],[-106.286807443429,31.6817857297584],[-106.286809006689,31.6817840278667],[-106.286956142959,31.6816169845344],[-106.28702133469,31.681542972933],[-106.28743268657,31.6810762188292],[-106.28745528701,31.681050302877],[-106.287578810691,31.6809100646117],[-106.287674391894,31.6808015488855],[-106.287803686678,31.6806552184872],[-106.287902531825,31.6805425346635],[-106.288006715515,31.6804242492442],[-106.288304470341,31.6800889030667],[-106.288317686336,31.6800742183534],[-106.288451727816,31.6799302474227],[-106.28846713614,31.6799137208563],[-106.288524020733,31.6798527049538],[-106.288530487445,31.6798456535674],[-106.288533686866,31.6798422183946],[-106.288546039944,31.679828697684],[-106.288621950368,31.6797459332493],[-106.289172761244,31.6791453849828],[-106.289198846399,31.6791169443784],[-106.289387687138,31.6789112179278],[-106.289520924545,31.6787657759915],[-106.289826074369,31.6784330654897],[-106.289852512761,31.6784038128152],[-106.289911687079,31.678339217517],[-106.289933868748,31.6783071125158],[-106.289963839792,31.6782643250452],[-106.289971053287,31.6782540257417],[-106.289989738131,31.6782273503029],[-106.291350687717,31.6797861787052],[-106.29152968712,31.6800731794299],[-106.294978687361,31.6837941813656],[-106.297910688217,31.6865991802302],[-106.296441687334,31.6878051810905],[-106.284126644323,31.701356185195],[-106.30462469273,31.7208602242876],[-106.304382692478,31.7211802244732],[-106.304315692196,31.7212902245728],[-106.304280692,31.7213472240767],[-106.304056692642,31.7216502241795],[-106.303524691927,31.7223802241726],[-106.303432692548,31.7225142242433],[-106.303374692041,31.7226052245043],[-106.303281692119,31.7227802248851],[-106.303236691897,31.7228802245986],[-106.303178691993,31.7230132251146],[-106.303056692551,31.7233462250545],[-106.303018692675,31.723491224677],[-106.302994692896,31.723613224696],[-106.302949692116,31.7237452244801],[-106.302930692332,31.7238712245691],[-106.3029106922,31.7240912245441],[-106.302906692551,31.7242732249566],[-106.302912692768,31.7245322251461],[-106.302922692071,31.7247372248391],[-106.302925692717,31.7250032251757],[-106.302920692994,31.7251632253603],[-106.302757692878,31.725188225424],[-106.302705692164,31.7251962252393],[-106.302552692061,31.7252222255022],[-106.302456691942,31.7252382252199],[-106.302303692056,31.7252692252579],[-106.302177692269,31.7252922252407],[-106.302043692278,31.725324225078],[-106.301939692251,31.725352224781],[-106.301806692463,31.7253942255848],[-106.301664692551,31.7254472248041],[-106.301550692394,31.7254942248781],[-106.301544468864,31.7254969907148],[-106.30193056581,31.7514952291918],[-106.301932693539,31.7514952290924],[-106.301933693959,31.7516042292499],[-106.301935694007,31.7517752296397],[-106.301936693714,31.7518892298511],[-106.301940693409,31.7522002296799],[-106.301947693402,31.7526482295713],[-106.30195169394,31.7529262296121],[-106.301953693417,31.7531262293973],[-106.301955693769,31.753863230127],[-106.301956694283,31.7539702296293],[-106.301962693616,31.7546342300972],[-106.301965694268,31.7549272298329],[-106.301970693979,31.7554212298947],[-106.301976693866,31.7559522298535],[-106.301978694522,31.7561802298546],[-106.301980694085,31.7563692304203],[-106.301983694556,31.756629230358],[-106.301983693846,31.756688229947],[-106.301985694472,31.7568492299362],[-106.301986693804,31.7569212301134],[-106.301990694268,31.7572372302436],[-106.301991693822,31.7575382306933],[-106.301992693854,31.7576612308612],[-106.301997694478,31.7579042303992],[-106.30199969428,31.758406230675],[-106.30199869469,31.7586032309125],[-106.302001694096,31.7587832303674],[-106.302002694145,31.7589902309802],[-106.302004693834,31.7592462303256],[-106.302006694525,31.7594372311693],[-106.302012694687,31.7599872305549],[-106.302013693833,31.7600522309926],[-106.302017309997,31.7602652314219],[-106.302029694695,31.7614692306433],[-106.302029694882,31.7615212313261],[-106.302038694975,31.7622102313543],[-106.302049694562,31.7629882310629],[-106.302050694479,31.7630482313805],[-106.302053694598,31.7633152312346],[-106.302056694452,31.763491231064],[-106.302057694695,31.7636272313322],[-106.302059695064,31.7637332317036],[-106.302061694316,31.7643752311394],[-106.302062694875,31.7646582312339],[-106.302062694954,31.7647702319556],[-106.302062694518,31.7648102320399],[-106.302074694744,31.7650352317948],[-106.302083694555,31.7650982320462],[-106.302067694742,31.7652212315533],[-106.302037694978,31.7653742313159],[-106.302000694728,31.7654992321478],[-106.301979694524,31.7657302321419],[-106.301984694197,31.7659272320123],[-106.301989695086,31.7661072321559],[-106.301999694658,31.7664562317757],[-106.302009694659,31.7668382317183],[-106.302043695109,31.768123232142],[-106.302070694511,31.7691582325901],[-106.302018695253,31.7694272324032],[-106.30201912636,31.7694287254478],[-106.302040695435,31.7694292323687],[-106.302265695432,31.7694292327957],[-106.302542694659,31.7694292320718],[-106.303235694696,31.7694272321039],[-106.303423695593,31.7694242319515],[-106.303593695061,31.7694222320123],[-106.304358695854,31.7694202326471],[-106.304645695402,31.7694182321178],[-106.305130695484,31.7694162320942],[-106.30607069528,31.7694132319484],[-106.306450696274,31.7694122319313],[-106.306832695445,31.7694112320769],[-106.306924695554,31.7694122323329],[-106.306924696039,31.7694462325643],[-106.306919696065,31.7694902321279],[-106.306903695611,31.7696662318681],[-106.306907696484,31.7698872326583],[-106.306903695985,31.7701212318369],[-106.30691469575,31.7705472321877],[-106.306918696412,31.7709412326464],[-106.306924696239,31.7713722321568],[-106.306919696629,31.7715242321724],[-106.306902696368,31.7716292325991],[-106.30688069659,31.7717052329657],[-106.306845696216,31.7717952325862],[-106.306794695737,31.7718832329604],[-106.306765696475,31.7719232324023],[-106.306762696158,31.771929232713],[-106.306727695703,31.7719842322521],[-106.306712696088,31.7720122322609],[-106.306667696273,31.7720612322828],[-106.306596695664,31.7721252330673],[-106.306693695618,31.7721492329189],[-106.306797695611,31.7721812322709],[-106.306857695738,31.77219923225],[-106.306960695892,31.7722412322389],[-106.307049695816,31.77228623234],[-106.307141695912,31.7723422326318],[-106.307239695837,31.7723962322684],[-106.307317696251,31.7724502326207],[-106.307386695867,31.772497232964],[-106.307474696368,31.7725562328214],[-106.307494696822,31.7725692323463],[-106.307687696672,31.7726952328259],[-106.308023696584,31.7729162326843],[-106.308592696203,31.7732922328626],[-106.308713696663,31.7733752328549],[-106.309083696579,31.7736192331503],[-106.309153696474,31.7736652329086],[-106.309412697131,31.7738352323268],[-106.309771697091,31.7740722324693],[-106.310111696778,31.7742962326491],[-106.310245697001,31.7743832330602],[-106.310455697431,31.7745252324289],[-106.310797697,31.7747572324463],[-106.310994697355,31.7748872325586],[-106.311360697479,31.7751282331738],[-106.311824697942,31.7754392326553],[-106.31189769764,31.7754882326297],[-106.312183698012,31.7756802330605],[-106.312465698084,31.7758692330408],[-106.312596698049,31.7759492330357],[-106.312938697589,31.7761722329941],[-106.313263698009,31.7763922327685],[-106.31361669777,31.776629233225],[-106.314028698443,31.7769132333666],[-106.314363698207,31.7771342331327],[-106.314663697865,31.7773262333339],[-106.314993698193,31.7775432327346],[-106.31533469808,31.7777802332272],[-106.31541569869,31.7778322332321],[-106.315725698501,31.7780242328371],[-106.316022698456,31.7782252327647],[-106.31613669843,31.7781022334325],[-106.316160698373,31.7780762335314],[-106.316253698251,31.7779802331306],[-106.316297698849,31.7779292327658],[-106.31634869889,31.7778652334216],[-106.31638869835,31.7778122331312],[-106.316450698684,31.7776912328852],[-106.316476698571,31.7776072333972],[-106.316489698923,31.7775232329379],[-106.316491698368,31.7774182327282],[-106.316491698299,31.7772422331686],[-106.316491698678,31.7771212328802],[-106.316500698271,31.7769502330796],[-106.316505698937,31.7766162328301],[-106.31650069841,31.7764772326639],[-106.316571698383,31.7764842328906],[-106.316657698622,31.7764872330258],[-106.316764698592,31.7764902327763],[-106.316884698281,31.7764922326205],[-106.31715069898,31.7764922325543],[-106.31757669916,31.7764902326421],[-106.317746699333,31.7764912332049],[-106.31825569857,31.7764942326602],[-106.318480699477,31.776493233067],[-106.318614698497,31.7764932324917],[-106.318629698758,31.7773452325839],[-106.318621699064,31.7776672332545],[-106.318618698582,31.7780152332302],[-106.31862169938,31.7784522330951],[-106.318617699532,31.7787062332095],[-106.318596698733,31.7788992332118],[-106.318576698953,31.778963233407],[-106.318567698714,31.7789912333787],[-106.318550698786,31.779038233134],[-106.31853569907,31.7790642330876],[-106.31852069925,31.7790932334169],[-106.318429699129,31.7792152336912],[-106.318269699634,31.7793982334261],[-106.318228699488,31.7794452335056],[-106.318092698945,31.7795972336242],[-106.31829669872,31.7797342334157],[-106.318332699559,31.779763233091],[-106.318369699391,31.7797982336066],[-106.318492699372,31.7799332331695],[-106.318517698834,31.7799652334963],[-106.318552698878,31.7800392332565],[-106.318598699679,31.7801692336247],[-106.318624699011,31.7803022332713],[-106.318630699667,31.7804392337045],[-106.318626698787,31.7808172333588],[-106.318641699115,31.781163233351],[-106.318642699598,31.7817302338755],[-106.318656699362,31.7823182340356],[-106.318656699022,31.7825462341274],[-106.318660699485,31.7831912341705],[-106.318661699826,31.7836372341663],[-106.318652699528,31.7837832337933],[-106.318559699417,31.7837822338985],[-106.318449698896,31.7837842342028],[-106.318330698961,31.7837812338263],[-106.318095699703,31.7837812336429],[-106.317860699682,31.783783233616],[-106.31780469891,31.7837822338002],[-106.317648699247,31.7837832341691],[-106.31743369947,31.7837822343215],[-106.317285699158,31.7837822341058],[-106.316991699549,31.7837812343487],[-106.3166676994,31.783780234446],[-106.316534698499,31.7837812343337],[-106.316390699064,31.7837792337198],[-106.316275698745,31.7837802337819],[-106.316165699346,31.7837822339097],[-106.316107698735,31.7837822339254],[-106.316041699185,31.7837822341395],[-106.315936699198,31.7837812341307],[-106.315820698851,31.7837842342558],[-106.315721698997,31.7837842343705],[-106.315659698793,31.7837832340227],[-106.315586699085,31.7837842341644],[-106.315475698592,31.7837832342165],[-106.315154699051,31.7837832342042],[-106.315014698287,31.7837822340996],[-106.314790698118,31.7837822343664],[-106.314633698991,31.7837842344414],[-106.314449698845,31.7837842340862],[-106.314314698152,31.7837862340426],[-106.314080698551,31.7837862339469],[-106.313992698502,31.7837862337881],[-106.313929698158,31.7837852343358],[-106.313098698705,31.7837842341636],[-106.312851698398,31.7837832343675],[-106.312699698429,31.783790234467],[-106.312620697676,31.7837832347197],[-106.312525698371,31.7837822338846],[-106.312406697621,31.7837822339187],[-106.312201698181,31.7837852338899],[-106.312063698212,31.783784234407],[-106.311853698409,31.7837852345661],[-106.311707697812,31.7837832340289],[-106.31150069824,31.7837832341263],[-106.311216697908,31.7837822342455],[-106.31098269775,31.7837842345673],[-106.310887697432,31.7837812347552],[-106.310795698102,31.7837822344571],[-106.310555697832,31.783781234752],[-106.310336697792,31.7837802344613],[-106.310219697283,31.7837832339901],[-106.310108697751,31.7837832346628],[-106.309988697337,31.7837822343367],[-106.30987969792,31.7837852345114],[-106.309749697588,31.7837852343234],[-106.309653697834,31.7837872343522],[-106.309438696933,31.7837882345426],[-106.309062697701,31.7837902345782],[-106.308581697425,31.7837922346823],[-106.308114697148,31.7837932342456],[-106.307944697598,31.7837942345711],[-106.307836697245,31.7837912343184],[-106.30769969735,31.7837912346833],[-106.307371696434,31.7837822342677],[-106.307257696703,31.7837772348096],[-106.307244696993,31.7837762348847],[-106.307130696603,31.7837642348281],[-106.307021696486,31.7837542341295],[-106.306937697162,31.7837452341302],[-106.306899696741,31.7837412346494],[-106.306765696427,31.7837212345724],[-106.306679697146,31.7837112342913],[-106.306560696625,31.7836912344692],[-106.306454696895,31.7836722344949],[-106.306345696367,31.7836472342162],[-106.306229696203,31.7836182343944],[-106.306118696349,31.7835872346983],[-106.306086696445,31.7835772342871],[-106.306013697062,31.7835562349157],[-106.305912696188,31.7835222344971],[-106.305806696754,31.7834872342385],[-106.305694696404,31.7834392344869],[-106.305636696266,31.7834152342578],[-106.305403696399,31.7833182348939],[-106.305069696869,31.783179234604],[-106.304789695951,31.7830642344216],[-106.304579696666,31.7829782344734],[-106.304361696335,31.7828892343632],[-106.304145696327,31.7828052342058],[-106.304043695829,31.7827672347548],[-106.303831696049,31.7826992345158],[-106.303763696403,31.782681234246],[-106.303723696216,31.7826692340853],[-106.303571696363,31.782631234628],[-106.30350369575,31.7826152348034],[-106.303391696034,31.7825932346289],[-106.303274696181,31.7825732349209],[-106.303169695545,31.7825562349082],[-106.30245369596,31.782514234079],[-106.302323395915,31.7825562812735],[-106.302322695342,31.7826572341271],[-106.302321695707,31.7828552341388],[-106.302317695471,31.7832502348809],[-106.302317695319,31.7835002344007],[-106.302318695647,31.7837292343583],[-106.302323696016,31.7844522350125],[-106.30232669644,31.7846182352703],[-106.302327696042,31.7850082348904],[-106.302329695725,31.7851732351488],[-106.302334695711,31.7855232347596],[-106.302336696116,31.7857302352221],[-106.302343696299,31.7864042349405],[-106.302352696343,31.7872752349168],[-106.302363696267,31.7881892350181],[-106.302368695894,31.7886082357014],[-106.302371695861,31.7890142356685],[-106.302375696572,31.7892502352594],[-106.302382696252,31.7896272359361],[-106.302387695742,31.789879235404],[-106.30239469592,31.7901482355918],[-106.30240169589,31.7904252360566],[-106.302376696653,31.7905352358512],[-106.302452413223,31.7905319438869],[-106.302345696658,31.7906692354261],[-106.302346696388,31.7909372355174],[-106.302347696487,31.7909922361329],[-106.302349695904,31.7912162356896],[-106.302354696385,31.7915192361327],[-106.302354695955,31.7916102360749],[-106.302356696859,31.7917922362441],[-106.302357696078,31.7920442356623],[-106.302365696495,31.7927612365683],[-106.302373696547,31.7931442366633],[-106.302378696885,31.7934722366494],[-106.302380696175,31.7936722360463],[-106.30238569694,31.7942592362984],[-106.302386696214,31.7945302363657],[-106.30239169616,31.7948102363157],[-106.302400696394,31.7957982363593],[-106.302401696588,31.7961392363833],[-106.302403696534,31.7962612369149],[-106.302404696139,31.7963962365858],[-106.302405697059,31.7964932371393],[-106.302410696423,31.7967482371742],[-106.30241669703,31.7970902369065],[-106.302418697195,31.7973662367665],[-106.302418696326,31.7977142369026],[-106.302417697084,31.7978552367184],[-106.302421696958,31.7981502368532],[-106.302427697179,31.7985892367428],[-106.30243169679,31.7988472375985],[-106.302435696543,31.7991312370323],[-106.302434696831,31.7993842369082],[-106.302435696746,31.7997882369704],[-106.302442696386,31.8001352373765],[-106.302449696505,31.8007452375352],[-106.302450696714,31.8010622379174],[-106.302450697091,31.8012612373843],[-106.302450696852,31.8015782375303],[-106.302452697458,31.80170123758],[-106.302390697221,31.8018122376258],[-106.302423064681,31.8022204143806],[-106.289892035817,31.8038809207963],[-106.285424469603,31.8044545797126],[-106.284895122271,31.8045281092388],[-106.280732452576,31.8050468826524],[-106.274237972372,31.8059353508332],[-106.272798258999,31.8061261684012],[-106.269720477996,31.8065390323856],[-106.268944209498,31.806636898133],[-106.267803011053,31.8068308761233],[-106.267796690084,31.8063712402406],[-106.26779068967,31.8059722398619],[-106.267779689142,31.805887240186],[-106.267771689736,31.8058242398866],[-106.267765689056,31.8055992396394],[-106.267773689918,31.8052552393065],[-106.267781689505,31.8046922401109],[-106.267786689406,31.8043122395918],[-106.267797689497,31.8040092399597],[-106.267815689586,31.8034662399133],[-106.267818689125,31.8032282390871],[-106.267820689694,31.8030812393373],[-106.267829689427,31.8028002394286],[-106.267833689886,31.8026942391688],[-106.267847688845,31.8022952392626],[-106.267852688936,31.8021592394394],[-106.26785268948,31.8018672393799],[-106.267852689059,31.8017922389022],[-106.26785368899,31.8013002388286],[-106.267854689487,31.8007402393444],[-106.267853688922,31.800619238995],[-106.267844689315,31.8001142386305],[-106.267845689094,31.7999572385589],[-106.267841689293,31.7993622384083],[-106.267827689279,31.7987392385125],[-106.267809689545,31.798169238216],[-106.267806689227,31.7980712383455],[-106.267787688912,31.7974812389349],[-106.267770688782,31.7969582380874],[-106.267755689172,31.7964962379787],[-106.267736689254,31.7959042386158],[-106.267716689311,31.7952892380223],[-106.26770968938,31.7950742379075],[-106.267694688779,31.7946162375906],[-106.267681688865,31.7942052382721],[-106.267663688507,31.7936492377466],[-106.267648688429,31.7931752377596],[-106.267637689257,31.7928352379712],[-106.267628688283,31.7925572380678],[-106.267620688812,31.7922962377216],[-106.26763368817,31.7918172377287],[-106.267648689102,31.7912322377324],[-106.267667688389,31.7903742369307],[-106.267690688032,31.7894872372443],[-106.267693688337,31.7893852369466],[-106.267708688429,31.7887422374337],[-106.267714688456,31.7884612372175],[-106.267724688613,31.7880022372764],[-106.267711688502,31.7872102371469],[-106.267703688169,31.7867052364576],[-106.267696688832,31.7857252362833]],[[-106.26317824377,31.7333916868618],[-106.263177699726,31.7333916899947],[-106.263191852337,31.7343183835491],[-106.263192764587,31.7343781230585],[-106.263205309815,31.7351868980166],[-106.263220325752,31.736149720087],[-106.263232924423,31.7369702270142],[-106.263232938641,31.7369711656662],[-106.264017380551,31.7369651767039],[-106.26423711568,31.7369634978852],[-106.264419432717,31.7369625562019],[-106.264954974978,31.7369597893952],[-106.265100422689,31.7369579643711],[-106.265317544588,31.7369552396391],[-106.265334727984,31.7369563831731],[-106.265357909502,31.7369579268606],[-106.265357358275,31.7369252426424],[-106.265357346833,31.7369245856533],[-106.265357314377,31.736922661566],[-106.265335690252,31.7356417704707],[-106.265335524259,31.7356319551135],[-106.265325829689,31.7350603561645],[-106.265297314102,31.7333789935323],[-106.265282230017,31.7333790837303],[-106.265280600049,31.7333790939599],[-106.265255119121,31.733379247488],[-106.263648128556,31.7333888748672],[-106.263508984097,31.7333897074929],[-106.263506700211,31.7333897213295],[-106.26317824377,31.7333916868618]]]},"properties":{"OBJECTID":7,"DISTRICT":"6","INCUMBENT":"ART FIERRO","INCUMBINFO":null,"POP2000":79272,"AREASQMI":null,"PERIMFT":null,"REMARK":"POP INFO FOR 2020","COMMENT":null,"EDITOR_NAME":"DBO","EDIT_TIME":null,"CEPID":null,"IMGLINK":"https://gis.elpasotexas.gov/Districting/assets/images/district6.png","LINK":"https://www.elpasotexas.gov/district-6/","Shape__Area":60137800.28515625,"Shape__Length":52884.64923361289,"GlobalID":"9ff15678-8b1c-4f5b-a618-dad004b35d70"}},{"type":"Feature","id":8,"geometry":{"type":"Polygon","coordinates":[[[-106.349210183996,31.8407155006607],[-106.337206810779,31.8408984593409],[-106.330864855152,31.8409946780281],[-106.330831797684,31.8404920899761],[-106.330447704376,31.8274752404475],[-106.33014870352,31.8128332381932],[-106.329911714388,31.8006743707088],[-106.329872643741,31.7986171276427],[-106.329824894249,31.7986268081888],[-106.329818058141,31.7986281943828],[-106.329763418568,31.7986355948666],[-106.329743756999,31.7986382584907],[-106.329693815994,31.7986450052886],[-106.319435772667,31.8000303973764],[-106.315988193912,31.8004785059697],[-106.305341774489,31.8018848166987],[-106.305169054493,31.8019043902971],[-106.302675727843,31.8021869201383],[-106.302423064681,31.8022204143806],[-106.302390697221,31.8018122376258],[-106.302452697458,31.80170123758],[-106.302450696852,31.8015782375303],[-106.302450697091,31.8012612373843],[-106.302450696714,31.8010622379174],[-106.302449696505,31.8007452375352],[-106.302442696386,31.8001352373765],[-106.302435696746,31.7997882369704],[-106.302434696831,31.7993842369082],[-106.302435696543,31.7991312370323],[-106.30243169679,31.7988472375985],[-106.302427697179,31.7985892367428],[-106.302421696958,31.7981502368532],[-106.302417697084,31.7978552367184],[-106.302418696326,31.7977142369026],[-106.302418697195,31.7973662367665],[-106.30241669703,31.7970902369065],[-106.302410696423,31.7967482371742],[-106.302405697059,31.7964932371393],[-106.302404696139,31.7963962365858],[-106.302403696534,31.7962612369149],[-106.302401696588,31.7961392363833],[-106.302400696394,31.7957982363593],[-106.30239169616,31.7948102363157],[-106.302386696214,31.7945302363657],[-106.30238569694,31.7942592362984],[-106.302380696175,31.7936722360463],[-106.302378696885,31.7934722366494],[-106.302373696547,31.7931442366633],[-106.302365696495,31.7927612365683],[-106.302357696078,31.7920442356623],[-106.302356696859,31.7917922362441],[-106.302354695955,31.7916102360749],[-106.302354696385,31.7915192361327],[-106.302349695904,31.7912162356896],[-106.302347696487,31.7909922361329],[-106.302346696388,31.7909372355174],[-106.302345696658,31.7906692354261],[-106.302452413223,31.7905319438869],[-106.302376696653,31.7905352358512],[-106.30240169589,31.7904252360566],[-106.30239469592,31.7901482355918],[-106.302387695742,31.789879235404],[-106.302382696252,31.7896272359361],[-106.302375696572,31.7892502352594],[-106.302371695861,31.7890142356685],[-106.302368695894,31.7886082357014],[-106.302363696267,31.7881892350181],[-106.302352696343,31.7872752349168],[-106.302343696299,31.7864042349405],[-106.302336696116,31.7857302352221],[-106.302334695711,31.7855232347596],[-106.302329695725,31.7851732351488],[-106.302327696042,31.7850082348904],[-106.30232669644,31.7846182352703],[-106.302323696016,31.7844522350125],[-106.302318695647,31.7837292343583],[-106.302317695319,31.7835002344007],[-106.302317695471,31.7832502348809],[-106.302321695707,31.7828552341388],[-106.302322695342,31.7826572341271],[-106.302323395915,31.7825562812735],[-106.30245369596,31.782514234079],[-106.303169695545,31.7825562349082],[-106.303274696181,31.7825732349209],[-106.303391696034,31.7825932346289],[-106.30350369575,31.7826152348034],[-106.303571696363,31.782631234628],[-106.303723696216,31.7826692340853],[-106.303763696403,31.782681234246],[-106.303831696049,31.7826992345158],[-106.304043695829,31.7827672347548],[-106.304145696327,31.7828052342058],[-106.304361696335,31.7828892343632],[-106.304579696666,31.7829782344734],[-106.304789695951,31.7830642344216],[-106.305069696869,31.783179234604],[-106.305403696399,31.7833182348939],[-106.305636696266,31.7834152342578],[-106.305694696404,31.7834392344869],[-106.305806696754,31.7834872342385],[-106.305912696188,31.7835222344971],[-106.306013697062,31.7835562349157],[-106.306086696445,31.7835772342871],[-106.306118696349,31.7835872346983],[-106.306229696203,31.7836182343944],[-106.306345696367,31.7836472342162],[-106.306454696895,31.7836722344949],[-106.306560696625,31.7836912344692],[-106.306679697146,31.7837112342913],[-106.306765696427,31.7837212345724],[-106.306899696741,31.7837412346494],[-106.306937697162,31.7837452341302],[-106.307021696486,31.7837542341295],[-106.307130696603,31.7837642348281],[-106.307244696993,31.7837762348847],[-106.307257696703,31.7837772348096],[-106.307371696434,31.7837822342677],[-106.30769969735,31.7837912346833],[-106.307836697245,31.7837912343184],[-106.307944697598,31.7837942345711],[-106.308114697148,31.7837932342456],[-106.308581697425,31.7837922346823],[-106.309062697701,31.7837902345782],[-106.309438696933,31.7837882345426],[-106.309653697834,31.7837872343522],[-106.309749697588,31.7837852343234],[-106.30987969792,31.7837852345114],[-106.309988697337,31.7837822343367],[-106.310108697751,31.7837832346628],[-106.310219697283,31.7837832339901],[-106.310336697792,31.7837802344613],[-106.310555697832,31.783781234752],[-106.310795698102,31.7837822344571],[-106.310887697432,31.7837812347552],[-106.31098269775,31.7837842345673],[-106.311216697908,31.7837822342455],[-106.31150069824,31.7837832341263],[-106.311707697812,31.7837832340289],[-106.311853698409,31.7837852345661],[-106.312063698212,31.783784234407],[-106.312201698181,31.7837852338899],[-106.312406697621,31.7837822339187],[-106.312525698371,31.7837822338846],[-106.312620697676,31.7837832347197],[-106.312699698429,31.783790234467],[-106.312851698398,31.7837832343675],[-106.313098698705,31.7837842341636],[-106.313929698158,31.7837852343358],[-106.313992698502,31.7837862337881],[-106.314080698551,31.7837862339469],[-106.314314698152,31.7837862340426],[-106.314449698845,31.7837842340862],[-106.314633698991,31.7837842344414],[-106.314790698118,31.7837822343664],[-106.315014698287,31.7837822340996],[-106.315154699051,31.7837832342042],[-106.315475698592,31.7837832342165],[-106.315586699085,31.7837842341644],[-106.315659698793,31.7837832340227],[-106.315721698997,31.7837842343705],[-106.315820698851,31.7837842342558],[-106.315936699198,31.7837812341307],[-106.316041699185,31.7837822341395],[-106.316107698735,31.7837822339254],[-106.316165699346,31.7837822339097],[-106.316275698745,31.7837802337819],[-106.316390699064,31.7837792337198],[-106.316534698499,31.7837812343337],[-106.3166676994,31.783780234446],[-106.316991699549,31.7837812343487],[-106.317285699158,31.7837822341058],[-106.31743369947,31.7837822343215],[-106.317648699247,31.7837832341691],[-106.31780469891,31.7837822338002],[-106.317860699682,31.783783233616],[-106.318095699703,31.7837812336429],[-106.318330698961,31.7837812338263],[-106.318449698896,31.7837842342028],[-106.318559699417,31.7837822338985],[-106.318652699528,31.7837832337933],[-106.318661699826,31.7836372341663],[-106.318660699485,31.7831912341705],[-106.318656699022,31.7825462341274],[-106.318656699362,31.7823182340356],[-106.318642699598,31.7817302338755],[-106.318641699115,31.781163233351],[-106.318626698787,31.7808172333588],[-106.318630699667,31.7804392337045],[-106.318624699011,31.7803022332713],[-106.318598699679,31.7801692336247],[-106.318552698878,31.7800392332565],[-106.318517698834,31.7799652334963],[-106.318492699372,31.7799332331695],[-106.318369699391,31.7797982336066],[-106.318332699559,31.779763233091],[-106.31829669872,31.7797342334157],[-106.318092698945,31.7795972336242],[-106.318228699488,31.7794452335056],[-106.318269699634,31.7793982334261],[-106.318429699129,31.7792152336912],[-106.31852069925,31.7790932334169],[-106.31853569907,31.7790642330876],[-106.318550698786,31.779038233134],[-106.318567698714,31.7789912333787],[-106.318576698953,31.778963233407],[-106.318596698733,31.7788992332118],[-106.318617699532,31.7787062332095],[-106.31862169938,31.7784522330951],[-106.318618698582,31.7780152332302],[-106.318621699064,31.7776672332545],[-106.318629698758,31.7773452325839],[-106.318614698497,31.7764932324917],[-106.318480699477,31.776493233067],[-106.31825569857,31.7764942326602],[-106.317746699333,31.7764912332049],[-106.31757669916,31.7764902326421],[-106.31715069898,31.7764922325543],[-106.316884698281,31.7764922326205],[-106.316764698592,31.7764902327763],[-106.316657698622,31.7764872330258],[-106.316571698383,31.7764842328906],[-106.31650069841,31.7764772326639],[-106.316505698937,31.7766162328301],[-106.316500698271,31.7769502330796],[-106.316491698678,31.7771212328802],[-106.316491698299,31.7772422331686],[-106.316491698368,31.7774182327282],[-106.316489698923,31.7775232329379],[-106.316476698571,31.7776072333972],[-106.316450698684,31.7776912328852],[-106.31638869835,31.7778122331312],[-106.31634869889,31.7778652334216],[-106.316297698849,31.7779292327658],[-106.316253698251,31.7779802331306],[-106.316160698373,31.7780762335314],[-106.31613669843,31.7781022334325],[-106.316022698456,31.7782252327647],[-106.315725698501,31.7780242328371],[-106.31541569869,31.7778322332321],[-106.31533469808,31.7777802332272],[-106.314993698193,31.7775432327346],[-106.314663697865,31.7773262333339],[-106.314363698207,31.7771342331327],[-106.314028698443,31.7769132333666],[-106.31361669777,31.776629233225],[-106.313263698009,31.7763922327685],[-106.312938697589,31.7761722329941],[-106.312596698049,31.7759492330357],[-106.312465698084,31.7758692330408],[-106.312183698012,31.7756802330605],[-106.31189769764,31.7754882326297],[-106.311824697942,31.7754392326553],[-106.311360697479,31.7751282331738],[-106.310994697355,31.7748872325586],[-106.310797697,31.7747572324463],[-106.310455697431,31.7745252324289],[-106.310245697001,31.7743832330602],[-106.310111696778,31.7742962326491],[-106.309771697091,31.7740722324693],[-106.309412697131,31.7738352323268],[-106.309153696474,31.7736652329086],[-106.309083696579,31.7736192331503],[-106.308713696663,31.7733752328549],[-106.308592696203,31.7732922328626],[-106.308023696584,31.7729162326843],[-106.307687696672,31.7726952328259],[-106.307494696822,31.7725692323463],[-106.307474696368,31.7725562328214],[-106.307386695867,31.772497232964],[-106.307317696251,31.7724502326207],[-106.307239695837,31.7723962322684],[-106.307141695912,31.7723422326318],[-106.307049695816,31.77228623234],[-106.306960695892,31.7722412322389],[-106.306857695738,31.77219923225],[-106.306797695611,31.7721812322709],[-106.306693695618,31.7721492329189],[-106.306596695664,31.7721252330673],[-106.306667696273,31.7720612322828],[-106.306712696088,31.7720122322609],[-106.306727695703,31.7719842322521],[-106.306762696158,31.771929232713],[-106.306765696475,31.7719232324023],[-106.306794695737,31.7718832329604],[-106.306845696216,31.7717952325862],[-106.30688069659,31.7717052329657],[-106.306902696368,31.7716292325991],[-106.306919696629,31.7715242321724],[-106.306924696239,31.7713722321568],[-106.306918696412,31.7709412326464],[-106.30691469575,31.7705472321877],[-106.306903695985,31.7701212318369],[-106.306907696484,31.7698872326583],[-106.306903695611,31.7696662318681],[-106.306919696065,31.7694902321279],[-106.306924696039,31.7694462325643],[-106.306924695554,31.7694122323329],[-106.30736369635,31.7694122324193],[-106.307915695942,31.7694122318498],[-106.308202695988,31.769412232129],[-106.308446696601,31.7694122324814],[-106.30939769698,31.7694132315863],[-106.309575696272,31.7694142324184],[-106.310163696835,31.7694152318864],[-106.310605697141,31.769416232078],[-106.311025697179,31.7694172319683],[-106.311364697468,31.7694142315258],[-106.311416697451,31.7694132318774],[-106.311528696832,31.7694052317453],[-106.311642696803,31.7693942322287],[-106.311684697485,31.7693892320886],[-106.311758697236,31.7693802315214],[-106.311871697229,31.769364231673],[-106.312058697663,31.7693262323369],[-106.312114697206,31.7693132322386],[-106.312159696667,31.7693022315534],[-106.312205697345,31.7692912318006],[-106.312235697422,31.769282231898],[-106.312318697092,31.7692592316703],[-106.312438697579,31.7692272321003],[-106.312543697065,31.7691982322627],[-106.312637696754,31.7691752320042],[-106.312748697664,31.769151231639],[-106.31285969765,31.769129231771],[-106.313002697486,31.7691082319729],[-106.313082697451,31.7690972315475],[-106.313197697833,31.7690892319988],[-106.313305697129,31.7690842321263],[-106.313471697367,31.7690842320441],[-106.313656697676,31.7690792316243],[-106.313787697814,31.7690732317484],[-106.313873697562,31.7690712316065],[-106.313924697876,31.7690712315712],[-106.313992697166,31.7690682317687],[-106.314086697826,31.7690662321429],[-106.314169697431,31.7690662321049],[-106.314216697282,31.7690662316321],[-106.314416697352,31.7690632319785],[-106.314555697229,31.7690622320415],[-106.314665697713,31.7690622320811],[-106.314787697626,31.7690592317476],[-106.314935697647,31.7690602317803],[-106.315123698264,31.7690602313346],[-106.31525469776,31.769058232019],[-106.315413697319,31.7690582316554],[-106.315477698066,31.7690582319856],[-106.315581697479,31.7690592315731],[-106.315697697837,31.7690562317199],[-106.315803697911,31.7690562314225],[-106.315886697994,31.7690552313449],[-106.315918697771,31.7690542320506],[-106.315968698017,31.769054232048],[-106.316039698455,31.7690542317182],[-106.316153698192,31.7690522320723],[-106.316267698127,31.7690522319696],[-106.316382697915,31.7690502312873],[-106.3164986985,31.7690492312642],[-106.316608697606,31.7690502313578],[-106.316728698437,31.7690472317348],[-106.316823697985,31.7690482315328],[-106.316955697873,31.7690482320104],[-106.317072697928,31.769046231738],[-106.317185698214,31.769045231828],[-106.317634698758,31.7690392314017],[-106.317727698135,31.7690402313323],[-106.317828698197,31.7690392319751],[-106.317875698149,31.7690392319827],[-106.317984698775,31.7690362314784],[-106.318089698475,31.7690372318161],[-106.318213698704,31.7690342319761],[-106.318321698692,31.7690352313753],[-106.31843969828,31.7690322319273],[-106.318554698418,31.7690322316714],[-106.318651698406,31.7690302316416],[-106.31873469815,31.7690302313955],[-106.318795698648,31.7690302317587],[-106.318891698514,31.7690282315048],[-106.318929698141,31.769029231429],[-106.319004698475,31.7690282316631],[-106.319121698895,31.7690282318944],[-106.319232698627,31.7690282317693],[-106.319347698494,31.7690262311701],[-106.319468698315,31.769026231302],[-106.319563699096,31.7690272317541],[-106.319688698382,31.769024231498],[-106.319823698751,31.769024231885],[-106.319940699166,31.7690242313804],[-106.320026698918,31.7690252311664],[-106.320139699035,31.7690222317515],[-106.320271698673,31.7690232314151],[-106.320373698536,31.7690232317645],[-106.320482699235,31.7690202318709],[-106.320581698751,31.7690202319606],[-106.320713699445,31.7690212311277],[-106.320824699306,31.7690182310571],[-106.320973699218,31.769018231664],[-106.321058698935,31.769016231251],[-106.321174699339,31.7690162314108],[-106.32140169927,31.7690112312618],[-106.321493698715,31.7690122311793],[-106.321711699022,31.7690122311535],[-106.321820699731,31.7690122314297],[-106.322027699524,31.7690132313303],[-106.322064699486,31.769013231374],[-106.322263699458,31.7690112312006],[-106.32246269981,31.7690112312668],[-106.322527699812,31.7690112317995],[-106.322648699392,31.7690092311344],[-106.322711699165,31.769009231544],[-106.322769699419,31.7690092318011],[-106.322871698983,31.7690072314513],[-106.323117699433,31.7690072314055],[-106.323228700073,31.7690052317847],[-106.323333699319,31.7690052316987],[-106.323453699168,31.7690022313299],[-106.323532699711,31.7690022315412],[-106.32356769944,31.7690022311401],[-106.323733699264,31.7689992311428],[-106.323915699218,31.7689982316703],[-106.324016700088,31.7689952314239],[-106.324068699648,31.7689952310714],[-106.324137700154,31.7689952317199],[-106.324246700014,31.7690012316934],[-106.324367700207,31.7690072316541],[-106.324480699965,31.7690182315226],[-106.324592699769,31.7690352311705],[-106.324736699988,31.7690592314837],[-106.324814699807,31.7690742311121],[-106.324923699985,31.7690992308996],[-106.325032700439,31.7691302313744],[-106.325152699635,31.7691692313851],[-106.325244700373,31.7692002316442],[-106.325340700165,31.7692422309245],[-106.325363700385,31.7692532308624],[-106.325407699883,31.7692742309396],[-106.325444699567,31.7692922315057],[-106.325461699766,31.7693012317695],[-106.325613700225,31.7693792310067],[-106.32565069979,31.7694012317483],[-106.325691700191,31.7694252311904],[-106.325727699943,31.7694462311712],[-106.325744699869,31.7694562312431],[-106.325823699678,31.7695002316955],[-106.325922700369,31.7695592312503],[-106.326004699737,31.7696062310993],[-106.326060700446,31.7696392315339],[-106.326100699934,31.7696632318047],[-106.326173699937,31.7697052315146],[-106.326277700673,31.7697642316866],[-106.326343700141,31.7698022311509],[-106.326521699887,31.769905231323],[-106.326581700813,31.7699402311641],[-106.326698700843,31.7700052317269],[-106.326773700253,31.7700482309578],[-106.32695870067,31.7701552315928],[-106.327059700637,31.7702152310761],[-106.327180700032,31.7702862310983],[-106.327253700483,31.7703302316843],[-106.327317700969,31.7703702312285],[-106.327515701097,31.7704882317946],[-106.327665701046,31.7705762316473],[-106.327774701103,31.770639231768],[-106.327804700845,31.7706572318199],[-106.32786470061,31.7706922311566],[-106.327983701105,31.7707592311361],[-106.328179700435,31.7708702311034],[-106.328276701297,31.7709272311472],[-106.328312700437,31.7709472315535],[-106.328372701227,31.7709802318627],[-106.328464700367,31.771034231567],[-106.32849770099,31.7710552317563],[-106.32859470042,31.7711112318112],[-106.328642701135,31.7711392313274],[-106.328811701415,31.7712392310491],[-106.328840700644,31.7712562310932],[-106.328911701334,31.7713002317459],[-106.328932700606,31.7713132317484],[-106.328996700993,31.7713512317598],[-106.329026701191,31.7713692315251],[-106.329052700664,31.7713842319314],[-106.329125701008,31.7714272317012],[-106.329214701457,31.7714782314338],[-106.329312701605,31.7715392318866],[-106.329354700888,31.771563231166],[-106.329428700938,31.7716052318314],[-106.329489701045,31.7716402313191],[-106.32954170106,31.7716712317346],[-106.329572701319,31.7716902311792],[-106.329591701053,31.7717012314589],[-106.329604701021,31.771708231683],[-106.329790701644,31.7718122316948],[-106.329877700979,31.7718612314526],[-106.329975701283,31.7719092318095],[-106.330075701708,31.7719542316229],[-106.330152700739,31.7719842311515],[-106.330215701782,31.7720072313192],[-106.330283701199,31.7720312311832],[-106.330388701136,31.7720662313865],[-106.330495701438,31.7720972311849],[-106.330601701426,31.7721212312249],[-106.330718701543,31.7721472313074],[-106.330837701745,31.7721622312442],[-106.330883701856,31.7721682319753],[-106.330941701309,31.7721752311553],[-106.331055701655,31.7721872315991],[-106.331168701847,31.7721952317625],[-106.331280701087,31.7721982318522],[-106.331397701073,31.7722012315878],[-106.331482701498,31.772200231519],[-106.331756701206,31.772202231119],[-106.331854701295,31.7722022318436],[-106.331960701979,31.7722002315065],[-106.332158701337,31.7722002316081],[-106.332360702142,31.7722012318695],[-106.332421701853,31.7722012313985],[-106.332493701653,31.7721992315483],[-106.332576702022,31.7721972310407],[-106.33264670232,31.7721962310231],[-106.332766701554,31.7721962317098],[-106.332864702083,31.7721942310845],[-106.332988701604,31.7721912318302],[-106.333103702144,31.7721912315273],[-106.333187701645,31.7721892315148],[-106.333234701634,31.7721882316346],[-106.333334701814,31.7721892318591],[-106.333429701937,31.7721872319084],[-106.333558702491,31.7721872312605],[-106.333667701815,31.7721842313832],[-106.333759702052,31.7721842310392],[-106.333906702031,31.772185231483],[-106.333978701844,31.7721832317123],[-106.334024701674,31.7721822316182],[-106.334101701983,31.7721812312653],[-106.334239702101,31.7721802313454],[-106.334356702634,31.7721772312046],[-106.334474702426,31.7721782311624],[-106.334584701915,31.7721752313428],[-106.334669702221,31.7721752317399],[-106.334758702238,31.7721742310755],[-106.334807702556,31.7721732313734],[-106.334880702084,31.7721732316159],[-106.335297702139,31.7721742316767],[-106.33537870285,31.7721742309877],[-106.335444702624,31.7721732315956],[-106.335519702672,31.77217223147],[-106.335616702918,31.7721712314031],[-106.335722702662,31.7721692316544],[-106.335841702883,31.7721692313447],[-106.335909702944,31.7721682315454],[-106.335953702451,31.7721672309424],[-106.336066702838,31.7721672308975],[-106.336145702685,31.7721652311662],[-106.336184702562,31.7721642317771],[-106.336205702556,31.7721642309671],[-106.336296702582,31.7721652314655],[-106.336412702998,31.7721622313676],[-106.336479702686,31.7721622312053],[-106.336526702898,31.7721602311929],[-106.336639702279,31.7721602316],[-106.336761702566,31.7721572315893],[-106.3368687029,31.7721582312008],[-106.336984702292,31.7721552315425],[-106.337092702774,31.7721562308755],[-106.337172702382,31.7721562310156],[-106.337240702477,31.7721552314219],[-106.337319703343,31.7721532309297],[-106.337390702618,31.7721532308597],[-106.337674702794,31.7721542316925],[-106.337782702828,31.772152230968],[-106.338010703034,31.772152231052],[-106.338061702604,31.7721512308698],[-106.338128702538,31.7721502309151],[-106.338229703301,31.7721502310349],[-106.338312702737,31.7721482314225],[-106.338459702652,31.7721452309988],[-106.338580703366,31.7721452315766],[-106.338688702913,31.7721462314357],[-106.338803703197,31.7721432311164],[-106.338979702868,31.7721432311891],[-106.339036703235,31.772143231612],[-106.33925370359,31.7721392313044],[-106.339486703599,31.7721332310752],[-106.339598703845,31.7721342315258],[-106.339644703887,31.7721322314029],[-106.339813703043,31.7721292316186],[-106.33995670293,31.772129231256],[-106.340132703744,31.7721292315228],[-106.34032770308,31.7721302311109],[-106.340393703767,31.7721302308074],[-106.340501703144,31.7721332315536],[-106.340624704024,31.7721342307343],[-106.34077770406,31.7721372314302],[-106.340861704077,31.7721392312005],[-106.340962703721,31.7721402308948],[-106.341093704129,31.7721392308413],[-106.341194703213,31.7721372308705],[-106.341275703913,31.7721252311769],[-106.341423703626,31.7721322310806],[-106.341646703658,31.7721162307258],[-106.341755704246,31.7720982309601],[-106.341867703596,31.7720772312706],[-106.341982703879,31.7720452310422],[-106.342083704219,31.7720192306049],[-106.342193704303,31.7719752309689],[-106.342302704389,31.7719292307845],[-106.342397704144,31.7718922308699],[-106.342516704178,31.7718412309184],[-106.342596704262,31.7718072313983],[-106.342683703871,31.7717682308342],[-106.342795704262,31.7717202310297],[-106.342895704443,31.7716752313433],[-106.343010704134,31.7716262311364],[-106.343087703668,31.7715902311438],[-106.343179704464,31.7715532309803],[-106.343286704134,31.7715092307904],[-106.343391704478,31.7714652307504],[-106.343421704302,31.7714522305463],[-106.343505703799,31.7714142305561],[-106.343628704082,31.7713572308315],[-106.343722704078,31.7713172305038],[-106.343874704504,31.7712492309515],[-106.344011704684,31.7711892311609],[-106.344122704327,31.7711352303818],[-106.344221704823,31.7710942308999],[-106.344507703932,31.770964231205],[-106.344636704752,31.7709092310471],[-106.344834704329,31.7708212303954],[-106.344932704103,31.7707892308816],[-106.345043704361,31.7707312307801],[-106.345141704151,31.7706882310583],[-106.345255704347,31.7706512305568],[-106.345355705002,31.770620230203],[-106.345458704386,31.7705952311152],[-106.345575704315,31.7705722303398],[-106.345681704686,31.7705602302857],[-106.345802705052,31.7705482305123],[-106.346013705166,31.7705382305984],[-106.346144704988,31.770534230381],[-106.346256704369,31.7705292305369],[-106.346325704673,31.7705282304866],[-106.346379705015,31.7705272310014],[-106.34648270498,31.7705242302541],[-106.346587705205,31.7705222307352],[-106.346715704484,31.7705192302933],[-106.346830704748,31.7705202302717],[-106.346947705229,31.7705222305524],[-106.347060704888,31.7705152301551],[-106.347163704933,31.7705122306702],[-106.34724470474,31.770512230705],[-106.347508705447,31.7705072304003],[-106.347848705275,31.7705022301059],[-106.348413705624,31.7704932307186],[-106.348538705324,31.7704932303196],[-106.348643705587,31.7704912309439],[-106.348761705119,31.7704942302052],[-106.348836705268,31.7704932304651],[-106.348874705504,31.7704912302677],[-106.348993705475,31.7704912304978],[-106.349100705801,31.7704922308166],[-106.349215705672,31.7705002303072],[-106.349329705076,31.7705142307583],[-106.349440705613,31.7705362303445],[-106.349550705652,31.7705652307448],[-106.349652705351,31.7705982301173],[-106.349754705606,31.7706412305146],[-106.349853705267,31.770688230792],[-106.349946705691,31.7707442306667],[-106.350031705873,31.7708042304627],[-106.350081705405,31.7708452308242],[-106.350091846186,31.7708538353343],[-106.350114705319,31.7708732300992],[-106.35013370594,31.7708922306975],[-106.350192705755,31.7709512300695],[-106.350263705244,31.7710302303106],[-106.350327705174,31.7711042308144],[-106.350386705324,31.7711802301118],[-106.350521705759,31.7713452305335],[-106.350570705428,31.7714092308837],[-106.350693706284,31.7715632306526],[-106.350745705419,31.771630230816],[-106.350925705325,31.7718632303737],[-106.350980706152,31.7719332302166],[-106.351074705446,31.7720542306678],[-106.351131705553,31.7721282303642],[-106.351317706194,31.772363230604],[-106.351343705722,31.7723952303607],[-106.351415705612,31.7724912307318],[-106.351466706113,31.7725472306979],[-106.351539705943,31.7726302310589],[-106.351612706222,31.7727052308198],[-106.351635705962,31.7727262310449],[-106.351692705803,31.7727772305507],[-106.35177270587,31.7728412305751],[-106.351861706405,31.7729082309539],[-106.351953705673,31.7729692307729],[-106.352043706084,31.7730222303416],[-106.352071706606,31.7730502310479],[-106.352141705956,31.7730732303702],[-106.352240706417,31.773116230458],[-106.352346706348,31.7731522310711],[-106.352456706245,31.7731802311387],[-106.35256770653,31.7732032307773],[-106.352679706147,31.7732222307781],[-106.352793706403,31.7732332305964],[-106.352896706025,31.7732392307274],[-106.353138706392,31.7732452303649],[-106.353249706566,31.7732462310969],[-106.353327706077,31.7732552312041],[-106.353364706447,31.7732422307805],[-106.354159706795,31.7732312305945],[-106.354236706274,31.7732382306951],[-106.354274706707,31.7732282311197],[-106.354641706881,31.7732252307404],[-106.355060706666,31.7732152304424],[-106.355187706424,31.7732302309583],[-106.355295707274,31.7732142305471],[-106.355439706916,31.7732112306705],[-106.355609706822,31.7732062303719],[-106.355813707395,31.7732072309423],[-106.355926706949,31.7732062310757],[-106.355979706615,31.7732052306496],[-106.356031707192,31.7732022307054],[-106.356203707503,31.7732032309167],[-106.356316707057,31.7732002310233],[-106.356437706921,31.7732002304635],[-106.356562707538,31.7731982309247],[-106.356656706938,31.7731982302701],[-106.356756707628,31.7732152308249],[-106.356884707488,31.7731952303892],[-106.356961707188,31.7731982304023],[-106.357109707639,31.7732022301991],[-106.357222707373,31.7732072309748],[-106.357450707342,31.7732302306039],[-106.357573707026,31.7732512306657],[-106.357673706891,31.7732692304089],[-106.357784707852,31.7732942307401],[-106.357813707807,31.7733022304669],[-106.357890706997,31.7733222309325],[-106.357976707919,31.7733492306622],[-106.358104707118,31.773389230582],[-106.358201707157,31.7734232308967],[-106.358314707098,31.773465230409],[-106.35842270724,31.7735022309484],[-106.35848570746,31.7735262303153],[-106.358706708136,31.7736082303146],[-106.358732707818,31.7736182303077],[-106.358823707179,31.7736502302356],[-106.359054707214,31.7737352302986],[-106.359100707635,31.7737512304511],[-106.359138707671,31.7737662310105],[-106.359160707698,31.773775230282],[-106.359273707541,31.7738172308063],[-106.359356707892,31.7738472308976],[-106.359393707672,31.7738602301592],[-106.359482708153,31.77389023042],[-106.359581708415,31.7739202307391],[-106.359651708193,31.7739382304967],[-106.359702707501,31.7739512305587],[-106.359786707898,31.7739712307657],[-106.359819707834,31.7739772302267],[-106.359898708253,31.7739932304849],[-106.360018707865,31.7740112304598],[-106.360147707911,31.7740242305035],[-106.360239708443,31.774034230749],[-106.360375708498,31.774041230541],[-106.360462707752,31.7740432305466],[-106.360582707754,31.7740432309616],[-106.360676708079,31.7740412304191],[-106.360924708476,31.7740412303676],[-106.36104970818,31.7740382303782],[-106.361157708151,31.7740392306589],[-106.361222708422,31.7740372303942],[-106.361260707981,31.7740362301287],[-106.361266707965,31.7738862308004],[-106.361206708446,31.7718062304172],[-106.361164707703,31.7708192302857],[-106.361155708062,31.7701502300419],[-106.361148708008,31.7683672295018],[-106.361113707483,31.7663942289488],[-106.361055707889,31.764502229205],[-106.361024707701,31.7628552283005],[-106.361029707155,31.762449228967],[-106.360592707046,31.7621722281909],[-106.359711707151,31.7616192287257],[-106.359729707427,31.7616032281032],[-106.359829707389,31.7614982287841],[-106.359893706735,31.7614292282782],[-106.359929706883,31.7613892281874],[-106.359958014901,31.7613592153823],[-106.359442707475,31.7614502281367],[-106.359139706606,31.7612652284947],[-106.358447707207,31.7608362283786],[-106.35793370697,31.7605192288097],[-106.357610706819,31.7603152283048],[-106.356545706406,31.759657228265],[-106.356364706495,31.7595462285042],[-106.356018706312,31.759332228662],[-106.355872706487,31.759240228724],[-106.355732706036,31.7591512285873],[-106.355646706043,31.7590972282672],[-106.355534705622,31.7590252286519],[-106.355439705648,31.7589682280735],[-106.355383705556,31.758935228187],[-106.35532570654,31.7589022286978],[-106.354557706212,31.7584262286842],[-106.354241706165,31.758227227889],[-106.35351570517,31.7577832285201],[-106.353000705336,31.7574642282941],[-106.352686705604,31.757267227712],[-106.351956705406,31.7568122280745],[-106.351570704762,31.7565762279659],[-106.351096704872,31.7562912277634],[-106.350740704455,31.7560692279228],[-106.349829704391,31.7555062282179],[-106.349737704161,31.7554502284179],[-106.349683705016,31.7554172275972],[-106.34962070438,31.7553792284189],[-106.348861704593,31.7549072278406],[-106.348221704408,31.7545102279313],[-106.347994704372,31.7543672277913],[-106.347894704213,31.7543022277772],[-106.346897704212,31.7536942274903],[-106.346339703514,31.7533442282273],[-106.345333702974,31.7527222275808],[-106.345265703352,31.752681227638],[-106.345376703906,31.7525522276972],[-106.345539703201,31.7523692275071],[-106.345609703826,31.7524092279899],[-106.345682703493,31.7523192280201],[-106.345755703661,31.7522232279914],[-106.345798702995,31.7521582272618],[-106.345838703053,31.7520982280184],[-106.345879703585,31.7520122280295],[-106.345917703324,31.7519342273339],[-106.345959703841,31.7518162275139],[-106.345985703991,31.7516792278373],[-106.345995703567,31.7515152277374],[-106.345988703763,31.7513752276769],[-106.345977703904,31.7512482272003],[-106.345961703651,31.7511492278173],[-106.345948703972,31.7509312270739],[-106.345952703504,31.7506402274051],[-106.345960703902,31.750307227062],[-106.345967703927,31.7499582274835],[-106.3459667034,31.7498932276201],[-106.345964703448,31.7498332271362],[-106.34596470389,31.7497682270576],[-106.345962703768,31.7495382271098],[-106.3459587035,31.749311227029],[-106.345954703282,31.7491142268922],[-106.345946703631,31.7482892267897],[-106.345942703064,31.7477632266775],[-106.345939703155,31.7469582268231],[-106.345939703588,31.746863226683],[-106.345933703176,31.7465002264451],[-106.345933703605,31.7460222261599],[-106.345932703542,31.7455302262773],[-106.345929702925,31.7442602259443],[-106.345929702612,31.7440822264319],[-106.345920702932,31.7436982258224],[-106.345923703315,31.7432682263758],[-106.345921703289,31.7431402259758],[-106.345919702678,31.7429882264721],[-106.345919702557,31.7422752262965],[-106.345919703367,31.7414932262155],[-106.345903702722,31.7402592253441],[-106.345904703299,31.7400012254662],[-106.345898703247,31.7397712253569],[-106.345908702792,31.7392662252594],[-106.345904702386,31.739207225663],[-106.345876702541,31.7388652250473],[-106.345847703225,31.7386822254369],[-106.345815703095,31.738483225116],[-106.34577970236,31.738289225658],[-106.345708702218,31.7380082251213],[-106.345625702433,31.7377412254067],[-106.345570703052,31.7375862251045],[-106.345416702797,31.737206225115],[-106.345332701984,31.7370112247452],[-106.345094702481,31.7364112248572],[-106.344770702712,31.7356082252933],[-106.344726702066,31.7354922252629],[-106.344432702315,31.7347692244041],[-106.344255702045,31.7343462249944],[-106.344183702282,31.7341592243432],[-106.344115702032,31.7339712249837],[-106.344077701902,31.7338432246015],[-106.344056702125,31.7337222249492],[-106.344041702042,31.7336172247035],[-106.344039701902,31.7335462246075],[-106.344037702167,31.733472224931],[-106.344036701811,31.7334092244108],[-106.344036702001,31.7333742250176],[-106.344047701707,31.7332782246908],[-106.344062702028,31.7331862249067],[-106.344085702334,31.7330862249995],[-106.344150701763,31.7329062246288],[-106.344220702521,31.7327462249191],[-106.344258702112,31.7326612248703],[-106.344363702522,31.7324432242269],[-106.344476701881,31.7322132248452],[-106.344705701617,31.7317322245507],[-106.344749701592,31.7316502246388],[-106.344802701621,31.7315282245026],[-106.344904702045,31.7313142240372],[-106.344951701868,31.7312232239339],[-106.345010701843,31.7311202244156],[-106.345074701812,31.7310222241892],[-106.345154702244,31.7309082243992],[-106.345268702574,31.7307562242391],[-106.345388702185,31.7306112237446],[-106.345468702248,31.7305232244781],[-106.345576701686,31.7304152241124],[-106.345684702516,31.7303022243003],[-106.346047702307,31.7300192237909],[-106.34634670259,31.7297892242192],[-106.346446702612,31.7297122235789],[-106.346532702324,31.7296462238267],[-106.346773701918,31.7294652239396],[-106.346786702266,31.7294552238772],[-106.3468857023,31.7293742236152],[-106.347225702231,31.7291232235559],[-106.347307702747,31.7290612233655],[-106.347457702695,31.7289572235469],[-106.34753770281,31.7288912232606],[-106.347849703129,31.728658224088],[-106.347950702616,31.7285942237355],[-106.348255703012,31.7287802237214],[-106.348649703066,31.7290162235906],[-106.348925702672,31.7291802237947],[-106.349310703015,31.7294082238057],[-106.349937703564,31.7297662237067],[-106.35035670364,31.7300092233507],[-106.35110870323,31.7304442239594],[-106.351385703073,31.7306032242449],[-106.35160170304,31.7307302238844],[-106.351778703757,31.7308322235963],[-106.351827703948,31.7308602241126],[-106.351965703123,31.7309372241037],[-106.352256704103,31.7310992235583],[-106.352411704222,31.7311892237139],[-106.352518703694,31.7312532238559],[-106.352613703657,31.7313092241441],[-106.352729704072,31.7313762243152],[-106.352887703994,31.7314752237923],[-106.353179703813,31.7316402243117],[-106.353593703605,31.7318742237978],[-106.353883704343,31.7320402240152],[-106.354180704057,31.7322192237731],[-106.354523704632,31.7324112243588],[-106.354630703888,31.732471224342],[-106.354890704475,31.7326262240485],[-106.355287704804,31.7328502239893],[-106.355475704634,31.7329612240417],[-106.355677704565,31.7330802237201],[-106.356036704424,31.7332812243349],[-106.356116704856,31.7333282236373],[-106.356432704374,31.7335152243595],[-106.356932705017,31.7337932244039],[-106.357051704489,31.7338452241197],[-106.357117705157,31.7338972239674],[-106.357621705166,31.7341952240132],[-106.358068705379,31.7344712243217],[-106.358518704869,31.7348022246364],[-106.358865705481,31.7351012245527],[-106.35906170514,31.7352782245657],[-106.35927670573,31.7354912239012],[-106.359453705265,31.7356792243815],[-106.359935705179,31.736203223958],[-106.360470705909,31.7368372247727],[-106.360601705768,31.7369982244353],[-106.361229705833,31.7377312243668],[-106.361744706541,31.7383272242703],[-106.362263706393,31.7388692250864],[-106.362640706206,31.7392962250432],[-106.362889706521,31.7396082246324],[-106.363101706727,31.7398812251386],[-106.363207706462,31.7400072249513],[-106.363357706288,31.7401862245971],[-106.363414706745,31.7402612246492],[-106.363523706893,31.7404272249213],[-106.363642706871,31.740620224587],[-106.363843706935,31.7409682250148],[-106.363936706401,31.7411402245888],[-106.364212707319,31.7416552247991],[-106.364304706758,31.7418092251528],[-106.364465706572,31.7417392252209],[-106.364563707424,31.7417042255032],[-106.364673707075,31.7416772253803],[-106.364784707136,31.7416572247517],[-106.364881707642,31.741652225444],[-106.364933707114,31.7416532251036],[-106.365078707417,31.7416572254264],[-106.36520870733,31.7416662251832],[-106.365283706682,31.7416692252135],[-106.365482707611,31.7416772252823],[-106.365925706947,31.7416832249607],[-106.366466707257,31.7416882253505],[-106.367157708114,31.7416932249016],[-106.367255707745,31.7417002245751],[-106.367966707771,31.741702225331],[-106.369070707954,31.7417062244776],[-106.370119708593,31.7417092249956],[-106.370314707886,31.7417172246232],[-106.370645708068,31.7417192244848],[-106.371054708422,31.7417222247848],[-106.371714708971,31.7417232246584],[-106.372769709055,31.74172522436],[-106.372891708649,31.7417242244853],[-106.373358708868,31.7417302250031],[-106.374889709577,31.7417452245256],[-106.374949709146,31.7417452243981],[-106.375104709871,31.7417472243388],[-106.374207708923,31.7409862242323],[-106.374095709337,31.7408912245159],[-106.373209708606,31.7401372245488],[-106.372672709168,31.7396892241847],[-106.371803708503,31.7389482243198],[-106.370762708227,31.7380632244402],[-106.369673707977,31.7371282244415],[-106.368590707189,31.7362002238193],[-106.366696706921,31.7346022234525],[-106.366784706666,31.7344972236602],[-106.367040706828,31.7341932241043],[-106.367497707638,31.7337132236626],[-106.367647707126,31.7335762235265],[-106.367970707261,31.7332812238328],[-106.368028707816,31.7332292234659],[-106.36812670714,31.7331442236822],[-106.3682557069,31.7330322239058],[-106.368425707274,31.7329072231725],[-106.36848370769,31.7328732237716],[-106.368605707106,31.7327992236593],[-106.368793707046,31.7326942233662],[-106.36886970716,31.7326772233158],[-106.368795707454,31.7325602234753],[-106.368711707046,31.7324262230954],[-106.368655707523,31.7323412234022],[-106.368551707513,31.7321692232723],[-106.368527707346,31.732122223525],[-106.368505707452,31.7320812231604],[-106.368463707681,31.7319862234662],[-106.368426706834,31.7319002235672],[-106.368398707703,31.7318122234191],[-106.368377707054,31.7317422229975],[-106.368363707001,31.7316982229411],[-106.368337707464,31.7316182228343],[-106.368320706881,31.7315312232856],[-106.368317706904,31.7315172234965],[-106.368304707277,31.7314292235442],[-106.368303707707,31.7313332231912],[-106.368310706838,31.7312592234847],[-106.368328707092,31.7310702235511],[-106.368338706912,31.7309432235285],[-106.368368707721,31.7307112232961],[-106.368412706727,31.730334223145],[-106.368431707516,31.7301302229349],[-106.36846870705,31.7296822228063],[-106.368490707439,31.729507223049],[-106.368550706918,31.7295102233107],[-106.368727706851,31.7295242233493],[-106.368839707665,31.7295352229923],[-106.36895870724,31.7295432232282],[-106.369057706772,31.7295412227529],[-106.369138707633,31.729535222748],[-106.369269707379,31.7295152230508],[-106.369353706843,31.7294982224636],[-106.369622707595,31.7294382225732],[-106.369733707522,31.7294112232734],[-106.370247707783,31.729302223222],[-106.370688707527,31.7292072226198],[-106.37120470819,31.7291032226855],[-106.372019707785,31.7289252225692],[-106.373027708412,31.7287102226609],[-106.373494708227,31.7286082221191],[-106.373602707897,31.7285852227832],[-106.373704708334,31.7285632228253],[-106.373709708126,31.7285132228798],[-106.373671707703,31.7283902221674],[-106.373559708555,31.7280262220395],[-106.373511708597,31.7278702222251],[-106.37373370847,31.7278122225283],[-106.374123708104,31.7277322223511],[-106.374412708043,31.7276712224868],[-106.37457970857,31.7276352221665],[-106.374967708387,31.7275542221117],[-106.375602708078,31.7274172219641],[-106.376042708345,31.7273192222341],[-106.376254708895,31.7272722225491],[-106.376506709239,31.7272172223808],[-106.37745170945,31.727008221965],[-106.377550662257,31.7269864102067],[-106.377559728708,31.7270198976878],[-106.3775746495,31.7270750054358],[-106.377987726098,31.7283021028768],[-106.378466980339,31.7290208672776],[-106.379491941282,31.730573193085],[-106.380126263782,31.7312510563315],[-106.380590956674,31.7316265357001],[-106.381083709625,31.7320872231077],[-106.381737126884,31.7324609244844],[-106.381843626809,31.7325353768484],[-106.382788066761,31.7331314341809],[-106.383792357287,31.7337030200456],[-106.384812380883,31.7342835444961],[-106.385439664478,31.7345406645668],[-106.385537516758,31.7345795816603],[-106.385865293532,31.7347099419498],[-106.38653571175,31.7350582226106],[-106.387838711692,31.7359072232176],[-106.388974193824,31.7364657107318],[-106.389909651421,31.7369598867646],[-106.390703071506,31.7374260078587],[-106.391156100196,31.7376544175976],[-106.391169713005,31.7376622232143],[-106.391186458014,31.7376697239462],[-106.391624407217,31.7378905276249],[-106.392252802111,31.7381644054157],[-106.393086263317,31.7385634592222],[-106.393449269916,31.7386832050149],[-106.394627563693,31.7392109224385],[-106.3946660353,31.7392308799109],[-106.394722209886,31.7392657871197],[-106.395405879586,31.739690616765],[-106.39557861431,31.7398014230828],[-106.396086133332,31.7401751983493],[-106.397157213805,31.740899990769],[-106.399904694469,31.7423428189463],[-106.40138371566,31.7432452234502],[-106.403639715886,31.7442482241669],[-106.404129715938,31.7446272235465],[-106.404069935089,31.7447451393186],[-106.404020715561,31.7448422239561],[-106.403767715616,31.74514622416],[-106.403704716218,31.7452402242241],[-106.403563372754,31.7454152917369],[-106.403317716333,31.7457202243543],[-106.402680715803,31.7465102244618],[-106.401357715233,31.7483792243541],[-106.400054714988,31.7501992250043],[-106.398271714837,31.7524472258055],[-106.399169715908,31.7566512257847],[-106.399403715592,31.7572562259932],[-106.399201715558,31.7574282257541],[-106.398099715304,31.7583242266672],[-106.396545953683,31.7595707577799],[-106.396421715219,31.7596702270498],[-106.396296714926,31.7597592263004],[-106.395602714786,31.7591772269112],[-106.395289714974,31.7589112267911],[-106.394565715093,31.7582962265914],[-106.393691713969,31.7575532261596],[-106.393713714728,31.7576252266541],[-106.393724713927,31.7576622268231],[-106.393777714132,31.7577332263698],[-106.393891713969,31.7578882266911],[-106.393947714438,31.7579642266179],[-106.394025714241,31.7580892264497],[-106.394026714689,31.7580902266677],[-106.394111714515,31.7581852266729],[-106.394168714818,31.7582572265137],[-106.394272714806,31.7584522265889],[-106.394345714118,31.758629226604],[-106.394400714181,31.7588222268432],[-106.394423715015,31.7589862262965],[-106.39442971503,31.7591732264235],[-106.394419714306,31.7593132268849],[-106.394418714355,31.7593422263],[-106.394400714576,31.7594882265794],[-106.394254714488,31.7603482269466],[-106.394076714246,31.7614642268908],[-106.394062715203,31.76157422688],[-106.394050714954,31.7616362268232],[-106.393930714688,31.7623852268274],[-106.393661714801,31.7640572274336],[-106.393624714754,31.7642842272899],[-106.393228714507,31.7667832279585],[-106.39321371535,31.7668762276678],[-106.393159715209,31.7672862282546],[-106.393123715036,31.7676482276844],[-106.393109715361,31.7679692283646],[-106.39309471538,31.7682982284444],[-106.393110715416,31.7685892283606],[-106.39314271473,31.7689072280132],[-106.393221714614,31.769396228565],[-106.393293714689,31.7697202280968],[-106.393420715157,31.7701742280488],[-106.393488714655,31.7703722287148],[-106.393618715606,31.7707152284922],[-106.393854715272,31.7712852282362],[-106.393938715728,31.7714612286511],[-106.393979715765,31.7715832283298],[-106.393991715398,31.7716402286826],[-106.394089715498,31.771826228418],[-106.394521715328,31.772860228978],[-106.394830715649,31.7735612290365],[-106.395005716039,31.7740122293569],[-106.395086715681,31.7742202290005],[-106.395386716179,31.7749002291167],[-106.395959715903,31.7762582295647],[-106.396257716505,31.7769492290812],[-106.396853716429,31.7783832298218],[-106.397658716534,31.7802732296912],[-106.397778716551,31.7805642299325],[-106.397796716574,31.7806082301807],[-106.397844716677,31.7807272296941],[-106.397899716595,31.7808912299377],[-106.397995717283,31.7811762304546],[-106.398089717096,31.7812192304024],[-106.399213716638,31.7817402298173],[-106.399433717456,31.7818312300049],[-106.399597717691,31.7818952299524],[-106.399977717059,31.7820212299356],[-106.400341717415,31.7821162304509],[-106.400648717432,31.782190230261],[-106.400929717158,31.7822472303859],[-106.401033717989,31.7822632298474],[-106.40119971762,31.7822852298021],[-106.40149571802,31.7823132303728],[-106.401897717432,31.782338229691],[-106.402461717458,31.7823102296818],[-106.402746717647,31.7822852302961],[-106.403092718468,31.7822472303498],[-106.405144718709,31.7819612301065],[-106.406826718353,31.7817262300911],[-106.406974718571,31.7817082301779],[-106.407035817655,31.7816996378008],[-106.407038718385,31.7816992296069],[-106.407110718406,31.7816902294416],[-106.407252718899,31.7816702295793],[-106.407567719056,31.7816262295514],[-106.407830718828,31.7815802300405],[-106.408261719364,31.7815292295878],[-106.408693719319,31.7814962300931],[-106.409075719739,31.7814882296391],[-106.409546719164,31.7814912292959],[-106.409813719315,31.7815072293367],[-106.410661719681,31.7815852296697],[-106.411283719885,31.7816382294453],[-106.411653720293,31.7816832295056],[-106.412037720231,31.7817162299395],[-106.412517719893,31.7817492297808],[-106.412897719576,31.7817562292761],[-106.413076720171,31.7817512298072],[-106.41318172043,31.7817482296283],[-106.413498719967,31.7817292295157],[-106.413813720704,31.781694229305],[-106.413972720391,31.7816732297439],[-106.414210720527,31.7816312290073],[-106.414446720926,31.7815822291814],[-106.414928720081,31.7814542290002],[-106.415279720158,31.7813392291507],[-106.415511721014,31.7812542293138],[-106.415847720814,31.7811092294177],[-106.4161477206,31.7809602296221],[-106.416504720609,31.7807612294167],[-106.416920721194,31.7805132294472],[-106.417225720828,31.780326229291],[-106.417377721091,31.780230229119],[-106.417479721448,31.7801692286351],[-106.417621721151,31.7800822286164],[-106.418072721616,31.7798022285106],[-106.418257721532,31.7796992291888],[-106.418803721084,31.7793542287906],[-106.418887721083,31.7793042285956],[-106.419481721566,31.7789402284421],[-106.419684721154,31.7788122289211],[-106.420212721268,31.7784942288075],[-106.420534721212,31.7783102282206],[-106.420695722107,31.7782302287508],[-106.420798721937,31.7781802287454],[-106.420888722103,31.7781342285779],[-106.421663721877,31.7778472284727],[-106.421759721984,31.7778182283421],[-106.421946722143,31.7777682287374],[-106.422130722381,31.7777212288836],[-106.422077722176,31.7778282284078],[-106.422009722189,31.7779852281565],[-106.421891721601,31.7782362285092],[-106.421824722078,31.7783852283575],[-106.421741722092,31.7785642289344],[-106.421646721533,31.7787612287766],[-106.421522721426,31.7790272284074],[-106.421323721721,31.779442228663],[-106.421258721648,31.7795752286574],[-106.421216721697,31.7796672287309],[-106.421120722258,31.7798632288064],[-106.421046721817,31.7800232290943],[-106.420949721297,31.7802052288327],[-106.420897721739,31.7803382289988],[-106.420833722045,31.7804932287447],[-106.420762721926,31.7806492289046],[-106.420719721488,31.7807392288354],[-106.420618721288,31.7809532288275],[-106.420576721639,31.7810412290834],[-106.420517722206,31.7811602286403],[-106.420443721796,31.7812952288926],[-106.420342722089,31.7814712288885],[-106.420255721235,31.7816072292556],[-106.420139722233,31.781765229504],[-106.420081721581,31.7818302296209],[-106.420004721891,31.7819192294347],[-106.419974721642,31.7819602295385],[-106.419943721837,31.781999229686],[-106.419909721296,31.7820432295696],[-106.419837722006,31.7821232295102],[-106.419707721876,31.7822642289371],[-106.419618721073,31.7823532290123],[-106.419479721605,31.7824922294303],[-106.419243721862,31.7827152294637],[-106.419054721121,31.7828912296277],[-106.418898721837,31.783039229423],[-106.418091721499,31.7834452299081],[-106.417022721633,31.78397423002],[-106.416827720849,31.7840742298281],[-106.416971721644,31.7840322299591],[-106.417111721198,31.7839872295495],[-106.417247721063,31.7839562299354],[-106.417569721781,31.7838832300447],[-106.417722721237,31.7838552293757],[-106.417909720925,31.7838192300277],[-106.418018721109,31.7837992299665],[-106.418175721843,31.783773229228],[-106.418307721014,31.7837552296405],[-106.418343721947,31.7837522298379],[-106.418402721779,31.7837462295568],[-106.418508721384,31.7837382296685],[-106.418633721124,31.7837262293808],[-106.418680721544,31.7837252295783],[-106.418706721411,31.7837222295916],[-106.418782721309,31.7837162297145],[-106.418853721182,31.7837142292164],[-106.418950721364,31.7837082296556],[-106.419019721942,31.7837082292944],[-106.419189721561,31.7837002293283],[-106.419283721309,31.7836982293542],[-106.41942772164,31.7836972295382],[-106.419856722063,31.7837042291226],[-106.419979721378,31.7837052291194],[-106.420089721895,31.7837062292748],[-106.420238722374,31.7837092298582],[-106.420442722347,31.783706229255],[-106.420520721644,31.7837062297809],[-106.420642722043,31.7837092295674],[-106.420734721816,31.7837112294783],[-106.420801721477,31.7837122295377],[-106.421221722093,31.783715229862],[-106.421390721917,31.783717229161],[-106.421740722402,31.7837182294922],[-106.421853722251,31.7837182297327],[-106.422036722025,31.7837212295376],[-106.422158722272,31.7837192294568],[-106.422253722742,31.7837192290211],[-106.422570722447,31.7837172292719],[-106.42266572272,31.7836342292026],[-106.422899722716,31.7836342292488],[-106.423154722342,31.7836362292776],[-106.423400722326,31.7836382291796],[-106.423861722464,31.7836412292612],[-106.424282723159,31.7836492291553],[-106.424566722419,31.78365222978],[-106.42471272298,31.7836562291871],[-106.42488572327,31.7836552294132],[-106.425512723301,31.7836662296502],[-106.425739722755,31.7836622295565],[-106.425966722725,31.7836632293154],[-106.42612972309,31.7836622292159],[-106.426444723158,31.7836682295664],[-106.426473723158,31.7836672290649],[-106.42649172364,31.7836672296464],[-106.42654872273,31.783667229177],[-106.42678472297,31.7836702293508],[-106.427380723085,31.7836722293914],[-106.427946723335,31.7836742293449],[-106.428311723429,31.7836782288501],[-106.428594723396,31.7836802288016],[-106.428844723736,31.783681228945],[-106.428990724108,31.7836842291193],[-106.429105724156,31.7836832288293],[-106.429176723548,31.7836872291938],[-106.429349723671,31.7836882295721],[-106.429450723669,31.7836902288458],[-106.431258723883,31.7837022287788],[-106.431634724398,31.7837012287771],[-106.431631723966,31.7841882289745],[-106.431623724142,31.7846542293627],[-106.431609724005,31.7853982289966],[-106.431606723975,31.7856022296204],[-106.43159772398,31.7862822292581],[-106.431589724734,31.7868912294791],[-106.431588724731,31.7869712293567],[-106.431584725,31.787168229707],[-106.431563724315,31.788215229783],[-106.43156472449,31.788472230239],[-106.431563725011,31.7885582301921],[-106.431551724405,31.788734229594],[-106.431540724809,31.7891882303027],[-106.431537724413,31.7894372303933],[-106.431531724872,31.7898772296029],[-106.431526725111,31.7902832304121],[-106.431509724429,31.7913112301111],[-106.431493725055,31.7918682303384],[-106.431481724832,31.7923612308534],[-106.431481724845,31.7926002303591],[-106.431469724879,31.792978230864],[-106.431471724441,31.7933112303263],[-106.431466724742,31.7936992310397],[-106.431455724498,31.7940222303612],[-106.431457724425,31.7941352306186],[-106.431455724678,31.7942322306856],[-106.431456724703,31.7944322305699],[-106.431453725145,31.7944782306999],[-106.431448724972,31.7945232307832],[-106.431420724596,31.7945872306359],[-106.431372725128,31.7947112306752],[-106.431357725041,31.794771230519],[-106.431349725104,31.7948182309209],[-106.431341724447,31.7949282305286],[-106.431341725289,31.7950662309102],[-106.431339724446,31.7952232305343],[-106.431336724841,31.7956522312844],[-106.431336724935,31.7957122308182],[-106.431324724879,31.7959982308591],[-106.431319725478,31.7963702313504],[-106.431315725077,31.7965822308215],[-106.431314725076,31.7969672308951],[-106.431315124742,31.7970227668952],[-106.431298566256,31.79700829644],[-106.431035586979,31.7970113795909],[-106.430984010172,31.7970120352933],[-106.430959725431,31.7964032310641],[-106.430951725019,31.7958472312272],[-106.430939724363,31.7955952307183],[-106.430935725422,31.7952712311459],[-106.430918725257,31.7948352310099],[-106.429702724991,31.7941682307765],[-106.428913724261,31.7937332311677],[-106.42770672374,31.7930682304175],[-106.426469724236,31.7923902310346],[-106.425829723481,31.7920352302865],[-106.424481723326,31.791304230213],[-106.423372723071,31.7906882308073],[-106.421425722743,31.7897152301119],[-106.420714722689,31.7893562306161],[-106.420470721787,31.789236230879],[-106.420139722647,31.7890752307434],[-106.420028513191,31.7890752307666],[-106.420027225088,31.7890744871566],[-106.420027194478,31.7890752301355],[-106.419845722102,31.7890752301561],[-106.419304721798,31.7890752305527],[-106.418626722135,31.7890682306904],[-106.418397114873,31.7890964901066],[-106.418310344424,31.7890960059291],[-106.418310451688,31.78910802191],[-106.418301721452,31.7891092304634],[-106.418269806442,31.7891145193137],[-106.417732944575,31.7891051546215],[-106.417506297463,31.7891111008051],[-106.416462012803,31.7891272743966],[-106.414973927716,31.7890811452216],[-106.414744883379,31.7890828640862],[-106.414745116702,31.7890857796185],[-106.414749870991,31.7891453949272],[-106.414763907211,31.7893213629369],[-106.416409914291,31.7893688635935],[-106.416485735973,31.7910797161543],[-106.409781678191,31.791068918304],[-106.409781688707,31.7910692312298],[-106.409685927015,31.791068761907],[-106.409685956595,31.7910708758637],[-106.409687786123,31.7911953144665],[-106.409691902137,31.7913162537938],[-106.409684443591,31.7914625125523],[-106.409680397942,31.7916086119169],[-106.409675350199,31.7917657692059],[-106.409671483334,31.7919476502287],[-106.409670626332,31.7921624240778],[-106.409668740548,31.7923359526237],[-106.409669217192,31.7924708259979],[-106.409673329054,31.7928009959245],[-106.409660898067,31.7930190650169],[-106.409620770805,31.793006479324],[-106.409263606297,31.7928944613879],[-106.409011985395,31.7928126087398],[-106.408891874592,31.7927741691091],[-106.408717960692,31.7927244747425],[-106.408559307998,31.7926740711988],[-106.408405056847,31.7926262122573],[-106.408234154892,31.7925763793476],[-106.408068526718,31.7925207930842],[-106.407895892292,31.7924737918308],[-106.407729760512,31.7924182286634],[-106.407556499313,31.7923629972172],[-106.40738356716,31.7923160110124],[-106.407224316924,31.7922656328908],[-106.407047212737,31.7922133331916],[-106.406872146257,31.7921581860402],[-106.406774992472,31.7921251173753],[-106.406687212518,31.7920952393192],[-106.406527206901,31.7920393896241],[-106.406369089245,31.7919862028183],[-106.406202658721,31.7919306517176],[-106.406022270886,31.7918757518314],[-106.405846500205,31.7918206353141],[-106.405625790913,31.7917510978001],[-106.405455320483,31.791698487322],[-106.405334733459,31.7916573164568],[-106.404975162055,31.791558469037],[-106.404969022739,31.7915699499878],[-106.404858208086,31.7917772183795],[-106.404735718415,31.7917392319774],[-106.404630719124,31.7919402314157],[-106.404585718473,31.7920332317719],[-106.404561718734,31.7920852315883],[-106.404508719005,31.7922112320192],[-106.404503718907,31.7922232315197],[-106.404470718743,31.7923042317342],[-106.404451718838,31.792352231816],[-106.404413718574,31.7924702316147],[-106.404401718408,31.7925082316375],[-106.404365718408,31.7926212318101],[-106.404354719227,31.7926542318845],[-106.404320718343,31.7927642313051],[-106.404310718447,31.7928012320564],[-106.404290719017,31.7928762315904],[-106.404263719227,31.7929892317659],[-106.4042497186,31.7930572314682],[-106.40421471931,31.793246231994],[-106.404170718599,31.7935252315618],[-106.404148718517,31.7937402315257],[-106.404143719408,31.7938332321968],[-106.404135719367,31.7940142322278],[-106.404146718625,31.7942302323439],[-106.404155718781,31.7943332323564],[-106.404182719203,31.7946232323431],[-106.404205719347,31.794845231636],[-106.404153718949,31.7949522320052],[-106.404162718468,31.7950372318537],[-106.404176718837,31.7953272322451],[-106.404195719315,31.7957272321405],[-106.404196718878,31.7957462324929],[-106.404202718759,31.79586123254],[-106.404215718866,31.7962362322434],[-106.404224718981,31.7964692327222],[-106.404229719203,31.7966002319485],[-106.404228719208,31.7966902324187],[-106.404225718659,31.7969862328539],[-106.404223718939,31.797231232644],[-106.404223719218,31.7972442325902],[-106.404224719284,31.7974592321457],[-106.404224719071,31.7975002326484],[-106.404224718823,31.7976532325767],[-106.404225718973,31.797698232802],[-106.404232718799,31.7981312329638],[-106.404235719728,31.7982962329281],[-106.404240719597,31.7988222326413],[-106.404240719454,31.7988862325455],[-106.404236719421,31.8001482332874],[-106.404228719548,31.8013462331958],[-106.404228718922,31.8024252332579],[-106.404228719867,31.802431233252],[-106.404234719571,31.8035462331232],[-106.404236719324,31.8039292334446],[-106.404272719708,31.8053782342011],[-106.404286719965,31.8059562340197],[-106.404306720201,31.8069682337173],[-106.404314719855,31.8075692342763],[-106.404339719893,31.8084622343089],[-106.404343719677,31.8093692343793],[-106.404364720037,31.8110842350745],[-106.404385720441,31.8126862351055],[-106.404397719915,31.8135092351476],[-106.404405719671,31.8141762351797],[-106.404417720729,31.8149252348634],[-106.404438720223,31.8157192350635],[-106.404450720766,31.8174622361365],[-106.404488720061,31.8182772360347],[-106.404500720052,31.8191082357563],[-106.404522720178,31.8198432357456],[-106.404534720624,31.8207892364924],[-106.404568720252,31.8224022365768],[-106.404602720698,31.8239342371382],[-106.404619720556,31.8244912369937],[-106.404653720621,31.8246972372003],[-106.404686720577,31.8249042369182],[-106.404783721121,31.8251632365368],[-106.404958721364,31.8254712372934],[-106.405127720905,31.8256482370456],[-106.405240720932,31.8258022367651],[-106.405421721322,31.8259512369989],[-106.405670721238,31.8261192374569],[-106.40606072143,31.8263062370233],[-106.406229721616,31.8263682367462],[-106.4064627209,31.8264242371161],[-106.406799721722,31.8264812371186],[-106.407236721316,31.8265002372064],[-106.408184722193,31.8264762371427],[-106.408896721877,31.8264722366375],[-106.41002972186,31.8264482369315],[-106.411095722227,31.8264342373494],[-106.412390722866,31.8264152369399],[-106.413114722452,31.8263822371099],[-106.413798723239,31.8263772369788],[-106.415026722889,31.8263632369461],[-106.415985723974,31.8263342366565],[-106.416608723756,31.8263252369107],[-106.41708472392,31.8263102369767],[-106.417819723548,31.8263012369472],[-106.418211723891,31.826305236745],[-106.418991724101,31.8262912361074],[-106.419647724094,31.8262822369282],[-106.420730724959,31.8262722362463],[-106.421240724606,31.8262632360329],[-106.421661724984,31.82625723617],[-106.422076725043,31.8262482360685],[-106.42282772543,31.8262382361608],[-106.423753725192,31.8262292364981],[-106.42489772511,31.8262102366631],[-106.425457725342,31.826204235923],[-106.426040726104,31.8261992362473],[-106.428177726155,31.8261662364776],[-106.429108726735,31.8261422358153],[-106.429518726069,31.8261422362346],[-106.43094172642,31.8261432357639],[-106.434773727343,31.8260662359213],[-106.42938766521,31.8344558902202],[-106.429290401653,31.8278927480597],[-106.421672402531,31.8279841934167],[-106.421673725118,31.8279622368269],[-106.421692724618,31.8276462369232],[-106.421694724348,31.8274152366651],[-106.420259724221,31.8274342364592],[-106.417664724147,31.8274922364178],[-106.416845723752,31.8275152364298],[-106.416915724091,31.8275792366586],[-106.415915723548,31.8275792368884],[-106.414110722763,31.8275742369565],[-106.41184072241,31.8275742374291],[-106.410989722157,31.8275742369682],[-106.410375722296,31.8275702374018],[-106.40905372178,31.8275702373835],[-106.407821721746,31.8275702373021],[-106.405164721247,31.8275662371104],[-106.404429720775,31.827590237022],[-106.403437555494,31.8276110518668],[-106.403435506648,31.8274086259047],[-106.403435721041,31.8274022374895],[-106.403435246557,31.8273829482408],[-106.403431452906,31.8270079826131],[-106.403435586382,31.8267985620116],[-106.403433495006,31.8265894352975],[-106.403433323757,31.8265842616084],[-106.403433721198,31.826538237528],[-106.403284720245,31.8220922363578],[-106.403238720107,31.820713236088],[-106.403223364709,31.8202594765564],[-106.403202136839,31.8196199684434],[-106.40319917459,31.8195307317053],[-106.40254643459,31.8195363938612],[-106.401582581543,31.8195455483603],[-106.400579348908,31.8195675424157],[-106.399760076936,31.8195782006024],[-106.396489767504,31.8196259764102],[-106.396074719644,31.8196369767675],[-106.395966073611,31.819639856381],[-106.395245718575,31.8196522361149],[-106.391881718021,31.8196992369585],[-106.387548716287,31.8197662367351],[-106.383755447121,31.8198304004103],[-106.380018642081,31.8198884405277],[-106.37873477204,31.81990782268],[-106.378673922523,31.8199087405448],[-106.378262755132,31.8199149444409],[-106.378142882381,31.8199202254679],[-106.378138714368,31.8199202375021],[-106.378138460486,31.8199204199969],[-106.378135667299,31.8199205433992],[-106.378131260729,31.8199237349177],[-106.378129908796,31.8199247135447],[-106.377774738996,31.8201819311496],[-106.376156714496,31.8213452376784],[-106.373156713768,31.8235212384182],[-106.368684456295,31.8267531683106],[-106.368279678616,31.8270430457342],[-106.368165239583,31.8271283603408],[-106.367316986914,31.8277411678321],[-106.363816772806,31.8302496113167],[-106.363418553737,31.8305350910281],[-106.362838114915,31.8309501394543],[-106.357409856423,31.8348392976362],[-106.356779710558,31.8352882409533],[-106.356208513243,31.8356999439841],[-106.35364670083,31.8375351442484],[-106.353485511051,31.8376519533392],[-106.35241632971,31.8384162593236],[-106.352145806905,31.8386096396115],[-106.352132505954,31.8386191472322],[-106.350431123057,31.8398353304643],[-106.350430617674,31.8398356861913],[-106.350360293375,31.8398852170252],[-106.35035882686,31.8398862493969],[-106.350354278518,31.8398863331736],[-106.350068719417,31.8400996114181],[-106.350067444598,31.8401005635757],[-106.349269683,31.840696388396],[-106.349245430369,31.8407138439212],[-106.349211746297,31.8407143600121],[-106.349210183996,31.8407155006607]]]},"properties":{"OBJECTID":8,"DISTRICT":"3","INCUMBENT":"CASSANDRA HERNANDEZ","INCUMBINFO":null,"POP2000":76246,"AREASQMI":null,"PERIMFT":null,"REMARK":"POP INFO FOR 2020","COMMENT":null,"EDITOR_NAME":"DBO","EDIT_TIME":null,"CEPID":null,"IMGLINK":"https://gis.elpasotexas.gov/Districting/assets/images/district3.jpg","LINK":"https://www.elpasotexas.gov/district-3/","Shape__Area":100824216.9375,"Shape__Length":81333.79822765765,"GlobalID":"3d63028a-c2f8-4db4-9144-460abee5b56a"}}]}