{"type":"FeatureCollection","crs":{"type":"name","properties":{"name":"urn:ogc:def:crs:OGC:1.3:CRS84"}},"features":[{"type":"Feature","id":1,"geometry":{"type":"Polygon","coordinates":[[[-107.43683412330095,39.57383768456999],[-107.43695780728326,39.573884133983555],[-107.4370852142564,39.573925865549384],[-107.43721587956757,39.57396324035384],[-107.43734926750757,39.57399658494056],[-107.43748488732065,39.574026179867424],[-107.43762219103546,39.57405233392199],[-107.43776070047723,39.574075354429375],[-107.43789986736192,39.57409554117957],[-107.43803920157,39.57411319274425],[-107.43817817840178,39.57412861743218],[-107.43831633163812,39.57414213133585],[-107.43845451837818,39.574154275015886],[-107.43859310585088,39.574165229948896],[-107.43873207173101,39.57417502362904],[-107.43887134747887,39.57418369352994],[-107.43901089882132,39.57419125838814],[-107.43915066916738,39.57419776443578],[-107.43929060097922,39.57420323089839],[-107.43943064866748,39.57420768575974],[-107.43957077859132,39.57421116576178],[-107.4397109222124,39.57421370837962],[-107.43985104494321,39.5742153233488],[-107.43999109051009,39.57421606590517],[-107.44013100106076,39.57421594627343],[-107.44027074327154,39.57421501019887],[-107.44041025960641,39.574213276908885],[-107.44054950510979,39.574210792393636],[-107.44068849635389,39.57420703378894],[-107.4408275281223,39.574199454387525],[-107.44096649506741,39.57418803838575],[-107.44110523594745,39.574173167547336],[-107.4412436247374,39.57415523190545],[-107.44138148951751,39.5741346404764],[-107.44151870363771,39.57411176528992],[-107.4416550832366,39.574087006605865],[-107.44179051393544,39.57406075421508],[-107.44192471592623,39.57403133834669],[-107.44205764728909,39.57399657072122],[-107.4421896254824,39.57395786807572],[-107.4423209214448,39.57391664812393],[-107.44245185328721,39.57387434560398],[-107.44258271586537,39.57383239574169],[-107.44271378078,39.573792234250604],[-107.44284537780408,39.57375529561923],[-107.44297779050702,39.57372302431549],[-107.44311131315271,39.573696837554095],[-107.44324624096443,39.57367817955479],[-107.44338262121428,39.57366740066536],[-107.44351989068437,39.573662053297596],[-107.44365790525147,39.57366134769644],[-107.44379658242775,39.573664591908646],[-107.44393579413922,39.573671121967436],[-107.4440754578876,39.57368024592071],[-107.44421545690453,39.57369129055604],[-107.44435570931347,39.57370358192715],[-107.44449608638635,39.57371643806547],[-107.44463650623563,39.57372918502599],[-107.44477686338703,39.57374114035193],[-107.44491705236067,39.573751621587014],[-107.4450569799364,39.57375996403532],[-107.44519655858501,39.57376566504199],[-107.44533615916971,39.57377099605341],[-107.4454758742704,39.57377660376139],[-107.44561567112858,39.57378221858816],[-107.44575550535103,39.57378757120106],[-107.44589534385835,39.57379238302051],[-107.44603513125367,39.57379640296389],[-107.44617483413666,39.573799343449934],[-107.44631442005446,39.57380094390432],[-107.44645382133825,39.57380093548577],[-107.44659301653017,39.573799039371025],[-107.44673195932208,39.573794932215954],[-107.4468702934649,39.57378477472467],[-107.44700798828913,39.573768027011646],[-107.4471452618893,39.57374691869242],[-107.44728233269409,39.57372368838327],[-107.44741940720024,39.57370056594173],[-107.44755671486972,39.5736797717315],[-107.44818813305392,39.57347925860179],[-107.44914907847847,39.57307239958483],[-107.44994652894007,39.57275181847321],[-107.45123405613423,39.57216316308452],[-107.45229413914687,39.571533269659604],[-107.45352498881745,39.57068805923413],[-107.45494707020309,39.570206969718825],[-107.45717852895646,39.56974557074473],[-107.45914767990708,39.56960263424717],[-107.46111485919342,39.570076427856385],[-107.46182182827118,39.57058992437763],[-107.46206345202644,39.57033245457468],[-107.46228436358933,39.57018970114741],[-107.46249306101419,39.57003799918636],[-107.46257136685772,39.569898268673114],[-107.46260245965814,39.569768746260074],[-107.4624806891323,39.569688482345136],[-107.46242110497697,39.569349173544744],[-107.46258862596885,39.56904186899178],[-107.4628627593276,39.56872309643563],[-107.46312599143455,39.56843216667875],[-107.46323212864863,39.568070929465556],[-107.46320120163722,39.567869083512115],[-107.46298745557728,39.56754225136212],[-107.46225800422704,39.56742885461234],[-107.46215160886476,39.56741815532488],[-107.46180448064523,39.567383243771616],[-107.46138367854114,39.567254091924845],[-107.46109456525473,39.5671497604339],[-107.46091599178011,39.5671443371117],[-107.46082532300413,39.566934549133194],[-107.460624453785,39.56663505188679],[-107.46044100295275,39.56649166980996],[-107.46048805423321,39.56614089364621],[-107.46046316399625,39.565939657665176],[-107.46043809346696,39.56573693902285],[-107.4602263300551,39.565465284037536],[-107.46006778870036,39.56501762063717],[-107.46006926890838,39.56472303432068],[-107.45986971044555,39.5644603271896],[-107.45949483867552,39.5642841689987],[-107.45936885540782,39.56408433460782],[-107.45928650635588,39.56377311804215],[-107.45919617250426,39.56357252860414],[-107.45919668156355,39.56325035047899],[-107.4592469886798,39.562991558650104],[-107.4592523736113,39.56280734770851],[-107.45923839608363,39.56241184650993],[-107.45921773322222,39.5621637553822],[-107.45905968320646,39.5620658505582],[-107.45877093178517,39.56197071238868],[-107.45852547805902,39.56175499174318],[-107.45817016144463,39.561458758818034],[-107.45796769596764,39.56111326374767],[-107.45780477728337,39.56087738967906],[-107.45763192288766,39.56069695920395],[-107.45745875582455,39.560507318960056],[-107.4572764845491,39.5600601441921],[-107.45709552637987,39.559649760722074],[-107.45691748140392,39.559322161241994],[-107.45672204422246,39.55883844453399],[-107.45665483499303,39.55861894951975],[-107.45656958397907,39.55822495503182],[-107.45651101510308,39.55791323310803],[-107.45651413511507,39.55766463825006],[-107.45649088708038,39.55734296217695],[-107.45646018475955,39.55680974326186],[-107.45633637176132,39.55633371799932],[-107.45634974309283,39.55603887975209],[-107.45639583699854,39.55566051251741],[-107.45634663501949,39.554603014357724],[-107.45636929454717,39.55423434073297],[-107.45631158017638,39.553609639617605],[-107.45622601406194,39.55320644406704],[-107.4563013826922,39.55298393360988],[-107.45635937196735,39.55260531470081],[-107.45631580453156,39.552044746065576],[-107.45617441148369,39.551743982148494],[-107.45599963788105,39.55150835562674],[-107.4559886047386,39.55119562798179],[-107.45599659537409,39.55108500965165],[-107.45597090413642,39.55082716795744],[-107.45603386509329,39.55006993408633],[-107.456130546232,39.549489751211695],[-107.45631986169484,39.54912676951854],[-107.4564308666729,39.54890350532715],[-107.45650494445799,39.548644211488366],[-107.4565453284239,39.548440845851545],[-107.45664770517992,39.54830981710773],[-107.45667847688651,39.54817109554517],[-107.45684123433698,39.54806640198516],[-107.45696444459878,39.54785208625846],[-107.45700482719161,39.547648729494824],[-107.4568139702185,39.54729377862064],[-107.4563377870304,39.54727623653995],[-107.45594250736724,39.54719255018728],[-107.45559571331141,39.547135449891286],[-107.454986911101,39.54706548093561],[-107.45398106180637,39.54754164926547],[-107.45311582998572,39.5476046989429],[-107.45255974516034,39.54741496535286],[-107.45137091336629,39.54649980610752],[-107.4503782450647,39.54549674041347],[-107.44702390721956,39.544576645809116],[-107.44619683332003,39.54407916821013],[-107.44363843238843,39.542856960491754],[-107.442538817171,39.54200700216661],[-107.44173786363152,39.54048722839649],[-107.4395712593118,39.53983066216108],[-107.43653378801086,39.53978248290283],[-107.43417754362174,39.53913632400932],[-107.43411464869851,39.53757211780847],[-107.43470096808986,39.53614945035561],[-107.4355761591021,39.53472071499944],[-107.43639274128923,39.53327081497545],[-107.43726480308639,39.53258091319489],[-107.43313441510142,39.52523499483596],[-107.43379486799203,39.525109224606894],[-107.43477851950229,39.525133389081496],[-107.4359471606368,39.52466114568993],[-107.43688627204482,39.52423847989362],[-107.43763100685204,39.524043758180284],[-107.43869112338314,39.52377525019574],[-107.43938356938615,39.523738326043826],[-107.43970442483162,39.52382113801247],[-107.44002214730514,39.523814456643784],[-107.44014948717005,39.52376885441242],[-107.44027952965884,39.52372602409501],[-107.44040949939935,39.52368311408044],[-107.44053664583083,39.523637317293755],[-107.4406581819319,39.52358578239298],[-107.44077135617563,39.52352567531956],[-107.44087421075274,39.52345523543475],[-107.44096886906193,39.52337663436134],[-107.44105859253797,39.52329298376246],[-107.44114660711524,39.52320737801821],[-107.44123618553903,39.523122919524155],[-107.44133056505073,39.5230426933939],[-107.44143196700735,39.522968346623855],[-107.44153855918195,39.52289738617757],[-107.44164831913088,39.522828530224615],[-107.44175923855943,39.52276056871634],[-107.4418692978654,39.52269230085819],[-107.44197651200393,39.52262251612785],[-107.44207887331468,39.52255002250351],[-107.44217438513307,39.522473609720805],[-107.442260779614,39.522391631781474],[-107.44233450678826,39.52230004622996],[-107.44239548966459,39.52220063848552],[-107.44244442995053,39.52209650191279],[-107.44248201710828,39.52199071211057],[-107.44250851704798,39.52188587610225],[-107.44252152081803,39.521779639142174],[-107.4425238432737,39.52167166277868],[-107.4425195569796,39.52156264517466],[-107.44251271154357,39.52145329398376],[-107.4425073914187,39.52134431612789],[-107.44250343512816,39.521235751037935],[-107.44249215642313,39.52112635790594],[-107.44248827129107,39.521018494016054],[-107.44252339559227,39.520917125320985],[-107.44260340192244,39.520824200387935],[-107.44259282354864,39.5207198555821],[-107.44257506600024,39.52061412116994],[-107.44255434282444,39.52050773739106],[-107.44253088277082,39.52040092465912],[-107.44250491490286,39.520293912390194],[-107.44247666765128,39.52018691199572],[-107.44244639395397,39.52008017040803],[-107.44241431061432,39.519973899283244],[-107.4423806463729,39.51986831903584],[-107.44234565384609,39.5197636675964],[-107.44230301418922,39.51966152823829],[-107.44224245699147,39.51956390962942],[-107.44217567128203,39.51946779127377],[-107.44211537515517,39.519369977916185],[-107.44207191052773,39.519267846793056],[-107.44203670148208,39.51916363222602],[-107.44200573555429,39.51905834648339],[-107.44197740938765,39.51895237461855],[-107.4419500731408,39.51884610265993],[-107.44192212379022,39.51873992465924],[-107.44189194669798,39.51863423491075],[-107.44185790367312,39.51852941919277],[-107.4418200946095,39.518425340267676],[-107.4417797634753,39.518321647664635],[-107.4417376164574,39.51821824545894],[-107.44169430193823,39.518115047950495],[-107.44165047897363,39.518011942189034],[-107.44160684274685,39.51790885050192],[-107.44156405230645,39.51780565994109],[-107.44152275570501,39.517702275808425],[-107.44148365973776,39.517598620190334],[-107.44144739988074,39.51749457162786],[-107.44141465967533,39.517390052697564],[-107.4413861100899,39.51728495921379],[-107.4413638476217,39.517179039920336],[-107.44134947243462,39.5170721530899],[-107.44134122315916,39.516964488889045],[-107.44133731613604,39.5168562649778],[-107.44133597839357,39.51674767176374],[-107.44133542660927,39.51663893590738],[-107.44133386458743,39.516530248303674],[-107.44132950871241,39.516421826609886],[-107.44132059799456,39.516313869989446],[-107.44130822185087,39.51620626546044],[-107.44129516095188,39.51609870234304],[-107.44128147309952,39.51599117041345],[-107.44126726321728,39.515883676475845],[-107.44125257779872,39.51577621955309],[-107.44123750919759,39.51566877968655],[-107.44122213877496,39.51556135516655],[-107.4412065246459,39.515453944771906],[-107.44119077141606,39.5153465463047],[-107.44117492526154,39.5152391497856],[-107.4411590911023,39.515131762019216],[-107.44114331448309,39.51502435502165],[-107.44112770063806,39.514916944599875],[-107.44111231898705,39.51480952028651],[-107.44109723926465,39.51470208061649],[-107.4410821115305,39.51459459690619],[-107.44106333778706,39.51448695555953],[-107.44104179195023,39.51437920127697],[-107.44101953532169,39.514271407867376],[-107.44099867568039,39.51416364816476],[-107.4409812981777,39.514056013498134],[-107.44096948700637,39.51394856819083],[-107.44096535053691,39.513841403085515],[-107.44097096162908,39.513734591752176],[-107.44098750158719,39.51362765892251],[-107.44101335574842,39.5135203322093],[-107.44104630828856,39.51341277527662],[-107.441084201509,39.513305150568065],[-107.4411248309202,39.513197612503205],[-107.44116601560654,39.513090324017945],[-107.44120557498164,39.51298345705304],[-107.44124132752717,39.5128771565448],[-107.44127106943954,39.51277159492697],[-107.44129264278708,39.51266692565287],[-107.44130383185468,39.512563312398996],[-107.44130247936606,39.512460926621166],[-107.44128453331824,39.512359970573016],[-107.44124653446194,39.51226063404506],[-107.44119180840211,39.51216289218949],[-107.44112388929128,39.512066697757156],[-107.44104632319826,39.5119720122607],[-107.44096264423436,39.51187878846145],[-107.4408763981138,39.511786978885965],[-107.4407911308477,39.51169654507393],[-107.44071018049225,39.51160748897979],[-107.44062666379318,39.51152153177244],[-107.44053705078805,39.51143883768218],[-107.44044336266377,39.511358337217104],[-107.4403475737998,39.51127895286527],[-107.44025170474575,39.51119959714245],[-107.44015774149757,39.51111919230561],[-107.44006769329236,39.51103666013006],[-107.43998354580424,39.5109509138829],[-107.43990579120812,39.5108617270258],[-107.43983241994194,39.51077016879476],[-107.43976239330155,39.5106768015483],[-107.43969469519911,39.510582169149295],[-107.43962829761257,39.510486806699596],[-107.4395621615311,39.510391267547284],[-107.43949529348983,39.5102960770549],[-107.43942663155569,39.51020179805606],[-107.43935529628361,39.510108890451654],[-107.43928386158417,39.51001546236591],[-107.4392131167674,39.509921136868684],[-107.43914205678252,39.50982677289634],[-107.43906970013902,39.50973323789715],[-107.4389950647176,39.50964138131213],[-107.438917157723,39.50955207983085],[-107.43883499703715,39.509466182888836],[-107.43874670415134,39.509385180353654],[-107.43863091801555,39.509324142140485],[-107.43849861301031,39.5092759549771],[-107.43837639825776,39.50922263699691],[-107.43828977130512,39.50914601355097],[-107.43824416097195,39.50904135819006],[-107.43822939982168,39.508929217630104],[-107.43823010633145,39.50882204977818],[-107.43823489579529,39.508714571021194],[-107.438243001167,39.50860679745497],[-107.43825368148177,39.5084988257087],[-107.43826625388725,39.508390751192245],[-107.43827996580589,39.508282670778726],[-107.43829412277273,39.508174680122075],[-107.43830800708402,39.50806687536412],[-107.4383222849455,39.507959350632625],[-107.43834127202439,39.50785213247914],[-107.43836259090536,39.50774508160367],[-107.43838314208288,39.50763802881605],[-107.43839980345727,39.507530823420076],[-107.43840940646231,39.507423315696215],[-107.43840813767942,39.50731487396229],[-107.43839892451813,39.50720573408085],[-107.43838732743897,39.50709659917955],[-107.43837888488373,39.506988208886035],[-107.43837914562148,39.506881266577],[-107.43839651571264,39.506777037287364],[-107.43845748267367,39.506680361535544],[-107.43855137681831,39.506562499240935],[-107.43877457195794,39.50633395019838],[-107.4387316092516,39.50593187930177],[-107.43849276833792,39.50571301823395],[-107.43813608037696,39.50542947640778],[-107.43804084095366,39.50518521369048],[-107.43785976161153,39.50496514827592],[-107.43776639889654,39.504944503462056],[-107.41529112873206,39.49997404768994],[-107.40518970413716,39.49781056017022],[-107.38885397734265,39.49414027549874],[-107.38477350119983,39.49310473408295],[-107.38101679515887,39.49225552441039],[-107.38096591970182,39.49222164755311],[-107.3810075552102,39.49218682119888],[-107.3811252585887,39.49215133712587],[-107.38129398597704,39.49211559117569],[-107.38148867063923,39.49207998871833],[-107.3816842691402,39.49204493477983],[-107.38185573718583,39.49201080753908],[-107.38199171781288,39.49197769574762],[-107.38212455192412,39.49194472037009],[-107.38225742322022,39.49191181615199],[-107.38239034516545,39.49187903687176],[-107.38252334253633,39.49184642706666],[-107.38265642756798,39.49181400450376],[-107.3827895907944,39.49178183244052],[-107.38292286738232,39.49174991916457],[-107.38305625948567,39.49171832769497],[-107.3831897915748,39.491687093565936],[-107.38332345295494,39.49165624402349],[-107.38345725647763,39.49162581483998],[-107.38359168660126,39.491596372659785],[-107.38373028896426,39.49157197992325],[-107.3838724467071,39.49155193755115],[-107.38401640584166,39.49153425446809],[-107.3841604356048,39.49151693913072],[-107.38430279360016,39.491498000243126],[-107.38444173741767,39.49147544651826],[-107.38457551332351,39.49144729591879],[-107.38470239050474,39.49141155693548],[-107.38482063814199,39.49136623806576],[-107.38492794491795,39.49130869305321],[-107.38501950740215,39.491233101540345],[-107.38509780815372,39.49114235858356],[-107.38516682261879,39.4910411934675],[-107.38523056110614,39.49093433474885],[-107.38529299967823,39.4908265296957],[-107.38535815963404,39.49072248860277],[-107.38543000570871,39.49062696796253],[-107.38551255980882,39.49054469605599],[-107.38560979706858,39.4904803931016],[-107.38572342607392,39.490436420403846],[-107.38584874089997,39.49040776637641],[-107.38598336813924,39.49039132653005],[-107.38612516129479,39.49038417190655],[-107.38627195030863,39.49038336503139],[-107.3864215770295,39.49038597720486],[-107.38657187197154,39.49038908898021],[-107.38672067631943,39.49038975367557],[-107.38686584408426,39.490385060393336],[-107.38700519316623,39.490372062951934],[-107.38713656560984,39.4903478417111],[-107.38725821226978,39.4903095317044],[-107.38737415925345,39.49025654574295],[-107.38748513717893,39.49019086885113],[-107.3875900204161,39.490114605268964],[-107.38768769466873,39.49002984999766],[-107.38777705728188,39.489938697801534],[-107.38785695914581,39.4898432444011],[-107.38792629764579,39.48974558456241],[-107.38798399280493,39.489647794568086],[-107.38803331639456,39.48954898737563],[-107.38807738995384,39.48944796370397],[-107.38811687432657,39.489345007278395],[-107.3881524300458,39.48924039282001],[-107.38818471825803,39.48913441305427],[-107.38821442303595,39.48902735122543],[-107.38824218197362,39.48891949153202],[-107.3882686791367,39.48881111721687],[-107.38829457534945,39.48870251199977],[-107.3883205317406,39.488593968602856],[-107.38834723174789,39.488485752261944],[-107.38837531356312,39.48837816517848],[-107.38840544930602,39.488271481828804],[-107.3884383114009,39.48816598569128],[-107.38847457257681,39.488061969246274],[-107.38851488170606,39.487959707445235],[-107.38855991120352,39.487859483763565],[-107.38861032217117,39.487761590916726],[-107.38866846274438,39.48766703469671],[-107.3887414843863,39.4875789023564],[-107.38882771226034,39.48749649855973],[-107.38892438537682,39.48741864578927],[-107.38902869659167,39.48734417649116],[-107.38913786169798,39.48727191363892],[-107.38924910811367,39.4872006799765],[-107.38935964033298,39.48712930773858],[-107.38946666223849,39.48705661116469],[-107.38956787247552,39.486981592530945],[-107.38966709421638,39.486905551627245],[-107.38976592976812,39.48682910416345],[-107.38986443938082,39.48675231196514],[-107.38996268299631,39.48667522785497],[-107.39006070924637,39.48659791389696],[-107.39015857807296,39.48652042291342],[-107.39025634972633,39.48644281672913],[-107.39035408414851,39.4863651481659],[-107.39045181866167,39.486287488528866],[-107.39054963644446,39.48620989016148],[-107.3906475742025,39.48613240636302],[-107.39074570411303,39.48605510772104],[-107.39084407419153,39.48597803829267],[-107.39094273307047,39.485901260140366],[-107.39104175292732,39.48582484385107],[-107.391141193396,39.48574883324233],[-107.39124109149093,39.48567329061508],[-107.39134150746317,39.48559827779191],[-107.39144251287347,39.485523847353456],[-107.39154415635484,39.48545006136098],[-107.39164649815862,39.485376981636506],[-107.39174958691808,39.485304670240915],[-107.39185348226769,39.48523317099023],[-107.39195824476776,39.48516255470857],[-107.39206392274345,39.48509287445346],[-107.39217058775633,39.485024182803805],[-107.39227891469258,39.48495683523689],[-107.39239523361988,39.48489370146238],[-107.3925198995597,39.484834963338265],[-107.39265136616203,39.48477994095667],[-107.39278806384353,39.48472795489371],[-107.39292842271355,39.48467831672916],[-107.39307088511731,39.48463035581617],[-107.39321389247348,39.48458337450708],[-107.39335586358143,39.484536693645985],[-107.39349525209354,39.48448963336674],[-107.39363048842563,39.48444151428921],[-107.39376000268439,39.48439164803741],[-107.3938822249771,39.48433934624166],[-107.39399560926613,39.484283938064465],[-107.3940985853544,39.48422472614283],[-107.39418958397603,39.48416104012491],[-107.39426703525405,39.48409219165468],[-107.39432939286505,39.48401750089959],[-107.39437399826811,39.483936401030725],[-107.3943986518404,39.483849162614575],[-107.39440546772612,39.483756408776884],[-107.39439672209919,39.48365874127752],[-107.39437470398055,39.48355679764188],[-107.39434170114664,39.483451179381376],[-107.39430000228921,39.483342515014954],[-107.39425187223354,39.483231415536174],[-107.3941996109525,39.48311850022623],[-107.39414549485876,39.48300437984618],[-107.39409180096625,39.48288968316719],[-107.39404082858086,39.48277501147831],[-107.39399485468286,39.482660993559875],[-107.39395615592713,39.48254824919312],[-107.39392702026191,39.4824373889197],[-107.39390972431217,39.482329032524056],[-107.3939017523962,39.48222203362333],[-107.39389844522759,39.48211477646868],[-107.39389928030279,39.48200728083269],[-107.39390372412139,39.481899584732155],[-107.3939112431862,39.481791726183516],[-107.39392130369446,39.48168373420026],[-107.39393336053804,39.48157564703777],[-107.39394690284693,39.48146748422803],[-107.39396137390214,39.48135928426584],[-107.39397625184047,39.48125108492823],[-107.39399100256692,39.48114290622617],[-107.39400509291632,39.481034795179],[-107.3940179888003,39.48092677179807],[-107.39402915675154,39.48081887410026],[-107.3940436305655,39.48071042180905],[-107.39406753449175,39.48060066713657],[-107.39409538688801,39.48049045273705],[-107.39412150896203,39.48038063433902],[-107.3941401990328,39.48027207715633],[-107.39414579030688,39.480165645686455],[-107.39413259186234,39.48006217789411],[-107.39409760912181,39.47996214987925],[-107.3940509722262,39.4798639925705],[-107.39399564163672,39.47976724857008],[-107.39393307404875,39.479671680650114],[-107.39386474907542,39.47957704210322],[-107.39379214632244,39.47948308622469],[-107.39371674600599,39.479389584318575],[-107.39364000448366,39.47929629016582],[-107.39356340164947,39.4792029660754],[-107.39348842869921,39.4791093651185],[-107.39341653097107,39.47901525933268],[-107.39335921509968,39.478913799085475],[-107.39328339993259,39.478823080222774],[-107.39320816663096,39.47873203400715],[-107.39313326455806,39.47864080974628],[-107.39305839691833,39.47854956670674],[-107.39298330115066,39.47845844543129],[-107.39290770369504,39.47836760470657],[-107.3928313190664,39.47827719455505],[-107.39275387339741,39.47818736475913],[-107.39267509312991,39.478098274103296],[-107.39259393624779,39.478010385482435],[-107.39250684934478,39.47792516845271],[-107.39241549404676,39.47784192212235],[-107.39232229858062,39.47775958747844],[-107.39222972663548,39.47767712280388],[-107.39214020704429,39.47759348710687],[-107.392056180251,39.477507639163946],[-107.39198007445853,39.477418519991915],[-107.39191434232832,39.477325106145614],[-107.39185666438705,39.47722823817937],[-107.39180371585805,39.47712927283041],[-107.39175496030174,39.477028500427004],[-107.39170984935464,39.476926202532354],[-107.3916678465803,39.476822669472064],[-107.3916284039276,39.476718191809674],[-107.39159096173088,39.47661306034681],[-107.391554995177,39.47650756516701],[-107.39151996753017,39.47640198758937],[-107.39148530720712,39.47629660964935],[-107.39145047840259,39.47619173967277],[-107.39141695508896,39.47608696894806],[-107.39138727646137,39.4759814254011],[-107.39136056457839,39.47587527124514],[-107.39133589596251,39.47576869665655],[-107.39131232452496,39.475661910294114],[-107.39128891518216,39.47555510257123],[-107.39126472093093,39.47544845513652],[-107.39123881862332,39.47534216716518],[-107.39121025057553,39.4752364475512],[-107.39117809272481,39.47513146845921],[-107.39114143355496,39.47502742882173],[-107.39110108006629,39.47492413184936],[-107.39105815104733,39.474821320284356],[-107.39101305092342,39.4747189227398],[-107.3909661379605,39.47461687778811],[-107.39091782788768,39.47451510480179],[-107.39086851412424,39.4744135506403],[-107.39081857692928,39.474312117388905],[-107.39076839810171,39.474210752147435],[-107.39071839367065,39.47410938329395],[-107.39066893288964,39.474007931160436],[-107.3906204088595,39.4739063336071],[-107.3905732259869,39.47380451925321],[-107.39052775351938,39.47370240843271],[-107.39048440747568,39.473599929527204],[-107.3904435696403,39.473497029641145],[-107.39040562056239,39.47339361986838],[-107.39037095302172,39.47328962906975],[-107.39034124302206,39.47318477953229],[-107.39031880174508,39.47307867237154],[-107.39030242724952,39.472971512493885],[-107.39029079105656,39.4728635434427],[-107.39028258792692,39.47275500828204],[-107.39027648847225,39.47264612354456],[-107.3902711871608,39.47253712328999],[-107.39026536746925,39.47242825982186],[-107.39025770034155,39.47231975867389],[-107.39024687996167,39.47221184490127],[-107.39023158983004,39.47210477080564],[-107.39021050060565,39.471998752914956],[-107.39017922600162,39.47189469225094],[-107.3901322494081,39.471793747310045],[-107.39007481152319,39.47169484632673],[-107.39001261395352,39.47159679995447],[-107.38995134697036,39.4714984281002],[-107.38989673566529,39.47139854996684],[-107.38985033212606,39.47129666517568],[-107.38980787535641,39.471193600098474],[-107.38976678836424,39.471090137464635],[-107.38972447124686,39.47098706947993],[-107.38967836965324,39.47088516038228],[-107.38962629786694,39.470785076734806],[-107.38957174004005,39.47068571084798],[-107.3895161807428,39.470586626786414],[-107.38945968936476,39.47048781411296],[-107.38940232367935,39.470389262629375],[-107.38934416499922,39.47029097066273],[-107.38928527078902,39.470192919012284],[-107.38922573397622,39.4700951057666],[-107.38916561233285,39.469997520728015],[-107.38910497524624,39.46990015346016],[-107.38904390402698,39.469803002290845],[-107.3889822036759,39.469706143300456],[-107.38891650080573,39.469610862055106],[-107.38884736881225,39.46951693054393],[-107.38877690654886,39.46942352183056],[-107.3887072131694,39.469329817986505],[-107.3886403994357,39.46923500084982],[-107.38857832425666,39.46913836554845],[-107.38852011593006,39.46904025433222],[-107.38846443206664,39.468941181285366],[-107.38841010174241,39.468841575883744],[-107.38835596626969,39.468741885367685],[-107.38830085535035,39.468642557213904],[-107.38824380407299,39.46854392656714],[-107.38818573028,39.468445641227795],[-107.38812702366214,39.468347540032326],[-107.38806778783584,39.46824959382342],[-107.38800813803232,39.46815177320539],[-107.38794817755917,39.46805404001862],[-107.38788802195455,39.467956373870635],[-107.38782777421717,39.46785872759952],[-107.38776753826897,39.4677610810519],[-107.38770744095402,39.467663404594646],[-107.38764757365438,39.46756565130516],[-107.38758805221363,39.46746780979497],[-107.38752899124333,39.46736983266468],[-107.38747048273999,39.46727169099799],[-107.38741265385293,39.46717336416568],[-107.387355595962,39.46707480524626],[-107.38729943621546,39.46697599361105],[-107.38724426629999,39.46687689134174],[-107.38719020143992,39.46677746904581],[-107.38713735655105,39.46667768832818],[-107.38708582393427,39.46657752927662],[-107.3870364092523,39.466476759127836],[-107.38699059760388,39.46637495999287],[-107.38694795160565,39.46627225797704],[-107.38690791834165,39.46616879957557],[-107.38686995712902,39.46606474904973],[-107.3868335382871,39.465960252415734],[-107.3867980859858,39.465855465645866],[-107.38676308278046,39.4657505525218],[-107.38672797576896,39.46564565953443],[-107.38669221205213,39.465540933173926],[-107.3866552628865,39.46543654646107],[-107.38661657537865,39.46533264588444],[-107.38657560856034,39.465229386696095],[-107.3865318211584,39.4651269151443],[-107.38648341388671,39.46502563754363],[-107.38643006247095,39.46492558757357],[-107.38637321993139,39.46482642908432],[-107.3863143276663,39.46472782616713],[-107.3862548380664,39.46462942467217],[-107.38619618120919,39.46453089793801],[-107.38613982139421,39.46443190058543],[-107.38608717645525,39.46433208819178],[-107.38603972260005,39.46423112414763],[-107.3859989705649,39.46412866212748],[-107.3859672871783,39.4640242391328],[-107.38594355439585,39.463918130377685],[-107.3859255795551,39.46381079529697],[-107.38591114708396,39.46370270280228],[-107.38589806495985,39.463594330329286],[-107.3858841521725,39.46348613706814],[-107.38586718157399,39.46337859216395],[-107.38584776505702,39.463271574945594],[-107.38582833668562,39.463164548956],[-107.38580892030399,39.46305753172393],[-107.38578951560447,39.462950514246636],[-107.38577011066506,39.46284348775964],[-107.3857507061008,39.462736470268645],[-107.38573130160418,39.46262945277077],[-107.38571189686765,39.462522426263234],[-107.38569250412064,39.46241540851327],[-107.38567311113373,39.462308381753665],[-107.38565371852191,39.462201363990005],[-107.38563432567015,39.4620943372167],[-107.3856149215792,39.46198731967774],[-107.38559552886264,39.46188029289073],[-107.3855761365212,39.4617732750997],[-107.38555674393983,39.461666248299004],[-107.3855373401193,39.46155923073266],[-107.38551058740518,39.46141161570872],[-107.38550840716334,39.461303550937714],[-107.38550788868808,39.461195479086896],[-107.38550694019109,39.46108740705086],[-107.38550350566197,39.46097936801704],[-107.38549548541401,39.460871477150974],[-107.38548237305967,39.460763879981194],[-107.38546899424477,39.46065630629473],[-107.38545561547939,39.46054873260366],[-107.38544188895666,39.46044118406424],[-107.38542752494195,39.460333684640766],[-107.38541218755381,39.46022626825352],[-107.38539556414082,39.46011896834586],[-107.38537734205345,39.46001181836085],[-107.38535717472436,39.45990487946472],[-107.3853347504303,39.45979821210837],[-107.3853097580645,39.459691894747834],[-107.38528186329407,39.459586006315334],[-107.3852508023937,39.45948065132114],[-107.38521679665551,39.45937584323966],[-107.38518024004102,39.459271546956586],[-107.38514153812315,39.459167727119606],[-107.38510107170768,39.459064303839405],[-107.38505925674716,39.45896120551507],[-107.38501643920158,39.45885835297327],[-107.38497302279063,39.45875565684691],[-107.3849293644695,39.45865301971995],[-107.38488583311262,39.45855035294136],[-107.38484282020526,39.45844754937856],[-107.38480068331175,39.4583445296229],[-107.38475979160806,39.45824121402802],[-107.38472054880215,39.458137513230476],[-107.38468333598692,39.458033356349496],[-107.384648177611,39.45792877892209],[-107.38461465864864,39.45782387955591],[-107.38458235215532,39.45771874809348],[-107.3845508079617,39.45761347485319],[-107.38451959882067,39.45750814067357],[-107.38448826295419,39.45740283611009],[-107.38445636119921,39.45729763323565],[-107.38442346631601,39.45719261288705],[-107.38438833173207,39.457088025863165],[-107.3843495629792,39.45698421608641],[-107.38430973328383,39.45688064427605],[-107.38427164536215,39.45677668536523],[-107.38423813890671,39.456671776596394],[-107.3842122819315,39.45656557576002],[-107.38419599768409,39.45645825062265],[-107.38418662278644,39.456350423394184],[-107.38418082208037,39.45624244176888],[-107.38417531173462,39.45613445418574],[-107.38416808325455,39.45602651986001],[-107.38416027475365,39.45591861544724],[-107.3841533715085,39.455810674445885],[-107.38414883648174,39.455702657839986],[-107.38414819284421,39.45559458844286],[-107.38415290845649,39.45548657128429],[-107.38416753242677,39.45537909864982],[-107.38419175643931,39.45527267236273],[-107.38422005674444,39.45516684715252],[-107.38424716535988,39.455060839168326],[-107.38426765390155,39.454953930917874],[-107.38427556909541,39.45484602829942],[-107.38426893327131,39.454738090812874],[-107.38425701873591,39.45463041475605],[-107.38424137189791,39.45452302246236],[-107.38422271339921,39.45441591716686],[-107.38420173972929,39.454309075572844],[-107.38417912291825,39.45420243884923],[-107.38415554568351,39.45409592091861],[-107.38413164459358,39.45398944565995],[-107.38410809074509,39.453882927235405],[-107.38408552039168,39.45377628052226],[-107.38406460492949,39.45366942868679],[-107.38404600505936,39.45356232214244],[-107.38403041693134,39.453454928594226],[-107.38401812047026,39.453347278338896],[-107.38400751677064,39.453239512280156],[-107.38399836318357,39.45313167143173],[-107.38399068323528,39.45302376432064],[-107.38398452367753,39.45291579899755],[-107.38397993126175,39.45280778351303],[-107.38397691820792,39.452699735635065],[-107.38397554287978,39.452591663175916],[-107.38397585264242,39.45248359219174],[-107.38397788263337,39.4523755309711],[-107.3839816566846,39.45226749704352],[-107.3839879779074,39.452159527992485],[-107.38399961932446,39.45205183721906],[-107.38401571149748,39.45194448759937],[-107.38403490518866,39.451837443740125],[-107.38405588354868,39.45173059751114],[-107.3840773636525,39.451623813059754],[-107.38409805035585,39.451516936766446],[-107.38411664913669,39.45140983301811],[-107.38413182025957,39.45130240316611],[-107.38414218000493,39.45119462153755],[-107.38414630282017,39.45108659845451],[-107.38414286005533,39.45097855936965],[-107.38413205960309,39.450870806328865],[-107.38411524430384,39.45076352800728],[-107.38409377437733,39.450656741549686],[-107.38406894951488,39.450550393269594],[-107.38404203210503,39.450444358173215],[-107.38401422462373,39.45033845844171],[-107.38398671762045,39.45023250749293],[-107.38396071355739,39.45012632751061],[-107.38393746226063,39.4500197667358],[-107.38391823861669,39.449912726951254],[-107.38390443639184,39.44980518858461],[-107.383897383356,39.44969724152685],[-107.38390036704028,39.44958919674233],[-107.38391624935537,39.44948183338827],[-107.38394206002688,39.44937562679654],[-107.38397450875881,39.44927052732195],[-107.3840105839079,39.44916613725891],[-107.38404751340397,39.44906192786327],[-107.38408254657391,39.448957315900316],[-107.38411282001786,39.44885181955104],[-107.38413613199847,39.448745276766395],[-107.38415646777464,39.44863835357075],[-107.38417511267735,39.448531257840656],[-107.38419236954994,39.44842401039282],[-107.38420848409518,39.4483166602431],[-107.38422370139995,39.44820923840163],[-107.38423827754727,39.44810175763451],[-107.38425248053787,39.447994239472465],[-107.38426675377929,39.44788673788479],[-107.38427679863068,39.447778935630105],[-107.38427999142495,39.44767090454204],[-107.38428109099786,39.44756282629529],[-107.38428527141971,39.44745479296484],[-107.38429799432306,39.4473471519921],[-107.38432512268564,39.44724111647002],[-107.3843733845692,39.44713975564021],[-107.38444006487192,39.447044890963376],[-107.38451635463227,39.44695445082144],[-107.38459524580402,39.446865335664825],[-107.38467043407702,39.44677429638776],[-107.38473426973158,39.446678156546895],[-107.38477565826807,39.44657494553596],[-107.38478451907616,39.4464672035543],[-107.38476827284894,39.446359904575516],[-107.38473874467208,39.44625429250718],[-107.38470497783582,39.44614943406026],[-107.38466701577475,39.446004039418085],[-107.38401898134444,39.443935308121226],[-107.38397376877982,39.44383274723351],[-107.38392614089726,39.44373022684855],[-107.38387656246557,39.44362774644133],[-107.38382549763664,39.44352528748192],[-107.38377341117399,39.443422849446904],[-107.38372076753133,39.443320422810906],[-107.38366803115967,39.443217998049434],[-107.38361566620043,39.443115556636116],[-107.38356413802049,39.44301311605685],[-107.38351391014177,39.442910639781296],[-107.38346543600771,39.442808136532385],[-107.38341920327831,39.44270559631387],[-107.38337565285943,39.442603001079604],[-107.38333526110158,39.44250035007558],[-107.38329849274152,39.442397642786375],[-107.38326581159217,39.44229485168835],[-107.38323768269184,39.44219198526947],[-107.38321455854397,39.442089025247235],[-107.38319837908739,39.44198595888152],[-107.3832017932746,39.44188266199645],[-107.38322424307745,39.44177912801311],[-107.38326145311977,39.441675372499994],[-107.38330913613251,39.44157140225864],[-107.38336304031881,39.44146724138461],[-107.38341889007168,39.44136289644944],[-107.38347239850609,39.44125838327259],[-107.3835193132887,39.441153707963466],[-107.38355606807383,39.44104888959925],[-107.38359062579441,39.440943701851054],[-107.38362443597046,39.44083806094405],[-107.38365487364204,39.44073199367567],[-107.38367932486203,39.440625508601705],[-107.38369519892106,39.440518613802766],[-107.38370161098511,39.440411255352316],[-107.38370520120876,39.44030326105751],[-107.38370671852464,39.44019478673537],[-107.38370596009085,39.44008601672829],[-107.38370271237721,39.43997716262515],[-107.38369674962993,39.43986841824706],[-107.38368785770726,39.43975997717665],[-107.38367582308244,39.43965205100212],[-107.38366042000523,39.43954483354359],[-107.38364144594735,39.43943851814467],[-107.38361513829022,39.4393338396218],[-107.38357110277123,39.439232290393306],[-107.38351519161886,39.439132741422476],[-107.38345475872283,39.439033807661595],[-107.38339713502211,39.43893411355683],[-107.38334957045284,39.438832294238594],[-107.38330902922641,39.43872893448923],[-107.38327050153879,39.43862499289351],[-107.38323352726204,39.43852060501473],[-107.38319766949145,39.43841590593947],[-107.38316250293491,39.43831103051561],[-107.38312755555404,39.43820610553958],[-107.38309240175438,39.438101256855205],[-107.38305660464037,39.437996619546574],[-107.3830197037911,39.43789232017029],[-107.38298127392588,39.43778849357117],[-107.38294085493523,39.43768527530738],[-107.38289802092899,39.43758278221649],[-107.38285232371919,39.43748115861992],[-107.38280045209385,39.43738142735522],[-107.38273917489973,39.43728457357556],[-107.38267150550612,39.437189697652315],[-107.38260055961237,39.43709583480117],[-107.38252941838127,39.43700202996187],[-107.38246119810088,39.43690733637095],[-107.38239898052292,39.43681081698931],[-107.38234576611426,39.436711536449415],[-107.38230101683848,39.436609731018706],[-107.38226232916196,39.436506125648194],[-107.38222768939639,39.43640129314904],[-107.38219509578036,39.43629581509414],[-107.38216255786621,39.43619026381279],[-107.38212805007998,39.43608520334264],[-107.38208959391217,39.43598121477271],[-107.38204584174417,39.435878641032744],[-107.3819988942967,39.43577673635838],[-107.38194962780507,39.43567530260884],[-107.38189868844815,39.43557420942239],[-107.38184667688196,39.4354733543986],[-107.38179422797572,39.43537261641882],[-107.38174196529218,39.435271883606276],[-107.38169050047439,39.435171035320494],[-107.38164046899547,39.43506996845214],[-107.38159248218531,39.434968553360136],[-107.381547163594,39.434866678172305],[-107.38150513676818,39.43476423101736],[-107.38146703686087,39.43466109978701],[-107.38143470092,39.43455698558779],[-107.38141500515233,39.43445081962406],[-107.38140563859089,39.43434297357186],[-107.38140271840926,39.43423405851282],[-107.38140233827774,39.434124676998636],[-107.38140059250404,39.434015449585544],[-107.38139360994226,39.4339069871124],[-107.38137747241784,39.4337998833615],[-107.38134923330946,39.433694604099806],[-107.38131525615317,39.43359003697039],[-107.38127795634436,39.4334858081625],[-107.3812378324969,39.43338188944148],[-107.3811954171304,39.433278224851],[-107.38115121984897,39.433174767914075],[-107.38110573895091,39.43307148139495],[-107.38105950725368,39.432968318342574],[-107.3810130343527,39.43286523228237],[-107.38096683045387,39.43276219474636],[-107.38092141614315,39.432659141018256],[-107.38087730162063,39.43255604263185],[-107.38083499647037,39.43245285311603],[-107.38079503318575,39.43234951652209],[-107.38075791034876,39.43224600462385],[-107.38072413753463,39.43214227095223],[-107.38069424722791,39.43203825956014],[-107.38066873800153,39.431933942222656],[-107.38065272185663,39.4318286466831],[-107.38065351285856,39.431721547482766],[-107.38066813810575,39.43161336317007],[-107.38069332440467,39.43150486348435],[-107.3807258324904,39.43139679044168],[-107.3807623885982,39.431289895775464],[-107.38079975473268,39.43118495751724],[-107.38084685664862,39.43108515329439],[-107.38092531391449,39.43099422959435],[-107.38100418247203,39.430903108226005],[-107.38105561847964,39.43080368363117],[-107.38109673176761,39.4307003172097],[-107.38113185345144,39.43059499237301],[-107.38116035766721,39.430488433669694],[-107.3811816546104,39.43038140094592],[-107.38119502919187,39.43027438633802],[-107.38120071722456,39.43016680843143],[-107.38120095197478,39.430058747613096],[-107.38119807485586,39.42995039016407],[-107.38119441565767,39.42984192260346],[-107.38119230384892,39.429733522448075],[-107.38119399922994,39.42962536864198],[-107.38119625762783,39.429517032128224],[-107.38119719195227,39.42940836236568],[-107.38119764418424,39.42929952229227],[-107.38119847982392,39.42919068337337],[-107.38120051823724,39.42908202702849],[-107.38120462430042,39.42897370671748],[-107.38121161736898,39.42886590385992],[-107.38122235100666,39.42875878115604],[-107.3812376793854,39.42865251931137],[-107.38126377332334,39.42854820816903],[-107.38131560419444,39.42844849607413],[-107.38138135540413,39.42835127364509],[-107.3814627730559,39.42822697301829],[-107.38154736127511,39.42813744586302],[-107.38163180936239,39.42804790349946],[-107.38168477115032,39.42795242941335],[-107.38170619624218,39.427843060568776],[-107.38170723400401,39.42772687501363],[-107.38167555086493,39.42761999957857],[-107.3816032268847,39.42753512824093],[-107.38151155329302,39.42745991465658],[-107.38140830242007,39.42738960489511],[-107.38129709901561,39.4273225030296],[-107.38118153361157,39.42725693186397],[-107.38106521964794,39.427191204737184],[-107.38095175864812,39.42712362623732],[-107.3808447759635,39.42705251849676],[-107.38074776947467,39.42697553058254],[-107.38065988523837,39.42689180611571],[-107.38057623613999,39.426804859665374],[-107.38049180158954,39.426718379693156],[-107.38040151180964,39.42663597457043],[-107.3803022041982,39.42655858292495],[-107.38019859671867,39.426483522508455],[-107.38009677069255,39.4264078939847],[-107.38000283095657,39.42632880656641],[-107.37992289363744,39.42624336024466],[-107.3798678148842,39.42614696336979],[-107.3798339463891,39.42604130330096],[-107.37980574476398,39.42593285149494],[-107.37976762057012,39.425828089340136],[-107.37971124211529,39.42572727745829],[-107.3796325362565,39.425637706535596],[-107.37952722153744,39.425570446346555],[-107.37940924781707,39.42551282369764],[-107.37928607809698,39.425459190219904],[-107.37916477250351,39.425404347268206],[-107.37903957402904,39.42535287219833],[-107.37891287715964,39.42530276100999],[-107.37879901533942,39.425242711205],[-107.3787083308885,39.42516463719192],[-107.3786315597947,39.425075881851306],[-107.37856264321667,39.42498102871233],[-107.3784965523328,39.42488386542515],[-107.37842824580495,39.42478815285647],[-107.37835589725246,39.42469483829198],[-107.37828328213574,39.4246005110945],[-107.37819824849842,39.424516744382565],[-107.37808040677162,39.4244622348236],[-107.37795066726807,39.424417545255885],[-107.37785135453056,39.42434426873321],[-107.37776577778581,39.42425782806434],[-107.37767563460622,39.4241747600607],[-107.377576174804,39.424099188959396],[-107.37747365479603,39.42402585156245],[-107.37737150766317,39.42395220013511],[-107.37726508971876,39.42388070805486],[-107.377156790019,39.423810236350754],[-107.37705379402387,39.423736881276184],[-107.37696331101534,39.423656756640824],[-107.37689367680953,39.42356528656299],[-107.3768431331052,39.423463371908426],[-107.37679849998725,39.423358318319316],[-107.37674640300935,39.423257516473264],[-107.37667379216686,39.42316799002266],[-107.37657767754692,39.42308994419411],[-107.37646675249128,39.423021120111486],[-107.37635020978779,39.42295994242253],[-107.37622648773616,39.42291070437514],[-107.37609442814053,39.42287111425618],[-107.37596539914911,39.42282875028596],[-107.37585068955549,39.422771246410285],[-107.37575433328901,39.422694592234315],[-107.37558249452587,39.42252655954335],[-107.37544688665855,39.42249327553477],[-107.37531040530165,39.42246094616782],[-107.37519012286535,39.42241101508957],[-107.37509100801556,39.4223382636272],[-107.37499809878781,39.42225908788705],[-107.3749093510496,39.42217554769776],[-107.37482305697593,39.422089344653315],[-107.37473750874021,39.4220021803425],[-107.37465097529962,39.42191575682319],[-107.37456176043399,39.42183177543705],[-107.37446814470611,39.4217519379946],[-107.374368259609,39.421678003400004],[-107.3742592725791,39.42161173221913],[-107.37414267975859,39.421552030790394],[-107.3740210937555,39.42149716102496],[-107.37389717452719,39.42144541090458],[-107.3737734900903,39.421395097326844],[-107.37364699284656,39.42135020151119],[-107.3735165788229,39.421311052298755],[-107.37338553904709,39.421272969787715],[-107.37325711814465,39.42123127503773],[-107.37313256180924,39.42118125785],[-107.37301316494276,39.421119315156886],[-107.37292117025872,39.42104198393851],[-107.37288551220377,39.420925637220265],[-107.37297168134889,39.42086276916753],[-107.37310075840288,39.42081975541533],[-107.37324305939845,39.42078306631956],[-107.3733770766981,39.420744960532325],[-107.37351056602488,39.42070978434889],[-107.37364597108898,39.420676983365695],[-107.37378028673159,39.42064323147545],[-107.37391049739009,39.420605238834106],[-107.37403361008991,39.420559697131324],[-107.37414604222755,39.420498246942],[-107.37424072737352,39.42041152790148],[-107.37430986616329,39.420316150115006],[-107.37431396594157,39.4202056136785],[-107.37421033402812,39.420147494485505],[-107.37407522895798,39.420132973704256],[-107.37392938902025,39.42013173528407],[-107.37378448878114,39.4201414146568],[-107.37364798505294,39.42016097668903],[-107.37351315827937,39.42019093697443],[-107.37337910513762,39.42022658413202],[-107.37324562031564,39.420262895224866],[-107.37311249884443,39.420294856317014],[-107.37297954648339,39.42031742622465],[-107.37280702205183,39.42029794685481],[-107.37278468705001,39.42023259951442],[-107.37286146076478,39.42016123842532],[-107.37295399696472,39.420087834821665],[-107.3730577665446,39.42001276039361],[-107.37316828654373,39.419936376891926],[-107.37328105080799,39.41985904655577],[-107.37339156511895,39.41978114040674],[-107.37349530045907,39.41970303019358],[-107.37359236857539,39.41961397469213],[-107.37357779887613,39.41952315313323],[-107.37347452309807,39.41944125072387],[-107.37335917537303,39.41937772114914],[-107.3732422700353,39.41931894407019],[-107.37312321967265,39.419261985465205],[-107.37300289605263,39.4192061788727],[-107.37288211260278,39.41915085001602],[-107.37276174048405,39.41909531443457],[-107.37264261664852,39.4190389063878],[-107.37252558874147,39.41898093289262],[-107.37241151723875,39.41892073674431],[-107.37230553916962,39.41884196955154],[-107.37229045094033,39.41874402309823],[-107.37237864502379,39.41865564516778],[-107.3725014177267,39.41859706672002],[-107.37263429257246,39.4185644266838],[-107.37277487900866,39.4185403229941],[-107.37291759189108,39.41851932895494],[-107.37305686895083,39.418496008421464],[-107.37318714880188,39.418464952285014],[-107.37330199185472,39.41841883240965],[-107.37337294113263,39.41831931901934],[-107.3733867053855,39.418206702365495],[-107.37333158557013,39.41811273544886],[-107.37323213036738,39.41802697093228],[-107.37312731138216,39.41795564944144],[-107.37301297812479,39.41789215283081],[-107.37289626713743,39.41783046142577],[-107.37278545063731,39.41776482069663],[-107.37268870799168,39.41768947803914],[-107.3726087525172,39.41760258528838],[-107.37253972962434,39.41750823500391],[-107.37247521536811,39.41741085567621],[-107.37240877421102,39.41731487601658],[-107.37233991407386,39.417220855623405],[-107.37227192282272,39.41712642105315],[-107.37220146709292,39.41703328900141],[-107.37211133701857,39.41694909902592],[-107.3720746815315,39.4168296010677],[-107.37213712324588,39.41676691140675],[-107.37227432048809,39.41676113013884],[-107.37242795130739,39.4167772210651],[-107.37256363743933,39.41680736294296],[-107.37268959572597,39.41685307287353],[-107.37281331032253,39.41690590968613],[-107.37293848850857,39.41695532002566],[-107.37306873119961,39.41699104098727],[-107.37320475551338,39.41701195879497],[-107.37334395072729,39.41702465839066],[-107.37348355008288,39.417035574756675],[-107.37362188096952,39.41704915654552],[-107.37376023114652,39.417062963005115],[-107.37389873255643,39.41707574817207],[-107.37403734883289,39.41708644069391],[-107.37417624305832,39.41709402821008],[-107.37432089862631,39.41710093933631],[-107.374463272077,39.41709947328875],[-107.37459016221908,39.41707096235871],[-107.37464109641672,39.416969415488964],[-107.37453362413032,39.4169225733809],[-107.37439144069894,39.41688480057444],[-107.37425741814857,39.41683628414397],[-107.3741574629945,39.41676451288272],[-107.37407155468335,39.41667951750255],[-107.37399173250026,39.416588694964986],[-107.37391088424765,39.41649911857019],[-107.37382978788666,39.41641043909221],[-107.3737520839673,39.41631904158925],[-107.37367180874462,39.41622990377931],[-107.37358298778813,39.416148030609634],[-107.37347736654301,39.41608003214565],[-107.37335094950787,39.416028647615036],[-107.37321999561777,39.415981499780976],[-107.37310211268358,39.41592522896877],[-107.37301212047248,39.415848514498784],[-107.3729386712001,39.41575957018582],[-107.37287497090371,39.41566355284112],[-107.37281777394146,39.41556305129415],[-107.37276382337572,39.415460663606304],[-107.37270986166683,39.41535896982627],[-107.37265383166769,39.41525964259897],[-107.37260027161898,39.415159165816995],[-107.37254909629729,39.41505742410316],[-107.37249917831822,39.414955080118574],[-107.37244940282419,39.41485282329425],[-107.37239861953147,39.414751325763696],[-107.37234572458702,39.41465125871108],[-107.37228956802069,39.41455330326862],[-107.37222904629189,39.41445813961873],[-107.3721574205318,39.414369806227526],[-107.37203780940041,39.41431178572291],[-107.37190604313466,39.41426624755723],[-107.37176461918844,39.41423457320837],[-107.37163014314031,39.41420022537908],[-107.37154025692465,39.41413097618026],[-107.37148378005766,39.41403072050205],[-107.37145452540952,39.41391840481572],[-107.37144947322727,39.41380979377839],[-107.37145180117975,39.413702698917085],[-107.37145757899171,39.413595272423876],[-107.37146620525135,39.413487589629206],[-107.37147708924141,39.41337969861776],[-107.37148964085853,39.41327166548017],[-107.37150325809152,39.413163547540826],[-107.3715173395433,39.413055420130156],[-107.37153130611765,39.41294733109652],[-107.37154453290712,39.41283934724115],[-107.37155644112812,39.41273152541565],[-107.37156599937575,39.412623247004085],[-107.37157442600923,39.41251447814692],[-107.37158434890075,39.41240599409086],[-107.37159837177848,39.41229854354673],[-107.37161908796962,39.412192911472836],[-107.37166719926701,39.4120844592914],[-107.37177601494976,39.41202971598053],[-107.37190961195896,39.412016332826106],[-107.37205150004198,39.41201387070707],[-107.37219576000604,39.41201285555157],[-107.3723364615893,39.41200383156151],[-107.37248557802165,39.41198471656311],[-107.3726109922056,39.41194272416592],[-107.37266279353416,39.41185237686584],[-107.37266181944709,39.411733925677204],[-107.37261990967674,39.411630661483954],[-107.372555490411,39.41152735207003],[-107.37247086965175,39.411435202803354],[-107.37236611860502,39.41137206843612],[-107.37224114685168,39.411334256985064],[-107.37210167384885,39.411309939732064],[-107.37195578834367,39.41129756419745],[-107.37181157908294,39.4112955779397],[-107.37167696587872,39.41130429690882],[-107.37155426656699,39.41135441328249],[-107.37144282360975,39.4114282464247],[-107.37134995292637,39.41150932247545],[-107.37126608353317,39.411597269090564],[-107.37114677463704,39.411661775674766],[-107.3710157216891,39.41166625001619],[-107.37089500505341,39.4116001154844],[-107.3707922282628,39.41151020910626],[-107.37076273009934,39.41141360120108],[-107.37077783723299,39.411311723341726],[-107.37080624169427,39.41120365529571],[-107.37084738921953,39.411093606647064],[-107.370900760066,39.41098577726336],[-107.37096580060377,39.41088439472786],[-107.3710419798273,39.41079366814168],[-107.37112944056197,39.410716441481085],[-107.37123099347495,39.41064689150683],[-107.37134460359792,39.4105835731651],[-107.37146740794168,39.41052631057392],[-107.37159653162014,39.41047491909397],[-107.37172912327551,39.41042922262649],[-107.37186232025847,39.41038905432467],[-107.37199325901076,39.410354220345475],[-107.37212558979513,39.41033030400952],[-107.37226365014368,39.410320550222366],[-107.37240516576357,39.41032090617692],[-107.37254783790152,39.410327283539246],[-107.37268938029378,39.4103356207596],[-107.37282835293969,39.41034318140168],[-107.37296686410312,39.41035288647763],[-107.37310523723391,39.41036468434135],[-107.37324352365724,39.410378033393165],[-107.37338175087142,39.41039237450112],[-107.37351994759203,39.41040718454517],[-107.37365817643179,39.41042191268556],[-107.37379645357562,39.4104360090301],[-107.37393483063259,39.41044894098181],[-107.374098364735,39.41047115211329],[-107.37426755436118,39.41049471602944],[-107.37438044982657,39.41049359087863],[-107.37438535000275,39.41044565192904],[-107.37430449932977,39.41035990462663],[-107.37418791742401,39.41025922886814],[-107.37408484996442,39.41016629524236],[-107.37399773042146,39.410081973040505],[-107.37390982617477,39.409998135269966],[-107.37382143286642,39.40991459570904],[-107.37373286904422,39.40983115866008],[-107.37364443065482,39.409747646906176],[-107.37355667263584,39.40966364370502],[-107.3734718043539,39.40957717598816],[-107.37338871868154,39.4094891582723],[-107.37330547562715,39.40940128785356],[-107.3732201122939,39.40931527149919],[-107.37313065387437,39.40923280720453],[-107.37303516007171,39.409155583245116],[-107.37293173609216,39.40908525993316],[-107.37282052088923,39.40902182540282],[-107.37270355462037,39.408963454176806],[-107.37258294402686,39.408908229334024],[-107.37246080685101,39.408854215718605],[-107.37233925045774,39.40879951443196],[-107.37222039290916,39.408742199338185],[-107.37210435242032,39.408681646398215],[-107.37198466062914,39.40862197865498],[-107.37186387353763,39.40856219799046],[-107.37174575200731,39.408500533956186],[-107.37163408072051,39.40843523365119],[-107.3715326327507,39.4083645444252],[-107.37144615085137,39.4082861983554],[-107.37139648058417,39.40818924520028],[-107.37137188730055,39.40807902354515],[-107.37134633637517,39.40796795652827],[-107.371294330534,39.407868213051565],[-107.37122256751876,39.40777695372684],[-107.37114434985328,39.40768815936776],[-107.37106143152162,39.40760115454023],[-107.3709755439011,39.407515282293765],[-107.37088844126947,39.40742987620652],[-107.3708018430834,39.40734427057189],[-107.37065511194245,39.407066039609866],[-107.37058621918672,39.40695627047237],[-107.37047597154904,39.406885237145694],[-107.37036625101264,39.40681295870352],[-107.3702554011928,39.40674333386592],[-107.37014176538035,39.40668025234435],[-107.37002368745476,39.4066276218504],[-107.36989951005043,39.4065893140774],[-107.36976880223892,39.40656426569233],[-107.36963300781862,39.40654847418561],[-107.36949344982033,39.40654054317796],[-107.36935143998245,39.406539085535265],[-107.36920830043921,39.40654267788085],[-107.36906534325502,39.406549942095516],[-107.36892390280256,39.406559472584306],[-107.36878523497312,39.40656994644044],[-107.36864770842547,39.40658394651448],[-107.368510317035,39.40660297081698],[-107.3683735341775,39.406626595282596],[-107.36823776268724,39.40665437025735],[-107.3681034750348,39.40668584467082],[-107.36797108597376,39.40672057763928],[-107.36784078641074,39.40675803373779],[-107.36771039861485,39.406797005036765],[-107.36757979095921,39.40683737709624],[-107.36744949176712,39.40687931934297],[-107.36732006448263,39.406923009500225],[-107.36719203712495,39.40696860799653],[-107.36706597374807,39.40701631056599],[-107.36694241367326,39.40706626840241],[-107.3668219090462,39.407118668477636],[-107.36670499979931,39.40717367999568],[-107.36660183631781,39.40724058308239],[-107.36653201848735,39.407337817143485],[-107.36646725243007,39.407438488972055],[-107.36637084142095,39.40751448887965],[-107.36622308994222,39.407547640584085],[-107.36612820880438,39.40749236283863],[-107.36606841276533,39.40738146889015],[-107.36606947611081,39.40727347174258],[-107.36609207593919,39.40716837877169],[-107.36612339940183,39.40706197311506],[-107.36616272065119,39.40695580110422],[-107.36620937156917,39.4068513988859],[-107.36626262723725,39.406750339799196],[-107.36632240807702,39.406654048911875],[-107.36639482792428,39.40656233872431],[-107.36647900721266,39.406474956837805],[-107.36657157886634,39.40639192671116],[-107.36666922316405,39.40631329787505],[-107.36677092422387,39.40624028021199],[-107.36688578034013,39.406177832775406],[-107.36700720060674,39.40612062109835],[-107.36712572900936,39.406061693350956],[-107.36723195624798,39.405994105799614],[-107.36731712315644,39.40591159521581],[-107.36738365565621,39.40581618437464],[-107.36744230311066,39.40571529426613],[-107.36750395715929,39.405616433050625],[-107.36757950910017,39.405527099863136],[-107.36767417638617,39.405449792102594],[-107.3677815784499,39.405379900801776],[-107.3678978034937,39.40531713620838],[-107.36801902219305,39.40526124294006],[-107.36814227043753,39.40521179485126],[-107.36826866887385,39.40516724655238],[-107.36839762333433,39.4051261686601],[-107.36852812369096,39.40508719432176],[-107.36865919523319,39.40504897398622],[-107.36878982781842,39.40501014081009],[-107.3689190580212,39.40496933601205],[-107.36904588759396,39.40492520152457],[-107.36917009157209,39.40487589504913],[-107.36929206100235,39.40481890406316],[-107.36940681760814,39.40475468137659],[-107.36950886028508,39.404684014803976],[-107.36958162032607,39.40458126844679],[-107.36954771051025,39.40449175015895],[-107.36942354914706,39.40443355814943],[-107.3692787498375,39.40440926478795],[-107.36914181001332,39.40440993782565],[-107.36900387440389,39.40441344186647],[-107.36886516503367,39.40441947507956],[-107.36872592805338,39.40442776217131],[-107.36858636228233,39.40443800178561],[-107.36844670196632,39.404449909864304],[-107.36830716944412,39.40446319358345],[-107.36816799866192,39.404477559883894],[-107.36802941226827,39.40449272494683],[-107.36789161275053,39.404508495457186],[-107.36775444025842,39.40452632515765],[-107.36761770389286,39.40454640713119],[-107.36748131786938,39.404568265637344],[-107.36734517258805,39.404591407401476],[-107.36720917005768,39.40461533891227],[-107.36707322389556,39.404639566421416],[-107.36693723672681,39.40466361442253],[-107.3668010986616,39.404686980635674],[-107.36666472393709,39.40470918931708],[-107.36652806309542,39.40473015138019],[-107.36639120343035,39.404750387582375],[-107.36625426278509,39.40477029193062],[-107.36611734800366,39.40479027667479],[-107.36598056531821,39.40481073605923],[-107.36584403317178,39.4048320820989],[-107.36570779733098,39.40485463819559],[-107.36557187243737,39.40487849414481],[-107.36543636627638,39.40490374685654],[-107.36530142266513,39.40493052854512],[-107.36516799414063,39.40496606325415],[-107.36503636095479,39.40500593076874],[-107.36490282972612,39.405006475433986],[-107.36476817461948,39.40497891600075],[-107.3646329103603,39.40494432358356],[-107.36449727350939,39.40491760363801],[-107.36436125229342,39.404892909415096],[-107.3642241877376,39.40487411026102],[-107.36408523080296,39.404865637955474],[-107.36394446654228,39.40486382400801],[-107.3638032252177,39.40486438901463],[-107.36366291162129,39.40486319621008],[-107.3635249055441,39.40485605528835],[-107.36339077193267,39.40483841181715],[-107.3632683746539,39.40479071812433],[-107.36315286385661,39.404725136166114],[-107.3630340456484,39.40466683769591],[-107.36291517640453,39.40460805364051],[-107.36279511409629,39.40455176223278],[-107.36267072046242,39.404505793191085],[-107.36253802008626,39.404476227420936],[-107.36239792826761,39.404462316551495],[-107.36225731837958,39.40446229925955],[-107.36211952281349,39.40447237802767],[-107.3619819501632,39.40448768646689],[-107.36184448834797,39.40450628086119],[-107.3617070036112,39.404526262980376],[-107.36156941993215,39.40454572441163],[-107.36143161427732,39.40456273967795],[-107.36129339807046,39.40457481705107],[-107.36115420277277,39.404578184197284],[-107.36101461290524,39.40457811766235],[-107.3608751639067,39.40458084997021],[-107.36073525655223,39.404586519416505],[-107.36059527856062,39.404592505451596],[-107.36045579599819,39.40459631003611],[-107.360317385949,39.40459541689129],[-107.36017691207675,39.404581880474005],[-107.3600542515784,39.404531125569044],[-107.36000209947764,39.40441443340418],[-107.36010583033386,39.404382534493166],[-107.36025340600358,39.40438043096802],[-107.36041192783593,39.40438472683792],[-107.36055775115369,39.404380937734906],[-107.36066494191839,39.4043531573805],[-107.3606471997759,39.40424856903967],[-107.36061546683204,39.404129255347286],[-107.36061684005169,39.404020549105915],[-107.36061628740609,39.40391224232983],[-107.36059755976129,39.40380562888432],[-107.36057260605916,39.40369655617889],[-107.36054018608503,39.40358853595922],[-107.36049285952251,39.403487178854164],[-107.3604232954426,39.403397895052485],[-107.360330670557,39.403320719244476],[-107.36022318639759,39.403250917220404],[-107.36010967326368,39.403183805095125],[-107.35999900877934,39.40311472508257],[-107.35989722081938,39.40303991512452],[-107.35979628364764,39.40296174538238],[-107.35970448804792,39.402879507056525],[-107.35963387059273,39.40278820804774],[-107.35962863013704,39.40267066279375],[-107.35973540931842,39.40262281908991],[-107.35988310134482,39.40259637976737],[-107.36002908206449,39.402601155951295],[-107.36015338116077,39.402637931376844],[-107.36027348523847,39.40268908046456],[-107.36039146872156,39.402748966382966],[-107.36050911126078,39.402812165489],[-107.36062814575239,39.40287324607259],[-107.36075035147925,39.40292677547533],[-107.36087565345564,39.40297672828187],[-107.36100286327584,39.40302711970251],[-107.36113192744536,39.40307326601626],[-107.36126279152278,39.40311045649433],[-107.36139539094383,39.403134025660215],[-107.36153110690151,39.40314223370399],[-107.36167119214284,39.40313951474168],[-107.36181293085191,39.40312729332368],[-107.36195356876449,39.40310688668357],[-107.36209031772833,39.40307963978417],[-107.36222015641306,39.40304618159949],[-107.3623347684363,39.402988572554634],[-107.36244022975896,39.40291377050581],[-107.36254876791676,39.402842743780425],[-107.36266995962733,39.40278982967155],[-107.36279941358471,39.40274500000458],[-107.36293352224268,39.402712499334974],[-107.3630694366967,39.40269840370841],[-107.36320770302679,39.40270306238858],[-107.36334766827376,39.402717452379356],[-107.36348795333213,39.40273168254345],[-107.36362716832404,39.402735888997704],[-107.36376455669411,39.40272417707147],[-107.3639020728992,39.40270868751719],[-107.36403977986717,39.402691283965666],[-107.36417746809464,39.40267195265746],[-107.36431490426071,39.40265066229995],[-107.36445184404833,39.4026273998436],[-107.36458806635011,39.40260215176817],[-107.36472334945063,39.40257488654823],[-107.36485744933813,39.402545600140556],[-107.3649901439939,39.40251425201879],[-107.36512064025193,39.40247902043821],[-107.3652473815457,39.4024350810946],[-107.36537094172775,39.402384296246545],[-107.36549207447294,39.40232903801769],[-107.36561153377508,39.40227168753086],[-107.36573001288015,39.402214546058644],[-107.36584416411158,39.402153050973226],[-107.36595402817501,39.4020863455825],[-107.36606311646607,39.40201868287809],[-107.36617404208945,39.40195316291793],[-107.36628448783661,39.40188685079742],[-107.36639429706328,39.40181957853042],[-107.36650381234848,39.401751861681895],[-107.3666133759687,39.40168420681232],[-107.36672333020194,39.401617120480985],[-107.36683400541915,39.40155110047892],[-107.36694577871523,39.40148665265403],[-107.36705895786486,39.40142429327311],[-107.36717391966245,39.4013645191782],[-107.36729105342259,39.40130785398255],[-107.36741448890612,39.40125623166651],[-107.3675447035086,39.40121209299957],[-107.36767936124018,39.40117744052583],[-107.36781606780904,39.40115426897732],[-107.36795271360164,39.40114406278293],[-107.36808998893794,39.40114216813211],[-107.36822818694533,39.4011459213306],[-107.36836712179391,39.40115394774813],[-107.36850655023069,39.40116489194355],[-107.36864628701369,39.40117739729525],[-107.36878610047269,39.40119010812843],[-107.36892579343478,39.40120165905758],[-107.36906515741641,39.401210693937756],[-107.36920470772887,39.401219400521754],[-107.36934519596335,39.40123145727636],[-107.36948576305238,39.40124309782934],[-107.36962549860338,39.4012504127112],[-107.369763480893,39.401249501697414],[-107.36989890756537,39.401236561236566],[-107.37003318875844,39.4012120851317],[-107.3701663593929,39.401178478138135],[-107.37029740639515,39.40113737356189],[-107.3704253509107,39.40109038599721],[-107.37054918020296,39.40103915776081],[-107.37066867494754,39.40098475642563],[-107.37078560175512,39.40092688471914],[-107.37090056400811,39.40086621504736],[-107.37101410920508,39.40080348401792],[-107.3711267497296,39.40073941994305],[-107.37123900987737,39.400674759899175],[-107.37135143746012,39.40061024949045],[-107.37146453326515,39.40054661725946],[-107.3715788328951,39.40048459103674],[-107.37169484967377,39.400424583782254],[-107.37181286830906,39.40036368871406],[-107.37193335558874,39.40030574324233],[-107.37205688514405,39.40025670877198],[-107.37218480532562,39.400224503920015],[-107.37232416890295,39.40022946274476],[-107.37246541357653,39.40024812208538],[-107.37260469886648,39.40026070397138],[-107.37274585344035,39.40027053577093],[-107.37288794281328,39.40027916811454],[-107.37303002029793,39.40028813386769],[-107.3731711392193,39.40029896590014],[-107.37331036512892,39.40031321485494],[-107.37344675168045,39.40033242261312],[-107.37357935253772,39.400358131059605],[-107.37370723267253,39.40039187284321],[-107.37382831770672,39.40043719491313],[-107.3739409440061,39.40049708627802],[-107.37404742849883,39.40056761668453],[-107.37415017359503,39.40064463790339],[-107.37425163970768,39.4007240005121],[-107.37435422951881,39.400801565267884],[-107.37446037989722,39.40087317420324],[-107.37457251670052,39.40093468758505],[-107.37469617169704,39.40097699221736],[-107.37483328634971,39.40099707537156],[-107.37497601864963,39.40100783620482],[-107.37511637094066,39.401022375291674],[-107.37525325185958,39.40104240866662],[-107.37565841106908,39.401075051647254],[-107.37592694613623,39.40106341174692],[-107.3760662099952,39.40106674643896],[-107.37620536656407,39.40106657857137],[-107.37634456759473,39.40106293207112],[-107.37648385251221,39.40105731067149],[-107.37662296630364,39.4010493862435],[-107.37676161914094,39.40103883137095],[-107.37690010082386,39.401025973472784],[-107.37704117328717,39.401013837240775],[-107.37718015267407,39.40099546420513],[-107.37731082383327,39.40096189114312],[-107.37743276036181,39.40091253219326],[-107.37755371381772,39.40085919312616],[-107.37767329546793,39.400802395418935],[-107.37779093273403,39.400742376014755],[-107.37790599471484,39.40067936404246],[-107.37801790884045,39.400613596449574],[-107.37812606712114,39.40054529289146],[-107.37822976476164,39.400474557885474],[-107.37832546163598,39.400397337630935],[-107.37841308687636,39.40031325520996],[-107.37849470036114,39.40022449378208],[-107.37857235067257,39.40013324574021],[-107.37864807540029,39.400041721714594],[-107.37872313487438,39.399950787838975],[-107.37879722548892,39.39985936921989],[-107.37887048802487,39.39976750802507],[-107.37894305318859,39.39967529167421],[-107.37901505046202,39.399582771574735],[-107.37908662215469,39.3994900349082],[-107.37915789774766,39.39939713308144],[-107.37922900763955,39.39930414450989],[-107.37930010513047,39.39921113813068],[-107.3793713090141,39.39911819259606],[-107.37944276037356,39.3990253590742],[-107.37951458960562,39.39893271597919],[-107.37958693840453,39.39884033248442],[-107.37965993686011,39.398748278000454],[-107.37973378590925,39.398656656524416],[-107.37980931006244,39.398565811549034],[-107.37988630868323,39.39847564807606],[-107.37996428644892,39.39838594200088],[-107.38004275964241,39.39829646898262],[-107.38012124516045,39.39820702268757],[-107.38019924768544,39.39811737901484],[-107.38027629480275,39.398027304386815],[-107.38035189181036,39.397936592711005],[-107.38042554339573,39.397845019890156],[-107.38049677776179,39.397752370355974],[-107.38056621297245,39.39765872155184],[-107.38063558505281,39.397564587501634],[-107.38070427533383,39.397469872761135],[-107.38077154850073,39.39737446625737],[-107.38083668053999,39.397278247678344],[-107.38089894774804,39.39718110571636],[-107.380957603218,39.397082929540254],[-107.38101194584915,39.3969835893636],[-107.38106124065283,39.39688298312241],[-107.3811050674715,39.39678104735257],[-107.38114553180378,39.39667823445239],[-107.38118342882643,39.39657470832633],[-107.38121906360927,39.39647056183103],[-107.38125272900457,39.39636587005442],[-107.3812847413763,39.396260716611614],[-107.38131539387979,39.39615518559274],[-107.3813450025693,39.3960493516093],[-107.38137384960598,39.3959433169943],[-107.3814022507344,39.39583714735577],[-107.38143049910313,39.395730926782655],[-107.38145891106578,39.395624738888436],[-107.38148777976743,39.395518667761614],[-107.38151740964858,39.395412788249786],[-107.38154810576046,39.39530719320627],[-107.38158017284636,39.39520196648107],[-107.3816117991905,39.39509641543217],[-107.38164148120325,39.394990030302125],[-107.38166984274557,39.394883059582085],[-107.38169749637805,39.39477576100318],[-107.38172508977377,39.394668400586134],[-107.38175323548627,39.39456123606117],[-107.38178255766887,39.394454524920356],[-107.3818136804714,39.3943485246552],[-107.38184722834664,39.39424350175959],[-107.38188382513162,39.39413970472075],[-107.38192410687593,39.39403739979321],[-107.3819686748173,39.393936853943465],[-107.38201816438752,39.393838315417845],[-107.38207811250633,39.393743103253776],[-107.38215403045018,39.393652807277434],[-107.38224268763665,39.393567349492706],[-107.3823408177768,39.39348662561206],[-107.38244510788272,39.3934105233034],[-107.38255229231478,39.393338956302436],[-107.38265991397748,39.393271713678935],[-107.38277196758601,39.39320812797837],[-107.38288881406093,39.393148227829045],[-107.38300964671951,39.39309219191343],[-107.38313365919078,39.39304020791978],[-107.3832600570182,39.39299247230437],[-107.38338801002189,39.39294915523131],[-107.38351695244015,39.392910349374674],[-107.38364819011913,39.392875190106466],[-107.38378171357255,39.39284339832756],[-107.38391703273693,39.39281490299348],[-107.3840536813687,39.39278965059205],[-107.38419115810996,39.392767579323966],[-107.38432899641182,39.392748626678454],[-107.38446671812292,39.392732730384935],[-107.38460404085647,39.39272012146476],[-107.38474271557854,39.39271380011688],[-107.38488258417969,39.39271389570778],[-107.38502283071642,39.39271963215673],[-107.38516264930863,39.39273018813452],[-107.3853012349895,39.39274476932481],[-107.38543827311803,39.392762319098786],[-107.38557559306044,39.39278132242171],[-107.38571306111363,39.39280194420142],[-107.38585023858266,39.392824598852556],[-107.38598667394527,39.392849665018296],[-107.38612191660208,39.392877548352516],[-107.38625553793426,39.39290861802322],[-107.38638707574377,39.3929432799263],[-107.38651606844809,39.39298195796537],[-107.38664182049892,39.393026387183674],[-107.38676467141455,39.39307630836485],[-107.38688540690207,39.39313024589788],[-107.38700483740006,39.393186768706954],[-107.38712374829149,39.39324439217197],[-107.38724293839614,39.393301685449146],[-107.38736321659412,39.39335717243899],[-107.38748535786975,39.39340940476223],[-107.38761011037293,39.39345716882691],[-107.38773645626327,39.3935046657984],[-107.38786376856636,39.39355291757768],[-107.38799199269303,39.3936006639931],[-107.38812110916061,39.39364665316152],[-107.3882510398477,39.393689616385984],[-107.38838176463794,39.39372828377851],[-107.3885132182217,39.39376142241651],[-107.38864536824555,39.393787744645564],[-107.38877842692999,39.39380598481497],[-107.38891747850792,39.39381474114766],[-107.38906152038766,39.393813556732674],[-107.38920666758851,39.39380223208792],[-107.38934900093548,39.393780586471344],[-107.3894846360683,39.393748438444526],[-107.38960967642095,39.393705588818634],[-107.38972500600812,39.39365242487546],[-107.38983872986753,39.393590662998],[-107.3899497612042,39.39352146068763],[-107.39005661658597,39.393445920537395],[-107.39015781321079,39.393365163150754],[-107.3902518679851,39.393280300132346],[-107.39033732072923,39.393192433610075],[-107.39041267677736,39.39310267543251],[-107.39047608770268,39.39301129785628],[-107.39052441799406,39.39291284271372],[-107.39055888185038,39.39280784363275],[-107.39058159519429,39.39269841933625],[-107.39059462660923,39.39258666248708],[-107.39060006910405,39.39247470127928],[-107.39060000284249,39.39236462813227],[-107.3905948742939,39.39225795642364],[-107.39057671211005,39.39215212023493],[-107.39054728440911,39.392046533649854],[-107.39051027358654,39.39194124708912],[-107.39046939559371,39.39183627424963],[-107.39042837919187,39.3917316646065],[-107.39038992110314,39.39162750687325],[-107.39034611365334,39.391524459106265],[-107.39029780469612,39.39142218854917],[-107.39024928004838,39.39132005754073],[-107.39020486061928,39.39121743671467],[-107.39016884470414,39.39111371519457],[-107.39014539042185,39.39100825796168],[-107.39013441342748,39.390900976665556],[-107.39013222907364,39.390792433540625],[-107.39013521105382,39.39068319862825],[-107.39013975690305,39.39057385949727],[-107.39014222875673,39.39046498642572],[-107.39013900098985,39.39035716745864],[-107.39012645929415,39.39025098139798],[-107.39009006947947,39.39014887115771],[-107.3900232567936,39.390052440344675],[-107.38994808814543,39.38995882993005],[-107.38987683290517,39.389865913830164],[-107.38980388007604,39.38977360015047],[-107.38972956213438,39.38968176493555],[-107.38965430406628,39.38959027332058],[-107.3895785302419,39.389498972436066],[-107.38950265434919,39.38940773666075],[-107.38942710106244,39.38931642213027],[-107.38935228345227,39.389224885219804],[-107.38927863871375,39.389133008837575],[-107.38920657929992,39.389040631355215],[-107.38913653049327,39.38894762691851],[-107.38906890535793,39.388853851906816],[-107.38900414046789,39.388759171226646],[-107.3889446009029,39.388662464200046],[-107.38889976173422,39.38855968024755],[-107.38886925383379,39.388452592775515],[-107.38885125978811,39.38834374369147],[-107.38884389196161,39.3882356583216],[-107.3888433991609,39.38812830561556],[-107.38884732213263,39.388020727060066],[-107.38885470979943,39.38791295120135],[-107.38886461201108,39.387805033594006],[-107.38887607739464,39.38769699378103],[-107.3888881561188,39.387588896319954],[-107.38889987361853,39.387480761230755],[-107.38891030266393,39.387372634588885],[-107.38891848091808,39.3872645541821],[-107.38892348085557,39.387156557083095],[-107.38892623487041,39.38704840791699],[-107.38892705560848,39.3869400822428],[-107.38892519479586,39.386831766607216],[-107.38891990416317,39.3867236475565],[-107.38891043483127,39.38661589363064],[-107.38889632581967,39.38650860439029],[-107.38888000147033,39.38640103632232],[-107.3888615469984,39.38629330479502],[-107.38884002581462,39.38618586148909],[-107.38881452453815,39.38607915760754],[-107.38878409468047,39.38597363606415],[-107.3887478231766,39.385869757061926],[-107.38870349150653,39.38576816978283],[-107.38864787850594,39.38566939985081],[-107.38858467824005,39.38557248847129],[-107.38851816299369,39.385476410924426],[-107.3884525802938,39.38538009796202],[-107.38839217949094,39.385282534363306],[-107.38834123127671,39.38518265042249],[-107.38830186071596,39.38507978087337],[-107.38827122061015,39.38497452475378],[-107.38824730430184,39.38486761699078],[-107.38822812896026,39.384759810037465],[-107.38821172305957,39.38465184710339],[-107.38819621765592,39.38454441523471],[-107.38818406382896,39.38443653614661],[-107.38817788225516,39.384328119985476],[-107.38817898460883,39.38421984253546],[-107.38818857691531,39.38411234571219],[-107.38820579326668,39.38400543107506],[-107.388228266275,39.38389878686951],[-107.38825372843871,39.383792306502514],[-107.38827994645996,39.383685864661636],[-107.38830467514612,39.38357932727122],[-107.38832717048744,39.38347266456585],[-107.38834949144244,39.3833659964274],[-107.38837176531844,39.383259311232095],[-107.38839400402391,39.38315261774472],[-107.38841620817304,39.38304593397104],[-107.38843841195549,39.38293924119052],[-107.38846062727946,39.38283254816775],[-107.38848286574604,39.38272585466448],[-107.38851277030727,39.38262030103395],[-107.38854239421006,39.38251469009485],[-107.38857212336214,39.38240910401347],[-107.3886023897662,39.38230361499967],[-107.38863360222035,39.382198295739606],[-107.38866735743213,39.38209332965788],[-107.38870432947792,39.38198873894367],[-107.38874223502796,39.38188429120869],[-107.38877875504174,39.381779727773264],[-107.38881159400125,39.38167479848646],[-107.38883842129222,39.381569244911276],[-107.38885623038952,39.38146273240377],[-107.3888631459099,39.381355074260064],[-107.3888628973866,39.38124669838845],[-107.38885958678681,39.38113806108225],[-107.38885730537238,39.38102964588244],[-107.38885619296275,39.38092146793554],[-107.38885239156227,39.380813074945365],[-107.38884686804245,39.38070456417078],[-107.38884068146086,39.38059601295875],[-107.38883489117558,39.380487507659545],[-107.38883053364358,39.380379144103316],[-107.38882867950355,39.38027099939994],[-107.38883036550646,39.3801631783829],[-107.38883663876956,39.380055749635744],[-107.38884857083325,39.37994881727651],[-107.38886640344334,39.37984232228261],[-107.38888915567046,39.37973609560753],[-107.38891619007175,39.379630168361196],[-107.38894689179543,39.37952455317096],[-107.3889806108847,39.37941925437641],[-107.3890167324956,39.37931428460543],[-107.38905463018747,39.37920965672472],[-107.38909366622998,39.3791053928428],[-107.38913321388311,39.37900149682473],[-107.38917306740677,39.37889806298892],[-107.38921868322849,39.378796123409806],[-107.38926990529866,39.378695528129946],[-107.38932398353495,39.37859563092284],[-107.38937822525742,39.37849576636867],[-107.38942989201244,39.37839528801141],[-107.38947628046915,39.37829355768708],[-107.38951670677002,39.37819026512049],[-107.38955404490014,39.378085945875235],[-107.38958804611377,39.37798079425891],[-107.38961834566409,39.37787500696271],[-107.3896446017004,39.37776877119806],[-107.38966642566612,39.377662266126904],[-107.38967938736158,39.37755493411837],[-107.38968335308196,39.37744659773774],[-107.38968387007696,39.37733789076732],[-107.38968648648336,39.37722947399824],[-107.38969677298962,39.37712198973943],[-107.38971825486065,39.37701567186547],[-107.38974640653757,39.376909550274576],[-107.38978082881242,39.3768041737192],[-107.38982173275218,39.37670028562285],[-107.38986932850332,39.376598602399106],[-107.38992373579862,39.37649957204097],[-107.3899840209349,39.376402366859615],[-107.39004853991608,39.376306435031786],[-107.39011566219702,39.37621127851616],[-107.39018373434722,39.376116408754335],[-107.39025112614377,39.3760213367147],[-107.39031619577098,39.375925573607546],[-107.39037728951358,39.375828621882015],[-107.39043278907866,39.37573000128065],[-107.3904806771752,39.37562910461113],[-107.39052123561035,39.37552602519148],[-107.39055661024015,39.37542139461294],[-107.39058897103133,39.37531587099542],[-107.39062047541705,39.37521008568611],[-107.3906728582653,39.37504668960286],[-107.39077318189669,39.37497173361315],[-107.39087246786042,39.37489597002103],[-107.39097208700744,39.37482045175405],[-107.39107336532552,39.3747462777035],[-107.39117758455473,39.37467461073047],[-107.39128537369832,39.37460619466935],[-107.3913959249221,39.374540487548806],[-107.39150936529175,39.37447781108038],[-107.3916258609774,39.37441861230004],[-107.39174601848725,39.37436399587007],[-107.39187579199431,39.37432482157515],[-107.39200846221166,39.374291957084],[-107.39213581055499,39.37424805748858],[-107.39224184158651,39.37417817217194],[-107.39233468183487,39.374097629902835],[-107.39242034020243,39.374012433379896],[-107.3924998768235,39.373923713991445],[-107.39257423852075,39.37383234418523],[-107.39264431741647,39.37373895428204],[-107.39271093172904,39.373644049991164],[-107.39277406134454,39.373547721824536],[-107.39283245189756,39.373449608198705],[-107.39288683702912,39.37335011745978],[-107.39293813566285,39.373249645130606],[-107.39298725265877,39.373148514947744],[-107.39303512705614,39.37304703192428],[-107.39308268475232,39.3729454562961],[-107.3931308400405,39.372844048536344],[-107.39318078928633,39.37274317142319],[-107.39323297848964,39.372642968933626],[-107.39328141452519,39.37254163641726],[-107.39331836500355,39.37243742304294],[-107.39333618958138,39.372330251809124],[-107.39333895264478,39.372222210308756],[-107.39333658449034,39.37211414827095],[-107.39333904536387,39.37200609496752],[-107.39334170373415,39.371898046607484],[-107.3933427244513,39.37178996888184],[-107.39334804244207,39.37168196488875],[-107.39336437506218,39.37157461713156],[-107.39339843843808,39.3714698324905],[-107.39344965358403,39.37136935263855],[-107.39351334502986,39.37127324674752],[-107.39358589699306,39.37118100361249],[-107.39366622066419,39.37109269067251],[-107.39376025481185,39.371012942554],[-107.3938690980175,39.37094537634158],[-107.39399640748053,39.3709019080011],[-107.39413315959668,39.37088205654203],[-107.39426860604848,39.370856267690485],[-107.3943902083828,39.37080408736455],[-107.39450167739054,39.37073934045269],[-107.39461176244792,39.37067316243453],[-107.39472075393095,39.37060589869512],[-107.39482868940469,39.370537629547066],[-107.3949359285334,39.3704686899378],[-107.39503957448605,39.37039650882841],[-107.39513413217176,39.37031720830417],[-107.39523253790163,39.37024046815976],[-107.39535040147507,39.37018321056013],[-107.3954830301832,39.37015076646405],[-107.39562008671992,39.37013172684071],[-107.39575842195705,39.370119534759],[-107.39589699905756,39.370108986219606],[-107.39603510201385,39.37009509584977],[-107.3961712607455,39.370072551465654],[-107.39630466029816,39.37004162212418],[-107.39643561030424,39.37000491413182],[-107.39656446527319,39.369963969779455],[-107.3966916125719,39.369919934273064],[-107.39681862349364,39.36987564918088],[-107.39694549680549,39.369831078491806],[-107.39706883049418,39.36978076065659],[-107.39718375283768,39.36971834549161],[-107.3972470247376,39.36962339942563],[-107.3972608118987,39.36951545495617],[-107.39731855001448,39.36941788410797],[-107.39742398646668,39.36934794332833],[-107.39754687223648,39.36929712070103],[-107.39767455605632,39.36925389291241],[-107.39780577593271,39.36921767333699],[-107.39794132665617,39.36919303127317],[-107.3980798383467,39.369182670691764],[-107.39821906139524,39.369180547730416],[-107.39835823846335,39.36918352477362],[-107.39849722039577,39.36918995620848],[-107.39863604514622,39.369198237610135],[-107.3987748330802,39.369206798890886],[-107.39891376007907,39.3692139967437],[-107.3990526864816,39.36922117642384],[-107.39919128435545,39.36923164207326],[-107.39932889312787,39.36924881280816],[-107.39946037489044,39.3692836507497],[-107.39958890738977,39.36932590992828],[-107.39972445477123,39.36935168148699],[-107.39986082657627,39.36933475917096],[-107.39998696234568,39.3692890742504],[-107.40010887235171,39.36923659335068],[-107.40023699391145,39.36919433573347],[-107.40037265358478,39.36917086880073],[-107.40051072775546,39.36915655930376],[-107.40064936932284,39.36914661641496],[-107.4007883082727,39.36913959522053],[-107.4009273358434,39.369133806294506],[-107.40106633389091,39.36912749527673],[-107.40120518080488,39.36911948446965],[-107.40134414509428,39.3691128675032],[-107.40148319122768,39.369107284741595],[-107.40162212225101,39.369100037484195],[-107.40176051248042,39.36908818850598],[-107.40189795166371,39.36907094446068],[-107.40203445034146,39.36904962949014],[-107.4021701414044,39.369025412052146],[-107.4023052459124,39.36899932364432],[-107.40243976601626,39.36897142728889],[-107.40257308305132,39.368940267264776],[-107.40270561261451,39.368907132318625],[-107.40283830672149,39.368874399237896],[-107.4029721214174,39.368844561842224],[-107.40310718580612,39.36881833819782],[-107.40324290258413,39.36879421808394],[-107.40337897380431,39.36877129772369],[-107.40351521856279,39.36874904030097],[-107.40365150234655,39.36872690804174],[-107.40378765429836,39.36870431887782],[-107.40392351422888,39.368680663493535],[-107.40405898162085,39.36865571873721],[-107.40419497401727,39.36863254679688],[-107.40433080272774,39.368608666353516],[-107.40446477936561,39.36857850857773],[-107.40459174760286,39.3685301527733],[-107.40465108447106,39.36843653640769],[-107.40467434861313,39.36832909793515],[-107.40468374575086,39.36822073893275],[-107.40465622136068,39.36811575597894],[-107.404593010876,39.36801936687047],[-107.4045161655272,39.36792915164708],[-107.40443077019869,39.36784378891434],[-107.40433689477298,39.36776396190965],[-107.40423429037408,39.36769087398394],[-107.4041213622842,39.36762777437089],[-107.40400026255179,39.367574465401745],[-107.4038749530573,39.36752734255848],[-107.40374823848713,39.36748256398794],[-107.40362239125331,39.36743633488585],[-107.40349708317049,39.367389238627375],[-107.40337121398878,39.36734303673032],[-107.4032448511337,39.36729766473517],[-107.40311825783633,39.36725267574944],[-107.40299165371499,39.36720770486585],[-107.40286532489388,39.367162295711836],[-107.40273926921407,39.367116385268275],[-107.40261148516473,39.36707354649908],[-107.4024824958126,39.3670327865884],[-107.4023556151625,39.366988190092265],[-107.40223553054706,39.366933272661704],[-107.40213342978186,39.366860217480514],[-107.40205550165163,39.366770788716686],[-107.4019925919852,39.36667422974704],[-107.40194140703319,39.366573662746355],[-107.4019133869667,39.36646795955906],[-107.40187646567064,39.366364314104246],[-107.40180899772378,39.36626985821547],[-107.40169249594112,39.36613486427016],[-107.37563918685514,39.366099434256256],[-107.3622592427011,39.36611975833226],[-107.34755304825421,39.366102252098294],[-107.32441892571235,39.3660669625535],[-107.30555889574411,39.36610006712222],[-107.26862872057643,39.366069610727806],[-107.25455849834897,39.366027914442135],[-107.2364580902731,39.366228703425364],[-107.20330304542408,39.36625724350113],[-107.20323975421742,39.36625727112633],[-107.19895701123983,39.36625895893163],[-107.14211562212508,39.3662294353556],[-107.12569492401529,39.366129738648176],[-107.12338499486665,39.366041289373726],[-107.11362465108793,39.366029839121545],[-107.1135247285546,39.379109218478916],[-107.11356500161727,39.39564123848523],[-107.11356481319403,39.39601964258635],[-107.11356394025428,39.396663849515924],[-107.11351532349832,39.43963166294641],[-107.11356539265415,39.454100153026644],[-107.1135654445549,39.48339924493541],[-107.11347291608838,39.486731583991386],[-107.11363559775047,39.498047463029984],[-107.11351576925871,39.51573097722071],[-107.11356565335171,39.52678933469707],[-107.1134959582119,39.555751825585624],[-107.11349879138707,39.55657349652712],[-107.1135272114916,39.556571528985295],[-107.11355044060315,39.55656955677435],[-107.11357366834618,39.55656753953705],[-107.11359689047009,39.55656572060244],[-107.11362010299803,39.556564352303994],[-107.11364330222679,39.55656369597946],[-107.11366647227457,39.556563995169576],[-107.11368974015251,39.55656483313454],[-107.11371323438735,39.55656545976189],[-107.11373691009034,39.556565929924254],[-107.11376071156086,39.55656632571886],[-107.11378459500396,39.55656673803572],[-107.11380849226681,39.55656722217084],[-107.11383237118693,39.556567868802574],[-107.11385617551726,39.5565687420197],[-107.11387983819884,39.556569933135705],[-107.11390333760816,39.556571496600085],[-107.11392659532763,39.55657353294238],[-107.11394956674283,39.556576106039856],[-107.11397221914505,39.55657928856242],[-107.11399447357012,39.556583163031114],[-107.11401630894181,39.55658780190426],[-107.1140376460226,39.55659327869857],[-107.11405845292438,39.556599693097176],[-107.11407874510863,39.5566071709495],[-107.114098566097,39.55661561236125],[-107.11411795995805,39.55662493544677],[-107.11413695803411,39.556635022514726],[-107.11415561602571,39.556645791467744],[-107.11417396527494,39.556657124614354],[-107.11419204957642,39.55666893106449],[-107.11420992408345,39.55668111071199],[-107.11422762041134,39.55669355486974],[-107.11424517072219,39.556706172859194],[-107.11426264125438,39.55671884635377],[-107.11428006444338,39.55673149367931],[-107.11429747190412,39.556744006148534],[-107.11431491878945,39.55675628365517],[-107.11433243698765,39.55676822651628],[-107.11434974265684,39.55678045253169],[-107.11436670687617,39.5567933154115],[-107.11438337179908,39.55680667023947],[-107.11439980421095,39.55682041669766],[-107.11441605844435,39.556834427666736],[-107.1144321888317,39.55684857602738],[-107.11444827296995,39.55686273423681],[-107.11446435410619,39.556876793395986],[-107.11448050983721,39.55689062596212],[-107.11449677095708,39.55690409623473],[-107.11451322751526,39.55691710347232],[-107.11452992193801,39.55692951176271],[-107.11454692073654,39.55694121178331],[-107.11456427769562,39.55695205840583],[-107.1145820712321,39.556961951100234],[-107.11460033213943,39.55697075416602],[-107.11461918262818,39.556978276182676],[-107.11463966853974,39.556982930490825],[-107.11466184092144,39.55698448191813],[-107.11468522625806,39.556983434595686],[-107.11470939701688,39.556980273799326],[-107.11473390294822,39.556975503237325],[-107.11475828217094,39.5569696268301],[-107.11478209524866,39.55696312106187],[-107.11480489220776,39.556956498646336],[-107.11482647378865,39.55695009655634],[-107.11484801062034,39.55694337094143],[-107.11486957975158,39.55693617624979],[-107.11489107594416,39.55692849637861],[-107.11491237042164,39.5569203066443],[-107.11493332332245,39.556911600583845],[-107.11495382886137,39.55690234408603],[-107.11497374717699,39.556892530687975],[-107.11499297248419,39.55688212627857],[-107.11501135356298,39.556871133611224],[-107.11502878435483,39.55685950957059],[-107.115045111725,39.55684719387987],[-107.11506012096237,39.55683363187056],[-107.11507393003131,39.55681887545146],[-107.11508676760573,39.556803172720656],[-107.11509884990657,39.55678674497487],[-107.11511041778726,39.556769858108964],[-107.11512167611,39.55675274263555],[-107.11513286490735,39.55673563743618],[-107.11514418958852,39.556718791032026],[-107.11515589018597,39.55670244230457],[-107.1151681721088,39.55668683977477],[-107.11518127538932,39.55667222232382],[-107.11519540516316,39.55665882946825],[-107.11521080173635,39.55664690909329],[-107.1152276702448,39.55663670071515],[-107.11524611620013,39.556628229440044],[-107.11526566350926,39.556620765171395],[-107.11528617956652,39.55661415716473],[-107.11530754750268,39.556608389528826],[-107.11532966043914,39.55660339213477],[-107.11535243585627,39.55659913044738],[-107.11537575579044,39.556595552558335],[-107.1153995258162,39.55659261514003],[-107.11542362824353,39.556590275288706],[-107.1154479802792,39.556588489465106],[-107.1154724636859,39.55658719675688],[-107.11549698458528,39.55658637184551],[-107.1155214360985,39.556585944602645],[-107.11554572434721,39.556585889709915],[-107.11556973136747,39.55658615525968],[-107.11559336245978,39.55658668892073],[-107.11561652347187,39.55658745637058],[-107.11563951656856,39.55658844309745],[-107.11566251650726,39.55658965492821],[-107.11568552328819,39.55659109186281],[-107.11570852445836,39.556592727100124],[-107.11573152001793,39.55659456064012],[-107.11575453268425,39.55659657405043],[-107.11577753891935,39.556598758750404],[-107.1158005384497,39.556601105735695],[-107.11582354263402,39.55660360579011],[-107.11584655065141,39.55660623190065],[-107.1158695627757,39.55660899307163],[-107.11589256655367,39.556611862501924],[-107.11591557361768,39.556614839979616],[-107.11593858342044,39.556617907496054],[-107.1159615956884,39.55662105604692],[-107.11598459824191,39.55662426783538],[-107.1160076027133,39.5566275426496],[-107.11603060855519,39.55663086248085],[-107.11605361549397,39.55663421832485],[-107.11607661162367,39.55663760138912],[-107.11609960802912,39.55664099345308],[-107.1161226044366,39.55664438551244],[-107.11614560057241,39.55664776856286],[-107.11616859588908,39.55665112459565],[-107.1161915903866,39.55665445361082],[-107.11621457188518,39.55665773781159],[-107.11623756337555,39.55666096776986],[-107.11626054104569,39.55666412590076],[-107.11628352788625,39.55666720277611],[-107.11630650063272,39.55667019881977],[-107.11632947064345,39.55667310481551],[-107.11635241903392,39.55667606525644],[-107.1163753582577,39.5566791069437],[-107.11639827640886,39.55668222108488],[-107.11642119647821,39.55668539825181],[-107.11644409438003,39.556688611855314],[-107.1164669817466,39.556691861683525],[-107.1164898810211,39.55669512029954],[-107.11651276921287,39.55669839713159],[-107.11653565685904,39.556701655950405],[-107.11655855559185,39.55670489654404],[-107.1165814529577,39.55670809211148],[-107.11660436086257,39.55671125144504],[-107.11662729011726,39.55671434731985],[-107.11665022854196,39.55671736193915],[-107.1166731877688,39.55672029509099],[-107.11669615534404,39.55672311997432],[-107.11671919572629,39.55672604262904],[-107.11674234367989,39.55672944081312],[-107.11676559537206,39.55673318846584],[-107.11678889989318,39.55673714236567],[-107.116812241504,39.556741167659546],[-107.11683560473895,39.55674513849874],[-107.11685894977245,39.556748893441174],[-107.11688224978009,39.55675231585449],[-107.11690547684199,39.556755253089065],[-107.11692860385953,39.55675757950822],[-107.11695160291244,39.55675914246236],[-107.11697445853409,39.556759816102996],[-107.11699713144534,39.55675945699678],[-107.11701959427316,39.556757930502904],[-107.11704183346725,39.55675517380319],[-107.11706394167992,39.55675155459144],[-107.11708592274425,39.556747198928335],[-107.11710780184107,39.556742169420346],[-107.1171295811606,39.55673653810217],[-107.11715126261927,39.55673036800416],[-107.11717288330426,39.55672373052504],[-107.11719442214155,39.55671669812351],[-107.1172159159446,39.5567093331939],[-107.11723736663022,39.55670169876657],[-107.1172587763891,39.55669386687612],[-107.11728017067655,39.556685909133265],[-107.11730153950352,39.55667787977598],[-107.1173229205054,39.55666986821155],[-107.11734430341939,39.55666191967357],[-107.11736571424886,39.55665412378137],[-107.11738714273112,39.55664652576849],[-107.11740862622804,39.55663920603793],[-107.11743015502489,39.55663222783188],[-107.11745163482331,39.556625169431065],[-107.11747300676895,39.55661762648887],[-107.11749428632822,39.55660972485392],[-107.11751550005212,39.55660157215416],[-107.11753668667181,39.556593293814096],[-107.11755786138019,39.556585006678006],[-107.11757906236086,39.55657681816174],[-107.1176003050809,39.55656885411378],[-107.11762163935636,39.55656122173787],[-107.11764306874842,39.556554038090255],[-107.11766463171516,39.55654741959096],[-107.11768636671464,39.556541482660045],[-107.1177082889407,39.55653634414156],[-107.11773042549352,39.55653212967191],[-107.11775281428382,39.55652893766234],[-107.11777550279012,39.556526415883766],[-107.11779848483923,39.5565239788428],[-107.11782173798862,39.55652165397626],[-107.1178452162574,39.55651946014093],[-107.117868897751,39.55651744278239],[-107.11789271349816,39.556515630185864],[-107.11791666432094,39.556514049364274],[-107.11794068152219,39.556512737607186],[-107.11796474265957,39.55651172235162],[-107.11798881393266,39.55651104025111],[-107.11801283800267,39.55651071937897],[-107.11803679242745,39.55651078717236],[-107.11806064368062,39.55651128928911],[-107.11808434578181,39.55651224458628],[-107.11810785357247,39.5565136989339],[-107.1181311443367,39.55651567076489],[-107.11815417264211,39.55651819694499],[-107.11817690441454,39.556521305123574],[-107.11819929422172,39.556525032166505],[-107.11822130826347,39.55652941472752],[-107.11824291219179,39.55653447145175],[-107.11826408411275,39.55654024778519],[-107.11828494732327,39.5565465883215],[-107.11830562758607,39.55655341869314],[-107.11832612407949,39.55656071188718],[-107.11834644734013,39.55656843167436],[-107.11836660845246,39.556576559833964],[-107.11838660659474,39.5565850693531],[-107.11840646448371,39.55659394179903],[-107.11842618102348,39.556603141154504],[-107.11844577920476,39.55661265799099],[-107.11846526928986,39.55662244707486],[-107.11848463937265,39.55663249961395],[-107.118503923528,39.556642787958964],[-107.11852312065986,39.55665327609268],[-107.1185422418526,39.55666394579436],[-107.11856130982262,39.55667477863114],[-107.11858031211575,39.55668574780222],[-107.11859925926811,39.556696817078155],[-107.11861818562839,39.556707967814006],[-107.11863707901632,39.55671918221326],[-107.11865596160018,39.55673042383432],[-107.11867483283189,39.556741674668594],[-107.11869371487973,39.5567528982745],[-107.11871260774367,39.556764094652095],[-107.11873152141159,39.55677520956323],[-107.11875047887384,39.556786233579324],[-107.11876947958223,39.55679714869171],[-107.11878852216634,39.55680790987874],[-107.11880764124876,39.55681850749969],[-107.11882682437489,39.55682891475365],[-107.1188461053451,39.5568390949869],[-107.11886540602234,39.556849157736295],[-107.11888465101053,39.55685930258201],[-107.11890384003563,39.55686952051972],[-107.11892296146542,39.55687981176164],[-107.11894204992262,39.556890166666975],[-107.11896109295273,39.55690055843495],[-107.11898010273623,39.55691100486207],[-107.11899910144132,39.55692146950671],[-107.11901807770978,39.55693196158537],[-107.11903703099348,39.556942463089435],[-107.11905599618919,39.55695297338239],[-107.11907496084238,39.55696346566342],[-107.1190939484916,39.5569739485125],[-107.11911294695648,39.556984404133175],[-107.11913196759508,39.556994823308926],[-107.11915102176555,39.557005196823226],[-107.11917012082604,39.55701551545959],[-107.11918927613469,39.55702577000146],[-107.11920847551093,39.557035942652355],[-107.1192277424934,39.557046041992194],[-107.11924707653381,39.55705605001233],[-107.11926648871615,39.557065948491854],[-107.11928599067264,39.55707573721858],[-107.11930557049675,39.55708540740032],[-107.11932526253707,39.55709494039177],[-107.11934505516122,39.557104336405125],[-107.11936495945311,39.557113577219475],[-107.11938498731905,39.55712267162686],[-107.11940511631688,39.557131647064615],[-107.11942528076501,39.557140639870696],[-107.11944549119914,39.5571496138156],[-107.11946575979992,39.55715858669575],[-107.11948607411256,39.55716753171036],[-107.11950643441119,39.55717645786374],[-107.11952684014751,39.55718534714724],[-107.11954729104731,39.557194190556494],[-107.11956779846872,39.55720297887496],[-107.11958836241172,39.557211712102585],[-107.11960897096975,39.55722038144729],[-107.11962963550091,39.55722897769248],[-107.11965034409867,39.55723749204605],[-107.1196711081211,39.55724591529145],[-107.11969192756813,39.557254247428645],[-107.1197128018913,39.55726247044895],[-107.11973373109053,39.55727058435235],[-107.11975471461736,39.55727857113024],[-107.11977576410399,39.557286430570265],[-107.11979685628572,39.557294163096955],[-107.11981801360442,39.55730174127279],[-107.11983922470185,39.55730917431438],[-107.11986050093604,39.55731645300506],[-107.11988183012609,39.55732355954849],[-107.11990322390422,39.55733049373232],[-107.11992467008946,39.55733723776021],[-107.11994618058822,39.557343800424164],[-107.11996776648421,39.557350163503244],[-107.1199893928803,39.55735632763428],[-107.12001109412482,39.55736227417173],[-107.12003286966912,39.557367985107],[-107.12005482788344,39.55737319719219],[-107.12007701447395,39.55737788256513],[-107.12009940672402,39.55738205965891],[-107.12012197138165,39.55738578313615],[-107.1201447209015,39.55738907979743],[-107.12016761039933,39.55739200451764],[-107.12019062906522,39.55739458452195],[-107.12021377799589,39.55739685582754],[-107.12023702393958,39.557398873097114],[-107.12026035608649,39.55740066355583],[-107.12028375254306,39.55740227264979],[-107.12030719141579,39.55740374582513],[-107.12033067325311,39.55740510109048],[-107.1203541650778,39.55740640211288],[-107.1203776560803,39.5574076761176],[-107.12040113572542,39.55740895933412],[-107.12042458211988,39.55741029720871],[-107.12044796173817,39.55741173539985],[-107.12047128703563,39.5574133007082],[-107.12049452448682,39.5574150387923],[-107.12051767381763,39.55741694064788],[-107.12054085365769,39.55741869779291],[-107.12056408590001,39.557420264781136],[-107.12058734782836,39.55742166004584],[-107.12061066353014,39.55742291017524],[-107.12063399865687,39.557424033814954],[-107.12065736566367,39.557425057765535],[-107.12068075319245,39.55742599124366],[-107.12070416179172,39.55742685225788],[-107.12072756929408,39.55742767725017],[-107.12075098788044,39.55742848401674],[-107.12077439456046,39.55742928198662],[-107.12079780206383,39.55743010696468],[-107.12082118740022,39.55743096837996],[-107.12084455111831,39.557431884241076],[-107.12086790594793,39.557432890352906],[-107.1208912175408,39.55743400536115],[-107.12091448617143,39.55743523827014],[-107.12093772429529,39.557436615880455],[-107.12096090947092,39.55743816562976],[-107.12098405360521,39.55743989631001],[-107.12100712262438,39.5574418355713],[-107.1210301289841,39.557444010214176],[-107.12105307295894,39.55744642924299],[-107.1210759321076,39.55744912009543],[-107.12109871888576,39.55745210957211],[-107.12112141030343,39.55745540710212],[-107.12114400718403,39.557459039698394],[-107.12116651007666,39.55746302536965],[-107.12118891733535,39.557467310090075],[-107.12121125085305,39.55747184841339],[-107.12123352143924,39.55747661311434],[-107.1212557290941,39.55748160419293],[-107.12127786136229,39.55748679484869],[-107.12129994150867,39.55749218465688],[-107.12132196898466,39.557497755608864],[-107.12134394351598,39.5575034987004],[-107.12136586482838,39.55750940492722],[-107.12138775563787,39.55751545585588],[-107.12140959213107,39.557521633902624],[-107.12143140893072,39.55752792942592],[-107.12145318277221,39.55753434285064],[-107.1214749360971,39.557540846739045],[-107.12149666863101,39.55754743208683],[-107.12151838009963,39.55755408988971],[-107.12154007022853,39.557560811143375],[-107.12156176173366,39.557567577414375],[-107.12158343080146,39.557574371118996],[-107.12160511205458,39.557581182615614],[-107.1216267822283,39.557588012329106],[-107.12164846376407,39.55759483282171],[-107.12167014475503,39.557601635301495],[-107.12169184819143,39.557608410339334],[-107.12171356216646,39.55761514914336],[-107.12173529776354,39.557621833492504],[-107.12175706606602,39.55762844516567],[-107.12177885544152,39.557634984375326],[-107.12180067669892,39.55764142389613],[-107.12182252983818,39.55764776372799],[-107.12184442594256,39.55765398564992],[-107.12186637664439,39.55766008944936],[-107.1218883575809,39.55766603953404],[-107.12191040392352,39.557671844270864],[-107.12193250321633,39.55767747685934],[-107.12195466709154,39.55768293708697],[-107.12197688336762,39.55768820715764],[-107.12199918803954,39.55769332245103],[-107.12202153457764,39.557698283817075],[-107.1220439581534,39.55770309962254],[-107.12206642469306,39.557707797517764],[-107.12208893392202,39.55771236849844],[-107.12211149802155,39.55771683036066],[-107.12213409455035,39.55772121054224],[-107.12215672323381,39.55772550003888],[-107.12217938462086,39.55772971685915],[-107.12220206762814,39.55773387922415],[-107.12222477253009,39.557737996138144],[-107.1222474879688,39.55774207681795],[-107.12227021449333,39.557746139272126],[-107.12229294047124,39.55775018371319],[-107.12231566645163,39.55775422814973],[-107.12233838135116,39.557758290802866],[-107.12236109680222,39.557762371460065],[-107.1223837903637,39.557766497559264],[-107.12240646176112,39.557770660096175],[-107.12242911181812,39.55777488608373],[-107.12245171754458,39.55777918495123],[-107.12247430275441,39.55778357428227],[-107.12249684390841,39.5577880454976],[-107.12251933047241,39.55779263482699],[-107.12254177380446,39.5577973330536],[-107.12256416309593,39.55780216740292],[-107.12258648671452,39.5578071380875],[-107.12260874548411,39.557812272120245],[-107.12263093940481,39.557817569501196],[-107.12265305711898,39.557823039447214],[-107.12267509890134,39.55782869096262],[-107.1226970752861,39.55783448781778],[-107.1227189976312,39.557840420795856],[-107.12274087674538,39.557846462671414],[-107.12276270154553,39.55785263166564],[-107.12278448311496,39.55785890955742],[-107.12280622145374,39.55786529634677],[-107.12282791628738,39.557871783029405],[-107.12284957897376,39.557878360388514],[-107.12287119788057,39.55788502863668],[-107.12289277273324,39.55789177876959],[-107.12291432679666,39.55789861036219],[-107.12293583625687,39.557905505830966],[-107.12295732465336,39.557912473755174],[-107.1229787800791,39.557919505343015],[-107.12300021361737,39.55792658237342],[-107.12302162554279,39.55793371385065],[-107.12304301558079,39.557940890770446],[-107.12306438345678,39.55794810412852],[-107.12308574052855,39.557955344708],[-107.12310708679611,39.55796261250889],[-107.12312841062712,39.55796990774378],[-107.12314972310466,39.557977212191524],[-107.1231710358612,39.55798452563951],[-107.12319233698966,39.55799183929604],[-107.12321363812246,39.557999152948554],[-107.12323493898495,39.55800645759275],[-107.12325622767001,39.55801374443691],[-107.12327752771716,39.558021022060146],[-107.1232988383024,39.55802826344959],[-107.12332013753415,39.55803551405189],[-107.12334141432939,39.558042792088244],[-107.12336268059516,39.558050106350336],[-107.12338392469916,39.558057457050815],[-107.1234051582738,39.558064843977085],[-107.12342635832891,39.55807227655863],[-107.12344754758006,39.55807973636169],[-107.12346871494414,39.558087241607446],[-107.12348984823944,39.55809477449998],[-107.12351097128025,39.5581023526226],[-107.12353207188472,39.55810995817938],[-107.12355316223471,39.55811760896628],[-107.12357421851601,39.55812528739998],[-107.12359525291049,39.55813301127646],[-107.12361626486873,39.55814076258716],[-107.12363724330774,39.558148559553274],[-107.12365821121776,39.55815639274529],[-107.1236791566916,39.558164253371515],[-107.12370006864631,39.55817215965327],[-107.12372095843966,39.55818010237352],[-107.12374182579693,39.55818807252806],[-107.12376267126756,39.55819608812549],[-107.12378348294446,39.55820414037415],[-107.12380427218535,39.558212220057115],[-107.1238250619804,39.558220317744805],[-107.12384591992645,39.55822836012691],[-107.1238668341163,39.55823633841179],[-107.12388781645704,39.558244261391046],[-107.12390883287559,39.55825215671546],[-107.12392988337187,39.55826002438507],[-107.12395096822067,39.558267873404134],[-107.12397206470655,39.55827572220656],[-107.12399314956458,39.5582835712177],[-107.1240142466092,39.55829143802071],[-107.12403530986018,39.558299341475],[-107.12405635067513,39.55830727236355],[-107.12407735797125,39.55831524890765],[-107.12409830903309,39.55832328954125],[-107.12411920413548,39.55833140326867],[-107.12414002028837,39.55833959951964],[-107.12416076912423,39.55834787808148],[-107.12418141657007,39.558356266605195],[-107.12420196262593,39.558364765090836],[-107.12422240784149,39.55837339154699],[-107.12424271731935,39.55838214661185],[-107.12426290324171,39.55839104808134],[-107.12428294261841,39.55840010538523],[-107.12430282409194,39.5584093277406],[-107.12432253657946,39.55841873336878],[-107.12434208008106,39.55842832226989],[-107.12436144351399,39.55843811266528],[-107.12438060388817,39.558448113984745],[-107.12439956147853,39.55845833523267],[-107.12441822734748,39.55846891317524],[-107.12443653472317,39.558479948136004],[-107.12445451795372,39.55849142146839],[-107.1244721983805,39.55850326971709],[-107.12448961035153,39.558515474235534],[-107.12450677575781,39.55852798957691],[-107.12452372812281,39.558540770081684],[-107.12454048988708,39.55855378831168],[-107.12455709457412,39.55856699860731],[-107.12457356434959,39.55858036452606],[-107.12458993301172,39.558593849412595],[-107.12460621081887,39.55860740803283],[-107.12462244320167,39.5586210035187],[-107.1246386526007,39.55863460843187],[-107.12465486063182,39.558648168321135],[-107.12467110136804,39.55866165553549],[-107.12468740833269,39.55867502441516],[-107.1247037920587,39.558688238730305],[-107.1247202979768,39.55870126161272],[-107.12473693661994,39.558714056832486],[-107.12475375314384,39.55872657851712],[-107.12477075835636,39.55873879944093],[-107.12478798550578,39.55875066493984],[-107.1248054686649,39.55876214736268],[-107.12482322999917,39.55877321026665],[-107.12484130303164,39.55878380799195],[-107.12485969829505,39.558793904308516],[-107.12487846094501,39.558803453343785],[-107.12489761369646,39.558812436663395],[-107.12491717789,39.5588207908117],[-107.12493724191252,39.558828361013546],[-107.12495783846207,39.55883507459608],[-107.12497891129946,39.558840995652886],[-107.1250004393582,39.55884619664359],[-107.12502236584938,39.55885072365322],[-107.12504468133908,39.55885464892865],[-107.12506732931347,39.55885802755922],[-107.12509027679872,39.55886092321314],[-107.1251134908211,39.55886339955857],[-107.12513692677435,39.55886552047648],[-107.1251605511351,39.55886733162657],[-107.12518433147964,39.55886891468564],[-107.12520823428464,39.558870315313364],[-107.12523221494426,39.55887159739088],[-107.1252562407601,39.55887283359084],[-107.12528026685149,39.55887407879004],[-107.1253042599704,39.558875387652655],[-107.12532818741873,39.55887683285134],[-107.12535200431606,39.55887846926308],[-107.12537568904712,39.55888035133927],[-107.12539918564896,39.558882552178275],[-107.12542248441402,39.55888513502301],[-107.12544551692207,39.5588881461719],[-107.12546837320946,39.55889148487543],[-107.1254912203409,39.55889490482574],[-107.12551404668393,39.55889840623566],[-107.12553685196364,39.55890198010089],[-107.12555963590516,39.55890561741721],[-107.12558242149868,39.55890930875463],[-107.12560518520418,39.558913045534595],[-107.12562793865425,39.55891682754425],[-107.12565068129899,39.55892063677507],[-107.12567342477097,39.55892447301421],[-107.12569616852025,39.55892831825305],[-107.12571890091428,39.55893217270454],[-107.1257416446682,39.55893601793435],[-107.12576438842443,39.55893986315964],[-107.12578713135801,39.558943681367616],[-107.12580988510148,39.55894747234533],[-107.12583264965477,39.55895123609283],[-107.12585541283532,39.55895495481445],[-107.12587819735816,39.55895861007587],[-107.1259010037733,39.55896221988562],[-107.1259238204481,39.55896578445659],[-107.12594663547493,39.55896929499736],[-107.12596947321899,39.5589727870993],[-107.12599231014005,39.55897625218384],[-107.12601514651314,39.55897969925527],[-107.12603799452087,39.55898314610925],[-107.1260608308981,39.55898659317159],[-107.12608367918502,39.55899004902076],[-107.12610650475894,39.558993523299684],[-107.12613451785883,39.558998407187346],[-107.1261572989462,39.55900271112664],[-107.12618007610493,39.55900726739393],[-107.12620285959261,39.55901203075495],[-107.1262256483092,39.55901696519259],[-107.1262484403295,39.55902200767694],[-107.12627123482845,39.559027131195165],[-107.12629401824812,39.5590322729303],[-107.12631681302848,39.559037405443654],[-107.12633960561148,39.55904246591827],[-107.12636239462171,39.55904740933281],[-107.12638517923382,39.55905220867442],[-107.12640795724705,39.55905679190897],[-107.12643073946852,39.55906113181069],[-107.12645350125746,39.559065183784156],[-107.12647626422817,39.55906889337782],[-107.12649901537237,39.55907221578332],[-107.12652175331417,39.55907510597931],[-107.12654447667767,39.55907751894445],[-107.12656719599461,39.55907941844874],[-107.12658989770618,39.55908074167525],[-107.12661258071144,39.55908145260695],[-107.12663525499168,39.559081497005245],[-107.12665789508029,39.559080803261956],[-107.12668049905075,39.5590793083472],[-107.12670306882806,39.5590770752909],[-107.1267255947048,39.559074167335936],[-107.1267481021464,39.55907065609065],[-107.12677058117045,39.559066595793546],[-107.12679304588515,39.55906206727018],[-107.12681548603312,39.55905711575487],[-107.1268379273553,39.55905182186012],[-107.12686035986955,39.55904623982451],[-107.12688279768443,39.5590404504735],[-107.12690523054292,39.55903449904146],[-107.1269276841862,39.55902846614078],[-107.12695014890768,39.55902241501434],[-107.12697262635825,39.55901639968774],[-107.12699513064685,39.55901050098641],[-107.1270176634245,39.55900477293595],[-107.12704022661747,39.5589992785662],[-107.12706283405979,39.55899408969828],[-107.12708548795308,39.5589892783663],[-107.12710817831612,39.55898489880884],[-107.12713093034061,39.558981013629754],[-107.12715373459586,39.55897769507609],[-107.12717660464116,39.55897500596467],[-107.1271995410275,39.558972964304026],[-107.12722258733363,39.558971091802896],[-107.12724576352265,39.558969279984],[-107.12726902306441,39.55896752969932],[-107.12729238977442,39.558965858531295],[-107.12731584093804,39.5589642849144],[-107.12733935301509,39.55896280027039],[-107.12736291547388,39.55896144082929],[-107.12738653994711,39.55896020637803],[-107.12741019208762,39.558959115564214],[-107.12743386053828,39.55895817760507],[-107.12745755748216,39.5589574102961],[-107.12748123638931,39.55895681448943],[-107.12750492135058,39.55895641677177],[-107.12752857746858,39.55895621778221],[-107.1275521936614,39.55895623574236],[-107.12757577020452,39.55895647965647],[-107.12759929601604,39.558956967746184],[-107.12762274810638,39.55895770944182],[-107.12764611539372,39.55895872296503],[-107.12766939787834,39.55896000831588],[-107.12769257312111,39.55896159293324],[-107.12771564112239,39.55896347681721],[-107.12773857916783,39.55896567840251],[-107.12776137590045,39.55896820690648],[-107.12778403187109,39.558971080337756],[-107.12780652409019,39.55897430812679],[-107.12782885310865,39.55897790828219],[-107.12785098430442,39.558981890447555],[-107.12787300206215,39.55898673057044],[-107.12789491188798,39.55899260873617],[-107.12791672211222,39.55899941668054],[-107.1279384418908,39.55900707315216],[-107.12796006847171,39.55901548810839],[-107.1279815988276,39.55902456250243],[-107.12800304183877,39.5590342060786],[-107.12802439447759,39.55904431979002],[-107.12804566617473,39.559054831389545],[-107.12806684171917,39.55906562403493],[-107.12808794217392,39.559076625265924],[-107.12810896423558,39.559087727031404],[-107.12812989379397,39.5590988485062],[-107.12815075136112,39.55910989922152],[-107.12817153363332,39.55912077112632],[-107.1281922384079,39.55913139218646],[-107.12821286238088,39.55914165435097],[-107.12823342606391,39.559151467151025],[-107.1282539150708,39.559160740757164],[-107.12827432692322,39.55916939413116],[-107.12829468158183,39.55917731879567],[-107.12831497629277,39.55918442470817],[-107.12833519694473,39.55919063104349],[-107.12835536349813,39.55919582932431],[-107.12837546184151,39.559199938725506],[-107.12839550085313,39.559202868991385],[-107.12841548913582,39.55920452086205],[-107.12843541202716,39.55920479550383],[-107.12845531110013,39.559203529987585],[-107.12847517334411,39.559200679505246],[-107.12849497879677,39.55919635253421],[-107.12851474211828,39.55919064790823],[-107.12853443143867,39.559183665313626],[-107.12855403842856,39.559175513014736],[-107.12857355475876,39.55916629927585],[-107.12859297127407,39.55915610534847],[-107.1286122682883,39.559145048714356],[-107.12863144910521,39.55913323742468],[-107.12865049321279,39.55912076194837],[-107.12866938037452,39.559107721758636],[-107.12868811389448,39.55909422490668],[-107.12870667381185,39.559080379869975],[-107.12872505124757,39.559066276904346],[-107.12874322651645,39.55905203349155],[-107.12876120209688,39.55903773066998],[-107.12877897021181,39.55902349471251],[-107.1287964984422,39.55900940729703],[-107.128813790093,39.55899557647476],[-107.12883082520406,39.558982110723214],[-107.12884760680512,39.558969109089276],[-107.12886402800076,39.558956501457565],[-107.12887965273632,39.55894334984224],[-107.12889450097225,39.55892954576615],[-107.12890865716568,39.55891518678421],[-107.1289222520285,39.55890036059428],[-107.12893537001787,39.55888516475118],[-107.12894812966233,39.55886966915731],[-107.12896061541903,39.5588539713674],[-107.12897295827517,39.55883816808331],[-107.12898525376956,39.558822338638],[-107.12899760934884,39.55880657115538],[-107.12901010947004,39.55879096318995],[-107.12902288456944,39.55877559343497],[-107.12903603073647,39.558760559231665],[-107.12904965514228,39.55874593969954],[-107.12906384224384,39.55873183239292],[-107.12907873410977,39.55871831579163],[-107.12909440356458,39.5587054876631],[-107.12911096968737,39.558693435917576],[-107.12912851638444,39.55868224010068],[-107.12914661221683,39.55867149369124],[-107.12916497084392,39.55866096769517],[-107.12918360417363,39.558650670903326],[-107.12920249974731,39.558640576516076],[-107.12922162266747,39.55863068517289],[-107.12924097238334,39.55862097886511],[-107.12926053726254,39.55861145780585],[-107.12928030539716,39.558602113204],[-107.12930025297143,39.55859292747728],[-107.12932039134246,39.5585838914082],[-107.12934068561292,39.55857500563627],[-107.1293611355073,39.558566261157175],[-107.12938171720997,39.558557640388734],[-107.12940241881299,39.55854913453989],[-107.12942324031643,39.55854074361054],[-107.12944416953694,39.55853244980533],[-107.12946517130173,39.55852424475966],[-107.12948625696788,39.558516119255984],[-107.12950740327048,39.55850807372072],[-107.12952859802618,39.558500090358585],[-107.12954981769465,39.55849216059173],[-107.1295710736329,39.55848427520269],[-107.12959234230058,39.55847642561365],[-107.12961360015734,39.55846860324683],[-107.12963484720318,39.55846080810224],[-107.12965605934681,39.558453013593635],[-107.12967724822066,39.55844521950777],[-107.12969836701949,39.558437417693405],[-107.12971942737576,39.558429607937306],[-107.12974041683053,39.55842176344007],[-107.12976133621032,39.55841391121442],[-107.12978232841043,39.55840615675236],[-107.12980337044156,39.558398509484604],[-107.12982448501768,39.55839095097608],[-107.12984566050632,39.55838348144005],[-107.12986688499967,39.55837609208546],[-107.12988815849775,39.55836878291227],[-107.12990946909271,39.558361545129515],[-107.12993084004938,39.5583543783106],[-107.12995223564401,39.558347256082584],[-107.12997366806007,39.55834019624065],[-107.12999513674659,39.558333180776295],[-107.13001663007114,39.558326209902745],[-107.13003813612582,39.558319274829074],[-107.13005967762439,39.558312357120165],[-107.1300812202207,39.55830547542436],[-107.13010277472057,39.55829860251564],[-107.13012434139954,39.558291747398236],[-107.13014590807411,39.55828489227693],[-107.13016747474428,39.558278037151716],[-107.13018902977765,39.558271182235906],[-107.13021058425551,39.55826430930772],[-107.13023212654541,39.558257418580425],[-107.1302536447394,39.558250501263096],[-107.13027515046984,39.558243557142454],[-107.13029663182876,39.55823657742758],[-107.13031807690814,39.558229553327486],[-107.13033948543239,39.55822247583802],[-107.13036086930944,39.55821535375008],[-107.13038220444776,39.55820816047762],[-107.13040350303079,39.5582009138158],[-107.1304247525994,39.558193586965224],[-107.13044594152112,39.55818618013925],[-107.13046708170386,39.558178702128835],[-107.13048816041285,39.55817111713037],[-107.1305091784748,39.558163452156585],[-107.13053012315481,39.5581556714039],[-107.13055100663647,39.558147792667484],[-107.1305718051037,39.55813979836556],[-107.13059251855644,39.55813168849818],[-107.13061322952373,39.55812349758899],[-107.13063407037149,39.558115367359186],[-107.13065501673252,39.55810726221838],[-107.1306760688824,39.55809919117081],[-107.13069720272952,39.55809112763034],[-107.13071839500911,39.558083072023614],[-107.13073962190514,39.55807500676885],[-107.13076088286635,39.55806691385752],[-107.13078214271997,39.55805878492542],[-107.13080340119029,39.55805061096832],[-107.13082463473694,39.5580423834087],[-107.13084580763585,39.558034075873906],[-107.13086692016265,39.558025697368244],[-107.1308879479499,39.558017212301465],[-107.13090887964094,39.558008629891276],[-107.13092969086831,39.55799991454748],[-107.13095035864295,39.557991075701096],[-107.13097087078111,39.55798209555712],[-107.13099121509906,39.55797295632054],[-107.13101136805639,39.557963649413935],[-107.13103130611265,39.55795416625991],[-107.1310510170841,39.557944489063495],[-107.13107047743034,39.557934609247305],[-107.13108968659998,39.55792450880303],[-107.13110859806356,39.5579141885843],[-107.1311272226264,39.557903621365156],[-107.13114551375904,39.55789280799929],[-107.13116348226674,39.55788172126075],[-107.1311810816202,39.55787036200327],[-107.1311983229003,39.557858712005135],[-107.1312151595777,39.5578467721201],[-107.13123160218203,39.55783450611794],[-107.13124761636765,39.55782193264754],[-107.13126342673274,39.55780916470957],[-107.13127914044944,39.55779628142162],[-107.13129474588543,39.55778328299717],[-107.13131024304067,39.55777016943628],[-107.13132563163947,39.55775693173471],[-107.13134092414121,39.55774359669185],[-107.1313561083622,39.55773014651265],[-107.1313711962104,39.557716589987976],[-107.13138617632924,39.55770293633556],[-107.13140106007532,39.55768917633773],[-107.13141584772431,39.55767531899879],[-107.13143052791968,39.55766137353643],[-107.13144512365028,39.55764733051962],[-107.13145961192721,39.55763319937951],[-107.13147400465853,39.5576189889069],[-107.13148830156855,39.5576046900976],[-107.13150251456526,39.55759031174249],[-107.13151662010833,39.55757584526418],[-107.13153064228965,39.55756131724858],[-107.13154456892534,39.55754670990068],[-107.13155840029124,39.55753203222473],[-107.13157214801964,39.55751728400739],[-107.13158580102973,39.557502483470536],[-107.13159937040234,39.55748761239232],[-107.13161284478097,39.55747267999045],[-107.13162624770591,39.55745769484232],[-107.13163955563691,39.557442648370596],[-107.13165276912547,39.55742755858376],[-107.13166591116043,39.557412416050745],[-107.13167897038527,39.55739722998928],[-107.13169193516778,39.557382000612805],[-107.13170482904823,39.55736673649869],[-107.13171764011868,39.557351428856215],[-107.13173036865489,39.557336086689595],[-107.1317430146569,39.55732070999888],[-107.13175559003277,39.5573053075749],[-107.13176808315025,39.55728987963109],[-107.13178049400942,39.55727442616751],[-107.13179283424253,39.557258946970705],[-107.13180510412539,39.557243451044975],[-107.13181729230156,39.55722794760801],[-107.13182942148401,39.55721241822446],[-107.13184145732765,39.55719688154317],[-107.13185343500493,39.55718134592806],[-107.13186534233218,39.5571657935841],[-107.13187717986095,39.55715024251978],[-107.13188893595908,39.55713469294864],[-107.13190063389104,39.55711914444373],[-107.13191226230042,39.55710360622281],[-107.1319238328195,39.55708807807236],[-107.13193532190816,39.55707255141519],[-107.13194675338234,39.55705704383278],[-107.13195798572544,39.55704149485717],[-107.13196834680225,39.557025619516274],[-107.13197784852122,39.55700942660115],[-107.13198656095169,39.55699292383533],[-107.13199455554185,39.55697616396366],[-107.13200190236104,39.55695915470955],[-107.13200869557012,39.556941930382365],[-107.13201500606566,39.556924525718294],[-107.13202090446825,39.55690696644924],[-107.13202646139857,39.55688927830714],[-107.13203175910931,39.55687148681037],[-107.13203686849675,39.55685362669512],[-107.13204188372139,39.556835732270535],[-107.1320468632198,39.55681781147346],[-107.13205187816389,39.55679990804422],[-107.13205702243815,39.556782047287726],[-107.13206236693843,39.55676426394],[-107.13206798200908,39.5567465747287],[-107.13207393854582,39.5567290143898],[-107.13208033043288,39.55671160822816],[-107.13208721693378,39.55669439119327],[-107.1320946800247,39.55667737979915],[-107.13210279087693,39.556660617786],[-107.13211164309864,39.556644121454276],[-107.13212118933359,39.5566278646451],[-107.13213108563087,39.5566116374476],[-107.13214125001394,39.55659542334759],[-107.13215170602255,39.5565792309223],[-107.13216244312763,39.55656309640208],[-107.1321734845932,39.55654701935993],[-107.13218480798226,39.55653102723543],[-107.13219643683466,39.55651512860578],[-107.13220836062133,39.55649935970135],[-107.13222057934213,39.556483720522024],[-107.13223311681271,39.55646822864925],[-107.13224596250406,39.55645292031338],[-107.13225911641608,39.55643779551431],[-107.13227257910027,39.55642287226041],[-107.13228636329187,39.55640818635506],[-107.13230046899078,39.556393737798125],[-107.13231489674858,39.556379544597995],[-107.13232964739267,39.55636563376725],[-107.13234473283092,39.55635201409654],[-107.13236014253448,39.556338721816175],[-107.13237588785964,39.5563257477083],[-107.13239202889753,39.556313153734884],[-107.13240882458761,39.556301034245166],[-107.1324262511141,39.55628937165738],[-107.1324442724775,39.55627813059479],[-107.13246281750634,39.556267267317125],[-107.13248181475329,39.55625672907976],[-107.13250121658689,39.55624648071958],[-107.1325209518356,39.55623647849636],[-107.13254097259212,39.55622667824283],[-107.13256121931704,39.55621703600527],[-107.13258162083885,39.55620750804353],[-107.13260211789397,39.55619805940829],[-107.13262265094296,39.55618864614588],[-107.13264316044635,39.55617922430284],[-107.13266359822083,39.55616974070783],[-107.13268388201455,39.556160169843004],[-107.13270397500038,39.55615044931936],[-107.13272379492642,39.556140553619116],[-107.13274329388516,39.55613043857539],[-107.13276241206124,39.556120051230636],[-107.13278107855895,39.5561093568494],[-107.13279923383875,39.55609831147845],[-107.13281684162521,39.556086870737495],[-107.13283380748271,39.55607499131402],[-107.13285009541174,39.55606263783203],[-107.1328656339649,39.55604975754771],[-107.13288036360281,39.55603630650796],[-107.1328944986678,39.5560224429453],[-107.13290822941043,39.55600829850653],[-107.1329215915545,39.55599389956377],[-107.13293459673216,39.55597924590362],[-107.13294728066712,39.55596436389822],[-107.1329596320034,39.555949262765424],[-107.13297169754499,39.555933950655366],[-107.13298350138368,39.55591845415368],[-107.1329950437954,39.55590278226467],[-107.13300634832017,39.55588694356552],[-107.13301745068175,39.55587096442828],[-107.13302836251215,39.55585484463944],[-107.1330390962712,39.55583861099821],[-107.13304967577467,39.555822281085916],[-107.13306013564272,39.55580584525767],[-107.13307047725488,39.55578934853466],[-107.13308073523122,39.55577278127199],[-107.13309092203147,39.55575617026877],[-107.13310106119552,39.55573952410211],[-107.13311117653909,39.55572286035336],[-107.133121280246,39.55570619681737],[-107.13313139585608,39.55568954207126],[-107.1331415352772,39.55567290490567],[-107.13315173423295,39.55565631169252],[-107.13316200463113,39.55563977122249],[-107.13317237028747,39.55562330107684],[-107.1331828547417,39.555606909832605],[-107.13319347017759,39.55559061528465],[-107.13320424013486,39.55557442601002],[-107.13321517707313,39.55555836880776],[-107.13322631588814,39.555542443037076],[-107.13323766903953,39.55552667549702],[-107.13324926006699,39.55551107476458],[-107.13326111278613,39.55549565842098],[-107.1332732391047,39.5554804352568],[-107.1332856512064,39.55546542306679],[-107.13329839617069,39.555450639004974],[-107.13331146264146,39.55543609228908],[-107.13332489769817,39.55542180007304],[-107.13333871324853,39.555407771147436],[-107.13335292147627,39.55539402330693],[-107.13336755810487,39.555380582923334],[-107.13338270566126,39.55536748451817],[-107.13339837632918,39.55535474588607],[-107.13341454656883,39.555342358449884],[-107.13343119228854,39.555330295623854],[-107.13344828967259,39.555318539826565],[-107.1334658032734,39.555307073690166],[-107.13348372090715,39.55529587941963],[-107.13350199577036,39.555284948865044],[-107.13352061567925,39.5552742642313],[-107.13353955654219,39.55526379893281],[-107.1335587948195,39.555253544392485],[-107.13357828315577,39.555243474451885],[-107.13359802155108,39.55523358911094],[-107.13361796237406,39.55522385320707],[-107.13363808208504,39.555214258163204],[-107.13365838013209,39.55520478597081],[-107.13367879807993,39.55519542869366],[-107.13369932319281,39.55518615052844],[-107.13371992057516,39.55517695211602],[-107.13374058939907,39.55516780644363],[-107.13376127095322,39.55515869657099],[-107.13378195332983,39.555149613707506],[-107.13380262434508,39.55514054005836],[-107.1338232250117,39.55513144967909],[-107.13384376668552,39.55512233335187],[-107.1338641906553,39.555113174136466],[-107.13388448446118,39.55510394523397],[-107.13390462483947,39.55509464707173],[-107.13392458742243,39.555085244060216],[-107.13394437276207,39.555075754207984],[-107.13396418301602,39.555066317950576],[-107.13398405390784,39.5550569616597],[-107.13400399706946,39.55504768512164],[-107.13402400031701,39.555038470541575],[-107.13404406392654,39.5550293269237],[-107.13406417571423,39.55502023647321],[-107.13408433595608,39.5550112081943],[-107.13410454437614,39.555002233082696],[-107.13412478934256,39.55499331135206],[-107.13414507057938,39.55498443399814],[-107.13416539944238,39.55497559180299],[-107.13418574103609,39.554966785407686],[-107.13420613025603,39.55495801417111],[-107.13422652029887,39.554949269943776],[-107.1342469460601,39.55494055208462],[-107.13426738399997,39.55493185201675],[-107.13428783411858,39.55492316974018],[-107.134308284232,39.55491448746014],[-107.13432874652409,39.55490582297139],[-107.13434920881099,39.55489715847916],[-107.13436967081661,39.55488848497921],[-107.13439013281703,39.55487981147581],[-107.13441057127254,39.554871129392104],[-107.1344309975389,39.55486242951015],[-107.13445141161606,39.55485371182998],[-107.13447180159615,39.5548449675611],[-107.13449216747917,39.554836196703484],[-107.1345125092651,39.55482739925718],[-107.13453281476994,39.55481855742744],[-107.13455308426975,39.55480968021851],[-107.13457330585668,39.55480075883993],[-107.13459349088635,39.554791784073736],[-107.13461363963485,39.554782764924184],[-107.13463371665459,39.55477368402404],[-107.13465375684092,39.55476454073215],[-107.13467372529841,39.55475533568968],[-107.13469364501456,39.55474605946502],[-107.1347134924496,39.554736703481446],[-107.13473326787967,39.5547272767432],[-107.13475297075243,39.55471776124187],[-107.13477260106788,39.5547081569775],[-107.13479214747034,39.55469847316806],[-107.13481160913138,39.55468868280095],[-107.1348309863271,39.55467879488043],[-107.13485026742569,39.55466880962029],[-107.13486946350662,39.554658708798385],[-107.13488853967449,39.554648493055986],[-107.13490750673272,39.554638135166755],[-107.13492634086538,39.55462761754978],[-107.13494506588823,39.55461695778604],[-107.1349636704456,39.55460616509363],[-107.13498216616917,39.55459523925882],[-107.13500055361122,39.55458419829011],[-107.13501885603519,39.55457304176004],[-107.13503706180927,39.554561769882376],[-107.13505518311754,39.55455040045194],[-107.13507322023604,39.55453894247288],[-107.1350911845204,39.55452738672732],[-107.13510908843078,39.55451576001418],[-107.13512693196714,39.554504062333486],[-107.13514471540564,39.55449230268948],[-107.1351624384701,39.554480472077984],[-107.13518012552865,39.55446860608835],[-107.1351977760289,39.55445668671214],[-107.1352153905232,39.55444473195789],[-107.13523298091945,39.55443275061596],[-107.13525054721765,39.554420742686425],[-107.13526808997013,39.5544087261777],[-107.13528563244033,39.554396700662274],[-107.13530316299655,39.554384666353876],[-107.13532069409904,39.554372650051434],[-107.13533823710334,39.554360642536906],[-107.13535579228568,39.554348652814554],[-107.13537335992221,39.554336689888544],[-107.13539095219704,39.55432477155353],[-107.13540858046575,39.55431288859149],[-107.13542624500448,39.55430105000666],[-107.13544394636568,39.554289273807406],[-107.13546169618108,39.55427755977994],[-107.13547949472685,39.55426591692846],[-107.13549735391099,39.554254354043366],[-107.13551527373349,39.554242871124615],[-107.13553326637852,39.554231485966845],[-107.13555133184607,39.554220198569965],[-107.13556948204412,39.554209017724375],[-107.13558771697268,39.55419794343004],[-107.13560604909216,39.55418700248577],[-107.13562447785013,39.554176176883075],[-107.13564300407538,39.55416549363457],[-107.13566165103123,39.554154952312544],[-107.13568040708613,39.55414455313081],[-107.13569928442423,39.55413431388386],[-107.13571829495356,39.55412424336207],[-107.13573742704249,39.5541143417792],[-107.13575672749401,39.5541046172841],[-107.13577633671697,39.55409509432321],[-107.13579627825094,39.55408578147292],[-107.1358165177535,39.5540766973831],[-107.13583704386926,39.554067851271604],[-107.13585784524294,39.554059252356375],[-107.13587891107167,39.55405092786378],[-107.13590020646068,39.554042878435204],[-107.1359217200547,39.55403511328864],[-107.13594342941941,39.55402765986434],[-107.13596533483125,39.55402052716638],[-107.13598741302715,39.55401371562239],[-107.13600962994124,39.55400725288652],[-107.13603199720541,39.55400113874479],[-107.13605446912219,39.55399540106527],[-107.13607704596818,39.553990048852135],[-107.13609970448046,39.55398508253301],[-107.13612243385653,39.55398052933442],[-107.1361452108335,39.55397638968405],[-107.13616801297738,39.55397269102229],[-107.13619084028852,39.553969433349096],[-107.13621365870135,39.553966644318784],[-107.13623645658465,39.55396432414522],[-107.13625923311004,39.55396244581574],[-107.13628203925221,39.553960774151165],[-107.1363048968932,39.5539592637025],[-107.13632779440148,39.55395791468371],[-107.13635073150085,39.55395671809049],[-107.13637370819156,39.5539556739228],[-107.13639671284203,39.55395478239454],[-107.13641976816308,39.55395402506944],[-107.13644283925993,39.55395340258916],[-107.13646596075127,39.553952905307774],[-107.13648910965033,39.55395254265728],[-107.13651227404921,39.55395230584732],[-107.13653547665868,39.55395217644166],[-107.13655870612354,39.55395216365839],[-107.13658196216757,39.553952258493254],[-107.13660523315923,39.5539524611602],[-107.13662853017753,39.55395275343681],[-107.13665185349899,39.553953144327295],[-107.13667519121564,39.55395362504135],[-107.13669854305131,39.55395418657475],[-107.13672190900598,39.55395482892747],[-107.13674528880344,39.55395554309531],[-107.1367686824437,39.55395632907821],[-107.13679207801889,39.55395717808593],[-107.13681548716063,39.55395808990451],[-107.13683890986908,39.55395906453394],[-107.13686233395984,39.5539600841797],[-107.136885759433,39.55396114884183],[-107.1369091860122,39.55396224951606],[-107.13693262560548,39.5539633949927],[-107.13695605439686,39.553964567691175],[-107.1369794842944,39.55396577640178],[-107.13700290311367,39.553967003330044],[-107.13702632220998,39.55396823925778],[-107.13704973050447,39.55396950240737],[-107.1370731387996,39.553970765552236],[-107.13709652410847,39.553972038124506],[-107.13711990914162,39.55397330168785],[-107.13714328254372,39.5539745654604],[-107.13716663240679,39.553975820651985],[-107.13718997008601,39.55397705804443],[-107.13721328394972,39.55397827785164],[-107.13723658535311,39.55397947085552],[-107.1372598510329,39.55398063748402],[-107.13728310397588,39.55398176830496],[-107.1373063439056,39.55398285431413],[-107.13732954921736,39.55398394996483],[-107.13735275591182,39.55398509063197],[-107.13737596398907,39.5539862763155],[-107.13739917344914,39.55398750701547],[-107.1374223729369,39.55398879195005],[-107.13744556189947,39.553990113110856],[-107.137468752245,39.55399147928807],[-107.13749194369707,39.55399288147749],[-107.13751513625573,39.55399431967909],[-107.13753831856582,39.553995803111135],[-107.13756150198256,39.5539973225554],[-107.13758467459787,39.55399886922164],[-107.13760785995159,39.55400045168605],[-107.13763103478038,39.55400207037671],[-107.13765419880785,39.55400371628938],[-107.13767737529732,39.554005388996],[-107.13770054098549,39.554007088924635],[-107.13772370722758,39.55400880685705],[-107.13774687457658,39.55401056080165],[-107.1377700308479,39.554012332964085],[-107.13779318767317,39.55401412313028],[-107.1378163566841,39.5540159310862],[-107.13783951461735,39.554017757259935],[-107.13786266147302,39.554019601651504],[-107.13788582051438,39.55402146383281],[-107.13790897983324,39.55402333501362],[-107.13793212779807,39.5540252154081],[-107.13795527631696,39.55402711380634],[-107.13797842483692,39.554029012199926],[-107.13800158554261,39.55403092838323],[-107.1380247343412,39.55403283577173],[-107.13804788369391,39.554034761164],[-107.13807103277118,39.55403667754741],[-107.13809417049441,39.55403860314444],[-107.13811731957382,39.55404051951855],[-107.13814046893086,39.55404244489224],[-107.13816361801237,39.554044361257056],[-107.13818676681844,39.554046268613],[-107.13820991562557,39.55404817596432],[-107.1382330641572,39.55405007430676],[-107.13825621213678,39.55405195463613],[-107.1382793601174,39.55405383496087],[-107.13830250754592,39.554055697272524],[-107.1383256546989,39.55405755057531],[-107.13834881265488,39.55405937664675],[-107.13837195870364,39.55406119392343],[-107.13839511721474,39.55406303799398],[-107.1384182538465,39.554064927509124],[-107.13844140349387,39.55406686182657],[-107.1384645428936,39.55406884137452],[-107.13848768340081,39.55407085693464],[-107.13851081338389,39.55407290872108],[-107.13853394447446,39.554074996519695],[-107.13855707639604,39.55407711132627],[-107.138580197517,39.55407925335498],[-107.13860333110058,39.55408142217752],[-107.1386264533304,39.554083600213765],[-107.13864957611467,39.554085796253766],[-107.13867269945342,39.554088010297555],[-107.13869582279345,39.55409022433667],[-107.1387189347797,39.55409244758952],[-107.13874205839888,39.55409467062356],[-107.13876518201936,39.55409689365296],[-107.13878829373279,39.55409910788763],[-107.13881141680254,39.55410131289933],[-107.13883453959689,39.55410350890221],[-107.13885766183921,39.554105686891994],[-107.13888078325289,39.55410783786453],[-107.13890390439111,39.55410997982821],[-107.138927024424,39.55411208577045],[-107.13895015525975,39.55411416448123],[-107.1389732849901,39.554116207170594],[-107.13899641361496,39.554118213838464],[-107.13901954113432,39.55412018448488],[-107.13904267890315,39.55412210989146],[-107.1390658152897,39.554123990272345],[-107.1390889500173,39.55412581662338],[-107.13911209471753,39.554127588730395],[-107.13913523748204,39.55412929780331],[-107.13915839021902,39.554130952632164],[-107.1391815410202,39.55413254442696],[-107.1392047012404,39.55413406396929],[-107.13922785924791,39.55413551147334],[-107.13925102667432,39.55413688672494],[-107.13927419161122,39.55413818093407],[-107.13929736569017,39.554139393886494],[-107.1393205486344,39.5541405165781],[-107.13934374044382,39.55414154900879],[-107.13936695219658,39.554142472955974],[-107.13939018361586,39.554143279415484],[-107.1394134463332,39.55414396817308],[-107.13943671708516,39.554144539657194],[-107.13946001885823,39.55414498443514],[-107.13948332894242,39.554145320943775],[-107.13950664706088,39.554145540178865],[-107.13952997321353,39.55414564214044],[-107.1395533074002,39.55414562682848],[-107.13957663771244,39.55414548545302],[-107.1395999763352,39.554145235808235],[-107.13962331108328,39.55414486009993],[-107.13964664223327,39.55414436733233],[-107.13966996978507,39.55414375750542],[-107.13969328210693,39.55414303083348],[-107.13971657892192,39.55414217831226],[-107.13973986050672,39.554141208946035],[-107.13976312686121,39.55414012273479],[-107.13978636607686,39.55413891088858],[-107.13980959033873,39.55413759120156],[-107.1398327755531,39.55413613708967],[-107.13985594581345,39.55413457513703],[-107.13987907730285,39.55413288776371],[-107.13990217002119,39.5541310749698],[-107.13992523476963,39.55412910952847],[-107.13994825604149,39.55412686559514],[-107.13997124546817,39.554124342955625],[-107.13999421551136,39.554121568408306],[-107.14001714346115,39.55411856039008],[-107.1400400536877,39.55411535448926],[-107.14006293483602,39.55411195992436],[-107.14008579964475,39.55410841249792],[-107.14010864866731,39.55410473021829],[-107.1401314824572,39.554100931093956],[-107.14015430212153,39.55409705114163],[-107.140177107937,39.55409309936563],[-107.14019991264247,39.55408911156842],[-107.14022271679151,39.55408510575842],[-107.14024552121454,39.5540811089482],[-107.14026831483358,39.55407713936041],[-107.14029112174241,39.55407322357917],[-107.14031393086306,39.554069379827055],[-107.14033675493458,39.55406564390661],[-107.14035959423389,39.554062024822024],[-107.1403824382368,39.55405855880434],[-107.14040529885195,39.5540552546435],[-107.14042818881842,39.554052148141906],[-107.14045109733537,39.55404926652649],[-107.14047403631147,39.55404661858707],[-107.1404969952227,39.554044240554745],[-107.14051998597783,39.554042141219405],[-107.14054302159298,39.554040365387664],[-107.14056610179163,39.55403890405526],[-107.14058923848259,39.554037766012094],[-107.14061241920396,39.55403692445983],[-107.14063564340228,39.55403636139006],[-107.14065891080097,39.554036067798506],[-107.14068220921493,39.55403602589113],[-107.14070552645903,39.554036217873794],[-107.14072886225665,39.55403663474235],[-107.14075221577733,39.55403724948416],[-107.14077556348117,39.554038053523676],[-107.14079892807783,39.55403902842387],[-107.14082227411885,39.55404015681931],[-107.14084561268217,39.554041420487316],[-107.14086893213631,39.55404281964222],[-107.14089221974227,39.55404431848161],[-107.14091548713169,39.55404591679113],[-107.1409387102107,39.55404758798695],[-107.14096188842561,39.554049314060705],[-107.14098502177642,39.5540510950124],[-107.14100810056999,39.55405299408578],[-107.1410310996037,39.55405532707074],[-107.14105403023264,39.554058084748775],[-107.14107692485983,39.554061185439046],[-107.14109975911462,39.554064593553534],[-107.14112256539981,39.554068227411456],[-107.14114535368566,39.55407203277317],[-107.14116812231073,39.55407595561367],[-107.14119088069125,39.55407992368497],[-107.1412136507058,39.55408389153733],[-107.14123644177043,39.55408778692284],[-107.14125925194648,39.55409154681215],[-107.1412820912037,39.55409511696572],[-107.14130498086654,39.55409843392541],[-107.14132793090458,39.55410144345162],[-107.14135093937887,39.55410408251502],[-107.14137400850467,39.5541064231491],[-107.14139714160534,39.554108573404115],[-107.141420327326,39.55411054249865],[-107.1414435664974,39.55411235744522],[-107.14146684776473,39.554114027462425],[-107.14149016032715,39.554115579777225],[-107.1415135044615,39.554117023393786],[-107.14153688072169,39.55411837632048],[-107.14156026639829,39.55411965699451],[-107.14158367367685,39.5541208832098],[-107.14160707984807,39.554122073403605],[-107.14163049709751,39.55412324536987],[-107.14165390271589,39.554124417545786],[-107.14167730888884,39.55412560772537],[-107.14170069290718,39.55412683434584],[-107.14172406695651,39.55412811520114],[-107.1417474080507,39.55412945972436],[-107.14177071702082,39.554130894928065],[-107.1417939827894,39.554132439035115],[-107.14181721726511,39.55413410083523],[-107.14184038638437,39.554135907984374],[-107.14186351396457,39.55413787806207],[-107.14188657674262,39.5541400114972],[-107.14190957610383,39.554142353310795],[-107.14193250013972,39.554144894713076],[-107.14195534995868,39.55414767172091],[-107.14197811420632,39.55415069355294],[-107.14200079343694,39.554153978217585],[-107.14202337685035,39.55415755294195],[-107.14204585281514,39.554161417940506],[-107.14206822243982,39.55416560923009],[-107.14209049707927,39.55417011759207],[-107.14211277781672,39.55417482404181],[-107.14213509899311,39.554179709927496],[-107.1421574367913,39.55418475766968],[-107.14217979121138,39.55418996726837],[-107.142202150899,39.55419534794217],[-107.14222449259098,39.55420090012007],[-107.14224682764213,39.55420661458345],[-107.14226912115761,39.55421249197567],[-107.14229138504635,39.554218541086556],[-107.14231360739974,39.55422475312637],[-107.14233576523178,39.55423113752833],[-107.14235785826547,39.554237685288264],[-107.14237987514645,39.5542444056249],[-107.14240180396608,39.55425128974861],[-107.14242362146123,39.55425833808845],[-107.14244535089536,39.55426555021545],[-107.14246694601903,39.55427293599188],[-107.14248841818694,39.55428048619912],[-107.14250975576758,39.55428820105175],[-107.14253094712936,39.55429608076436],[-107.14255196900915,39.55430412576606],[-107.14257283331575,39.554312344846586],[-107.14259351623178,39.55432072042674],[-107.14261400667986,39.55432927072946],[-107.14263430438298,39.55433798675072],[-107.14265438607788,39.55434686891961],[-107.14267426311918,39.554355908017584],[-107.14269390116621,39.55436512269666],[-107.14271329994193,39.55437450395282],[-107.14273244781467,39.554384052000685],[-107.14275128828905,39.55439382193819],[-107.14276918385742,39.55440465437912],[-107.14278602263794,39.55441669553625],[-107.14280192759065,39.55442978097479],[-107.14281703413856,39.55444377305775],[-107.1428314536098,39.55445850756473],[-107.14284532142732,39.55447384685863],[-107.1428587605507,39.55448962650435],[-107.14287188313938,39.554505709293736],[-107.14288482378467,39.55452193057705],[-107.14289771790934,39.55453815271689],[-107.14291066520963,39.554554211707085],[-107.14292380110825,39.55456996991014],[-107.14293724884199,39.55458527189482],[-107.14295114300204,39.554599953010985],[-107.14296559602488,39.55461388505437],[-107.14298073086994,39.55462690358928],[-107.1429966710509,39.55463886218841],[-107.14301355143584,39.554649605205505],[-107.14303149553811,39.554658986213084],[-107.14305059724232,39.554667030506586],[-107.14307079119239,39.55467388343984],[-107.14309197547416,39.55467963698527],[-107.14311400109203,39.55468436596527],[-107.14313677748629,39.55468815313366],[-107.14316016757033,39.554691082102636],[-107.14318404533489,39.554693218261505],[-107.14320828560244,39.55469465401226],[-107.14323278618167,39.55469547232358],[-107.1432574094319,39.55469573879968],[-107.14328205343924,39.55469554541364],[-107.14330656920868,39.55469496698865],[-107.14333085454939,39.554694086493804],[-107.14335478373012,39.554692978323246],[-107.1433782312968,39.554691725875514],[-107.14340123214447,39.55469032850707],[-107.14342418866994,39.55468862563584],[-107.1434471235819,39.554686598824304],[-107.1434700385434,39.55468430209754],[-107.14349294518594,39.55468173524095],[-107.14351584434095,39.554678925267126],[-107.14353872548551,39.55467590840734],[-107.14356158889667,39.55467269366581],[-107.1435844583921,39.55466929862166],[-107.1436073120946,39.55466576872506],[-107.14363016163567,39.55466210376134],[-107.14365300840151,39.55465834875143],[-107.14367586402373,39.5546545034807],[-107.14369870634793,39.5546506043951],[-107.14372155919197,39.554646669073726],[-107.14374441175599,39.55464272474376],[-107.14376727622619,39.554638789198876],[-107.14379014180273,39.55463488966626],[-107.14381302094918,39.55463105294383],[-107.14383590231121,39.55462728825034],[-107.14385881026145,39.55462363117322],[-107.14388172209114,39.5546201001501],[-107.14390464998675,39.55461671297467],[-107.14392759505755,39.55461350566363],[-107.14395056921276,39.55461048700649],[-107.14397355002107,39.554607684445045],[-107.14399656130067,39.554605115558324],[-107.14401960416103,39.554602816362966],[-107.14404266752537,39.55460080508206],[-107.14406575056199,39.55459905470297],[-107.14408887542531,39.554597528779645],[-107.14411203020649,39.55459621852262],[-107.14413520299672,39.554595115142305],[-107.14415840459597,39.554594191411496],[-107.14418162309533,39.55459343854071],[-107.14420485794035,39.55459283852154],[-107.14422812020817,39.55459237313099],[-107.14425139771258,39.55459202457534],[-107.14427469045367,39.55459179285458],[-107.14429798569053,39.55459164216673],[-107.14432129505487,39.554591572297056],[-107.14434460608308,39.55459155644774],[-107.14436792985217,39.55459157639575],[-107.14439126636216,39.55459163214104],[-107.14441459151766,39.554591697100555],[-107.14443791667301,39.55459176205537],[-107.14446124099607,39.55459179999296],[-107.14448456448683,39.55459181091339],[-107.14450787440411,39.554591759014606],[-107.14453118265688,39.55459165308612],[-107.1445544765039,39.55459145732599],[-107.1445777556677,39.554591162729984],[-107.14460104368892,39.5545907778729],[-107.14462456214288,39.554590695073145],[-107.14464834758924,39.55459096771143],[-107.14467237565546,39.55459156020033],[-107.14469659787333,39.55459241036946],[-107.14472097768366,39.55459346483784],[-107.14474547880462,39.55459467922877],[-107.1447700530452,39.55459600037609],[-107.14479466384597,39.55459737489898],[-107.1448192743701,39.55459874041248],[-107.14484384861278,39.55460006154406],[-107.14486833782793,39.55460126711955],[-107.14489271764234,39.55460232155174],[-107.14491693958716,39.55460316267053],[-107.14494095574824,39.55460374631429],[-107.14496474091997,39.55460400988345],[-107.14498824691061,39.55460390021217],[-107.14501143771507,39.554603381928324],[-107.14503427621831,39.554602383642994],[-107.14505672613767,39.55460086097993],[-107.14507873955866,39.554598769777606],[-107.14510027936619,39.554596038647254],[-107.1451213095549,39.55459263221679],[-107.14514179356446,39.55458849710585],[-107.14516168264797,39.55458356214053],[-107.14518089066635,39.55457767575375],[-107.14519883458269,39.55456966849477],[-107.14521547783602,39.55455948698358],[-107.14523090961616,39.554547381833885],[-107.14524520692676,39.55453358586581],[-107.14525844788155,39.55451836791612],[-107.14527074437967,39.554501960160316],[-107.14528218588958,39.55448462221606],[-107.14529282642987,39.5544665963369],[-107.14530278980922,39.554448123487646],[-107.14531215358723,39.554429454496336],[-107.14532099560104,39.55441084919524],[-107.14532941611864,39.554392539974394],[-107.14533750460886,39.55437478645119],[-107.14534533696644,39.55435778542851],[-107.14535309233855,39.55434092997567],[-107.1453607734776,39.55432393174447],[-107.14536836875192,39.55430679094976],[-107.14537583246751,39.55428953546325],[-107.14538315327026,39.554272174503915],[-107.14539029626538,39.55425470871622],[-107.14539722711307,39.554237156752905],[-107.14540392282777,39.554219528047824],[-107.14541036042385,39.554201832034764],[-107.14541650556166,39.554184087366494],[-107.14542232334655,39.554166294687484],[-107.14542780270217,39.55414847222095],[-107.14543290901145,39.55413062961546],[-107.14543760765737,39.5541127765197],[-107.14544187565453,39.554094922367476],[-107.14544569001757,39.55407707659256],[-107.14544901640703,39.55405925784784],[-107.14545182020605,39.55404147578186],[-107.14545409006092,39.55402373961364],[-107.14545577972324,39.55400605920663],[-107.14545687783934,39.553988443779765],[-107.14545735006993,39.55397091198587],[-107.14545674222917,39.55395345419412],[-107.14545458850016,39.55393606098839],[-107.14545103953938,39.55391871156782],[-107.14544628145292,39.553901402495306],[-107.14544046517445,39.553884121974],[-107.14543377680967,39.553866866566885],[-107.14542639055506,39.55384962404751],[-107.14541844571228,39.55383238283393],[-107.14541014029557,39.55381514827855],[-107.14540163631442,39.55379789036156],[-107.1453931085196,39.55378061486504],[-107.14538470756621,39.55376330098826],[-107.14537661983628,39.55374595429861],[-107.14536900761614,39.553728553780694],[-107.14536204537843,39.5537110962126],[-107.14535589568663,39.55369356958317],[-107.14535073301307,39.55367597067057],[-107.14534673155241,39.55365828724887],[-107.14534344958346,39.5536405364846],[-107.14534041104584,39.55362275419693],[-107.14533759267636,39.5536049408155],[-107.14533499447484,39.55358709634031],[-107.14533260480961,39.55356922098616],[-107.14533040069499,39.55355132418683],[-107.14532838185335,39.55353339693821],[-107.145326525299,39.55351544867402],[-107.14532481967785,39.55349748861323],[-107.14532326443481,39.55347949874754],[-107.14532183686171,39.553461497514874],[-107.1453205136955,39.553443485344815],[-107.14531930629009,39.55342545301839],[-107.14531818030588,39.553407419188375],[-107.14531713546538,39.55338937485058],[-107.14531616013703,39.553371320219746],[-107.14531523133526,39.5533532647297],[-107.14531434906009,39.5533352083804],[-107.14531349004852,39.55331715160148],[-107.14531264266905,39.55329909460767],[-107.14531180692174,39.553281037399],[-107.14531096009851,39.55326299841337],[-107.14531009001304,39.553244959857295],[-107.14530918531132,39.55322693094968],[-107.14530822300796,39.55320892112427],[-107.14530721445698,39.553190921162106],[-107.1453062175382,39.553172920985084],[-107.14530534884341,39.55315492744948],[-107.1453045845548,39.55313692297653],[-107.14530391331824,39.5531189167852],[-107.14530332350228,39.553100909090276],[-107.1453028034754,39.553082900106546],[-107.14530235323751,39.55306488983405],[-107.14530196087976,39.55304686948336],[-107.14530160369412,39.553028857492414],[-107.14530128112568,39.55301083585288],[-107.14530098182044,39.55299281378372],[-107.14530069442444,39.55297480050388],[-107.14530040675132,39.5529567782198],[-107.14530011907858,39.55293875593567],[-107.14529979678944,39.55292074330003],[-107.14529945096044,39.55290272208972],[-107.14529907051508,39.5528847105279],[-107.1452986319132,39.55286670003995],[-107.14529813515479,39.55284869062588],[-107.14529756860854,39.55283068250048],[-107.1452969206431,39.55281267587851],[-107.14529617990465,39.55279467997896],[-107.14529533420692,39.55277667700822],[-107.14529438410493,39.5527586849747],[-107.14529330633604,39.552740704307915],[-107.1452923199541,39.552722667897726],[-107.14529157588936,39.552704563947785],[-107.14529099272212,39.55268639396156],[-107.14529052475916,39.55266818581075],[-107.14529009085837,39.55264995000297],[-107.1452896450492,39.55263170540579],[-107.1452891175436,39.55261345330788],[-107.14528845101724,39.55259522179564],[-107.14528757623707,39.55257703016617],[-107.14528643504653,39.55255887949334],[-107.14528496984404,39.552540788859424],[-107.14528312302815,39.55252277734666],[-107.14528081373463,39.5525048644669],[-107.14527798408469,39.55248706029812],[-107.14527458783084,39.552469374703634],[-107.1452705560179,39.55245183598455],[-107.1452658188584,39.55243444542952],[-107.14526031875113,39.55241722212068],[-107.14525397510974,39.55240019457386],[-107.14524668353044,39.552383373726144],[-107.14523852487814,39.55236674006554],[-107.14522959192632,39.552350282869405],[-107.14521998824746,39.55233396418793],[-107.14520980689234,39.55231778230269],[-107.14519911653936,39.55230169990823],[-107.14518804457819,39.552285696633476],[-107.14517666051937,39.55226976218558],[-107.14516507984364,39.55225386740416],[-107.14515337178403,39.55223799299225],[-107.14514164018988,39.552222110004294],[-107.14512998946529,39.552206207503275],[-107.14511850019693,39.552190256973304],[-107.14510726515752,39.55217424769218],[-107.14509637628738,39.55215814192511],[-107.14508594962169,39.55214192852042],[-107.14507605439293,39.55212558818135],[-107.14506679444992,39.552109091962656],[-107.1450582506563,39.55209242035285],[-107.14505053876944,39.552075553196154],[-107.14504371666767,39.55205848041477],[-107.1450372750719,39.55204129249578],[-107.14503099492997,39.55202405654883],[-107.14502488787298,39.55200677235921],[-107.14501893036096,39.55198943135228],[-107.14501313457988,39.551972051321655],[-107.14500748834355,39.55195461447377],[-107.14500199220672,39.551937138816996],[-107.14499664616923,39.551919624351356],[-107.1449914383224,39.551902062287425],[-107.14498636922094,39.55188447063363],[-107.14498143858735,39.55186684038577],[-107.14497663506768,39.551849180762815],[-107.14497195866187,39.55183149176477],[-107.14496742072363,39.55181376417272],[-107.14496298691405,39.5517960166393],[-107.14495869184928,39.551778239516096],[-107.14495450091299,39.55176044245155],[-107.14495041438245,39.55174263444985],[-107.1449464549653,39.55172479707315],[-107.14494258832256,39.55170694897406],[-107.144938825808,39.551689080933684],[-107.14493516797633,39.55167121096034],[-107.14493160264148,39.551653321260474],[-107.144928118727,39.5516354300572],[-107.1449247392178,39.55161752791685],[-107.14492144140623,39.55159963327728],[-107.1449182247374,39.55158172813011],[-107.14491508976607,39.551563830483744],[-107.14491202458362,39.55154593154874],[-107.14490902946736,39.551528040329245],[-107.14490611604843,39.5515101566106],[-107.1449032610644,39.55149228082226],[-107.14490046451527,39.551474412964225],[-107.14489779535577,39.55145652473551],[-107.14489526493952,39.55143860691724],[-107.14489287298908,39.55142065050526],[-107.1448905965194,39.5514026649332],[-107.14488844688418,39.5513846409822],[-107.14488640137581,39.551366597090045],[-107.14488447162536,39.55134853304205],[-107.1448826457242,39.551330440048744],[-107.1448809120411,39.55131231832492],[-107.14487925949966,39.551294186093656],[-107.14487771080732,39.5512760249171],[-107.14487621999422,39.55125785366261],[-107.14487482195375,39.55123967168594],[-107.14487348151502,39.55122147062714],[-107.14487219867806,39.5512032504862],[-107.14487097399751,39.551185029271515],[-107.1448697955649,39.55116679819361],[-107.14486866338018,39.5511485572525],[-107.14486756608959,39.551130315667116],[-107.14486649178458,39.551112064647995],[-107.14486545265106,39.55109382198875],[-107.14486443650311,39.5510755698958],[-107.14486342063327,39.551057326806934],[-107.14486242802639,39.551039083288515],[-107.14486142406653,39.551020848988955],[-107.1448604201074,39.55100261468929],[-107.14485940507271,39.550984398612655],[-107.14485837868504,39.55096619175485],[-107.14485731768234,39.550947994545325],[-107.14485624532666,39.550929806554656],[-107.14485512727965,39.55091164643538],[-107.14485397461763,39.5508934959644],[-107.14485277598692,39.550875364360614],[-107.1448515200339,39.55085726084295],[-107.14485020648121,39.55083917640721],[-107.14484883560628,39.55082112005759],[-107.14484739550073,39.550803083004624],[-107.14484587508832,39.55078508347142],[-107.14484427381436,39.55076710344956],[-107.14484259223364,39.55074916094748],[-107.14484080708414,39.55073125639458],[-107.14483892971964,39.55071338057195],[-107.14483694878648,39.5506955426985],[-107.14483485265379,39.55067774298895],[-107.14483264132159,39.55065998144333],[-107.14483030343632,39.55064226728046],[-107.14482783899808,39.55062460050037],[-107.1448252360986,39.55060697231365],[-107.14482249501529,39.550589391724394],[-107.14481961602567,39.55057186773683],[-107.14481657559043,39.550554391776146],[-107.14481338534065,39.55053696362766],[-107.14481002229186,39.55051959272499],[-107.14480649807516,39.550502278853365],[-107.14480278942864,39.550485022442224],[-107.14479889635243,39.550467823491566],[-107.14479481912404,39.55045069100554],[-107.14478892444934,39.55043424975081],[-107.14477769318803,39.55041986203424],[-107.14476203365035,39.550407168732455],[-107.1447430723605,39.55039571660048],[-107.14472195938136,39.55038506096852],[-107.14469979769679,39.55037474001792],[-107.14467772629297,39.550364327303384],[-107.14465688332392,39.55035336936802],[-107.14463838340417,39.55034140418083],[-107.14462335388825,39.550328005513535],[-107.14461293265146,39.5503127109068],[-107.1446053734173,39.55029625532313],[-107.14459825089406,39.55027962050064],[-107.14459155372785,39.550262815658286],[-107.14458524758028,39.5502458594486],[-107.1445793094665,39.550228761305284],[-107.14457370449337,39.550211521872434],[-107.14456842158452,39.55019415937322],[-107.14456341421585,39.550176674666496],[-107.14455865995734,39.55015909519422],[-107.1445541352696,39.55014141238164],[-107.14454981744525,39.55012364466658],[-107.14454568349966,39.55010580148262],[-107.14454168718622,39.55008789269276],[-107.14453781715133,39.55006992751589],[-107.1445340504103,39.550051915385616],[-107.14453034071677,39.55003386616489],[-107.14452667671704,39.55001578907262],[-107.14452303570394,39.549997702546584],[-107.14451937115378,39.549979607445515],[-107.14451567171297,39.54996151298832],[-107.14451191439709,39.54994342860858],[-107.14450805323717,39.54992537317339],[-107.14450407687976,39.54990735590164],[-107.14449995043218,39.54988937743735],[-107.14449565091009,39.54987144721414],[-107.14449114397557,39.54985358388439],[-107.14448641827518,39.54983579666694],[-107.14448143919374,39.54981809521001],[-107.14447617183878,39.549800480157664],[-107.14447060541153,39.54978297873705],[-107.14446469311139,39.54976558280275],[-107.14445842386229,39.54974831057772],[-107.14445176304918,39.54973117171015],[-107.14444468768788,39.54971417563352],[-107.14443710528631,39.54969734207362],[-107.14442891088964,39.54968066395831],[-107.14442012776,39.549664140858106],[-107.1444108021439,39.54964776290997],[-107.14440096893414,39.54963152946963],[-107.14439066246902,39.54961542188464],[-107.1443799409031,39.5495994390814],[-107.1443688269436,39.54958356262212],[-107.14435735548335,39.54956779186258],[-107.14434558467673,39.54955212572933],[-107.14433353723099,39.54953654578456],[-107.14432124803875,39.549521051384154],[-107.14430878633061,39.54950562323163],[-107.14429615210656,39.549490261326916],[-107.14428341487451,39.54947495537777],[-107.14427060924959,39.54945969573596],[-107.14425775849347,39.549444481972124],[-107.14424490885226,39.54942930422344],[-107.14423210629458,39.54941414362278],[-107.14421938571287,39.549398999526275],[-107.14420678172227,39.54938386228574],[-107.14419363718902,39.54936893322473],[-107.14417920221058,39.549354424387936],[-107.14416374207791,39.5493402588043],[-107.1441475337126,39.54932635928816],[-107.14413084240532,39.54931264886872],[-107.1441139331693,39.54929904157105],[-107.14409708320296,39.54928546921418],[-107.14408055779658,39.54927185482775],[-107.14406462224031,39.549258121441554],[-107.14404954126954,39.549244174077124],[-107.14403560426754,39.54922996234777],[-107.14402305243057,39.54921538270039],[-107.14401217486423,39.549200375744306],[-107.14400323658047,39.54918485550561],[-107.14399649151474,39.54916875423339],[-107.14399143096108,39.54915218041823],[-107.14398767415246,39.5491352401895],[-107.14398510616653,39.549117980714705],[-107.1439836118037,39.549100440157005],[-107.14398307530999,39.549082638671244],[-107.14398341665559,39.54906462278083],[-107.14398449737959,39.54904643107817],[-107.14398621335914,39.54902808350342],[-107.14398847321111,39.54900963579873],[-107.1439911614593,39.54899111712307],[-107.14399416262756,39.5489725566353],[-107.14399737314791,39.54895399228393],[-107.14400067782175,39.54893546223208],[-107.14400397308131,39.54891700442823],[-107.14400715535898,39.548898656820924],[-107.14401010917922,39.54888044856906],[-107.14401273097467,39.5488624176212],[-107.14401533394354,39.54884453116948],[-107.1440186126025,39.548826668285244],[-107.14402250879735,39.54880883004162],[-107.1440269056659,39.54879100057667],[-107.1440316871779,39.54877319104093],[-107.14403673702586,39.54875540358074],[-107.14404196160935,39.54873762190489],[-107.14404724462118,39.54871984815982],[-107.14405248166219,39.54870209328147],[-107.1440575442402,39.548684341622575],[-107.14406235066313,39.54866658568147],[-107.14406676191737,39.548648846042305],[-107.14407069603382,39.54863110619929],[-107.14407401316733,39.54861335972395],[-107.14407663218078,39.54859561712311],[-107.14407842485994,39.54857787175374],[-107.14407928625204,39.54856011654342],[-107.1440791119589,39.5485423624282],[-107.144077960412,39.54852461733897],[-107.14407597118014,39.54850687869996],[-107.14407321432523,39.548489154227426],[-107.14406979480115,39.54847145099369],[-107.14406578183788,39.54845374970242],[-107.1440612684811,39.54843604863639],[-107.14405634805375,39.54841835508256],[-107.14405110197073,39.548400667538424],[-107.14404561136963,39.548382975497226],[-107.1440399579424,39.548365286460594],[-107.14403424608774,39.548347589492614],[-107.14402854558958,39.548329883305385],[-107.14402294949305,39.5483121661818],[-107.14401753921251,39.548294436619436],[-107.14401240779293,39.54827669290116],[-107.14400763692576,39.54825894252879],[-107.14400331910129,39.54824116577692],[-107.14399953573357,39.54822336114308],[-107.14399636879104,39.548205545133335],[-107.14399391076373,39.54818769802224],[-107.1439922430654,39.54816981830743],[-107.14399142412577,39.54815191391995],[-107.1439909654585,39.548133993874515],[-107.14399061146716,39.548116071897304],[-107.14399038485838,39.548098129550674],[-107.14399026320261,39.548080194276466],[-107.14399024566804,39.54806223906214],[-107.1439903444396,39.54804428170136],[-107.14399053625611,39.5480263226235],[-107.1439908208402,39.54800835282432],[-107.14399120982245,39.54799037208919],[-107.14399168021875,39.54797238985156],[-107.14399224365967,39.547954405896824],[-107.14399289986794,39.54793641122076],[-107.14399362613676,39.54791842426103],[-107.14399444489551,39.547900417575825],[-107.14399533371471,39.54788241860692],[-107.14399629203982,39.547864409346],[-107.14399732014803,39.54784639879724],[-107.14399840640873,39.547828387175215],[-107.14399957408297,39.54781037405072],[-107.1440007880018,39.54779235106348],[-107.14400206035019,39.54777433600716],[-107.14400339057367,39.54775631087346],[-107.14400476731883,39.54773828488117],[-107.14400619086291,39.54772026703446],[-107.14400766065138,39.547702239324984],[-107.14400916560815,39.54768421997575],[-107.1440107051787,39.547666190978354],[-107.14401229154804,39.547648170126564],[-107.14401390117781,39.547630148845464],[-107.14401553406803,39.54761212713504],[-107.14401720184917,39.547594104780615],[-107.14401889316792,39.54757609100109],[-107.14402059611652,39.547558077006876],[-107.14402231069498,39.54754006279795],[-107.14402403690325,39.547522048374354],[-107.1440257750186,39.547504042740265],[-107.14402752476376,39.54748603689146],[-107.14402926315496,39.547468040261435],[-107.14403101317596,39.54745004341673],[-107.1440327515658,39.547432046786604],[-107.14403449023217,39.54741405916061],[-107.1440362175446,39.547396080753366],[-107.14403792159537,39.547378102775355],[-107.14403961429224,39.54736013401612],[-107.14404129563522,39.54734217447566],[-107.14404290636296,39.547324189210386],[-107.144044351491,39.54730611690814],[-107.14404564237279,39.54728794835005],[-107.14404682636196,39.54726970969018],[-107.14404795025773,39.547251409074114],[-107.14404902624507,39.547233064295646],[-107.14405012466126,39.5472146920753],[-107.14405128122935,39.547196318781715],[-107.14405251921022,39.5471779439856],[-107.14405389731054,39.54715958462217],[-107.14405543962278,39.54714126727472],[-107.14405719294582,39.547123000088845],[-107.144059204633,39.54710480921857],[-107.14406150957544,39.54708669401997],[-107.14406415512634,39.54706868064705],[-107.14406716510081,39.54705078667887],[-107.14407058657476,39.54703302926525],[-107.14407446634681,39.54701541655181],[-107.14407885149284,39.54699796568828],[-107.14408375447464,39.54698070347257],[-107.1440892450743,39.54696362861679],[-107.14409534738401,39.54694676770412],[-107.14410209684912,39.546930138098965],[-107.14410973992567,39.5469138073272],[-107.14411896946095,39.54689797882525],[-107.14412970320946,39.546882627082695],[-107.14414178831174,39.546867700864404],[-107.14415502510955,39.54685314078968],[-107.14416924939063,39.54683890484228],[-107.14418429611099,39.546824923993405],[-107.1441999891509,39.546811147437424],[-107.14421615239075,39.54679752436874],[-107.14423262106418,39.54678399476301],[-107.14424921932897,39.54677051681897],[-107.14426577078856,39.54675703072718],[-107.14428211067685,39.546743476463504],[-107.14429805124426,39.54672980343753],[-107.14431343963253,39.546715960414886],[-107.14432811135306,39.546701896375914],[-107.14434251279651,39.54668774723066],[-107.14435691423417,39.546673598083736],[-107.14437131538874,39.54665943993095],[-107.14438571681477,39.546645290780724],[-107.14440010660465,39.54663114184346],[-107.14441450801907,39.54661699268992],[-107.14442892105805,39.54660284332005],[-107.14444332273816,39.54658870316735],[-107.14445773604281,39.54657456279833],[-107.14447216097199,39.54656042221293],[-107.14448658589536,39.54654628162591],[-107.14450101109023,39.546532150041386],[-107.14451545981723,39.54651802703004],[-107.14452990881574,39.546503913021226],[-107.14454436943876,39.54648979879601],[-107.14455884196359,39.54647569335863],[-107.14457331448261,39.546461587919595],[-107.14458781081107,39.54644750005785],[-107.14460233067166,39.54643342076928],[-107.14461685052642,39.54641934147899],[-107.1446313941906,39.546405279765985],[-107.1446459497566,39.54639122684079],[-107.14466051750168,39.54637719170757],[-107.14467510850157,39.546363156143265],[-107.14468972331083,39.54634913815622],[-107.14470438574479,39.54633515532542],[-107.14471915478684,39.546321233589886],[-107.14473403015965,39.54630736394538],[-107.14474897697231,39.54629354703596],[-107.14476399494747,39.54627977385746],[-107.14477907190016,39.54626602661616],[-107.1447941845698,39.54625230574149],[-107.14480930941845,39.54623860265861],[-107.14482445752176,39.54622489914449],[-107.14483959398885,39.546211195843235],[-107.14485470691213,39.54619748396538],[-107.14486978410663,39.5461837457173],[-107.14488481394208,39.546169981313675],[-107.14489977288062,39.546156182179836],[-107.14491464873731,39.5461423305221],[-107.14492944151218,39.54612842634057],[-107.14494411603705,39.54611446127522],[-107.14495867175734,39.54610041731773],[-107.14497308568984,39.54608630390177],[-107.14498734537229,39.54607209422955],[-107.14500143917451,39.54605778851592],[-107.14501534328132,39.546043369181966],[-107.14502902224729,39.546028818863604],[-107.14504247634981,39.54601414656509],[-107.1450557404798,39.54599935164231],[-107.14506882682223,39.54598445188894],[-107.14508175919235,39.54596946488394],[-107.14509456112809,39.545954399202095],[-107.14510725616731,39.54593926341812],[-107.14511986867998,39.54592409311931],[-107.14513242164927,39.54590887887202],[-107.14514492726012,39.54589363846991],[-107.14515740932777,39.54587838949187],[-107.14516990329764,39.54586314930204],[-107.14518242107731,39.54584792668984],[-107.14519498648198,39.545832739234186],[-107.14520762277203,39.54581758650547],[-107.14522035404003,39.54580249508681],[-107.14523320410113,39.54578748255702],[-107.14524618458547,39.54577254870128],[-107.14525933093844,39.54575771088371],[-107.1452726672525,39.54574299568721],[-107.14528620488039,39.545728393892894],[-107.14529996819203,39.54571394108781],[-107.14531394111893,39.5456994934198],[-107.14532803420526,39.5456847912708],[-107.14534234520798,39.54566998599381],[-107.14535697299371,39.54565526495845],[-107.14537199316868,39.54564081596381],[-107.14538751622985,39.54562682616472],[-107.1454036404892,39.545613464922255],[-107.14542045373831,39.54560093782895],[-107.14543804238185,39.54558940545638],[-107.14545650584196,39.54557907318216],[-107.14547595406145,39.545570110152376],[-107.14549612865946,39.54556206166354],[-107.14551667266517,39.54555429464704],[-107.14553758663357,39.54554682711098],[-107.14555882376666,39.54553965091016],[-107.14558036052688,39.54553275746974],[-107.1456021620239,39.54552614743393],[-107.14562420499755,39.54551982123213],[-107.14564645455755,39.545513779508575],[-107.14566888688893,39.54550800468436],[-107.14569147928644,39.545502515197335],[-107.14571418495224,39.545497302902376],[-107.14573699170154,39.54549235000588],[-107.14575986519895,39.545487675160516],[-107.14578278190702,39.545483269791696],[-107.1458056950279,39.54547912575442],[-107.1458285929317,39.54547524326345],[-107.14585142909807,39.545471623178095],[-107.14587420324983,39.545468256494146],[-107.1458968575139,39.5454651532899],[-107.14591948412281,39.545462663224704],[-107.14594230215474,39.54546147596823],[-107.1459652828012,39.545461411866484],[-107.14598839669858,39.545462273257044],[-107.14601162639067,39.54546387126693],[-107.146034953866,39.54546599901481],[-107.14605833840749,39.54546846805737],[-107.14608175009556,39.54547106272399],[-107.14610518282555,39.54547358492275],[-107.14612860750975,39.545475845995625],[-107.14615198315254,39.545477648495236],[-107.14617529174086,39.54547878554045],[-107.14619854851168,39.54547937397074],[-107.14622180445014,39.54547993538382],[-107.1462450603888,39.54548049679225],[-107.1462683160501,39.54548104919183],[-107.14629157171156,39.54548160158673],[-107.1463148154655,39.54548214518764],[-107.14633807112727,39.545482697573206],[-107.14636132623416,39.54548323194579],[-107.1463845813412,39.54548376631369],[-107.14640783644838,39.545484300676904],[-107.14643110290832,39.54548482581643],[-107.14645435773825,39.54548535116616],[-107.14647761256832,39.54548587651121],[-107.14650086712099,39.54548639284742],[-107.14652412167379,39.54548690917898],[-107.14654737622674,39.545487425505826],[-107.14657064213242,39.545487932608985],[-107.14659389640806,39.54548843992236],[-107.14661715040629,39.545488938226896],[-107.1466404046822,39.54548944553096],[-107.14666367003325,39.54548993460709],[-107.14668692403184,39.54549043289764],[-107.146710177753,39.545490922179326],[-107.14673344310441,39.545491411241464],[-107.14675669682579,39.54549190051382],[-107.14677996217742,39.54549238956661],[-107.14680321562147,39.545492869825495],[-107.14682648069575,39.54549334986476],[-107.14684973413999,39.54549383011429],[-107.14687298730678,39.545494301355],[-107.1468962523814,39.545494781380285],[-107.14691950554837,39.545495252611644],[-107.14694277034559,39.54549572362341],[-107.14696603486534,39.54549618562634],[-107.14698928803261,39.54549665684373],[-107.14701255255257,39.54549711883733],[-107.14703580544244,39.54549758104119],[-107.1470590702402,39.54549805202961],[-107.14708232285267,39.54549850521998],[-107.14710558737298,39.5454989671949],[-107.14712885189341,39.54549942916517],[-107.14715210450615,39.54549988234154],[-107.14717536902677,39.54550034430247],[-107.14719863326987,39.54550079725453],[-107.14722188588287,39.545501250416905],[-107.14724515040379,39.54550171236384],[-107.14726841464713,39.545502165301905],[-107.14729166726045,39.54550261845031],[-107.14731493150398,39.54550307137905],[-107.14733819546998,39.545503515298954],[-107.14736144808354,39.54550396843332],[-107.14738471232738,39.54550442134807],[-107.14740797657127,39.54550487425816],[-107.14743122918513,39.545505327378535],[-107.14745449342922,39.545505780279264],[-107.1474777576734,39.54550623317535],[-107.14750101000986,39.545506677277565],[-107.14752427425422,39.545507130164296],[-107.14754753849867,39.54550758304637],[-107.14757079111308,39.545508036138756],[-107.14759405535771,39.545508489011496],[-107.14761731960243,39.545508941879575],[-107.14764057221713,39.54550939495796],[-107.14766383673971,39.54550985682086],[-107.14768710098473,39.54551030967492],[-107.14771035359966,39.54551076273932],[-107.14773361812254,39.54551122458821],[-107.14775688236784,39.54551167742827],[-107.14778013526077,39.54551213948286],[-107.14780339978395,39.545512601317746],[-107.14782666430723,39.545513063147965],[-107.14784991720046,39.54551352518853],[-107.14787318200165,39.5455139960136],[-107.14789643489506,39.54551445804482],[-107.14791969969646,39.545514928860555],[-107.14794296449796,39.5455153996716],[-107.14796621766942,39.545515870692995],[-107.14798948247112,39.54551634149472],[-107.14801273592052,39.54551682151094],[-107.14803600100016,39.5455173013075],[-107.14805925444978,39.545517781314395],[-107.14808251952965,39.5455182611016],[-107.1481057729795,39.54551874109919],[-107.1481290267072,39.54551923009627],[-107.14815229206515,39.54551971887363],[-107.14817554579307,39.54552020786137],[-107.1481988108735,39.545520687625235],[-107.14822207512076,39.54552114037196],[-107.14824533853479,39.545521566101485],[-107.14826860139335,39.54552197381804],[-107.14829187532658,39.54552236330655],[-107.14831514870433,39.54552273478204],[-107.14833842152655,39.54552308824456],[-107.14836169379322,39.54552342369406],[-107.14838497769006,39.54552375892385],[-107.14840824940117,39.54552407635568],[-107.14843153274245,39.54552439356778],[-107.14845480417577,39.545524701986125],[-107.14847808723924,39.545525010184726],[-107.1485013703027,39.54552531837865],[-107.14852464201383,39.54552563578713],[-107.14854792507727,39.545525943971704],[-107.1485711967884,39.545526261370846],[-107.14859448068528,39.545526596558574],[-107.14861775295202,39.54552693195672],[-107.14864102577444,39.545527285358496],[-107.14866429887468,39.54552764775977],[-107.1486875725306,39.54552802816469],[-107.14871084702006,39.545528435577445],[-107.14873411015724,39.545528852204775],[-107.14875738575815,39.5455292956248],[-107.14878063893237,39.54552976648289],[-107.14880390457033,39.545530264133674],[-107.1488271594118,39.54553078900736],[-107.1488504153648,39.54553134989303],[-107.14887366079921,39.54553194700579],[-107.14889690706734,39.54553257112634],[-107.14892015472498,39.545533240263076],[-107.14894339186414,39.54553394562685],[-107.14896663039283,39.54553469600679],[-107.14898985840314,39.54553548261383],[-107.14901307645081,39.54553632345629],[-107.14903629588818,39.54553720931491],[-107.14905950536303,39.54553814940892],[-107.14908271650553,39.54553914352323],[-107.14910591768562,39.54554019187299],[-107.14912912053347,39.54554129424306],[-107.14915232477128,39.545542441629244],[-107.1491755877161,39.54554360594337],[-107.14919889884942,39.545544823417224],[-107.14922223463304,39.54554608547684],[-107.14924559590078,39.54554741913471],[-107.14926895994817,39.54554884282946],[-107.14929232677532,39.545550356561044],[-107.14931568586383,39.54555199656127],[-107.14933902586154,39.54555377204942],[-107.14936232378625,39.54555569246004],[-107.14938559154616,39.54555776658212],[-107.14940879536265,39.54556003107779],[-107.14943193523594,39.545562485947066],[-107.1494550003698,39.545565158417666],[-107.14947799076445,39.545568048489606],[-107.14950087236352,39.54557118382092],[-107.14952365707524,39.54557457320061],[-107.14954631056531,39.545578235282655],[-107.14956884529798,39.545582196864345],[-107.14959123773524,39.54558644937199],[-107.14961348898916,39.545591028822265],[-107.14963562371005,39.545595979805654],[-107.14965768953061,39.54560133747807],[-107.14967968645125,39.54560710183955],[-107.14970157874801,39.54561324652324],[-107.14972337749546,39.545619753305665],[-107.14974504780352,39.545626622832486],[-107.14976658856057,39.545633819087136],[-107.14978796515443,39.54564135171946],[-107.14980920001177,39.545649193286636],[-107.14983024605625,39.54565732664129],[-107.14985110273217,39.54566573377518],[-107.14987174677935,39.545674415118874],[-107.14989218899422,39.545683343444736],[-107.14991238257826,39.545692510609655],[-107.14993233860585,39.54570189839015],[-107.14995202163057,39.54571148942375],[-107.14997144300469,39.54572127449121],[-107.14999060384022,39.54573128960927],[-107.15000956256613,39.54574154270606],[-107.15002833081265,39.54575203356647],[-107.15004691937608,39.545762734962864],[-107.15006535123885,39.54577363746071],[-107.15008363719721,39.54578471383244],[-107.15010178832539,39.54579594585454],[-107.15011982760582,39.54580732409246],[-107.15013776555665,39.54581881231434],[-107.15015562543829,39.54583041008983],[-107.15017341832493,39.54584209919533],[-107.15019115473474,39.54585384339907],[-107.15020885792808,39.5458656422706],[-107.15022653870108,39.54587746858216],[-107.15024420812793,39.54588930411027],[-107.15026190082109,39.54590113920503],[-107.15027961566851,39.54591293784974],[-107.15029736430034,39.54592469982922],[-107.15031516914286,39.54593639770041],[-107.15033305290036,39.54594801302455],[-107.15035102692498,39.54595953658212],[-107.15036910173467,39.545970932141266],[-107.1503872889596,39.54598219948662],[-107.15040562237816,39.5459933019558],[-107.15042409036006,39.54600423976393],[-107.15044273859189,39.546014985037466],[-107.15046155488723,39.546025519983274],[-107.1504805965629,39.54603581651244],[-107.15049985171048,39.546045865836035],[-107.15051929818168,39.54605570440105],[-107.15053892490235,39.546065350431],[-107.15055869753783,39.54607482257997],[-107.15057860529208,39.5460841480756],[-107.1505986254607,39.546093345356674],[-107.15061873589552,39.546102450870364],[-107.15063891389214,39.54611148305544],[-107.15065913674631,39.5461204603508],[-107.15067938203178,39.54612941019945],[-107.15069963895259,39.54613835982912],[-107.15071988480443,39.54614732767869],[-107.15074008553094,39.546156341406515],[-107.15076023005811,39.54616541923626],[-107.15078028432956,39.54617458882627],[-107.15080024890156,39.546183868184876],[-107.15082008999588,39.54619329397469],[-107.15083978463022,39.546202875630506],[-107.15085932228692,39.54621264938432],[-107.1508786683534,39.5462226248863],[-107.15089781231201,39.54623283836842],[-107.15091683251528,39.54624318927795],[-107.15093579679787,39.54625361329398],[-107.15095470488173,39.5462641014124],[-107.15097356811896,39.546274644413735],[-107.15099237543562,39.54628526052163],[-107.15101114925785,39.546295922293055],[-107.15102987823357,39.54630663894747],[-107.15104856208465,39.54631740148073],[-107.15106720081113,39.54632820989292],[-107.15108581739537,39.546339054749154],[-107.15110440048534,39.54634994526901],[-107.15112296115493,39.54636086322881],[-107.15114149940422,39.54637180862862],[-107.15116000360295,39.54638278168374],[-107.15117849673348,39.54639377295937],[-107.15119696744375,39.54640479167501],[-107.15121542680771,39.546415819607034],[-107.15123388645561,39.5464268565401],[-107.15125232312693,39.54643790290487],[-107.15127076008221,39.54644895827071],[-107.15128919676515,39.54646000462931],[-107.15130763345385,39.546471050984785],[-107.15132608150049,39.546482088117656],[-107.15134452927472,39.54649311624326],[-107.15136298840685,39.54650413514625],[-107.15138145834052,39.54651512681834],[-107.15139993935391,39.54652610026365],[-107.15141845442935,39.54653704604729],[-107.15143698030629,39.54654796459998],[-107.15145552861497,39.546558855706394],[-107.15147411042933,39.546569701142815],[-107.15149271439724,39.54658051012874],[-107.15151135187075,39.54659127344467],[-107.15153003448013,39.54660199087515],[-107.1515487503169,39.54661265363148],[-107.15156751101131,39.54662326149819],[-107.15158630493302,39.54663381469068],[-107.15160515478621,39.54664429476987],[-107.15162406112724,39.546654719744],[-107.15164301176937,39.54666507182018],[-107.15166201834288,39.546675350782984],[-107.15168108056946,39.546685547628236],[-107.15170021035765,39.54669567114465],[-107.15171940715095,39.546705703323894],[-107.15173902815033,39.54671552943875],[-107.15175925443268,39.546724983967955],[-107.15178000235983,39.546733996385875],[-107.1518012107193,39.546742468723785],[-107.15182280722468,39.54675032123664],[-107.15184470740257,39.54675745638657],[-107.15186685059649,39.54676379421329],[-107.15188915261103,39.54676924618318],[-107.15191154088086,39.54677372354728],[-107.15193394256228,39.54677712855263],[-107.15195634073703,39.54677929033596],[-107.15197907340482,39.54677947288369],[-107.15200214696374,39.54677788329089],[-107.1520254808915,39.5467749284672],[-107.15204898359245,39.546771033545895],[-107.15207258617563,39.546766605221364],[-107.15209618569462,39.546762077846545],[-107.15211972461158,39.54675784889628],[-107.15214309970295,39.54675434371954],[-107.15216624208013,39.54675196901083],[-107.15218906015086,39.54675114990379],[-107.1522114853059,39.54675230209716],[-107.15223346579629,39.54675563376351],[-107.15225540517129,39.54675989414466],[-107.15227735212113,39.54676477602257],[-107.1522992822726,39.54677024381162],[-107.15232117125237,39.546776261926155],[-107.15234298305673,39.54678279499601],[-107.15236470494261,39.5467898072202],[-107.15238631281487,39.54679727201721],[-107.15240775876099,39.54680514522832],[-107.15242904194635,39.54681339984122],[-107.15245012608865,39.546821991481714],[-107.15247098737085,39.546830902572566],[-107.15249158923214,39.54684007973553],[-107.15251191920738,39.54684949617379],[-107.1525319415707,39.546859125521564],[-107.15255163166977,39.54686892318926],[-107.15257097703925,39.54687886238015],[-107.15258993143618,39.546888952960515],[-107.15260844617245,39.54689950214859],[-107.1526265447873,39.54691051851775],[-107.1526442843192,39.54692196497418],[-107.15266168635893,39.5469337870622],[-107.15267879631463,39.54694594790344],[-107.1526956476856,39.546958401830814],[-107.15271228532325,39.54697109395765],[-107.15272874300523,39.54698398762094],[-107.15274506558286,39.54699702793394],[-107.15276127520342,39.54701017844916],[-107.15277742862685,39.54702339306842],[-107.1527935477221,39.547036626340024],[-107.15280967761873,39.547049832381305],[-107.15282586316799,39.547062956305325],[-107.15284215005613,39.54707597023768],[-107.1528585479649,39.54708881093381],[-107.1528751034157,39.54710147753159],[-107.15289179620993,39.54711406950751],[-107.15290858066129,39.547126614735994],[-107.15292546840016,39.54713911300147],[-107.15294242509216,39.547151582958726],[-107.15295942747662,39.547164025038796],[-107.15297646420149,39.54717644846134],[-107.15299352447158,39.54718888045424],[-107.15301058446937,39.547201303440346],[-107.15302762204766,39.547213753867204],[-107.15304462501926,39.547226213942125],[-107.15306157123698,39.547238720112716],[-107.15307844851365,39.547251254586286],[-107.1530952230717,39.54726385402603],[-107.15311189463266,39.54727650942786],[-107.15312845184461,39.54728923001148],[-107.15314484874273,39.547302034647394],[-107.15316108560538,39.54731493233984],[-107.15317713917176,39.54732792351995],[-107.15319299836828,39.547341026411615],[-107.15320863993406,39.547354241446044],[-107.15322405279552,39.54736758684712],[-107.15323920206141,39.54738106326163],[-107.15325408828849,39.54739468869797],[-107.15326867686389,39.547408472806964],[-107.15328291074917,39.547422452683136],[-107.15329604538265,39.5474370115076],[-107.15330798939121,39.54745220503002],[-107.15331892635533,39.54746794876451],[-107.15332905065063,39.54748413099725],[-107.15333854557932,39.547500658237986],[-107.15334758253472,39.547517428207925],[-107.15335634537611,39.54753436542503],[-107.15336504010995,39.5475513579595],[-107.15337382649953,39.54756830374797],[-107.15338289975644,39.54758511808843],[-107.15339245481398,39.54760170727483],[-107.15340265143577,39.54761796924351],[-107.15341366212975,39.54763383773177],[-107.15342476677263,39.54765010989563],[-107.15343576102865,39.54766695168979],[-107.15344682068236,39.5476840265122],[-107.1534581342627,39.54770103356169],[-107.15346990165054,39.54771766281726],[-107.15348229918725,39.54773359568496],[-107.15349550349259,39.54774852257476],[-107.1535097260776,39.54776213324994],[-107.15352514356167,39.54777411812028],[-107.15354194391587,39.54778415837582],[-107.15356085679643,39.54779214138828],[-107.15358213256906,39.54779826072007],[-107.1536052160326,39.54780262576393],[-107.1536295176513,39.547805364568],[-107.15365449441114,39.54780660431849],[-107.15367958003725,39.54780647263321],[-107.15370419634594,39.54780508834201],[-107.15372777706274,39.547802579063635],[-107.15374987110442,39.54779903424471],[-107.1537718056709,39.54779409593799],[-107.15379399695158,39.54778767534424],[-107.1538160650384,39.54777990563656],[-107.153837641097,39.547770901764345],[-107.15385834494148,39.54776078789707],[-107.1538778202044,39.5477497057814],[-107.15389568614378,39.547737761578986],[-107.15391159802361,39.54772509682125],[-107.15392494159056,39.5477114165813],[-107.153934658693,39.54769486654557],[-107.1539415115074,39.54767600917881],[-107.15394650679586,39.547655789810214],[-107.15395062833753,39.54763516320405],[-107.15395489535904,39.54761510148578],[-107.15396031434149,39.54759654097994],[-107.15396789260082,39.54758044502324],[-107.15397861419189,39.5475677773833],[-107.1539934484759,39.54755940299735],[-107.15401147282476,39.54755408667853],[-107.15403180980753,39.54755092574588],[-107.15405402074342,39.54754965805304],[-107.15407771403054,39.54755003859953],[-107.15410246261848,39.54755180502381],[-107.15412784029229,39.54755472197706],[-107.1541534548923,39.54755852645149],[-107.15417887992425,39.5475629740948],[-107.1542037002453,39.5475678113355],[-107.15422750071218,39.54757278460223],[-107.15424999578723,39.547577691976585],[-107.15427243361808,39.547583005826084],[-107.15429516673976,39.54758883673448],[-107.15431811151122,39.54759511417822],[-107.1543411962002,39.54760177642234],[-107.15436436126204,39.54760877952443],[-107.15438752277677,39.54761604395706],[-107.15441062092091,39.54762351677386],[-107.1544335723314,39.54763113645571],[-107.15445632881502,39.547638849840666],[-107.15447879482083,39.547646577617236],[-107.15450091080356,39.547654275843335],[-107.15452261638198,39.54766187356464],[-107.15454381684067,39.5476693184822],[-107.15456446342867,39.54767653942601],[-107.15458447333938,39.54768349288566],[-107.15460378563405,39.54769008989872],[-107.1546223177845,39.54769629595893],[-107.15463999777859,39.54770204032791],[-107.1546517441411,39.54770557034345],[-107.15462894735916,39.547697308177945],[-107.1545987412052,39.54768652567941],[-107.154823127489,39.54771959045158],[-107.15493237862711,39.547689563179354],[-107.15504196474787,39.547655322252965],[-107.15515453962617,39.54763154863124],[-107.15526613215077,39.547606117397095],[-107.15537341394804,39.54757150448098],[-107.15547866008475,39.54753165880029],[-107.15557831272234,39.547485177859066],[-107.15566892822608,39.54742983720851],[-107.15575256324374,39.547367040193706],[-107.15583399727143,39.54730194154636],[-107.15591641410875,39.547237770579954],[-107.15599584455148,39.547169609805394],[-107.15607582441146,39.547102285654056],[-107.15616116032064,39.547042204615835],[-107.15625685421259,39.54699606684779],[-107.15636577300536,39.54696776518059],[-107.15648190572769,39.5469492036891],[-107.15659797772172,39.54693056212559],[-107.156709926491,39.54690466342807],[-107.1568213268517,39.546876090036235],[-107.15693344445694,39.54685189074554],[-107.15704736106545,39.54683881144472],[-107.15716288408488,39.54683476554917],[-107.15727929851487,39.54683582927142],[-107.15739614925307,39.54684008307198],[-107.15751294713058,39.54684563507388],[-107.15762926008857,39.54685093469448],[-107.1577452146921,39.54686081757203],[-107.1578610210839,39.54687267612025],[-107.15797675311869,39.546880256522165],[-107.15809307196564,39.546879735568076],[-107.15821202930572,39.54687836365634],[-107.15833132271746,39.54687431863031],[-107.15844811022058,39.54686413966766],[-107.15855952515864,39.5468443213696],[-107.15866327846642,39.54681122148582],[-107.1587607047856,39.546763598983894],[-107.15885254692846,39.54670552128361],[-107.15893923492608,39.546641476040946],[-107.1590212104634,39.54657595069326],[-107.15909233556233,39.54650577093068],[-107.15915114992735,39.54642699982602],[-107.15921130545586,39.546349077666704],[-107.15928494701238,39.546280130337095],[-107.15936927568396,39.54621733587177],[-107.15946114638903,39.54616096892941],[-107.1595589335361,39.54611264534351],[-107.15966268532591,39.54607129209799],[-107.15976990515553,39.54603370323638],[-107.15987739971929,39.54599672180038],[-107.15998199784337,39.545957154394934],[-107.16008051755087,39.54591183486493],[-107.16016445424049,39.54585182197663],[-107.16022963041276,39.54577486904188],[-107.16028693496108,39.54569550380235],[-107.16034528954135,39.5456166055109],[-107.1604035995023,39.545537023314296],[-107.16045932223106,39.54545657025334],[-107.16050991596431,39.54537508638558],[-107.16055282592394,39.54529236696795],[-107.16058498115483,39.54520807271052],[-107.16059680586609,39.54511961585266],[-107.16059156158282,39.5450282240733],[-107.16057706972846,39.54493657182261],[-107.16056052663752,39.54484706588798],[-107.1605406626703,39.54475854065349],[-107.16051714260075,39.544670317645505],[-107.16049101285333,39.54458236839307],[-107.16046335389885,39.54449463676492],[-107.16043521159247,39.54440707628382],[-107.16040675015033,39.54431972894216],[-107.16037578819206,39.5442327974698],[-107.1603432286626,39.54414612993531],[-107.16031021844935,39.544059560862955],[-107.16027797337526,39.543972896468674],[-107.16024766329714,39.54388596184303],[-107.16022045778702,39.54379857307381],[-107.16019759674845,39.54371056296058],[-107.16018033059133,39.543621728071045],[-107.16016766360782,39.54353223106982],[-107.16015806736252,39.54344231659982],[-107.16015001258965,39.543352202290556],[-107.16014195951865,39.54326214200343],[-107.16013205075512,39.54317227838412],[-107.16011791840634,39.543082051835114],[-107.16010328071914,39.54299166350188],[-107.16009297990439,39.54290153688537],[-107.16009181135004,39.54281208734944],[-107.16010390585753,39.542723688557395],[-107.16012548366612,39.54263603239125],[-107.16015340661512,39.54254886186846],[-107.16018563308782,39.54246200773117],[-107.16022014501607,39.5423753092944],[-107.16025488917376,39.54228859751971],[-107.16028782397437,39.542201703154504],[-107.16031787364699,39.54211445700835],[-107.1603508662411,39.54202680476936],[-107.16038532983191,39.541938935972496],[-107.16041774655932,39.541851105226705],[-107.16044458583494,39.54176353134397],[-107.16046232955578,39.54167645993468],[-107.16045988359437,39.541590106312604],[-107.1604150487583,39.54150529770009],[-107.16035673864131,39.54142383883178],[-107.16030003459805,39.541345386200106],[-107.1602400770045,39.54126820127875],[-107.16017849796327,39.5411916320759],[-107.16011689496342,39.54111503625588],[-107.16005690065671,39.54103777984199],[-107.16000013606082,39.54095922907714],[-107.15994646105854,39.54087936855235],[-107.15989344839399,39.5407990992787],[-107.15984128441315,39.54071842680212],[-107.1597902124905,39.54063731957174],[-107.15974046437026,39.54055574625315],[-107.15969231831247,39.54047367464775],[-107.1596460179674,39.540391082209894],[-107.15960180698437,39.54030794639432],[-107.15956111536985,39.54022385322353],[-107.1595257856324,39.54013818285009],[-107.15949407710846,39.540051463143755],[-107.1594641322919,39.539964206125035],[-107.15943406019309,39.53987696948112],[-107.15940200415963,39.53979029224036],[-107.1593639250917,39.539704501731116],[-107.15932187986525,39.53961913628265],[-107.15928492408698,39.53953354108999],[-107.15926213518351,39.53944701590742],[-107.15926564579867,39.53935607389569],[-107.1592937450857,39.53926671100337],[-107.15934742962668,39.53918405299952],[-107.15944474008317,39.53913754927307],[-107.15955717440764,39.53912662135204],[-107.15967228208052,39.539118229297195],[-107.15978928648374,39.53911246862095],[-107.15990737471782,39.53910939046677],[-107.16002578123778,39.53910907212881],[-107.16014370533328,39.53911158254887],[-107.16026038146072,39.53911699902744],[-107.16037502706298,39.53912597577929],[-107.16048763039116,39.53914526099057],[-107.16059861671388,39.539173558429106],[-107.16070838340701,39.539206797517224],[-107.16081728018692,39.53924087252499],[-107.16092567000791,39.53927360546438],[-107.16103336483728,39.53930793686412],[-107.1611400278242,39.539344260391466],[-107.16124525838669,39.53938279071454],[-107.16134878190644,39.53942367709447],[-107.1614530431363,39.53946545959519],[-107.16155669723904,39.53950904614561],[-107.16165611297176,39.539556657529324],[-107.16174769454035,39.53961053190104],[-107.16182376911027,39.53967801047216],[-107.16188278295292,39.539761518655546],[-107.16194123718974,39.539843487621475],[-107.16201603566459,39.539905827481526],[-107.1621152598309,39.539941991216146],[-107.16222825429173,39.53996444772145],[-107.16234864237785,39.539976189601404],[-107.16247012435883,39.5399800639031],[-107.16258673905071,39.539978578053855],[-107.16270083705734,39.53996761611362],[-107.16281471676389,39.53994812632659],[-107.16292834394157,39.53992425360479],[-107.16304170820605,39.53990016043481],[-107.16315485476119,39.539878801023235],[-107.16326798161947,39.539857558989375],[-107.16338083706574,39.53983544799837],[-107.16349310995261,39.53981181616684],[-107.16360448996815,39.539786038624875],[-107.16371449204746,39.53975561081659],[-107.16382319465767,39.539720062801536],[-107.163931372807,39.53968299287423],[-107.16403979017488,39.539648008546514],[-107.16414922237006,39.53961872611431],[-107.16426044446317,39.539598743861895],[-107.16437385025638,39.53958987432427],[-107.16448877388375,39.53958866132307],[-107.16460480886872,39.53959325651287],[-107.1647215404522,39.53960191981566],[-107.16483860065962,39.53961291929275],[-107.1649555871773,39.53962454166546],[-107.16507212009829,39.5396350462115],[-107.16518946230268,39.53964201292652],[-107.16530838337651,39.539649986165536],[-107.16541472945288,39.53967902312947],[-107.16550482193097,39.53973318353096],[-107.16558837323913,39.53979813278162],[-107.16567428167707,39.53986104698029],[-107.1657695589975,39.53991204736675],[-107.16587092031635,39.53995625837441],[-107.16597533399143,39.53999684471002],[-107.1660802100337,39.54003620607633],[-107.16618619927104,39.54007319516761],[-107.16629355234629,39.54010801452118],[-107.16640076190839,39.54014307970103],[-107.16650675827512,39.540183654059156],[-107.16661245335779,39.54022613489698],[-107.16671927221773,39.540260225052684],[-107.16682892458138,39.540273558924234],[-107.16694309683663,39.54025377133913],[-107.16705802398683,39.54022758197807],[-107.1671723049413,39.54021017059249],[-107.16728700405568,39.5401938594366],[-107.16740128320646,39.540176393804344],[-107.1675143170065,39.540155554792676],[-107.16762544552502,39.54012957988845],[-107.16773611817781,39.54010204576829],[-107.1678467551498,39.54007411580046],[-107.16795727335399,39.540045737479716],[-107.1680676234695,39.540016821633984],[-107.16817773375755,39.539987306537455],[-107.16828753247924,39.53995713046473],[-107.16839694761502,39.53992622268655],[-107.16850593012299,39.53989450303581],[-107.16861440826331,39.53986190978783],[-107.168722298667,39.53982838143521],[-107.16882955201089,39.539793828807504],[-107.16893641530466,39.539758337388086],[-107.1690435581281,39.53972211090042],[-107.16915058999024,39.53968494041146],[-107.16925708467156,39.53964659062874],[-107.16936261595208,39.53960682626142],[-107.16946672272464,39.53956541267165],[-107.16956900230741,39.53952212314144],[-107.16966900466127,39.53947670481064],[-107.16976630412718,39.539428940402374],[-107.1698598623352,39.5393779934342],[-107.1699420329323,39.53931633982458],[-107.17001484725142,39.53924568945842],[-107.17008369764508,39.539171058907826],[-107.17015395292592,39.53909745616169],[-107.1702303334633,39.53902924363072],[-107.17030993557051,39.538963601582225],[-107.17039082150194,39.53889883642557],[-107.17047221910795,39.538834440044354],[-107.17055336646551,39.53876985908695],[-107.17063350277448,39.53870457621994],[-107.17071187746113,39.538638028874495],[-107.17078817386648,39.53856976349713],[-107.17086286780676,39.53850011355419],[-107.17093655755966,39.53842960842681],[-107.17100984168324,39.538358786498534],[-107.17108329491643,39.538288168577985],[-107.17115750418792,39.538218293263164],[-107.1712330788417,39.538149671703806],[-107.17131059445803,39.538082851716105],[-107.1713906376849,39.538018362889375],[-107.17147379460933,39.537956716802995],[-107.17156110106933,39.53789866888825],[-107.17165374155049,39.53784489071109],[-107.1717508522848,39.537794920912425],[-107.17185141636807,39.53774823793321],[-107.17195445150249,39.53770431056118],[-107.17205895213321,39.537662608022174],[-107.17216392461464,39.537622608332185],[-107.17226854596375,39.53758403857984],[-107.17237725528425,39.537553806969505],[-107.17249016715941,39.53753110952075],[-107.17260437814765,39.53751052287001],[-107.17271697174435,39.53748657886302],[-107.1728273208918,39.537458199108215],[-107.17293731681816,39.5374289429455],[-107.17304706097542,39.53739907875689],[-107.17315666644546,39.53736887470651],[-107.17326623355949,39.53733856315938],[-107.17337586377366,39.537308412496216],[-107.17348565770278,39.53727866408524],[-107.17359562613419,39.537249290696366],[-107.17370559531152,39.53721994421785],[-107.17381560096352,39.53719065100906],[-107.17392563230489,39.53716143829956],[-107.17403571343607,39.53713233266614],[-107.17414585739118,39.537103378911134],[-107.17425607608044,39.53707458582081],[-107.17436638253832,39.53704599819739],[-107.17447769584383,39.53701910338953],[-107.17459049256493,39.5369946312357],[-107.17470352476107,39.53697062304791],[-107.17481556830042,39.53694513771615],[-107.17492539791631,39.53691619811915],[-107.1750317540094,39.536881845801624],[-107.17513640822942,39.53684143497454],[-107.17524215407833,39.536796489966356],[-107.17534492757379,39.53674690667884],[-107.17544048806916,39.53669251226161],[-107.17552460684293,39.536633142662936],[-107.1755906232749,39.536567138791256],[-107.17561483378284,39.53648137656022],[-107.17561393667927,39.53638484990123],[-107.17561353833665,39.53629199869747],[-107.17560708590281,39.53620126091753],[-107.17559624003745,39.53611029908806],[-107.1755919860573,39.53602028592705],[-107.17560505030546,39.53593229990099],[-107.17563049830432,39.535844442353635],[-107.17566258656727,39.53575647847536],[-107.17570176020585,39.53566999456871],[-107.17574844023291,39.535586550357785],[-107.17580303688001,39.53550773279441],[-107.17586605389829,39.53543328017394],[-107.17593728367143,39.53536101612479],[-107.17601575249341,39.535292175121405],[-107.17610051386356,39.53522811725978],[-107.17619060854017,39.53517016683894],[-107.17628519385761,39.535119654985614],[-107.17638559572947,39.53507656586138],[-107.1764909998313,39.53503904077491],[-107.1765996692683,39.53500511219034],[-107.17670987792297,39.53497278534818],[-107.17681986562886,39.53494009316112],[-107.17692789490454,39.53490505010504],[-107.17703224045141,39.534865688452406],[-107.17713101595004,39.53481972817418],[-107.17722314492424,39.53476548670245],[-107.17731047193924,39.534705398029466],[-107.17739506410163,39.53464231540685],[-107.17747902425346,39.53457911843802],[-107.17756622429583,39.53451795985005],[-107.17765542176787,39.53445631329606],[-107.1777336437057,39.53438971007498],[-107.17778760350451,39.53431369640605],[-107.17781391491572,39.53422713755991],[-107.17782813210218,39.53413556200179],[-107.17784779765408,39.53404520867977],[-107.17788572164189,39.53396054932666],[-107.17793154444014,39.53387771493073],[-107.17798269436116,39.53379632124483],[-107.17803841464145,39.533716724801],[-107.17809793605043,39.53363925533799],[-107.17816090720913,39.53356383835387],[-107.17822714645874,39.53348987362688],[-107.17829592469887,39.533417113551536],[-107.17836653496123,39.53334527407186],[-107.17843823652218,39.53327410780339],[-107.1785103340455,39.53320333047533],[-107.17858187429928,39.53313185181885],[-107.17865321155135,39.53305946698779],[-107.17872587913018,39.53298795809573],[-107.17880143333882,39.532919097812304],[-107.17888142026213,39.53285470404094],[-107.17896799936308,39.53279686246514],[-107.17906683932054,39.53274937678482],[-107.17917435622437,39.532711115952445],[-107.1792848130256,39.53267980910052],[-107.17939595778843,39.53265487682069],[-107.1795111482357,39.53263840033417],[-107.17962779869453,39.53262954522494],[-107.17974358091308,39.53262789569391],[-107.17985935409975,39.53263413834744],[-107.17997533294272,39.53264435011969],[-107.18009144550648,39.53265400069123],[-107.18020759818513,39.53265898358597],[-107.18032382912854,39.53266126211137],[-107.18044012809018,39.53266236803734],[-107.18055647680785,39.53266283325401],[-107.18067282101248,39.532663154290226],[-107.18078916570433,39.532663862599684],[-107.18090612222555,39.53266404577917],[-107.18102614755725,39.532658567462455],[-107.18114622416748,39.53265324121686],[-107.18126252344568,39.53265547247267],[-107.18137122873908,39.5326726754595],[-107.18147407881365,39.53271133126112],[-107.18157134399503,39.53276855184694],[-107.18165506659861,39.53283728823727],[-107.1817170846379,39.53291065747614],[-107.18174033450076,39.53299474595379],[-107.181738933203,39.53308857687702],[-107.1817430467327,39.533181664584276],[-107.18177247834276,39.53326958303547],[-107.18182656699284,39.533349425617914],[-107.18190051532858,39.53341772372231],[-107.1819820021499,39.5334822764951],[-107.1820667838059,39.533545037548535],[-107.18215065039514,39.53360792383559],[-107.1822329636627,39.53367173115309],[-107.18231553063879,39.53373546157072],[-107.18239943206463,39.533797959618944],[-107.18248580766519,39.533858095745025],[-107.18257667621593,39.533913831961364],[-107.18267453639713,39.533962850980075],[-107.18277395566957,39.534010381121675],[-107.18286871012168,39.53406238633472],[-107.18295594337276,39.534121650107615],[-107.18303979051487,39.53418423879272],[-107.18312177449207,39.53424862824177],[-107.18320333995388,39.5343133948753],[-107.18328588560021,39.53437713399193],[-107.18337087876846,39.534438403559285],[-107.18345974056322,39.53449577141882],[-107.1835560577828,39.53454562950826],[-107.18365849866036,39.53458929116546],[-107.18376255110601,39.53463128275294],[-107.18386370276379,39.53467612164453],[-107.18395758822382,39.5347281873282],[-107.18404543787275,39.53478701523834],[-107.18412893952987,39.534850402424944],[-107.18420817306395,39.53491718519955],[-107.18428322996533,39.534986199654504],[-107.18435168323515,39.53505833829832],[-107.18441115843383,39.53513579900065],[-107.18446758580414,39.53521512783799],[-107.1845268241385,39.53529281816215],[-107.18458800664257,39.53536942682309],[-107.18464946412443,39.53544589514023],[-107.18471103633134,39.53552230720987],[-107.18477252869023,39.53559876579261],[-107.18494535444967,39.535703699155654],[-107.18504537622597,39.53575064838864],[-107.18514616400024,39.53579679031162],[-107.185246812462,39.535842196005554],[-107.18534769851365,39.53588701153929],[-107.18544898720842,39.53593130588169],[-107.18555063344411,39.5359751249265],[-107.1856525802079,39.53601850578245],[-107.18575479430866,39.53606150312875],[-107.18585692341736,39.53610475424215],[-107.18595856243498,39.53614906856965],[-107.186059941149,39.53619398231617],[-107.1861612663707,39.53623904112747],[-107.18626277894637,39.53628376298044],[-107.18636472028508,39.53632768385903],[-107.18646729662625,39.53637033139898],[-107.1865707610027,39.536411241363936],[-107.18667534234035,39.536449922942616],[-107.18678124771903,39.53648593078037],[-107.18688901440993,39.536518218695065],[-107.18699937344078,39.536545241345706],[-107.18711176849405,39.5365681804023],[-107.18722553234645,39.5365883908008],[-107.18733998700242,39.536607254710184],[-107.18745447744872,39.53662614486001],[-107.18756833676952,39.53664642519723],[-107.18768087536604,39.53666947811693],[-107.18779144959547,39.536696667132816],[-107.18790039842861,39.536727670542724],[-107.18800829120507,39.536761351470865],[-107.18811514044523,39.53679736733204],[-107.18822098220679,39.53683538410713],[-107.18832580490026,39.536875032637134],[-107.18842965649009,39.53691598768772],[-107.18853250353983,39.53695792555767],[-107.18863282507027,39.537003541643855],[-107.1887304956975,39.537053288777926],[-107.18882688775896,39.53710492483332],[-107.18892337414862,39.53715622568702],[-107.18902131584015,39.53720495842688],[-107.1891220848603,39.53724887190953],[-107.18922688188462,39.537286186697195],[-107.18933443802368,39.5373202150713],[-107.18944392417349,39.537351972676795],[-107.18955500538874,39.53738116851488],[-107.18966733565901,39.537407529815],[-107.18978058088285,39.53743079259274],[-107.18989439419569,39.53745065706848],[-107.19000841823437,39.53746685969897],[-107.1901226462295,39.53747844562947],[-107.19023794615183,39.5374834164592],[-107.19035415622133,39.53748328879141],[-107.19047097482336,39.537479942236715],[-107.1905880989398,39.537475211387026],[-107.19070523889255,39.53747098463935],[-107.19082208006019,39.537469096806554],[-107.19093834385197,39.537471418060235],[-107.19105390091006,39.537479013934394],[-107.19116935746891,39.53748933238572],[-107.19128468576844,39.53750186041004],[-107.19139978627678,39.537516392671904],[-107.1915145600272,39.5375327418442],[-107.1916288847946,39.537550721038876],[-107.19174264969769,39.53757013414512],[-107.191855744137,39.53759079405659],[-107.19196989738589,39.53761182127943],[-107.19208635794557,39.53763332739345],[-107.1922018405621,39.53765777084256],[-107.19231302510842,39.53768761074154],[-107.19241655799836,39.53772535189515],[-107.19250904282033,39.53777361704739],[-107.19258821508568,39.53783550309831],[-107.1926574097091,39.53790791101646],[-107.1927209832363,39.53798619090409],[-107.19278328114751,39.53806571108003],[-107.19284866026904,39.538141830630316],[-107.19291558532525,39.5382156776572],[-107.19298069899796,39.5382907480558],[-107.19304573226334,39.538365846961334],[-107.19311246204765,39.53843976061917],[-107.19318263067699,39.538511284932994],[-107.1932579475776,39.53857927948796],[-107.19333846635489,39.5386439684936],[-107.19342296514398,39.53870608673816],[-107.19351042203736,39.53876606793232],[-107.19359978023967,39.53882434644823],[-107.19369000621144,39.53888135622207],[-107.19378395181025,39.53893824163371],[-107.19388931217254,39.53897924432397],[-107.19400049277726,39.53895345949828],[-107.19404331962177,39.53887687388633],[-107.19403337124348,39.538784158298114],[-107.19402751533046,39.5386920771557],[-107.19402547391196,39.53860177988482],[-107.19402247470313,39.5385113655609],[-107.19402027958294,39.53842099010663],[-107.1940206509884,39.53833082745287],[-107.19402536269229,39.53824104230708],[-107.19403615385629,39.53815180903904],[-107.19405145148428,39.53806268887096],[-107.19406943470153,39.53797349996543],[-107.19409028501572,39.537884464125035],[-107.19411419669675,39.53779583894803],[-107.19414134047328,39.53770787346767],[-107.1941719097634,39.53762079826969],[-107.1942060874907,39.53753488017472],[-107.19424338695006,39.537449813047516],[-107.19428216767034,39.5373644927011],[-107.19432269483079,39.53727921143116],[-107.19436531841238,39.537194368042556],[-107.19441039945646,39.53711034311198],[-107.19445828794258,39.53702753544302],[-107.19450934519449,39.53694633461494],[-107.19456392119102,39.53686713942971],[-107.19462237668846,39.53679032145697],[-107.1946860738993,39.536716647774014],[-107.19475847437283,39.53664741338081],[-107.19483803095862,39.53658189071074],[-107.19492273591614,39.53651913566975],[-107.1950105466246,39.536458204827596],[-107.19509943294626,39.53639818155164],[-107.19518735255059,39.53633813142731],[-107.19527375238665,39.536277857693506],[-107.19536161299679,39.536218898673745],[-107.19545071627707,39.53616097919907],[-107.19554058461341,39.53610371188467],[-107.19563075145206,39.536046691119765],[-107.19572075052264,39.53598952029881],[-107.19581010392625,39.535931803037464],[-107.19589835730379,39.53587315151725],[-107.19598503275583,39.53581316935673],[-107.19607022557773,39.53575192683222],[-107.19615439012792,39.535689811765984],[-107.19623774138975,39.53562700028154],[-107.19632048300245,39.5355636777256],[-107.19640282994955,39.53550002022046],[-107.19648499721457,39.535436203887876],[-107.1965671884369,39.535372414072704],[-107.19664961860009,39.53530882689547],[-107.19673247857985,39.53524559190417],[-107.19681461744342,39.535181631730026],[-107.19689579524717,39.53511671667079],[-107.19697654066098,39.53505137728723],[-107.19705739398323,39.53498614391877],[-107.19713889579644,39.53492155590724],[-107.19722158611562,39.53485813458509],[-107.19730600580819,39.53479642829498],[-107.19739269489031,39.534736958366196],[-107.19748220529112,39.53468025491028],[-107.19757506765612,39.534626542124634],[-107.19767092434539,39.53457554747907],[-107.1977692535082,39.534526956504195],[-107.19786951003836,39.53448045517214],[-107.19797117208569,39.534435729016785],[-107.19807368320025,39.53439247323769],[-107.19817653287541,39.53435036414856],[-107.19828044947351,39.5343103609674],[-107.19838623366385,39.534273133245314],[-107.1984933230113,39.53423781772163],[-107.19860112019347,39.53420355179784],[-107.19870905113979,39.534169472437775],[-107.19881655311933,39.534134707383416],[-107.19892305233765,39.53409840260684],[-107.19902796308456,39.53405969529844],[-107.19913213792972,39.53401942520487],[-107.19923638975628,39.53397864904305],[-107.19934014649837,39.53393693618807],[-107.19944287097245,39.53389385535674],[-107.19954401465053,39.53384898449174],[-107.19964300489544,39.53380187496632],[-107.19973929346227,39.53375211373075],[-107.19983179972928,39.53369864014098],[-107.19991909844663,39.53363979646126],[-107.20000269198285,39.533577103847975],[-107.20008429883305,39.533512295582305],[-107.20016563806294,39.53344712294826],[-107.20024841711194,39.53338333744512],[-107.2003334199029,39.533321446760894],[-107.20041671156069,39.53325621895964],[-107.20049898731011,39.533189037312745],[-107.20058187866464,39.533122564689236],[-107.20066700437829,39.53305942815816],[-107.20075598406513,39.53300228179523],[-107.20085043706395,39.532953770666836],[-107.20095169452584,39.53291588761688],[-107.20105816794599,39.532884752702856],[-107.20116864224114,39.53285873122683],[-107.20128226174994,39.53283725378706],[-107.20139819349612,39.53281973253641],[-107.20151558153093,39.53280558907546],[-107.20163359287368,39.53279423556369],[-107.20175138319776,39.532785093388306],[-107.20186810788866,39.53277757493608],[-107.2019836588513,39.532771204768174],[-107.20210015942979,39.53276616787564],[-107.20221747213309,39.53276289930578],[-107.20233517927247,39.532761803380644],[-107.20245288727124,39.532763310994625],[-107.20257017873124,39.53276783547672],[-107.20268665894278,39.53277577170901],[-107.2028019229945,39.53278755981474],[-107.20291556455379,39.53280359489943],[-107.20302731482813,39.53282420639741],[-107.20313781838891,39.53284880549924],[-107.20324737069102,39.53287680100405],[-107.2033561061077,39.532907658820164],[-107.20346419389166,39.532940844193874],[-107.20357179166486,39.53297582259149],[-107.203679057046,39.53301205947879],[-107.20378613602308,39.53304902054167],[-107.20389318649353,39.53308618024881],[-107.20400037740978,39.53312299484017],[-107.204107843123,39.533158930220765],[-107.20421576506172,39.53319346942049],[-107.20432425744949,39.53322617782705],[-107.20443273323261,39.53325909365889],[-107.2045410778989,39.53329264252377],[-107.2046495037744,39.533326180736175],[-107.20475817724065,39.53335908350022],[-107.20486731033138,39.53339069812542],[-107.20497708076337,39.53342039059021],[-107.20508768978989,39.53344753543496],[-107.20519931426497,39.53347147162545],[-107.20531200438997,39.53349231532624],[-107.20542552463736,39.53351108004129],[-107.2055397306786,39.53352798473002],[-107.20565451249928,39.53354322968246],[-107.20576973683079,39.533557015630606],[-107.20588528174825,39.53356953408229],[-107.20600102561318,39.53358098554964],[-107.20611684707336,39.5335915795491],[-107.20623262420771,39.533601507589836],[-107.20634822432416,39.53361098841377],[-107.20646416195544,39.53362047172184],[-107.20658057036009,39.533629756778694],[-107.20669728212062,39.53363833323549],[-107.20681409436249,39.53364567339898],[-107.20693082860387,39.53365128515046],[-107.20704731684637,39.53365464013585],[-107.20716335706072,39.53365523767599],[-107.20727879315477,39.53365255820135],[-107.20739337708342,39.53364575054781],[-107.20750631759712,39.53362893770332],[-107.2076179081202,39.53360330331847],[-107.20772880282613,39.53357297021191],[-107.20783970328034,39.533542087326744],[-107.20795127561937,39.53351478625802],[-107.20806454018452,39.533494993663076],[-107.20818619803863,39.53348159116193],[-107.20830764540061,39.533478066669666],[-107.20841431804185,39.53349073321368],[-107.2084596228954,39.53356852279831],[-107.2084974316686,39.53365758127156],[-107.20854257079085,39.53374077951851],[-107.20858099007319,39.53382560101879],[-107.20861279050885,39.53391229611836],[-107.208642229319,39.533999729812926],[-107.20866804470235,39.53408773689683],[-107.20868898647859,39.53417615194436],[-107.2087024191926,39.53426552056726],[-107.2087056953863,39.53435601021724],[-107.20869933482732,39.53444603439664],[-107.2086872458605,39.53453556385267],[-107.20867201763194,39.53462516199298],[-107.20865283124934,39.53471432184717],[-107.20862889107248,39.53480253600198],[-107.20859858887431,39.53489045666396],[-107.20855637799126,39.534985892169495],[-107.20850758975045,39.53508378608027],[-107.20845991025314,39.53517592000603],[-107.20842103843111,39.53525411136181],[-107.20839877049126,39.535309941482154],[-107.2084459823662,39.5352492947725],[-107.2085372891805,39.53516071004947],[-107.20865056823311,39.535133222694206],[-107.2087484720787,39.53508758559858],[-107.20883156462482,39.53502580615175],[-107.20891201686668,39.5349611218115],[-107.20899081540907,39.53489455889758],[-107.20906893437322,39.53482711693669],[-107.20914734845199,39.534759813460504],[-107.20922704368111,39.534693656773136],[-107.20930892241753,39.53462958469325],[-107.20939237985436,39.53456686995925],[-107.20947676695693,39.53450485822626],[-107.20956177454792,39.53444333915022],[-107.20964711556351,39.5343820659304],[-107.20973248082645,39.534320828224395],[-107.20981757193076,39.534259388458196],[-107.20990210238365,39.534197517841264],[-107.2099857510948,39.53413499725121],[-107.21006801655929,39.53407142180424],[-107.21014411179534,39.53400296354247],[-107.21021701238074,39.533932097470796],[-107.21029324016577,39.5338641591272],[-107.2103783661272,39.53380348407775],[-107.21046733513535,39.53374439355269],[-107.21055849082597,39.533686387511864],[-107.2106523109359,39.53363132177396],[-107.21074926129738,39.533581043373225],[-107.21084979669617,39.53353741757075],[-107.21095451442812,39.53350166725734],[-107.21106367302978,39.533472039708165],[-107.21117624339693,39.533447635552875],[-107.21129109749019,39.53342773749264],[-107.21140711918157,39.53341163701542],[-107.21152320396777,39.5333986253923],[-107.21163843004575,39.53338825168917],[-107.21175402698836,39.5333822312859],[-107.21187023004252,39.53337991103725],[-107.21198682364539,39.53337999771412],[-107.21210362653669,39.53338117941681],[-107.21222042313643,39.5333821629183],[-107.21233702053934,39.5333816365424],[-107.21245320286211,39.533378298060434],[-107.21256898600394,39.533371183182034],[-107.21268583103338,39.53336233620928],[-107.21280291475894,39.53335111514228],[-107.21291878017767,39.53333597111366],[-107.2130320048751,39.533315345593756],[-107.21314112049126,39.53328769895204],[-107.21324730719239,39.53325245915535],[-107.21335243729229,39.533210698680904],[-107.21345409032698,39.53316276995813],[-107.21354980953001,39.53310898106994],[-107.21363712709187,39.53304965833552],[-107.21371415878036,39.53298481965577],[-107.21378301832374,39.53291361394475],[-107.21384537535512,39.532837324752414],[-107.213902617404,39.532757511276564],[-107.21395610845893,39.532675724150835],[-107.21400724767601,39.532593522345046],[-107.21405790206461,39.532512176624465],[-107.21411207048013,39.53243011525138],[-107.2141666680997,39.53234691951855],[-107.21421712677419,39.53226272152876],[-107.21425887837752,39.53217765339179],[-107.21428737806175,39.532091846778734],[-107.21429805803385,39.53200544280776],[-107.21429261767189,39.53191846315185],[-107.21427624712562,39.531830944033786],[-107.21425156716487,39.53174297965076],[-107.21422119883258,39.53165467320417],[-107.21418778669921,39.53156613645797],[-107.21415393986767,39.53147746383627],[-107.21412229096816,39.531388758327196],[-107.21409547233125,39.531300113918206],[-107.2140760935919,39.53121164304988],[-107.21406785704521,39.53112342833256],[-107.21408051959978,39.5310353378965],[-107.21410854033347,39.530947279121825],[-107.21414287799684,39.53085920807187],[-107.21417447918698,39.530771063030535],[-107.21419813008396,39.53068279020298],[-107.21422042731321,39.53059439001],[-107.21424235070603,39.53050594288098],[-107.21426439060546,39.5304175025361],[-107.2142777485017,39.53027259553294],[-107.21433737151581,39.530077787504304],[-107.21431877158726,39.529492162643386],[-107.21429891989818,39.52886749748866],[-107.21438858118388,39.52851420286207],[-107.21453113699208,39.5282380372214],[-107.21475490740399,39.528136111792364],[-107.21505552640564,39.52807177599771],[-107.21570841795598,39.527981199188545],[-107.21618735624001,39.527972064984],[-107.21695635257905,39.52756674485094],[-107.21750965303433,39.52751712224589],[-107.21811461984778,39.52750557477252],[-107.21889043679496,39.52731496417299],[-107.21938585975889,39.52703204444974],[-107.21991988720183,39.526377276327764],[-107.22010723121531,39.52592445089468],[-107.2202718665998,39.525550187250964],[-107.22052922470026,39.52492022583798],[-107.22081988238547,39.52454355294667],[-107.22123219613773,39.52402782942139],[-107.22154805144909,39.523650673025315],[-107.22191616854073,39.52333111254049],[-107.22227806948177,39.522816349355686],[-107.22289948139944,39.5225310051727],[-107.22334506795521,39.52226855425155],[-107.22376296702919,39.52192850336549],[-107.22428478241949,39.52168413101277],[-107.22465413435135,39.52140360240355],[-107.22499826764742,39.521123555545465],[-107.22541864485909,39.52086157948811],[-107.2260431319432,39.52067382897876],[-107.22654098469023,39.520468969741685],[-107.22707026374646,39.52045882644477],[-107.22755101825558,39.52050820711055],[-107.22793406647601,39.52065711942843],[-107.22847333277291,39.5209592997763],[-107.22904904542455,39.52161236394951],[-107.23078937071706,39.52398145759504],[-107.23165926615833,39.52515623304446],[-107.23205549036459,39.52571505952281],[-107.23263377883539,39.526446183341534],[-107.23350248609998,39.527581902815335],[-107.23442351340715,39.528775205170305],[-107.23529165382651,39.52989138924407],[-107.23608232090768,39.530950461480344],[-107.23687551946254,39.532087607130464],[-107.23781873964087,39.53318279353379],[-107.23858490279105,39.534261851455796],[-107.23945256480819,39.53535847051912],[-107.24032401038558,39.53657221948339],[-107.24072276854872,39.53799038937845],[-107.24096849824492,39.53857162643436],[-107.24132960476355,39.53881857594978],[-107.2416648872874,39.53904649964082],[-107.24222453924381,39.539191955516394],[-107.24280374677365,39.53916124365498],[-107.24322793190048,39.53901633055446],[-107.24339120007122,39.538602998179336],[-107.2436597189508,39.53832435664804],[-107.24435364626424,39.5379398376089],[-107.24456859435523,39.537564569135725],[-107.24490328487667,39.536991658148885],[-107.245364028059,39.53641631914591],[-107.24572015173706,39.53572579990992],[-107.24620105330699,39.534993803374675],[-107.24612986599867,39.53435061630536],[-107.24680483928634,39.53416176878945],[-107.24758314966878,39.534049055153844],[-107.24879820078765,39.53418179905215],[-107.24922108209377,39.53399782567571],[-107.24941581483102,39.53377919525641],[-107.25023319442951,39.53331412352873],[-107.25087346590371,39.532832945473494],[-107.25116839044428,39.532592839124135],[-107.25185651694515,39.53203260070839],[-107.2522717922234,39.53161436244444],[-107.2521797637845,39.531108306864624],[-107.25181362592103,39.53070522376316],[-107.25142607034573,39.530419755169746],[-107.25094210466702,39.53027286772514],[-107.25280736668017,39.53023671596775],[-107.25283636048916,39.530353345452234],[-107.25296807573451,39.530526578927],[-107.25332727469923,39.530714941558394],[-107.25366316243017,39.530962342039935],[-107.25385097869757,39.53131028271892],[-107.25411188111488,39.53157867738373],[-107.25429227497057,39.53167517048163],[-107.25440006872446,39.5317137014155],[-107.25450085069245,39.53175701705269],[-107.2546075731497,39.531790478383556],[-107.25471820921686,39.53181832301145],[-107.25483082726771,39.53184341730031],[-107.25494350673569,39.531868609388184],[-107.25505434915854,39.53189671095451],[-107.25516344238008,39.53192827886945],[-107.25527186119267,39.53196165260148],[-107.25538007551357,39.53199553471554],[-107.25548854333431,39.532028618997316],[-107.25559771159465,39.53205961746367],[-107.25570806094206,39.53208720543885],[-107.25582000633491,39.532110185649245],[-107.25593331061556,39.53212913928374],[-107.25604760151333,39.532145145661254],[-107.25616260440995,39.53215906598509],[-107.25627803160751,39.53217171666765],[-107.25639363116937,39.532183940455454],[-107.25650911657475,39.53219658977687],[-107.2566242236877,39.53221048959901],[-107.25673867704201,39.53222647411916],[-107.2568523462039,39.53224518552553],[-107.25696718483846,39.532264081313464],[-107.25708283600817,39.53228327652395],[-107.2571979729341,39.53230419335549],[-107.25731125780185,39.53232827224469],[-107.25742137576684,39.53235694417763],[-107.25752696519068,39.53239163204512],[-107.25762655750486,39.53243404911442],[-107.25771874061711,39.532486574239556],[-107.25780533449144,39.53254684769919],[-107.25788867900238,39.53261167982557],[-107.25797112535034,39.532677871714746],[-107.2580550014738,39.53274222490809],[-107.25814264663873,39.5328015317112],[-107.2582367076137,39.53285238024339],[-107.25834126470218,39.53289071812536],[-107.25845317015228,39.5329192191823],[-107.25856755529679,39.53294202316441],[-107.25868099106759,39.53296209768671],[-107.25879600122647,39.5329779792436],[-107.25891217725166,39.53299106318837],[-107.25902869181039,39.533003104377386],[-107.25914469520278,39.53301588513269],[-107.2592593487835,39.53303116954627],[-107.25937181450225,39.53305073972008],[-107.25948119968704,39.53307648693158],[-107.25958445876918,39.53311530839422],[-107.25968159455567,39.53316621305844],[-107.25977457962234,39.533223297591334],[-107.2598654228572,39.53328070299307],[-107.25995810224433,39.533336604108165],[-107.26005190038728,39.53339291582583],[-107.26014360138561,39.53345092595248],[-107.26023003672074,39.53351194841037],[-107.26030799048367,39.53357727102512],[-107.26037444734237,39.53364826781905],[-107.26043006501055,39.53372620532006],[-107.26047638213076,39.533809738266434],[-107.2605143596578,39.53389692901596],[-107.26054492336901,39.53398583159859],[-107.26056900020953,39.53407453605583],[-107.26058425533162,39.53416279952754],[-107.26058760254206,39.534252682105254],[-107.26058411765007,39.534343562496915],[-107.26057905873063,39.53443469874306],[-107.26057767342738,39.53452538512417],[-107.2605852323738,39.534614906463986],[-107.26060394920336,39.53470335482676],[-107.26062694949765,39.534792575711656],[-107.26065436800916,39.534881701612264],[-107.26068705338211,39.534969634910105],[-107.26072583159166,39.53505529644475],[-107.26077156320366,39.5351375973715],[-107.26082522593512,39.53521547359104],[-107.26088952119244,39.53528898964263],[-107.26096337412275,39.53535872499512],[-107.26104433196954,39.535425105749766],[-107.26112995359438,39.53548855778678],[-107.26121777459586,39.535549507445815],[-107.26130580466699,39.53560829076337],[-107.26139619367504,39.5356644694894],[-107.26148908325692,39.53571846429304],[-107.26158372673989,39.53577092935499],[-107.26167940070766,39.53582251840555],[-107.26177535907496,39.535873903636954],[-107.2618708781363,39.5359257297806],[-107.26196521122499,39.53597865102655],[-107.26205762388803,39.53603333934767],[-107.26214765284342,39.53609021819133],[-107.26223598808484,39.53614867952177],[-107.26232308214844,39.5362083271361],[-107.26240929630265,39.53626882066234],[-107.26249496855982,39.53632982018037],[-107.26258049477782,39.53639097563331],[-107.26266622459563,39.53645194687253],[-107.26275251957189,39.53651240252531],[-107.26283974038722,39.536571984207534],[-107.26292954696174,39.536629497401584],[-107.26302241888439,39.536684662484525],[-107.2631159696056,39.53673922867223],[-107.26320782391329,39.536794935958014],[-107.26329559555485,39.536853542576],[-107.26337692124137,39.536916797310646],[-107.26345300558462,39.5369845325601],[-107.26352567941198,39.53705544237067],[-107.26359441705473,39.53712910454999],[-107.26365868121138,39.53720509713327],[-107.26371793428304,39.537282989153155],[-107.2637716395438,39.53736237665327],[-107.26381842562682,39.53744402511566],[-107.26385888093121,39.537528139303625],[-107.26389491284817,39.53761397934041],[-107.26392847440945,39.53770077742935],[-107.26396148377056,39.537787766450855],[-107.26399587160061,39.5378742060666],[-107.26403206316377,39.53795993483214],[-107.26406607242725,39.538046534956585],[-107.26409882954621,39.53813362794806],[-107.2641318160929,39.53822061735636],[-107.26416647876148,39.53830690740927],[-107.26420429942868,39.53839191065628],[-107.26424674776324,39.53847502186432],[-107.26429532145734,39.53855613976532],[-107.26435205658697,39.53863776525535],[-107.26441862754248,39.53871556831065],[-107.26449664584787,39.53878364352149],[-107.2645876215652,39.538836186549844],[-107.26468677643471,39.53887868700435],[-107.26478983560183,39.53891744452865],[-107.2648961198124,39.538953039932466],[-107.26500493789267,39.53898604525078],[-107.26511558733539,39.539017041751265],[-107.26522737697086,39.53904660147374],[-107.2653396269671,39.5390752872304],[-107.26545163453137,39.53910367129297],[-107.26556272071564,39.53913234348921],[-107.26567275301134,39.53916152262595],[-107.2657829641233,39.5391904729407],[-107.26589347551648,39.53921899386216],[-107.2660042813308,39.53924690532035],[-107.26611541117532,39.5392740445718],[-107.26622687169468,39.539300258330066],[-107.26633868028182,39.53932536607158],[-107.26645087817083,39.53934920482585],[-107.26656344845378,39.53937161275662],[-107.26667643236259,39.53939242689333],[-107.2667898573412,39.53941213319463],[-107.26690373705075,39.53943186654825],[-107.26701802722948,39.53945133952307],[-107.267132659478,39.539470238131706],[-107.26724755318037,39.53948823060706],[-107.26736267452432,39.5395049932782],[-107.26747793155437,39.539520203609115],[-107.26759329016062,39.53953352892592],[-107.26770865838316,39.53954464669334],[-107.26782399106577,39.53955324247194],[-107.26793923054247,39.53955897503922],[-107.26805440376755,39.53956160062185],[-107.26817177158885,39.53956230032813],[-107.26829140904354,39.539561234851554],[-107.26841228951326,39.539557964762565],[-107.2685333854971,39.53955202362557],[-107.26865365786298,39.53954294523645],[-107.26877209102639,39.539530271944706],[-107.2688876348097,39.53951355578867],[-107.26899926141091,39.53949232134618],[-107.26910594390786,39.53946612020899],[-107.2692066550859,39.53943449496865],[-107.26930081037467,39.539387718148454],[-107.26938641249326,39.539320558415476],[-107.26946020607161,39.53923988130167],[-107.26951891400793,39.539152597814365],[-107.26955929325325,39.53906559126944],[-107.26957683506127,39.53898475166936],[-107.26955703693804,39.5389024342638],[-107.26950753580698,39.538817688032225],[-107.26944237767181,39.5387334278066],[-107.26937555002561,39.538652560573254],[-107.26931134464056,39.53857753407526],[-107.26923689148867,39.53850723931423],[-107.26915824276618,39.53843887332923],[-107.26908240356693,39.538369596545195],[-107.269016333045,39.538296588320684],[-107.26896685431889,39.538217138795304],[-107.26893426303255,39.53813139537249],[-107.26891130460484,39.53804204033058],[-107.26889035502789,39.537951844234996],[-107.26886373277482,39.537863596786345],[-107.26882428751047,39.537779248460225],[-107.26877065281367,39.537696141194054],[-107.26870096944735,39.5376225636748],[-107.26861318946443,39.537567799273106],[-107.26851226791037,39.53752608442824],[-107.26840393000388,39.53749100991106],[-107.26829333074154,39.53745759208399],[-107.2681855899647,39.53742083900545],[-107.2680797235144,39.53737911220843],[-107.2679720980574,39.53733481600054],[-107.26788244955277,39.537280168593384],[-107.26782303851556,39.53720578639474],[-107.26778398332353,39.537112997491896],[-107.26777545714137,39.53702015321795],[-107.26780808195007,39.53694045189238],[-107.26787711134659,39.536861769694866],[-107.26796879926991,39.53679432102775],[-107.26806940809679,39.536752149049576],[-107.26817664295946,39.536736595860056],[-107.26829340879358,39.5367368207446],[-107.2684144386651,39.53674793542877],[-107.26853445427633,39.53676506089041],[-107.26864888092341,39.53678384494061],[-107.26876112615314,39.53680638325479],[-107.2688724979646,39.53683318183653],[-107.26898272931892,39.5368635431879],[-107.2690915764277,39.53689676935801],[-107.26919878298958,39.53693213561368],[-107.26930491562935,39.53696882006632],[-107.26941106901648,39.53700649502419],[-107.26951662845642,39.5370455779076],[-107.26962099059024,39.53708647690844],[-107.26972351805694,39.537129627912584],[-107.26982358424384,39.53717543957045],[-107.2699205747534,39.53722433831421],[-107.27001359945702,39.53727721543301],[-107.27010241058235,39.537334679391954],[-107.27018812114548,39.53739553725978],[-107.27027192261926,39.53745850447697],[-107.27035496142973,39.53752234240655],[-107.27043840637593,39.537585784943495],[-107.27052343817611,39.53764757475579],[-107.27060954072955,39.53770829851351],[-107.27069471441969,39.53777014848748],[-107.2707798345241,39.53783213458187],[-107.27086584344406,39.53789318430374],[-107.27095368357834,39.53795222515743],[-107.27104429761667,39.538008193647975],[-107.27113855154685,39.53806017192336],[-107.27123556767623,39.53810978977425],[-107.27133464532565,39.53815768252485],[-107.27143552368521,39.53820370211317],[-107.27153791898087,39.53824770993636],[-107.27164152447455,39.53828957685061],[-107.2717460787637,39.53832913679001],[-107.27185128732214,39.5383662783924],[-107.27195952445233,39.53839531548696],[-107.27207516171553,39.538407585846365],[-107.27219275119077,39.538415853876344],[-107.27230771846702,39.53843076778301],[-107.27242257109766,39.538446089230185],[-107.27253762044587,39.5384610193211],[-107.27265265069491,39.53847607579938],[-107.27276744661893,39.538491794416174],[-107.27288176885801,39.53850868436817],[-107.2729953905649,39.5385272816356],[-107.27310810785771,39.538548112741054],[-107.27321942905377,39.53857251165482],[-107.27332799890256,39.53860458605098],[-107.27343405318302,39.538642646609375],[-107.27353811223061,39.538684097523934],[-107.27364059360444,39.538726759419646],[-107.27374139127717,39.53877166142043],[-107.27384100366254,39.5388183883632],[-107.27394001707083,39.538866009840575],[-107.2740390410643,39.53891359498802],[-107.27413870845753,39.538960212483865],[-107.27423960496095,39.539004913908045],[-107.27434234071279,39.539046786396895],[-107.27444684312707,39.53908610164163],[-107.27455181417469,39.53912515535942],[-107.27465720499055,39.53916387643242],[-107.27476304457703,39.53920208410845],[-107.27486933897328,39.53923960709392],[-107.27497608288341,39.53927628332644],[-107.27508331722872,39.53931194082942],[-107.27519102420078,39.53934639075788],[-107.27529923397296,39.53937948837308],[-107.2754079516966,39.53941103537129],[-107.2755171956207,39.53944087823791],[-107.2756269944446,39.53946882721713],[-107.27573899172249,39.539493904150994],[-107.27585343945185,39.53951527525409],[-107.27596947405137,39.53953250697924],[-107.27608622001328,39.5395451570072],[-107.2762027669415,39.53955278370579],[-107.27631826316603,39.53955496231411],[-107.27643230389536,39.539550700750574],[-107.276546853696,39.53953709561071],[-107.27666110796348,39.539515162677354],[-107.27677378122225,39.539486512755545],[-107.27688356445958,39.539452748107315],[-107.27698917075564,39.539415434529666],[-107.27709035694761,39.53937282902324],[-107.27718825639323,39.53932472019251],[-107.2772839768352,39.53927296023723],[-107.27737863853496,39.539219428135354],[-107.27747334924926,39.53916597607875],[-107.2775692292525,39.53911448303774],[-107.27768001731577,39.538977335868694],[-107.27774117767397,39.5388991895764],[-107.27778286964325,39.538817064517026],[-107.27779522758622,39.53872921716811],[-107.27779069900902,39.53863806119483],[-107.27778465100985,39.53854634040524],[-107.27779249770651,39.53845681570541],[-107.27781705550066,39.538368440866755],[-107.27784965504432,39.53827976420603],[-107.27789258187889,39.53819449772402],[-107.27794817938951,39.538116343272605],[-107.2780183086171,39.538047417532184],[-107.27810065380255,39.53798486493622],[-107.27819076629531,39.53792643031269],[-107.27828414078643,39.53786990465779],[-107.27837633040575,39.537813086844544],[-107.27846480629981,39.537754431849606],[-107.27855275966414,39.53769510234004],[-107.27864131223453,39.53763631057107],[-107.2787314214871,39.53757922697044],[-107.27882404460603,39.53752501295948],[-107.2789198760379,39.53747426753301],[-107.27901702655136,39.537422946594006],[-107.27911525506006,39.53737150532658],[-107.27921487717649,39.53732176639554],[-107.27931625503334,39.537275551551915],[-107.2794197278123,39.537234692004766],[-107.27952563470572,39.53720101896152],[-107.27963447695784,39.53717598206384],[-107.27974727262765,39.537157624357114],[-107.27986322189913,39.53714497051746],[-107.2799811708426,39.53713760173198],[-107.28009995448923,39.537135117427184],[-107.28021844216202,39.537137098343045],[-107.28033546859294,39.53714313491219],[-107.28044990457288,39.53715285290085],[-107.28056409888138,39.537168692738234],[-107.28067859399052,39.53719194109425],[-107.28079140067925,39.537221898268406],[-107.2809005535634,39.53725788211837],[-107.28100407473707,39.5372991837273],[-107.28109891513297,39.537346493617406],[-107.2811733021901,39.537413736882],[-107.28123670945628,39.53749281750297],[-107.28130470567781,39.53756848359925],[-107.28138976782628,39.537628778252326],[-107.28148092080933,39.537685331551046],[-107.28157491221559,39.53774044162407],[-107.28167157874822,39.53779303057298],[-107.28177072251471,39.53784203018836],[-107.28187220404921,39.537886380123],[-107.28197583677712,39.53792500293709],[-107.28208258151156,39.53795561845421],[-107.28219471577395,39.537975650354596],[-107.2823106496555,39.53798806684088],[-107.28242852304616,39.53799611170447],[-107.2825464994069,39.53800303728991],[-107.28266288423515,39.5380118138745],[-107.28277990178563,39.53801788417278],[-107.28289817516983,39.53802038006934],[-107.28301671369711,39.538021735481585],[-107.28313455024421,39.53802439287689],[-107.28325067030765,39.53803076863006],[-107.28336408324553,39.53804329666902],[-107.28347379931579,39.53806443793513],[-107.28357676950233,39.53810020741913],[-107.28367342591409,39.53814958761943],[-107.28376695581204,39.53820616444539],[-107.2838606042721,39.538263513650456],[-107.28395759397412,39.538315238445605],[-107.28406031629046,39.53835691336074],[-107.28416700959204,39.53839265416197],[-107.28427574833911,39.53842548072736],[-107.2843846771813,39.53845806921405],[-107.28449194137248,39.5384931137922],[-107.28459577684042,39.538533234782406],[-107.28469830567391,39.53857608411918],[-107.2848007601041,39.53861985376049],[-107.28490248827153,39.53866488986537],[-107.28500280402415,39.538711557287805],[-107.28510106742654,39.538760210966004],[-107.2851966269154,39.53881120606893],[-107.28528879574789,39.53886488945037],[-107.28537618867408,39.53892336948159],[-107.28545671753596,39.53898931792321],[-107.28552992849298,39.539060959906045],[-107.28559542139936,39.53913638436727],[-107.2856523922618,39.53921413864634],[-107.28569889175371,39.539296162037715],[-107.28573851174778,39.53938128476955],[-107.28577589805776,39.53946747847636],[-107.28581567266747,39.53955269723654],[-107.28586249216639,39.53963488543204],[-107.28591675022695,39.539715756055514],[-107.28597578805481,39.53979690197678],[-107.28604310955008,39.53987234424067],[-107.28612233340414,39.539936056578206],[-107.28621541504113,39.53998451394518],[-107.28631810232339,39.540023232505085],[-107.28642713626272,39.5400557268748],[-107.28653943624805,39.54008527393326],[-107.28665190975961,39.54011514179581],[-107.2867614866636,39.54014857112148],[-107.28686832139047,39.54018672105831],[-107.28698144972842,39.5402237650066],[-107.28709616542915,39.540261309133506],[-107.28720627896705,39.540301853703916],[-107.2873055784493,39.54034792647377],[-107.28738784005452,39.54040204644366],[-107.28744310444756,39.540468490885964],[-107.28745825421616,39.54055351820627],[-107.28745086830358,39.540649611022765],[-107.28744165528016,39.54074782092479],[-107.28745134649341,39.54083918103651],[-107.28749762390325,39.54092426213049],[-107.287576546249,39.540995366876665],[-107.287675790413,39.54103334118243],[-107.28778671322597,39.541054904999555],[-107.28790416941649,39.54106849308141],[-107.2880231682382,39.54108015874245],[-107.28813942346449,39.54109508557251],[-107.28826129703641,39.541102874492175],[-107.28838225112914,39.54111171744653],[-107.28848856897726,39.541138668671685],[-107.28857159056912,39.541194259316754],[-107.28864140094261,39.54126564192163],[-107.28870388041821,39.54134586272635],[-107.28876434318616,39.54142879894131],[-107.28882807988406,39.54150831922051],[-107.2889003468552,39.54157831090024],[-107.28898642428048,39.541632678851364],[-107.28908393868377,39.5416753257225],[-107.28918791998021,39.54171222337892],[-107.28929708500914,39.541743982682995],[-107.2894101849025,39.54177119580704],[-107.28952593649936,39.54179447362182],[-107.28964307989713,39.54181442654455],[-107.28976035489963,39.541831655994066],[-107.28987646642837,39.54184676408177],[-107.28999084438371,39.541859753039674],[-107.2901057704885,39.54186853281979],[-107.29022143632058,39.54187362217415],[-107.29033768423166,39.541875889086086],[-107.29045435657918,39.54187620153932],[-107.29057128469006,39.541875445754016],[-107.29068832256185,39.54187448948561],[-107.29080530094103,39.541874200948584],[-107.29092206250462,39.54187545713184],[-107.29103843801087,39.541879126250905],[-107.29115433132915,39.54188582282402],[-107.29127000089777,39.54189455975937],[-107.29138551064837,39.54190480425739],[-107.29150090628836,39.54191617703314],[-107.2916162210054,39.541928272020996],[-107.29173152405487,39.54194071848042],[-107.2918468256587,39.54195311980766],[-107.29196219447458,39.54196508725528],[-107.29207765294035,39.541976241996686],[-107.29219323926831,39.54198633102185],[-107.29230887006355,39.54199635599015],[-107.29242449429631,39.54200653412771],[-107.29254013255681,39.54201678394598],[-107.29265577025309,39.54202701564154],[-107.29277143989904,39.54203715649953],[-107.29288712660517,39.542047107713366],[-107.29300282829546,39.542056806259936],[-107.29311855303965,39.54206614387031],[-107.29323432231399,39.5420750660657],[-107.29335010930177,39.54208346526573],[-107.2934659348852,39.54209126898503],[-107.2935818080212,39.54209839596451],[-107.29369771440916,39.54210476540412],[-107.2938137321823,39.542110276660665],[-107.29393005308842,39.542114745764984],[-107.29404656653502,39.54211799471732],[-107.29416319622047,39.54211982682297],[-107.29427980710653,39.542120028529204],[-107.29439628889345,39.54211843084098],[-107.29451254142569,39.54211481951769],[-107.2946284541045,39.5421090165619],[-107.29474396052908,39.54210041967435],[-107.29485931258928,39.54208749232786],[-107.29497454022977,39.54207114385407],[-107.29508963638214,39.54205257260788],[-107.29520459487611,39.54203300395386],[-107.29531939762431,39.542013654482844],[-107.29543404950739,39.541995731322636],[-107.29554855571067,39.54198045060424],[-107.29566288624538,39.54196902014432],[-107.29577704631268,39.541962656073544],[-107.29589114200412,39.54196386984351],[-107.29600534691136,39.54197651393213],[-107.29611916410339,39.54199821974903],[-107.29623206986524,39.54202615976956],[-107.29634355268433,39.5420575242484],[-107.29645308850964,39.54208947666278],[-107.29656166253949,39.542121547086076],[-107.29667002745538,39.54215503597432],[-107.2967777168912,39.54219026786776],[-107.29688425196268,39.54222754052832],[-107.29698914334574,39.54226718796272],[-107.29709193511746,39.5423094984732],[-107.29719214958325,39.54235480583969],[-107.29728994123401,39.542402854758066],[-107.29738680285755,39.54245233641752],[-107.29748282213947,39.54250308692184],[-107.29757800744453,39.54255500700721],[-107.29767236683976,39.54260798840653],[-107.29776593253976,39.54266194940244],[-107.29785868905641,39.54271677318448],[-107.2979506569747,39.542772378265205],[-107.29804186761635,39.542828655917354],[-107.29813230608566,39.54288550733692],[-107.2982220042975,39.54294284180304],[-107.29831094854356,39.54300059652475],[-107.29839889777317,39.543059929441135],[-107.29848513632903,39.5431213682339],[-107.2985689432438,39.5431849271716],[-107.29864959665572,39.543250593515005],[-107.2987263517399,39.54331836399025],[-107.29879849914812,39.54338825264138],[-107.29886728082998,39.54346227997286],[-107.29893388101354,39.54354424242604],[-107.2989896034588,39.543629789515315],[-107.2990252229659,39.543714058709035],[-107.29902656529792,39.543791726853556],[-107.2989379455478,39.54385664355985],[-107.29883581937719,39.54392166530103],[-107.29881926594562,39.54400148038412],[-107.29883332701424,39.544086212262854],[-107.29885462761764,39.54417205314993],[-107.29888167217139,39.54425881641732],[-107.29891294301505,39.54434635191083],[-107.29894692158906,39.54443448246784],[-107.29898211288074,39.54452303947034],[-107.29901698728051,39.544611863995996],[-107.29905002590776,39.54470076988473],[-107.2990797459493,39.54478960630084],[-107.29910460554815,39.5448781965512],[-107.29912003989477,39.54496679314378],[-107.29910709397174,39.545057888357675],[-107.2990836211644,39.54514946217371],[-107.29907510001848,39.54523853285278],[-107.29910068330283,39.54532295556842],[-107.29914281450489,39.54540528499226],[-107.29919480161362,39.54548619409714],[-107.29925328805261,39.545565875430086],[-107.29931489367478,39.5456445130009],[-107.29937628483442,39.545722289905775],[-107.29943855055954,39.54579835575014],[-107.29950749322867,39.545871523594485],[-107.29957887675134,39.54594354396683],[-107.29964813165044,39.54601629112321],[-107.29971067621422,39.54609162155439],[-107.2997620539609,39.54617130819915],[-107.29980191569386,39.546255348976146],[-107.29983465194827,39.54634208939117],[-107.29986486170637,39.54642984378875],[-107.29989717796462,39.546516898807305],[-107.29994010168274,39.54660238343293],[-107.2999959937848,39.546687665343235],[-107.30004157938838,39.54677234946896],[-107.30005235678543,39.54685589389164],[-107.300025503559,39.54693811125605],[-107.29997829332831,39.5470194973993],[-107.29991965600226,39.547100542180296],[-107.2998585561214,39.54718172577501],[-107.29980394693567,39.547263537609325],[-107.29976267995353,39.547348364610876],[-107.2997512590374,39.54743805127628],[-107.29973962144136,39.54752963414452],[-107.29972635116229,39.54762216826187],[-107.29971400521943,39.54771485525185],[-107.29970512931412,39.54780690597215],[-107.29970228079063,39.54789753105041],[-107.29970799344977,39.547985932570676],[-107.2997248368836,39.548071338933724],[-107.29975707712839,39.548152548551016],[-107.29981142570882,39.54822805915542],[-107.29988250679601,39.54829929247574],[-107.29996368615036,39.548367974441966],[-107.3000483068477,39.54843584946619],[-107.30012976890417,39.548504624814925],[-107.30020262515116,39.54857567863687],[-107.30027384146733,39.548647107229804],[-107.30034252916353,39.54871983811519],[-107.30040492633059,39.5487965944724],[-107.30046301706399,39.54888565243732],[-107.30051892532204,39.54898050140794],[-107.30057380444799,39.54907061391521],[-107.30062878479346,39.54914547195314],[-107.30065668066456,39.549169820697266],[-107.30065548648616,39.5491856504999],[-107.30065666660751,39.549201481356704],[-107.30066019462991,39.54921695913986],[-107.30066599163341,39.54923173761963],[-107.3006739279421,39.549245486209294],[-107.30068382602502,39.54925789736025],[-107.30069546446734,39.54926869344167],[-107.30072391776072,39.549293176066605],[-107.30075594608552,39.54931275092905],[-107.30079071140264,39.54932690584175],[-107.30082730405809,39.549335270433495],[-107.30086476658455,39.549337625840046],[-107.30090211875401,39.54933391043087],[-107.30093838322601,39.54932422142173],[-107.30097261112036,39.54930881233098],[-107.30100390684498,39.54928808634612],[-107.30103145152972,39.549262585774144],[-107.30105452445247,39.54923297785182],[-107.30107726609322,39.54908235441271],[-107.30107774544582,39.549038056096954],[-107.30107246146255,39.548981316458125],[-107.30106118748222,39.54892545766776],[-107.30104405076676,39.548871110266],[-107.30102124475731,39.548818887732295],[-107.30099302689058,39.54876937956033],[-107.30084747011159,39.54855773742572],[-107.30082283053164,39.54852201269586],[-107.30080418973188,39.54848282231684],[-107.30079202275849,39.548441165024784],[-107.30078663967726,39.54839810242314],[-107.30079356661695,39.54835186572856],[-107.30080651686619,39.54830694239983],[-107.3008252652564,39.54826411352776],[-107.30084948580566,39.548224123786405],[-107.30087875738646,39.54818766848532],[-107.30091257104802,39.54815538148003],[-107.30095033886555,39.54812782415108],[-107.30099140416252,39.54810547564321],[-107.30103505292848,39.54808872453434],[-107.30108052623373,39.54807786207931],[-107.3011270334249,39.54807307714578],[-107.30122217262297,39.54803338632599],[-107.30131947791612,39.547999349462046],[-107.30141861363201,39.54797108397034],[-107.30151923778384,39.547948687357845],[-107.30162100325025,39.54793223688576],[-107.30172355897265,39.547921789303004],[-107.30172174074605,39.54790550981551],[-107.30172253058866,39.547889650509354],[-107.30172555019325,39.547874061300554],[-107.30173073914423,39.54785905409459],[-107.3017379936222,39.547844929152376],[-107.30174716848113,39.54783196908268],[-107.30185675636359,39.54779404051005],[-107.30203996546479,39.54774749973149],[-107.30222079993148,39.54762950035769],[-107.30225669195397,39.54761863742605],[-107.30229033833419,39.547602079598306],[-107.30232084243345,39.547580268122175],[-107.30234739135132,39.54755378424932],[-107.30236927758861,39.54752333374556],[-107.30238591790138,39.547489728083036],[-107.30239686884373,39.54745386281539],[-107.30240183858521,39.5474166937122],[-107.30240043738331,39.54739967360581],[-107.3023973804214,39.5473828717496],[-107.30237656792323,39.5470328835918],[-107.30248900743673,39.546801823498996],[-107.30258392449855,39.546599714556145],[-107.3037375540854,39.54545413583919],[-107.30385471546116,39.54536600056136],[-107.30394275774373,39.54523553223309],[-107.30405068518935,39.54514757988902],[-107.304114112683,39.54511056471492],[-107.3041119847491,39.545046254783635],[-107.30414748734803,39.54500264019984],[-107.30427340792092,39.54490003330421],[-107.3045006221883,39.544788254711804],[-107.30463741897482,39.544735486338716],[-107.30475694339586,39.54471881766749],[-107.3048568182236,39.54466677252281],[-107.30495598363889,39.544593299666566],[-107.30505563343212,39.5445341145868],[-107.30510769750417,39.54443296320305],[-107.30522390914327,39.544316241455256],[-107.3052932565132,39.544178998850924],[-107.30536378630526,39.54407748092351],[-107.30536970745939,39.54397725409529],[-107.3053105350302,39.54386401250671],[-107.30526296145386,39.54382204610314],[-107.30521587284116,39.5437943765375],[-107.3051233285742,39.5437890686222],[-107.30498274936157,39.54372749678429],[-107.3049337570168,39.54364265696387],[-107.3049015753398,39.54350742892409],[-107.30485258296227,39.54342258005586],[-107.30472738481961,39.5432677466336],[-107.3046194707482,39.54307681299135],[-107.30456645892036,39.542870483656635],[-107.30452528166008,39.54274257816778],[-107.30447510844529,39.54262201336021],[-107.30447108824944,39.54250052401827],[-107.30448671641305,39.54241440212567],[-107.3045463575089,39.542263045986445],[-107.30465262436364,39.54212507135385],[-107.30471321086733,39.54200230033612],[-107.30470848093093,39.541859374354964],[-107.30465050567764,39.54178186582544],[-107.30453856382236,39.54174832924773],[-107.30437194591303,39.54173732781817],[-107.30417836229184,39.541748320714646],[-107.30397529761397,39.541752348073565],[-107.30381554871728,39.54166970420357],[-107.30377319187825,39.54150607359417],[-107.3037838563332,39.541269877119376],[-107.3038068151217,39.541126401989516],[-107.30380019602885,39.54092630545688],[-107.30378855403362,39.54086667068808],[-107.32181707329504,39.54041245269028],[-107.32492303617781,39.54044552680945],[-107.32492413993828,39.54040399979851],[-107.324924217768,39.54040180002064],[-107.32496730323486,39.53906714044214],[-107.32498470252676,39.53816135947423],[-107.32499356075778,39.53798963086572],[-107.32500013798233,39.53786215556974],[-107.32509729063925,39.53597885807531],[-107.32510741211198,39.53559575952023],[-107.32511794889939,39.53546491661015],[-107.32516255695208,39.534252271979724],[-107.32519555146375,39.53332365549966],[-107.32520727695892,39.53210324507888],[-107.32527566607554,39.53047375879182],[-107.325261198544,39.53004027759878],[-107.3252147417939,39.52979758293722],[-107.32514029062422,39.529638440448196],[-107.32527837666629,39.529558730042474],[-107.32532585420715,39.529452409228966],[-107.32542210648117,39.526730567857626],[-107.32543282465205,39.52642776412138],[-107.32537905223073,39.52620456738851],[-107.32532798053595,39.525992568956475],[-107.32531084250526,39.52595868631532],[-107.32522946379191,39.52579924095785],[-107.32503503564644,39.52541077576352],[-107.32548414683788,39.525298939488756],[-107.32606446891434,39.525154420280415],[-107.32618496194281,39.525118974756886],[-107.32630343550514,39.52507727379675],[-107.32641956509377,39.525029431621924],[-107.32653303262146,39.52497557927555],[-107.32664352729252,39.52491586426305],[-107.32675074645412,39.52485045014812],[-107.32681343350536,39.52479751361322],[-107.32687229034426,39.52474034880205],[-107.32692703239881,39.52467923210562],[-107.32697739499203,39.52461445902228],[-107.32702313462148,39.52454634272895],[-107.32710879839331,39.52456928494928],[-107.32718297358552,39.52460166978905],[-107.32725443400355,39.52463967170533],[-107.32732275506157,39.524683064907755],[-107.32738753082644,39.52473159157333],[-107.32744837642956,39.52478496337832],[-107.32750493035356,39.52484286321136],[-107.32755685658036,39.52490494705754],[-107.32760384658755,39.52497084604244],[-107.32764562118153,39.52504016862378],[-107.32768193215637,39.52511250291781],[-107.3277125637685,39.52518741914652],[-107.3277373340186,39.52526447219122],[-107.32775609573291,39.52534320423718],[-107.32776873743774,39.52542314749384],[-107.32790930732615,39.52629562968708],[-107.32806148555129,39.52719787931031],[-107.32820959450348,39.52781492758833],[-107.32841898300514,39.528583127618745],[-107.32849293433304,39.52891092853133],[-107.3285774655092,39.52955561095767],[-107.32867417834066,39.53040736668594],[-107.32872637398276,39.53086975800929],[-107.32879765492578,39.531274856190024],[-107.32893189375108,39.53167869227569],[-107.3290891037857,39.53198449905081],[-107.32931962376543,39.53228476369172],[-107.32948850400291,39.532468379645785],[-107.32979730862766,39.53275488428166],[-107.33026015244157,39.53309520904439],[-107.33067416570609,39.53338773622318],[-107.33100532480938,39.53371443812892],[-107.3312922620306,39.534131468772216],[-107.33152068269052,39.53452527635728],[-107.3315727312742,39.534673557630384],[-107.33207197423702,39.53609558740417],[-107.33216570363024,39.536386402428576],[-107.33228518185486,39.53681898108941],[-107.33229812622633,39.53688980576983],[-107.33230688693682,39.53696126864173],[-107.33231143371697,39.537033122791925],[-107.33231126815731,39.53711444473296],[-107.33230580559814,39.5371955831699],[-107.33229506924329,39.53727619344336],[-107.3322791046986,39.53735593313746],[-107.33225797977815,39.53743446353437],[-107.33223178421629,39.537511451053106],[-107.33220062928636,39.53758656866651],[-107.33215353344093,39.53770725197534],[-107.33210072704418,39.53782554806212],[-107.33204233063684,39.537941186893384],[-107.33197847751988,39.53805390450133],[-107.3319093134503,39.538163443586434],[-107.33183499630832,39.53826955410473],[-107.33138886568045,39.538900486664424],[-107.33091865922307,39.53959695524875],[-107.33087059640805,39.53968641606379],[-107.33082885842491,39.53977899690619],[-107.33079364656446,39.53987425128405],[-107.33076513064381,39.53997171981172],[-107.33074344818738,39.54007093242533],[-107.3307287037637,39.54017141064977],[-107.33072096848106,39.54027266990623],[-107.33072027964461,39.5403742218492],[-107.33072512312047,39.54045282808001],[-107.33073435915233,39.540531039936496],[-107.33073573489139,39.540603787783986],[-107.33074329455442,39.54073098345346],[-107.33075722841788,39.54085763942168],[-107.33077750136218,39.54098343645888],[-107.33080406229044,39.54110805750015],[-107.3308368442572,39.54123118844465],[-107.33087794256942,39.54135233468755],[-107.33092386360735,39.541471736285985],[-107.33097453356712,39.54158920133872],[-107.33102987101238,39.54170454105689],[-107.33108978700524,39.541817570067465],[-107.33115418524925,39.54192810671118],[-107.33142329878096,39.54243899018998],[-107.33148334015118,39.542537533226366],[-107.33153778646263,39.542639274542104],[-107.331586467889,39.542743896790626],[-107.33162923258553,39.542851073639284],[-107.33166594716268,39.54296047078725],[-107.3316964971021,39.54307174700825],[-107.33175201535776,39.543369292950196],[-107.33178585510602,39.54356916502074],[-107.33179203928997,39.54388694454451],[-107.33173877251241,39.54427314314564],[-107.33165724136305,39.54432123042653],[-107.33158599330224,39.54498781925681],[-107.3315767986617,39.54547534125609],[-107.33161853162767,39.545821254314134],[-107.33174289441635,39.54611984178325],[-107.33187248284335,39.54643092790947],[-107.33201122253487,39.54676401052335],[-107.33213777603407,39.54697572398465],[-107.33241292309073,39.54732890557427],[-107.33269978331641,39.5476971306642],[-107.33295217589291,39.54793713627413],[-107.33337806621614,39.548286197940236],[-107.33368881191284,39.548471020347364],[-107.33445167742762,39.54888966893275],[-107.33563721445152,39.54976244899293],[-107.33492374809711,39.55106952180926],[-107.33518983303546,39.55120052553547],[-107.33542741976787,39.55127223629173],[-107.33556503402848,39.55130904642614],[-107.33569901227803,39.55134882141603],[-107.33582406425623,39.55139586587676],[-107.33593489941502,39.55145447544149],[-107.33602840557161,39.55152762266522],[-107.33611428894689,39.55160942767089],[-107.33619437086388,39.55169763761497],[-107.33626844001896,39.55179115765222],[-107.336336308359,39.551888892469584],[-107.33639778721846,39.55198972874766],[-107.33645266557164,39.55209258064359],[-107.33650077799894,39.552196334369334],[-107.3365419018333,39.55229990431484],[-107.3365788284957,39.55240324334924],[-107.33661441981526,39.55250701463745],[-107.33664874526362,39.552611207774284],[-107.33668186117185,39.55271576757335],[-107.33671382568451,39.552820692866085],[-107.33674470706522,39.55292593723497],[-107.33677456285469,39.55303148150525],[-107.33680345029165,39.55313729749907],[-107.33683143824504,39.55324335680462],[-107.33685858425642,39.553349640246786],[-107.33688495689309,39.55345611041065],[-107.33691061339506,39.55356273911797],[-107.3369356113048,39.55366950719348],[-107.33696001919056,39.55377637722193],[-107.33698388296546,39.55388333026191],[-107.33700728313072,39.553990337667],[-107.33703027692786,39.554097371258706],[-107.33705292159874,39.55420440285843],[-107.3370752743855,39.55431140428755],[-107.33709740416067,39.554418347133414],[-107.33711936846936,39.55452521222023],[-107.33714122425238,39.55463196236621],[-107.33716270461962,39.55473862095935],[-107.33718010362571,39.554845731034575],[-107.33719317822705,39.554953333520174],[-107.3372029372112,39.55506131803018],[-107.3372104120276,39.55516955570381],[-107.33721658791322,39.55527792761872],[-107.33722250796013,39.55538630467896],[-107.33722915741758,39.55549456796128],[-107.33723755643187,39.55560259784],[-107.33724872515545,39.55571027468889],[-107.33726365988153,39.55581746134303],[-107.33728339270725,39.55592404694346],[-107.33730688282235,39.55603057495557],[-107.33733107841712,39.55613800768995],[-107.3373563628377,39.55624597706996],[-107.33738325748561,39.55635406719542],[-107.33741223784777,39.556461881107566],[-107.3374438140022,39.556569012141985],[-107.33747846143999,39.55667506333861],[-107.33751667831024,39.55677961926252],[-107.33755895204004,39.55688229172073],[-107.33760579271413,39.556982674045216],[-107.33765767552634,39.557080360268635],[-107.33771646271155,39.557174312901196],[-107.33779770748947,39.55725738103838],[-107.33789902536964,39.5573309910108],[-107.33801185487627,39.55739943222764],[-107.33812765808499,39.5574670026606],[-107.3382379197237,39.55753798183992],[-107.33833433144602,39.557616573089724],[-107.33841950227415,39.55770248968671],[-107.33849897960607,39.557792836177754],[-107.33857523116788,39.55788554486384],[-107.33865072559519,39.557978575048075],[-107.33872790735789,39.55806985948641],[-107.33880924509761,39.55815735746883],[-107.33889721818002,39.558239001035076],[-107.33899439598912,39.558312630313296],[-107.33910489593121,39.55837470289008],[-107.33922672059113,39.55842673643744],[-107.33935583801478,39.55847204637231],[-107.33948821474443,39.558513903112356],[-107.3396197836549,39.55855561380718],[-107.33974752890633,39.55859990588727],[-107.33987460327498,39.55864535548921],[-107.34000197838927,39.55869074483731],[-107.34012992516934,39.55873513153065],[-107.34025871573974,39.558777609179266],[-107.34038862161327,39.55881725338618],[-107.34051991429602,39.55885313975339],[-107.34065285456462,39.55888437112515],[-107.34078736103147,39.55891164283346],[-107.34092309479699,39.558935952699045],[-107.34105983836919,39.55895775555387],[-107.34119737335071,39.55897747922196],[-107.34133544736325,39.55899557924038],[-107.34147386527746,39.559012482966246],[-107.34156897811305,39.55902358377995],[-107.34161237472176,39.55902864593862],[-107.34175074568084,39.55904449621985],[-107.34178494460032,39.55904842841526],[-107.34188880235887,39.55906034366256],[-107.34202743842245,39.55907196302109],[-107.34216680141195,39.559079243210036],[-107.34230643524513,39.559084887131],[-107.3424458960983,39.559091615458385],[-107.34268624052125,39.55910833613777],[-107.34282529502744,39.55911854969805],[-107.34296434320167,39.559128574028804],[-107.34310345221347,39.55913798434966],[-107.34324262925584,39.559146303035554],[-107.34338190629546,39.55915309700688],[-107.34352151900235,39.55915741555815],[-107.34366187447014,39.55915821443361],[-107.3438027406403,39.55915655237228],[-107.34394381961927,39.559153606560315],[-107.34408482515403,39.55915055395033],[-107.34422549486935,39.559148589032525],[-107.34436554192503,39.55914887075576],[-107.3445046684658,39.559152576310616],[-107.34464261214492,39.559160900190385],[-107.34477907482207,39.55917501058485],[-107.34491390835323,39.559196036620904],[-107.34504741639357,39.559224008209654],[-107.3451796467247,39.55925792438596],[-107.34531063457902,39.559296757410756],[-107.345440402943,39.55933946177396],[-107.34556897570502,39.55938501897438],[-107.34569638776965,39.559432392270274],[-107.34582265077165,39.55948054538972],[-107.34594780020697,39.559528459597],[-107.34606640292127,39.55959001045663],[-107.34617764178894,39.55966719648297],[-107.34628759805213,39.55974361551056],[-107.34640230634443,39.559802866293296],[-107.34652784833452,39.55982856463016],[-107.34666133415679,39.55982958872767],[-107.34679624451134,39.559824881163884],[-107.34693240805123,39.55981522918325],[-107.34706965525697,39.55980147404832],[-107.34720781509726,39.55978441200768],[-107.34734672908888,39.55976486608409],[-107.34748622682064,39.55974365053318],[-107.34762612625703,39.55972157984615],[-107.347766280262,39.559699467809686],[-107.3479065065098,39.55967811991336],[-107.34804663552721,39.55965837742397],[-107.34818650765638,39.55964102735632],[-107.34832594119918,39.55962689320776],[-107.34846477772601,39.55961679800601],[-107.34860286428231,39.559611726831506],[-107.34874056000389,39.55961749226842],[-107.34887797753323,39.55963432627488],[-107.3490149667949,39.55965915980165],[-107.34915141258138,39.559688923095294],[-107.34928718833355,39.559720555641775],[-107.34942214329418,39.55975097039028],[-107.34955641268971,39.55978038082555],[-107.34969027113925,39.55981106068315],[-107.34982380409792,39.559842783009636],[-107.34995706212631,39.55987532155704],[-107.35009014230704,39.559908449136024],[-107.35022309489344,39.559941930495256],[-107.35035600563789,39.55997554768302],[-107.35048894774819,39.56000905597387],[-107.35062198340758,39.56004222888332],[-107.3507551867326,39.56007484869405],[-107.35088863123012,39.56010667968278],[-107.35102240203614,39.56013748589044],[-107.35115655000038,39.560167050069765],[-107.35129115995136,39.56019512725822],[-107.35142629467046,39.56022150897551],[-107.35156198166894,39.56024632078943],[-107.35169806837702,39.56027021443807],[-107.35183454315867,39.560293190155654],[-107.35197136039756,39.56031527589159],[-107.35210848519569,39.56033647235145],[-107.352245882655,39.56035678024086],[-107.35238351818172,39.56037620926855],[-107.35252135748648,39.56039477814621],[-107.3526593656712,39.56041248758006],[-107.35279749620688,39.560429338511995],[-107.3529357264352,39.560445349418664],[-107.35307402176257,39.56046053000957],[-107.35321233535562,39.560474872224354],[-107.35335063322962,39.56048840377857],[-107.35348891203077,39.56050102564088],[-107.35362770136172,39.56051050184791],[-107.35376709772206,39.56051624485511],[-107.35390689715256,39.56051876329976],[-107.35404694222214,39.56051856487733],[-107.35418702897965,39.560516158226605],[-107.35432698837121,39.560512051280206],[-107.35446662808506,39.56050675244285],[-107.35460585044095,39.56050047090367],[-107.35474489157069,39.56049227394652],[-107.35488381692905,39.56048237646205],[-107.35502266195394,39.5604711380938],[-107.35516145075972,39.560458927723666],[-107.35530019644213,39.56044613247495],[-107.3554389344478,39.56043311199048],[-107.35557770083561,39.56042024391854],[-107.35571650810074,39.56040789737617],[-107.35585538067704,39.56039645024708],[-107.3559943601677,39.560386099885996],[-107.35613343408276,39.56037647717532],[-107.35627258256568,39.56036733927355],[-107.35641176371537,39.56035847982257],[-107.35655094665046,39.56034967422288],[-107.35669010109747,39.560340715880926],[-107.35682920749765,39.56033137095871],[-107.3569682239432,39.560321433098984],[-107.3571071198507,39.56031068670593],[-107.35724587596108,39.56029890694498],[-107.35738462108075,39.56028646057301],[-107.35752387899737,39.56027506669377],[-107.35766361116428,39.560264617979456],[-107.35780368019144,39.56025483793699],[-107.35794396001265,39.56024544083513],[-107.35808434782136,39.56023614047113],[-107.3582247184621,39.56022667812351],[-107.3583649571881,39.560216758823934],[-107.35850493792445,39.56020609684375],[-107.3586445355094,39.56019443346351],[-107.35878364682061,39.560181473480625],[-107.35892214577686,39.56016693116831],[-107.35905990721034,39.56015054780895],[-107.35919681605651,39.56013201943523],[-107.35933275877473,39.56011108709445],[-107.3594676089709,39.56008745605952],[-107.3596012527958,39.56006085837609],[-107.35973348826688,39.56003082968209],[-107.359863656529,39.5599957887692],[-107.35999183528041,39.559955968300834],[-107.36011833755722,39.55991201958259],[-107.36024343109789,39.559864630875204],[-107.3603674062964,39.55981447195973],[-107.36049057681257,39.55976221214313],[-107.3606132100921,39.55970853067917],[-107.3607355965409,39.55965409734485],[-107.36085803819927,39.55959958167937],[-107.36098081415496,39.559545662696294],[-107.36110421513033,39.55949301917147],[-107.36122854287139,39.55944231163724],[-107.36135407647737,39.5593942191032],[-107.36148110668253,39.55934942034105],[-107.36160992330905,39.55930856711261],[-107.36174024679875,39.55926890833264],[-107.3618716279809,39.559228182853595],[-107.36200393336951,39.55918691591006],[-107.36213704050228,39.559145614494874],[-107.36227085048819,39.55910479413112],[-107.36240524148447,39.55906497981808],[-107.36254009165276,39.5590266965555],[-107.36267526661152,39.55899044257165],[-107.36281066809792,39.55895675139685],[-107.3629461736753,39.55892613002651],[-107.36308166152249,39.5588991034621],[-107.36321700951696,39.55887618770273],[-107.36335210717097,39.55885789851129],[-107.36348683237023,39.558844751887754],[-107.36362106331019,39.558837272835305],[-107.36375482877708,39.55883596527516],[-107.36388975372138,39.55884103938362],[-107.36402601265031,39.55885214926166],[-107.36416319670231,39.55886890682855],[-107.36430086181515,39.558890915712944],[-107.36443862177086,39.558917769359105],[-107.36457603311219,39.558949089405495],[-107.3647126860465,39.55898446077118],[-107.36484817169469,39.55902349538578],[-107.36498206954278,39.559065805417646],[-107.36511395846057,39.55911098503162],[-107.36524341792517,39.55915864640002],[-107.36537002679724,39.55920838369153],[-107.36549337617545,39.55925980884535],[-107.36561305868415,39.559312578816254],[-107.36572909787878,39.55936875620255],[-107.3658419534848,39.55942919651793],[-107.36595199341511,39.55949342380839],[-107.36605959598613,39.559560925870244],[-107.36616515236697,39.55963122627262],[-107.36626904117551,39.559703821811745],[-107.36637162939692,39.55977820951936],[-107.36647331982532,39.559853912723504],[-107.36657446781182,39.559930428690286],[-107.3666754755354,39.56000726273951],[-107.36677669865044,39.56008392113765],[-107.36687855127019,39.560159917967724],[-107.36698138874006,39.56023475049079],[-107.36708558997164,39.56030792449555],[-107.36719155744274,39.560378954298],[-107.36729962506931,39.56044739164613],[-107.3674087504056,39.560516122649226],[-107.36751849547784,39.560585958034025],[-107.36762933498541,39.560655455688455],[-107.36774172005181,39.56072316497034],[-107.36785613699153,39.56078764352747],[-107.36797303660514,39.56084743171161],[-107.36809288192731,39.56090108764148],[-107.36821614761362,39.560947169196766],[-107.36834333188814,39.56098458512621],[-107.36847472587307,39.561015734889565],[-107.36860972353965,39.56104162182295],[-107.36874758233033,39.5610626574537],[-107.36888755846302,39.561079217301376],[-107.3690289204011,39.56109169465724],[-107.36917091304191,39.561100474287635],[-107.36931279383587,39.561105967733575],[-107.3694538419661,39.56110854105122],[-107.36959330325863,39.56110860602578],[-107.36973125662651,39.56110540429574],[-107.36986970424596,39.561095867987376],[-107.37000832012507,39.56108033708433],[-107.37014657872935,39.56105944393199],[-107.37028396524119,39.56103379363235],[-107.37041995413796,39.561004018535385],[-107.37055404255202,39.56097073251301],[-107.37068571629776,39.56093455867933],[-107.37081609108233,39.56089647427124],[-107.37094603282362,39.56085695711425],[-107.371075569684,39.56081615077929],[-107.3712047533954,39.56077420736488],[-107.37133362405991,39.560731279206934],[-107.37146220984303,39.56068750987571],[-107.37159057441737,39.56064306023444],[-107.37171873431956,39.56059807409049],[-107.37184675291738,39.5605527033039],[-107.37197465838024,39.560507091444165],[-107.37210249112309,39.560461399848606],[-107.37223030227203,39.56041576260856],[-107.37235812091994,39.5603703503012],[-107.37248600951884,39.56032528777717],[-107.37261398583969,39.56028075485349],[-107.37274210070548,39.56023687661792],[-107.37287039453707,39.56019381440657],[-107.37299890714237,39.560151711549736],[-107.37312767894426,39.56011072938314],[-107.37325676107649,39.560071001996334],[-107.37338618264022,39.5600326999649],[-107.3735159947712,39.559995957378014],[-107.37364623758947,39.559960926567676],[-107.37377693958543,39.5599277601034],[-107.37390816444992,39.55989661884416],[-107.37404168921682,39.55987524124781],[-107.3741784341658,39.55986774363335],[-107.37431765311024,39.55987101511345],[-107.3744585762732,39.559881936277506],[-107.37460045711505,39.559897387243744],[-107.37474251448599,39.55991425785086],[-107.37488401373295,39.559929436990956],[-107.3750241736543,39.55993981451182],[-107.37516343399835,39.559947363409385],[-107.37530264916121,39.559955633784384],[-107.37544181361612,39.55996446358769],[-107.37558094417453,39.55997366328642],[-107.37572006989174,39.559983061115155],[-107.37585918492955,39.55999248602211],[-107.37599830640244,39.560001757476996],[-107.37613745173081,39.560010703952244],[-107.37627663802633,39.560019144917504],[-107.37641585944515,39.56002690932099],[-107.37655514503425,39.56003382539713],[-107.37669462871877,39.560039043558476],[-107.37683465453367,39.56004070991753],[-107.37697500593927,39.560039982057006],[-107.37711545206126,39.56003827911527],[-107.37725572714469,39.56003702094545],[-107.3773955764618,39.56003760915828],[-107.37753476948019,39.56004147189726],[-107.37767302854074,39.56005002025362],[-107.37781010325543,39.5600647818786],[-107.3779455712476,39.56008736001747],[-107.37807973257134,39.5601163160999],[-107.37821299551794,39.56014963276169],[-107.37834576928648,39.56018531964525],[-107.37847847346116,39.5602213501427],[-107.37861151690359,39.560255724890936],[-107.37874504606386,39.56028762107007],[-107.37887818506982,39.56032103859777],[-107.37901107952646,39.56035546998874],[-107.37914402395202,39.56038965695932],[-107.37927733642475,39.56042234975111],[-107.3794113466445,39.56045229836618],[-107.37954633808646,39.56047826276124],[-107.37968262578943,39.56049924548824],[-107.37982030759218,39.560516406700174],[-107.37995907135718,39.560530149184046],[-107.3800985727591,39.56054061512668],[-107.38023846716555,39.56054793771387],[-107.3803784335145,39.56055225865895],[-107.38051811585267,39.56055372039185],[-107.38065759548607,39.56055333926496],[-107.38079751769519,39.56055296691709],[-107.38093777133494,39.56055241643573],[-107.38107824279464,39.560551428887514],[-107.38121879519994,39.56054974581645],[-107.38135929259862,39.56054713577541],[-107.38149963269663,39.56054333059182],[-107.38163965566025,39.56053808129147],[-107.38177925980764,39.56053113770839],[-107.38191829693201,39.560522250631294],[-107.38205665340905,39.5605111611314],[-107.38219419265913,39.560497619760184],[-107.38233078942358,39.56048136782863],[-107.38246522572325,39.560458106000716],[-107.3825966011322,39.56042431221581],[-107.38272584648543,39.56038303946019],[-107.38285390612003,39.560337394492734],[-107.3829817118382,39.56029045729803],[-107.38311020740083,39.560245316620104],[-107.3832403372052,39.56020507920369],[-107.38337300466414,39.560171654432665],[-107.38350823233603,39.56014332111584],[-107.38364519054598,39.5601203214949],[-107.38378302151521,39.560103096590126],[-107.38392177681976,39.56009451020209],[-107.38406230343703,39.56009584223931],[-107.38420307421381,39.56009920512888],[-107.38434250523261,39.56009641517409],[-107.38447915750444,39.56008012354837],[-107.38461420661865,39.56005508990746],[-107.38474825432158,39.560024950548375],[-107.38488145277104,39.559991089736776],[-107.3850138843517,39.559954893170186],[-107.3851456899202,39.559917754354046],[-107.38527686697874,39.55988061928679],[-107.38540684496233,39.55984110329377],[-107.38553588837402,39.55979945319891],[-107.3856644409991,39.559756731961734],[-107.3857929698906,39.55971400206183],[-107.38592194272537,39.55967234398181],[-107.38605179167787,39.55963282091351],[-107.38618299514309,39.5595964860882],[-107.38631577668617,39.55956374932227],[-107.38644925860115,39.559531754772074],[-107.38658323637979,39.559500308439034],[-107.38671772175647,39.559469752422316],[-107.38685269065029,39.559440402529866],[-107.38698813184848,39.559412610341326],[-107.38712404453644,39.55938669118667],[-107.38726041719802,39.55936298764275],[-107.38739722638041,39.55934183352284],[-107.38753447158584,39.55932355315943],[-107.38767215293687,39.55930848889024],[-107.38781041063602,39.559296655849394],[-107.3879492188625,39.55928764015165],[-107.38808847922901,39.559280948322765],[-107.38822809458043,39.55927612289971],[-107.38836799040094,39.55927268793639],[-107.38850806860128,39.55927015896287],[-107.38864821976662,39.55926806075167],[-107.38878838130951,39.559265926121796],[-107.38892844411664,39.559263288849486],[-107.38906830977444,39.55925965546443],[-107.38920790405363,39.55925455902649],[-107.38934712946018,39.55924753307437],[-107.38948589919976,39.55923808390019],[-107.3896241047588,39.55922576328837],[-107.3897622485116,39.55921096631015],[-107.38990067619142,39.559194271437214],[-107.39003905595018,39.55917550531679],[-107.39017708990278,39.559154466871966],[-107.39031444650843,39.55913099175575],[-107.3904508168682,39.5591048971388],[-107.39058590309443,39.55907598194856],[-107.39071937333524,39.55904407283988],[-107.39085091838088,39.559008977985066],[-107.39098022902128,39.55897050555766],[-107.39110699938931,39.55892754474637],[-107.39123148873753,39.558880189321506],[-107.39135413287957,39.55882926815466],[-107.39147539027623,39.55877559163126],[-107.3915956845016,39.55871997085297],[-107.39171545169246,39.55866324368802],[-107.3918351383827,39.55860621175261],[-107.39195518040789,39.55854970390857],[-107.39207602430973,39.55849452176821],[-107.39219809461105,39.55844150343164],[-107.39232173801156,39.55839125436592],[-107.39244581242785,39.55834169899374],[-107.39256989612642,39.558292080236015],[-107.39269401484344,39.558242469634585],[-107.3928182166476,39.55819291124404],[-107.39294251533593,39.55814346784286],[-107.3930669366457,39.55809421097241],[-107.39319150507633,39.558045176163546],[-107.39331626993584,39.55799644348071],[-107.39344123277328,39.55794805793638],[-107.39356643033844,39.55790007282651],[-107.39369188837026,39.5578525596919],[-107.39381764392877,39.55780558083088],[-107.39394372151519,39.55775917177351],[-107.39407013554904,39.557713413302416],[-107.39419693441198,39.55766835847325],[-107.3943241312856,39.55762405205794],[-107.39445175222093,39.55758057459909],[-107.39457987009985,39.557538014682734],[-107.39470865827995,39.55749667503896],[-107.39483810234854,39.557456474881725],[-107.3949681174921,39.557417316858626],[-107.39509865316742,39.55737908489299],[-107.39522963557039,39.557341663388044],[-107.39536100283615,39.55730494551007],[-107.3954926814692,39.55726882466558],[-107.39562462061379,39.55723317577647],[-107.3957567584031,39.557197892009924],[-107.39588901001937,39.557162876015845],[-107.39602131266484,39.55712799395435],[-107.39615361641059,39.557093147756305],[-107.3962858477571,39.557058230830094],[-107.39641794421426,39.55702311833931],[-107.39654985151152,39.55698758617941],[-107.3966816985692,39.55694760467268],[-107.39681376493483,39.55690419507607],[-107.39694619925213,39.55686133629495],[-107.39707919578423,39.55682297926548],[-107.39721292711391,39.556793120415016],[-107.39734757593425,39.55677571091633],[-107.3974834144474,39.556773582978856],[-107.39762143689454,39.55677674312493],[-107.39776137473096,39.55678212482475],[-107.39790265267291,39.55678992012687],[-107.39804470675807,39.55680031183987],[-107.39818693906635,39.55681351050313],[-107.39832877400848,39.55682969917082],[-107.39846963661674,39.55684907890512],[-107.39860892804384,39.556871833246085],[-107.39874608495359,39.55689816302122],[-107.39888052074998,39.55692826954097],[-107.39901164852668,39.5569623451157],[-107.39913889269647,39.557000572815454],[-107.39926112457185,39.55704430929606],[-107.39937518994435,39.55709996205337],[-107.39948222221348,39.55716630950287],[-107.39958400570565,39.557240756250856],[-107.39968234737368,39.557320688411224],[-107.39977905540242,39.55740352810196],[-107.39987593641722,39.557486652422384],[-107.39997479858849,39.557567483478884],[-107.40007743720734,39.557643407602036],[-107.40018566011672,39.557711837883524],[-107.40030123017867,39.557770233382236],[-107.40042185138232,39.55782187574986],[-107.40054517082106,39.55787008385822],[-107.4006708551024,39.557915315038514],[-107.40079854757542,39.557958027103815],[-107.40092789097027,39.55799865986352],[-107.401058563531,39.558037670412325],[-107.40119018504271,39.558075508045775],[-107.40132243406532,39.55811263886402],[-107.40145494139841,39.55814949392004],[-107.40158737428794,39.55818654855988],[-107.40171937547984,39.558224242601675],[-107.40185059966369,39.55826302462719],[-107.40198069021214,39.55830335246276],[-107.40210931376096,39.55834568345505],[-107.40223769762,39.55838882105925],[-107.40236744929439,39.558431119421876],[-107.40249719650596,39.558473958268664],[-107.40262556760541,39.55851873533642],[-107.40275115637068,39.55856685809195],[-107.40287259116575,39.558619724283524],[-107.40298845477078,39.5586787596346],[-107.40309837397322,39.55874427818811],[-107.40320707541561,39.558811263266335],[-107.40331535500965,39.55887883354287],[-107.40342322376563,39.55894697077312],[-107.40353066912196,39.559015648191156],[-107.40363771402987,39.55908485631424],[-107.40374435693609,39.559154550130714],[-107.40385060978302,39.55922473840346],[-107.40395644775637,39.559295376602215],[-107.40406190543719,39.55936645500339],[-107.40416698189351,39.55943794660038],[-107.40427166487369,39.5595098336298],[-107.4043759653868,39.55958209784689],[-107.40447989444185,39.55965472100682],[-107.40458345079514,39.559727667100404],[-107.404686634136,39.559800927126105],[-107.404789455162,39.55987447383648],[-107.40489192488165,39.559948288986604],[-107.40499403104238,39.56002235481314],[-107.4050957727109,39.56009664430949],[-107.40519718415634,39.560171138748956],[-107.40529822955364,39.56024581184746],[-107.40539894348291,39.560320653880765],[-107.40549932501033,39.56039563784218],[-107.40559892198316,39.56047115147375],[-107.40569518618271,39.560549571869274],[-107.40578827608189,39.56063076962907],[-107.40587886710892,39.56071408212458],[-107.40596764756667,39.56079888249428],[-107.4060552935044,39.56088452611021],[-107.40614248128227,39.560970377344994],[-107.40622992184112,39.561055790843874],[-107.4063182679683,39.56114012245466],[-107.40640820796544,39.5612227453054],[-107.40650044083047,39.56130300527353],[-107.40659563160236,39.56138027596459],[-107.40669446764596,39.56145390349231],[-107.40680224312617,39.561518120514265],[-107.40692959329067,39.56156106703294],[-107.40706763908042,39.56159254856809],[-107.40720615686514,39.561623876012256],[-107.40733486648975,39.56166640652131],[-107.40744650222886,39.56172812852397],[-107.40755150565494,39.56179730317061],[-107.40765285781782,39.56187060744002],[-107.40775144516306,39.56194708603363],[-107.40784813056021,39.56202577512932],[-107.40794382246524,39.56210568293012],[-107.40803939599745,39.56218586337204],[-107.4081357366592,39.56226533413714],[-107.40823371894335,39.562343131150655],[-107.40833409532095,39.562418464035474],[-107.40843415757467,39.56249480333932],[-107.40853314316283,39.56257298469092],[-107.40863181660607,39.562651893145286],[-107.40873095405276,39.562730413513705],[-107.40883133133627,39.562807421602415],[-107.40893370164795,39.56288181170258],[-107.40903882949438,39.56295246885904],[-107.40914751395852,39.56301826838764],[-107.4092604849554,39.5630781050537],[-107.40937878081857,39.56313070506033],[-107.40950325264751,39.5631754381265],[-107.40963288282886,39.56321350551802],[-107.40976652861804,39.563246192181325],[-107.40990301363054,39.563274819801165],[-107.41004117218506,39.56330068281852],[-107.41017986249423,39.56332509320191],[-107.4103179075749,39.563349354646405],[-107.41045419899169,39.563374733394326],[-107.41058971206664,39.56340048849312],[-107.41072538410529,39.56342578968503],[-107.4108611937145,39.56345069146735],[-107.41099711887766,39.563475230332486],[-107.41113317215961,39.56349943304611],[-107.41126930890607,39.56352335458858],[-107.41140554168244,39.563547021725654],[-107.41154184878513,39.56357047995243],[-107.41167821983007,39.56359376552008],[-107.41181463280222,39.563616914921404],[-107.41195107731805,39.56363996440769],[-107.4120875436183,39.56366296823531],[-107.41222400906477,39.56368594489226],[-107.4123604868489,39.563708939149336],[-107.41249693231929,39.563732005987724],[-107.41263334610059,39.56375516341246],[-107.41276971812307,39.56377845667764],[-107.41290603800512,39.56380192203486],[-107.41304228404655,39.563825604979975],[-107.41317844586632,39.56384954176474],[-107.41331450145269,39.56387376888259],[-107.41345045205622,39.563898322343775],[-107.41358627597793,39.563923247644304],[-107.41372223136615,39.56394826915128],[-107.41385827731861,39.563973549875534],[-107.41399407482324,39.563999718480694],[-107.41412930750987,39.56402738514323],[-107.4142636128008,39.564057170010685],[-107.41439668596553,39.56408968302061],[-107.41452816474684,39.564125553325724],[-107.41465821300667,39.564164471220145],[-107.41478761477613,39.564204879876705],[-107.41491647887533,39.564246560820024],[-107.41504489117304,39.56428930506033],[-107.41517292621808,39.56433291285196],[-107.41530067018894,39.56437718420699],[-107.41542820895035,39.564421910134726],[-107.415555617672,39.56446690889338],[-107.41568300485329,39.56451195300299],[-107.41581042239912,39.56455686120486],[-107.41593797974375,39.56460143302569],[-107.41606573917048,39.56464545095453],[-107.41619381073612,39.56468873252221],[-107.41632225672119,39.56473106021719],[-107.41645116360502,39.56477224305112],[-107.41658061724021,39.56481207203029],[-107.41671071573461,39.56485035592366],[-107.4168415219883,39.564886895223374],[-107.41697316587279,39.56492140794702],[-107.41710611405779,39.56495292042245],[-107.41724038885155,39.56498140515417],[-107.41737579307366,39.565007217590825],[-107.41751216350117,39.56503068544816],[-107.41764932590779,39.56505215468959],[-107.41778708218153,39.565071953758675],[-107.41792528105054,39.565090419133696],[-107.41806373697744,39.56510790602489],[-107.4182022751202,39.565124742393834],[-107.418340721265,39.56514127420766],[-107.4184788886308,39.56515782066923],[-107.41861679797658,39.56517430927564],[-107.4187549477244,39.56518967560122],[-107.41889334005836,39.565203982662325],[-107.41903192276261,39.565217402715696],[-107.41917066625916,39.56523008952894],[-107.41930954191015,39.565242223877],[-107.41944849687773,39.5652539600123],[-107.41958750158767,39.56526545170276],[-107.41972651577487,39.56527687996602],[-107.41986549792345,39.565288389810235],[-107.42000443103345,39.5653001617687],[-107.42014325064208,39.56531235033686],[-107.42028193881274,39.565325109041005],[-107.42042045528699,39.565338618899496],[-107.42055874723708,39.56535303416594],[-107.4206967973565,39.56536852637178],[-107.42083456413805,39.56538524052615],[-107.42097200732849,39.56540335764791],[-107.4211092687448,39.56542260451358],[-107.42124661787281,39.565442362897564],[-107.42138399781247,39.56546267002154],[-107.42152135323053,39.56548360811952],[-107.42165860521847,39.56550525090828],[-107.42179568587288,39.56552765385765],[-107.42193255117996,39.56555088995754],[-107.42206911028795,39.56557502416584],[-107.42220531949734,39.56560013847539],[-107.42234111121992,39.56562629735957],[-107.42247641755432,39.56565355628963],[-107.42261115990861,39.56568199798697],[-107.4227453055895,39.56571168619802],[-107.42287875242988,39.56574269512756],[-107.4230114674238,39.56577507952012],[-107.42314336097657,39.56580894034572],[-107.42327427834816,39.56584518172989],[-107.42340416105077,39.565884129218134],[-107.42353305847499,39.56592552953273],[-107.42366099737382,39.56596914788605],[-107.42378801581609,39.56601474024519],[-107.42391416318655,39.56606205333202],[-107.42403946685988,39.56611087036332],[-107.4241639755899,39.56616092005587],[-107.42428770511646,39.56621198586903],[-107.42441071644849,39.56626381428138],[-107.4245330360128,39.56631616150206],[-107.42465481786599,39.566368772066845],[-107.42477750338229,39.566421255528965],[-107.42490100798302,39.566473856892735],[-107.42502468217268,39.56652697710064],[-107.42514788840191,39.56658102585728],[-107.42526994196929,39.56663639583669],[-107.4253902169588,39.56669349650616],[-107.42550805224707,39.56675272906162],[-107.425622786711,39.56681449470169],[-107.425733770545,39.56687918538192],[-107.4258403548845,39.56694722006734],[-107.42594187829097,39.56701899096062],[-107.4260384718517,39.56709458542619],[-107.4261315351481,39.56717341568729],[-107.42622134735453,39.56725514258981],[-107.42630817632639,39.567339436224],[-107.42639227922824,39.567425993929184],[-107.42647388933268,39.567514495524996],[-107.42655327449216,39.56760461109896],[-107.42663069124099,39.5676960199831],[-107.42670638510936,39.56778841975641],[-107.4267806123168,39.56788148074714],[-107.42685364102819,39.567974882042066],[-107.42692569319581,39.568068312701854],[-107.42699704830189,39.568161442566684],[-107.42706668650047,39.568255067717544],[-107.42713240461758,39.56835109904735],[-107.42719476160579,39.56844920956915],[-107.42725434817311,39.568548981541575],[-107.42731180249815,39.56865002325655],[-107.42736772692388,39.56875191672673],[-107.4274227363692,39.5688542707274],[-107.42747745644462,39.56895666678253],[-107.42753247880972,39.569058714151204],[-107.42758844102522,39.569160003114185],[-107.42764594607257,39.56926013368264],[-107.42770561957057,39.56935868737544],[-107.42776806481832,39.5694552732035],[-107.4278339077518,39.56954948168513],[-107.42790375104417,39.56964090382332],[-107.42797822126127,39.569729148137554],[-107.42805792076264,39.56981379662453],[-107.42814347579943,39.56989444879702],[-107.4282352227598,39.56997107058253],[-107.42833252533492,39.57004444102949],[-107.42843492579061,39.57011478590886],[-107.42854193023776,39.57018229571284],[-107.42865307968151,39.57024716020517],[-107.42876789186153,39.57030956963737],[-107.42888590778043,39.57036971377604],[-107.42900665680783,39.57042778263264],[-107.42912966831283,39.57048396622041],[-107.42925447166397,39.57053845455441],[-107.4293805842831,39.57059142889255],[-107.42950755911686,39.57064308776962],[-107.42963490195497,39.570693612690825],[-107.42976216574415,39.570743202195],[-107.4298888565888,39.57079204679392],[-107.43001452680724,39.57084032702566],[-107.4301386944508,39.57088824216514],[-107.43026425393522,39.570929010991996],[-107.43040557420868,39.570933107857826],[-107.43055403600071,39.57092037957413],[-107.43069741501617,39.57091809972424],[-107.43082382638748,39.570952922237886],[-107.43094077452578,39.57100841096577],[-107.43105675396949,39.57106582073328],[-107.43117184017348,39.571124978794145],[-107.4312861431731,39.571185702668956],[-107.431399762,39.57124782812608],[-107.431512771162,39.57131115541124],[-107.43162529326786,39.57137552880739],[-107.43173739150598,39.57144075780545],[-107.43184918753929,39.57150665968066],[-107.43196076876283,39.57157307044323],[-107.43207223357366,39.571639807854716],[-107.43218365678867,39.57170668116132],[-107.4322951610118,39.5717735346438],[-107.43240683237582,39.57184016830171],[-107.4325187582716,39.57190641814356],[-107.43263103677715,39.57197209292702],[-107.43274376722874,39.572037037418696],[-107.43285703575552,39.572101051616784],[-107.4329709526947,39.572163962038886],[-107.43308560511801,39.57222559568958],[-107.43320109141371,39.57228577032702],[-107.43331749896646,39.57234432195739],[-107.43343492553267,39.57240105033352],[-107.43355732035316,39.57244938627934],[-107.43368903312566,39.57248222969348],[-107.43382677941561,39.57250518985904],[-107.43396721069833,39.57252403957674],[-107.434106943279,39.57254454339067],[-107.43424262934806,39.57257249213542],[-107.43437184280403,39.572612071771054],[-107.43449914082879,39.57265579047011],[-107.43462558214806,39.572701635073706],[-107.43475109288171,39.57274949001728],[-107.43487556425137,39.57279924046823],[-107.43499891137233,39.57285078911133],[-107.43512103646583,39.5729040028663],[-107.4352418543296,39.57295877541636],[-107.43536126781257,39.573014991686655],[-107.43547912569795,39.57307265485242],[-107.43559462771088,39.573133511413204],[-107.43570787949942,39.57319758618703],[-107.43581943463933,39.57326406577652],[-107.43592981243582,39.573332155518884],[-107.4360395431925,39.57340104250068],[-107.43614915752482,39.573469922809],[-107.43625918541449,39.573537974524356],[-107.43637015810097,39.57360441173463],[-107.43648261687629,39.57366840327031],[-107.43659706939242,39.57372915470106],[-107.43671406919653,39.573785852613945],[-107.43683412330095,39.57383768456999]]]},"properties":{"Shape.STArea()":496451465.422318,"Shape.STLength()":128407.81312681349,"OBJECTID":1,"DISTRICT":1,"Commissioner":"Tom Jankovsky"}},{"type":"Feature","id":2,"geometry":{"type":"Polygon","coordinates":[[[-107.03745610774557,40.00923301720502],[-107.0373660771357,40.017752379844715],[-107.03742604897404,40.02977349392065],[-107.03731596957113,40.046031668759866],[-107.03730623935621,40.06152230647054],[-107.03732638269999,40.074580033273335],[-107.03755596130709,40.091211063063376],[-107.03755639184946,40.09124200930782],[-107.056746846783,40.09121788770262],[-107.08674760139793,40.091261933288614],[-107.11293808365099,40.091187638225136],[-107.1267081716878,40.09108857810418],[-107.2221805930053,40.09080829938254],[-107.27150169428666,40.09082818536767],[-107.27643158925936,40.09078536318882],[-107.29593211685773,40.09080550288774],[-107.31699283002449,40.090768601073236],[-107.31717238224229,40.00379697634593],[-107.31928237248228,40.00378625135893],[-107.31893194776424,39.915107215945916],[-107.33004099537698,39.91592482950885],[-107.33786221307709,39.915627635848956],[-107.41334351839626,39.917548190222575],[-107.43165381855874,39.91797607912088],[-107.4316835554524,39.9008275949691],[-107.43163324521329,39.875018944055945],[-107.4315934109677,39.87194783098754],[-107.43168281291001,39.84281644644298],[-107.43166267674641,39.8282858512328],[-107.44055010345062,39.82840088335943],[-107.46926298289401,39.82833788245995],[-107.48520979087657,39.82832995221127],[-107.48793156260048,39.828328382115224],[-107.49295936827099,39.82832531399374],[-107.50681352133947,39.82831573542002],[-107.54487517600771,39.828175673954654],[-107.62023787716927,39.82949672357763],[-107.63842886608796,39.82974626941447],[-107.65742914843399,39.83007349900812],[-107.67589005476421,39.83009476755963],[-107.6853606931544,39.829923446902946],[-107.68590372815562,39.82993194705318],[-107.6844669435272,39.82787338507082],[-107.68343504576904,39.82645401165192],[-107.68308295073487,39.82577190077979],[-107.68264913931431,39.824849014336976],[-107.68264265563442,39.8248310126639],[-107.68187185227922,39.8234120233357],[-107.68181492442712,39.82320247414007],[-107.68145597084549,39.82188122506384],[-107.68098168490233,39.82151384489409],[-107.67985491135519,39.821125512630246],[-107.6782235981339,39.820163285648064],[-107.67697794329293,39.81925068545638],[-107.67635477846181,39.818517382716514],[-107.67570290005335,39.81794688848307],[-107.67567260601307,39.817533205668944],[-107.67588083701663,39.81712302655458],[-107.67611771142141,39.81627528325535],[-107.67622244271857,39.81613037261387],[-107.67626668742707,39.81606914888415],[-107.6762837144244,39.8159983019273],[-107.67656274683091,39.81483718559631],[-107.67667881877496,39.81470403884318],[-107.67662270196057,39.81453852750962],[-107.67660555614454,39.814521131910034],[-107.67621460315499,39.81413545726223],[-107.67579658471773,39.8137141383864],[-107.67316999468716,39.81195658477491],[-107.67310319802854,39.8118099830059],[-107.67276791626468,39.81177181468181],[-107.67184410559904,39.811444411808075],[-107.67172974600186,39.811403879078014],[-107.67128363486172,39.811562794669015],[-107.6707498257002,39.81202100301129],[-107.67017193039281,39.81280906374943],[-107.66974188954352,39.813395471395765],[-107.66888082980465,39.81540613181506],[-107.66807967096979,39.81655060932639],[-107.66727875835655,39.81714557757842],[-107.66683361644668,39.8171423044127],[-107.66455061560868,39.81638854739736],[-107.66303851074284,39.8163872533078],[-107.66247484745404,39.81648127278389],[-107.66185178848164,39.816455040759145],[-107.66158480160759,39.81636658235825],[-107.66084389585352,39.81579354223118],[-107.66031060286917,39.81508511322528],[-107.66033974691968,39.81453493664083],[-107.66062075984428,39.81402015788977],[-107.66072569281985,39.81382793556171],[-107.66081484430511,39.81346104349477],[-107.6605776406469,39.812317924713135],[-107.66003027994967,39.81143898258786],[-107.6600736032781,39.81167638516885],[-107.6600299508517,39.8116472807608],[-107.65962962033176,39.81138028657614],[-107.65761379369293,39.81037253162956],[-107.65678290604643,39.810076280656325],[-107.65624987539015,39.81000741750667],[-107.65574456191366,39.81011808383592],[-107.65200877137093,39.810370241107],[-107.64932964542527,39.810354923558926],[-107.64714464312408,39.810346272187516],[-107.64595886317173,39.810436395206985],[-107.64518673917694,39.81064318723946],[-107.64462278142925,39.810710101278964],[-107.6437037086884,39.81048332981402],[-107.64311087348423,39.810253619185545],[-107.64234053765664,39.809726170537296],[-107.64224070291345,39.80961240886918],[-107.64087362132786,39.80805457690395],[-107.63922882963807,39.806180171183],[-107.63736279147446,39.803961518466345],[-107.63694746399045,39.80299805985197],[-107.63682978668496,39.802955693946984],[-107.63653391116284,39.80222373499348],[-107.63602980902498,39.8015820883293],[-107.63603059789526,39.8002082841287],[-107.63588256919004,39.799887347454785],[-107.63558685164051,39.79956976733471],[-107.63487468026037,39.799432808962386],[-107.63383658596739,39.7994293666072],[-107.63226478608792,39.80007312184624],[-107.63223559959542,39.799384643143824],[-107.63247373312416,39.7982892231857],[-107.63241577843729,39.79696179311412],[-107.6322978030035,39.796662690218106],[-107.6311126260965,39.795586059236],[-107.6310825606492,39.79519938066585],[-107.63202079758423,39.79272755554851],[-107.63206381607479,39.792614217523244],[-107.6321817758684,39.79245389333594],[-107.63271265962088,39.79095570101528],[-107.63298466109076,39.79018806435048],[-107.6334041421477,39.78965556638748],[-107.63399262748074,39.788908504175666],[-107.63399287418194,39.78865396642711],[-107.63399368361591,39.78783647234831],[-107.63429073136541,39.78724417962056],[-107.63435114214703,39.787212854457664],[-107.63473585292044,39.78701336214],[-107.63580271731651,39.78671436326891],[-107.63876768127965,39.78632713962992],[-107.63998364287959,39.78593913020414],[-107.64075469127737,39.78536755959576],[-107.64191189132146,39.7843412636373],[-107.64265372650692,39.783446044116744],[-107.64295091754859,39.78242132383087],[-107.64334334937956,39.78171278848802],[-107.64339560576758,39.781618450679154],[-107.64412100681484,39.780922438674125],[-107.64532384647214,39.7797682936505],[-107.6495046095748,39.77640731823648],[-107.65241074785364,39.77425545021357],[-107.65617652066003,39.77201626352332],[-107.65638483138459,39.771741241110114],[-107.65638471340439,39.771263790423525],[-107.65628063489305,39.77114255207641],[-107.65591073940098,39.77071162102993],[-107.65413151443853,39.769315512415275],[-107.65392465737396,39.76897342286731],[-107.65371677638336,39.768861061314425],[-107.65294778803367,39.76753189856814],[-107.65120059446332,39.764238733160255],[-107.65090456439232,39.76403380194999],[-107.64983773607473,39.763828465334655],[-107.64933352659207,39.76382647077506],[-107.64746679370957,39.76403123718182],[-107.64711079154175,39.76391774908156],[-107.64660770588354,39.76357339754021],[-107.64639961707647,39.76332140590878],[-107.64628174286925,39.762977271572495],[-107.6453047216445,39.76122038816984],[-107.64527551269228,39.75975268302829],[-107.64542473562261,39.75842953805057],[-107.64575182584197,39.75676002491829],[-107.64607869797084,39.75625710570506],[-107.64626821631488,39.75606991132174],[-107.64693761873791,39.75540873418025],[-107.6474427874375,39.75477112033662],[-107.64785784335685,39.75392386360238],[-107.64781669642264,39.75375859756895],[-107.64770955688192,39.753328179700375],[-107.64729551258826,39.752869192159324],[-107.64726571794196,39.75241494694209],[-107.64754008483044,39.75190918611979],[-107.64765167724718,39.75170348114367],[-107.64901887231649,39.749987691942295],[-107.64931876632117,39.74955293392862],[-107.64976260775555,39.74927704760628],[-107.6517778349395,39.74836166547106],[-107.65275581014228,39.74756006720596],[-107.6534676490492,39.746827598870766],[-107.65397161053251,39.74609538726743],[-107.65395490790551,39.74587858543318],[-107.6539418153872,39.74570869791826],[-107.65290554077924,39.74348925981063],[-107.65287657112762,39.74262060040112],[-107.6530247418312,39.741635275437524],[-107.65293649834871,39.74062833179143],[-107.65278882272985,39.74017227013463],[-107.65187067404638,39.73900412297896],[-107.6508047641899,39.738204195096124],[-107.64920570739379,39.73733535765775],[-107.6487015447463,39.73690094331053],[-107.64822866651782,39.73623608832939],[-107.64757761874803,39.73484110071798],[-107.64739949765105,39.73475057706585],[-107.64719290411696,39.73402109443465],[-107.64718583822702,39.73391514522213],[-107.64716381385064,39.73358483974172],[-107.64784555486199,39.73175404405212],[-107.64796374239316,39.731593698689466],[-107.64820171752143,39.730705421028446],[-107.64826075858362,39.72985726135604],[-107.64877081801042,39.7292285293392],[-107.64900163495389,39.728943997327924],[-107.65012766944866,39.72830119284971],[-107.6502768657467,39.72802752223922],[-107.65039467003203,39.72736270119457],[-107.65081073826971,39.72612801939456],[-107.65073969076214,39.72550908678004],[-107.6507215282445,39.725350817938754],[-107.6510478316177,39.72478032506579],[-107.65149261990138,39.724324233270465],[-107.65146254250429,39.72391052300326],[-107.6509598041725,39.72311123301758],[-107.65093076705256,39.722810113387766],[-107.65078154490905,39.7226738829213],[-107.65066354807784,39.72258199012002],[-107.65062581374322,39.72209188256905],[-107.6506048808153,39.7218311156814],[-107.65107858599055,39.72130229718453],[-107.65267872241154,39.720639625885276],[-107.65371468073377,39.720570892655594],[-107.656084724951,39.72068782761693],[-107.65620262414781,39.72038784065746],[-107.65638082025072,39.720253138313865],[-107.65662664596778,39.719903810323665],[-107.65691762239186,39.7194903076427],[-107.6577766281084,39.718269572496354],[-107.65786272866447,39.718147220199235],[-107.65803960264624,39.7177603000945],[-107.65804067697914,39.71732335673108],[-107.65792154844215,39.71708204702345],[-107.65747779063432,39.716183151465856],[-107.65688680083385,39.71499403116067],[-107.656619736212,39.71478844789318],[-107.65528786101592,39.71464776699256],[-107.65537569714758,39.71435298194915],[-107.65661819050462,39.713393316923835],[-107.65664980794088,39.71336890073357],[-107.65668856143111,39.71329307203352],[-107.65742077199684,39.71186031874132],[-107.6574207745515,39.71114864161063],[-107.65638477887188,39.71007330612658],[-107.65644468889849,39.70840534225865],[-107.65668166156851,39.70835937847388],[-107.65694755381202,39.708677594638004],[-107.6570385586213,39.70888864182061],[-107.65706679060813,39.70895413541617],[-107.65709581480827,39.70971019937112],[-107.65718449082776,39.70979825318253],[-107.65765770290342,39.70980092764048],[-107.65780647404107,39.70970743527476],[-107.65777664456147,39.70854149611333],[-107.65839957189044,39.70753627685029],[-107.65922849022812,39.70666597357288],[-107.66062088256896,39.70561607956423],[-107.66147987233614,39.70515946003648],[-107.66449969416672,39.70399111179539],[-107.66475675500392,39.703151385709106],[-107.66479876409146,39.70301415900835],[-107.66500376085894,39.70234447355439],[-107.66553664863397,39.70140884813407],[-107.66606154656223,39.70093449278879],[-107.66710668888805,39.69998995388251],[-107.66746170143266,39.69960342891919],[-107.66746169586241,39.69950884024344],[-107.66778760186354,39.69930315256775],[-107.6680696483962,39.69941257036849],[-107.66808357076441,39.69941797060797],[-107.66823158900738,39.699693829126964],[-107.66825248125888,39.69981442235157],[-107.6685578699956,39.700150270191386],[-107.669030695434,39.7001258823931],[-107.6695346820407,39.69941612421141],[-107.669919683215,39.699146020838604],[-107.67030480819648,39.69909662048959],[-107.67080760088173,39.699395840191166],[-107.67122181814695,39.69985475371627],[-107.67145867645677,39.70024117736287],[-107.6724001868724,39.70115564592904],[-107.67273165427896,39.701477576316535],[-107.67293866324397,39.70186468426684],[-107.67299759636614,39.70248491848804],[-107.67270179776814,39.703054769306405],[-107.67258380924648,39.70355746480515],[-107.67263958686046,39.70621690504336],[-107.67264187363945,39.706326277917285],[-107.672760651243,39.70708026899717],[-107.67296750066804,39.70717009255388],[-107.6733225340747,39.707170921427355],[-107.67504067848674,39.706784497090865],[-107.67557376997243,39.70648843054845],[-107.67607663745393,39.70557146744219],[-107.67613668162167,39.70447553920956],[-107.67614522247209,39.70432177534722],[-107.6762256663909,39.70287446157687],[-107.67598855898723,39.70200158902286],[-107.67536671002871,39.70106551994118],[-107.67530772317747,39.70026511933713],[-107.67540993468705,39.69983793334151],[-107.67560359406704,39.69902861725908],[-107.6756508440175,39.698530892017594],[-107.6757227359489,39.6977736776741],[-107.67590055273872,39.697292120352444],[-107.67625071635385,39.69696912729123],[-107.67652161937093,39.69671926335076],[-107.67690682729729,39.69569240460054],[-107.6769666628404,39.69491177527954],[-107.67673402684251,39.69434554674944],[-107.67658170017212,39.69397475033714],[-107.6753388036259,39.692147635340724],[-107.67516053178193,39.69198508892511],[-107.67519054941732,39.691894312331435],[-107.67468789790556,39.69143744170494],[-107.67376949464364,39.690291993605676],[-107.6733556037548,39.68997271180713],[-107.67326674500418,39.68970000083896],[-107.67400658690026,39.68864696343113],[-107.67400655517591,39.68837219706067],[-107.67409918454587,39.68817656074818],[-107.67424373332166,39.687871256967966],[-107.67465892250897,39.68736621355152],[-107.6753987297846,39.68711493936672],[-107.67590174320117,39.68665741327436],[-107.67628676087057,39.68551345005491],[-107.67628669306289,39.68490870449095],[-107.67628669152023,39.684897497998115],[-107.67628667459442,39.6847567231303],[-107.67602073754239,39.684370987852475],[-107.6748957136235,39.683685238939276],[-107.67457579751552,39.683689135455516],[-107.67323759572325,39.68370542157962],[-107.67258657663851,39.6834997092384],[-107.67229086854206,39.68356957847279],[-107.6720247125292,39.68409370326865],[-107.6709586837172,39.684095714327874],[-107.67075176488348,39.68388877761578],[-107.67057380716663,39.68338388541973],[-107.67052575703836,39.68336142502936],[-107.67036785322681,39.68327388396224],[-107.67004327232979,39.68328134354824],[-107.66980829343912,39.68350638544176],[-107.66954421622471,39.684030177647756],[-107.66922266301977,39.684116011112785],[-107.66891956667001,39.68415435893513],[-107.66863375484509,39.68411386268713],[-107.66854897432819,39.68402168275883],[-107.66847906440586,39.683787970981356],[-107.66846517841368,39.683427464809604],[-107.66852217384752,39.68279862374127],[-107.66858398684911,39.682295177921496],[-107.66855102806235,39.68196647780043],[-107.66850200417313,39.6817479694243],[-107.66845660282436,39.6816235073063],[-107.66833307699666,39.68157928738037],[-107.66774298310028,39.681545784930314],[-107.6674232376737,39.68167864107826],[-107.66722460281788,39.68179302003814],[-107.66708502091288,39.68185898117631],[-107.66680584463887,39.68199090324106],[-107.66635955331395,39.68200115835016],[-107.66621152530577,39.68184767674205],[-107.66636716572411,39.68167153429848],[-107.66647500603624,39.681308221742746],[-107.66670516274314,39.68095779116087],[-107.66715784925911,39.680586562115764],[-107.66739765516601,39.68048692072961],[-107.66799715535255,39.68023781995732],[-107.6687786211347,39.679968838798295],[-107.66963820214329,39.67961961861767],[-107.67005029373234,39.679249312315235],[-107.67020955418462,39.67916720210571],[-107.6705286785688,39.67901866892939],[-107.67096407341064,39.67872625999458],[-107.67142216078769,39.6784960801326],[-107.67193928053334,39.67821747904098],[-107.67245761675167,39.67797022418571],[-107.67278975390262,39.677633117040166],[-107.67332533757781,39.6773070153119],[-107.67386333579769,39.67704361756743],[-107.67446884260768,39.67695121893906],[-107.67537738501696,39.676820463975524],[-107.67622387760927,39.67665975634911],[-107.6767512679114,39.67664759304519],[-107.6774212474194,39.67664783047696],[-107.67792834707737,39.676636129945564],[-107.67835188631099,39.676563602733765],[-107.67887382162809,39.67641036592292],[-107.67939695464395,39.676288466619816],[-107.67990102016714,39.676198390796614],[-107.68030670112341,39.676189021866335],[-107.6809348941773,39.67615882762466],[-107.68130061284126,39.67616606214034],[-107.68156187305482,39.67609727253921],[-107.68180103495729,39.67598193279491],[-107.68242922503029,39.67595173054374],[-107.68285762079218,39.676004580626184],[-107.68318518660477,39.67607544417714],[-107.68361236988899,39.67609695201508],[-107.68415638806599,39.67599024110555],[-107.68452391576498,39.676044492827096],[-107.68481517810166,39.67622601369513],[-107.68504741753353,39.676455959643356],[-107.68527478806331,39.676560520892494],[-107.68568775920392,39.676739223221944],[-107.68595873746392,39.67692121055948],[-107.6861885529249,39.67708846631757],[-107.68627576607444,39.67724332987927],[-107.68632180321433,39.67738345378939],[-107.68657007632589,39.67750321229766],[-107.68683194354378,39.677450089505655],[-107.68683255113409,39.67746575916369],[-107.68721794707633,39.677456835609874],[-107.68831451472616,39.677462814851644],[-107.68886583405352,39.67754418037724],[-107.68929544830586,39.67762835469663],[-107.68988733815902,39.67770876614034],[-107.69043988935955,39.677821463009266],[-107.69101027424784,39.67787099080828],[-107.69155611953907,39.67781127193185],[-107.69201595464155,39.67762803099236],[-107.6922877547225,39.67730797031278],[-107.69276970186628,39.67717128258363],[-107.69298185672469,39.67688397171147],[-107.69313438218853,39.676629420715926],[-107.6936789967712,39.676538344079],[-107.69430535458415,39.67646105080745],[-107.69477675440888,39.67657561109427],[-107.69557071236429,39.67715332384477],[-107.69564132641338,39.67740269494509],[-107.69576591319064,39.6779959527929],[-107.69600185313773,39.67831991954864],[-107.69645298959907,39.67843494357508],[-107.69693736423085,39.67836094394752],[-107.69750913041192,39.67792406876159],[-107.69811094473826,39.67773751243455],[-107.69842755696666,39.67752620866665],[-107.69915743565338,39.67645812978396],[-107.69968616228334,39.67595949228447],[-107.70031519443116,39.674909444930634],[-107.7002372496166,39.67447198887654],[-107.69996589739425,39.673276323636436],[-107.69996574288992,39.67325380611859],[-107.69999486078652,39.671401856977496],[-107.70049754190931,39.67023255739371],[-107.70182876199848,39.66902144846796],[-107.70224390742176,39.66858837680566],[-107.70230165585815,39.667033047796],[-107.70301180275084,39.66604808391823],[-107.70327891020325,39.66529415222057],[-107.70339563725513,39.663187923895286],[-107.70312961797526,39.66193290955453],[-107.7030538669947,39.66162642253802],[-107.7032234265968,39.659757984254455],[-107.7029485477208,39.6598962520311],[-107.70231467146685,39.66020298578118],[-107.70101762128498,39.661316310550234],[-107.70062427243265,39.661542090523184],[-107.70042361409024,39.661396066016025],[-107.70052219562055,39.661111212914754],[-107.7006520779938,39.661004584419025],[-107.70069381184018,39.660824660254434],[-107.70064519861438,39.66051498159749],[-107.70046448225683,39.66025546392635],[-107.70022026098539,39.660242309432],[-107.69989704231769,39.660391108526376],[-107.69968485224103,39.66057499753527],[-107.699679556125,39.6610648836968],[-107.69965137678251,39.66159298449791],[-107.69949265609756,39.66189807239602],[-107.6985136552923,39.662756500139906],[-107.69804076629708,39.66371790492848],[-107.69744893985947,39.664037958397095],[-107.69617574420225,39.66396844117853],[-107.69546554690251,39.66398944196564],[-107.69493264737201,39.66419549932416],[-107.69351262558324,39.66504373927578],[-107.69274371901068,39.6653633743736],[-107.69079080953438,39.665453702242964],[-107.68862972129196,39.665774040916865],[-107.6871197773504,39.66591260839564],[-107.68681883524451,39.66623036809726],[-107.68715968370233,39.66686660036186],[-107.68662361636828,39.667631227439905],[-107.68597075535087,39.66697069451804],[-107.68555871155955,39.66809729847091],[-107.68479759012213,39.668177967775875],[-107.68438663578367,39.66907932165786],[-107.68387449006347,39.66923980636361],[-107.6803726614059,39.66925766783304],[-107.67923470916956,39.669522677637374],[-107.67722478450341,39.66906456805231],[-107.67648354406617,39.6693113812278],[-107.67575848405679,39.66826958549302],[-107.67605675394077,39.667051040090755],[-107.67624231510887,39.666904715469265],[-107.67649953540648,39.666703371721724],[-107.67696265795128,39.66625049986275],[-107.67745888477857,39.66606217136558],[-107.67856837608707,39.665753568590425],[-107.68024882407225,39.6654140873759],[-107.68063953068699,39.6642730489172],[-107.68100195546067,39.66417624109347],[-107.68145378011809,39.66402430671248],[-107.68158277168077,39.663809068554194],[-107.68154486223138,39.66342081406477],[-107.68141413627716,39.66299932766508],[-107.68151205344756,39.6625725676371],[-107.68194921012729,39.66263321016252],[-107.68218196505829,39.66273396030383],[-107.68232941277964,39.662995870463845],[-107.6825031401047,39.66334560927392],[-107.68301574434935,39.663581394370524],[-107.68324575636153,39.663611453121796],[-107.68379041360738,39.6634927307113],[-107.68449647832206,39.66340564875744],[-107.68517762815388,39.663266079023856],[-107.68589012864804,39.66275434226965],[-107.68630032180829,39.66270947246104],[-107.68692751184768,39.66235889275995],[-107.68748816129047,39.662062910464975],[-107.68780003806224,39.66184343054592],[-107.68778702165079,39.661507670796695],[-107.68766790819637,39.66138661671939],[-107.68730413833863,39.66144810003831],[-107.68703319683537,39.66154280939181],[-107.68678579861887,39.66165466574713],[-107.68631113123779,39.66180714940065],[-107.6858808111036,39.66192323756506],[-107.68545050074482,39.66203931490973],[-107.68476867930409,39.662161218028515],[-107.68451306365682,39.662061001872964],[-107.68449322044013,39.661548517988024],[-107.68461876530357,39.661244919993315],[-107.6844941840501,39.66098249284806],[-107.6841512191575,39.66099041609181],[-107.68348953982212,39.66104109316447],[-107.683077302613,39.661032940233724],[-107.68284386833764,39.66091451486345],[-107.68243573379635,39.66101238474672],[-107.68189110477253,39.66113109999393],[-107.6814546293358,39.661088125053574],[-107.68111167471183,39.66109603907029],[-107.68077349193513,39.66122767250286],[-107.68058206207289,39.66160353186469],[-107.6803865428932,39.66187336539308],[-107.68004357279075,39.661881285655156],[-107.67983027931776,39.66169164546887],[-107.67947774820195,39.66145215049956],[-107.67863109135749,39.66145400127467],[-107.67901156681877,39.66026243193081],[-107.67916078520747,39.659439196899044],[-107.67924885524391,39.658617373206006],[-107.67942694229076,39.65802319685382],[-107.67948430659344,39.657341235920015],[-107.67951578192016,39.656967134274424],[-107.67966365819301,39.656580850292094],[-107.67972277003567,39.655160629709314],[-107.67995959189516,39.654475002363164],[-107.68018805831161,39.65430697040226],[-107.68061083294295,39.65399601699112],[-107.68155770168809,39.653721906989425],[-107.68211962944923,39.65333507063589],[-107.68268171999547,39.653263525104485],[-107.6833627861335,39.65267122899055],[-107.68457578552496,39.651436023447744],[-107.6852557023649,39.651068955311786],[-107.68558184192543,39.65077313786226],[-107.68578858508751,39.65040350115946],[-107.68614368897964,39.65008449070532],[-107.68685366441242,39.64978878565099],[-107.68703078945754,39.64960451548571],[-107.68709062420871,39.64940043021947],[-107.68652754973608,39.64834593992396],[-107.68656110321479,39.647940763002296],[-107.68691281652976,39.64738660794102],[-107.68750455398454,39.6467468090937],[-107.68836270117988,39.64615038396607],[-107.68874670196254,39.64560097081942],[-107.68916070577453,39.64516798075395],[-107.6895457615426,39.64507798276275],[-107.68978254499233,39.644892317101394],[-107.68969377696308,39.64411513036138],[-107.68945401389244,39.64211437679094],[-107.69043118534141,39.64172111315664],[-107.69158672519265,39.64125605167408],[-107.69291693299128,39.640269181510796],[-107.69339779490092,39.639991940858636],[-107.69383916410091,39.63977018822763],[-107.69407156777747,39.63965342250256],[-107.69551952828782,39.63930925744781],[-107.69617170474956,39.639154236041406],[-107.69694064951743,39.638852605428646],[-107.69753284212162,39.63839741987164],[-107.69827190400119,39.63812350045991],[-107.6987730178188,39.63758151200452],[-107.69895334481893,39.637386483481976],[-107.69896903708131,39.63734059871851],[-107.69906964581473,39.63704643837051],[-107.69937944965292,39.63696849970273],[-107.70172612418037,39.63637812482201],[-107.70196972821849,39.63631684531012],[-107.70332293907786,39.63656221448144],[-107.70386296351754,39.63666013480333],[-107.70477093274162,39.63656522910438],[-107.70519380052805,39.63652102565292],[-107.70608178769112,39.63661294284946],[-107.70678990721603,39.637046289066944],[-107.70693970612895,39.63713796142457],[-107.70714676216211,39.63747996811988],[-107.70747181415838,39.637458874129436],[-107.70797463715242,39.63725346259934],[-107.7084188142475,39.63736471399024],[-107.70921661238705,39.63731907093821],[-107.70939461008182,39.637364463003856],[-107.71022273131115,39.63722802050542],[-107.71037060230759,39.63708944075208],[-107.71034053471969,39.63700005807092],[-107.70779655534672,39.63608648771144],[-107.70693089656119,39.63568274784005],[-107.70519360416553,39.63487245077853],[-107.70469074330333,39.63434815478935],[-107.7044838677712,39.6337764137145],[-107.70445389443779,39.63350235319432],[-107.70436450991394,39.63343236774651],[-107.70409876135818,39.632199864497785],[-107.70400989473221,39.63215238790088],[-107.70359574319654,39.631306209816145],[-107.70359545115817,39.63025220511027],[-107.70377170712324,39.628608527244275],[-107.70373723951333,39.62837773967581],[-107.7036825508879,39.62801152990825],[-107.7034166507049,39.6275312458014],[-107.70294278713897,39.62712337615651],[-107.7017376567362,39.62640513911245],[-107.70116765832347,39.62604849654217],[-107.7009630605012,39.6258302335989],[-107.70095127032754,39.625527200689476],[-107.70101521455939,39.62539190062707],[-107.70110935096967,39.625292166251285],[-107.70127454208905,39.624986618756985],[-107.70135183156756,39.62437222411369],[-107.70100250913873,39.62314248480754],[-107.70087771201037,39.622703142844344],[-107.70075977893951,39.622039239136896],[-107.70084752932524,39.62148766976045],[-107.7013798201906,39.62036722043929],[-107.70140956324553,39.61993411097097],[-107.6968927750703,39.615480727922225],[-107.69672273079989,39.615160362220934],[-107.70135363690561,39.614904069055825],[-107.70166457841164,39.61500944893257],[-107.70587377992716,39.615150163006355],[-107.70593870180963,39.61514414556848],[-107.70684872704494,39.61501482901409],[-107.70738185661624,39.614741141740126],[-107.70777700802216,39.61432619189784],[-107.70838644933914,39.613686227046315],[-107.70850477625156,39.61332311731925],[-107.70850384268903,39.6124312789718],[-107.70885879499924,39.61174284621546],[-107.70885788628576,39.61044111101171],[-107.70903564126037,39.609959503437224],[-107.70953784741168,39.60913700908758],[-107.71009883351324,39.60774108213101],[-107.7101576581384,39.60701001062533],[-107.7100386270435,39.606048860364496],[-107.71012775314482,39.60588913098174],[-107.71015403536627,39.6050373751713],[-107.71015667328152,39.604951552547426],[-107.71018380309812,39.60488813892605],[-107.7103337712483,39.60453752206554],[-107.71077792070956,39.60399113728045],[-107.71077669031223,39.60316687794886],[-107.71113166225753,39.602685633515016],[-107.71149029807306,39.602130693874756],[-107.7118705635681,39.601542294791344],[-107.71231358854746,39.60126618595403],[-107.71476162705615,39.6004712285964],[-107.71506374421867,39.60037312410101],[-107.71547762429938,39.60012471041209],[-107.71562607122176,39.59993988808528],[-107.71577259680203,39.59975747074361],[-107.71589085723878,39.599254723087384],[-107.7167779648918,39.59868444073696],[-107.71704371728362,39.598407966737234],[-107.71725052887163,39.5978806242093],[-107.71727859941382,39.59691120084172],[-107.71727963616566,39.596875475840946],[-107.71726113258708,39.59682126323921],[-107.71713167607918,39.596442016550306],[-107.71683589023088,39.59605255443058],[-107.71680567883917,39.595801013919385],[-107.71671685209107,39.59575354549397],[-107.71686759057373,39.59543821567628],[-107.71692859111548,39.59522457468925],[-107.71698285824844,39.59415278681985],[-107.71715958430408,39.59383335318725],[-107.71746931435254,39.59357549667192],[-107.71792781556138,39.59319377617732],[-107.7181347109829,39.5928736258714],[-107.71810473366457,39.59200498769105],[-107.7183707526378,39.591363650505855],[-107.71836763246104,39.58909804483077],[-107.7182497124655,39.5886413618268],[-107.71765759399764,39.587632727519896],[-107.71762762726695,39.58690372941204],[-107.71742083218605,39.58603472418456],[-107.7170186231915,39.58534146212577],[-107.71596404124861,39.583515448187214],[-107.7155567646001,39.58265052433388],[-107.7155307317598,39.582403389472],[-107.71540846555057,39.58127565967293],[-107.71487566624096,39.58029265648536],[-107.71422554912985,39.5797898453403],[-107.714158611418,39.57971621566306],[-107.71374560791656,39.579876220792734],[-107.71348851288529,39.57986603146582],[-107.7118328784965,39.58059346515696],[-107.71103469878115,39.58059407670032],[-107.71094611180952,39.58052407654843],[-107.7110637028901,39.57947181801875],[-107.71076800035645,39.579492234167255],[-107.71053184870837,39.579677917583325],[-107.71020676741823,39.57965397535389],[-107.71029494398252,39.57910689140048],[-107.70982196828848,39.578807125925685],[-107.70946744189442,39.578783868699865],[-107.70914236124278,39.579404043472586],[-107.70834467951043,39.58008929226899],[-107.70816750139309,39.5803411685655],[-107.7077840019705,39.58175996729943],[-107.7074587839712,39.58207835437312],[-107.70695617622918,39.58214862769074],[-107.70648340309921,39.58207856199223],[-107.70518273334903,39.58205932331144],[-107.70470994747727,39.58187664378736],[-107.70470974462138,39.58139468211863],[-107.7051528149719,39.58102852345237],[-107.70515268782621,39.58086636351546],[-107.70494610690969,39.58070902195015],[-107.70450233361893,39.58057071737372],[-107.70420687815437,39.5802983241674],[-107.70411800406816,39.57981842727486],[-107.70414752682557,39.57926820906017],[-107.704590805128,39.57887951731987],[-107.70521147295872,39.578833529820386],[-107.70535881248512,39.5787400117523],[-107.70535901489528,39.57860487875777],[-107.70515196830966,39.57839799224525],[-107.70444262270375,39.57819380518416],[-107.70287623151877,39.57800955645676],[-107.70290553612757,39.577734104382735],[-107.70311239558364,39.57745903260827],[-107.70308252622202,39.57677505955141],[-107.70382134753345,39.576456072594276],[-107.70364418586823,39.57620344458293],[-107.70260939949284,39.57588069366453],[-107.70213665276688,39.57558539504978],[-107.70204778913605,39.57510549580235],[-107.70237253259681,39.57473759666608],[-107.70237284037627,39.57441777657685],[-107.70222487263149,39.57432662995569],[-107.70163375580535,39.57432687077058],[-107.70107237067916,39.57471828950906],[-107.70065860003726,39.57471440019436],[-107.70051078640594,39.57464576919595],[-107.7003629587168,39.574351915222515],[-107.7003334011035,39.57407784132996],[-107.70024483277517,39.57400782328815],[-107.70024442492478,39.57380063577938],[-107.69959417378817,39.57268064758941],[-107.69737742071601,39.57121868293279],[-107.69711111132035,39.57117081689589],[-107.69545645691386,39.57139841485479],[-107.69510171051704,39.57164987984546],[-107.69492589216671,39.57238942913769],[-107.69481990621456,39.56395844394879],[-107.69389896042739,39.56400532255201],[-107.69388875028258,39.56284494715589],[-107.69427280207132,39.562092820552074],[-107.69450899384898,39.560650443985416],[-107.69480448383018,39.55982829256981],[-107.69504030791782,39.5584985396113],[-107.69557206682596,39.557607843102545],[-107.69560169084637,39.55715221265382],[-107.69577887324739,39.556900363837826],[-107.69583804567624,39.556146754879755],[-107.69625161828486,39.55575428915397],[-107.69660588977663,39.555070401598975],[-107.69710807241471,39.554702901244966],[-107.69719679762423,39.55454319040663],[-107.69704907807373,39.55410969508967],[-107.69713752382684,39.55355810794775],[-107.6975804652954,39.55296675749075],[-107.6987622793317,39.55186726152304],[-107.69950046534967,39.55145371922878],[-107.69973686718163,39.55118247085794],[-107.69973693114606,39.55067797913174],[-107.69920489732922,39.549627312646],[-107.69867291086068,39.54900905497462],[-107.6970182849838,39.547637615886046],[-107.69681103583395,39.54729108371636],[-107.69677386897308,39.546980167973445],[-107.70029046466776,39.54655111977315],[-107.70623198574576,39.5461388558669],[-107.7092680249058,39.54533742598129],[-107.71088107485383,39.54283378734275],[-107.71330831765918,39.54003711371465],[-107.71539535432815,39.53890268995962],[-107.71600936943751,39.53640266676894],[-107.71580225105963,39.535921036809405],[-107.71559474497201,39.534525025559496],[-107.71541755887107,39.53434449173211],[-107.71485610837199,39.53413689610935],[-107.71482687851694,39.53400245039532],[-107.71518106532722,39.533566254571745],[-107.7151810234189,39.53320139853792],[-107.71482619932449,39.532903390881394],[-107.71456032415773,39.53237808854783],[-107.71435353858428,39.532333373607514],[-107.71411709730367,39.532059623031714],[-107.71408712084454,39.53128107086103],[-107.71390990274647,39.53100593598411],[-107.71364403081887,39.53048063118419],[-107.71370245471653,39.52960991849332],[-107.71346626618691,39.52942625546407],[-107.71334800931213,39.52905965624052],[-107.71210739266016,39.5287643101467],[-107.71145722044218,39.52828399731163],[-107.71104366902541,39.527690064270466],[-107.70989177353512,39.52709533031349],[-107.70950745841844,39.526635838564744],[-107.70871015600346,39.52609138594429],[-107.70838485071606,39.52565303577597],[-107.70794183624068,39.52499220433126],[-107.70767598166171,39.52487678521101],[-107.7076659958819,39.5248721623282],[-107.7076559882588,39.52486757598813],[-107.7076459580928,39.52486300818982],[-107.70763589411186,39.524858468204684],[-107.70762581920991,39.52485394649044],[-107.70761573338693,39.52484944304706],[-107.70760562502106,39.524844958145465],[-107.7075954937625,39.5248404827852],[-107.70758536320479,39.52483602542489],[-107.70757522137623,39.52483157733503],[-107.70756506827686,39.52482713851555],[-107.70755490390667,39.52482270896651],[-107.70754473953774,39.524818279416486],[-107.70753457551983,39.52481385886607],[-107.70752439953154,39.524809429585076],[-107.70751423551614,39.52480500903274],[-107.70750407115224,39.52480057947899],[-107.70749390678958,39.52479614992431],[-107.7074837537003,39.524791711097365],[-107.70747360026249,39.52478726326901],[-107.70746347006965,39.52478281489796],[-107.7074533388288,39.52477833952461],[-107.70744323083295,39.52477386360859],[-107.70743313341089,39.52476936041938],[-107.70742304726224,39.52476484795791],[-107.70741298330927,39.524760307952384],[-107.70740294190179,39.52475574940328],[-107.70739293431188,39.52475116303928],[-107.7073829376456,39.52474655840254],[-107.70737297479693,39.52474192595093],[-107.70736303379424,39.524737256954836],[-107.70735312660914,39.52473256014386],[-107.70734324127005,39.524727826788435],[-107.70733340137043,39.52472306534726],[-107.70732359458896,39.524718258090296],[-107.70731382127538,39.524713414018045],[-107.70730409305156,39.52470853285965],[-107.70729439794586,39.52470360588547],[-107.70728475920207,39.524698632553836],[-107.70727515357645,39.52469361340648],[-107.70726559269089,39.524688548172534],[-107.70725608781748,39.5246834275807],[-107.70724662768414,39.5246782609023],[-107.707237223563,39.524673038866055],[-107.70722785186064,39.52466775301318],[-107.70721851362624,39.5246624303451],[-107.7072092081604,39.524657052860896],[-107.70719992384127,39.52465162083139],[-107.70719067299018,39.52464615198671],[-107.70718145490768,39.52464062832592],[-107.70717226994347,39.52463505884947],[-107.70716311809763,39.524629443557394],[-107.70715401099194,39.52462378217884],[-107.70714493700464,39.524618074984666],[-107.70713589648541,39.52461233097534],[-107.70712690070638,39.524606540879596],[-107.70711793839548,39.52460071396871],[-107.70710902082479,39.524594840971396],[-107.70710014799434,39.52458892188766],[-107.70709130898173,39.5245829749893],[-107.70708252633119,39.52457698173371],[-107.70707377714879,39.52457095166304],[-107.70706508467819,39.52456488423559],[-107.70705643729755,39.52455877972226],[-107.70704784662874,39.52455263785219],[-107.70703928942804,39.52454645916709],[-107.7070307892889,39.52454025212576],[-107.70702234586152,39.52453400772773],[-107.70701395949567,39.52452773497349],[-107.70700561821977,39.52452142513342],[-107.7069973340054,39.524515086937164],[-107.70698910650282,39.524508711384264],[-107.70698094803325,39.524502316204845],[-107.70697283465366,39.524495883939615],[-107.70696477868525,39.52448943231875],[-107.70695679105044,39.524482943070446],[-107.7069488724486,39.52447643419566],[-107.70694099928646,39.52446989723561],[-107.70693320642938,39.524463331377845],[-107.70692547063376,39.524456737163995],[-107.70691801909042,39.52444997417072],[-107.70691090676114,39.524442960039785],[-107.70690412377259,39.52443574004441],[-107.70689764688106,39.52442831472627],[-107.70689144192053,39.524420702898816],[-107.70688548704608,39.5244129411056],[-107.70687975936376,39.524405038888716],[-107.70687423667897,39.52439702379123],[-107.70686889609779,39.52438890535534],[-107.70686369253168,39.52438072066609],[-107.70685862598064,39.524372469723524],[-107.70685365100648,39.52436418061239],[-107.70684875703645,39.524355880604794],[-107.70684390955482,39.52434757951374],[-107.706839086367,39.52433930488218],[-107.70683425330698,39.52433107552354],[-107.70682942234623,39.52432290016745],[-107.70682472979911,39.52431469456002],[-107.70682022075398,39.52430642161614],[-107.70681588358902,39.52429808160665],[-107.70681170738176,39.52428969280335],[-107.7068076459947,39.52428126528988],[-107.70680369907811,39.52427279006587],[-107.70679983246598,39.52426428594461],[-107.70679603488617,39.52425576219745],[-107.7067922830951,39.524247219365925],[-107.70678855419888,39.52423866699217],[-107.70678483692544,39.52423011434747],[-107.70678109640937,39.52422156224419],[-107.70677732172832,39.5242130289541],[-107.70677348928906,39.52420450601835],[-107.70676956527534,39.52419602125068],[-107.70676556095923,39.524187565379876],[-107.70676153305094,39.52417910105001],[-107.7067576657504,39.524170578925954],[-107.70675386643309,39.52416201017457],[-107.70675007873854,39.52415344115222],[-107.70674622236342,39.52414490075589],[-107.70674219376086,39.524136418424206],[-107.70673794784258,39.524128031242206],[-107.70673338141148,39.52411977764886],[-107.70672843705816,39.52411167699913],[-107.70672302355702,39.52410377646162],[-107.70671741178799,39.52409586252643],[-107.70671177223116,39.52408783212639],[-107.7067060608472,39.524079749348004],[-107.70670024486886,39.5240716690064],[-107.70669429082955,39.52406362791588],[-107.70668814341785,39.52405569943407],[-107.70668179241068,39.52404791983367],[-107.70667519341897,39.52404034420059],[-107.70666829043203,39.52403302789156],[-107.706661073926,39.524026025180135],[-107.70665348754044,39.52401938242255],[-107.70664551047939,39.5240131631636],[-107.70663709800415,39.52400741348871],[-107.70662819838289,39.52400199947387],[-107.70661882821575,39.52399674956847],[-107.70660903538833,39.5239916986912],[-107.70659885546509,39.52398686403046],[-107.70658835957505,39.52398227996342],[-107.70657759560362,39.523977981408656],[-107.70656662305794,39.523974003014125],[-107.70655546623031,39.52397037123963],[-107.70654420752166,39.52396711119107],[-107.70653288319551,39.52396425805795],[-107.7065215411372,39.523961846759086],[-107.70651024050404,39.523959902942],[-107.70649904080302,39.5239584612547],[-107.70648796632624,39.52395754815712],[-107.70647684554447,39.52395723971463],[-107.70646563022237,39.52395749200795],[-107.70645431896114,39.52395826903519],[-107.70644293185738,39.523959489250515],[-107.7064314791341,39.523961116381344],[-107.70642000483066,39.52396308634121],[-107.7064084948778,39.52396533639766],[-107.70639697077081,39.52396782100675],[-107.70638546457779,39.523970467352456],[-107.70637397455059,39.523973230432425],[-107.70636253345666,39.52397605543152],[-107.70635115047043,39.52397887907571],[-107.70633983476638,39.523981638091],[-107.70632860783995,39.5239842869335],[-107.70631746969121,39.52398682560324],[-107.70630635793157,39.52398944473466],[-107.7062952834835,39.52399212605608],[-107.70628422345311,39.52399487910954],[-107.70627318911247,39.52399769462373],[-107.70626218011202,39.52400056359825],[-107.70625117320822,39.524003486574586],[-107.70624020256706,39.52400644473957],[-107.7062292333233,39.5240094389054],[-107.70621827709869,39.5240124688014],[-107.70620732157226,39.524015516697354],[-107.70619637871536,39.52401859132294],[-107.70618544782877,39.52402167467727],[-107.70617450531941,39.524024758301366],[-107.7061635744308,39.5240278416537],[-107.7061526319194,39.524030925275795],[-107.7061416887078,39.524033990895916],[-107.70613073317428,39.524037038784854],[-107.706119776591,39.52404005967136],[-107.70610879571446,39.524043054096914],[-107.70609781343857,39.524046012519555],[-107.70608680582075,39.52404891747984],[-107.70607580029942,39.52405187644191],[-107.706064824313,39.52405499687006],[-107.70605385112215,39.52405818930102],[-107.70604287758066,39.52406137273046],[-107.70603186567716,39.52406446696635],[-107.70602082388721,39.52406739073367],[-107.7060097254717,39.52407005456915],[-107.7059985443907,39.524072387010406],[-107.70598727679905,39.52407428905219],[-107.70597589840479,39.52407573423448],[-107.70596430662356,39.52407707628297],[-107.70595255108853,39.52407839511895],[-107.7059406754902,39.52407961765575],[-107.70592871329568,39.52408070707923],[-107.70591673248778,39.52408161676273],[-107.70590476548495,39.52408228289076],[-107.70589289224144,39.52408266756644],[-107.70588113355402,39.52408270724499],[-107.70586954648299,39.524082373571524],[-107.70585819796271,39.52408159291802],[-107.70584712181002,39.524080337470934],[-107.70583637333753,39.52407853387304],[-107.70582587556116,39.52407569745228],[-107.70581561694634,39.52407153119306],[-107.70580571152713,39.524066275671814],[-107.70579627333741,39.52406017146524],[-107.70578741641089,39.52405345914987],[-107.7057792660532,39.52404637003121],[-107.70577194861853,39.52403916241618],[-107.70576561090796,39.524032022066535],[-107.70576216832436,39.52402394945443],[-107.70576131345828,39.524014816611135],[-107.70576138282675,39.5240052208178],[-107.70576070307342,39.523995804628534],[-107.70575758747346,39.523987165865634],[-107.70575233644522,39.523979252488324],[-107.70574693538418,39.52397136963127],[-107.70574143077735,39.523963516211616],[-107.70573579938124,39.52395569277072],[-107.70573007571159,39.52394788949604],[-107.70572424849624,39.523940115658725],[-107.70571834062912,39.523932361716874],[-107.70571234083805,39.52392463694166],[-107.70570627201701,39.52391693179121],[-107.705700134166,39.52390924626547],[-107.7056939392563,39.52390158909426],[-107.70568768658887,39.52389394227661],[-107.70568139975671,39.52388631427157],[-107.70567505551638,39.52387870562056],[-107.70566868873304,39.52387111551148],[-107.7056622990572,39.52386353494386],[-107.70565588683839,39.52385597291815],[-107.7056494749705,39.523848419892495],[-107.70564305218134,39.52384088513807],[-107.70563662974313,39.52383335938373],[-107.70563023089927,39.52382584208808],[-107.70562377534634,39.52381836214735],[-107.7056171715086,39.52381095772891],[-107.70561045390178,39.52380361902022],[-107.7056036334485,39.52379632774965],[-107.70559672177056,39.523789083646435],[-107.70558975303405,39.52378186789759],[-107.70558275048239,39.523774679961775],[-107.70557571306708,39.5237674928375],[-107.70556868762446,39.52376031444255],[-107.70556166183378,39.52375312704663],[-107.7055546818324,39.523745920566576],[-107.70554774727078,39.52373868600187],[-107.70554089266452,39.52373141354007],[-107.7055341289363,39.523724084909524],[-107.70552747932953,39.52371669956891],[-107.70552090967809,39.52370927633123],[-107.70551433967857,39.52370184409265],[-107.70550776968048,39.52369441185363],[-107.70550122292721,39.52368697907284],[-107.70549467582588,39.52367953729115],[-107.70548812837644,39.523672086508554],[-107.70548160417184,39.52366463518419],[-107.70547507961915,39.52365717485893],[-107.70546856668956,39.52364971426257],[-107.70546206503361,39.523642244394644],[-107.70545557500077,39.52363477425564],[-107.70544908461986,39.52362729511572],[-107.70544261713422,39.52361980643359],[-107.7054361612717,39.52361231748037],[-107.70542971668279,39.52360481925558],[-107.70542328371697,39.52359732075971],[-107.70541686167529,39.52358980399183],[-107.70541046287836,39.5235822866822],[-107.70540406408283,39.523574769372175],[-107.70539768783311,39.52356723351944],[-107.70539133482814,39.52355969712499],[-107.7053849814751,39.52355215172964],[-107.70537865101734,39.52354459679211],[-107.70537234380431,39.52353704131286],[-107.7053660475154,39.52352946756157],[-107.70535977447122,39.52352189326858],[-107.70535351270063,39.52351430970409],[-107.70534727382528,39.52350671659737],[-107.70534109201124,39.52349909513557],[-107.70533511554432,39.52349136979632],[-107.70532932153064,39.52348355012145],[-107.70532368777528,39.523475663653734],[-107.70531814524716,39.52346773001807],[-107.70531267105241,39.523459758756246],[-107.7053072084806,39.52345178722347],[-107.70530172336572,39.52344383423264],[-107.70529615829838,39.523435919137974],[-107.70529047911266,39.52342806075237],[-107.70528465164246,39.52342027788871],[-107.70527860755578,39.523412608172784],[-107.7052723355805,39.523405060875696],[-107.70526576668567,39.523397655622226],[-107.70525894735793,39.523390391329784],[-107.70525189944276,39.52338323145507],[-107.705244680699,39.52337616564435],[-107.70523731402042,39.52336918435583],[-107.70522984449586,39.52336225050497],[-107.70522230699022,39.523355363279826],[-107.7052147469417,39.52334849459639],[-107.705207210138,39.523341625371124],[-107.70519965044197,39.52333476568706],[-107.70519107144801,39.52332831711004],[-107.70518176055218,39.52332219186951],[-107.70517255390328,39.52331605519199],[-107.70516429962107,39.52330958103399],[-107.70515784652414,39.523302461353296],[-107.70515390432054,39.52329440035589],[-107.70515099373749,39.523285945981456],[-107.70514833498719,39.52327738664764],[-107.70514591714678,39.523268740626065],[-107.70514372824513,39.52325999918692],[-107.70514173411621,39.52325118114306],[-107.70513992348774,39.52324229576566],[-107.70513828508749,39.52323335232581],[-107.7051367840505,39.5232243516354],[-107.70513540980347,39.52321532096653],[-107.7051341503753,39.52320625158938],[-107.70513298322159,39.523197162046166],[-107.70513188509905,39.52318805287817],[-107.70513083381277,39.52317895162807],[-107.7051298290133,39.52316984929543],[-107.70512882491305,39.52316076496371],[-107.70512782151204,39.52315169863292],[-107.70512679626589,39.5231426688453],[-107.70512573790249,39.523133684871965],[-107.7051246569951,39.52312471944081],[-107.70512362292392,39.523115761927585],[-107.70512262301898,39.52310678560146],[-107.70512166995026,39.5230978171933],[-107.70512075139716,39.52308883897268],[-107.7051198793308,39.523079859669544],[-107.70511903050792,39.523070879825134],[-107.70511822782225,39.523061889897676],[-107.70511746000166,39.52305289915831],[-107.70511672704613,39.523043907607],[-107.70511604057718,39.523034914973174],[-107.70511537735167,39.52302592179806],[-107.70511473736958,39.52301692808166],[-107.70511414352465,39.52300792428225],[-107.70511357327253,39.52299892894203],[-107.70511303753594,39.5229899237894],[-107.70511253701376,39.52298092682539],[-107.70511205973494,39.52297192932007],[-107.70511161732104,39.522962931002866],[-107.70511118652892,39.52295393241501],[-107.70511080222326,39.52294493274461],[-107.70511042953936,39.52293593280355],[-107.70511004488459,39.52292692413265],[-107.70510957783067,39.52291789035465],[-107.7051090283776,39.52290883146961],[-107.7051084317396,39.52289975566611],[-107.70510779953825,39.522890662673504],[-107.70510715536608,39.52288156095099],[-107.70510652246632,39.522872449957376],[-107.70510592443146,39.52286333815186],[-107.70510538450465,39.52285422499316],[-107.70510490338472,39.52284512848228],[-107.70510452720846,39.52283603853621],[-107.70510425632526,39.52282696415545],[-107.70510413757076,39.52281791325794],[-107.70510415932331,39.52280888611433],[-107.70510436841856,39.52279989064262],[-107.70510477682735,39.52279093557265],[-107.70510539582178,39.52278201163329],[-107.70510626096528,39.522773136013626],[-107.70510738387928,39.522764308443065],[-107.70510879942834,39.52275552810968],[-107.70511050831122,39.52274681301443],[-107.70511258733593,39.52273804425666],[-107.70511509006731,39.52272910347693],[-107.70511804324265,39.5227200801388],[-107.70512142571532,39.52271102878634],[-107.70512527549474,39.52270202961205],[-107.70512957178373,39.52269314616048],[-107.70513434062072,39.52268444989421],[-107.70513959642263,39.522676012546384],[-107.70514533001388,39.522667897390974],[-107.7051515561609,39.52266018516162],[-107.70515827730975,39.522652938861654],[-107.70516551949896,39.52264622995351],[-107.70517326228106,39.52264013098227],[-107.70518158735626,39.52263464905388],[-107.70519051377426,39.522629675621126],[-107.70519998133082,39.52262515803419],[-107.70520992947226,39.52262103464271],[-107.70522029764489,39.522617243796425],[-107.70523101402293,39.52261373311613],[-107.7052420060817,39.522610432221725],[-107.70525321431583,39.5226073064644],[-107.70526457747268,39.52260427619294],[-107.7052760237264,39.52260128902832],[-107.70528748125112,39.522598292591496],[-107.70529890076511,39.52259521596117],[-107.70531021114138,39.52259202475933],[-107.70532133915616,39.522588630605064],[-107.70533221368242,39.52258499912041],[-107.70534278578778,39.52258106838465],[-107.70535298294736,39.52257676801795],[-107.70536280481154,39.522572089019945],[-107.70537235737181,39.52256706495677],[-107.7053816779389,39.522561758019854],[-107.7053908034741,39.52255622140022],[-107.70539978186132,39.52255049001722],[-107.70540866203285,39.52254462579161],[-107.70541746862963,39.522538664184026],[-107.70542625093346,39.52253267611569],[-107.70543504485724,39.52252668777608],[-107.7054438877119,39.52252076135656],[-107.70545283935229,39.522514940506255],[-107.70546191349688,39.52250927895731],[-107.70547117035001,39.52250382935931],[-107.7054805729504,39.52249853852127],[-107.70548999984076,39.52249327414265],[-107.70549946299211,39.522488044953256],[-107.70550896240447,39.522482850953025],[-107.70551848575735,39.52247767441167],[-107.70552803374973,39.5224725333302],[-107.70553760638163,39.52246742770854],[-107.70554721457556,39.52246233927513],[-107.70555683543805,39.522457277571704],[-107.70556649256153,39.522452251057416],[-107.7055761620041,39.52244724227269],[-107.70558585608619,39.522442268947735],[-107.70559557410886,39.52243731308165],[-107.70560530480009,39.52243238394556],[-107.70561505978138,39.52242748126876],[-107.70562482708178,39.522422596321476],[-107.70563460705075,39.5224177381042],[-107.7056444359508,39.52241294180674],[-107.7056543377239,39.522408224888736],[-107.70566430074858,39.522403587620836],[-107.70567431305389,39.52239902127322],[-107.70568437394081,39.52239450784492],[-107.70569447108889,39.52239002960569],[-107.70570458090562,39.52238557809635],[-107.70571471466303,39.52238114404574],[-107.70572483679763,39.52237671026499],[-107.70573495823186,39.522372258482434],[-107.70574504410133,39.52236778951014],[-107.70575567696521,39.52236302852907],[-107.70584394022447,39.522108722292984],[-107.70646405265008,39.52137808214746],[-107.7066112875186,39.5206674660818],[-107.7062864602077,39.52041827919049],[-107.70625677251536,39.52023429407238],[-107.70649315642908,39.51989095467505],[-107.7064930225552,39.51961618582872],[-107.70708367723593,39.51913847916144],[-107.70717186760025,39.518929216709374],[-107.70717154158501,39.51780763282057],[-107.70725985809283,39.517395673324806],[-107.70776181276274,39.51634796477998],[-107.70776121350309,39.51504171015918],[-107.70929686099343,39.514677091760625],[-107.709680547708,39.51451499635144],[-107.70997563743545,39.51410271599872],[-107.71086152852975,39.51380728415228],[-107.7108317381019,39.51268638769931],[-107.71121525633079,39.511884660944595],[-107.71145091512108,39.510991802451954],[-107.71233621510855,39.509552251137684],[-107.71307427952515,39.508728736268175],[-107.71354642458974,39.507609630250805],[-107.71446101182278,39.50632703892408],[-107.71456789825926,39.505900883808536],[-107.71230853462548,39.50013879666765],[-107.70953545372572,39.49159362360368],[-107.70934944856111,39.491021614587005],[-107.70908943975971,39.490219601098204],[-107.70736139442594,39.48489349312488],[-107.70391728948167,39.47428027778773],[-107.6987481513021,39.45835595340781],[-107.69710911438682,39.453304855726714],[-107.69835511695408,39.45149182021512],[-107.69862011985087,39.450439791338],[-107.70074312864024,39.44851775400328],[-107.70174614651106,39.44810574298419],[-107.70348715875227,39.44769472978995],[-107.70463717280693,39.44753372572869],[-107.70522717746113,39.44735072058822],[-107.7064661861438,39.44714471854205],[-107.70800120540235,39.44664170831718],[-107.70873820815234,39.446252699589564],[-107.70977021636011,39.44540567961111],[-107.71059622187376,39.445199668016734],[-107.71098021981649,39.445016663623704],[-107.71195322891218,39.443987646561936],[-107.71389924275331,39.4436206304055],[-107.71971030770509,39.44323061545947],[-107.72094932309015,39.442955615309685],[-107.72139132456408,39.44270360867816],[-107.72201032414488,39.442177590859224],[-107.72271833113294,39.441811587176474],[-107.72339633567124,39.44114757204438],[-107.72463534646072,39.44039255008578],[-107.72661034871848,39.43824150782526],[-107.72714035495662,39.438012495371375],[-107.72719935245951,39.437784497470076],[-107.72764135751797,39.43741848943903],[-107.7286143591391,39.4367314677324],[-107.73000037358341,39.435518441069284],[-107.73091437043087,39.43460342509936],[-107.73113337848707,39.434457419368755],[-107.73153337445271,39.43419141641568],[-107.73212237941715,39.43407640538725],[-107.73577942156844,39.43391539833562],[-107.73887744880719,39.43414240024307],[-107.74002846207665,39.43411939817877],[-107.74070647341024,39.433844386458865],[-107.7414724787791,39.433638382872296],[-107.74221047820241,39.43331738165039],[-107.7427404868155,39.43290536858952],[-107.74288747819276,39.432699366945805],[-107.74297547891601,39.43224235222256],[-107.74321148476515,39.43210434599311],[-107.74409648836,39.43199034210137],[-107.74439148626803,39.43162433662073],[-107.74580549488597,39.43073131643859],[-107.74695650690478,39.42978629895438],[-107.74736750683374,39.429449291128584],[-107.74833951153889,39.428214258941665],[-107.74901751210162,39.42771024434474],[-107.7496615103331,39.4274462374373],[-107.7500795135335,39.42727523746779],[-107.75085051568922,39.42640521486399],[-107.75118052762792,39.42633920839349],[-107.75278455344407,39.42547218256401],[-107.7532275606811,39.42508416405205],[-107.75349256169162,39.42467215454686],[-107.75370055648655,39.42373413650949],[-107.75550058323928,39.4222030861133],[-107.75673960376979,39.42126605809495],[-107.75759462179539,39.42085404473933],[-107.75880363508715,39.420489018492724],[-107.75942364892228,39.42019201531731],[-107.76048567015819,39.41934598412781],[-107.76125267788332,39.418979969480596],[-107.76275671037112,39.41850094339352],[-107.76358271836281,39.417517922428104],[-107.76579574496074,39.41577986761345],[-107.7672707763936,39.41452282853004],[-107.76936679483617,39.41212176149561],[-107.77326183755777,39.4070226227369],[-107.77417584814567,39.40608558902045],[-107.77523786543867,39.40519356273632],[-107.77641788514241,39.40393552474107],[-107.77744989397144,39.40311250798471],[-107.7807819448059,39.40091843211311],[-107.78219698038332,39.40027740216641],[-107.78255098118453,39.3999573925261],[-107.78305298738518,39.39922537745029],[-107.78319998094645,39.398081353801686],[-107.78370197748364,39.396846319888795],[-107.7837319802469,39.39643531125366],[-107.78500400053161,39.39492227422907],[-107.78657500889943,39.39259921530806],[-107.78797403014332,39.390849165672286],[-107.78926204412663,39.38964112906595],[-107.7905460535839,39.38781908153573],[-107.79196807480263,39.38642404057756],[-107.79185107773635,39.38627003635688],[-107.78503288287578,39.37900393644053],[-107.78481987772648,39.378787938350364],[-107.78010275289915,39.37513489365058],[-107.78006874957855,39.374804889625715],[-107.77958474473401,39.37445288812162],[-107.77855072360792,39.37415488342729],[-107.77747569190608,39.37392889156949],[-107.77632767360524,39.37375189198453],[-107.77521164137262,39.37360690020488],[-107.77455563678737,39.37366090533729],[-107.77389162046478,39.373835913550764],[-107.77321460874592,39.373783920445405],[-107.77261959062177,39.37367592509024],[-107.77160757760456,39.37351392317646],[-107.77049854159135,39.3731179258354],[-107.76975453187981,39.372711926122236],[-107.76903351206803,39.37250792581424],[-107.76847050317299,39.37242292969015],[-107.76746447856151,39.37271294088341],[-107.76674146581878,39.37320295966216],[-107.76584145604181,39.373709976657146],[-107.76492243782089,39.37429799467903],[-107.76411442800273,39.37467600421883],[-107.76354541755524,39.37518702631789],[-107.76319540918281,39.37539503152928],[-107.76283941110489,39.375508037010775],[-107.76250539491689,39.37547503745977],[-107.7621293960435,39.37532903797499],[-107.76196538728543,39.37513603037777],[-107.76196037941465,39.374780025834234],[-107.76218338011282,39.374222007951076],[-107.76214637910161,39.373809999459],[-107.76203738090453,39.37338299898497],[-107.76198837124424,39.37280298378648],[-107.76161436167786,39.371973966201075],[-107.76121333509099,39.37066894637541],[-107.76136334331916,39.370134932662765],[-107.76159233828162,39.36930990797751],[-107.76148932894459,39.36855989176094],[-107.76100431204135,39.3679828870733],[-107.76035329720169,39.36751888046252],[-107.75947427929286,39.36718688057925],[-107.75836825851258,39.36699288539426],[-107.75693022079781,39.36689889302567],[-107.75518319085093,39.367000910278286],[-107.75374216333284,39.36752793038273],[-107.75294115250615,39.367710945646174],[-107.75289914545378,39.3671939287403],[-107.7544011758177,39.3668919177203],[-107.75581620258201,39.36670990067397],[-107.75855625527348,39.366664877256106],[-107.75923426553265,39.3667798771446],[-107.76135531839961,39.36689486567663],[-107.76203332342256,39.3666898503627],[-107.7625963336691,39.366401845146974],[-107.75058783722868,39.36627721090492],[-107.73202713121634,39.36618770246209],[-107.64474499676221,39.366277271929626],[-107.64332437588132,39.366278193487744],[-107.62478371030932,39.36615756471097],[-107.5910043433006,39.36615926091538],[-107.52632667861471,39.366135131639496],[-107.51159024669363,39.36612544418923],[-107.47401997330124,39.36617855743015],[-107.4311394595887,39.36616857092637],[-107.40361089912625,39.36613724401028],[-107.40169249594112,39.36613486427016],[-107.40180899772378,39.36626985821547],[-107.40187646567064,39.366364314104246],[-107.4019133869667,39.36646795955906],[-107.40194140703319,39.366573662746355],[-107.4019925919852,39.36667422974704],[-107.40205550165163,39.366770788716686],[-107.40213342978186,39.366860217480514],[-107.40223553054706,39.366933272661704],[-107.4023556151625,39.366988190092265],[-107.4024824958126,39.3670327865884],[-107.40261148516473,39.36707354649908],[-107.40273926921407,39.367116385268275],[-107.40286532489388,39.367162295711836],[-107.40299165371499,39.36720770486585],[-107.40311825783633,39.36725267574944],[-107.4032448511337,39.36729766473517],[-107.40337121398878,39.36734303673032],[-107.40349708317049,39.367389238627375],[-107.40362239125331,39.36743633488585],[-107.40374823848713,39.36748256398794],[-107.4038749530573,39.36752734255848],[-107.40400026255179,39.367574465401745],[-107.4041213622842,39.36762777437089],[-107.40423429037408,39.36769087398394],[-107.40433689477298,39.36776396190965],[-107.40443077019869,39.36784378891434],[-107.4045161655272,39.36792915164708],[-107.404593010876,39.36801936687047],[-107.40465622136068,39.36811575597894],[-107.40468374575086,39.36822073893275],[-107.40467434861313,39.36832909793515],[-107.40465108447106,39.36843653640769],[-107.40459174760286,39.3685301527733],[-107.40446477936561,39.36857850857773],[-107.40433080272774,39.368608666353516],[-107.40419497401727,39.36863254679688],[-107.40405898162085,39.36865571873721],[-107.40392351422888,39.368680663493535],[-107.40378765429836,39.36870431887782],[-107.40365150234655,39.36872690804174],[-107.40351521856279,39.36874904030097],[-107.40337897380431,39.36877129772369],[-107.40324290258413,39.36879421808394],[-107.40310718580612,39.36881833819782],[-107.4029721214174,39.368844561842224],[-107.40283830672149,39.368874399237896],[-107.40270561261451,39.368907132318625],[-107.40257308305132,39.368940267264776],[-107.40243976601626,39.36897142728889],[-107.4023052459124,39.36899932364432],[-107.4021701414044,39.369025412052146],[-107.40203445034146,39.36904962949014],[-107.40189795166371,39.36907094446068],[-107.40176051248042,39.36908818850598],[-107.40162212225101,39.369100037484195],[-107.40148319122768,39.369107284741595],[-107.40134414509428,39.3691128675032],[-107.40120518080488,39.36911948446965],[-107.40106633389091,39.36912749527673],[-107.4009273358434,39.369133806294506],[-107.4007883082727,39.36913959522053],[-107.40064936932284,39.36914661641496],[-107.40051072775546,39.36915655930376],[-107.40037265358478,39.36917086880073],[-107.40023699391145,39.36919433573347],[-107.40010887235171,39.36923659335068],[-107.39998696234568,39.3692890742504],[-107.39986082657627,39.36933475917096],[-107.39972445477123,39.36935168148699],[-107.39958890738977,39.36932590992828],[-107.39946037489044,39.3692836507497],[-107.39932889312787,39.36924881280816],[-107.39919128435545,39.36923164207326],[-107.3990526864816,39.36922117642384],[-107.39891376007907,39.3692139967437],[-107.3987748330802,39.369206798890886],[-107.39863604514622,39.369198237610135],[-107.39849722039577,39.36918995620848],[-107.39835823846335,39.36918352477362],[-107.39821906139524,39.369180547730416],[-107.3980798383467,39.369182670691764],[-107.39794132665617,39.36919303127317],[-107.39780577593271,39.36921767333699],[-107.39767455605632,39.36925389291241],[-107.39754687223648,39.36929712070103],[-107.39742398646668,39.36934794332833],[-107.39731855001448,39.36941788410797],[-107.3972608118987,39.36951545495617],[-107.3972470247376,39.36962339942563],[-107.39718375283768,39.36971834549161],[-107.39706883049418,39.36978076065659],[-107.39694549680549,39.369831078491806],[-107.39681862349364,39.36987564918088],[-107.3966916125719,39.369919934273064],[-107.39656446527319,39.369963969779455],[-107.39643561030424,39.37000491413182],[-107.39630466029816,39.37004162212418],[-107.3961712607455,39.370072551465654],[-107.39603510201385,39.37009509584977],[-107.39589699905756,39.370108986219606],[-107.39575842195705,39.370119534759],[-107.39562008671992,39.37013172684071],[-107.3954830301832,39.37015076646405],[-107.39535040147507,39.37018321056013],[-107.39523253790163,39.37024046815976],[-107.39513413217176,39.37031720830417],[-107.39503957448605,39.37039650882841],[-107.3949359285334,39.3704686899378],[-107.39482868940469,39.370537629547066],[-107.39472075393095,39.37060589869512],[-107.39461176244792,39.37067316243453],[-107.39450167739054,39.37073934045269],[-107.3943902083828,39.37080408736455],[-107.39426860604848,39.370856267690485],[-107.39413315959668,39.37088205654203],[-107.39399640748053,39.3709019080011],[-107.3938690980175,39.37094537634158],[-107.39376025481185,39.371012942554],[-107.39366622066419,39.37109269067251],[-107.39358589699306,39.37118100361249],[-107.39351334502986,39.37127324674752],[-107.39344965358403,39.37136935263855],[-107.39339843843808,39.3714698324905],[-107.39336437506218,39.37157461713156],[-107.39334804244207,39.37168196488875],[-107.3933427244513,39.37178996888184],[-107.39334170373415,39.371898046607484],[-107.39333904536387,39.37200609496752],[-107.39333658449034,39.37211414827095],[-107.39333895264478,39.372222210308756],[-107.39333618958138,39.372330251809124],[-107.39331836500355,39.37243742304294],[-107.39328141452519,39.37254163641726],[-107.39323297848964,39.372642968933626],[-107.39318078928633,39.37274317142319],[-107.3931308400405,39.372844048536344],[-107.39308268475232,39.3729454562961],[-107.39303512705614,39.37304703192428],[-107.39298725265877,39.373148514947744],[-107.39293813566285,39.373249645130606],[-107.39288683702912,39.37335011745978],[-107.39283245189756,39.373449608198705],[-107.39277406134454,39.373547721824536],[-107.39271093172904,39.373644049991164],[-107.39264431741647,39.37373895428204],[-107.39257423852075,39.37383234418523],[-107.3924998768235,39.373923713991445],[-107.39242034020243,39.374012433379896],[-107.39233468183487,39.374097629902835],[-107.39224184158651,39.37417817217194],[-107.39213581055499,39.37424805748858],[-107.39200846221166,39.374291957084],[-107.39187579199431,39.37432482157515],[-107.39174601848725,39.37436399587007],[-107.3916258609774,39.37441861230004],[-107.39150936529175,39.37447781108038],[-107.3913959249221,39.374540487548806],[-107.39128537369832,39.37460619466935],[-107.39117758455473,39.37467461073047],[-107.39107336532552,39.3747462777035],[-107.39097208700744,39.37482045175405],[-107.39087246786042,39.37489597002103],[-107.39077318189669,39.37497173361315],[-107.3906728582653,39.37504668960286],[-107.39062047541705,39.37521008568611],[-107.39058897103133,39.37531587099542],[-107.39055661024015,39.37542139461294],[-107.39052123561035,39.37552602519148],[-107.3904806771752,39.37562910461113],[-107.39043278907866,39.37573000128065],[-107.39037728951358,39.375828621882015],[-107.39031619577098,39.375925573607546],[-107.39025112614377,39.3760213367147],[-107.39018373434722,39.376116408754335],[-107.39011566219702,39.37621127851616],[-107.39004853991608,39.376306435031786],[-107.3899840209349,39.376402366859615],[-107.38992373579862,39.37649957204097],[-107.38986932850332,39.376598602399106],[-107.38982173275218,39.37670028562285],[-107.38978082881242,39.3768041737192],[-107.38974640653757,39.376909550274576],[-107.38971825486065,39.37701567186547],[-107.38969677298962,39.37712198973943],[-107.38968648648336,39.37722947399824],[-107.38968387007696,39.37733789076732],[-107.38968335308196,39.37744659773774],[-107.38967938736158,39.37755493411837],[-107.38966642566612,39.377662266126904],[-107.3896446017004,39.37776877119806],[-107.38961834566409,39.37787500696271],[-107.38958804611377,39.37798079425891],[-107.38955404490014,39.378085945875235],[-107.38951670677002,39.37819026512049],[-107.38947628046915,39.37829355768708],[-107.38942989201244,39.37839528801141],[-107.38937822525742,39.37849576636867],[-107.38932398353495,39.37859563092284],[-107.38926990529866,39.378695528129946],[-107.38921868322849,39.378796123409806],[-107.38917306740677,39.37889806298892],[-107.38913321388311,39.37900149682473],[-107.38909366622998,39.3791053928428],[-107.38905463018747,39.37920965672472],[-107.3890167324956,39.37931428460543],[-107.3889806108847,39.37941925437641],[-107.38894689179543,39.37952455317096],[-107.38891619007175,39.379630168361196],[-107.38888915567046,39.37973609560753],[-107.38886640344334,39.37984232228261],[-107.38884857083325,39.37994881727651],[-107.38883663876956,39.380055749635744],[-107.38883036550646,39.3801631783829],[-107.38882867950355,39.38027099939994],[-107.38883053364358,39.380379144103316],[-107.38883489117558,39.380487507659545],[-107.38884068146086,39.38059601295875],[-107.38884686804245,39.38070456417078],[-107.38885239156227,39.380813074945365],[-107.38885619296275,39.38092146793554],[-107.38885730537238,39.38102964588244],[-107.38885958678681,39.38113806108225],[-107.3888628973866,39.38124669838845],[-107.3888631459099,39.381355074260064],[-107.38885623038952,39.38146273240377],[-107.38883842129222,39.381569244911276],[-107.38881159400125,39.38167479848646],[-107.38877875504174,39.381779727773264],[-107.38874223502796,39.38188429120869],[-107.38870432947792,39.38198873894367],[-107.38866735743213,39.38209332965788],[-107.38863360222035,39.382198295739606],[-107.3886023897662,39.38230361499967],[-107.38857212336214,39.38240910401347],[-107.38854239421006,39.38251469009485],[-107.38851277030727,39.38262030103395],[-107.38848286574604,39.38272585466448],[-107.38846062727946,39.38283254816775],[-107.38843841195549,39.38293924119052],[-107.38841620817304,39.38304593397104],[-107.38839400402391,39.38315261774472],[-107.38837176531844,39.383259311232095],[-107.38834949144244,39.3833659964274],[-107.38832717048744,39.38347266456585],[-107.38830467514612,39.38357932727122],[-107.38827994645996,39.383685864661636],[-107.38825372843871,39.383792306502514],[-107.388228266275,39.38389878686951],[-107.38820579326668,39.38400543107506],[-107.38818857691531,39.38411234571219],[-107.38817898460883,39.38421984253546],[-107.38817788225516,39.384328119985476],[-107.38818406382896,39.38443653614661],[-107.38819621765592,39.38454441523471],[-107.38821172305957,39.38465184710339],[-107.38822812896026,39.384759810037465],[-107.38824730430184,39.38486761699078],[-107.38827122061015,39.38497452475378],[-107.38830186071596,39.38507978087337],[-107.38834123127671,39.38518265042249],[-107.38839217949094,39.385282534363306],[-107.3884525802938,39.38538009796202],[-107.38851816299369,39.385476410924426],[-107.38858467824005,39.38557248847129],[-107.38864787850594,39.38566939985081],[-107.38870349150653,39.38576816978283],[-107.3887478231766,39.385869757061926],[-107.38878409468047,39.38597363606415],[-107.38881452453815,39.38607915760754],[-107.38884002581462,39.38618586148909],[-107.3888615469984,39.38629330479502],[-107.38888000147033,39.38640103632232],[-107.38889632581967,39.38650860439029],[-107.38891043483127,39.38661589363064],[-107.38891990416317,39.3867236475565],[-107.38892519479586,39.386831766607216],[-107.38892705560848,39.3869400822428],[-107.38892623487041,39.38704840791699],[-107.38892348085557,39.387156557083095],[-107.38891848091808,39.3872645541821],[-107.38891030266393,39.387372634588885],[-107.38889987361853,39.387480761230755],[-107.3888881561188,39.387588896319954],[-107.38887607739464,39.38769699378103],[-107.38886461201108,39.387805033594006],[-107.38885470979943,39.38791295120135],[-107.38884732213263,39.388020727060066],[-107.3888433991609,39.38812830561556],[-107.38884389196161,39.3882356583216],[-107.38885125978811,39.38834374369147],[-107.38886925383379,39.388452592775515],[-107.38889976173422,39.38855968024755],[-107.3889446009029,39.388662464200046],[-107.38900414046789,39.388759171226646],[-107.38906890535793,39.388853851906816],[-107.38913653049327,39.38894762691851],[-107.38920657929992,39.389040631355215],[-107.38927863871375,39.389133008837575],[-107.38935228345227,39.389224885219804],[-107.38942710106244,39.38931642213027],[-107.38950265434919,39.38940773666075],[-107.3895785302419,39.389498972436066],[-107.38965430406628,39.38959027332058],[-107.38972956213438,39.38968176493555],[-107.38980388007604,39.38977360015047],[-107.38987683290517,39.389865913830164],[-107.38994808814543,39.38995882993005],[-107.3900232567936,39.390052440344675],[-107.39009006947947,39.39014887115771],[-107.39012645929415,39.39025098139798],[-107.39013900098985,39.39035716745864],[-107.39014222875673,39.39046498642572],[-107.39013975690305,39.39057385949727],[-107.39013521105382,39.39068319862825],[-107.39013222907364,39.390792433540625],[-107.39013441342748,39.390900976665556],[-107.39014539042185,39.39100825796168],[-107.39016884470414,39.39111371519457],[-107.39020486061928,39.39121743671467],[-107.39024928004838,39.39132005754073],[-107.39029780469612,39.39142218854917],[-107.39034611365334,39.391524459106265],[-107.39038992110314,39.39162750687325],[-107.39042837919187,39.3917316646065],[-107.39046939559371,39.39183627424963],[-107.39051027358654,39.39194124708912],[-107.39054728440911,39.392046533649854],[-107.39057671211005,39.39215212023493],[-107.3905948742939,39.39225795642364],[-107.39060000284249,39.39236462813227],[-107.39060006910405,39.39247470127928],[-107.39059462660923,39.39258666248708],[-107.39058159519429,39.39269841933625],[-107.39055888185038,39.39280784363275],[-107.39052441799406,39.39291284271372],[-107.39047608770268,39.39301129785628],[-107.39041267677736,39.39310267543251],[-107.39033732072923,39.393192433610075],[-107.3902518679851,39.393280300132346],[-107.39015781321079,39.393365163150754],[-107.39005661658597,39.393445920537395],[-107.3899497612042,39.39352146068763],[-107.38983872986753,39.393590662998],[-107.38972500600812,39.39365242487546],[-107.38960967642095,39.393705588818634],[-107.3894846360683,39.393748438444526],[-107.38934900093548,39.393780586471344],[-107.38920666758851,39.39380223208792],[-107.38906152038766,39.393813556732674],[-107.38891747850792,39.39381474114766],[-107.38877842692999,39.39380598481497],[-107.38864536824555,39.393787744645564],[-107.3885132182217,39.39376142241651],[-107.38838176463794,39.39372828377851],[-107.3882510398477,39.393689616385984],[-107.38812110916061,39.39364665316152],[-107.38799199269303,39.3936006639931],[-107.38786376856636,39.39355291757768],[-107.38773645626327,39.3935046657984],[-107.38761011037293,39.39345716882691],[-107.38748535786975,39.39340940476223],[-107.38736321659412,39.39335717243899],[-107.38724293839614,39.393301685449146],[-107.38712374829149,39.39324439217197],[-107.38700483740006,39.393186768706954],[-107.38688540690207,39.39313024589788],[-107.38676467141455,39.39307630836485],[-107.38664182049892,39.393026387183674],[-107.38651606844809,39.39298195796537],[-107.38638707574377,39.3929432799263],[-107.38625553793426,39.39290861802322],[-107.38612191660208,39.392877548352516],[-107.38598667394527,39.392849665018296],[-107.38585023858266,39.392824598852556],[-107.38571306111363,39.39280194420142],[-107.38557559306044,39.39278132242171],[-107.38543827311803,39.392762319098786],[-107.3853012349895,39.39274476932481],[-107.38516264930863,39.39273018813452],[-107.38502283071642,39.39271963215673],[-107.38488258417969,39.39271389570778],[-107.38474271557854,39.39271380011688],[-107.38460404085647,39.39272012146476],[-107.38446671812292,39.392732730384935],[-107.38432899641182,39.392748626678454],[-107.38419115810996,39.392767579323966],[-107.3840536813687,39.39278965059205],[-107.38391703273693,39.39281490299348],[-107.38378171357255,39.39284339832756],[-107.38364819011913,39.392875190106466],[-107.38351695244015,39.392910349374674],[-107.38338801002189,39.39294915523131],[-107.3832600570182,39.39299247230437],[-107.38313365919078,39.39304020791978],[-107.38300964671951,39.39309219191343],[-107.38288881406093,39.393148227829045],[-107.38277196758601,39.39320812797837],[-107.38265991397748,39.393271713678935],[-107.38255229231478,39.393338956302436],[-107.38244510788272,39.3934105233034],[-107.3823408177768,39.39348662561206],[-107.38224268763665,39.393567349492706],[-107.38215403045018,39.393652807277434],[-107.38207811250633,39.393743103253776],[-107.38201816438752,39.393838315417845],[-107.3819686748173,39.393936853943465],[-107.38192410687593,39.39403739979321],[-107.38188382513162,39.39413970472075],[-107.38184722834664,39.39424350175959],[-107.3818136804714,39.3943485246552],[-107.38178255766887,39.394454524920356],[-107.38175323548627,39.39456123606117],[-107.38172508977377,39.394668400586134],[-107.38169749637805,39.39477576100318],[-107.38166984274557,39.394883059582085],[-107.38164148120325,39.394990030302125],[-107.3816117991905,39.39509641543217],[-107.38158017284636,39.39520196648107],[-107.38154810576046,39.39530719320627],[-107.38151740964858,39.395412788249786],[-107.38148777976743,39.395518667761614],[-107.38145891106578,39.395624738888436],[-107.38143049910313,39.395730926782655],[-107.3814022507344,39.39583714735577],[-107.38137384960598,39.3959433169943],[-107.3813450025693,39.3960493516093],[-107.38131539387979,39.39615518559274],[-107.3812847413763,39.396260716611614],[-107.38125272900457,39.39636587005442],[-107.38121906360927,39.39647056183103],[-107.38118342882643,39.39657470832633],[-107.38114553180378,39.39667823445239],[-107.3811050674715,39.39678104735257],[-107.38106124065283,39.39688298312241],[-107.38101194584915,39.3969835893636],[-107.380957603218,39.397082929540254],[-107.38089894774804,39.39718110571636],[-107.38083668053999,39.397278247678344],[-107.38077154850073,39.39737446625737],[-107.38070427533383,39.397469872761135],[-107.38063558505281,39.397564587501634],[-107.38056621297245,39.39765872155184],[-107.38049677776179,39.397752370355974],[-107.38042554339573,39.397845019890156],[-107.38035189181036,39.397936592711005],[-107.38027629480275,39.398027304386815],[-107.38019924768544,39.39811737901484],[-107.38012124516045,39.39820702268757],[-107.38004275964241,39.39829646898262],[-107.37996428644892,39.39838594200088],[-107.37988630868323,39.39847564807606],[-107.37980931006244,39.398565811549034],[-107.37973378590925,39.398656656524416],[-107.37965993686011,39.398748278000454],[-107.37958693840453,39.39884033248442],[-107.37951458960562,39.39893271597919],[-107.37944276037356,39.3990253590742],[-107.3793713090141,39.39911819259606],[-107.37930010513047,39.39921113813068],[-107.37922900763955,39.39930414450989],[-107.37915789774766,39.39939713308144],[-107.37908662215469,39.3994900349082],[-107.37901505046202,39.399582771574735],[-107.37894305318859,39.39967529167421],[-107.37887048802487,39.39976750802507],[-107.37879722548892,39.39985936921989],[-107.37872313487438,39.399950787838975],[-107.37864807540029,39.400041721714594],[-107.37857235067257,39.40013324574021],[-107.37849470036114,39.40022449378208],[-107.37841308687636,39.40031325520996],[-107.37832546163598,39.400397337630935],[-107.37822976476164,39.400474557885474],[-107.37812606712114,39.40054529289146],[-107.37801790884045,39.400613596449574],[-107.37790599471484,39.40067936404246],[-107.37779093273403,39.400742376014755],[-107.37767329546793,39.400802395418935],[-107.37755371381772,39.40085919312616],[-107.37743276036181,39.40091253219326],[-107.37731082383327,39.40096189114312],[-107.37718015267407,39.40099546420513],[-107.37704117328717,39.401013837240775],[-107.37690010082386,39.401025973472784],[-107.37676161914094,39.40103883137095],[-107.37662296630364,39.4010493862435],[-107.37648385251221,39.40105731067149],[-107.37634456759473,39.40106293207112],[-107.37620536656407,39.40106657857137],[-107.3760662099952,39.40106674643896],[-107.37592694613623,39.40106341174692],[-107.37565841106908,39.401075051647254],[-107.37525325185958,39.40104240866662],[-107.37511637094066,39.401022375291674],[-107.37497601864963,39.40100783620482],[-107.37483328634971,39.40099707537156],[-107.37469617169704,39.40097699221736],[-107.37457251670052,39.40093468758505],[-107.37446037989722,39.40087317420324],[-107.37435422951881,39.400801565267884],[-107.37425163970768,39.4007240005121],[-107.37415017359503,39.40064463790339],[-107.37404742849883,39.40056761668453],[-107.3739409440061,39.40049708627802],[-107.37382831770672,39.40043719491313],[-107.37370723267253,39.40039187284321],[-107.37357935253772,39.400358131059605],[-107.37344675168045,39.40033242261312],[-107.37331036512892,39.40031321485494],[-107.3731711392193,39.40029896590014],[-107.37303002029793,39.40028813386769],[-107.37288794281328,39.40027916811454],[-107.37274585344035,39.40027053577093],[-107.37260469886648,39.40026070397138],[-107.37246541357653,39.40024812208538],[-107.37232416890295,39.40022946274476],[-107.37218480532562,39.400224503920015],[-107.37205688514405,39.40025670877198],[-107.37193335558874,39.40030574324233],[-107.37181286830906,39.40036368871406],[-107.37169484967377,39.400424583782254],[-107.3715788328951,39.40048459103674],[-107.37146453326515,39.40054661725946],[-107.37135143746012,39.40061024949045],[-107.37123900987737,39.400674759899175],[-107.3711267497296,39.40073941994305],[-107.37101410920508,39.40080348401792],[-107.37090056400811,39.40086621504736],[-107.37078560175512,39.40092688471914],[-107.37066867494754,39.40098475642563],[-107.37054918020296,39.40103915776081],[-107.3704253509107,39.40109038599721],[-107.37029740639515,39.40113737356189],[-107.3701663593929,39.401178478138135],[-107.37003318875844,39.4012120851317],[-107.36989890756537,39.401236561236566],[-107.369763480893,39.401249501697414],[-107.36962549860338,39.4012504127112],[-107.36948576305238,39.40124309782934],[-107.36934519596335,39.40123145727636],[-107.36920470772887,39.401219400521754],[-107.36906515741641,39.401210693937756],[-107.36892579343478,39.40120165905758],[-107.36878610047269,39.40119010812843],[-107.36864628701369,39.40117739729525],[-107.36850655023069,39.40116489194355],[-107.36836712179391,39.40115394774813],[-107.36822818694533,39.4011459213306],[-107.36808998893794,39.40114216813211],[-107.36795271360164,39.40114406278293],[-107.36781606780904,39.40115426897732],[-107.36767936124018,39.40117744052583],[-107.3675447035086,39.40121209299957],[-107.36741448890612,39.40125623166651],[-107.36729105342259,39.40130785398255],[-107.36717391966245,39.4013645191782],[-107.36705895786486,39.40142429327311],[-107.36694577871523,39.40148665265403],[-107.36683400541915,39.40155110047892],[-107.36672333020194,39.401617120480985],[-107.3666133759687,39.40168420681232],[-107.36650381234848,39.401751861681895],[-107.36639429706328,39.40181957853042],[-107.36628448783661,39.40188685079742],[-107.36617404208945,39.40195316291793],[-107.36606311646607,39.40201868287809],[-107.36595402817501,39.4020863455825],[-107.36584416411158,39.402153050973226],[-107.36573001288015,39.402214546058644],[-107.36561153377508,39.40227168753086],[-107.36549207447294,39.40232903801769],[-107.36537094172775,39.402384296246545],[-107.3652473815457,39.4024350810946],[-107.36512064025193,39.40247902043821],[-107.3649901439939,39.40251425201879],[-107.36485744933813,39.402545600140556],[-107.36472334945063,39.40257488654823],[-107.36458806635011,39.40260215176817],[-107.36445184404833,39.4026273998436],[-107.36431490426071,39.40265066229995],[-107.36417746809464,39.40267195265746],[-107.36403977986717,39.402691283965666],[-107.3639020728992,39.40270868751719],[-107.36376455669411,39.40272417707147],[-107.36362716832404,39.402735888997704],[-107.36348795333213,39.40273168254345],[-107.36334766827376,39.402717452379356],[-107.36320770302679,39.40270306238858],[-107.3630694366967,39.40269840370841],[-107.36293352224268,39.402712499334974],[-107.36279941358471,39.40274500000458],[-107.36266995962733,39.40278982967155],[-107.36254876791676,39.402842743780425],[-107.36244022975896,39.40291377050581],[-107.3623347684363,39.402988572554634],[-107.36222015641306,39.40304618159949],[-107.36209031772833,39.40307963978417],[-107.36195356876449,39.40310688668357],[-107.36181293085191,39.40312729332368],[-107.36167119214284,39.40313951474168],[-107.36153110690151,39.40314223370399],[-107.36139539094383,39.403134025660215],[-107.36126279152278,39.40311045649433],[-107.36113192744536,39.40307326601626],[-107.36100286327584,39.40302711970251],[-107.36087565345564,39.40297672828187],[-107.36075035147925,39.40292677547533],[-107.36062814575239,39.40287324607259],[-107.36050911126078,39.402812165489],[-107.36039146872156,39.402748966382966],[-107.36027348523847,39.40268908046456],[-107.36015338116077,39.402637931376844],[-107.36002908206449,39.402601155951295],[-107.35988310134482,39.40259637976737],[-107.35973540931842,39.40262281908991],[-107.35962863013704,39.40267066279375],[-107.35963387059273,39.40278820804774],[-107.35970448804792,39.402879507056525],[-107.35979628364764,39.40296174538238],[-107.35989722081938,39.40303991512452],[-107.35999900877934,39.40311472508257],[-107.36010967326368,39.403183805095125],[-107.36022318639759,39.403250917220404],[-107.360330670557,39.403320719244476],[-107.3604232954426,39.403397895052485],[-107.36049285952251,39.403487178854164],[-107.36054018608503,39.40358853595922],[-107.36057260605916,39.40369655617889],[-107.36059755976129,39.40380562888432],[-107.36061628740609,39.40391224232983],[-107.36061684005169,39.404020549105915],[-107.36061546683204,39.404129255347286],[-107.3606471997759,39.40424856903967],[-107.36066494191839,39.4043531573805],[-107.36055775115369,39.404380937734906],[-107.36041192783593,39.40438472683792],[-107.36025340600358,39.40438043096802],[-107.36010583033386,39.404382534493166],[-107.36000209947764,39.40441443340418],[-107.3600542515784,39.404531125569044],[-107.36017691207675,39.404581880474005],[-107.360317385949,39.40459541689129],[-107.36045579599819,39.40459631003611],[-107.36059527856062,39.404592505451596],[-107.36073525655223,39.404586519416505],[-107.3608751639067,39.40458084997021],[-107.36101461290524,39.40457811766235],[-107.36115420277277,39.404578184197284],[-107.36129339807046,39.40457481705107],[-107.36143161427732,39.40456273967795],[-107.36156941993215,39.40454572441163],[-107.3617070036112,39.404526262980376],[-107.36184448834797,39.40450628086119],[-107.3619819501632,39.40448768646689],[-107.36211952281349,39.40447237802767],[-107.36225731837958,39.40446229925955],[-107.36239792826761,39.404462316551495],[-107.36253802008626,39.404476227420936],[-107.36267072046242,39.404505793191085],[-107.36279511409629,39.40455176223278],[-107.36291517640453,39.40460805364051],[-107.3630340456484,39.40466683769591],[-107.36315286385661,39.404725136166114],[-107.3632683746539,39.40479071812433],[-107.36339077193267,39.40483841181715],[-107.3635249055441,39.40485605528835],[-107.36366291162129,39.40486319621008],[-107.3638032252177,39.40486438901463],[-107.36394446654228,39.40486382400801],[-107.36408523080296,39.404865637955474],[-107.3642241877376,39.40487411026102],[-107.36436125229342,39.404892909415096],[-107.36449727350939,39.40491760363801],[-107.3646329103603,39.40494432358356],[-107.36476817461948,39.40497891600075],[-107.36490282972612,39.405006475433986],[-107.36503636095479,39.40500593076874],[-107.36516799414063,39.40496606325415],[-107.36530142266513,39.40493052854512],[-107.36543636627638,39.40490374685654],[-107.36557187243737,39.40487849414481],[-107.36570779733098,39.40485463819559],[-107.36584403317178,39.4048320820989],[-107.36598056531821,39.40481073605923],[-107.36611734800366,39.40479027667479],[-107.36625426278509,39.40477029193062],[-107.36639120343035,39.404750387582375],[-107.36652806309542,39.40473015138019],[-107.36666472393709,39.40470918931708],[-107.3668010986616,39.404686980635674],[-107.36693723672681,39.40466361442253],[-107.36707322389556,39.404639566421416],[-107.36720917005768,39.40461533891227],[-107.36734517258805,39.404591407401476],[-107.36748131786938,39.404568265637344],[-107.36761770389286,39.40454640713119],[-107.36775444025842,39.40452632515765],[-107.36789161275053,39.404508495457186],[-107.36802941226827,39.40449272494683],[-107.36816799866192,39.404477559883894],[-107.36830716944412,39.40446319358345],[-107.36844670196632,39.404449909864304],[-107.36858636228233,39.40443800178561],[-107.36872592805338,39.40442776217131],[-107.36886516503367,39.40441947507956],[-107.36900387440389,39.40441344186647],[-107.36914181001332,39.40440993782565],[-107.3692787498375,39.40440926478795],[-107.36942354914706,39.40443355814943],[-107.36954771051025,39.40449175015895],[-107.36958162032607,39.40458126844679],[-107.36950886028508,39.404684014803976],[-107.36940681760814,39.40475468137659],[-107.36929206100235,39.40481890406316],[-107.36917009157209,39.40487589504913],[-107.36904588759396,39.40492520152457],[-107.3689190580212,39.40496933601205],[-107.36878982781842,39.40501014081009],[-107.36865919523319,39.40504897398622],[-107.36852812369096,39.40508719432176],[-107.36839762333433,39.4051261686601],[-107.36826866887385,39.40516724655238],[-107.36814227043753,39.40521179485126],[-107.36801902219305,39.40526124294006],[-107.3678978034937,39.40531713620838],[-107.3677815784499,39.405379900801776],[-107.36767417638617,39.405449792102594],[-107.36757950910017,39.405527099863136],[-107.36750395715929,39.405616433050625],[-107.36744230311066,39.40571529426613],[-107.36738365565621,39.40581618437464],[-107.36731712315644,39.40591159521581],[-107.36723195624798,39.405994105799614],[-107.36712572900936,39.406061693350956],[-107.36700720060674,39.40612062109835],[-107.36688578034013,39.406177832775406],[-107.36677092422387,39.40624028021199],[-107.36666922316405,39.40631329787505],[-107.36657157886634,39.40639192671116],[-107.36647900721266,39.406474956837805],[-107.36639482792428,39.40656233872431],[-107.36632240807702,39.406654048911875],[-107.36626262723725,39.406750339799196],[-107.36620937156917,39.4068513988859],[-107.36616272065119,39.40695580110422],[-107.36612339940183,39.40706197311506],[-107.36609207593919,39.40716837877169],[-107.36606947611081,39.40727347174258],[-107.36606841276533,39.40738146889015],[-107.36612820880438,39.40749236283863],[-107.36622308994222,39.407547640584085],[-107.36637084142095,39.40751448887965],[-107.36646725243007,39.407438488972055],[-107.36653201848735,39.407337817143485],[-107.36660183631781,39.40724058308239],[-107.36670499979931,39.40717367999568],[-107.3668219090462,39.407118668477636],[-107.36694241367326,39.40706626840241],[-107.36706597374807,39.40701631056599],[-107.36719203712495,39.40696860799653],[-107.36732006448263,39.406923009500225],[-107.36744949176712,39.40687931934297],[-107.36757979095921,39.40683737709624],[-107.36771039861485,39.406797005036765],[-107.36784078641074,39.40675803373779],[-107.36797108597376,39.40672057763928],[-107.3681034750348,39.40668584467082],[-107.36823776268724,39.40665437025735],[-107.3683735341775,39.406626595282596],[-107.368510317035,39.40660297081698],[-107.36864770842547,39.40658394651448],[-107.36878523497312,39.40656994644044],[-107.36892390280256,39.406559472584306],[-107.36906534325502,39.406549942095516],[-107.36920830043921,39.40654267788085],[-107.36935143998245,39.406539085535265],[-107.36949344982033,39.40654054317796],[-107.36963300781862,39.40654847418561],[-107.36976880223892,39.40656426569233],[-107.36989951005043,39.4065893140774],[-107.37002368745476,39.4066276218504],[-107.37014176538035,39.40668025234435],[-107.3702554011928,39.40674333386592],[-107.37036625101264,39.40681295870352],[-107.37047597154904,39.406885237145694],[-107.37058621918672,39.40695627047237],[-107.37065511194245,39.407066039609866],[-107.3708018430834,39.40734427057189],[-107.37088844126947,39.40742987620652],[-107.3709755439011,39.407515282293765],[-107.37106143152162,39.40760115454023],[-107.37114434985328,39.40768815936776],[-107.37122256751876,39.40777695372684],[-107.371294330534,39.407868213051565],[-107.37134633637517,39.40796795652827],[-107.37137188730055,39.40807902354515],[-107.37139648058417,39.40818924520028],[-107.37144615085137,39.4082861983554],[-107.3715326327507,39.4083645444252],[-107.37163408072051,39.40843523365119],[-107.37174575200731,39.408500533956186],[-107.37186387353763,39.40856219799046],[-107.37198466062914,39.40862197865498],[-107.37210435242032,39.408681646398215],[-107.37222039290916,39.408742199338185],[-107.37233925045774,39.40879951443196],[-107.37246080685101,39.408854215718605],[-107.37258294402686,39.408908229334024],[-107.37270355462037,39.408963454176806],[-107.37282052088923,39.40902182540282],[-107.37293173609216,39.40908525993316],[-107.37303516007171,39.409155583245116],[-107.37313065387437,39.40923280720453],[-107.3732201122939,39.40931527149919],[-107.37330547562715,39.40940128785356],[-107.37338871868154,39.4094891582723],[-107.3734718043539,39.40957717598816],[-107.37355667263584,39.40966364370502],[-107.37364443065482,39.409747646906176],[-107.37373286904422,39.40983115866008],[-107.37382143286642,39.40991459570904],[-107.37390982617477,39.409998135269966],[-107.37399773042146,39.410081973040505],[-107.37408484996442,39.41016629524236],[-107.37418791742401,39.41025922886814],[-107.37430449932977,39.41035990462663],[-107.37438535000275,39.41044565192904],[-107.37438044982657,39.41049359087863],[-107.37426755436118,39.41049471602944],[-107.374098364735,39.41047115211329],[-107.37393483063259,39.41044894098181],[-107.37379645357562,39.4104360090301],[-107.37365817643179,39.41042191268556],[-107.37351994759203,39.41040718454517],[-107.37338175087142,39.41039237450112],[-107.37324352365724,39.410378033393165],[-107.37310523723391,39.41036468434135],[-107.37296686410312,39.41035288647763],[-107.37282835293969,39.41034318140168],[-107.37268938029378,39.4103356207596],[-107.37254783790152,39.410327283539246],[-107.37240516576357,39.41032090617692],[-107.37226365014368,39.410320550222366],[-107.37212558979513,39.41033030400952],[-107.37199325901076,39.410354220345475],[-107.37186232025847,39.41038905432467],[-107.37172912327551,39.41042922262649],[-107.37159653162014,39.41047491909397],[-107.37146740794168,39.41052631057392],[-107.37134460359792,39.4105835731651],[-107.37123099347495,39.41064689150683],[-107.37112944056197,39.410716441481085],[-107.3710419798273,39.41079366814168],[-107.37096580060377,39.41088439472786],[-107.370900760066,39.41098577726336],[-107.37084738921953,39.411093606647064],[-107.37080624169427,39.41120365529571],[-107.37077783723299,39.411311723341726],[-107.37076273009934,39.41141360120108],[-107.3707922282628,39.41151020910626],[-107.37089500505341,39.4116001154844],[-107.3710157216891,39.41166625001619],[-107.37114677463704,39.411661775674766],[-107.37126608353317,39.411597269090564],[-107.37134995292637,39.41150932247545],[-107.37144282360975,39.4114282464247],[-107.37155426656699,39.41135441328249],[-107.37167696587872,39.41130429690882],[-107.37181157908294,39.4112955779397],[-107.37195578834367,39.41129756419745],[-107.37210167384885,39.411309939732064],[-107.37224114685168,39.411334256985064],[-107.37236611860502,39.41137206843612],[-107.37247086965175,39.411435202803354],[-107.372555490411,39.41152735207003],[-107.37261990967674,39.411630661483954],[-107.37266181944709,39.411733925677204],[-107.37266279353416,39.41185237686584],[-107.3726109922056,39.41194272416592],[-107.37248557802165,39.41198471656311],[-107.3723364615893,39.41200383156151],[-107.37219576000604,39.41201285555157],[-107.37205150004198,39.41201387070707],[-107.37190961195896,39.412016332826106],[-107.37177601494976,39.41202971598053],[-107.37166719926701,39.4120844592914],[-107.37161908796962,39.412192911472836],[-107.37159837177848,39.41229854354673],[-107.37158434890075,39.41240599409086],[-107.37157442600923,39.41251447814692],[-107.37156599937575,39.412623247004085],[-107.37155644112812,39.41273152541565],[-107.37154453290712,39.41283934724115],[-107.37153130611765,39.41294733109652],[-107.3715173395433,39.413055420130156],[-107.37150325809152,39.413163547540826],[-107.37148964085853,39.41327166548017],[-107.37147708924141,39.41337969861776],[-107.37146620525135,39.413487589629206],[-107.37145757899171,39.413595272423876],[-107.37145180117975,39.413702698917085],[-107.37144947322727,39.41380979377839],[-107.37145452540952,39.41391840481572],[-107.37148378005766,39.41403072050205],[-107.37154025692465,39.41413097618026],[-107.37163014314031,39.41420022537908],[-107.37176461918844,39.41423457320837],[-107.37190604313466,39.41426624755723],[-107.37203780940041,39.41431178572291],[-107.3721574205318,39.414369806227526],[-107.37222904629189,39.41445813961873],[-107.37228956802069,39.41455330326862],[-107.37234572458702,39.41465125871108],[-107.37239861953147,39.414751325763696],[-107.37244940282419,39.41485282329425],[-107.37249917831822,39.414955080118574],[-107.37254909629729,39.41505742410316],[-107.37260027161898,39.415159165816995],[-107.37265383166769,39.41525964259897],[-107.37270986166683,39.41535896982627],[-107.37276382337572,39.415460663606304],[-107.37281777394146,39.41556305129415],[-107.37287497090371,39.41566355284112],[-107.3729386712001,39.41575957018582],[-107.37301212047248,39.415848514498784],[-107.37310211268358,39.41592522896877],[-107.37321999561777,39.415981499780976],[-107.37335094950787,39.416028647615036],[-107.37347736654301,39.41608003214565],[-107.37358298778813,39.416148030609634],[-107.37367180874462,39.41622990377931],[-107.3737520839673,39.41631904158925],[-107.37382978788666,39.41641043909221],[-107.37391088424765,39.41649911857019],[-107.37399173250026,39.416588694964986],[-107.37407155468335,39.41667951750255],[-107.3741574629945,39.41676451288272],[-107.37425741814857,39.41683628414397],[-107.37439144069894,39.41688480057444],[-107.37453362413032,39.4169225733809],[-107.37464109641672,39.416969415488964],[-107.37459016221908,39.41707096235871],[-107.374463272077,39.41709947328875],[-107.37432089862631,39.41710093933631],[-107.37417624305832,39.41709402821008],[-107.37403734883289,39.41708644069391],[-107.37389873255643,39.41707574817207],[-107.37376023114652,39.417062963005115],[-107.37362188096952,39.41704915654552],[-107.37348355008288,39.417035574756675],[-107.37334395072729,39.41702465839066],[-107.37320475551338,39.41701195879497],[-107.37306873119961,39.41699104098727],[-107.37293848850857,39.41695532002566],[-107.37281331032253,39.41690590968613],[-107.37268959572597,39.41685307287353],[-107.37256363743933,39.41680736294296],[-107.37242795130739,39.4167772210651],[-107.37227432048809,39.41676113013884],[-107.37213712324588,39.41676691140675],[-107.3720746815315,39.4168296010677],[-107.37211133701857,39.41694909902592],[-107.37220146709292,39.41703328900141],[-107.37227192282272,39.41712642105315],[-107.37233991407386,39.417220855623405],[-107.37240877421102,39.41731487601658],[-107.37247521536811,39.41741085567621],[-107.37253972962434,39.41750823500391],[-107.3726087525172,39.41760258528838],[-107.37268870799168,39.41768947803914],[-107.37278545063731,39.41776482069663],[-107.37289626713743,39.41783046142577],[-107.37301297812479,39.41789215283081],[-107.37312731138216,39.41795564944144],[-107.37323213036738,39.41802697093228],[-107.37333158557013,39.41811273544886],[-107.3733867053855,39.418206702365495],[-107.37337294113263,39.41831931901934],[-107.37330199185472,39.41841883240965],[-107.37318714880188,39.418464952285014],[-107.37305686895083,39.418496008421464],[-107.37291759189108,39.41851932895494],[-107.37277487900866,39.4185403229941],[-107.37263429257246,39.4185644266838],[-107.3725014177267,39.41859706672002],[-107.37237864502379,39.41865564516778],[-107.37229045094033,39.41874402309823],[-107.37230553916962,39.41884196955154],[-107.37241151723875,39.41892073674431],[-107.37252558874147,39.41898093289262],[-107.37264261664852,39.4190389063878],[-107.37276174048405,39.41909531443457],[-107.37288211260278,39.41915085001602],[-107.37300289605263,39.4192061788727],[-107.37312321967265,39.419261985465205],[-107.3732422700353,39.41931894407019],[-107.37335917537303,39.41937772114914],[-107.37347452309807,39.41944125072387],[-107.37357779887613,39.41952315313323],[-107.37359236857539,39.41961397469213],[-107.37349530045907,39.41970303019358],[-107.37339156511895,39.41978114040674],[-107.37328105080799,39.41985904655577],[-107.37316828654373,39.419936376891926],[-107.3730577665446,39.42001276039361],[-107.37295399696472,39.420087834821665],[-107.37286146076478,39.42016123842532],[-107.37278468705001,39.42023259951442],[-107.37280702205183,39.42029794685481],[-107.37297954648339,39.42031742622465],[-107.37311249884443,39.420294856317014],[-107.37324562031564,39.420262895224866],[-107.37337910513762,39.42022658413202],[-107.37351315827937,39.42019093697443],[-107.37364798505294,39.42016097668903],[-107.37378448878114,39.4201414146568],[-107.37392938902025,39.42013173528407],[-107.37407522895798,39.420132973704256],[-107.37421033402812,39.420147494485505],[-107.37431396594157,39.4202056136785],[-107.37430986616329,39.420316150115006],[-107.37424072737352,39.42041152790148],[-107.37414604222755,39.420498246942],[-107.37403361008991,39.420559697131324],[-107.37391049739009,39.420605238834106],[-107.37378028673159,39.42064323147545],[-107.37364597108898,39.420676983365695],[-107.37351056602488,39.42070978434889],[-107.3733770766981,39.420744960532325],[-107.37324305939845,39.42078306631956],[-107.37310075840288,39.42081975541533],[-107.37297168134889,39.42086276916753],[-107.37288551220377,39.420925637220265],[-107.37292117025872,39.42104198393851],[-107.37301316494276,39.421119315156886],[-107.37313256180924,39.42118125785],[-107.37325711814465,39.42123127503773],[-107.37338553904709,39.421272969787715],[-107.3735165788229,39.421311052298755],[-107.37364699284656,39.42135020151119],[-107.3737734900903,39.421395097326844],[-107.37389717452719,39.42144541090458],[-107.3740210937555,39.42149716102496],[-107.37414267975859,39.421552030790394],[-107.3742592725791,39.42161173221913],[-107.374368259609,39.421678003400004],[-107.37446814470611,39.4217519379946],[-107.37456176043399,39.42183177543705],[-107.37465097529962,39.42191575682319],[-107.37473750874021,39.4220021803425],[-107.37482305697593,39.422089344653315],[-107.3749093510496,39.42217554769776],[-107.37499809878781,39.42225908788705],[-107.37509100801556,39.4223382636272],[-107.37519012286535,39.42241101508957],[-107.37531040530165,39.42246094616782],[-107.37544688665855,39.42249327553477],[-107.37558249452587,39.42252655954335],[-107.37575433328901,39.422694592234315],[-107.37585068955549,39.422771246410285],[-107.37596539914911,39.42282875028596],[-107.37609442814053,39.42287111425618],[-107.37622648773616,39.42291070437514],[-107.37635020978779,39.42295994242253],[-107.37646675249128,39.423021120111486],[-107.37657767754692,39.42308994419411],[-107.37667379216686,39.42316799002266],[-107.37674640300935,39.423257516473264],[-107.37679849998725,39.423358318319316],[-107.3768431331052,39.423463371908426],[-107.37689367680953,39.42356528656299],[-107.37696331101534,39.423656756640824],[-107.37705379402387,39.423736881276184],[-107.377156790019,39.423810236350754],[-107.37726508971876,39.42388070805486],[-107.37737150766317,39.42395220013511],[-107.37747365479603,39.42402585156245],[-107.377576174804,39.424099188959396],[-107.37767563460622,39.4241747600607],[-107.37776577778581,39.42425782806434],[-107.37785135453056,39.42434426873321],[-107.37795066726807,39.424417545255885],[-107.37808040677162,39.4244622348236],[-107.37819824849842,39.424516744382565],[-107.37828328213574,39.4246005110945],[-107.37835589725246,39.42469483829198],[-107.37842824580495,39.42478815285647],[-107.3784965523328,39.42488386542515],[-107.37856264321667,39.42498102871233],[-107.3786315597947,39.425075881851306],[-107.3787083308885,39.42516463719192],[-107.37879901533942,39.425242711205],[-107.37891287715964,39.42530276100999],[-107.37903957402904,39.42535287219833],[-107.37916477250351,39.425404347268206],[-107.37928607809698,39.425459190219904],[-107.37940924781707,39.42551282369764],[-107.37952722153744,39.425570446346555],[-107.3796325362565,39.425637706535596],[-107.37971124211529,39.42572727745829],[-107.37976762057012,39.425828089340136],[-107.37980574476398,39.42593285149494],[-107.3798339463891,39.42604130330096],[-107.3798678148842,39.42614696336979],[-107.37992289363744,39.42624336024466],[-107.38000283095657,39.42632880656641],[-107.38009677069255,39.4264078939847],[-107.38019859671867,39.426483522508455],[-107.3803022041982,39.42655858292495],[-107.38040151180964,39.42663597457043],[-107.38049180158954,39.426718379693156],[-107.38057623613999,39.426804859665374],[-107.38065988523837,39.42689180611571],[-107.38074776947467,39.42697553058254],[-107.3808447759635,39.42705251849676],[-107.38095175864812,39.42712362623732],[-107.38106521964794,39.427191204737184],[-107.38118153361157,39.42725693186397],[-107.38129709901561,39.4273225030296],[-107.38140830242007,39.42738960489511],[-107.38151155329302,39.42745991465658],[-107.3816032268847,39.42753512824093],[-107.38167555086493,39.42761999957857],[-107.38170723400401,39.42772687501363],[-107.38170619624218,39.427843060568776],[-107.38168477115032,39.42795242941335],[-107.38163180936239,39.42804790349946],[-107.38154736127511,39.42813744586302],[-107.3814627730559,39.42822697301829],[-107.38138135540413,39.42835127364509],[-107.38131560419444,39.42844849607413],[-107.38126377332334,39.42854820816903],[-107.3812376793854,39.42865251931137],[-107.38122235100666,39.42875878115604],[-107.38121161736898,39.42886590385992],[-107.38120462430042,39.42897370671748],[-107.38120051823724,39.42908202702849],[-107.38119847982392,39.42919068337337],[-107.38119764418424,39.42929952229227],[-107.38119719195227,39.42940836236568],[-107.38119625762783,39.429517032128224],[-107.38119399922994,39.42962536864198],[-107.38119230384892,39.429733522448075],[-107.38119441565767,39.42984192260346],[-107.38119807485586,39.42995039016407],[-107.38120095197478,39.430058747613096],[-107.38120071722456,39.43016680843143],[-107.38119502919187,39.43027438633802],[-107.3811816546104,39.43038140094592],[-107.38116035766721,39.430488433669694],[-107.38113185345144,39.43059499237301],[-107.38109673176761,39.4307003172097],[-107.38105561847964,39.43080368363117],[-107.38100418247203,39.430903108226005],[-107.38092531391449,39.43099422959435],[-107.38084685664862,39.43108515329439],[-107.38079975473268,39.43118495751724],[-107.3807623885982,39.431289895775464],[-107.3807258324904,39.43139679044168],[-107.38069332440467,39.43150486348435],[-107.38066813810575,39.43161336317007],[-107.38065351285856,39.431721547482766],[-107.38065272185663,39.4318286466831],[-107.38066873800153,39.431933942222656],[-107.38069424722791,39.43203825956014],[-107.38072413753463,39.43214227095223],[-107.38075791034876,39.43224600462385],[-107.38079503318575,39.43234951652209],[-107.38083499647037,39.43245285311603],[-107.38087730162063,39.43255604263185],[-107.38092141614315,39.432659141018256],[-107.38096683045387,39.43276219474636],[-107.3810130343527,39.43286523228237],[-107.38105950725368,39.432968318342574],[-107.38110573895091,39.43307148139495],[-107.38115121984897,39.433174767914075],[-107.3811954171304,39.433278224851],[-107.3812378324969,39.43338188944148],[-107.38127795634436,39.4334858081625],[-107.38131525615317,39.43359003697039],[-107.38134923330946,39.433694604099806],[-107.38137747241784,39.4337998833615],[-107.38139360994226,39.4339069871124],[-107.38140059250404,39.434015449585544],[-107.38140233827774,39.434124676998636],[-107.38140271840926,39.43423405851282],[-107.38140563859089,39.43434297357186],[-107.38141500515233,39.43445081962406],[-107.38143470092,39.43455698558779],[-107.38146703686087,39.43466109978701],[-107.38150513676818,39.43476423101736],[-107.381547163594,39.434866678172305],[-107.38159248218531,39.434968553360136],[-107.38164046899547,39.43506996845214],[-107.38169050047439,39.435171035320494],[-107.38174196529218,39.435271883606276],[-107.38179422797572,39.43537261641882],[-107.38184667688196,39.4354733543986],[-107.38189868844815,39.43557420942239],[-107.38194962780507,39.43567530260884],[-107.3819988942967,39.43577673635838],[-107.38204584174417,39.435878641032744],[-107.38208959391217,39.43598121477271],[-107.38212805007998,39.43608520334264],[-107.38216255786621,39.43619026381279],[-107.38219509578036,39.43629581509414],[-107.38222768939639,39.43640129314904],[-107.38226232916196,39.436506125648194],[-107.38230101683848,39.436609731018706],[-107.38234576611426,39.436711536449415],[-107.38239898052292,39.43681081698931],[-107.38246119810088,39.43690733637095],[-107.38252941838127,39.43700202996187],[-107.38260055961237,39.43709583480117],[-107.38267150550612,39.437189697652315],[-107.38273917489973,39.43728457357556],[-107.38280045209385,39.43738142735522],[-107.38285232371919,39.43748115861992],[-107.38289802092899,39.43758278221649],[-107.38294085493523,39.43768527530738],[-107.38298127392588,39.43778849357117],[-107.3830197037911,39.43789232017029],[-107.38305660464037,39.437996619546574],[-107.38309240175438,39.438101256855205],[-107.38312755555404,39.43820610553958],[-107.38316250293491,39.43831103051561],[-107.38319766949145,39.43841590593947],[-107.38323352726204,39.43852060501473],[-107.38327050153879,39.43862499289351],[-107.38330902922641,39.43872893448923],[-107.38334957045284,39.438832294238594],[-107.38339713502211,39.43893411355683],[-107.38345475872283,39.439033807661595],[-107.38351519161886,39.439132741422476],[-107.38357110277123,39.439232290393306],[-107.38361513829022,39.4393338396218],[-107.38364144594735,39.43943851814467],[-107.38366042000523,39.43954483354359],[-107.38367582308244,39.43965205100212],[-107.38368785770726,39.43975997717665],[-107.38369674962993,39.43986841824706],[-107.38370271237721,39.43997716262515],[-107.38370596009085,39.44008601672829],[-107.38370671852464,39.44019478673537],[-107.38370520120876,39.44030326105751],[-107.38370161098511,39.440411255352316],[-107.38369519892106,39.440518613802766],[-107.38367932486203,39.440625508601705],[-107.38365487364204,39.44073199367567],[-107.38362443597046,39.44083806094405],[-107.38359062579441,39.440943701851054],[-107.38355606807383,39.44104888959925],[-107.3835193132887,39.441153707963466],[-107.38347239850609,39.44125838327259],[-107.38341889007168,39.44136289644944],[-107.38336304031881,39.44146724138461],[-107.38330913613251,39.44157140225864],[-107.38326145311977,39.441675372499994],[-107.38322424307745,39.44177912801311],[-107.3832017932746,39.44188266199645],[-107.38319837908739,39.44198595888152],[-107.38321455854397,39.442089025247235],[-107.38323768269184,39.44219198526947],[-107.38326581159217,39.44229485168835],[-107.38329849274152,39.442397642786375],[-107.38333526110158,39.44250035007558],[-107.38337565285943,39.442603001079604],[-107.38341920327831,39.44270559631387],[-107.38346543600771,39.442808136532385],[-107.38351391014177,39.442910639781296],[-107.38356413802049,39.44301311605685],[-107.38361566620043,39.443115556636116],[-107.38366803115967,39.443217998049434],[-107.38372076753133,39.443320422810906],[-107.38377341117399,39.443422849446904],[-107.38382549763664,39.44352528748192],[-107.38387656246557,39.44362774644133],[-107.38392614089726,39.44373022684855],[-107.38397376877982,39.44383274723351],[-107.38401898134444,39.443935308121226],[-107.38466701577475,39.446004039418085],[-107.38470497783582,39.44614943406026],[-107.38473874467208,39.44625429250718],[-107.38476827284894,39.446359904575516],[-107.38478451907616,39.4464672035543],[-107.38477565826807,39.44657494553596],[-107.38473426973158,39.446678156546895],[-107.38467043407702,39.44677429638776],[-107.38459524580402,39.446865335664825],[-107.38451635463227,39.44695445082144],[-107.38444006487192,39.447044890963376],[-107.3843733845692,39.44713975564021],[-107.38432512268564,39.44724111647002],[-107.38429799432306,39.4473471519921],[-107.38428527141971,39.44745479296484],[-107.38428109099786,39.44756282629529],[-107.38427999142495,39.44767090454204],[-107.38427679863068,39.447778935630105],[-107.38426675377929,39.44788673788479],[-107.38425248053787,39.447994239472465],[-107.38423827754727,39.44810175763451],[-107.38422370139995,39.44820923840163],[-107.38420848409518,39.4483166602431],[-107.38419236954994,39.44842401039282],[-107.38417511267735,39.448531257840656],[-107.38415646777464,39.44863835357075],[-107.38413613199847,39.448745276766395],[-107.38411282001786,39.44885181955104],[-107.38408254657391,39.448957315900316],[-107.38404751340397,39.44906192786327],[-107.3840105839079,39.44916613725891],[-107.38397450875881,39.44927052732195],[-107.38394206002688,39.44937562679654],[-107.38391624935537,39.44948183338827],[-107.38390036704028,39.44958919674233],[-107.383897383356,39.44969724152685],[-107.38390443639184,39.44980518858461],[-107.38391823861669,39.449912726951254],[-107.38393746226063,39.4500197667358],[-107.38396071355739,39.45012632751061],[-107.38398671762045,39.45023250749293],[-107.38401422462373,39.45033845844171],[-107.38404203210503,39.450444358173215],[-107.38406894951488,39.450550393269594],[-107.38409377437733,39.450656741549686],[-107.38411524430384,39.45076352800728],[-107.38413205960309,39.450870806328865],[-107.38414286005533,39.45097855936965],[-107.38414630282017,39.45108659845451],[-107.38414218000493,39.45119462153755],[-107.38413182025957,39.45130240316611],[-107.38411664913669,39.45140983301811],[-107.38409805035585,39.451516936766446],[-107.3840773636525,39.451623813059754],[-107.38405588354868,39.45173059751114],[-107.38403490518866,39.451837443740125],[-107.38401571149748,39.45194448759937],[-107.38399961932446,39.45205183721906],[-107.3839879779074,39.452159527992485],[-107.3839816566846,39.45226749704352],[-107.38397788263337,39.4523755309711],[-107.38397585264242,39.45248359219174],[-107.38397554287978,39.452591663175916],[-107.38397691820792,39.452699735635065],[-107.38397993126175,39.45280778351303],[-107.38398452367753,39.45291579899755],[-107.38399068323528,39.45302376432064],[-107.38399836318357,39.45313167143173],[-107.38400751677064,39.453239512280156],[-107.38401812047026,39.453347278338896],[-107.38403041693134,39.453454928594226],[-107.38404600505936,39.45356232214244],[-107.38406460492949,39.45366942868679],[-107.38408552039168,39.45377628052226],[-107.38410809074509,39.453882927235405],[-107.38413164459358,39.45398944565995],[-107.38415554568351,39.45409592091861],[-107.38417912291825,39.45420243884923],[-107.38420173972929,39.454309075572844],[-107.38422271339921,39.45441591716686],[-107.38424137189791,39.45452302246236],[-107.38425701873591,39.45463041475605],[-107.38426893327131,39.454738090812874],[-107.38427556909541,39.45484602829942],[-107.38426765390155,39.454953930917874],[-107.38424716535988,39.455060839168326],[-107.38422005674444,39.45516684715252],[-107.38419175643931,39.45527267236273],[-107.38416753242677,39.45537909864982],[-107.38415290845649,39.45548657128429],[-107.38414819284421,39.45559458844286],[-107.38414883648174,39.455702657839986],[-107.3841533715085,39.455810674445885],[-107.38416027475365,39.45591861544724],[-107.38416808325455,39.45602651986001],[-107.38417531173462,39.45613445418574],[-107.38418082208037,39.45624244176888],[-107.38418662278644,39.456350423394184],[-107.38419599768409,39.45645825062265],[-107.3842122819315,39.45656557576002],[-107.38423813890671,39.456671776596394],[-107.38427164536215,39.45677668536523],[-107.38430973328383,39.45688064427605],[-107.3843495629792,39.45698421608641],[-107.38438833173207,39.457088025863165],[-107.38442346631601,39.45719261288705],[-107.38445636119921,39.45729763323565],[-107.38448826295419,39.45740283611009],[-107.38451959882067,39.45750814067357],[-107.3845508079617,39.45761347485319],[-107.38458235215532,39.45771874809348],[-107.38461465864864,39.45782387955591],[-107.384648177611,39.45792877892209],[-107.38468333598692,39.458033356349496],[-107.38472054880215,39.458137513230476],[-107.38475979160806,39.45824121402802],[-107.38480068331175,39.4583445296229],[-107.38484282020526,39.45844754937856],[-107.38488583311262,39.45855035294136],[-107.3849293644695,39.45865301971995],[-107.38497302279063,39.45875565684691],[-107.38501643920158,39.45885835297327],[-107.38505925674716,39.45896120551507],[-107.38510107170768,39.459064303839405],[-107.38514153812315,39.459167727119606],[-107.38518024004102,39.459271546956586],[-107.38521679665551,39.45937584323966],[-107.3852508023937,39.45948065132114],[-107.38528186329407,39.459586006315334],[-107.3853097580645,39.459691894747834],[-107.3853347504303,39.45979821210837],[-107.38535717472436,39.45990487946472],[-107.38537734205345,39.46001181836085],[-107.38539556414082,39.46011896834586],[-107.38541218755381,39.46022626825352],[-107.38542752494195,39.460333684640766],[-107.38544188895666,39.46044118406424],[-107.38545561547939,39.46054873260366],[-107.38546899424477,39.46065630629473],[-107.38548237305967,39.460763879981194],[-107.38549548541401,39.460871477150974],[-107.38550350566197,39.46097936801704],[-107.38550694019109,39.46108740705086],[-107.38550788868808,39.461195479086896],[-107.38550840716334,39.461303550937714],[-107.38551058740518,39.46141161570872],[-107.3855373401193,39.46155923073266],[-107.38555674393983,39.461666248299004],[-107.3855761365212,39.4617732750997],[-107.38559552886264,39.46188029289073],[-107.3856149215792,39.46198731967774],[-107.38563432567015,39.4620943372167],[-107.38565371852191,39.462201363990005],[-107.38567311113373,39.462308381753665],[-107.38569250412064,39.46241540851327],[-107.38571189686765,39.462522426263234],[-107.38573130160418,39.46262945277077],[-107.3857507061008,39.462736470268645],[-107.38577011066506,39.46284348775964],[-107.38578951560447,39.462950514246636],[-107.38580892030399,39.46305753172393],[-107.38582833668562,39.463164548956],[-107.38584776505702,39.463271574945594],[-107.38586718157399,39.46337859216395],[-107.3858841521725,39.46348613706814],[-107.38589806495985,39.463594330329286],[-107.38591114708396,39.46370270280228],[-107.3859255795551,39.46381079529697],[-107.38594355439585,39.463918130377685],[-107.3859672871783,39.4640242391328],[-107.3859989705649,39.46412866212748],[-107.38603972260005,39.46423112414763],[-107.38608717645525,39.46433208819178],[-107.38613982139421,39.46443190058543],[-107.38619618120919,39.46453089793801],[-107.3862548380664,39.46462942467217],[-107.3863143276663,39.46472782616713],[-107.38637321993139,39.46482642908432],[-107.38643006247095,39.46492558757357],[-107.38648341388671,39.46502563754363],[-107.3865318211584,39.4651269151443],[-107.38657560856034,39.465229386696095],[-107.38661657537865,39.46533264588444],[-107.3866552628865,39.46543654646107],[-107.38669221205213,39.465540933173926],[-107.38672797576896,39.46564565953443],[-107.38676308278046,39.4657505525218],[-107.3867980859858,39.465855465645866],[-107.3868335382871,39.465960252415734],[-107.38686995712902,39.46606474904973],[-107.38690791834165,39.46616879957557],[-107.38694795160565,39.46627225797704],[-107.38699059760388,39.46637495999287],[-107.3870364092523,39.466476759127836],[-107.38708582393427,39.46657752927662],[-107.38713735655105,39.46667768832818],[-107.38719020143992,39.46677746904581],[-107.38724426629999,39.46687689134174],[-107.38729943621546,39.46697599361105],[-107.387355595962,39.46707480524626],[-107.38741265385293,39.46717336416568],[-107.38747048273999,39.46727169099799],[-107.38752899124333,39.46736983266468],[-107.38758805221363,39.46746780979497],[-107.38764757365438,39.46756565130516],[-107.38770744095402,39.467663404594646],[-107.38776753826897,39.4677610810519],[-107.38782777421717,39.46785872759952],[-107.38788802195455,39.467956373870635],[-107.38794817755917,39.46805404001862],[-107.38800813803232,39.46815177320539],[-107.38806778783584,39.46824959382342],[-107.38812702366214,39.468347540032326],[-107.38818573028,39.468445641227795],[-107.38824380407299,39.46854392656714],[-107.38830085535035,39.468642557213904],[-107.38835596626969,39.468741885367685],[-107.38841010174241,39.468841575883744],[-107.38846443206664,39.468941181285366],[-107.38852011593006,39.46904025433222],[-107.38857832425666,39.46913836554845],[-107.3886403994357,39.46923500084982],[-107.3887072131694,39.469329817986505],[-107.38877690654886,39.46942352183056],[-107.38884736881225,39.46951693054393],[-107.38891650080573,39.469610862055106],[-107.3889822036759,39.469706143300456],[-107.38904390402698,39.469803002290845],[-107.38910497524624,39.46990015346016],[-107.38916561233285,39.469997520728015],[-107.38922573397622,39.4700951057666],[-107.38928527078902,39.470192919012284],[-107.38934416499922,39.47029097066273],[-107.38940232367935,39.470389262629375],[-107.38945968936476,39.47048781411296],[-107.3895161807428,39.470586626786414],[-107.38957174004005,39.47068571084798],[-107.38962629786694,39.470785076734806],[-107.38967836965324,39.47088516038228],[-107.38972447124686,39.47098706947993],[-107.38976678836424,39.471090137464635],[-107.38980787535641,39.471193600098474],[-107.38985033212606,39.47129666517568],[-107.38989673566529,39.47139854996684],[-107.38995134697036,39.4714984281002],[-107.39001261395352,39.47159679995447],[-107.39007481152319,39.47169484632673],[-107.3901322494081,39.471793747310045],[-107.39017922600162,39.47189469225094],[-107.39021050060565,39.471998752914956],[-107.39023158983004,39.47210477080564],[-107.39024687996167,39.47221184490127],[-107.39025770034155,39.47231975867389],[-107.39026536746925,39.47242825982186],[-107.3902711871608,39.47253712328999],[-107.39027648847225,39.47264612354456],[-107.39028258792692,39.47275500828204],[-107.39029079105656,39.4728635434427],[-107.39030242724952,39.472971512493885],[-107.39031880174508,39.47307867237154],[-107.39034124302206,39.47318477953229],[-107.39037095302172,39.47328962906975],[-107.39040562056239,39.47339361986838],[-107.3904435696403,39.473497029641145],[-107.39048440747568,39.473599929527204],[-107.39052775351938,39.47370240843271],[-107.3905732259869,39.47380451925321],[-107.3906204088595,39.4739063336071],[-107.39066893288964,39.474007931160436],[-107.39071839367065,39.47410938329395],[-107.39076839810171,39.474210752147435],[-107.39081857692928,39.474312117388905],[-107.39086851412424,39.4744135506403],[-107.39091782788768,39.47451510480179],[-107.3909661379605,39.47461687778811],[-107.39101305092342,39.4747189227398],[-107.39105815104733,39.474821320284356],[-107.39110108006629,39.47492413184936],[-107.39114143355496,39.47502742882173],[-107.39117809272481,39.47513146845921],[-107.39121025057553,39.4752364475512],[-107.39123881862332,39.47534216716518],[-107.39126472093093,39.47544845513652],[-107.39128891518216,39.47555510257123],[-107.39131232452496,39.475661910294114],[-107.39133589596251,39.47576869665655],[-107.39136056457839,39.47587527124514],[-107.39138727646137,39.4759814254011],[-107.39141695508896,39.47608696894806],[-107.39145047840259,39.47619173967277],[-107.39148530720712,39.47629660964935],[-107.39151996753017,39.47640198758937],[-107.391554995177,39.47650756516701],[-107.39159096173088,39.47661306034681],[-107.3916284039276,39.476718191809674],[-107.3916678465803,39.476822669472064],[-107.39170984935464,39.476926202532354],[-107.39175496030174,39.477028500427004],[-107.39180371585805,39.47712927283041],[-107.39185666438705,39.47722823817937],[-107.39191434232832,39.477325106145614],[-107.39198007445853,39.477418519991915],[-107.392056180251,39.477507639163946],[-107.39214020704429,39.47759348710687],[-107.39222972663548,39.47767712280388],[-107.39232229858062,39.47775958747844],[-107.39241549404676,39.47784192212235],[-107.39250684934478,39.47792516845271],[-107.39259393624779,39.478010385482435],[-107.39267509312991,39.478098274103296],[-107.39275387339741,39.47818736475913],[-107.3928313190664,39.47827719455505],[-107.39290770369504,39.47836760470657],[-107.39298330115066,39.47845844543129],[-107.39305839691833,39.47854956670674],[-107.39313326455806,39.47864080974628],[-107.39320816663096,39.47873203400715],[-107.39328339993259,39.478823080222774],[-107.39335921509968,39.478913799085475],[-107.39341653097107,39.47901525933268],[-107.39348842869921,39.4791093651185],[-107.39356340164947,39.4792029660754],[-107.39364000448366,39.47929629016582],[-107.39371674600599,39.479389584318575],[-107.39379214632244,39.47948308622469],[-107.39386474907542,39.47957704210322],[-107.39393307404875,39.479671680650114],[-107.39399564163672,39.47976724857008],[-107.3940509722262,39.4798639925705],[-107.39409760912181,39.47996214987925],[-107.39413259186234,39.48006217789411],[-107.39414579030688,39.480165645686455],[-107.3941401990328,39.48027207715633],[-107.39412150896203,39.48038063433902],[-107.39409538688801,39.48049045273705],[-107.39406753449175,39.48060066713657],[-107.3940436305655,39.48071042180905],[-107.39402915675154,39.48081887410026],[-107.3940179888003,39.48092677179807],[-107.39400509291632,39.481034795179],[-107.39399100256692,39.48114290622617],[-107.39397625184047,39.48125108492823],[-107.39396137390214,39.48135928426584],[-107.39394690284693,39.48146748422803],[-107.39393336053804,39.48157564703777],[-107.39392130369446,39.48168373420026],[-107.3939112431862,39.481791726183516],[-107.39390372412139,39.481899584732155],[-107.39389928030279,39.48200728083269],[-107.39389844522759,39.48211477646868],[-107.3939017523962,39.48222203362333],[-107.39390972431217,39.482329032524056],[-107.39392702026191,39.4824373889197],[-107.39395615592713,39.48254824919312],[-107.39399485468286,39.482660993559875],[-107.39404082858086,39.48277501147831],[-107.39409180096625,39.48288968316719],[-107.39414549485876,39.48300437984618],[-107.3941996109525,39.48311850022623],[-107.39425187223354,39.483231415536174],[-107.39430000228921,39.483342515014954],[-107.39434170114664,39.483451179381376],[-107.39437470398055,39.48355679764188],[-107.39439672209919,39.48365874127752],[-107.39440546772612,39.483756408776884],[-107.3943986518404,39.483849162614575],[-107.39437399826811,39.483936401030725],[-107.39432939286505,39.48401750089959],[-107.39426703525405,39.48409219165468],[-107.39418958397603,39.48416104012491],[-107.3940985853544,39.48422472614283],[-107.39399560926613,39.484283938064465],[-107.3938822249771,39.48433934624166],[-107.39376000268439,39.48439164803741],[-107.39363048842563,39.48444151428921],[-107.39349525209354,39.48448963336674],[-107.39335586358143,39.484536693645985],[-107.39321389247348,39.48458337450708],[-107.39307088511731,39.48463035581617],[-107.39292842271355,39.48467831672916],[-107.39278806384353,39.48472795489371],[-107.39265136616203,39.48477994095667],[-107.3925198995597,39.484834963338265],[-107.39239523361988,39.48489370146238],[-107.39227891469258,39.48495683523689],[-107.39217058775633,39.485024182803805],[-107.39206392274345,39.48509287445346],[-107.39195824476776,39.48516255470857],[-107.39185348226769,39.48523317099023],[-107.39174958691808,39.485304670240915],[-107.39164649815862,39.485376981636506],[-107.39154415635484,39.48545006136098],[-107.39144251287347,39.485523847353456],[-107.39134150746317,39.48559827779191],[-107.39124109149093,39.48567329061508],[-107.391141193396,39.48574883324233],[-107.39104175292732,39.48582484385107],[-107.39094273307047,39.485901260140366],[-107.39084407419153,39.48597803829267],[-107.39074570411303,39.48605510772104],[-107.3906475742025,39.48613240636302],[-107.39054963644446,39.48620989016148],[-107.39045181866167,39.486287488528866],[-107.39035408414851,39.4863651481659],[-107.39025634972633,39.48644281672913],[-107.39015857807296,39.48652042291342],[-107.39006070924637,39.48659791389696],[-107.38996268299631,39.48667522785497],[-107.38986443938082,39.48675231196514],[-107.38976592976812,39.48682910416345],[-107.38966709421638,39.486905551627245],[-107.38956787247552,39.486981592530945],[-107.38946666223849,39.48705661116469],[-107.38935964033298,39.48712930773858],[-107.38924910811367,39.4872006799765],[-107.38913786169798,39.48727191363892],[-107.38902869659167,39.48734417649116],[-107.38892438537682,39.48741864578927],[-107.38882771226034,39.48749649855973],[-107.3887414843863,39.4875789023564],[-107.38866846274438,39.48766703469671],[-107.38861032217117,39.487761590916726],[-107.38855991120352,39.487859483763565],[-107.38851488170606,39.487959707445235],[-107.38847457257681,39.488061969246274],[-107.3884383114009,39.48816598569128],[-107.38840544930602,39.488271481828804],[-107.38837531356312,39.48837816517848],[-107.38834723174789,39.488485752261944],[-107.3883205317406,39.488593968602856],[-107.38829457534945,39.48870251199977],[-107.3882686791367,39.48881111721687],[-107.38824218197362,39.48891949153202],[-107.38821442303595,39.48902735122543],[-107.38818471825803,39.48913441305427],[-107.3881524300458,39.48924039282001],[-107.38811687432657,39.489345007278395],[-107.38807738995384,39.48944796370397],[-107.38803331639456,39.48954898737563],[-107.38798399280493,39.489647794568086],[-107.38792629764579,39.48974558456241],[-107.38785695914581,39.4898432444011],[-107.38777705728188,39.489938697801534],[-107.38768769466873,39.49002984999766],[-107.3875900204161,39.490114605268964],[-107.38748513717893,39.49019086885113],[-107.38737415925345,39.49025654574295],[-107.38725821226978,39.4903095317044],[-107.38713656560984,39.4903478417111],[-107.38700519316623,39.490372062951934],[-107.38686584408426,39.490385060393336],[-107.38672067631943,39.49038975367557],[-107.38657187197154,39.49038908898021],[-107.3864215770295,39.49038597720486],[-107.38627195030863,39.49038336503139],[-107.38612516129479,39.49038417190655],[-107.38598336813924,39.49039132653005],[-107.38584874089997,39.49040776637641],[-107.38572342607392,39.490436420403846],[-107.38560979706858,39.4904803931016],[-107.38551255980882,39.49054469605599],[-107.38543000570871,39.49062696796253],[-107.38535815963404,39.49072248860277],[-107.38529299967823,39.4908265296957],[-107.38523056110614,39.49093433474885],[-107.38516682261879,39.4910411934675],[-107.38509780815372,39.49114235858356],[-107.38501950740215,39.491233101540345],[-107.38492794491795,39.49130869305321],[-107.38482063814199,39.49136623806576],[-107.38470239050474,39.49141155693548],[-107.38457551332351,39.49144729591879],[-107.38444173741767,39.49147544651826],[-107.38430279360016,39.491498000243126],[-107.3841604356048,39.49151693913072],[-107.38401640584166,39.49153425446809],[-107.3838724467071,39.49155193755115],[-107.38373028896426,39.49157197992325],[-107.38359168660126,39.491596372659785],[-107.38345725647763,39.49162581483998],[-107.38332345295494,39.49165624402349],[-107.3831897915748,39.491687093565936],[-107.38305625948567,39.49171832769497],[-107.38292286738232,39.49174991916457],[-107.3827895907944,39.49178183244052],[-107.38265642756798,39.49181400450376],[-107.38252334253633,39.49184642706666],[-107.38239034516545,39.49187903687176],[-107.38225742322022,39.49191181615199],[-107.38212455192412,39.49194472037009],[-107.38199171781288,39.49197769574762],[-107.38185573718583,39.49201080753908],[-107.3816842691402,39.49204493477983],[-107.38148867063923,39.49207998871833],[-107.38129398597704,39.49211559117569],[-107.3811252585887,39.49215133712587],[-107.3810075552102,39.49218682119888],[-107.38096591970182,39.49222164755311],[-107.38101679515887,39.49225552441039],[-107.38477350119983,39.49310473408295],[-107.38885397734265,39.49414027549874],[-107.40518970413716,39.49781056017022],[-107.41529112873206,39.49997404768994],[-107.43776639889654,39.504944503462056],[-107.43785976161153,39.50496514827592],[-107.43804084095366,39.50518521369048],[-107.43813608037696,39.50542947640778],[-107.43849276833792,39.50571301823395],[-107.4387316092516,39.50593187930177],[-107.43877457195794,39.50633395019838],[-107.43855137681831,39.506562499240935],[-107.43845748267367,39.506680361535544],[-107.43839651571264,39.506777037287364],[-107.43837914562148,39.506881266577],[-107.43837888488373,39.506988208886035],[-107.43838732743897,39.50709659917955],[-107.43839892451813,39.50720573408085],[-107.43840813767942,39.50731487396229],[-107.43840940646231,39.507423315696215],[-107.43839980345727,39.507530823420076],[-107.43838314208288,39.50763802881605],[-107.43836259090536,39.50774508160367],[-107.43834127202439,39.50785213247914],[-107.4383222849455,39.507959350632625],[-107.43830800708402,39.50806687536412],[-107.43829412277273,39.508174680122075],[-107.43827996580589,39.508282670778726],[-107.43826625388725,39.508390751192245],[-107.43825368148177,39.5084988257087],[-107.438243001167,39.50860679745497],[-107.43823489579529,39.508714571021194],[-107.43823010633145,39.50882204977818],[-107.43822939982168,39.508929217630104],[-107.43824416097195,39.50904135819006],[-107.43828977130512,39.50914601355097],[-107.43837639825776,39.50922263699691],[-107.43849861301031,39.5092759549771],[-107.43863091801555,39.509324142140485],[-107.43874670415134,39.509385180353654],[-107.43883499703715,39.509466182888836],[-107.438917157723,39.50955207983085],[-107.4389950647176,39.50964138131213],[-107.43906970013902,39.50973323789715],[-107.43914205678252,39.50982677289634],[-107.4392131167674,39.509921136868684],[-107.43928386158417,39.51001546236591],[-107.43935529628361,39.510108890451654],[-107.43942663155569,39.51020179805606],[-107.43949529348983,39.5102960770549],[-107.4395621615311,39.510391267547284],[-107.43962829761257,39.510486806699596],[-107.43969469519911,39.510582169149295],[-107.43976239330155,39.5106768015483],[-107.43983241994194,39.51077016879476],[-107.43990579120812,39.5108617270258],[-107.43998354580424,39.5109509138829],[-107.44006769329236,39.51103666013006],[-107.44015774149757,39.51111919230561],[-107.44025170474575,39.51119959714245],[-107.4403475737998,39.51127895286527],[-107.44044336266377,39.511358337217104],[-107.44053705078805,39.51143883768218],[-107.44062666379318,39.51152153177244],[-107.44071018049225,39.51160748897979],[-107.4407911308477,39.51169654507393],[-107.4408763981138,39.511786978885965],[-107.44096264423436,39.51187878846145],[-107.44104632319826,39.5119720122607],[-107.44112388929128,39.512066697757156],[-107.44119180840211,39.51216289218949],[-107.44124653446194,39.51226063404506],[-107.44128453331824,39.512359970573016],[-107.44130247936606,39.512460926621166],[-107.44130383185468,39.512563312398996],[-107.44129264278708,39.51266692565287],[-107.44127106943954,39.51277159492697],[-107.44124132752717,39.5128771565448],[-107.44120557498164,39.51298345705304],[-107.44116601560654,39.513090324017945],[-107.4411248309202,39.513197612503205],[-107.441084201509,39.513305150568065],[-107.44104630828856,39.51341277527662],[-107.44101335574842,39.5135203322093],[-107.44098750158719,39.51362765892251],[-107.44097096162908,39.513734591752176],[-107.44096535053691,39.513841403085515],[-107.44096948700637,39.51394856819083],[-107.4409812981777,39.514056013498134],[-107.44099867568039,39.51416364816476],[-107.44101953532169,39.514271407867376],[-107.44104179195023,39.51437920127697],[-107.44106333778706,39.51448695555953],[-107.4410821115305,39.51459459690619],[-107.44109723926465,39.51470208061649],[-107.44111231898705,39.51480952028651],[-107.44112770063806,39.514916944599875],[-107.44114331448309,39.51502435502165],[-107.4411590911023,39.515131762019216],[-107.44117492526154,39.5152391497856],[-107.44119077141606,39.5153465463047],[-107.4412065246459,39.515453944771906],[-107.44122213877496,39.51556135516655],[-107.44123750919759,39.51566877968655],[-107.44125257779872,39.51577621955309],[-107.44126726321728,39.515883676475845],[-107.44128147309952,39.51599117041345],[-107.44129516095188,39.51609870234304],[-107.44130822185087,39.51620626546044],[-107.44132059799456,39.516313869989446],[-107.44132950871241,39.516421826609886],[-107.44133386458743,39.516530248303674],[-107.44133542660927,39.51663893590738],[-107.44133597839357,39.51674767176374],[-107.44133731613604,39.5168562649778],[-107.44134122315916,39.516964488889045],[-107.44134947243462,39.5170721530899],[-107.4413638476217,39.517179039920336],[-107.4413861100899,39.51728495921379],[-107.44141465967533,39.517390052697564],[-107.44144739988074,39.51749457162786],[-107.44148365973776,39.517598620190334],[-107.44152275570501,39.517702275808425],[-107.44156405230645,39.51780565994109],[-107.44160684274685,39.51790885050192],[-107.44165047897363,39.518011942189034],[-107.44169430193823,39.518115047950495],[-107.4417376164574,39.51821824545894],[-107.4417797634753,39.518321647664635],[-107.4418200946095,39.518425340267676],[-107.44185790367312,39.51852941919277],[-107.44189194669798,39.51863423491075],[-107.44192212379022,39.51873992465924],[-107.4419500731408,39.51884610265993],[-107.44197740938765,39.51895237461855],[-107.44200573555429,39.51905834648339],[-107.44203670148208,39.51916363222602],[-107.44207191052773,39.519267846793056],[-107.44211537515517,39.519369977916185],[-107.44217567128203,39.51946779127377],[-107.44224245699147,39.51956390962942],[-107.44230301418922,39.51966152823829],[-107.44234565384609,39.5197636675964],[-107.4423806463729,39.51986831903584],[-107.44241431061432,39.519973899283244],[-107.44244639395397,39.52008017040803],[-107.44247666765128,39.52018691199572],[-107.44250491490286,39.520293912390194],[-107.44253088277082,39.52040092465912],[-107.44255434282444,39.52050773739106],[-107.44257506600024,39.52061412116994],[-107.44259282354864,39.5207198555821],[-107.44260340192244,39.520824200387935],[-107.44252339559227,39.520917125320985],[-107.44248827129107,39.521018494016054],[-107.44249215642313,39.52112635790594],[-107.44250343512816,39.521235751037935],[-107.4425073914187,39.52134431612789],[-107.44251271154357,39.52145329398376],[-107.4425195569796,39.52156264517466],[-107.4425238432737,39.52167166277868],[-107.44252152081803,39.521779639142174],[-107.44250851704798,39.52188587610225],[-107.44248201710828,39.52199071211057],[-107.44244442995053,39.52209650191279],[-107.44239548966459,39.52220063848552],[-107.44233450678826,39.52230004622996],[-107.442260779614,39.522391631781474],[-107.44217438513307,39.522473609720805],[-107.44207887331468,39.52255002250351],[-107.44197651200393,39.52262251612785],[-107.4418692978654,39.52269230085819],[-107.44175923855943,39.52276056871634],[-107.44164831913088,39.522828530224615],[-107.44153855918195,39.52289738617757],[-107.44143196700735,39.522968346623855],[-107.44133056505073,39.5230426933939],[-107.44123618553903,39.523122919524155],[-107.44114660711524,39.52320737801821],[-107.44105859253797,39.52329298376246],[-107.44096886906193,39.52337663436134],[-107.44087421075274,39.52345523543475],[-107.44077135617563,39.52352567531956],[-107.4406581819319,39.52358578239298],[-107.44053664583083,39.523637317293755],[-107.44040949939935,39.52368311408044],[-107.44027952965884,39.52372602409501],[-107.44014948717005,39.52376885441242],[-107.44002214730514,39.523814456643784],[-107.43970442483162,39.52382113801247],[-107.43938356938615,39.523738326043826],[-107.43869112338314,39.52377525019574],[-107.43763100685204,39.524043758180284],[-107.43688627204482,39.52423847989362],[-107.4359471606368,39.52466114568993],[-107.43477851950229,39.525133389081496],[-107.43379486799203,39.525109224606894],[-107.43313441510142,39.52523499483596],[-107.43726480308639,39.53258091319489],[-107.43639274128923,39.53327081497545],[-107.4355761591021,39.53472071499944],[-107.43470096808986,39.53614945035561],[-107.43411464869851,39.53757211780847],[-107.43417754362174,39.53913632400932],[-107.43653378801086,39.53978248290283],[-107.4395712593118,39.53983066216108],[-107.44173786363152,39.54048722839649],[-107.442538817171,39.54200700216661],[-107.44363843238843,39.542856960491754],[-107.44619683332003,39.54407916821013],[-107.44702390721956,39.544576645809116],[-107.4503782450647,39.54549674041347],[-107.45137091336629,39.54649980610752],[-107.45255974516034,39.54741496535286],[-107.45311582998572,39.5476046989429],[-107.45398106180637,39.54754164926547],[-107.454986911101,39.54706548093561],[-107.45559571331141,39.547135449891286],[-107.45594250736724,39.54719255018728],[-107.4563377870304,39.54727623653995],[-107.4568139702185,39.54729377862064],[-107.45700482719161,39.547648729494824],[-107.45696444459878,39.54785208625846],[-107.45684123433698,39.54806640198516],[-107.45667847688651,39.54817109554517],[-107.45664770517992,39.54830981710773],[-107.4565453284239,39.548440845851545],[-107.45650494445799,39.548644211488366],[-107.4564308666729,39.54890350532715],[-107.45631986169484,39.54912676951854],[-107.456130546232,39.549489751211695],[-107.45603386509329,39.55006993408633],[-107.45597090413642,39.55082716795744],[-107.45599659537409,39.55108500965165],[-107.4559886047386,39.55119562798179],[-107.45599963788105,39.55150835562674],[-107.45617441148369,39.551743982148494],[-107.45631580453156,39.552044746065576],[-107.45635937196735,39.55260531470081],[-107.4563013826922,39.55298393360988],[-107.45622601406194,39.55320644406704],[-107.45631158017638,39.553609639617605],[-107.45636929454717,39.55423434073297],[-107.45634663501949,39.554603014357724],[-107.45639583699854,39.55566051251741],[-107.45634974309283,39.55603887975209],[-107.45633637176132,39.55633371799932],[-107.45646018475955,39.55680974326186],[-107.45649088708038,39.55734296217695],[-107.45651413511507,39.55766463825006],[-107.45651101510308,39.55791323310803],[-107.45656958397907,39.55822495503182],[-107.45665483499303,39.55861894951975],[-107.45672204422246,39.55883844453399],[-107.45691748140392,39.559322161241994],[-107.45709552637987,39.559649760722074],[-107.4572764845491,39.5600601441921],[-107.45745875582455,39.560507318960056],[-107.45763192288766,39.56069695920395],[-107.45780477728337,39.56087738967906],[-107.45796769596764,39.56111326374767],[-107.45817016144463,39.561458758818034],[-107.45852547805902,39.56175499174318],[-107.45877093178517,39.56197071238868],[-107.45905968320646,39.5620658505582],[-107.45921773322222,39.5621637553822],[-107.45923839608363,39.56241184650993],[-107.4592523736113,39.56280734770851],[-107.4592469886798,39.562991558650104],[-107.45919668156355,39.56325035047899],[-107.45919617250426,39.56357252860414],[-107.45928650635588,39.56377311804215],[-107.45936885540782,39.56408433460782],[-107.45949483867552,39.5642841689987],[-107.45986971044555,39.5644603271896],[-107.46006926890838,39.56472303432068],[-107.46006778870036,39.56501762063717],[-107.4602263300551,39.565465284037536],[-107.46043809346696,39.56573693902285],[-107.46046316399625,39.565939657665176],[-107.46048805423321,39.56614089364621],[-107.46044100295275,39.56649166980996],[-107.460624453785,39.56663505188679],[-107.46082532300413,39.566934549133194],[-107.46091599178011,39.5671443371117],[-107.46109456525473,39.5671497604339],[-107.46138367854114,39.567254091924845],[-107.46180448064523,39.567383243771616],[-107.46215160886476,39.56741815532488],[-107.46225800422704,39.56742885461234],[-107.46298745557728,39.56754225136212],[-107.46320120163722,39.567869083512115],[-107.46323212864863,39.568070929465556],[-107.46312599143455,39.56843216667875],[-107.4628627593276,39.56872309643563],[-107.46258862596885,39.56904186899178],[-107.46242110497697,39.569349173544744],[-107.4624806891323,39.569688482345136],[-107.46260245965814,39.569768746260074],[-107.46257136685772,39.569898268673114],[-107.46249306101419,39.57003799918636],[-107.46228436358933,39.57018970114741],[-107.46206345202644,39.57033245457468],[-107.46182182827118,39.57058992437763],[-107.46111485919342,39.570076427856385],[-107.45914767990708,39.56960263424717],[-107.45717852895646,39.56974557074473],[-107.45494707020309,39.570206969718825],[-107.45352498881745,39.57068805923413],[-107.45229413914687,39.571533269659604],[-107.45123405613423,39.57216316308452],[-107.44994652894007,39.57275181847321],[-107.44914907847847,39.57307239958483],[-107.44818813305392,39.57347925860179],[-107.44755671486972,39.5736797717315],[-107.44741940720024,39.57370056594173],[-107.44728233269409,39.57372368838327],[-107.4471452618893,39.57374691869242],[-107.44700798828913,39.573768027011646],[-107.4468702934649,39.57378477472467],[-107.44673195932208,39.573794932215954],[-107.44659301653017,39.573799039371025],[-107.44645382133825,39.57380093548577],[-107.44631442005446,39.57380094390432],[-107.44617483413666,39.573799343449934],[-107.44603513125367,39.57379640296389],[-107.44589534385835,39.57379238302051],[-107.44575550535103,39.57378757120106],[-107.44561567112858,39.57378221858816],[-107.4454758742704,39.57377660376139],[-107.44533615916971,39.57377099605341],[-107.44519655858501,39.57376566504199],[-107.4450569799364,39.57375996403532],[-107.44491705236067,39.573751621587014],[-107.44477686338703,39.57374114035193],[-107.44463650623563,39.57372918502599],[-107.44449608638635,39.57371643806547],[-107.44435570931347,39.57370358192715],[-107.44421545690453,39.57369129055604],[-107.4440754578876,39.57368024592071],[-107.44393579413922,39.573671121967436],[-107.44379658242775,39.573664591908646],[-107.44365790525147,39.57366134769644],[-107.44351989068437,39.573662053297596],[-107.44338262121428,39.57366740066536],[-107.44324624096443,39.57367817955479],[-107.44311131315271,39.573696837554095],[-107.44297779050702,39.57372302431549],[-107.44284537780408,39.57375529561923],[-107.44271378078,39.573792234250604],[-107.44258271586537,39.57383239574169],[-107.44245185328721,39.57387434560398],[-107.4423209214448,39.57391664812393],[-107.4421896254824,39.57395786807572],[-107.44205764728909,39.57399657072122],[-107.44192471592623,39.57403133834669],[-107.44179051393544,39.57406075421508],[-107.4416550832366,39.574087006605865],[-107.44151870363771,39.57411176528992],[-107.44138148951751,39.5741346404764],[-107.4412436247374,39.57415523190545],[-107.44110523594745,39.574173167547336],[-107.44096649506741,39.57418803838575],[-107.4408275281223,39.574199454387525],[-107.44068849635389,39.57420703378894],[-107.44054950510979,39.574210792393636],[-107.44041025960641,39.574213276908885],[-107.44027074327154,39.57421501019887],[-107.44013100106076,39.57421594627343],[-107.43999109051009,39.57421606590517],[-107.43985104494321,39.5742153233488],[-107.4397109222124,39.57421370837962],[-107.43957077859132,39.57421116576178],[-107.43943064866748,39.57420768575974],[-107.43929060097922,39.57420323089839],[-107.43915066916738,39.57419776443578],[-107.43901089882132,39.57419125838814],[-107.43887134747887,39.57418369352994],[-107.43873207173101,39.57417502362904],[-107.43859310585088,39.574165229948896],[-107.43845451837818,39.574154275015886],[-107.43831633163812,39.57414213133585],[-107.43817817840178,39.57412861743218],[-107.43803920157,39.57411319274425],[-107.43789986736192,39.57409554117957],[-107.43776070047723,39.574075354429375],[-107.43762219103546,39.57405233392199],[-107.43748488732065,39.574026179867424],[-107.43734926750757,39.57399658494056],[-107.43721587956757,39.57396324035384],[-107.4370852142564,39.573925865549384],[-107.43695780728326,39.573884133983555],[-107.43683412330095,39.57383768456999],[-107.43671406919653,39.573785852613945],[-107.43659706939242,39.57372915470106],[-107.43648261687629,39.57366840327031],[-107.43637015810097,39.57360441173463],[-107.43625918541449,39.573537974524356],[-107.43614915752482,39.573469922809],[-107.4360395431925,39.57340104250068],[-107.43592981243582,39.573332155518884],[-107.43581943463933,39.57326406577652],[-107.43570787949942,39.57319758618703],[-107.43559462771088,39.573133511413204],[-107.43547912569795,39.57307265485242],[-107.43536126781257,39.573014991686655],[-107.4352418543296,39.57295877541636],[-107.43512103646583,39.5729040028663],[-107.43499891137233,39.57285078911133],[-107.43487556425137,39.57279924046823],[-107.43475109288171,39.57274949001728],[-107.43462558214806,39.572701635073706],[-107.43449914082879,39.57265579047011],[-107.43437184280403,39.572612071771054],[-107.43424262934806,39.57257249213542],[-107.434106943279,39.57254454339067],[-107.43396721069833,39.57252403957674],[-107.43382677941561,39.57250518985904],[-107.43368903312566,39.57248222969348],[-107.43355732035316,39.57244938627934],[-107.43343492553267,39.57240105033352],[-107.43331749896646,39.57234432195739],[-107.43320109141371,39.57228577032702],[-107.43308560511801,39.57222559568958],[-107.4329709526947,39.572163962038886],[-107.43285703575552,39.572101051616784],[-107.43274376722874,39.572037037418696],[-107.43263103677715,39.57197209292702],[-107.4325187582716,39.57190641814356],[-107.43240683237582,39.57184016830171],[-107.4322951610118,39.5717735346438],[-107.43218365678867,39.57170668116132],[-107.43207223357366,39.571639807854716],[-107.43196076876283,39.57157307044323],[-107.43184918753929,39.57150665968066],[-107.43173739150598,39.57144075780545],[-107.43162529326786,39.57137552880739],[-107.431512771162,39.57131115541124],[-107.431399762,39.57124782812608],[-107.4312861431731,39.571185702668956],[-107.43117184017348,39.571124978794145],[-107.43105675396949,39.57106582073328],[-107.43094077452578,39.57100841096577],[-107.43082382638748,39.570952922237886],[-107.43069741501617,39.57091809972424],[-107.43055403600071,39.57092037957413],[-107.43040557420868,39.570933107857826],[-107.43026425393522,39.570929010991996],[-107.4301386944508,39.57088824216514],[-107.43001452680724,39.57084032702566],[-107.4298888565888,39.57079204679392],[-107.42976216574415,39.570743202195],[-107.42963490195497,39.570693612690825],[-107.42950755911686,39.57064308776962],[-107.4293805842831,39.57059142889255],[-107.42925447166397,39.57053845455441],[-107.42912966831283,39.57048396622041],[-107.42900665680783,39.57042778263264],[-107.42888590778043,39.57036971377604],[-107.42876789186153,39.57030956963737],[-107.42865307968151,39.57024716020517],[-107.42854193023776,39.57018229571284],[-107.42843492579061,39.57011478590886],[-107.42833252533492,39.57004444102949],[-107.4282352227598,39.56997107058253],[-107.42814347579943,39.56989444879702],[-107.42805792076264,39.56981379662453],[-107.42797822126127,39.569729148137554],[-107.42790375104417,39.56964090382332],[-107.4278339077518,39.56954948168513],[-107.42776806481832,39.5694552732035],[-107.42770561957057,39.56935868737544],[-107.42764594607257,39.56926013368264],[-107.42758844102522,39.569160003114185],[-107.42753247880972,39.569058714151204],[-107.42747745644462,39.56895666678253],[-107.4274227363692,39.5688542707274],[-107.42736772692388,39.56875191672673],[-107.42731180249815,39.56865002325655],[-107.42725434817311,39.568548981541575],[-107.42719476160579,39.56844920956915],[-107.42713240461758,39.56835109904735],[-107.42706668650047,39.568255067717544],[-107.42699704830189,39.568161442566684],[-107.42692569319581,39.568068312701854],[-107.42685364102819,39.567974882042066],[-107.4267806123168,39.56788148074714],[-107.42670638510936,39.56778841975641],[-107.42663069124099,39.5676960199831],[-107.42655327449216,39.56760461109896],[-107.42647388933268,39.567514495524996],[-107.42639227922824,39.567425993929184],[-107.42630817632639,39.567339436224],[-107.42622134735453,39.56725514258981],[-107.4261315351481,39.56717341568729],[-107.4260384718517,39.56709458542619],[-107.42594187829097,39.56701899096062],[-107.4258403548845,39.56694722006734],[-107.425733770545,39.56687918538192],[-107.425622786711,39.56681449470169],[-107.42550805224707,39.56675272906162],[-107.4253902169588,39.56669349650616],[-107.42526994196929,39.56663639583669],[-107.42514788840191,39.56658102585728],[-107.42502468217268,39.56652697710064],[-107.42490100798302,39.566473856892735],[-107.42477750338229,39.566421255528965],[-107.42465481786599,39.566368772066845],[-107.4245330360128,39.56631616150206],[-107.42441071644849,39.56626381428138],[-107.42428770511646,39.56621198586903],[-107.4241639755899,39.56616092005587],[-107.42403946685988,39.56611087036332],[-107.42391416318655,39.56606205333202],[-107.42378801581609,39.56601474024519],[-107.42366099737382,39.56596914788605],[-107.42353305847499,39.56592552953273],[-107.42340416105077,39.565884129218134],[-107.42327427834816,39.56584518172989],[-107.42314336097657,39.56580894034572],[-107.4230114674238,39.56577507952012],[-107.42287875242988,39.56574269512756],[-107.4227453055895,39.56571168619802],[-107.42261115990861,39.56568199798697],[-107.42247641755432,39.56565355628963],[-107.42234111121992,39.56562629735957],[-107.42220531949734,39.56560013847539],[-107.42206911028795,39.56557502416584],[-107.42193255117996,39.56555088995754],[-107.42179568587288,39.56552765385765],[-107.42165860521847,39.56550525090828],[-107.42152135323053,39.56548360811952],[-107.42138399781247,39.56546267002154],[-107.42124661787281,39.565442362897564],[-107.4211092687448,39.56542260451358],[-107.42097200732849,39.56540335764791],[-107.42083456413805,39.56538524052615],[-107.4206967973565,39.56536852637178],[-107.42055874723708,39.56535303416594],[-107.42042045528699,39.565338618899496],[-107.42028193881274,39.565325109041005],[-107.42014325064208,39.56531235033686],[-107.42000443103345,39.5653001617687],[-107.41986549792345,39.565288389810235],[-107.41972651577487,39.56527687996602],[-107.41958750158767,39.56526545170276],[-107.41944849687773,39.5652539600123],[-107.41930954191015,39.565242223877],[-107.41917066625916,39.56523008952894],[-107.41903192276261,39.565217402715696],[-107.41889334005836,39.565203982662325],[-107.4187549477244,39.56518967560122],[-107.41861679797658,39.56517430927564],[-107.4184788886308,39.56515782066923],[-107.418340721265,39.56514127420766],[-107.4182022751202,39.565124742393834],[-107.41806373697744,39.56510790602489],[-107.41792528105054,39.565090419133696],[-107.41778708218153,39.565071953758675],[-107.41764932590779,39.56505215468959],[-107.41751216350117,39.56503068544816],[-107.41737579307366,39.565007217590825],[-107.41724038885155,39.56498140515417],[-107.41710611405779,39.56495292042245],[-107.41697316587279,39.56492140794702],[-107.4168415219883,39.564886895223374],[-107.41671071573461,39.56485035592366],[-107.41658061724021,39.56481207203029],[-107.41645116360502,39.56477224305112],[-107.41632225672119,39.56473106021719],[-107.41619381073612,39.56468873252221],[-107.41606573917048,39.56464545095453],[-107.41593797974375,39.56460143302569],[-107.41581042239912,39.56455686120486],[-107.41568300485329,39.56451195300299],[-107.415555617672,39.56446690889338],[-107.41542820895035,39.564421910134726],[-107.41530067018894,39.56437718420699],[-107.41517292621808,39.56433291285196],[-107.41504489117304,39.56428930506033],[-107.41491647887533,39.564246560820024],[-107.41478761477613,39.564204879876705],[-107.41465821300667,39.564164471220145],[-107.41452816474684,39.564125553325724],[-107.41439668596553,39.56408968302061],[-107.4142636128008,39.564057170010685],[-107.41412930750987,39.56402738514323],[-107.41399407482324,39.563999718480694],[-107.41385827731861,39.563973549875534],[-107.41372223136615,39.56394826915128],[-107.41358627597793,39.563923247644304],[-107.41345045205622,39.563898322343775],[-107.41331450145269,39.56387376888259],[-107.41317844586632,39.56384954176474],[-107.41304228404655,39.563825604979975],[-107.41290603800512,39.56380192203486],[-107.41276971812307,39.56377845667764],[-107.41263334610059,39.56375516341246],[-107.41249693231929,39.563732005987724],[-107.4123604868489,39.563708939149336],[-107.41222400906477,39.56368594489226],[-107.4120875436183,39.56366296823531],[-107.41195107731805,39.56363996440769],[-107.41181463280222,39.563616914921404],[-107.41167821983007,39.56359376552008],[-107.41154184878513,39.56357047995243],[-107.41140554168244,39.563547021725654],[-107.41126930890607,39.56352335458858],[-107.41113317215961,39.56349943304611],[-107.41099711887766,39.563475230332486],[-107.4108611937145,39.56345069146735],[-107.41072538410529,39.56342578968503],[-107.41058971206664,39.56340048849312],[-107.41045419899169,39.563374733394326],[-107.4103179075749,39.563349354646405],[-107.41017986249423,39.56332509320191],[-107.41004117218506,39.56330068281852],[-107.40990301363054,39.563274819801165],[-107.40976652861804,39.563246192181325],[-107.40963288282886,39.56321350551802],[-107.40950325264751,39.5631754381265],[-107.40937878081857,39.56313070506033],[-107.4092604849554,39.5630781050537],[-107.40914751395852,39.56301826838764],[-107.40903882949438,39.56295246885904],[-107.40893370164795,39.56288181170258],[-107.40883133133627,39.562807421602415],[-107.40873095405276,39.562730413513705],[-107.40863181660607,39.562651893145286],[-107.40853314316283,39.56257298469092],[-107.40843415757467,39.56249480333932],[-107.40833409532095,39.562418464035474],[-107.40823371894335,39.562343131150655],[-107.4081357366592,39.56226533413714],[-107.40803939599745,39.56218586337204],[-107.40794382246524,39.56210568293012],[-107.40784813056021,39.56202577512932],[-107.40775144516306,39.56194708603363],[-107.40765285781782,39.56187060744002],[-107.40755150565494,39.56179730317061],[-107.40744650222886,39.56172812852397],[-107.40733486648975,39.56166640652131],[-107.40720615686514,39.561623876012256],[-107.40706763908042,39.56159254856809],[-107.40692959329067,39.56156106703294],[-107.40680224312617,39.561518120514265],[-107.40669446764596,39.56145390349231],[-107.40659563160236,39.56138027596459],[-107.40650044083047,39.56130300527353],[-107.40640820796544,39.5612227453054],[-107.4063182679683,39.56114012245466],[-107.40622992184112,39.561055790843874],[-107.40614248128227,39.560970377344994],[-107.4060552935044,39.56088452611021],[-107.40596764756667,39.56079888249428],[-107.40587886710892,39.56071408212458],[-107.40578827608189,39.56063076962907],[-107.40569518618271,39.560549571869274],[-107.40559892198316,39.56047115147375],[-107.40549932501033,39.56039563784218],[-107.40539894348291,39.560320653880765],[-107.40529822955364,39.56024581184746],[-107.40519718415634,39.560171138748956],[-107.4050957727109,39.56009664430949],[-107.40499403104238,39.56002235481314],[-107.40489192488165,39.559948288986604],[-107.404789455162,39.55987447383648],[-107.404686634136,39.559800927126105],[-107.40458345079514,39.559727667100404],[-107.40447989444185,39.55965472100682],[-107.4043759653868,39.55958209784689],[-107.40427166487369,39.5595098336298],[-107.40416698189351,39.55943794660038],[-107.40406190543719,39.55936645500339],[-107.40395644775637,39.559295376602215],[-107.40385060978302,39.55922473840346],[-107.40374435693609,39.559154550130714],[-107.40363771402987,39.55908485631424],[-107.40353066912196,39.559015648191156],[-107.40342322376563,39.55894697077312],[-107.40331535500965,39.55887883354287],[-107.40320707541561,39.558811263266335],[-107.40309837397322,39.55874427818811],[-107.40298845477078,39.5586787596346],[-107.40287259116575,39.558619724283524],[-107.40275115637068,39.55856685809195],[-107.40262556760541,39.55851873533642],[-107.40249719650596,39.558473958268664],[-107.40236744929439,39.558431119421876],[-107.40223769762,39.55838882105925],[-107.40210931376096,39.55834568345505],[-107.40198069021214,39.55830335246276],[-107.40185059966369,39.55826302462719],[-107.40171937547984,39.558224242601675],[-107.40158737428794,39.55818654855988],[-107.40145494139841,39.55814949392004],[-107.40132243406532,39.55811263886402],[-107.40119018504271,39.558075508045775],[-107.401058563531,39.558037670412325],[-107.40092789097027,39.55799865986352],[-107.40079854757542,39.557958027103815],[-107.4006708551024,39.557915315038514],[-107.40054517082106,39.55787008385822],[-107.40042185138232,39.55782187574986],[-107.40030123017867,39.557770233382236],[-107.40018566011672,39.557711837883524],[-107.40007743720734,39.557643407602036],[-107.39997479858849,39.557567483478884],[-107.39987593641722,39.557486652422384],[-107.39977905540242,39.55740352810196],[-107.39968234737368,39.557320688411224],[-107.39958400570565,39.557240756250856],[-107.39948222221348,39.55716630950287],[-107.39937518994435,39.55709996205337],[-107.39926112457185,39.55704430929606],[-107.39913889269647,39.557000572815454],[-107.39901164852668,39.5569623451157],[-107.39888052074998,39.55692826954097],[-107.39874608495359,39.55689816302122],[-107.39860892804384,39.556871833246085],[-107.39846963661674,39.55684907890512],[-107.39832877400848,39.55682969917082],[-107.39818693906635,39.55681351050313],[-107.39804470675807,39.55680031183987],[-107.39790265267291,39.55678992012687],[-107.39776137473096,39.55678212482475],[-107.39762143689454,39.55677674312493],[-107.3974834144474,39.556773582978856],[-107.39734757593425,39.55677571091633],[-107.39721292711391,39.556793120415016],[-107.39707919578423,39.55682297926548],[-107.39694619925213,39.55686133629495],[-107.39681376493483,39.55690419507607],[-107.3966816985692,39.55694760467268],[-107.39654985151152,39.55698758617941],[-107.39641794421426,39.55702311833931],[-107.3962858477571,39.557058230830094],[-107.39615361641059,39.557093147756305],[-107.39602131266484,39.55712799395435],[-107.39588901001937,39.557162876015845],[-107.3957567584031,39.557197892009924],[-107.39562462061379,39.55723317577647],[-107.3954926814692,39.55726882466558],[-107.39536100283615,39.55730494551007],[-107.39522963557039,39.557341663388044],[-107.39509865316742,39.55737908489299],[-107.3949681174921,39.557417316858626],[-107.39483810234854,39.557456474881725],[-107.39470865827995,39.55749667503896],[-107.39457987009985,39.557538014682734],[-107.39445175222093,39.55758057459909],[-107.3943241312856,39.55762405205794],[-107.39419693441198,39.55766835847325],[-107.39407013554904,39.557713413302416],[-107.39394372151519,39.55775917177351],[-107.39381764392877,39.55780558083088],[-107.39369188837026,39.5578525596919],[-107.39356643033844,39.55790007282651],[-107.39344123277328,39.55794805793638],[-107.39331626993584,39.55799644348071],[-107.39319150507633,39.558045176163546],[-107.3930669366457,39.55809421097241],[-107.39294251533593,39.55814346784286],[-107.3928182166476,39.55819291124404],[-107.39269401484344,39.558242469634585],[-107.39256989612642,39.558292080236015],[-107.39244581242785,39.55834169899374],[-107.39232173801156,39.55839125436592],[-107.39219809461105,39.55844150343164],[-107.39207602430973,39.55849452176821],[-107.39195518040789,39.55854970390857],[-107.3918351383827,39.55860621175261],[-107.39171545169246,39.55866324368802],[-107.3915956845016,39.55871997085297],[-107.39147539027623,39.55877559163126],[-107.39135413287957,39.55882926815466],[-107.39123148873753,39.558880189321506],[-107.39110699938931,39.55892754474637],[-107.39098022902128,39.55897050555766],[-107.39085091838088,39.559008977985066],[-107.39071937333524,39.55904407283988],[-107.39058590309443,39.55907598194856],[-107.3904508168682,39.5591048971388],[-107.39031444650843,39.55913099175575],[-107.39017708990278,39.559154466871966],[-107.39003905595018,39.55917550531679],[-107.38990067619142,39.559194271437214],[-107.3897622485116,39.55921096631015],[-107.3896241047588,39.55922576328837],[-107.38948589919976,39.55923808390019],[-107.38934712946018,39.55924753307437],[-107.38920790405363,39.55925455902649],[-107.38906830977444,39.55925965546443],[-107.38892844411664,39.559263288849486],[-107.38878838130951,39.559265926121796],[-107.38864821976662,39.55926806075167],[-107.38850806860128,39.55927015896287],[-107.38836799040094,39.55927268793639],[-107.38822809458043,39.55927612289971],[-107.38808847922901,39.559280948322765],[-107.3879492188625,39.55928764015165],[-107.38781041063602,39.559296655849394],[-107.38767215293687,39.55930848889024],[-107.38753447158584,39.55932355315943],[-107.38739722638041,39.55934183352284],[-107.38726041719802,39.55936298764275],[-107.38712404453644,39.55938669118667],[-107.38698813184848,39.559412610341326],[-107.38685269065029,39.559440402529866],[-107.38671772175647,39.559469752422316],[-107.38658323637979,39.559500308439034],[-107.38644925860115,39.559531754772074],[-107.38631577668617,39.55956374932227],[-107.38618299514309,39.5595964860882],[-107.38605179167787,39.55963282091351],[-107.38592194272537,39.55967234398181],[-107.3857929698906,39.55971400206183],[-107.3856644409991,39.559756731961734],[-107.38553588837402,39.55979945319891],[-107.38540684496233,39.55984110329377],[-107.38527686697874,39.55988061928679],[-107.3851456899202,39.559917754354046],[-107.3850138843517,39.559954893170186],[-107.38488145277104,39.559991089736776],[-107.38474825432158,39.560024950548375],[-107.38461420661865,39.56005508990746],[-107.38447915750444,39.56008012354837],[-107.38434250523261,39.56009641517409],[-107.38420307421381,39.56009920512888],[-107.38406230343703,39.56009584223931],[-107.38392177681976,39.56009451020209],[-107.38378302151521,39.560103096590126],[-107.38364519054598,39.5601203214949],[-107.38350823233603,39.56014332111584],[-107.38337300466414,39.560171654432665],[-107.3832403372052,39.56020507920369],[-107.38311020740083,39.560245316620104],[-107.3829817118382,39.56029045729803],[-107.38285390612003,39.560337394492734],[-107.38272584648543,39.56038303946019],[-107.3825966011322,39.56042431221581],[-107.38246522572325,39.560458106000716],[-107.38233078942358,39.56048136782863],[-107.38219419265913,39.560497619760184],[-107.38205665340905,39.5605111611314],[-107.38191829693201,39.560522250631294],[-107.38177925980764,39.56053113770839],[-107.38163965566025,39.56053808129147],[-107.38149963269663,39.56054333059182],[-107.38135929259862,39.56054713577541],[-107.38121879519994,39.56054974581645],[-107.38107824279464,39.560551428887514],[-107.38093777133494,39.56055241643573],[-107.38079751769519,39.56055296691709],[-107.38065759548607,39.56055333926496],[-107.38051811585267,39.56055372039185],[-107.3803784335145,39.56055225865895],[-107.38023846716555,39.56054793771387],[-107.3800985727591,39.56054061512668],[-107.37995907135718,39.560530149184046],[-107.37982030759218,39.560516406700174],[-107.37968262578943,39.56049924548824],[-107.37954633808646,39.56047826276124],[-107.3794113466445,39.56045229836618],[-107.37927733642475,39.56042234975111],[-107.37914402395202,39.56038965695932],[-107.37901107952646,39.56035546998874],[-107.37887818506982,39.56032103859777],[-107.37874504606386,39.56028762107007],[-107.37861151690359,39.560255724890936],[-107.37847847346116,39.5602213501427],[-107.37834576928648,39.56018531964525],[-107.37821299551794,39.56014963276169],[-107.37807973257134,39.5601163160999],[-107.3779455712476,39.56008736001747],[-107.37781010325543,39.5600647818786],[-107.37767302854074,39.56005002025362],[-107.37753476948019,39.56004147189726],[-107.3773955764618,39.56003760915828],[-107.37725572714469,39.56003702094545],[-107.37711545206126,39.56003827911527],[-107.37697500593927,39.560039982057006],[-107.37683465453367,39.56004070991753],[-107.37669462871877,39.560039043558476],[-107.37655514503425,39.56003382539713],[-107.37641585944515,39.56002690932099],[-107.37627663802633,39.560019144917504],[-107.37613745173081,39.560010703952244],[-107.37599830640244,39.560001757476996],[-107.37585918492955,39.55999248602211],[-107.37572006989174,39.559983061115155],[-107.37558094417453,39.55997366328642],[-107.37544181361612,39.55996446358769],[-107.37530264916121,39.559955633784384],[-107.37516343399835,39.559947363409385],[-107.3750241736543,39.55993981451182],[-107.37488401373295,39.559929436990956],[-107.37474251448599,39.55991425785086],[-107.37460045711505,39.559897387243744],[-107.3744585762732,39.559881936277506],[-107.37431765311024,39.55987101511345],[-107.3741784341658,39.55986774363335],[-107.37404168921682,39.55987524124781],[-107.37390816444992,39.55989661884416],[-107.37377693958543,39.5599277601034],[-107.37364623758947,39.559960926567676],[-107.3735159947712,39.559995957378014],[-107.37338618264022,39.5600326999649],[-107.37325676107649,39.560071001996334],[-107.37312767894426,39.56011072938314],[-107.37299890714237,39.560151711549736],[-107.37287039453707,39.56019381440657],[-107.37274210070548,39.56023687661792],[-107.37261398583969,39.56028075485349],[-107.37248600951884,39.56032528777717],[-107.37235812091994,39.5603703503012],[-107.37223030227203,39.56041576260856],[-107.37210249112309,39.560461399848606],[-107.37197465838024,39.560507091444165],[-107.37184675291738,39.5605527033039],[-107.37171873431956,39.56059807409049],[-107.37159057441737,39.56064306023444],[-107.37146220984303,39.56068750987571],[-107.37133362405991,39.560731279206934],[-107.3712047533954,39.56077420736488],[-107.371075569684,39.56081615077929],[-107.37094603282362,39.56085695711425],[-107.37081609108233,39.56089647427124],[-107.37068571629776,39.56093455867933],[-107.37055404255202,39.56097073251301],[-107.37041995413796,39.561004018535385],[-107.37028396524119,39.56103379363235],[-107.37014657872935,39.56105944393199],[-107.37000832012507,39.56108033708433],[-107.36986970424596,39.561095867987376],[-107.36973125662651,39.56110540429574],[-107.36959330325863,39.56110860602578],[-107.3694538419661,39.56110854105122],[-107.36931279383587,39.561105967733575],[-107.36917091304191,39.561100474287635],[-107.3690289204011,39.56109169465724],[-107.36888755846302,39.561079217301376],[-107.36874758233033,39.5610626574537],[-107.36860972353965,39.56104162182295],[-107.36847472587307,39.561015734889565],[-107.36834333188814,39.56098458512621],[-107.36821614761362,39.560947169196766],[-107.36809288192731,39.56090108764148],[-107.36797303660514,39.56084743171161],[-107.36785613699153,39.56078764352747],[-107.36774172005181,39.56072316497034],[-107.36762933498541,39.560655455688455],[-107.36751849547784,39.560585958034025],[-107.3674087504056,39.560516122649226],[-107.36729962506931,39.56044739164613],[-107.36719155744274,39.560378954298],[-107.36708558997164,39.56030792449555],[-107.36698138874006,39.56023475049079],[-107.36687855127019,39.560159917967724],[-107.36677669865044,39.56008392113765],[-107.3666754755354,39.56000726273951],[-107.36657446781182,39.559930428690286],[-107.36647331982532,39.559853912723504],[-107.36637162939692,39.55977820951936],[-107.36626904117551,39.559703821811745],[-107.36616515236697,39.55963122627262],[-107.36605959598613,39.559560925870244],[-107.36595199341511,39.55949342380839],[-107.3658419534848,39.55942919651793],[-107.36572909787878,39.55936875620255],[-107.36561305868415,39.559312578816254],[-107.36549337617545,39.55925980884535],[-107.36537002679724,39.55920838369153],[-107.36524341792517,39.55915864640002],[-107.36511395846057,39.55911098503162],[-107.36498206954278,39.559065805417646],[-107.36484817169469,39.55902349538578],[-107.3647126860465,39.55898446077118],[-107.36457603311219,39.558949089405495],[-107.36443862177086,39.558917769359105],[-107.36430086181515,39.558890915712944],[-107.36416319670231,39.55886890682855],[-107.36402601265031,39.55885214926166],[-107.36388975372138,39.55884103938362],[-107.36375482877708,39.55883596527516],[-107.36362106331019,39.558837272835305],[-107.36348683237023,39.558844751887754],[-107.36335210717097,39.55885789851129],[-107.36321700951696,39.55887618770273],[-107.36308166152249,39.5588991034621],[-107.3629461736753,39.55892613002651],[-107.36281066809792,39.55895675139685],[-107.36267526661152,39.55899044257165],[-107.36254009165276,39.5590266965555],[-107.36240524148447,39.55906497981808],[-107.36227085048819,39.55910479413112],[-107.36213704050228,39.559145614494874],[-107.36200393336951,39.55918691591006],[-107.3618716279809,39.559228182853595],[-107.36174024679875,39.55926890833264],[-107.36160992330905,39.55930856711261],[-107.36148110668253,39.55934942034105],[-107.36135407647737,39.5593942191032],[-107.36122854287139,39.55944231163724],[-107.36110421513033,39.55949301917147],[-107.36098081415496,39.559545662696294],[-107.36085803819927,39.55959958167937],[-107.3607355965409,39.55965409734485],[-107.3606132100921,39.55970853067917],[-107.36049057681257,39.55976221214313],[-107.3603674062964,39.55981447195973],[-107.36024343109789,39.559864630875204],[-107.36011833755722,39.55991201958259],[-107.35999183528041,39.559955968300834],[-107.359863656529,39.5599957887692],[-107.35973348826688,39.56003082968209],[-107.3596012527958,39.56006085837609],[-107.3594676089709,39.56008745605952],[-107.35933275877473,39.56011108709445],[-107.35919681605651,39.56013201943523],[-107.35905990721034,39.56015054780895],[-107.35892214577686,39.56016693116831],[-107.35878364682061,39.560181473480625],[-107.3586445355094,39.56019443346351],[-107.35850493792445,39.56020609684375],[-107.3583649571881,39.560216758823934],[-107.3582247184621,39.56022667812351],[-107.35808434782136,39.56023614047113],[-107.35794396001265,39.56024544083513],[-107.35780368019144,39.56025483793699],[-107.35766361116428,39.560264617979456],[-107.35752387899737,39.56027506669377],[-107.35738462108075,39.56028646057301],[-107.35724587596108,39.56029890694498],[-107.3571071198507,39.56031068670593],[-107.3569682239432,39.560321433098984],[-107.35682920749765,39.56033137095871],[-107.35669010109747,39.560340715880926],[-107.35655094665046,39.56034967422288],[-107.35641176371537,39.56035847982257],[-107.35627258256568,39.56036733927355],[-107.35613343408276,39.56037647717532],[-107.3559943601677,39.560386099885996],[-107.35585538067704,39.56039645024708],[-107.35571650810074,39.56040789737617],[-107.35557770083561,39.56042024391854],[-107.3554389344478,39.56043311199048],[-107.35530019644213,39.56044613247495],[-107.35516145075972,39.560458927723666],[-107.35502266195394,39.5604711380938],[-107.35488381692905,39.56048237646205],[-107.35474489157069,39.56049227394652],[-107.35460585044095,39.56050047090367],[-107.35446662808506,39.56050675244285],[-107.35432698837121,39.560512051280206],[-107.35418702897965,39.560516158226605],[-107.35404694222214,39.56051856487733],[-107.35390689715256,39.56051876329976],[-107.35376709772206,39.56051624485511],[-107.35362770136172,39.56051050184791],[-107.35348891203077,39.56050102564088],[-107.35335063322962,39.56048840377857],[-107.35321233535562,39.560474872224354],[-107.35307402176257,39.56046053000957],[-107.3529357264352,39.560445349418664],[-107.35279749620688,39.560429338511995],[-107.3526593656712,39.56041248758006],[-107.35252135748648,39.56039477814621],[-107.35238351818172,39.56037620926855],[-107.352245882655,39.56035678024086],[-107.35210848519569,39.56033647235145],[-107.35197136039756,39.56031527589159],[-107.35183454315867,39.560293190155654],[-107.35169806837702,39.56027021443807],[-107.35156198166894,39.56024632078943],[-107.35142629467046,39.56022150897551],[-107.35129115995136,39.56019512725822],[-107.35115655000038,39.560167050069765],[-107.35102240203614,39.56013748589044],[-107.35088863123012,39.56010667968278],[-107.3507551867326,39.56007484869405],[-107.35062198340758,39.56004222888332],[-107.35048894774819,39.56000905597387],[-107.35035600563789,39.55997554768302],[-107.35022309489344,39.559941930495256],[-107.35009014230704,39.559908449136024],[-107.34995706212631,39.55987532155704],[-107.34982380409792,39.559842783009636],[-107.34969027113925,39.55981106068315],[-107.34955641268971,39.55978038082555],[-107.34942214329418,39.55975097039028],[-107.34928718833355,39.559720555641775],[-107.34915141258138,39.559688923095294],[-107.3490149667949,39.55965915980165],[-107.34887797753323,39.55963432627488],[-107.34874056000389,39.55961749226842],[-107.34860286428231,39.559611726831506],[-107.34846477772601,39.55961679800601],[-107.34832594119918,39.55962689320776],[-107.34818650765638,39.55964102735632],[-107.34804663552721,39.55965837742397],[-107.3479065065098,39.55967811991336],[-107.347766280262,39.559699467809686],[-107.34762612625703,39.55972157984615],[-107.34748622682064,39.55974365053318],[-107.34734672908888,39.55976486608409],[-107.34720781509726,39.55978441200768],[-107.34706965525697,39.55980147404832],[-107.34693240805123,39.55981522918325],[-107.34679624451134,39.559824881163884],[-107.34666133415679,39.55982958872767],[-107.34652784833452,39.55982856463016],[-107.34640230634443,39.559802866293296],[-107.34628759805213,39.55974361551056],[-107.34617764178894,39.55966719648297],[-107.34606640292127,39.55959001045663],[-107.34594780020697,39.559528459597],[-107.34582265077165,39.55948054538972],[-107.34569638776965,39.559432392270274],[-107.34556897570502,39.55938501897438],[-107.345440402943,39.55933946177396],[-107.34531063457902,39.559296757410756],[-107.3451796467247,39.55925792438596],[-107.34504741639357,39.559224008209654],[-107.34491390835323,39.559196036620904],[-107.34477907482207,39.55917501058485],[-107.34464261214492,39.559160900190385],[-107.3445046684658,39.559152576310616],[-107.34436554192503,39.55914887075576],[-107.34422549486935,39.559148589032525],[-107.34408482515403,39.55915055395033],[-107.34394381961927,39.559153606560315],[-107.3438027406403,39.55915655237228],[-107.34366187447014,39.55915821443361],[-107.34352151900235,39.55915741555815],[-107.34338190629546,39.55915309700688],[-107.34324262925584,39.559146303035554],[-107.34310345221347,39.55913798434966],[-107.34296434320167,39.559128574028804],[-107.34282529502744,39.55911854969805],[-107.34268624052125,39.55910833613777],[-107.3424458960983,39.559091615458385],[-107.34230643524513,39.559084887131],[-107.34216680141195,39.559079243210036],[-107.34202743842245,39.55907196302109],[-107.34188880235887,39.55906034366256],[-107.34178494460032,39.55904842841526],[-107.34175074568084,39.55904449621985],[-107.34161237472176,39.55902864593862],[-107.34156897811305,39.55902358377995],[-107.34147386527746,39.559012482966246],[-107.34133544736325,39.55899557924038],[-107.34119737335071,39.55897747922196],[-107.34105983836919,39.55895775555387],[-107.34092309479699,39.558935952699045],[-107.34078736103147,39.55891164283346],[-107.34065285456462,39.55888437112515],[-107.34051991429602,39.55885313975339],[-107.34038862161327,39.55881725338618],[-107.34025871573974,39.558777609179266],[-107.34012992516934,39.55873513153065],[-107.34000197838927,39.55869074483731],[-107.33987460327498,39.55864535548921],[-107.33974752890633,39.55859990588727],[-107.3396197836549,39.55855561380718],[-107.33948821474443,39.558513903112356],[-107.33935583801478,39.55847204637231],[-107.33922672059113,39.55842673643744],[-107.33910489593121,39.55837470289008],[-107.33899439598912,39.558312630313296],[-107.33889721818002,39.558239001035076],[-107.33880924509761,39.55815735746883],[-107.33872790735789,39.55806985948641],[-107.33865072559519,39.557978575048075],[-107.33857523116788,39.55788554486384],[-107.33849897960607,39.557792836177754],[-107.33841950227415,39.55770248968671],[-107.33833433144602,39.557616573089724],[-107.3382379197237,39.55753798183992],[-107.33812765808499,39.5574670026606],[-107.33801185487627,39.55739943222764],[-107.33789902536964,39.5573309910108],[-107.33779770748947,39.55725738103838],[-107.33771646271155,39.557174312901196],[-107.33765767552634,39.557080360268635],[-107.33760579271413,39.556982674045216],[-107.33755895204004,39.55688229172073],[-107.33751667831024,39.55677961926252],[-107.33747846143999,39.55667506333861],[-107.3374438140022,39.556569012141985],[-107.33741223784777,39.556461881107566],[-107.33738325748561,39.55635406719542],[-107.3373563628377,39.55624597706996],[-107.33733107841712,39.55613800768995],[-107.33730688282235,39.55603057495557],[-107.33728339270725,39.55592404694346],[-107.33726365988153,39.55581746134303],[-107.33724872515545,39.55571027468889],[-107.33723755643187,39.55560259784],[-107.33722915741758,39.55549456796128],[-107.33722250796013,39.55538630467896],[-107.33721658791322,39.55527792761872],[-107.3372104120276,39.55516955570381],[-107.3372029372112,39.55506131803018],[-107.33719317822705,39.554953333520174],[-107.33718010362571,39.554845731034575],[-107.33716270461962,39.55473862095935],[-107.33714122425238,39.55463196236621],[-107.33711936846936,39.55452521222023],[-107.33709740416067,39.554418347133414],[-107.3370752743855,39.55431140428755],[-107.33705292159874,39.55420440285843],[-107.33703027692786,39.554097371258706],[-107.33700728313072,39.553990337667],[-107.33698388296546,39.55388333026191],[-107.33696001919056,39.55377637722193],[-107.3369356113048,39.55366950719348],[-107.33691061339506,39.55356273911797],[-107.33688495689309,39.55345611041065],[-107.33685858425642,39.553349640246786],[-107.33683143824504,39.55324335680462],[-107.33680345029165,39.55313729749907],[-107.33677456285469,39.55303148150525],[-107.33674470706522,39.55292593723497],[-107.33671382568451,39.552820692866085],[-107.33668186117185,39.55271576757335],[-107.33664874526362,39.552611207774284],[-107.33661441981526,39.55250701463745],[-107.3365788284957,39.55240324334924],[-107.3365419018333,39.55229990431484],[-107.33650077799894,39.552196334369334],[-107.33645266557164,39.55209258064359],[-107.33639778721846,39.55198972874766],[-107.336336308359,39.551888892469584],[-107.33626844001896,39.55179115765222],[-107.33619437086388,39.55169763761497],[-107.33611428894689,39.55160942767089],[-107.33602840557161,39.55152762266522],[-107.33593489941502,39.55145447544149],[-107.33582406425623,39.55139586587676],[-107.33569901227803,39.55134882141603],[-107.33556503402848,39.55130904642614],[-107.33542741976787,39.55127223629173],[-107.33518983303546,39.55120052553547],[-107.33492374809711,39.55106952180926],[-107.33516449990333,39.55061214768444],[-107.33563721445152,39.54976244899293],[-107.33445167742762,39.54888966893275],[-107.33368881191284,39.548471020347364],[-107.33337806621614,39.548286197940236],[-107.33295217589291,39.54793713627413],[-107.33269978331641,39.5476971306642],[-107.33241292309073,39.54732890557427],[-107.33213777603407,39.54697572398465],[-107.33201122253487,39.54676401052335],[-107.33187248284335,39.54643092790947],[-107.33174289441635,39.54611984178325],[-107.33161853162767,39.545821254314134],[-107.3315767986617,39.54547534125609],[-107.33158599330224,39.54498781925681],[-107.33165724136305,39.54432123042653],[-107.33173877251241,39.54427314314564],[-107.33179203928997,39.54388694454451],[-107.33178585510602,39.54356916502074],[-107.33175201535776,39.543369292950196],[-107.3316964971021,39.54307174700825],[-107.33166594716268,39.54296047078725],[-107.33162923258553,39.542851073639284],[-107.331586467889,39.542743896790626],[-107.33153778646263,39.542639274542104],[-107.33148334015118,39.542537533226366],[-107.33142329878096,39.54243899018998],[-107.33115418524925,39.54192810671118],[-107.33108978700524,39.541817570067465],[-107.33102987101238,39.54170454105689],[-107.33097453356712,39.54158920133872],[-107.33092386360735,39.541471736285985],[-107.33087794256942,39.54135233468755],[-107.3308368442572,39.54123118844465],[-107.33080406229043,39.54110805750015],[-107.33077750136216,39.54098343645888],[-107.33075722841787,39.54085763942169],[-107.33074329455441,39.54073098345346],[-107.33073573489139,39.540603787783986],[-107.33073435915233,39.540531039936496],[-107.33072512312047,39.54045282808001],[-107.33072027964461,39.5403742218492],[-107.33072096848106,39.54027266990623],[-107.3307287037637,39.54017141064977],[-107.33074344818738,39.54007093242533],[-107.33076513064381,39.53997171981172],[-107.33079364656446,39.53987425128405],[-107.33082885842491,39.53977899690619],[-107.33087059640805,39.53968641606379],[-107.33091865922307,39.53959695524875],[-107.33138886568045,39.538900486664424],[-107.33183499630832,39.53826955410473],[-107.33190931345031,39.538163443586434],[-107.3319784775199,39.53805390450134],[-107.33204233063685,39.53794118689339],[-107.33210072704419,39.53782554806213],[-107.33215353344093,39.53770725197534],[-107.33220062928636,39.53758656866651],[-107.33223178421629,39.537511451053106],[-107.33225797977815,39.53743446353437],[-107.3322791046986,39.53735593313746],[-107.33229506924329,39.53727619344336],[-107.33230580559814,39.5371955831699],[-107.33231126815731,39.53711444473296],[-107.33231143371697,39.537033122791925],[-107.33230688693682,39.53696126864173],[-107.33229812622633,39.53688980576983],[-107.33228518185486,39.53681898108941],[-107.33216570363024,39.536386402428576],[-107.33207197423702,39.53609558740417],[-107.3315727312742,39.534673557630384],[-107.33152068269052,39.53452527635728],[-107.3312922620306,39.534131468772216],[-107.33100532480938,39.53371443812892],[-107.33067416570609,39.53338773622318],[-107.33026015244157,39.53309520904439],[-107.32979730862766,39.53275488428166],[-107.32948850400291,39.532468379645785],[-107.32931962376543,39.53228476369172],[-107.3290891037857,39.53198449905081],[-107.32893189375108,39.53167869227569],[-107.32879765492578,39.531274856190024],[-107.32872637398276,39.53086975800929],[-107.32867417834066,39.53040736668594],[-107.3285774655092,39.52955561095767],[-107.32849293433304,39.52891092853133],[-107.32841898300514,39.528583127618745],[-107.32820959450348,39.52781492758833],[-107.32806148555129,39.52719787931031],[-107.32790930732615,39.52629562968708],[-107.32776873743774,39.52542314749384],[-107.32775609573291,39.52534320423718],[-107.3277373340186,39.52526447219122],[-107.3277125637685,39.52518741914652],[-107.32768193215637,39.52511250291781],[-107.32764562118153,39.52504016862378],[-107.32760384658755,39.52497084604244],[-107.32755685658036,39.52490494705754],[-107.32750493035356,39.52484286321136],[-107.32744837642956,39.52478496337832],[-107.32738753082644,39.52473159157333],[-107.32732275506157,39.524683064907755],[-107.32725443400355,39.52463967170533],[-107.32718297358552,39.52460166978905],[-107.32710879839331,39.52456928494928],[-107.32702313462148,39.52454634272895],[-107.32697739499203,39.52461445902228],[-107.32692703239881,39.52467923210562],[-107.32687229034426,39.52474034880205],[-107.32681343350536,39.52479751361322],[-107.32675074645412,39.52485045014812],[-107.32664352729252,39.52491586426305],[-107.32653303262146,39.52497557927555],[-107.32641956509377,39.525029431621924],[-107.32630343550514,39.52507727379675],[-107.32618496194281,39.525118974756886],[-107.32606446891434,39.525154420280415],[-107.32548414683788,39.525298939488756],[-107.32503503564644,39.52541077576352],[-107.32522946379191,39.52579924095785],[-107.32531084250526,39.52595868631532],[-107.32532798053595,39.525992568956475],[-107.32537905223073,39.52620456738851],[-107.32543282465205,39.52642776412138],[-107.32542210648117,39.526730567857626],[-107.32532585420715,39.529452409228966],[-107.32527837666629,39.529558730042474],[-107.32514029062422,39.529638440448196],[-107.3252147417939,39.52979758293722],[-107.325261198544,39.53004027759878],[-107.32527566607554,39.53047375879182],[-107.32520727695892,39.53210324507888],[-107.32519555146375,39.53332365549966],[-107.32516255695208,39.534252271979724],[-107.32511794889939,39.53546491661015],[-107.32510741211198,39.53559575952023],[-107.32509729063925,39.53597885807531],[-107.32500013798233,39.53786215556974],[-107.32499356075778,39.53798963086572],[-107.32498470252676,39.53816135947423],[-107.32496730323486,39.53906714044214],[-107.324924217768,39.54040180002064],[-107.32492413993828,39.54040399979851],[-107.32492303617781,39.54044552680945],[-107.32181707329504,39.54041245269028],[-107.30378855403362,39.54086667068808],[-107.30380019602885,39.54092630545688],[-107.3038068151217,39.541126401989516],[-107.3037838563332,39.541269877119376],[-107.30377319187825,39.54150607359417],[-107.30381554871728,39.54166970420357],[-107.30397529761397,39.541752348073565],[-107.30417836229184,39.541748320714646],[-107.30437194591303,39.54173732781817],[-107.30453856382236,39.54174832924773],[-107.30465050567764,39.54178186582544],[-107.30470848093093,39.541859374354964],[-107.30471321086733,39.54200230033612],[-107.30465262436364,39.54212507135385],[-107.3045463575089,39.542263045986445],[-107.30448671641305,39.54241440212567],[-107.30447108824944,39.54250052401827],[-107.30447510844529,39.54262201336021],[-107.30452528166008,39.54274257816778],[-107.30456645892036,39.542870483656635],[-107.3046194707482,39.54307681299135],[-107.30472738481961,39.5432677466336],[-107.30485258296227,39.54342258005586],[-107.3049015753398,39.54350742892409],[-107.3049337570168,39.54364265696387],[-107.30498274936157,39.54372749678429],[-107.3051233285742,39.5437890686222],[-107.30521587284116,39.5437943765375],[-107.30526296145386,39.54382204610314],[-107.3053105350302,39.54386401250671],[-107.30536970745939,39.54397725409529],[-107.30536378630526,39.54407748092351],[-107.3052932565132,39.544178998850924],[-107.30522390914327,39.544316241455256],[-107.30510769750417,39.54443296320305],[-107.30505563343212,39.5445341145868],[-107.30495598363889,39.544593299666566],[-107.3048568182236,39.54466677252281],[-107.30475694339586,39.54471881766749],[-107.30463741897482,39.544735486338716],[-107.3045006221883,39.544788254711804],[-107.30427340792092,39.54490003330421],[-107.30414748734803,39.54500264019984],[-107.3041119847491,39.545046254783635],[-107.304114112683,39.54511056471492],[-107.30405068518935,39.54514757988902],[-107.30394275774373,39.54523553223309],[-107.30385471546116,39.54536600056136],[-107.3037375540854,39.54545413583919],[-107.30258392449855,39.546599714556145],[-107.30248900743673,39.546801823498996],[-107.30237656792323,39.5470328835918],[-107.3023973804214,39.5473828717496],[-107.30240043738331,39.54739967360581],[-107.30240183858521,39.5474166937122],[-107.30239686884373,39.54745386281539],[-107.30238591790138,39.54748972808304],[-107.30236927758862,39.54752333374556],[-107.30234739135133,39.547553784249324],[-107.30232084243346,39.54758026812219],[-107.3022903383342,39.54760207959831],[-107.30225669195397,39.54761863742606],[-107.30222079993148,39.54762950035769],[-107.30203996546479,39.54774749973149],[-107.30185675636359,39.54779404051005],[-107.30174716848113,39.54783196908268],[-107.3017379936222,39.547844929152376],[-107.30173073914423,39.54785905409459],[-107.30172555019325,39.547874061300554],[-107.30172253058866,39.547889650509354],[-107.30172174074605,39.54790550981551],[-107.30172355897265,39.547921789303004],[-107.30162100325025,39.54793223688576],[-107.30151923778384,39.547948687357845],[-107.30141861363201,39.54797108397034],[-107.30131947791612,39.547999349462046],[-107.30122217262297,39.54803338632599],[-107.3011270334249,39.54807307714578],[-107.30108052623373,39.54807786207931],[-107.30103505292848,39.54808872453434],[-107.30099140416252,39.54810547564321],[-107.30095033886555,39.54812782415108],[-107.30091257104802,39.54815538148003],[-107.30087875738646,39.54818766848532],[-107.30084948580566,39.548224123786405],[-107.3008252652564,39.54826411352776],[-107.30080651686619,39.54830694239983],[-107.30079356661695,39.54835186572856],[-107.30078663967726,39.54839810242314],[-107.30079202275849,39.548441165024784],[-107.30080418973188,39.54848282231684],[-107.30082283053164,39.54852201269586],[-107.30084747011159,39.54855773742572],[-107.30099302689058,39.54876937956033],[-107.3010212447573,39.5488188877323],[-107.30104405076673,39.54887111026601],[-107.30106118748219,39.548925457667764],[-107.30107246146254,39.548981316458125],[-107.30107774544582,39.549038056096954],[-107.30107726609322,39.54908235441271],[-107.30105452445247,39.54923297785182],[-107.30103145152972,39.549262585774144],[-107.30100390684498,39.54928808634612],[-107.30097261112036,39.54930881233098],[-107.30093838322601,39.54932422142173],[-107.30090211875401,39.54933391043087],[-107.30086476658455,39.549337625840046],[-107.30082730405809,39.549335270433495],[-107.30079071140264,39.54932690584175],[-107.30075594608552,39.54931275092905],[-107.30072391776072,39.549293176066605],[-107.30069546446734,39.54926869344167],[-107.30068382602502,39.54925789736025],[-107.3006739279421,39.549245486209294],[-107.30066599163341,39.54923173761963],[-107.30066019462991,39.54921695913986],[-107.30065666660751,39.549201481356704],[-107.30065548648616,39.5491856504999],[-107.30065668066456,39.549169820697266],[-107.30062878479346,39.54914547195314],[-107.30057380444799,39.54907061391521],[-107.30051892532204,39.54898050140794],[-107.30046301706399,39.54888565243732],[-107.30040492633059,39.5487965944724],[-107.30034252916353,39.54871983811519],[-107.30027384146733,39.548647107229804],[-107.30020262515116,39.54857567863687],[-107.30012976890417,39.548504624814925],[-107.3000483068477,39.54843584946619],[-107.29996368615036,39.548367974441966],[-107.29988250679601,39.54829929247574],[-107.29981142570882,39.54822805915542],[-107.29975707712839,39.548152548551016],[-107.2997248368836,39.548071338933724],[-107.29970799344977,39.547985932570676],[-107.29970228079063,39.54789753105041],[-107.29970512931412,39.54780690597215],[-107.29971400521943,39.54771485525185],[-107.29972635116229,39.54762216826187],[-107.29973962144136,39.54752963414452],[-107.2997512590374,39.54743805127628],[-107.29976267995353,39.547348364610876],[-107.29980394693567,39.547263537609325],[-107.2998585561214,39.54718172577501],[-107.29991965600226,39.547100542180296],[-107.29997829332831,39.5470194973993],[-107.300025503559,39.54693811125605],[-107.30005235678543,39.54685589389164],[-107.30004157938838,39.54677234946896],[-107.2999959937848,39.546687665343235],[-107.29994010168274,39.54660238343293],[-107.29989717796462,39.546516898807305],[-107.29986486170637,39.54642984378875],[-107.29983465194827,39.54634208939117],[-107.29980191569386,39.546255348976146],[-107.2997620539609,39.54617130819915],[-107.29971067621422,39.54609162155439],[-107.29964813165044,39.54601629112321],[-107.29957887675134,39.54594354396683],[-107.29950749322867,39.545871523594485],[-107.29943855055954,39.54579835575014],[-107.29937628483442,39.545722289905775],[-107.29931489367478,39.5456445130009],[-107.29925328805261,39.545565875430086],[-107.29919480161362,39.54548619409714],[-107.29914281450489,39.54540528499226],[-107.29910068330283,39.54532295556842],[-107.29907510001848,39.54523853285278],[-107.2990836211644,39.54514946217371],[-107.29910709397174,39.545057888357675],[-107.29912003989477,39.54496679314378],[-107.29910460554815,39.5448781965512],[-107.2990797459493,39.54478960630084],[-107.29905002590776,39.54470076988473],[-107.29901698728051,39.544611863995996],[-107.29898211288074,39.54452303947034],[-107.29894692158906,39.54443448246784],[-107.29891294301505,39.54434635191083],[-107.29888167217139,39.54425881641732],[-107.29885462761764,39.54417205314993],[-107.29883332701424,39.544086212262854],[-107.29881926594562,39.54400148038412],[-107.29883581937719,39.54392166530103],[-107.2989379455478,39.54385664355985],[-107.29902656529792,39.543791726853556],[-107.2990252229659,39.543714058709035],[-107.2989896034588,39.543629789515315],[-107.29893388101354,39.54354424242604],[-107.29886728082998,39.54346227997286],[-107.29879849914812,39.54338825264138],[-107.2987263517399,39.54331836399025],[-107.29864959665572,39.543250593515005],[-107.2985689432438,39.5431849271716],[-107.29848513632903,39.5431213682339],[-107.29839889777317,39.543059929441135],[-107.29831094854356,39.54300059652475],[-107.2982220042975,39.54294284180304],[-107.29813230608566,39.54288550733692],[-107.29804186761635,39.542828655917354],[-107.2979506569747,39.542772378265205],[-107.29785868905641,39.54271677318448],[-107.29776593253976,39.54266194940244],[-107.29767236683976,39.54260798840653],[-107.29757800744453,39.54255500700721],[-107.29748282213947,39.54250308692184],[-107.29738680285755,39.54245233641752],[-107.29728994123401,39.542402854758066],[-107.29719214958325,39.54235480583969],[-107.29709193511746,39.5423094984732],[-107.29698914334574,39.54226718796272],[-107.29688425196268,39.54222754052832],[-107.2967777168912,39.54219026786776],[-107.29667002745538,39.54215503597432],[-107.29656166253949,39.542121547086076],[-107.29645308850964,39.54208947666278],[-107.29634355268433,39.5420575242484],[-107.29623206986524,39.54202615976956],[-107.29611916410339,39.54199821974903],[-107.29600534691136,39.54197651393213],[-107.29589114200412,39.54196386984351],[-107.29577704631268,39.541962656073544],[-107.29566288624538,39.54196902014432],[-107.29554855571067,39.54198045060424],[-107.29543404950739,39.541995731322636],[-107.29531939762431,39.542013654482844],[-107.29520459487611,39.54203300395386],[-107.29508963638214,39.54205257260788],[-107.29497454022977,39.54207114385407],[-107.29485931258928,39.54208749232786],[-107.29474396052908,39.54210041967435],[-107.2946284541045,39.5421090165619],[-107.29451254142569,39.54211481951769],[-107.29439628889345,39.54211843084098],[-107.29427980710653,39.542120028529204],[-107.29416319622047,39.54211982682297],[-107.29404656653502,39.54211799471732],[-107.29393005308842,39.542114745764984],[-107.2938137321823,39.542110276660665],[-107.29369771440916,39.54210476540412],[-107.2935818080212,39.54209839596451],[-107.2934659348852,39.54209126898503],[-107.29335010930177,39.54208346526573],[-107.29323432231399,39.5420750660657],[-107.29311855303965,39.54206614387031],[-107.29300282829546,39.542056806259936],[-107.29288712660517,39.542047107713366],[-107.29277143989904,39.54203715649953],[-107.29265577025309,39.54202701564154],[-107.29254013255681,39.54201678394598],[-107.29242449429631,39.54200653412771],[-107.29230887006355,39.54199635599015],[-107.29219323926831,39.54198633102185],[-107.29207765294035,39.541976241996686],[-107.29196219447458,39.54196508725528],[-107.2918468256587,39.54195311980766],[-107.29173152405487,39.54194071848042],[-107.2916162210054,39.541928272020996],[-107.29150090628836,39.54191617703314],[-107.29138551064837,39.54190480425739],[-107.29127000089777,39.54189455975937],[-107.29115433132915,39.54188582282402],[-107.29103843801087,39.541879126250905],[-107.29092206250462,39.54187545713184],[-107.29080530094103,39.541874200948584],[-107.29068832256185,39.54187448948561],[-107.29057128469006,39.541875445754016],[-107.29045435657918,39.54187620153932],[-107.29033768423166,39.541875889086086],[-107.29022143632058,39.54187362217415],[-107.2901057704885,39.54186853281979],[-107.28999084438371,39.541859753039674],[-107.28987646642837,39.54184676408177],[-107.28976035489963,39.541831655994066],[-107.28964307989713,39.54181442654455],[-107.28952593649936,39.54179447362182],[-107.2894101849025,39.54177119580704],[-107.28929708500914,39.541743982682995],[-107.28918791998021,39.54171222337892],[-107.28908393868377,39.5416753257225],[-107.28898642428048,39.541632678851364],[-107.2889003468552,39.54157831090024],[-107.28882807988406,39.54150831922051],[-107.28876434318616,39.54142879894131],[-107.28870388041821,39.54134586272635],[-107.28864140094261,39.54126564192163],[-107.28857159056912,39.541194259316754],[-107.28848856897726,39.541138668671685],[-107.28838225112914,39.54111171744653],[-107.28826129703641,39.541102874492175],[-107.28813942346449,39.54109508557251],[-107.2880231682382,39.54108015874245],[-107.28790416941649,39.54106849308141],[-107.28778671322597,39.541054904999555],[-107.287675790413,39.54103334118243],[-107.287576546249,39.540995366876665],[-107.28749762390325,39.54092426213049],[-107.28745134649341,39.54083918103651],[-107.28744165528016,39.54074782092479],[-107.28745086830358,39.540649611022765],[-107.28745825421616,39.54055351820627],[-107.28744310444756,39.540468490885964],[-107.28738784005452,39.54040204644366],[-107.2873055784493,39.54034792647377],[-107.28720627896705,39.540301853703916],[-107.28709616542915,39.540261309133506],[-107.28698144972842,39.5402237650066],[-107.28686832139047,39.54018672105831],[-107.2867614866636,39.54014857112148],[-107.28665190975961,39.54011514179581],[-107.28653943624805,39.54008527393326],[-107.28642713626272,39.5400557268748],[-107.28631810232339,39.540023232505085],[-107.28621541504113,39.53998451394518],[-107.28612233340414,39.539936056578206],[-107.28604310955008,39.53987234424067],[-107.28597578805481,39.53979690197678],[-107.28591675022695,39.539715756055514],[-107.28586249216639,39.53963488543204],[-107.28581567266747,39.53955269723654],[-107.28577589805776,39.53946747847636],[-107.28573851174778,39.53938128476955],[-107.28569889175371,39.539296162037715],[-107.2856523922618,39.53921413864634],[-107.28559542139936,39.53913638436727],[-107.28552992849298,39.539060959906045],[-107.28545671753596,39.53898931792321],[-107.28537618867408,39.53892336948159],[-107.28528879574789,39.53886488945037],[-107.2851966269154,39.53881120606893],[-107.28510106742654,39.538760210966004],[-107.28500280402415,39.538711557287805],[-107.28490248827153,39.53866488986537],[-107.2848007601041,39.53861985376049],[-107.28469830567391,39.53857608411918],[-107.28459577684042,39.538533234782406],[-107.28449194137248,39.5384931137922],[-107.2843846771813,39.53845806921405],[-107.28427574833911,39.53842548072736],[-107.28416700959204,39.53839265416197],[-107.28406031629046,39.53835691336074],[-107.28395759397412,39.538315238445605],[-107.2838606042721,39.538263513650456],[-107.28376695581204,39.53820616444539],[-107.28367342591409,39.53814958761943],[-107.28357676950233,39.53810020741913],[-107.28347379931579,39.53806443793513],[-107.28336408324553,39.53804329666902],[-107.28325067030765,39.53803076863006],[-107.28313455024421,39.53802439287689],[-107.28301671369711,39.538021735481585],[-107.28289817516983,39.53802038006934],[-107.28277990178563,39.53801788417278],[-107.28266288423515,39.5380118138745],[-107.2825464994069,39.53800303728991],[-107.28242852304616,39.53799611170447],[-107.2823106496555,39.53798806684088],[-107.28219471577395,39.537975650354596],[-107.28208258151156,39.53795561845421],[-107.28197583677712,39.53792500293709],[-107.28187220404921,39.537886380123],[-107.28177072251471,39.53784203018836],[-107.28167157874822,39.53779303057298],[-107.28157491221559,39.53774044162407],[-107.28148092080933,39.537685331551046],[-107.28138976782628,39.537628778252326],[-107.28130470567781,39.53756848359925],[-107.28123670945628,39.53749281750297],[-107.2811733021901,39.537413736882],[-107.28109891513297,39.537346493617406],[-107.28100407473707,39.5372991837273],[-107.2809005535634,39.53725788211837],[-107.28079140067925,39.537221898268406],[-107.28067859399052,39.53719194109425],[-107.28056409888138,39.537168692738234],[-107.28044990457288,39.53715285290085],[-107.28033546859294,39.53714313491219],[-107.28021844216202,39.537137098343045],[-107.28009995448923,39.537135117427184],[-107.2799811708426,39.53713760173198],[-107.27986322189913,39.53714497051746],[-107.27974727262765,39.537157624357114],[-107.27963447695784,39.53717598206384],[-107.27952563470572,39.53720101896152],[-107.2794197278123,39.537234692004766],[-107.27931625503334,39.537275551551915],[-107.27921487717649,39.53732176639554],[-107.27911525506006,39.53737150532658],[-107.27901702655136,39.537422946594006],[-107.2789198760379,39.53747426753301],[-107.27882404460603,39.53752501295948],[-107.2787314214871,39.53757922697044],[-107.27864131223453,39.53763631057107],[-107.27855275966414,39.53769510234004],[-107.27846480629981,39.537754431849606],[-107.27837633040575,39.537813086844544],[-107.27828414078643,39.53786990465779],[-107.27819076629531,39.53792643031269],[-107.27810065380255,39.53798486493622],[-107.2780183086171,39.538047417532184],[-107.27794817938951,39.538116343272605],[-107.27789258187889,39.53819449772402],[-107.27784965504432,39.53827976420603],[-107.27781705550066,39.538368440866755],[-107.27779249770651,39.53845681570541],[-107.27778465100985,39.53854634040524],[-107.27779069900902,39.53863806119483],[-107.27779522758622,39.53872921716811],[-107.27778286964325,39.538817064517026],[-107.27774117767397,39.5388991895764],[-107.27768001731577,39.538977335868694],[-107.2775692292525,39.53911448303774],[-107.27747334924926,39.53916597607875],[-107.27737863853496,39.539219428135354],[-107.2772839768352,39.53927296023723],[-107.27718825639323,39.53932472019251],[-107.27709035694761,39.53937282902324],[-107.27698917075564,39.539415434529666],[-107.27688356445958,39.539452748107315],[-107.27677378122225,39.539486512755545],[-107.27666110796348,39.539515162677354],[-107.276546853696,39.53953709561071],[-107.27643230389536,39.539550700750574],[-107.27631826316603,39.53955496231411],[-107.2762027669415,39.53955278370579],[-107.27608622001328,39.5395451570072],[-107.27596947405137,39.53953250697924],[-107.27585343945185,39.53951527525409],[-107.27573899172249,39.539493904150994],[-107.2756269944446,39.53946882721713],[-107.2755171956207,39.53944087823791],[-107.2754079516966,39.53941103537129],[-107.27529923397296,39.53937948837308],[-107.27519102420078,39.53934639075788],[-107.27508331722872,39.53931194082942],[-107.27497608288341,39.53927628332644],[-107.27486933897328,39.53923960709392],[-107.27476304457703,39.53920208410845],[-107.27465720499055,39.53916387643242],[-107.27455181417469,39.53912515535942],[-107.27444684312707,39.53908610164163],[-107.27434234071279,39.539046786396895],[-107.27423960496095,39.539004913908045],[-107.27413870845753,39.538960212483865],[-107.2740390410643,39.53891359498802],[-107.27394001707083,39.538866009840575],[-107.27384100366254,39.5388183883632],[-107.27374139127717,39.53877166142043],[-107.27364059360444,39.538726759419646],[-107.27353811223061,39.538684097523934],[-107.27343405318302,39.538642646609375],[-107.27332799890256,39.53860458605098],[-107.27321942905377,39.53857251165482],[-107.27310810785771,39.538548112741054],[-107.2729953905649,39.5385272816356],[-107.27288176885801,39.53850868436817],[-107.27276744661893,39.538491794416174],[-107.27265265069491,39.53847607579938],[-107.27253762044587,39.5384610193211],[-107.27242257109766,39.538446089230185],[-107.27230771846702,39.53843076778301],[-107.27219275119077,39.538415853876344],[-107.27207516171553,39.538407585846365],[-107.27195952445233,39.53839531548696],[-107.27185128732214,39.5383662783924],[-107.2717460787637,39.53832913679001],[-107.27164152447455,39.53828957685061],[-107.27153791898087,39.53824770993636],[-107.27143552368521,39.53820370211317],[-107.27133464532565,39.53815768252485],[-107.27123556767623,39.53810978977425],[-107.27113855154685,39.53806017192336],[-107.27104429761667,39.538008193647975],[-107.27095368357834,39.53795222515743],[-107.27086584344406,39.53789318430374],[-107.2707798345241,39.53783213458187],[-107.27069471441969,39.53777014848748],[-107.27060954072955,39.53770829851351],[-107.27052343817611,39.53764757475579],[-107.27043840637593,39.537585784943495],[-107.27035496142973,39.53752234240655],[-107.27027192261926,39.53745850447697],[-107.27018812114548,39.53739553725978],[-107.27010241058235,39.537334679391954],[-107.27001359945702,39.53727721543301],[-107.2699205747534,39.53722433831421],[-107.26982358424384,39.53717543957045],[-107.26972351805694,39.537129627912584],[-107.26962099059024,39.53708647690844],[-107.26951662845642,39.5370455779076],[-107.26941106901648,39.53700649502419],[-107.26930491562935,39.53696882006632],[-107.26919878298958,39.53693213561368],[-107.2690915764277,39.53689676935801],[-107.26898272931892,39.5368635431879],[-107.2688724979646,39.53683318183653],[-107.26876112615314,39.53680638325479],[-107.26864888092341,39.53678384494061],[-107.26853445427633,39.53676506089041],[-107.2684144386651,39.53674793542877],[-107.26829340879358,39.5367368207446],[-107.26817664295946,39.536736595860056],[-107.26806940809679,39.536752149049576],[-107.26796879926991,39.53679432102775],[-107.26787711134659,39.536861769694866],[-107.26780808195007,39.53694045189238],[-107.26777545714137,39.53702015321795],[-107.26778398332353,39.537112997491896],[-107.26782303851556,39.53720578639474],[-107.26788244955277,39.537280168593384],[-107.2679720980574,39.53733481600054],[-107.2680797235144,39.53737911220843],[-107.2681855899647,39.53742083900545],[-107.26829333074154,39.53745759208399],[-107.26840393000388,39.53749100991106],[-107.26851226791037,39.53752608442824],[-107.26861318946443,39.537567799273106],[-107.26870096944735,39.5376225636748],[-107.26877065281367,39.537696141194054],[-107.26882428751047,39.537779248460225],[-107.26886373277482,39.537863596786345],[-107.26889035502789,39.537951844234996],[-107.26891130460484,39.53804204033058],[-107.26893426303255,39.53813139537249],[-107.26896685431889,39.538217138795304],[-107.269016333045,39.538296588320684],[-107.26908240356693,39.538369596545195],[-107.26915824276618,39.53843887332923],[-107.26923689148867,39.53850723931423],[-107.26931134464056,39.53857753407526],[-107.26937555002561,39.538652560573254],[-107.26944237767181,39.5387334278066],[-107.26950753580698,39.538817688032225],[-107.26955703693804,39.5389024342638],[-107.26957683506127,39.53898475166936],[-107.26955929325325,39.53906559126944],[-107.26951891400793,39.539152597814365],[-107.26946020607161,39.53923988130167],[-107.26938641249326,39.539320558415476],[-107.26930081037467,39.539387718148454],[-107.2692066550859,39.53943449496865],[-107.26910594390786,39.53946612020899],[-107.26899926141091,39.53949232134618],[-107.2688876348097,39.53951355578867],[-107.26877209102639,39.539530271944706],[-107.26865365786298,39.53954294523645],[-107.2685333854971,39.53955202362557],[-107.26841228951326,39.539557964762565],[-107.26829140904354,39.539561234851554],[-107.26817177158885,39.53956230032813],[-107.26805440376755,39.53956160062185],[-107.26793923054247,39.53955897503922],[-107.26782399106577,39.53955324247194],[-107.26770865838316,39.53954464669334],[-107.26759329016062,39.53953352892592],[-107.26747793155437,39.539520203609115],[-107.26736267452432,39.5395049932782],[-107.26724755318037,39.53948823060706],[-107.267132659478,39.539470238131706],[-107.26701802722948,39.53945133952307],[-107.26690373705075,39.53943186654825],[-107.2667898573412,39.53941213319463],[-107.26667643236259,39.53939242689333],[-107.26656344845378,39.53937161275662],[-107.26645087817083,39.53934920482585],[-107.26633868028182,39.53932536607158],[-107.26622687169468,39.539300258330066],[-107.26611541117532,39.5392740445718],[-107.2660042813308,39.53924690532035],[-107.26589347551648,39.53921899386216],[-107.2657829641233,39.5391904729407],[-107.26567275301134,39.53916152262595],[-107.26556272071564,39.53913234348921],[-107.26545163453137,39.53910367129297],[-107.2653396269671,39.5390752872304],[-107.26522737697086,39.53904660147374],[-107.26511558733539,39.539017041751265],[-107.26500493789267,39.53898604525078],[-107.2648961198124,39.538953039932466],[-107.26478983560183,39.53891744452865],[-107.26468677643471,39.53887868700435],[-107.2645876215652,39.538836186549844],[-107.26449664584787,39.53878364352149],[-107.26441862754248,39.53871556831065],[-107.26435205658697,39.53863776525535],[-107.26429532145734,39.53855613976532],[-107.26424674776324,39.53847502186432],[-107.26420429942868,39.53839191065628],[-107.26416647876148,39.53830690740927],[-107.2641318160929,39.53822061735636],[-107.26409882954621,39.53813362794806],[-107.26406607242725,39.538046534956585],[-107.26403206316377,39.53795993483214],[-107.26399587160061,39.5378742060666],[-107.26396148377056,39.537787766450855],[-107.26392847440945,39.53770077742935],[-107.26389491284817,39.53761397934041],[-107.26385888093121,39.537528139303625],[-107.26381842562682,39.53744402511566],[-107.2637716395438,39.53736237665327],[-107.26371793428304,39.537282989153155],[-107.26365868121138,39.53720509713327],[-107.26359441705473,39.53712910454999],[-107.26352567941198,39.53705544237067],[-107.26345300558462,39.5369845325601],[-107.26337692124137,39.536916797310646],[-107.26329559555485,39.536853542576],[-107.26320782391329,39.536794935958014],[-107.2631159696056,39.53673922867223],[-107.26302241888439,39.536684662484525],[-107.26292954696174,39.536629497401584],[-107.26283974038722,39.536571984207534],[-107.26275251957189,39.53651240252531],[-107.26266622459563,39.53645194687253],[-107.26258049477782,39.53639097563331],[-107.26249496855982,39.53632982018037],[-107.26240929630265,39.53626882066234],[-107.26232308214844,39.5362083271361],[-107.26223598808484,39.53614867952177],[-107.26214765284342,39.53609021819133],[-107.26205762388803,39.53603333934767],[-107.26196521122499,39.53597865102655],[-107.2618708781363,39.5359257297806],[-107.26177535907496,39.535873903636954],[-107.26167940070766,39.53582251840555],[-107.26158372673989,39.53577092935499],[-107.26148908325692,39.53571846429304],[-107.26139619367504,39.5356644694894],[-107.26130580466699,39.53560829076337],[-107.26121777459586,39.535549507445815],[-107.26112995359438,39.53548855778678],[-107.26104433196954,39.535425105749766],[-107.26096337412275,39.53535872499512],[-107.26088952119244,39.53528898964263],[-107.26082522593512,39.53521547359104],[-107.26077156320366,39.5351375973715],[-107.26072583159166,39.53505529644475],[-107.26068705338211,39.534969634910105],[-107.26065436800916,39.534881701612264],[-107.26062694949765,39.534792575711656],[-107.26060394920336,39.53470335482676],[-107.2605852323738,39.534614906463986],[-107.26057767342738,39.53452538512417],[-107.26057905873063,39.53443469874306],[-107.26058411765007,39.534343562496915],[-107.26058760254206,39.534252682105254],[-107.26058425533162,39.53416279952754],[-107.26056900020953,39.53407453605583],[-107.26054492336901,39.53398583159859],[-107.2605143596578,39.53389692901596],[-107.26047638213076,39.533809738266434],[-107.26043006501055,39.53372620532006],[-107.26037444734237,39.53364826781905],[-107.26030799048367,39.53357727102512],[-107.26023003672074,39.53351194841037],[-107.26014360138561,39.53345092595248],[-107.26005190038728,39.53339291582583],[-107.25995810224433,39.533336604108165],[-107.2598654228572,39.53328070299307],[-107.25977457962234,39.533223297591334],[-107.25968159455567,39.53316621305844],[-107.25958445876918,39.53311530839422],[-107.25948119968704,39.53307648693158],[-107.25937181450225,39.53305073972008],[-107.2592593487835,39.53303116954627],[-107.25914469520278,39.53301588513269],[-107.25902869181039,39.533003104377386],[-107.25891217725166,39.53299106318837],[-107.25879600122647,39.5329779792436],[-107.25868099106759,39.53296209768671],[-107.25856755529679,39.53294202316441],[-107.25845317015228,39.5329192191823],[-107.25834126470218,39.53289071812536],[-107.2582367076137,39.53285238024339],[-107.25814264663873,39.5328015317112],[-107.2580550014738,39.53274222490809],[-107.25797112535034,39.532677871714746],[-107.25788867900238,39.53261167982557],[-107.25780533449144,39.53254684769919],[-107.25771874061711,39.532486574239556],[-107.25762655750486,39.53243404911442],[-107.25752696519068,39.53239163204512],[-107.25742137576684,39.53235694417763],[-107.25731125780185,39.53232827224469],[-107.2571979729341,39.53230419335549],[-107.25708283600817,39.53228327652395],[-107.25696718483846,39.532264081313464],[-107.2568523462039,39.53224518552553],[-107.25673867704201,39.53222647411916],[-107.2566242236877,39.53221048959901],[-107.25650911657475,39.53219658977687],[-107.25639363116937,39.532183940455454],[-107.25627803160751,39.53217171666765],[-107.25616260440995,39.53215906598509],[-107.25604760151333,39.532145145661254],[-107.25593331061556,39.53212913928374],[-107.25582000633491,39.532110185649245],[-107.25570806094206,39.53208720543885],[-107.25559771159465,39.53205961746367],[-107.25548854333431,39.532028618997316],[-107.25538007551357,39.53199553471554],[-107.25527186119267,39.53196165260148],[-107.25516344238008,39.53192827886945],[-107.25505434915854,39.53189671095451],[-107.25494350673569,39.531868609388184],[-107.25483082726771,39.53184341730031],[-107.25471820921686,39.53181832301145],[-107.2546075731497,39.531790478383556],[-107.25450085069245,39.53175701705269],[-107.25440006872446,39.5317137014155],[-107.25429227497057,39.53167517048163],[-107.25411188111488,39.53157867738373],[-107.25385097869757,39.53131028271892],[-107.25366316243017,39.530962342039935],[-107.25332727469923,39.530714941558394],[-107.25296807573451,39.530526578927],[-107.25283636048916,39.530353345452234],[-107.25280736668017,39.53023671596775],[-107.25094210466702,39.53027286772514],[-107.25142607034573,39.530419755169746],[-107.25181362592103,39.53070522376316],[-107.2521797637845,39.531108306864624],[-107.2522717922234,39.53161436244444],[-107.25185651694515,39.53203260070839],[-107.25116839044428,39.532592839124135],[-107.25087346590371,39.532832945473494],[-107.25023319442951,39.53331412352873],[-107.24941581483102,39.53377919525641],[-107.24922108209377,39.53399782567571],[-107.24879820078765,39.53418179905215],[-107.24758314966878,39.534049055153844],[-107.24680483928634,39.53416176878945],[-107.24612986599867,39.53435061630536],[-107.24620105330699,39.534993803374675],[-107.24572015173706,39.53572579990992],[-107.245364028059,39.53641631914591],[-107.24490328487667,39.536991658148885],[-107.24456859435523,39.537564569135725],[-107.24435364626424,39.5379398376089],[-107.2436597189508,39.53832435664804],[-107.24339120007122,39.538602998179336],[-107.24322793190048,39.53901633055446],[-107.24280374677365,39.53916124365498],[-107.24222453924381,39.539191955516394],[-107.2416648872874,39.53904649964082],[-107.24132960476355,39.53881857594978],[-107.24096849824492,39.53857162643436],[-107.24072276854872,39.53799038937845],[-107.24032401038558,39.53657221948339],[-107.23945256480819,39.53535847051912],[-107.23858490279105,39.534261851455796],[-107.23781873964087,39.53318279353379],[-107.23687551946254,39.532087607130464],[-107.23608232090768,39.530950461480344],[-107.23529165382651,39.52989138924407],[-107.23442351340715,39.528775205170305],[-107.23350248609998,39.527581902815335],[-107.23263377883539,39.526446183341534],[-107.23205549036459,39.52571505952281],[-107.23165926615833,39.52515623304446],[-107.23078937071706,39.52398145759504],[-107.22904904542455,39.52161236394951],[-107.22847333277291,39.5209592997763],[-107.22793406647601,39.52065711942843],[-107.22755101825558,39.52050820711055],[-107.22707026374646,39.52045882644477],[-107.22654098469023,39.520468969741685],[-107.2260431319432,39.52067382897876],[-107.22541864485909,39.52086157948811],[-107.22499826764742,39.521123555545465],[-107.22465413435135,39.52140360240355],[-107.22428478241949,39.52168413101277],[-107.22376296702919,39.52192850336549],[-107.22334506795521,39.52226855425155],[-107.22289948139944,39.5225310051727],[-107.22227806948177,39.522816349355686],[-107.22191616854073,39.52333111254049],[-107.22154805144909,39.523650673025315],[-107.22123219613773,39.52402782942139],[-107.22081988238547,39.52454355294667],[-107.22052922470026,39.52492022583798],[-107.2202718665998,39.525550187250964],[-107.22010723121531,39.52592445089468],[-107.21991988720183,39.526377276327764],[-107.21938585975889,39.52703204444974],[-107.21889043679496,39.52731496417299],[-107.21811461984778,39.52750557477252],[-107.21750965303433,39.52751712224589],[-107.21695635257905,39.52756674485094],[-107.21618735624001,39.527972064984],[-107.21570841795598,39.527981199188545],[-107.21505552640564,39.52807177599771],[-107.21475490740399,39.528136111792364],[-107.21453113699208,39.5282380372214],[-107.21438858118388,39.52851420286207],[-107.21429891989818,39.52886749748866],[-107.21431877158726,39.529492162643386],[-107.21433737151581,39.530077787504304],[-107.2142777485017,39.53027259553294],[-107.21426439060546,39.5304175025361],[-107.21424235070603,39.53050594288098],[-107.21422042731321,39.53059439001],[-107.21419813008396,39.53068279020298],[-107.21417447918698,39.530771063030535],[-107.21414287799684,39.53085920807187],[-107.21410854033347,39.530947279121825],[-107.21408051959978,39.5310353378965],[-107.21406785704521,39.53112342833256],[-107.2140760935919,39.53121164304988],[-107.21409547233125,39.531300113918206],[-107.21412229096816,39.531388758327196],[-107.21415393986767,39.53147746383627],[-107.21418778669921,39.53156613645797],[-107.21422119883258,39.53165467320417],[-107.21425156716487,39.53174297965076],[-107.21427624712562,39.531830944033786],[-107.21429261767189,39.53191846315185],[-107.21429805803385,39.53200544280776],[-107.21428737806175,39.532091846778734],[-107.21425887837752,39.53217765339179],[-107.21421712677419,39.53226272152876],[-107.2141666680997,39.53234691951855],[-107.21411207048013,39.53243011525138],[-107.21405790206461,39.532512176624465],[-107.21400724767601,39.532593522345046],[-107.21395610845893,39.532675724150835],[-107.213902617404,39.532757511276564],[-107.21384537535512,39.532837324752414],[-107.21378301832374,39.53291361394475],[-107.21371415878036,39.53298481965577],[-107.21363712709187,39.53304965833552],[-107.21354980953001,39.53310898106994],[-107.21345409032698,39.53316276995813],[-107.21335243729229,39.533210698680904],[-107.21324730719239,39.53325245915535],[-107.21314112049126,39.53328769895204],[-107.2130320048751,39.533315345593756],[-107.21291878017767,39.53333597111366],[-107.21280291475894,39.53335111514228],[-107.21268583103338,39.53336233620928],[-107.21256898600394,39.533371183182034],[-107.21245320286211,39.533378298060434],[-107.21233702053934,39.5333816365424],[-107.21222042313643,39.5333821629183],[-107.21210362653669,39.53338117941681],[-107.21198682364539,39.53337999771412],[-107.21187023004252,39.53337991103725],[-107.21175402698836,39.5333822312859],[-107.21163843004575,39.53338825168917],[-107.21152320396777,39.5333986253923],[-107.21140711918157,39.53341163701542],[-107.21129109749019,39.53342773749264],[-107.21117624339693,39.533447635552875],[-107.21106367302978,39.533472039708165],[-107.21095451442812,39.53350166725734],[-107.21084979669617,39.53353741757075],[-107.21074926129738,39.533581043373225],[-107.2106523109359,39.53363132177396],[-107.21055849082597,39.533686387511864],[-107.21046733513535,39.53374439355269],[-107.2103783661272,39.53380348407775],[-107.21029324016577,39.5338641591272],[-107.21021701238074,39.533932097470796],[-107.21014411179534,39.53400296354247],[-107.21006801655929,39.53407142180424],[-107.2099857510948,39.53413499725121],[-107.20990210238365,39.534197517841264],[-107.20981757193076,39.534259388458196],[-107.20973248082645,39.534320828224395],[-107.20964711556351,39.5343820659304],[-107.20956177454792,39.53444333915022],[-107.20947676695693,39.53450485822626],[-107.20939237985436,39.53456686995925],[-107.20930892241753,39.53462958469325],[-107.20922704368111,39.534693656773136],[-107.20914734845199,39.534759813460504],[-107.20906893437322,39.53482711693669],[-107.20899081540907,39.53489455889758],[-107.20891201686668,39.5349611218115],[-107.20883156462482,39.53502580615175],[-107.2087484720787,39.53508758559858],[-107.20865056823311,39.535133222694206],[-107.2085372891805,39.53516071004947],[-107.2084459823662,39.5352492947725],[-107.20839877049126,39.535309941482154],[-107.20842103843111,39.53525411136181],[-107.20845991025314,39.53517592000603],[-107.20850758975045,39.53508378608027],[-107.20855637799126,39.534985892169495],[-107.20859858887431,39.53489045666396],[-107.20862889107248,39.53480253600198],[-107.20865283124934,39.53471432184717],[-107.20867201763194,39.53462516199298],[-107.2086872458605,39.53453556385267],[-107.20869933482732,39.53444603439664],[-107.2087056953863,39.53435601021724],[-107.2087024191926,39.53426552056726],[-107.20868898647859,39.53417615194436],[-107.20866804470235,39.53408773689683],[-107.208642229319,39.533999729812926],[-107.20861279050885,39.53391229611836],[-107.20858099007319,39.53382560101879],[-107.20854257079085,39.53374077951851],[-107.2084974316686,39.53365758127156],[-107.2084596228954,39.53356852279831],[-107.20841431804185,39.53349073321368],[-107.20830764540061,39.533478066669666],[-107.20818619803863,39.53348159116193],[-107.20806454018452,39.533494993663076],[-107.20795127561937,39.53351478625802],[-107.20783970328034,39.533542087326744],[-107.20772880282613,39.53357297021191],[-107.2076179081202,39.53360330331847],[-107.20750631759712,39.53362893770332],[-107.20739337708342,39.53364575054781],[-107.20727879315477,39.53365255820135],[-107.20716335706072,39.53365523767599],[-107.20704731684637,39.53365464013585],[-107.20693082860387,39.53365128515046],[-107.20681409436249,39.53364567339898],[-107.20669728212062,39.53363833323549],[-107.20658057036009,39.533629756778694],[-107.20646416195544,39.53362047172184],[-107.20634822432416,39.53361098841377],[-107.20623262420771,39.533601507589836],[-107.20611684707336,39.5335915795491],[-107.20600102561318,39.53358098554964],[-107.20588528174825,39.53356953408229],[-107.20576973683079,39.533557015630606],[-107.20565451249928,39.53354322968246],[-107.2055397306786,39.53352798473002],[-107.20542552463736,39.53351108004129],[-107.20531200438997,39.53349231532624],[-107.20519931426497,39.53347147162545],[-107.20508768978989,39.53344753543496],[-107.20497708076337,39.53342039059021],[-107.20486731033138,39.53339069812542],[-107.20475817724065,39.53335908350022],[-107.2046495037744,39.533326180736175],[-107.2045410778989,39.53329264252377],[-107.20443273323261,39.53325909365889],[-107.20432425744949,39.53322617782705],[-107.20421576506172,39.53319346942049],[-107.204107843123,39.533158930220765],[-107.20400037740978,39.53312299484017],[-107.20389318649353,39.53308618024881],[-107.20378613602308,39.53304902054167],[-107.203679057046,39.53301205947879],[-107.20357179166486,39.53297582259149],[-107.20346419389166,39.532940844193874],[-107.2033561061077,39.532907658820164],[-107.20324737069102,39.53287680100405],[-107.20313781838891,39.53284880549924],[-107.20302731482813,39.53282420639741],[-107.20291556455379,39.53280359489943],[-107.2028019229945,39.53278755981474],[-107.20268665894278,39.53277577170901],[-107.20257017873124,39.53276783547672],[-107.20245288727124,39.532763310994625],[-107.20233517927247,39.532761803380644],[-107.20221747213309,39.53276289930578],[-107.20210015942979,39.53276616787564],[-107.2019836588513,39.532771204768174],[-107.20186810788866,39.53277757493608],[-107.20175138319776,39.532785093388306],[-107.20163359287368,39.53279423556369],[-107.20151558153093,39.53280558907546],[-107.20139819349612,39.53281973253641],[-107.20128226174994,39.53283725378706],[-107.20116864224114,39.53285873122683],[-107.20105816794599,39.532884752702856],[-107.20095169452584,39.53291588761688],[-107.20085043706395,39.532953770666836],[-107.20075598406513,39.53300228179523],[-107.20066700437829,39.53305942815816],[-107.20058187866464,39.533122564689236],[-107.20049898731011,39.533189037312745],[-107.20041671156069,39.53325621895964],[-107.2003334199029,39.533321446760894],[-107.20024841711194,39.53338333744512],[-107.20016563806294,39.53344712294826],[-107.20008429883305,39.533512295582305],[-107.20000269198285,39.533577103847975],[-107.19991909844663,39.53363979646126],[-107.19983179972928,39.53369864014098],[-107.19973929346227,39.53375211373075],[-107.19964300489544,39.53380187496632],[-107.19954401465053,39.53384898449174],[-107.19944287097245,39.53389385535674],[-107.19934014649837,39.53393693618807],[-107.19923638975628,39.53397864904305],[-107.19913213792972,39.53401942520487],[-107.19902796308456,39.53405969529844],[-107.19892305233765,39.53409840260684],[-107.19881655311933,39.534134707383416],[-107.19870905113979,39.534169472437775],[-107.19860112019347,39.53420355179784],[-107.1984933230113,39.53423781772163],[-107.19838623366385,39.534273133245314],[-107.19828044947351,39.5343103609674],[-107.19817653287541,39.53435036414856],[-107.19807368320025,39.53439247323769],[-107.19797117208569,39.534435729016785],[-107.19786951003836,39.53448045517214],[-107.1977692535082,39.534526956504195],[-107.19767092434539,39.53457554747907],[-107.19757506765612,39.534626542124634],[-107.19748220529112,39.53468025491028],[-107.19739269489031,39.534736958366196],[-107.19730600580819,39.53479642829498],[-107.19722158611562,39.53485813458509],[-107.19713889579644,39.53492155590724],[-107.19705739398323,39.53498614391877],[-107.19697654066098,39.53505137728723],[-107.19689579524717,39.53511671667079],[-107.19681461744342,39.535181631730026],[-107.19673247857985,39.53524559190417],[-107.19664961860009,39.53530882689547],[-107.1965671884369,39.535372414072704],[-107.19648499721457,39.535436203887876],[-107.19640282994955,39.53550002022046],[-107.19632048300245,39.5355636777256],[-107.19623774138975,39.53562700028154],[-107.19615439012792,39.535689811765984],[-107.19607022557773,39.53575192683222],[-107.19598503275583,39.53581316935673],[-107.19589835730379,39.53587315151725],[-107.19581010392625,39.535931803037464],[-107.19572075052264,39.53598952029881],[-107.19563075145206,39.536046691119765],[-107.19554058461341,39.53610371188467],[-107.19545071627707,39.53616097919907],[-107.19536161299679,39.536218898673745],[-107.19527375238665,39.536277857693506],[-107.19518735255059,39.53633813142731],[-107.19509943294626,39.53639818155164],[-107.1950105466246,39.536458204827596],[-107.19492273591614,39.53651913566975],[-107.19483803095862,39.53658189071074],[-107.19475847437283,39.53664741338081],[-107.1946860738993,39.536716647774014],[-107.19462237668846,39.53679032145697],[-107.19456392119102,39.53686713942971],[-107.19450934519449,39.53694633461494],[-107.19445828794258,39.53702753544302],[-107.19441039945646,39.53711034311198],[-107.19436531841238,39.537194368042556],[-107.19432269483079,39.53727921143116],[-107.19428216767034,39.5373644927011],[-107.19424338695006,39.537449813047516],[-107.1942060874907,39.53753488017472],[-107.1941719097634,39.53762079826969],[-107.19414134047328,39.53770787346767],[-107.19411419669675,39.53779583894803],[-107.19409028501572,39.537884464125035],[-107.19406943470153,39.53797349996543],[-107.19405145148428,39.53806268887096],[-107.19403615385629,39.53815180903904],[-107.19402536269229,39.53824104230708],[-107.1940206509884,39.53833082745287],[-107.19402027958294,39.53842099010663],[-107.19402247470313,39.5385113655609],[-107.19402547391196,39.53860177988482],[-107.19402751533046,39.5386920771557],[-107.19403337124348,39.538784158298114],[-107.19404331962177,39.53887687388633],[-107.19400049277726,39.53895345949828],[-107.19388931217254,39.53897924432397],[-107.19378395181025,39.53893824163371],[-107.19369000621144,39.53888135622207],[-107.19359978023967,39.53882434644823],[-107.19351042203736,39.53876606793232],[-107.19342296514398,39.53870608673816],[-107.19333846635489,39.5386439684936],[-107.1932579475776,39.53857927948796],[-107.19318263067699,39.538511284932994],[-107.19311246204765,39.53843976061917],[-107.19304573226334,39.538365846961334],[-107.19298069899796,39.5382907480558],[-107.19291558532525,39.5382156776572],[-107.19284866026904,39.538141830630316],[-107.19278328114751,39.53806571108003],[-107.1927209832363,39.53798619090409],[-107.1926574097091,39.53790791101646],[-107.19258821508568,39.53783550309831],[-107.19250904282033,39.53777361704739],[-107.19241655799836,39.53772535189515],[-107.19231302510842,39.53768761074154],[-107.1922018405621,39.53765777084256],[-107.19208635794557,39.53763332739345],[-107.19196989738589,39.53761182127943],[-107.191855744137,39.53759079405659],[-107.19174264969769,39.53757013414512],[-107.1916288847946,39.537550721038876],[-107.1915145600272,39.5375327418442],[-107.19139978627678,39.537516392671904],[-107.19128468576844,39.53750186041004],[-107.19116935746891,39.53748933238572],[-107.19105390091006,39.537479013934394],[-107.19093834385197,39.537471418060235],[-107.19082208006019,39.537469096806554],[-107.19070523889255,39.53747098463935],[-107.1905880989398,39.537475211387026],[-107.19047097482336,39.537479942236715],[-107.19035415622133,39.53748328879141],[-107.19023794615183,39.5374834164592],[-107.1901226462295,39.53747844562947],[-107.19000841823437,39.53746685969897],[-107.18989439419569,39.53745065706848],[-107.18978058088285,39.53743079259274],[-107.18966733565901,39.537407529815],[-107.18955500538874,39.53738116851488],[-107.18944392417349,39.537351972676795],[-107.18933443802368,39.5373202150713],[-107.18922688188462,39.537286186697195],[-107.1891220848603,39.53724887190953],[-107.18902131584015,39.53720495842688],[-107.18892337414862,39.53715622568702],[-107.18882688775896,39.53710492483332],[-107.1887304956975,39.537053288777926],[-107.18863282507027,39.537003541643855],[-107.18853250353983,39.53695792555767],[-107.18842965649009,39.53691598768772],[-107.18832580490026,39.536875032637134],[-107.18822098220679,39.53683538410713],[-107.18811514044523,39.53679736733204],[-107.18800829120507,39.536761351470865],[-107.18790039842861,39.536727670542724],[-107.18779144959547,39.536696667132816],[-107.18768087536604,39.53666947811693],[-107.18756833676952,39.53664642519723],[-107.18745447744872,39.53662614486001],[-107.18733998700242,39.536607254710184],[-107.18722553234645,39.5365883908008],[-107.18711176849405,39.5365681804023],[-107.18699937344078,39.536545241345706],[-107.18688901440993,39.536518218695065],[-107.18678124771903,39.53648593078037],[-107.18667534234035,39.536449922942616],[-107.1865707610027,39.536411241363936],[-107.18646729662625,39.53637033139898],[-107.18636472028508,39.53632768385903],[-107.18626277894637,39.53628376298044],[-107.1861612663707,39.53623904112747],[-107.186059941149,39.53619398231617],[-107.18595856243498,39.53614906856965],[-107.18585692341736,39.53610475424215],[-107.18575479430866,39.53606150312875],[-107.1856525802079,39.53601850578245],[-107.18555063344411,39.5359751249265],[-107.18544898720842,39.53593130588169],[-107.18534769851365,39.53588701153929],[-107.185246812462,39.535842196005554],[-107.18514616400024,39.53579679031162],[-107.18504537622597,39.53575064838864],[-107.18494535444967,39.535703699155654],[-107.18477252869023,39.53559876579261],[-107.18471103633134,39.53552230720987],[-107.18464946412443,39.53544589514023],[-107.18458800664257,39.53536942682309],[-107.1845268241385,39.53529281816215],[-107.18446758580414,39.53521512783799],[-107.18441115843383,39.53513579900065],[-107.18435168323515,39.53505833829832],[-107.18428322996533,39.534986199654504],[-107.18420817306395,39.53491718519955],[-107.18412893952987,39.534850402424944],[-107.18404543787275,39.53478701523834],[-107.18395758822382,39.5347281873282],[-107.18386370276379,39.53467612164453],[-107.18376255110601,39.53463128275294],[-107.18365849866036,39.53458929116546],[-107.1835560577828,39.53454562950826],[-107.18345974056322,39.53449577141882],[-107.18337087876846,39.534438403559285],[-107.18328588560021,39.53437713399193],[-107.18320333995388,39.5343133948753],[-107.18312177449207,39.53424862824177],[-107.18303979051487,39.53418423879272],[-107.18295594337276,39.534121650107615],[-107.18286871012168,39.53406238633472],[-107.18277395566957,39.534010381121675],[-107.18267453639713,39.533962850980075],[-107.18257667621593,39.533913831961364],[-107.18248580766519,39.533858095745025],[-107.18239943206463,39.533797959618944],[-107.18231553063879,39.53373546157072],[-107.1822329636627,39.53367173115309],[-107.18215065039514,39.53360792383559],[-107.1820667838059,39.533545037548535],[-107.1819820021499,39.5334822764951],[-107.18190051532858,39.53341772372231],[-107.18182656699284,39.533349425617914],[-107.18177247834276,39.53326958303547],[-107.1817430467327,39.533181664584276],[-107.181738933203,39.53308857687702],[-107.18174033450076,39.53299474595379],[-107.1817170846379,39.53291065747614],[-107.18165506659861,39.53283728823727],[-107.18157134399503,39.53276855184694],[-107.18147407881365,39.53271133126112],[-107.18137122873908,39.5326726754595],[-107.18126252344568,39.53265547247267],[-107.18114622416748,39.53265324121686],[-107.18102614755725,39.532658567462455],[-107.18090612222555,39.53266404577917],[-107.18078916570433,39.532663862599684],[-107.18067282101248,39.532663154290226],[-107.18055647680785,39.53266283325401],[-107.18044012809018,39.53266236803734],[-107.18032382912854,39.53266126211137],[-107.18020759818513,39.53265898358597],[-107.18009144550648,39.53265400069123],[-107.17997533294272,39.53264435011969],[-107.17985935409975,39.53263413834744],[-107.17974358091308,39.53262789569391],[-107.17962779869453,39.53262954522494],[-107.1795111482357,39.53263840033417],[-107.17939595778843,39.53265487682069],[-107.1792848130256,39.53267980910052],[-107.17917435622437,39.532711115952445],[-107.17906683932054,39.53274937678482],[-107.17896799936308,39.53279686246514],[-107.17888142026213,39.53285470404094],[-107.17880143333882,39.532919097812304],[-107.17872587913018,39.53298795809573],[-107.17865321155135,39.53305946698779],[-107.17858187429928,39.53313185181885],[-107.1785103340455,39.53320333047533],[-107.17843823652218,39.53327410780339],[-107.17836653496123,39.53334527407186],[-107.17829592469887,39.533417113551536],[-107.17822714645874,39.53348987362688],[-107.17816090720913,39.53356383835387],[-107.17809793605043,39.53363925533799],[-107.17803841464145,39.533716724801],[-107.17798269436116,39.53379632124483],[-107.17793154444014,39.53387771493073],[-107.17788572164189,39.53396054932666],[-107.17784779765408,39.53404520867977],[-107.17782813210218,39.53413556200179],[-107.17781391491572,39.53422713755991],[-107.17778760350451,39.53431369640605],[-107.1777336437057,39.53438971007498],[-107.17765542176787,39.53445631329606],[-107.17756622429583,39.53451795985005],[-107.17747902425346,39.53457911843802],[-107.17739506410163,39.53464231540685],[-107.17731047193924,39.534705398029466],[-107.17722314492424,39.53476548670245],[-107.17713101595004,39.53481972817418],[-107.17703224045141,39.534865688452406],[-107.17692789490454,39.53490505010504],[-107.17681986562886,39.53494009316112],[-107.17670987792297,39.53497278534818],[-107.1765996692683,39.53500511219034],[-107.1764909998313,39.53503904077491],[-107.17638559572947,39.53507656586138],[-107.17628519385761,39.535119654985614],[-107.17619060854017,39.53517016683894],[-107.17610051386356,39.53522811725978],[-107.17601575249341,39.535292175121405],[-107.17593728367143,39.53536101612479],[-107.17586605389829,39.53543328017394],[-107.17580303688001,39.53550773279441],[-107.17574844023291,39.535586550357785],[-107.17570176020585,39.53566999456871],[-107.17566258656727,39.53575647847536],[-107.17563049830432,39.535844442353635],[-107.17560505030546,39.53593229990099],[-107.1755919860573,39.53602028592705],[-107.17559624003745,39.53611029908806],[-107.17560708590281,39.53620126091753],[-107.17561353833665,39.53629199869747],[-107.17561393667927,39.53638484990123],[-107.17561483378284,39.53648137656022],[-107.1755906232749,39.536567138791256],[-107.17552460684293,39.536633142662936],[-107.17544048806916,39.53669251226161],[-107.17534492757379,39.53674690667884],[-107.17524215407833,39.536796489966356],[-107.17513640822942,39.53684143497454],[-107.1750317540094,39.536881845801624],[-107.17492539791631,39.53691619811915],[-107.17481556830042,39.53694513771615],[-107.17470352476107,39.53697062304791],[-107.17459049256493,39.5369946312357],[-107.17447769584383,39.53701910338953],[-107.17436638253832,39.53704599819739],[-107.17425607608044,39.53707458582081],[-107.17414585739118,39.537103378911134],[-107.17403571343607,39.53713233266614],[-107.17392563230489,39.53716143829956],[-107.17381560096352,39.53719065100906],[-107.17370559531152,39.53721994421785],[-107.17359562613419,39.537249290696366],[-107.17348565770278,39.53727866408524],[-107.17337586377366,39.537308412496216],[-107.17326623355949,39.53733856315938],[-107.17315666644546,39.53736887470651],[-107.17304706097542,39.53739907875689],[-107.17293731681816,39.5374289429455],[-107.1728273208918,39.537458199108215],[-107.17271697174435,39.53748657886302],[-107.17260437814765,39.53751052287001],[-107.17249016715941,39.53753110952075],[-107.17237725528425,39.537553806969505],[-107.17226854596375,39.53758403857984],[-107.17216392461464,39.537622608332185],[-107.17205895213321,39.537662608022174],[-107.17195445150249,39.53770431056118],[-107.17185141636807,39.53774823793321],[-107.1717508522848,39.537794920912425],[-107.17165374155049,39.53784489071109],[-107.17156110106933,39.53789866888825],[-107.17147379460933,39.537956716802995],[-107.1713906376849,39.538018362889375],[-107.17131059445803,39.538082851716105],[-107.1712330788417,39.538149671703806],[-107.17115750418792,39.538218293263164],[-107.17108329491643,39.538288168577985],[-107.17100984168324,39.538358786498534],[-107.17093655755966,39.53842960842681],[-107.17086286780676,39.53850011355419],[-107.17078817386648,39.53856976349713],[-107.17071187746113,39.538638028874495],[-107.17063350277448,39.53870457621994],[-107.17055336646551,39.53876985908695],[-107.17047221910795,39.538834440044354],[-107.17039082150194,39.53889883642557],[-107.17030993557051,39.538963601582225],[-107.1702303334633,39.53902924363072],[-107.17015395292592,39.53909745616169],[-107.17008369764508,39.539171058907826],[-107.17001484725142,39.53924568945842],[-107.1699420329323,39.53931633982458],[-107.1698598623352,39.5393779934342],[-107.16976630412718,39.539428940402374],[-107.16966900466127,39.53947670481064],[-107.16956900230741,39.53952212314144],[-107.16946672272464,39.53956541267165],[-107.16936261595208,39.53960682626142],[-107.16925708467156,39.53964659062874],[-107.16915058999024,39.53968494041146],[-107.1690435581281,39.53972211090042],[-107.16893641530466,39.539758337388086],[-107.16882955201089,39.539793828807504],[-107.168722298667,39.53982838143521],[-107.16861440826331,39.53986190978783],[-107.16850593012299,39.53989450303581],[-107.16839694761502,39.53992622268655],[-107.16828753247924,39.53995713046473],[-107.16817773375755,39.539987306537455],[-107.1680676234695,39.540016821633984],[-107.16795727335399,39.540045737479716],[-107.1678467551498,39.54007411580046],[-107.16773611817781,39.54010204576829],[-107.16762544552502,39.54012957988845],[-107.1675143170065,39.540155554792676],[-107.16740128320646,39.540176393804344],[-107.16728700405568,39.5401938594366],[-107.1671723049413,39.54021017059249],[-107.16705802398683,39.54022758197807],[-107.16694309683663,39.54025377133913],[-107.16682892458138,39.540273558924234],[-107.16671927221773,39.540260225052684],[-107.16661245335779,39.54022613489698],[-107.16650675827512,39.540183654059156],[-107.16640076190839,39.54014307970103],[-107.16629355234629,39.54010801452118],[-107.16618619927104,39.54007319516761],[-107.1660802100337,39.54003620607633],[-107.16597533399143,39.53999684471002],[-107.16587092031635,39.53995625837441],[-107.1657695589975,39.53991204736675],[-107.16567428167707,39.53986104698029],[-107.16558837323913,39.53979813278162],[-107.16550482193097,39.53973318353096],[-107.16541472945288,39.53967902312947],[-107.16530838337651,39.539649986165536],[-107.16518946230268,39.53964201292652],[-107.16507212009829,39.5396350462115],[-107.1649555871773,39.53962454166546],[-107.16483860065962,39.53961291929275],[-107.1647215404522,39.53960191981566],[-107.16460480886872,39.53959325651287],[-107.16448877388375,39.53958866132307],[-107.16437385025638,39.53958987432427],[-107.16426044446317,39.539598743861895],[-107.16414922237006,39.53961872611431],[-107.16403979017488,39.539648008546514],[-107.163931372807,39.53968299287423],[-107.16382319465767,39.539720062801536],[-107.16371449204746,39.53975561081659],[-107.16360448996815,39.539786038624875],[-107.16349310995261,39.53981181616684],[-107.16338083706574,39.53983544799837],[-107.16326798161947,39.539857558989375],[-107.16315485476119,39.539878801023235],[-107.16304170820605,39.53990016043481],[-107.16292834394157,39.53992425360479],[-107.16281471676389,39.53994812632659],[-107.16270083705734,39.53996761611362],[-107.16258673905071,39.539978578053855],[-107.16247012435883,39.5399800639031],[-107.16234864237785,39.539976189601404],[-107.16222825429173,39.53996444772145],[-107.1621152598309,39.539941991216146],[-107.16201603566459,39.539905827481526],[-107.16194123718974,39.539843487621475],[-107.16188278295292,39.539761518655546],[-107.16182376911027,39.53967801047216],[-107.16174769454035,39.53961053190104],[-107.16165611297176,39.539556657529324],[-107.16155669723904,39.53950904614561],[-107.1614530431363,39.53946545959519],[-107.16134878190644,39.53942367709447],[-107.16124525838669,39.53938279071454],[-107.1611400278242,39.539344260391466],[-107.16103336483728,39.53930793686412],[-107.16092567000791,39.53927360546438],[-107.16081728018692,39.53924087252499],[-107.16070838340701,39.539206797517224],[-107.16059861671388,39.539173558429106],[-107.16048763039116,39.53914526099057],[-107.16037502706298,39.53912597577929],[-107.16026038146072,39.53911699902744],[-107.16014370533328,39.53911158254887],[-107.16002578123778,39.53910907212881],[-107.15990737471782,39.53910939046677],[-107.15978928648374,39.53911246862095],[-107.15967228208052,39.539118229297195],[-107.15955717440764,39.53912662135204],[-107.15944474008317,39.53913754927307],[-107.15934742962668,39.53918405299952],[-107.1592937450857,39.53926671100337],[-107.15926564579867,39.53935607389569],[-107.15926213518351,39.53944701590742],[-107.15928492408698,39.53953354108999],[-107.15932187986525,39.53961913628265],[-107.1593639250917,39.539704501731116],[-107.15940200415963,39.53979029224036],[-107.15943406019309,39.53987696948112],[-107.1594641322919,39.539964206125035],[-107.15949407710846,39.540051463143755],[-107.1595257856324,39.54013818285009],[-107.15956111536985,39.54022385322353],[-107.15960180698437,39.54030794639432],[-107.1596460179674,39.540391082209894],[-107.15969231831247,39.54047367464775],[-107.15974046437026,39.54055574625315],[-107.1597902124905,39.54063731957174],[-107.15984128441315,39.54071842680212],[-107.15989344839399,39.5407990992787],[-107.15994646105854,39.54087936855235],[-107.16000013606082,39.54095922907714],[-107.16005690065671,39.54103777984199],[-107.16011689496342,39.54111503625588],[-107.16017849796327,39.5411916320759],[-107.1602400770045,39.54126820127875],[-107.16030003459805,39.541345386200106],[-107.16035673864131,39.54142383883178],[-107.1604150487583,39.54150529770009],[-107.16045988359437,39.541590106312604],[-107.16046232955578,39.54167645993468],[-107.16044458583494,39.54176353134397],[-107.16041774655932,39.541851105226705],[-107.16038532983191,39.541938935972496],[-107.1603508662411,39.54202680476936],[-107.16031787364699,39.54211445700835],[-107.16028782397437,39.542201703154504],[-107.16025488917376,39.54228859751971],[-107.16022014501607,39.5423753092944],[-107.16018563308782,39.54246200773117],[-107.16015340661512,39.54254886186846],[-107.16012548366612,39.54263603239125],[-107.16010390585753,39.542723688557395],[-107.16009181135004,39.54281208734944],[-107.16009297990439,39.54290153688537],[-107.16010328071914,39.54299166350188],[-107.16011791840634,39.543082051835114],[-107.16013205075512,39.54317227838412],[-107.16014195951865,39.54326214200343],[-107.16015001258965,39.543352202290556],[-107.16015806736252,39.54344231659982],[-107.16016766360782,39.54353223106982],[-107.16018033059133,39.543621728071045],[-107.16019759674845,39.54371056296058],[-107.16022045778702,39.54379857307381],[-107.16024766329714,39.54388596184303],[-107.16027797337526,39.543972896468674],[-107.16031021844935,39.544059560862955],[-107.1603432286626,39.54414612993531],[-107.16037578819206,39.5442327974698],[-107.16040675015033,39.54431972894216],[-107.16043521159247,39.54440707628382],[-107.16046335389885,39.54449463676492],[-107.16049101285333,39.54458236839307],[-107.16051714260075,39.544670317645505],[-107.1605406626703,39.54475854065349],[-107.16056052663752,39.54484706588798],[-107.16057706972846,39.54493657182261],[-107.16059156158282,39.5450282240733],[-107.16059680586609,39.54511961585266],[-107.16058498115483,39.54520807271052],[-107.16055282592394,39.54529236696795],[-107.16050991596431,39.54537508638558],[-107.16045932223106,39.54545657025334],[-107.1604035995023,39.545537023314296],[-107.16034528954135,39.5456166055109],[-107.16028693496108,39.54569550380235],[-107.16022963041276,39.54577486904188],[-107.16016445424049,39.54585182197663],[-107.16008051755087,39.54591183486493],[-107.15998199784337,39.545957154394934],[-107.15987739971929,39.54599672180038],[-107.15976990515553,39.54603370323638],[-107.15966268532591,39.54607129209799],[-107.1595589335361,39.54611264534351],[-107.15946114638903,39.54616096892941],[-107.15936927568396,39.54621733587177],[-107.15928494701238,39.546280130337095],[-107.15921130545586,39.546349077666704],[-107.15915114992735,39.54642699982602],[-107.15909233556233,39.54650577093068],[-107.1590212104634,39.54657595069326],[-107.15893923492608,39.546641476040946],[-107.15885254692846,39.54670552128361],[-107.1587607047856,39.546763598983894],[-107.15866327846642,39.54681122148582],[-107.15855952515864,39.5468443213696],[-107.15844811022058,39.54686413966766],[-107.15833132271746,39.54687431863031],[-107.15821202930572,39.54687836365634],[-107.15809307196564,39.546879735568076],[-107.15797675311869,39.546880256522165],[-107.1578610210839,39.54687267612025],[-107.1577452146921,39.54686081757203],[-107.15762926008857,39.54685093469448],[-107.15751294713058,39.54684563507388],[-107.15739614925307,39.54684008307198],[-107.15727929851487,39.54683582927142],[-107.15716288408488,39.54683476554917],[-107.15704736106545,39.54683881144472],[-107.15693344445694,39.54685189074554],[-107.1568213268517,39.546876090036235],[-107.156709926491,39.54690466342807],[-107.15659797772172,39.54693056212559],[-107.15648190572769,39.5469492036891],[-107.15636577300536,39.54696776518059],[-107.15625685421259,39.54699606684779],[-107.15616116032064,39.547042204615835],[-107.15607582441146,39.547102285654056],[-107.15599584455148,39.547169609805394],[-107.15591641410875,39.547237770579954],[-107.15583399727143,39.54730194154636],[-107.15575256324374,39.547367040193706],[-107.15566892822608,39.54742983720851],[-107.15557831272234,39.547485177859066],[-107.15547866008475,39.54753165880029],[-107.15537341394804,39.54757150448098],[-107.15526613215077,39.547606117397095],[-107.15515453962617,39.54763154863124],[-107.15504196474787,39.547655322252965],[-107.15493237862711,39.547689563179354],[-107.154823127489,39.54771959045158],[-107.1545987412052,39.54768652567941],[-107.15462894735916,39.547697308177945],[-107.1546517441411,39.54770557034345],[-107.15463999777859,39.54770204032791],[-107.1546223177845,39.54769629595893],[-107.15460378563405,39.54769008989872],[-107.15458447333938,39.54768349288566],[-107.15456446342867,39.54767653942601],[-107.15454381684067,39.5476693184822],[-107.15452261638198,39.54766187356464],[-107.15450091080356,39.547654275843335],[-107.15447879482083,39.547646577617236],[-107.15445632881502,39.547638849840666],[-107.1544335723314,39.54763113645571],[-107.15441062092091,39.54762351677386],[-107.15438752277677,39.54761604395706],[-107.15436436126204,39.54760877952443],[-107.1543411962002,39.54760177642234],[-107.15431811151122,39.54759511417822],[-107.15429516673976,39.54758883673448],[-107.15427243361808,39.547583005826084],[-107.15424999578723,39.547577691976585],[-107.15422750071218,39.54757278460223],[-107.1542037002453,39.5475678113355],[-107.15417887992425,39.5475629740948],[-107.1541534548923,39.54755852645149],[-107.15412784029229,39.54755472197706],[-107.15410246261848,39.54755180502381],[-107.15407771403054,39.54755003859953],[-107.15405402074342,39.54754965805304],[-107.15403180980753,39.54755092574588],[-107.15401147282476,39.54755408667853],[-107.1539934484759,39.54755940299735],[-107.15397861419189,39.5475677773833],[-107.15396789260082,39.54758044502324],[-107.15396031434149,39.54759654097994],[-107.15395489535904,39.54761510148578],[-107.15395062833753,39.54763516320405],[-107.15394650679586,39.547655789810214],[-107.1539415115074,39.54767600917881],[-107.153934658693,39.54769486654557],[-107.15392494159056,39.5477114165813],[-107.15391159802361,39.54772509682125],[-107.15389568614378,39.547737761578986],[-107.1538778202044,39.5477497057814],[-107.15385834494148,39.54776078789707],[-107.153837641097,39.547770901764345],[-107.1538160650384,39.54777990563656],[-107.15379399695158,39.54778767534424],[-107.1537718056709,39.54779409593799],[-107.15374987110442,39.54779903424471],[-107.15372777706274,39.547802579063635],[-107.15370419634594,39.54780508834201],[-107.15367958003725,39.54780647263321],[-107.15365449441114,39.54780660431849],[-107.1536295176513,39.547805364568],[-107.1536052160326,39.54780262576393],[-107.15358213256906,39.54779826072007],[-107.15356085679643,39.54779214138828],[-107.15354194391587,39.54778415837582],[-107.15352514356167,39.54777411812028],[-107.1535097260776,39.54776213324994],[-107.15349550349259,39.54774852257476],[-107.15348229918725,39.54773359568496],[-107.15346990165054,39.54771766281726],[-107.1534581342627,39.54770103356169],[-107.15344682068236,39.5476840265122],[-107.15343576102865,39.54766695168979],[-107.15342476677263,39.54765010989563],[-107.15341366212975,39.54763383773177],[-107.15340265143577,39.54761796924351],[-107.15339245481398,39.54760170727483],[-107.15338289975644,39.54758511808843],[-107.15337382649953,39.54756830374797],[-107.15336504010995,39.5475513579595],[-107.15335634537611,39.54753436542503],[-107.15334758253472,39.547517428207925],[-107.15333854557932,39.547500658237986],[-107.15332905065063,39.54748413099725],[-107.15331892635533,39.54746794876451],[-107.15330798939121,39.54745220503002],[-107.15329604538265,39.5474370115076],[-107.15328291074917,39.547422452683136],[-107.15326867686389,39.547408472806964],[-107.15325408828849,39.54739468869797],[-107.15323920206141,39.54738106326163],[-107.15322405279552,39.54736758684712],[-107.15320863993406,39.547354241446044],[-107.15319299836828,39.547341026411615],[-107.15317713917176,39.54732792351995],[-107.15316108560538,39.54731493233984],[-107.15314484874273,39.547302034647394],[-107.15312845184461,39.54728923001148],[-107.15311189463266,39.54727650942786],[-107.1530952230717,39.54726385402603],[-107.15307844851365,39.547251254586286],[-107.15306157123698,39.547238720112716],[-107.15304462501926,39.547226213942125],[-107.15302762204766,39.547213753867204],[-107.15301058446937,39.547201303440346],[-107.15299352447158,39.54718888045424],[-107.15297646420149,39.54717644846134],[-107.15295942747662,39.547164025038796],[-107.15294242509216,39.547151582958726],[-107.15292546840016,39.54713911300147],[-107.15290858066129,39.547126614735994],[-107.15289179620993,39.54711406950751],[-107.1528751034157,39.54710147753159],[-107.1528585479649,39.54708881093381],[-107.15284215005613,39.54707597023768],[-107.15282586316799,39.547062956305325],[-107.15280967761873,39.547049832381305],[-107.1527935477221,39.547036626340024],[-107.15277742862685,39.54702339306842],[-107.15276127520342,39.54701017844916],[-107.15274506558286,39.54699702793394],[-107.15272874300523,39.54698398762094],[-107.15271228532325,39.54697109395765],[-107.1526956476856,39.546958401830814],[-107.15267879631463,39.54694594790344],[-107.15266168635893,39.5469337870622],[-107.1526442843192,39.54692196497418],[-107.1526265447873,39.54691051851775],[-107.15260844617245,39.54689950214859],[-107.15258993143618,39.546888952960515],[-107.15257097703925,39.54687886238015],[-107.15255163166977,39.54686892318926],[-107.1525319415707,39.546859125521564],[-107.15251191920738,39.54684949617379],[-107.15249158923214,39.54684007973553],[-107.15247098737085,39.546830902572566],[-107.15245012608865,39.546821991481714],[-107.15242904194635,39.54681339984122],[-107.15240775876099,39.54680514522832],[-107.15238631281487,39.54679727201721],[-107.15236470494261,39.5467898072202],[-107.15234298305673,39.54678279499601],[-107.15232117125237,39.546776261926155],[-107.1522992822726,39.54677024381162],[-107.15227735212113,39.54676477602257],[-107.15225540517129,39.54675989414466],[-107.15223346579629,39.54675563376351],[-107.1522114853059,39.54675230209716],[-107.15218906015086,39.54675114990379],[-107.15216624208013,39.54675196901083],[-107.15214309970295,39.54675434371954],[-107.15211972461158,39.54675784889628],[-107.15209618569462,39.546762077846545],[-107.15207258617563,39.546766605221364],[-107.15204898359245,39.546771033545895],[-107.1520254808915,39.5467749284672],[-107.15200214696374,39.54677788329089],[-107.15197907340482,39.54677947288369],[-107.15195634073703,39.54677929033596],[-107.15193394256228,39.54677712855263],[-107.15191154088086,39.54677372354728],[-107.15188915261103,39.54676924618318],[-107.15186685059649,39.54676379421329],[-107.15184470740257,39.54675745638657],[-107.15182280722468,39.54675032123664],[-107.1518012107193,39.546742468723785],[-107.15178000235983,39.546733996385875],[-107.15175925443268,39.546724983967955],[-107.15173902815033,39.54671552943875],[-107.15171940715095,39.546705703323894],[-107.15170021035765,39.54669567114465],[-107.15168108056946,39.546685547628236],[-107.15166201834288,39.546675350782984],[-107.15164301176937,39.54666507182018],[-107.15162406112724,39.546654719744],[-107.15160515478621,39.54664429476987],[-107.15158630493302,39.54663381469068],[-107.15156751101131,39.54662326149819],[-107.1515487503169,39.54661265363148],[-107.15153003448013,39.54660199087515],[-107.15151135187075,39.54659127344467],[-107.15149271439724,39.54658051012874],[-107.15147411042933,39.546569701142815],[-107.15145552861497,39.546558855706394],[-107.15143698030629,39.54654796459998],[-107.15141845442935,39.54653704604729],[-107.15139993935391,39.54652610026365],[-107.15138145834052,39.54651512681834],[-107.15136298840685,39.54650413514625],[-107.15134452927472,39.54649311624326],[-107.15132608150049,39.546482088117656],[-107.15130763345385,39.546471050984785],[-107.15128919676515,39.54646000462931],[-107.15127076008221,39.54644895827071],[-107.15125232312693,39.54643790290487],[-107.15123388645561,39.5464268565401],[-107.15121542680771,39.546415819607034],[-107.15119696744375,39.54640479167501],[-107.15117849673348,39.54639377295937],[-107.15116000360295,39.54638278168374],[-107.15114149940422,39.54637180862862],[-107.15112296115493,39.54636086322881],[-107.15110440048534,39.54634994526901],[-107.15108581739537,39.546339054749154],[-107.15106720081113,39.54632820989292],[-107.15104856208465,39.54631740148073],[-107.15102987823357,39.54630663894747],[-107.15101114925785,39.546295922293055],[-107.15099237543562,39.54628526052163],[-107.15097356811896,39.546274644413735],[-107.15095470488173,39.5462641014124],[-107.15093579679787,39.54625361329398],[-107.15091683251528,39.54624318927795],[-107.15089781231201,39.54623283836842],[-107.1508786683534,39.5462226248863],[-107.15085932228692,39.54621264938432],[-107.15083978463022,39.546202875630506],[-107.15082008999588,39.54619329397469],[-107.15080024890156,39.546183868184876],[-107.15078028432956,39.54617458882627],[-107.15076023005811,39.54616541923626],[-107.15074008553094,39.546156341406515],[-107.15071988480443,39.54614732767869],[-107.15069963895259,39.54613835982912],[-107.15067938203178,39.54612941019945],[-107.15065913674631,39.5461204603508],[-107.15063891389214,39.54611148305544],[-107.15061873589552,39.546102450870364],[-107.1505986254607,39.546093345356674],[-107.15057860529208,39.5460841480756],[-107.15055869753783,39.54607482257997],[-107.15053892490235,39.546065350431],[-107.15051929818168,39.54605570440105],[-107.15049985171048,39.546045865836035],[-107.1504805965629,39.54603581651244],[-107.15046155488723,39.546025519983274],[-107.15044273859189,39.546014985037466],[-107.15042409036006,39.54600423976393],[-107.15040562237816,39.5459933019558],[-107.1503872889596,39.54598219948662],[-107.15036910173467,39.545970932141266],[-107.15035102692498,39.54595953658212],[-107.15033305290036,39.54594801302455],[-107.15031516914286,39.54593639770041],[-107.15029736430034,39.54592469982922],[-107.15027961566851,39.54591293784974],[-107.15026190082109,39.54590113920503],[-107.15024420812793,39.54588930411027],[-107.15022653870108,39.54587746858216],[-107.15020885792808,39.5458656422706],[-107.15019115473474,39.54585384339907],[-107.15017341832493,39.54584209919533],[-107.15015562543829,39.54583041008983],[-107.15013776555665,39.54581881231434],[-107.15011982760582,39.54580732409246],[-107.15010178832539,39.54579594585454],[-107.15008363719721,39.54578471383244],[-107.15006535123885,39.54577363746071],[-107.15004691937608,39.545762734962864],[-107.15002833081265,39.54575203356647],[-107.15000956256613,39.54574154270606],[-107.14999060384022,39.54573128960927],[-107.14997144300469,39.54572127449121],[-107.14995202163057,39.54571148942375],[-107.14993233860585,39.54570189839015],[-107.14991238257826,39.545692510609655],[-107.14989218899422,39.545683343444736],[-107.14987174677935,39.545674415118874],[-107.14985110273217,39.54566573377518],[-107.14983024605625,39.54565732664129],[-107.14980920001177,39.545649193286636],[-107.14978796515443,39.54564135171946],[-107.14976658856057,39.545633819087136],[-107.14974504780352,39.545626622832486],[-107.14972337749546,39.545619753305665],[-107.14970157874801,39.54561324652324],[-107.14967968645125,39.54560710183955],[-107.14965768953061,39.54560133747807],[-107.14963562371005,39.545595979805654],[-107.14961348898916,39.545591028822265],[-107.14959123773524,39.54558644937199],[-107.14956884529798,39.545582196864345],[-107.14954631056531,39.545578235282655],[-107.14952365707524,39.54557457320061],[-107.14950087236352,39.54557118382092],[-107.14947799076445,39.545568048489606],[-107.1494550003698,39.545565158417666],[-107.14943193523594,39.545562485947066],[-107.14940879536265,39.54556003107779],[-107.14938559154616,39.54555776658212],[-107.14936232378625,39.54555569246004],[-107.14933902586154,39.54555377204942],[-107.14931568586383,39.54555199656127],[-107.14929232677532,39.545550356561044],[-107.14926895994817,39.54554884282946],[-107.14924559590078,39.54554741913471],[-107.14922223463304,39.54554608547684],[-107.14919889884942,39.545544823417224],[-107.1491755877161,39.54554360594337],[-107.14915232477128,39.545542441629244],[-107.14912912053347,39.54554129424306],[-107.14910591768562,39.54554019187299],[-107.14908271650553,39.54553914352323],[-107.14905950536303,39.54553814940892],[-107.14903629588818,39.54553720931491],[-107.14901307645081,39.54553632345629],[-107.14898985840314,39.54553548261383],[-107.14896663039283,39.54553469600679],[-107.14894339186414,39.54553394562685],[-107.14892015472498,39.545533240263076],[-107.14889690706734,39.54553257112634],[-107.14887366079921,39.54553194700579],[-107.1488504153648,39.54553134989303],[-107.1488271594118,39.54553078900736],[-107.14880390457033,39.545530264133674],[-107.14878063893237,39.54552976648289],[-107.14875738575815,39.5455292956248],[-107.14873411015724,39.545528852204775],[-107.14871084702006,39.545528435577445],[-107.1486875725306,39.54552802816469],[-107.14866429887468,39.54552764775977],[-107.14864102577444,39.545527285358496],[-107.14861775295202,39.54552693195672],[-107.14859448068528,39.545526596558574],[-107.1485711967884,39.545526261370846],[-107.14854792507727,39.545525943971704],[-107.14852464201383,39.54552563578713],[-107.1485013703027,39.54552531837865],[-107.14847808723924,39.545525010184726],[-107.14845480417577,39.545524701986125],[-107.14843153274245,39.54552439356778],[-107.14840824940117,39.54552407635568],[-107.14838497769006,39.54552375892385],[-107.14836169379322,39.54552342369406],[-107.14833842152655,39.54552308824456],[-107.14831514870433,39.54552273478204],[-107.14829187532658,39.54552236330655],[-107.14826860139335,39.54552197381804],[-107.14824533853479,39.545521566101485],[-107.14822207512076,39.54552114037196],[-107.1481988108735,39.545520687625235],[-107.14817554579307,39.54552020786137],[-107.14815229206515,39.54551971887363],[-107.1481290267072,39.54551923009627],[-107.1481057729795,39.54551874109919],[-107.14808251952965,39.5455182611016],[-107.14805925444978,39.545517781314395],[-107.14803600100016,39.5455173013075],[-107.14801273592052,39.54551682151094],[-107.14798948247112,39.54551634149472],[-107.14796621766942,39.545515870692995],[-107.14794296449796,39.5455153996716],[-107.14791969969646,39.545514928860555],[-107.14789643489506,39.54551445804482],[-107.14787318200165,39.5455139960136],[-107.14784991720046,39.54551352518853],[-107.14782666430723,39.545513063147965],[-107.14780339978395,39.545512601317746],[-107.14778013526077,39.54551213948286],[-107.14775688236784,39.54551167742827],[-107.14773361812254,39.54551122458821],[-107.14771035359966,39.54551076273932],[-107.14768710098473,39.54551030967492],[-107.14766383673971,39.54550985682086],[-107.14764057221713,39.54550939495796],[-107.14761731960243,39.545508941879575],[-107.14759405535771,39.545508489011496],[-107.14757079111308,39.545508036138756],[-107.14754753849867,39.54550758304637],[-107.14752427425422,39.545507130164296],[-107.14750101000986,39.545506677277565],[-107.1474777576734,39.54550623317535],[-107.14745449342922,39.545505780279264],[-107.14743122918513,39.545505327378535],[-107.14740797657127,39.54550487425816],[-107.14738471232738,39.54550442134807],[-107.14736144808354,39.54550396843332],[-107.14733819546998,39.545503515298954],[-107.14731493150398,39.54550307137905],[-107.14729166726045,39.54550261845031],[-107.14726841464713,39.545502165301905],[-107.14724515040379,39.54550171236384],[-107.14722188588287,39.545501250416905],[-107.14719863326987,39.54550079725453],[-107.14717536902677,39.54550034430247],[-107.14715210450615,39.54549988234154],[-107.14712885189341,39.54549942916517],[-107.14710558737298,39.5454989671949],[-107.14708232285267,39.54549850521998],[-107.1470590702402,39.54549805202961],[-107.14703580544244,39.54549758104119],[-107.14701255255257,39.54549711883733],[-107.14698928803261,39.54549665684373],[-107.14696603486534,39.54549618562634],[-107.14694277034559,39.54549572362341],[-107.14691950554837,39.545495252611644],[-107.1468962523814,39.545494781380285],[-107.14687298730678,39.545494301355],[-107.14684973413999,39.54549383011429],[-107.14682648069575,39.54549334986476],[-107.14680321562147,39.545492869825495],[-107.14677996217742,39.54549238956661],[-107.14675669682579,39.54549190051382],[-107.14673344310441,39.545491411241464],[-107.146710177753,39.545490922179326],[-107.14668692403184,39.54549043289764],[-107.14666367003325,39.54548993460709],[-107.1466404046822,39.54548944553096],[-107.14661715040629,39.545488938226896],[-107.14659389640806,39.54548843992236],[-107.14657064213242,39.545487932608985],[-107.14654737622674,39.545487425505826],[-107.14652412167379,39.54548690917898],[-107.14650086712099,39.54548639284742],[-107.14647761256832,39.54548587651121],[-107.14645435773825,39.54548535116616],[-107.14643110290832,39.54548482581643],[-107.14640783644838,39.545484300676904],[-107.1463845813412,39.54548376631369],[-107.14636132623416,39.54548323194579],[-107.14633807112727,39.545482697573206],[-107.1463148154655,39.54548214518764],[-107.14629157171156,39.54548160158673],[-107.1462683160501,39.54548104919183],[-107.1462450603888,39.54548049679225],[-107.14622180445014,39.54547993538382],[-107.14619854851168,39.54547937397074],[-107.14617529174086,39.54547878554045],[-107.14615198315254,39.545477648495236],[-107.14612860750975,39.545475845995625],[-107.14610518282555,39.54547358492275],[-107.14608175009556,39.54547106272399],[-107.14605833840749,39.54546846805737],[-107.146034953866,39.54546599901481],[-107.14601162639067,39.54546387126693],[-107.14598839669858,39.545462273257044],[-107.1459652828012,39.545461411866484],[-107.14594230215474,39.54546147596823],[-107.14591948412281,39.545462663224704],[-107.1458968575139,39.5454651532899],[-107.14587420324983,39.545468256494146],[-107.14585142909807,39.545471623178095],[-107.1458285929317,39.54547524326345],[-107.1458056950279,39.54547912575442],[-107.14578278190702,39.545483269791696],[-107.14575986519895,39.545487675160516],[-107.14573699170154,39.54549235000588],[-107.14571418495224,39.545497302902376],[-107.14569147928644,39.545502515197335],[-107.14566888688893,39.54550800468436],[-107.14564645455755,39.545513779508575],[-107.14562420499755,39.54551982123213],[-107.1456021620239,39.54552614743393],[-107.14558036052688,39.54553275746974],[-107.14555882376666,39.54553965091016],[-107.14553758663357,39.54554682711098],[-107.14551667266517,39.54555429464704],[-107.14549612865946,39.54556206166354],[-107.14547595406145,39.545570110152376],[-107.14545650584196,39.54557907318216],[-107.14543804238185,39.54558940545638],[-107.14542045373831,39.54560093782895],[-107.1454036404892,39.545613464922255],[-107.14538751622985,39.54562682616472],[-107.14537199316868,39.54564081596381],[-107.14535697299371,39.54565526495845],[-107.14534234520798,39.54566998599381],[-107.14532803420526,39.5456847912708],[-107.14531394111893,39.5456994934198],[-107.14529996819203,39.54571394108781],[-107.14528620488039,39.545728393892894],[-107.1452726672525,39.54574299568721],[-107.14525933093844,39.54575771088371],[-107.14524618458547,39.54577254870128],[-107.14523320410113,39.54578748255702],[-107.14522035404003,39.54580249508681],[-107.14520762277203,39.54581758650547],[-107.14519498648198,39.545832739234186],[-107.14518242107731,39.54584792668984],[-107.14516990329764,39.54586314930204],[-107.14515740932777,39.54587838949187],[-107.14514492726012,39.54589363846991],[-107.14513242164927,39.54590887887202],[-107.14511986867998,39.54592409311931],[-107.14510725616731,39.54593926341812],[-107.14509456112809,39.545954399202095],[-107.14508175919235,39.54596946488394],[-107.14506882682223,39.54598445188894],[-107.1450557404798,39.54599935164231],[-107.14504247634981,39.54601414656509],[-107.14502902224729,39.546028818863604],[-107.14501534328132,39.546043369181966],[-107.14500143917451,39.54605778851592],[-107.14498734537229,39.54607209422955],[-107.14497308568984,39.54608630390177],[-107.14495867175734,39.54610041731773],[-107.14494411603705,39.54611446127522],[-107.14492944151218,39.54612842634057],[-107.14491464873731,39.5461423305221],[-107.14489977288062,39.546156182179836],[-107.14488481394208,39.546169981313675],[-107.14486978410663,39.5461837457173],[-107.14485470691213,39.54619748396538],[-107.14483959398885,39.546211195843235],[-107.14482445752176,39.54622489914449],[-107.14480930941845,39.54623860265861],[-107.1447941845698,39.54625230574149],[-107.14477907190016,39.54626602661616],[-107.14476399494747,39.54627977385746],[-107.14474897697231,39.54629354703596],[-107.14473403015965,39.54630736394538],[-107.14471915478684,39.546321233589886],[-107.14470438574479,39.54633515532542],[-107.14468972331083,39.54634913815622],[-107.14467510850157,39.546363156143265],[-107.14466051750168,39.54637719170757],[-107.1446459497566,39.54639122684079],[-107.1446313941906,39.546405279765985],[-107.14461685052642,39.54641934147899],[-107.14460233067166,39.54643342076928],[-107.14458781081107,39.54644750005785],[-107.14457331448261,39.546461587919595],[-107.14455884196359,39.54647569335863],[-107.14454436943876,39.54648979879601],[-107.14452990881574,39.546503913021226],[-107.14451545981723,39.54651802703004],[-107.14450101109023,39.546532150041386],[-107.14448658589536,39.54654628162591],[-107.14447216097199,39.54656042221293],[-107.14445773604281,39.54657456279833],[-107.14444332273816,39.54658870316735],[-107.14442892105805,39.54660284332005],[-107.14441450801907,39.54661699268992],[-107.14440010660465,39.54663114184346],[-107.14438571681477,39.546645290780724],[-107.14437131538874,39.54665943993095],[-107.14435691423417,39.546673598083736],[-107.14434251279651,39.54668774723066],[-107.14432811135306,39.546701896375914],[-107.14431343963253,39.546715960414886],[-107.14429805124426,39.54672980343753],[-107.14428211067685,39.546743476463504],[-107.14426577078856,39.54675703072718],[-107.14424921932897,39.54677051681897],[-107.14423262106418,39.54678399476301],[-107.14421615239075,39.54679752436874],[-107.1441999891509,39.546811147437424],[-107.14418429611099,39.546824923993405],[-107.14416924939063,39.54683890484228],[-107.14415502510955,39.54685314078968],[-107.14414178831174,39.546867700864404],[-107.14412970320946,39.546882627082695],[-107.14411896946095,39.54689797882525],[-107.14410973992567,39.5469138073272],[-107.14410209684912,39.546930138098965],[-107.14409534738401,39.54694676770412],[-107.1440892450743,39.54696362861679],[-107.14408375447464,39.54698070347257],[-107.14407885149284,39.54699796568828],[-107.14407446634681,39.54701541655181],[-107.14407058657476,39.54703302926525],[-107.14406716510081,39.54705078667887],[-107.14406415512634,39.54706868064705],[-107.14406150957544,39.54708669401997],[-107.144059204633,39.54710480921857],[-107.14405719294582,39.547123000088845],[-107.14405543962278,39.54714126727472],[-107.14405389731054,39.54715958462217],[-107.14405251921022,39.5471779439856],[-107.14405128122935,39.547196318781715],[-107.14405012466126,39.5472146920753],[-107.14404902624507,39.547233064295646],[-107.14404795025773,39.547251409074114],[-107.14404682636196,39.54726970969018],[-107.14404564237279,39.54728794835005],[-107.144044351491,39.54730611690814],[-107.14404290636296,39.547324189210386],[-107.14404129563522,39.54734217447566],[-107.14403961429224,39.54736013401612],[-107.14403792159537,39.547378102775355],[-107.1440362175446,39.547396080753366],[-107.14403449023217,39.54741405916061],[-107.1440327515658,39.547432046786604],[-107.14403101317596,39.54745004341673],[-107.14402926315496,39.547468040261435],[-107.14402752476376,39.54748603689146],[-107.1440257750186,39.547504042740265],[-107.14402403690325,39.547522048374354],[-107.14402231069498,39.54754006279795],[-107.14402059611652,39.547558077006876],[-107.14401889316792,39.54757609100109],[-107.14401720184917,39.547594104780615],[-107.14401553406803,39.54761212713504],[-107.14401390117781,39.547630148845464],[-107.14401229154804,39.547648170126564],[-107.1440107051787,39.547666190978354],[-107.14400916560815,39.54768421997575],[-107.14400766065138,39.547702239324984],[-107.14400619086291,39.54772026703446],[-107.14400476731883,39.54773828488117],[-107.14400339057367,39.54775631087346],[-107.14400206035019,39.54777433600716],[-107.1440007880018,39.54779235106348],[-107.14399957408297,39.54781037405072],[-107.14399840640873,39.547828387175215],[-107.14399732014803,39.54784639879724],[-107.14399629203982,39.547864409346],[-107.14399533371471,39.54788241860692],[-107.14399444489551,39.547900417575825],[-107.14399362613676,39.54791842426103],[-107.14399289986794,39.54793641122076],[-107.14399224365967,39.547954405896824],[-107.14399168021875,39.54797238985156],[-107.14399120982245,39.54799037208919],[-107.1439908208402,39.54800835282432],[-107.14399053625611,39.5480263226235],[-107.1439903444396,39.54804428170136],[-107.14399024566804,39.54806223906214],[-107.14399026320261,39.548080194276466],[-107.14399038485838,39.548098129550674],[-107.14399061146716,39.548116071897304],[-107.1439909654585,39.548133993874515],[-107.14399142412577,39.54815191391995],[-107.1439922430654,39.54816981830743],[-107.14399391076373,39.54818769802224],[-107.14399636879104,39.548205545133335],[-107.14399953573357,39.54822336114308],[-107.14400331910129,39.54824116577692],[-107.14400763692576,39.54825894252879],[-107.14401240779293,39.54827669290116],[-107.14401753921251,39.548294436619436],[-107.14402294949305,39.5483121661818],[-107.14402854558958,39.548329883305385],[-107.14403424608774,39.548347589492614],[-107.1440399579424,39.548365286460594],[-107.14404561136963,39.548382975497226],[-107.14405110197073,39.548400667538424],[-107.14405634805375,39.54841835508256],[-107.1440612684811,39.54843604863639],[-107.14406578183788,39.54845374970242],[-107.14406979480115,39.54847145099369],[-107.14407321432523,39.548489154227426],[-107.14407597118014,39.54850687869996],[-107.144077960412,39.54852461733897],[-107.1440791119589,39.5485423624282],[-107.14407928625204,39.54856011654342],[-107.14407842485994,39.54857787175374],[-107.14407663218078,39.54859561712311],[-107.14407401316733,39.54861335972395],[-107.14407069603382,39.54863110619929],[-107.14406676191737,39.548648846042305],[-107.14406235066313,39.54866658568147],[-107.1440575442402,39.548684341622575],[-107.14405248166219,39.54870209328147],[-107.14404724462118,39.54871984815982],[-107.14404196160935,39.54873762190489],[-107.14403673702586,39.54875540358074],[-107.1440316871779,39.54877319104093],[-107.1440269056659,39.54879100057667],[-107.14402250879735,39.54880883004162],[-107.1440186126025,39.548826668285244],[-107.14401533394354,39.54884453116948],[-107.14401273097467,39.5488624176212],[-107.14401010917922,39.54888044856906],[-107.14400715535898,39.548898656820924],[-107.14400397308131,39.54891700442823],[-107.14400067782175,39.54893546223208],[-107.14399737314791,39.54895399228393],[-107.14399416262756,39.5489725566353],[-107.1439911614593,39.54899111712307],[-107.14398847321111,39.54900963579873],[-107.14398621335914,39.54902808350342],[-107.14398449737959,39.54904643107817],[-107.14398341665559,39.54906462278083],[-107.14398307530999,39.549082638671244],[-107.1439836118037,39.549100440157005],[-107.14398510616653,39.549117980714705],[-107.14398767415246,39.5491352401895],[-107.14399143096108,39.54915218041823],[-107.14399649151474,39.54916875423339],[-107.14400323658047,39.54918485550561],[-107.14401217486423,39.549200375744306],[-107.14402305243057,39.54921538270039],[-107.14403560426754,39.54922996234777],[-107.14404954126954,39.549244174077124],[-107.14406462224031,39.549258121441554],[-107.14408055779658,39.54927185482775],[-107.14409708320296,39.54928546921418],[-107.1441139331693,39.54929904157105],[-107.14413084240532,39.54931264886872],[-107.1441475337126,39.54932635928816],[-107.14416374207791,39.5493402588043],[-107.14417920221058,39.549354424387936],[-107.14419363718902,39.54936893322473],[-107.14420678172227,39.54938386228574],[-107.14421938571287,39.549398999526275],[-107.14423210629458,39.54941414362278],[-107.14424490885226,39.54942930422344],[-107.14425775849347,39.549444481972124],[-107.14427060924959,39.54945969573596],[-107.14428341487451,39.54947495537777],[-107.14429615210656,39.549490261326916],[-107.14430878633061,39.54950562323163],[-107.14432124803875,39.549521051384154],[-107.14433353723099,39.54953654578456],[-107.14434558467673,39.54955212572933],[-107.14435735548335,39.54956779186258],[-107.1443688269436,39.54958356262212],[-107.1443799409031,39.5495994390814],[-107.14439066246902,39.54961542188464],[-107.14440096893414,39.54963152946963],[-107.1444108021439,39.54964776290997],[-107.14442012776,39.549664140858106],[-107.14442891088964,39.54968066395831],[-107.14443710528631,39.54969734207362],[-107.14444468768788,39.54971417563352],[-107.14445176304918,39.54973117171015],[-107.14445842386229,39.54974831057772],[-107.14446469311139,39.54976558280275],[-107.14447060541153,39.54978297873705],[-107.14447617183878,39.549800480157664],[-107.14448143919374,39.54981809521001],[-107.14448641827518,39.54983579666694],[-107.14449114397557,39.54985358388439],[-107.14449565091009,39.54987144721414],[-107.14449995043218,39.54988937743735],[-107.14450407687976,39.54990735590164],[-107.14450805323717,39.54992537317339],[-107.14451191439709,39.54994342860858],[-107.14451567171297,39.54996151298832],[-107.14451937115378,39.549979607445515],[-107.14452303570394,39.549997702546584],[-107.14452667671704,39.55001578907262],[-107.14453034071677,39.55003386616489],[-107.1445340504103,39.550051915385616],[-107.14453781715133,39.55006992751589],[-107.14454168718622,39.55008789269276],[-107.14454568349966,39.55010580148262],[-107.14454981744525,39.55012364466658],[-107.1445541352696,39.55014141238164],[-107.14455865995734,39.55015909519422],[-107.14456341421585,39.550176674666496],[-107.14456842158452,39.55019415937322],[-107.14457370449337,39.550211521872434],[-107.1445793094665,39.550228761305284],[-107.14458524758028,39.5502458594486],[-107.14459155372785,39.550262815658286],[-107.14459825089406,39.55027962050064],[-107.1446053734173,39.55029625532313],[-107.14461293265146,39.5503127109068],[-107.14462335388825,39.550328005513535],[-107.14463838340417,39.55034140418083],[-107.14465688332392,39.55035336936802],[-107.14467772629297,39.550364327303384],[-107.14469979769679,39.55037474001792],[-107.14472195938136,39.55038506096852],[-107.1447430723605,39.55039571660048],[-107.14476203365035,39.550407168732455],[-107.14477769318803,39.55041986203424],[-107.14478892444934,39.55043424975081],[-107.14479481912404,39.55045069100554],[-107.14479889635243,39.550467823491566],[-107.14480278942864,39.550485022442224],[-107.14480649807516,39.550502278853365],[-107.14481002229186,39.55051959272499],[-107.14481338534065,39.55053696362766],[-107.14481657559043,39.550554391776146],[-107.14481961602567,39.55057186773683],[-107.14482249501529,39.550589391724394],[-107.1448252360986,39.55060697231365],[-107.14482783899808,39.55062460050037],[-107.14483030343632,39.55064226728046],[-107.14483264132159,39.55065998144333],[-107.14483485265379,39.55067774298895],[-107.14483694878648,39.5506955426985],[-107.14483892971964,39.55071338057195],[-107.14484080708414,39.55073125639458],[-107.14484259223364,39.55074916094748],[-107.14484427381436,39.55076710344956],[-107.14484587508832,39.55078508347142],[-107.14484739550073,39.550803083004624],[-107.14484883560628,39.55082112005759],[-107.14485020648121,39.55083917640721],[-107.1448515200339,39.55085726084295],[-107.14485277598692,39.550875364360614],[-107.14485397461763,39.5508934959644],[-107.14485512727965,39.55091164643538],[-107.14485624532666,39.550929806554656],[-107.14485731768234,39.550947994545325],[-107.14485837868504,39.55096619175485],[-107.14485940507271,39.550984398612655],[-107.1448604201074,39.55100261468929],[-107.14486142406653,39.551020848988955],[-107.14486242802639,39.551039083288515],[-107.14486342063327,39.551057326806934],[-107.14486443650311,39.5510755698958],[-107.14486545265106,39.55109382198875],[-107.14486649178458,39.551112064647995],[-107.14486756608959,39.551130315667116],[-107.14486866338018,39.5511485572525],[-107.1448697955649,39.55116679819361],[-107.14487097399751,39.551185029271515],[-107.14487219867806,39.5512032504862],[-107.14487348151502,39.55122147062714],[-107.14487482195375,39.55123967168594],[-107.14487621999422,39.55125785366261],[-107.14487771080732,39.5512760249171],[-107.14487925949966,39.551294186093656],[-107.1448809120411,39.55131231832492],[-107.1448826457242,39.551330440048744],[-107.14488447162536,39.55134853304205],[-107.14488640137581,39.551366597090045],[-107.14488844688418,39.5513846409822],[-107.1448905965194,39.5514026649332],[-107.14489287298908,39.55142065050526],[-107.14489526493952,39.55143860691724],[-107.14489779535577,39.55145652473551],[-107.14490046451527,39.551474412964225],[-107.1449032610644,39.55149228082226],[-107.14490611604843,39.5515101566106],[-107.14490902946736,39.551528040329245],[-107.14491202458362,39.55154593154874],[-107.14491508976607,39.551563830483744],[-107.1449182247374,39.55158172813011],[-107.14492144140623,39.55159963327728],[-107.1449247392178,39.55161752791685],[-107.144928118727,39.5516354300572],[-107.14493160264148,39.551653321260474],[-107.14493516797633,39.55167121096034],[-107.144938825808,39.551689080933684],[-107.14494258832256,39.55170694897406],[-107.1449464549653,39.55172479707315],[-107.14495041438245,39.55174263444985],[-107.14495450091299,39.55176044245155],[-107.14495869184928,39.551778239516096],[-107.14496298691405,39.5517960166393],[-107.14496742072363,39.55181376417272],[-107.14497195866187,39.55183149176477],[-107.14497663506768,39.551849180762815],[-107.14498143858735,39.55186684038577],[-107.14498636922094,39.55188447063363],[-107.1449914383224,39.551902062287425],[-107.14499664616923,39.551919624351356],[-107.14500199220672,39.551937138816996],[-107.14500748834355,39.55195461447377],[-107.14501313457988,39.551972051321655],[-107.14501893036096,39.55198943135228],[-107.14502488787298,39.55200677235921],[-107.14503099492997,39.55202405654883],[-107.1450372750719,39.55204129249578],[-107.14504371666767,39.55205848041477],[-107.14505053876944,39.552075553196154],[-107.1450582506563,39.55209242035285],[-107.14506679444992,39.552109091962656],[-107.14507605439293,39.55212558818135],[-107.14508594962169,39.55214192852042],[-107.14509637628738,39.55215814192511],[-107.14510726515752,39.55217424769218],[-107.14511850019693,39.552190256973304],[-107.14512998946529,39.552206207503275],[-107.14514164018988,39.552222110004294],[-107.14515337178403,39.55223799299225],[-107.14516507984364,39.55225386740416],[-107.14517666051937,39.55226976218558],[-107.14518804457819,39.552285696633476],[-107.14519911653936,39.55230169990823],[-107.14520980689234,39.55231778230269],[-107.14521998824746,39.55233396418793],[-107.14522959192632,39.552350282869405],[-107.14523852487814,39.55236674006554],[-107.14524668353044,39.552383373726144],[-107.14525397510974,39.55240019457386],[-107.14526031875113,39.55241722212068],[-107.1452658188584,39.55243444542952],[-107.1452705560179,39.55245183598455],[-107.14527458783084,39.552469374703634],[-107.14527798408469,39.55248706029812],[-107.14528081373463,39.5525048644669],[-107.14528312302815,39.55252277734666],[-107.14528496984404,39.552540788859424],[-107.14528643504653,39.55255887949334],[-107.14528757623707,39.55257703016617],[-107.14528845101724,39.55259522179564],[-107.1452891175436,39.55261345330788],[-107.1452896450492,39.55263170540579],[-107.14529009085837,39.55264995000297],[-107.14529052475916,39.55266818581075],[-107.14529099272212,39.55268639396156],[-107.14529157588936,39.552704563947785],[-107.1452923199541,39.552722667897726],[-107.14529330633604,39.552740704307915],[-107.14529438410493,39.5527586849747],[-107.14529533420692,39.55277667700822],[-107.14529617990465,39.55279467997896],[-107.1452969206431,39.55281267587851],[-107.14529756860854,39.55283068250048],[-107.14529813515479,39.55284869062588],[-107.1452986319132,39.55286670003995],[-107.14529907051508,39.5528847105279],[-107.14529945096044,39.55290272208972],[-107.14529979678944,39.55292074330003],[-107.14530011907858,39.55293875593567],[-107.14530040675132,39.5529567782198],[-107.14530069442444,39.55297480050388],[-107.14530098182044,39.55299281378372],[-107.14530128112568,39.55301083585288],[-107.14530160369412,39.553028857492414],[-107.14530196087976,39.55304686948336],[-107.14530235323751,39.55306488983405],[-107.1453028034754,39.553082900106546],[-107.14530332350228,39.553100909090276],[-107.14530391331824,39.5531189167852],[-107.1453045845548,39.55313692297653],[-107.14530534884341,39.55315492744948],[-107.1453062175382,39.553172920985084],[-107.14530721445698,39.553190921162106],[-107.14530822300796,39.55320892112427],[-107.14530918531132,39.55322693094968],[-107.14531009001304,39.553244959857295],[-107.14531096009851,39.55326299841337],[-107.14531180692174,39.553281037399],[-107.14531264266905,39.55329909460767],[-107.14531349004852,39.55331715160148],[-107.14531434906009,39.5533352083804],[-107.14531523133526,39.5533532647297],[-107.14531616013703,39.553371320219746],[-107.14531713546538,39.55338937485058],[-107.14531818030588,39.553407419188375],[-107.14531930629009,39.55342545301839],[-107.1453205136955,39.553443485344815],[-107.14532183686171,39.553461497514874],[-107.14532326443481,39.55347949874754],[-107.14532481967785,39.55349748861323],[-107.145326525299,39.55351544867402],[-107.14532838185335,39.55353339693821],[-107.14533040069499,39.55355132418683],[-107.14533260480961,39.55356922098616],[-107.14533499447484,39.55358709634031],[-107.14533759267636,39.5536049408155],[-107.14534041104584,39.55362275419693],[-107.14534344958346,39.5536405364846],[-107.14534673155241,39.55365828724887],[-107.14535073301307,39.55367597067057],[-107.14535589568663,39.55369356958317],[-107.14536204537843,39.5537110962126],[-107.14536900761614,39.553728553780694],[-107.14537661983628,39.55374595429861],[-107.14538470756621,39.55376330098826],[-107.1453931085196,39.55378061486504],[-107.14540163631442,39.55379789036156],[-107.14541014029557,39.55381514827855],[-107.14541844571228,39.55383238283393],[-107.14542639055506,39.55384962404751],[-107.14543377680967,39.553866866566885],[-107.14544046517445,39.553884121974],[-107.14544628145292,39.553901402495306],[-107.14545103953938,39.55391871156782],[-107.14545458850016,39.55393606098839],[-107.14545674222917,39.55395345419412],[-107.14545735006993,39.55397091198587],[-107.14545687783934,39.553988443779765],[-107.14545577972324,39.55400605920663],[-107.14545409006092,39.55402373961364],[-107.14545182020605,39.55404147578186],[-107.14544901640703,39.55405925784784],[-107.14544569001757,39.55407707659256],[-107.14544187565453,39.554094922367476],[-107.14543760765737,39.5541127765197],[-107.14543290901145,39.55413062961546],[-107.14542780270217,39.55414847222095],[-107.14542232334655,39.554166294687484],[-107.14541650556166,39.554184087366494],[-107.14541036042385,39.554201832034764],[-107.14540392282777,39.554219528047824],[-107.14539722711307,39.554237156752905],[-107.14539029626538,39.55425470871622],[-107.14538315327026,39.554272174503915],[-107.14537583246751,39.55428953546325],[-107.14536836875192,39.55430679094976],[-107.1453607734776,39.55432393174447],[-107.14535309233855,39.55434092997567],[-107.14534533696644,39.55435778542851],[-107.14533750460886,39.55437478645119],[-107.14532941611864,39.554392539974394],[-107.14532099560104,39.55441084919524],[-107.14531215358723,39.554429454496336],[-107.14530278980922,39.554448123487646],[-107.14529282642987,39.5544665963369],[-107.14528218588958,39.55448462221606],[-107.14527074437967,39.554501960160316],[-107.14525844788155,39.55451836791612],[-107.14524520692676,39.55453358586581],[-107.14523090961616,39.554547381833885],[-107.14521547783602,39.55455948698358],[-107.14519883458269,39.55456966849477],[-107.14518089066635,39.55457767575375],[-107.14516168264797,39.55458356214053],[-107.14514179356446,39.55458849710585],[-107.1451213095549,39.55459263221679],[-107.14510027936619,39.554596038647254],[-107.14507873955866,39.554598769777606],[-107.14505672613767,39.55460086097993],[-107.14503427621831,39.554602383642994],[-107.14501143771507,39.554603381928324],[-107.14498824691061,39.55460390021217],[-107.14496474091997,39.55460400988345],[-107.14494095574824,39.55460374631429],[-107.14491693958716,39.55460316267053],[-107.14489271764234,39.55460232155174],[-107.14486833782793,39.55460126711955],[-107.14484384861278,39.55460006154406],[-107.1448192743701,39.55459874041248],[-107.14479466384597,39.55459737489898],[-107.1447700530452,39.55459600037609],[-107.14474547880462,39.55459467922877],[-107.14472097768366,39.55459346483784],[-107.14469659787333,39.55459241036946],[-107.14467237565546,39.55459156020033],[-107.14464834758924,39.55459096771143],[-107.14462456214288,39.554590695073145],[-107.14460104368892,39.5545907778729],[-107.1445777556677,39.554591162729984],[-107.1445544765039,39.55459145732599],[-107.14453118265688,39.55459165308612],[-107.14450787440411,39.554591759014606],[-107.14448456448683,39.55459181091339],[-107.14446124099607,39.55459179999296],[-107.14443791667301,39.55459176205537],[-107.14441459151766,39.554591697100555],[-107.14439126636216,39.55459163214104],[-107.14436792985217,39.55459157639575],[-107.14434460608308,39.55459155644774],[-107.14432129505487,39.554591572297056],[-107.14429798569053,39.55459164216673],[-107.14427469045367,39.55459179285458],[-107.14425139771258,39.55459202457534],[-107.14422812020817,39.55459237313099],[-107.14420485794035,39.55459283852154],[-107.14418162309533,39.55459343854071],[-107.14415840459597,39.554594191411496],[-107.14413520299672,39.554595115142305],[-107.14411203020649,39.55459621852262],[-107.14408887542531,39.554597528779645],[-107.14406575056199,39.55459905470297],[-107.14404266752537,39.55460080508206],[-107.14401960416103,39.554602816362966],[-107.14399656130067,39.554605115558324],[-107.14397355002107,39.554607684445045],[-107.14395056921276,39.55461048700649],[-107.14392759505755,39.55461350566363],[-107.14390464998675,39.55461671297467],[-107.14388172209114,39.5546201001501],[-107.14385881026145,39.55462363117322],[-107.14383590231121,39.55462728825034],[-107.14381302094918,39.55463105294383],[-107.14379014180273,39.55463488966626],[-107.14376727622619,39.554638789198876],[-107.14374441175599,39.55464272474376],[-107.14372155919197,39.554646669073726],[-107.14369870634793,39.5546506043951],[-107.14367586402373,39.5546545034807],[-107.14365300840151,39.55465834875143],[-107.14363016163567,39.55466210376134],[-107.1436073120946,39.55466576872506],[-107.1435844583921,39.55466929862166],[-107.14356158889667,39.55467269366581],[-107.14353872548551,39.55467590840734],[-107.14351584434095,39.554678925267126],[-107.14349294518594,39.55468173524095],[-107.1434700385434,39.55468430209754],[-107.1434471235819,39.554686598824304],[-107.14342418866994,39.55468862563584],[-107.14340123214447,39.55469032850707],[-107.1433782312968,39.554691725875514],[-107.14335478373012,39.554692978323246],[-107.14333085454939,39.554694086493804],[-107.14330656920868,39.55469496698865],[-107.14328205343924,39.55469554541364],[-107.1432574094319,39.55469573879968],[-107.14323278618167,39.55469547232358],[-107.14320828560244,39.55469465401226],[-107.14318404533489,39.554693218261505],[-107.14316016757033,39.554691082102636],[-107.14313677748629,39.55468815313366],[-107.14311400109203,39.55468436596527],[-107.14309197547416,39.55467963698527],[-107.14307079119239,39.55467388343984],[-107.14305059724232,39.554667030506586],[-107.14303149553811,39.554658986213084],[-107.14301355143584,39.554649605205505],[-107.1429966710509,39.55463886218841],[-107.14298073086994,39.55462690358928],[-107.14296559602488,39.55461388505437],[-107.14295114300204,39.554599953010985],[-107.14293724884199,39.55458527189482],[-107.14292380110825,39.55456996991014],[-107.14291066520963,39.554554211707085],[-107.14289771790934,39.55453815271689],[-107.14288482378467,39.55452193057705],[-107.14287188313938,39.554505709293736],[-107.1428587605507,39.55448962650435],[-107.14284532142732,39.55447384685863],[-107.1428314536098,39.55445850756473],[-107.14281703413856,39.55444377305775],[-107.14280192759065,39.55442978097479],[-107.14278602263794,39.55441669553625],[-107.14276918385742,39.55440465437912],[-107.14275128828905,39.55439382193819],[-107.14273244781467,39.554384052000685],[-107.14271329994193,39.55437450395282],[-107.14269390116621,39.55436512269666],[-107.14267426311918,39.554355908017584],[-107.14265438607788,39.55434686891961],[-107.14263430438298,39.55433798675072],[-107.14261400667986,39.55432927072946],[-107.14259351623178,39.55432072042674],[-107.14257283331575,39.554312344846586],[-107.14255196900915,39.55430412576606],[-107.14253094712936,39.55429608076436],[-107.14250975576758,39.55428820105175],[-107.14248841818694,39.55428048619912],[-107.14246694601903,39.55427293599188],[-107.14244535089536,39.55426555021545],[-107.14242362146123,39.55425833808845],[-107.14240180396608,39.55425128974861],[-107.14237987514645,39.5542444056249],[-107.14235785826547,39.554237685288264],[-107.14233576523178,39.55423113752833],[-107.14231360739974,39.55422475312637],[-107.14229138504635,39.554218541086556],[-107.14226912115761,39.55421249197567],[-107.14224682764213,39.55420661458345],[-107.14222449259098,39.55420090012007],[-107.142202150899,39.55419534794217],[-107.14217979121138,39.55418996726837],[-107.1421574367913,39.55418475766968],[-107.14213509899311,39.554179709927496],[-107.14211277781672,39.55417482404181],[-107.14209049707927,39.55417011759207],[-107.14206822243982,39.55416560923009],[-107.14204585281514,39.554161417940506],[-107.14202337685035,39.55415755294195],[-107.14200079343694,39.554153978217585],[-107.14197811420632,39.55415069355294],[-107.14195534995868,39.55414767172091],[-107.14193250013972,39.554144894713076],[-107.14190957610383,39.554142353310795],[-107.14188657674262,39.5541400114972],[-107.14186351396457,39.55413787806207],[-107.14184038638437,39.554135907984374],[-107.14181721726511,39.55413410083523],[-107.1417939827894,39.554132439035115],[-107.14177071702082,39.554130894928065],[-107.1417474080507,39.55412945972436],[-107.14172406695651,39.55412811520114],[-107.14170069290718,39.55412683434584],[-107.14167730888884,39.55412560772537],[-107.14165390271589,39.554124417545786],[-107.14163049709751,39.55412324536987],[-107.14160707984807,39.554122073403605],[-107.14158367367685,39.5541208832098],[-107.14156026639829,39.55411965699451],[-107.14153688072169,39.55411837632048],[-107.1415135044615,39.554117023393786],[-107.14149016032715,39.554115579777225],[-107.14146684776473,39.554114027462425],[-107.1414435664974,39.55411235744522],[-107.141420327326,39.55411054249865],[-107.14139714160534,39.554108573404115],[-107.14137400850467,39.5541064231491],[-107.14135093937887,39.55410408251502],[-107.14132793090458,39.55410144345162],[-107.14130498086654,39.55409843392541],[-107.1412820912037,39.55409511696572],[-107.14125925194648,39.55409154681215],[-107.14123644177043,39.55408778692284],[-107.1412136507058,39.55408389153733],[-107.14119088069125,39.55407992368497],[-107.14116812231073,39.55407595561367],[-107.14114535368566,39.55407203277317],[-107.14112256539981,39.554068227411456],[-107.14109975911462,39.554064593553534],[-107.14107692485983,39.554061185439046],[-107.14105403023264,39.554058084748775],[-107.1410310996037,39.55405532707074],[-107.14100810056999,39.55405299408578],[-107.14098502177642,39.5540510950124],[-107.14096188842561,39.554049314060705],[-107.1409387102107,39.55404758798695],[-107.14091548713169,39.55404591679113],[-107.14089221974227,39.55404431848161],[-107.14086893213631,39.55404281964222],[-107.14084561268217,39.554041420487316],[-107.14082227411885,39.55404015681931],[-107.14079892807783,39.55403902842387],[-107.14077556348117,39.554038053523676],[-107.14075221577733,39.55403724948416],[-107.14072886225665,39.55403663474235],[-107.14070552645903,39.554036217873794],[-107.14068220921493,39.55403602589113],[-107.14065891080097,39.554036067798506],[-107.14063564340228,39.55403636139006],[-107.14061241920396,39.55403692445983],[-107.14058923848259,39.554037766012094],[-107.14056610179163,39.55403890405526],[-107.14054302159298,39.554040365387664],[-107.14051998597783,39.554042141219405],[-107.1404969952227,39.554044240554745],[-107.14047403631147,39.55404661858707],[-107.14045109733537,39.55404926652649],[-107.14042818881842,39.554052148141906],[-107.14040529885195,39.5540552546435],[-107.1403824382368,39.55405855880434],[-107.14035959423389,39.554062024822024],[-107.14033675493458,39.55406564390661],[-107.14031393086306,39.554069379827055],[-107.14029112174241,39.55407322357917],[-107.14026831483358,39.55407713936041],[-107.14024552121454,39.5540811089482],[-107.14022271679151,39.55408510575842],[-107.14019991264247,39.55408911156842],[-107.140177107937,39.55409309936563],[-107.14015430212153,39.55409705114163],[-107.1401314824572,39.554100931093956],[-107.14010864866731,39.55410473021829],[-107.14008579964475,39.55410841249792],[-107.14006293483602,39.55411195992436],[-107.1400400536877,39.55411535448926],[-107.14001714346115,39.55411856039008],[-107.13999421551136,39.554121568408306],[-107.13997124546817,39.554124342955625],[-107.13994825604149,39.55412686559514],[-107.13992523476963,39.55412910952847],[-107.13990217002119,39.5541310749698],[-107.13987907730285,39.55413288776371],[-107.13985594581345,39.55413457513703],[-107.1398327755531,39.55413613708967],[-107.13980959033873,39.55413759120156],[-107.13978636607686,39.55413891088858],[-107.13976312686121,39.55414012273479],[-107.13973986050672,39.554141208946035],[-107.13971657892192,39.55414217831226],[-107.13969328210693,39.55414303083348],[-107.13966996978507,39.55414375750542],[-107.13964664223327,39.55414436733233],[-107.13962331108328,39.55414486009993],[-107.1395999763352,39.554145235808235],[-107.13957663771244,39.55414548545302],[-107.1395533074002,39.55414562682848],[-107.13952997321353,39.55414564214044],[-107.13950664706088,39.554145540178865],[-107.13948332894242,39.554145320943775],[-107.13946001885823,39.55414498443514],[-107.13943671708516,39.554144539657194],[-107.1394134463332,39.55414396817308],[-107.13939018361586,39.554143279415484],[-107.13936695219658,39.554142472955974],[-107.13934374044382,39.55414154900879],[-107.1393205486344,39.5541405165781],[-107.13929736569017,39.554139393886494],[-107.13927419161122,39.55413818093407],[-107.13925102667432,39.55413688672494],[-107.13922785924791,39.55413551147334],[-107.1392047012404,39.55413406396929],[-107.1391815410202,39.55413254442696],[-107.13915839021902,39.554130952632164],[-107.13913523748204,39.55412929780331],[-107.13911209471753,39.554127588730395],[-107.1390889500173,39.55412581662338],[-107.1390658152897,39.554123990272345],[-107.13904267890315,39.55412210989146],[-107.13901954113432,39.55412018448488],[-107.13899641361496,39.554118213838464],[-107.1389732849901,39.554116207170594],[-107.13895015525975,39.55411416448123],[-107.138927024424,39.55411208577045],[-107.13890390439111,39.55410997982821],[-107.13888078325289,39.55410783786453],[-107.13885766183921,39.554105686891994],[-107.13883453959689,39.55410350890221],[-107.13881141680254,39.55410131289933],[-107.13878829373279,39.55409910788763],[-107.13876518201936,39.55409689365296],[-107.13874205839888,39.55409467062356],[-107.1387189347797,39.55409244758952],[-107.13869582279345,39.55409022433667],[-107.13867269945342,39.554088010297555],[-107.13864957611467,39.554085796253766],[-107.1386264533304,39.554083600213765],[-107.13860333110058,39.55408142217752],[-107.138580197517,39.55407925335498],[-107.13855707639604,39.55407711132627],[-107.13853394447446,39.554074996519695],[-107.13851081338389,39.55407290872108],[-107.13848768340081,39.55407085693464],[-107.1384645428936,39.55406884137452],[-107.13844140349387,39.55406686182657],[-107.1384182538465,39.554064927509124],[-107.13839511721474,39.55406303799398],[-107.13837195870364,39.55406119392343],[-107.13834881265488,39.55405937664675],[-107.1383256546989,39.55405755057531],[-107.13830250754592,39.554055697272524],[-107.1382793601174,39.55405383496087],[-107.13825621213678,39.55405195463613],[-107.1382330641572,39.55405007430676],[-107.13820991562557,39.55404817596432],[-107.13818676681844,39.554046268613],[-107.13816361801237,39.554044361257056],[-107.13814046893086,39.55404244489224],[-107.13811731957382,39.55404051951855],[-107.13809417049441,39.55403860314444],[-107.13807103277118,39.55403667754741],[-107.13804788369391,39.554034761164],[-107.1380247343412,39.55403283577173],[-107.13800158554261,39.55403092838323],[-107.13797842483692,39.554029012199926],[-107.13795527631696,39.55402711380634],[-107.13793212779807,39.5540252154081],[-107.13790897983324,39.55402333501362],[-107.13788582051438,39.55402146383281],[-107.13786266147302,39.554019601651504],[-107.13783951461735,39.554017757259935],[-107.1378163566841,39.5540159310862],[-107.13779318767317,39.55401412313028],[-107.1377700308479,39.554012332964085],[-107.13774687457658,39.55401056080165],[-107.13772370722758,39.55400880685705],[-107.13770054098549,39.554007088924635],[-107.13767737529732,39.554005388996],[-107.13765419880785,39.55400371628938],[-107.13763103478038,39.55400207037671],[-107.13760785995159,39.55400045168605],[-107.13758467459787,39.55399886922164],[-107.13756150198256,39.5539973225554],[-107.13753831856582,39.553995803111135],[-107.13751513625573,39.55399431967909],[-107.13749194369707,39.55399288147749],[-107.137468752245,39.55399147928807],[-107.13744556189947,39.553990113110856],[-107.1374223729369,39.55398879195005],[-107.13739917344914,39.55398750701547],[-107.13737596398907,39.5539862763155],[-107.13735275591182,39.55398509063197],[-107.13732954921736,39.55398394996483],[-107.1373063439056,39.55398285431413],[-107.13728310397588,39.55398176830496],[-107.1372598510329,39.55398063748402],[-107.13723658535311,39.55397947085552],[-107.13721328394972,39.55397827785164],[-107.13718997008601,39.55397705804443],[-107.13716663240679,39.553975820651985],[-107.13714328254372,39.5539745654604],[-107.13711990914162,39.55397330168785],[-107.13709652410847,39.553972038124506],[-107.1370731387996,39.553970765552236],[-107.13704973050447,39.55396950240737],[-107.13702632220998,39.55396823925778],[-107.13700290311367,39.553967003330044],[-107.1369794842944,39.55396577640178],[-107.13695605439686,39.553964567691175],[-107.13693262560548,39.5539633949927],[-107.1369091860122,39.55396224951606],[-107.136885759433,39.55396114884183],[-107.13686233395984,39.5539600841797],[-107.13683890986908,39.55395906453394],[-107.13681548716063,39.55395808990451],[-107.13679207801889,39.55395717808593],[-107.1367686824437,39.55395632907821],[-107.13674528880344,39.55395554309531],[-107.13672190900598,39.55395482892747],[-107.13669854305131,39.55395418657475],[-107.13667519121564,39.55395362504135],[-107.13665185349899,39.553953144327295],[-107.13662853017753,39.55395275343681],[-107.13660523315923,39.5539524611602],[-107.13658196216757,39.553952258493254],[-107.13655870612354,39.55395216365839],[-107.13653547665868,39.55395217644166],[-107.13651227404921,39.55395230584732],[-107.13648910965033,39.55395254265728],[-107.13646596075127,39.553952905307774],[-107.13644283925993,39.55395340258916],[-107.13641976816308,39.55395402506944],[-107.13639671284203,39.55395478239454],[-107.13637370819156,39.5539556739228],[-107.13635073150085,39.55395671809049],[-107.13632779440148,39.55395791468371],[-107.1363048968932,39.5539592637025],[-107.13628203925221,39.553960774151165],[-107.13625923311004,39.55396244581574],[-107.13623645658465,39.55396432414522],[-107.13621365870135,39.553966644318784],[-107.13619084028852,39.553969433349096],[-107.13616801297738,39.55397269102229],[-107.1361452108335,39.55397638968405],[-107.13612243385653,39.55398052933442],[-107.13609970448046,39.55398508253301],[-107.13607704596818,39.553990048852135],[-107.13605446912219,39.55399540106527],[-107.13603199720541,39.55400113874479],[-107.13600962994124,39.55400725288652],[-107.13598741302715,39.55401371562239],[-107.13596533483125,39.55402052716638],[-107.13594342941941,39.55402765986434],[-107.1359217200547,39.55403511328864],[-107.13590020646068,39.554042878435204],[-107.13587891107167,39.55405092786378],[-107.13585784524294,39.554059252356375],[-107.13583704386926,39.554067851271604],[-107.1358165177535,39.5540766973831],[-107.13579627825094,39.55408578147292],[-107.13577633671697,39.55409509432321],[-107.13575672749401,39.5541046172841],[-107.13573742704249,39.5541143417792],[-107.13571829495356,39.55412424336207],[-107.13569928442423,39.55413431388386],[-107.13568040708613,39.55414455313081],[-107.13566165103123,39.554154952312544],[-107.13564300407538,39.55416549363457],[-107.13562447785013,39.554176176883075],[-107.13560604909216,39.55418700248577],[-107.13558771697268,39.55419794343004],[-107.13556948204412,39.554209017724375],[-107.13555133184607,39.554220198569965],[-107.13553326637852,39.554231485966845],[-107.13551527373349,39.554242871124615],[-107.13549735391099,39.554254354043366],[-107.13547949472685,39.55426591692846],[-107.13546169618108,39.55427755977994],[-107.13544394636568,39.554289273807406],[-107.13542624500448,39.55430105000666],[-107.13540858046575,39.55431288859149],[-107.13539095219704,39.55432477155353],[-107.13537335992221,39.554336689888544],[-107.13535579228568,39.554348652814554],[-107.13533823710334,39.554360642536906],[-107.13532069409904,39.554372650051434],[-107.13530316299655,39.554384666353876],[-107.13528563244033,39.554396700662274],[-107.13526808997013,39.5544087261777],[-107.13525054721765,39.554420742686425],[-107.13523298091945,39.55443275061596],[-107.1352153905232,39.55444473195789],[-107.1351977760289,39.55445668671214],[-107.13518012552865,39.55446860608835],[-107.1351624384701,39.554480472077984],[-107.13514471540564,39.55449230268948],[-107.13512693196714,39.554504062333486],[-107.13510908843078,39.55451576001418],[-107.1350911845204,39.55452738672732],[-107.13507322023604,39.55453894247288],[-107.13505518311754,39.55455040045194],[-107.13503706180927,39.554561769882376],[-107.13501885603519,39.55457304176004],[-107.13500055361122,39.55458419829011],[-107.13498216616917,39.55459523925882],[-107.1349636704456,39.55460616509363],[-107.13494506588823,39.55461695778604],[-107.13492634086538,39.55462761754978],[-107.13490750673272,39.554638135166755],[-107.13488853967449,39.554648493055986],[-107.13486946350662,39.554658708798385],[-107.13485026742569,39.55466880962029],[-107.1348309863271,39.55467879488043],[-107.13481160913138,39.55468868280095],[-107.13479214747034,39.55469847316806],[-107.13477260106788,39.5547081569775],[-107.13475297075243,39.55471776124187],[-107.13473326787967,39.5547272767432],[-107.1347134924496,39.554736703481446],[-107.13469364501456,39.55474605946502],[-107.13467372529841,39.55475533568968],[-107.13465375684092,39.55476454073215],[-107.13463371665459,39.55477368402404],[-107.13461363963485,39.554782764924184],[-107.13459349088635,39.554791784073736],[-107.13457330585668,39.55480075883993],[-107.13455308426975,39.55480968021851],[-107.13453281476994,39.55481855742744],[-107.1345125092651,39.55482739925718],[-107.13449216747917,39.554836196703484],[-107.13447180159615,39.5548449675611],[-107.13445141161606,39.55485371182998],[-107.1344309975389,39.55486242951015],[-107.13441057127254,39.554871129392104],[-107.13439013281703,39.55487981147581],[-107.13436967081661,39.55488848497921],[-107.13434920881099,39.55489715847916],[-107.13432874652409,39.55490582297139],[-107.134308284232,39.55491448746014],[-107.13428783411858,39.55492316974018],[-107.13426738399997,39.55493185201675],[-107.1342469460601,39.55494055208462],[-107.13422652029887,39.554949269943776],[-107.13420613025603,39.55495801417111],[-107.13418574103609,39.554966785407686],[-107.13416539944238,39.55497559180299],[-107.13414507057938,39.55498443399814],[-107.13412478934256,39.55499331135206],[-107.13410454437614,39.555002233082696],[-107.13408433595608,39.5550112081943],[-107.13406417571423,39.55502023647321],[-107.13404406392654,39.5550293269237],[-107.13402400031701,39.555038470541575],[-107.13400399706946,39.55504768512164],[-107.13398405390784,39.5550569616597],[-107.13396418301602,39.555066317950576],[-107.13394437276207,39.555075754207984],[-107.13392458742243,39.555085244060216],[-107.13390462483947,39.55509464707173],[-107.13388448446118,39.55510394523397],[-107.1338641906553,39.555113174136466],[-107.13384376668552,39.55512233335187],[-107.1338232250117,39.55513144967909],[-107.13380262434508,39.55514054005836],[-107.13378195332983,39.555149613707506],[-107.13376127095322,39.55515869657099],[-107.13374058939907,39.55516780644363],[-107.13371992057516,39.55517695211602],[-107.13369932319281,39.55518615052844],[-107.13367879807993,39.55519542869366],[-107.13365838013209,39.55520478597081],[-107.13363808208504,39.555214258163204],[-107.13361796237406,39.55522385320707],[-107.13359802155108,39.55523358911094],[-107.13357828315577,39.555243474451885],[-107.1335587948195,39.555253544392485],[-107.13353955654219,39.55526379893281],[-107.13352061567925,39.5552742642313],[-107.13350199577036,39.555284948865044],[-107.13348372090715,39.55529587941963],[-107.1334658032734,39.555307073690166],[-107.13344828967259,39.555318539826565],[-107.13343119228854,39.555330295623854],[-107.13341454656883,39.555342358449884],[-107.13339837632918,39.55535474588607],[-107.13338270566126,39.55536748451817],[-107.13336755810487,39.555380582923334],[-107.13335292147627,39.55539402330693],[-107.13333871324853,39.555407771147436],[-107.13332489769817,39.55542180007304],[-107.13331146264146,39.55543609228908],[-107.13329839617069,39.555450639004974],[-107.1332856512064,39.55546542306679],[-107.1332732391047,39.5554804352568],[-107.13326111278613,39.55549565842098],[-107.13324926006699,39.55551107476458],[-107.13323766903953,39.55552667549702],[-107.13322631588814,39.555542443037076],[-107.13321517707313,39.55555836880776],[-107.13320424013486,39.55557442601002],[-107.13319347017759,39.55559061528465],[-107.1331828547417,39.555606909832605],[-107.13317237028747,39.55562330107684],[-107.13316200463113,39.55563977122249],[-107.13315173423295,39.55565631169252],[-107.1331415352772,39.55567290490567],[-107.13313139585608,39.55568954207126],[-107.133121280246,39.55570619681737],[-107.13311117653909,39.55572286035336],[-107.13310106119552,39.55573952410211],[-107.13309092203147,39.55575617026877],[-107.13308073523122,39.55577278127199],[-107.13307047725488,39.55578934853466],[-107.13306013564272,39.55580584525767],[-107.13304967577467,39.555822281085916],[-107.1330390962712,39.55583861099821],[-107.13302836251215,39.55585484463944],[-107.13301745068175,39.55587096442828],[-107.13300634832017,39.55588694356552],[-107.1329950437954,39.55590278226467],[-107.13298350138368,39.55591845415368],[-107.13297169754499,39.555933950655366],[-107.1329596320034,39.555949262765424],[-107.13294728066712,39.55596436389822],[-107.13293459673216,39.55597924590362],[-107.1329215915545,39.55599389956377],[-107.13290822941043,39.55600829850653],[-107.1328944986678,39.5560224429453],[-107.13288036360281,39.55603630650796],[-107.1328656339649,39.55604975754771],[-107.13285009541174,39.55606263783203],[-107.13283380748271,39.55607499131402],[-107.13281684162521,39.556086870737495],[-107.13279923383875,39.55609831147845],[-107.13278107855895,39.5561093568494],[-107.13276241206124,39.556120051230636],[-107.13274329388516,39.55613043857539],[-107.13272379492642,39.556140553619116],[-107.13270397500038,39.55615044931936],[-107.13268388201455,39.556160169843004],[-107.13266359822083,39.55616974070783],[-107.13264316044635,39.55617922430284],[-107.13262265094296,39.55618864614588],[-107.13260211789397,39.55619805940829],[-107.13258162083885,39.55620750804353],[-107.13256121931704,39.55621703600527],[-107.13254097259212,39.55622667824283],[-107.1325209518356,39.55623647849636],[-107.13250121658689,39.55624648071958],[-107.13248181475329,39.55625672907976],[-107.13246281750634,39.556267267317125],[-107.1324442724775,39.55627813059479],[-107.1324262511141,39.55628937165738],[-107.13240882458761,39.556301034245166],[-107.13239202889753,39.556313153734884],[-107.13237588785964,39.5563257477083],[-107.13236014253448,39.556338721816175],[-107.13234473283092,39.55635201409654],[-107.13232964739267,39.55636563376725],[-107.13231489674858,39.556379544597995],[-107.13230046899078,39.556393737798125],[-107.13228636329187,39.55640818635506],[-107.13227257910027,39.55642287226041],[-107.13225911641608,39.55643779551431],[-107.13224596250406,39.55645292031338],[-107.13223311681271,39.55646822864925],[-107.13222057934213,39.556483720522024],[-107.13220836062133,39.55649935970135],[-107.13219643683466,39.55651512860578],[-107.13218480798226,39.55653102723543],[-107.1321734845932,39.55654701935993],[-107.13216244312763,39.55656309640208],[-107.13215170602255,39.5565792309223],[-107.13214125001394,39.55659542334759],[-107.13213108563087,39.5566116374476],[-107.13212118933359,39.5566278646451],[-107.13211164309864,39.556644121454276],[-107.13210279087693,39.556660617786],[-107.1320946800247,39.55667737979915],[-107.13208721693378,39.55669439119327],[-107.13208033043288,39.55671160822816],[-107.13207393854582,39.5567290143898],[-107.13206798200908,39.5567465747287],[-107.13206236693843,39.55676426394],[-107.13205702243815,39.556782047287726],[-107.13205187816389,39.55679990804422],[-107.1320468632198,39.55681781147346],[-107.13204188372139,39.556835732270535],[-107.13203686849675,39.55685362669512],[-107.13203175910931,39.55687148681037],[-107.13202646139857,39.55688927830714],[-107.13202090446825,39.55690696644924],[-107.13201500606566,39.556924525718294],[-107.13200869557012,39.556941930382365],[-107.13200190236104,39.55695915470955],[-107.13199455554185,39.55697616396366],[-107.13198656095169,39.55699292383533],[-107.13197784852122,39.55700942660115],[-107.13196834680225,39.557025619516274],[-107.13195798572544,39.55704149485717],[-107.13194675338234,39.55705704383278],[-107.13193532190816,39.55707255141519],[-107.1319238328195,39.55708807807236],[-107.13191226230042,39.55710360622281],[-107.13190063389104,39.55711914444373],[-107.13188893595908,39.55713469294864],[-107.13187717986095,39.55715024251978],[-107.13186534233218,39.5571657935841],[-107.13185343500493,39.55718134592806],[-107.13184145732765,39.55719688154317],[-107.13182942148401,39.55721241822446],[-107.13181729230156,39.55722794760801],[-107.13180510412539,39.557243451044975],[-107.13179283424253,39.557258946970705],[-107.13178049400942,39.55727442616751],[-107.13176808315025,39.55728987963109],[-107.13175559003277,39.5573053075749],[-107.1317430146569,39.55732070999888],[-107.13173036865489,39.557336086689595],[-107.13171764011868,39.557351428856215],[-107.13170482904823,39.55736673649869],[-107.13169193516778,39.557382000612805],[-107.13167897038527,39.55739722998928],[-107.13166591116043,39.557412416050745],[-107.13165276912547,39.55742755858376],[-107.13163955563691,39.557442648370596],[-107.13162624770591,39.55745769484232],[-107.13161284478097,39.55747267999045],[-107.13159937040234,39.55748761239232],[-107.13158580102973,39.557502483470536],[-107.13157214801964,39.55751728400739],[-107.13155840029124,39.55753203222473],[-107.13154456892534,39.55754670990068],[-107.13153064228965,39.55756131724858],[-107.13151662010833,39.55757584526418],[-107.13150251456526,39.55759031174249],[-107.13148830156855,39.5576046900976],[-107.13147400465853,39.5576189889069],[-107.13145961192721,39.55763319937951],[-107.13144512365028,39.55764733051962],[-107.13143052791968,39.55766137353643],[-107.13141584772431,39.55767531899879],[-107.13140106007532,39.55768917633773],[-107.13138617632924,39.55770293633556],[-107.1313711962104,39.557716589987976],[-107.1313561083622,39.55773014651265],[-107.13134092414121,39.55774359669185],[-107.13132563163947,39.55775693173471],[-107.13131024304067,39.55777016943628],[-107.13129474588543,39.55778328299717],[-107.13127914044944,39.55779628142162],[-107.13126342673274,39.55780916470957],[-107.13124761636765,39.55782193264754],[-107.13123160218203,39.55783450611794],[-107.1312151595777,39.5578467721201],[-107.1311983229003,39.557858712005135],[-107.1311810816202,39.55787036200327],[-107.13116348226674,39.55788172126075],[-107.13114551375904,39.55789280799929],[-107.1311272226264,39.557903621365156],[-107.13110859806356,39.5579141885843],[-107.13108968659998,39.55792450880303],[-107.13107047743034,39.557934609247305],[-107.1310510170841,39.557944489063495],[-107.13103130611265,39.55795416625991],[-107.13101136805639,39.557963649413935],[-107.13099121509906,39.55797295632054],[-107.13097087078111,39.55798209555712],[-107.13095035864295,39.557991075701096],[-107.13092969086831,39.55799991454748],[-107.13090887964094,39.558008629891276],[-107.1308879479499,39.558017212301465],[-107.13086692016265,39.558025697368244],[-107.13084580763585,39.558034075873906],[-107.13082463473694,39.5580423834087],[-107.13080340119029,39.55805061096832],[-107.13078214271997,39.55805878492542],[-107.13076088286635,39.55806691385752],[-107.13073962190514,39.55807500676885],[-107.13071839500911,39.558083072023614],[-107.13069720272952,39.55809112763034],[-107.1306760688824,39.55809919117081],[-107.13065501673252,39.55810726221838],[-107.13063407037149,39.558115367359186],[-107.13061322952373,39.55812349758899],[-107.13059251855644,39.55813168849818],[-107.1305718051037,39.55813979836556],[-107.13055100663647,39.558147792667484],[-107.13053012315481,39.5581556714039],[-107.1305091784748,39.558163452156585],[-107.13048816041285,39.55817111713037],[-107.13046708170386,39.558178702128835],[-107.13044594152112,39.55818618013925],[-107.1304247525994,39.558193586965224],[-107.13040350303079,39.5582009138158],[-107.13038220444776,39.55820816047762],[-107.13036086930944,39.55821535375008],[-107.13033948543239,39.55822247583802],[-107.13031807690814,39.558229553327486],[-107.13029663182876,39.55823657742758],[-107.13027515046984,39.558243557142454],[-107.1302536447394,39.558250501263096],[-107.13023212654541,39.558257418580425],[-107.13021058425551,39.55826430930772],[-107.13018902977765,39.558271182235906],[-107.13016747474428,39.558278037151716],[-107.13014590807411,39.55828489227693],[-107.13012434139954,39.558291747398236],[-107.13010277472057,39.55829860251564],[-107.1300812202207,39.55830547542436],[-107.13005967762439,39.558312357120165],[-107.13003813612582,39.558319274829074],[-107.13001663007114,39.558326209902745],[-107.12999513674659,39.558333180776295],[-107.12997366806007,39.55834019624065],[-107.12995223564401,39.558347256082584],[-107.12993084004938,39.5583543783106],[-107.12990946909271,39.558361545129515],[-107.12988815849775,39.55836878291227],[-107.12986688499967,39.55837609208546],[-107.12984566050632,39.55838348144005],[-107.12982448501768,39.55839095097608],[-107.12980337044156,39.558398509484604],[-107.12978232841043,39.55840615675236],[-107.12976133621032,39.55841391121442],[-107.12974041683053,39.55842176344007],[-107.12971942737576,39.558429607937306],[-107.12969836701949,39.558437417693405],[-107.12967724822066,39.55844521950777],[-107.12965605934681,39.558453013593635],[-107.12963484720318,39.55846080810224],[-107.12961360015734,39.55846860324683],[-107.12959234230058,39.55847642561365],[-107.1295710736329,39.55848427520269],[-107.12954981769465,39.55849216059173],[-107.12952859802618,39.558500090358585],[-107.12950740327048,39.55850807372072],[-107.12948625696788,39.558516119255984],[-107.12946517130173,39.55852424475966],[-107.12944416953694,39.55853244980533],[-107.12942324031643,39.55854074361054],[-107.12940241881299,39.55854913453989],[-107.12938171720997,39.558557640388734],[-107.1293611355073,39.558566261157175],[-107.12934068561292,39.55857500563627],[-107.12932039134246,39.5585838914082],[-107.12930025297143,39.55859292747728],[-107.12928030539716,39.558602113204],[-107.12926053726254,39.55861145780585],[-107.12924097238334,39.55862097886511],[-107.12922162266747,39.55863068517289],[-107.12920249974731,39.558640576516076],[-107.12918360417363,39.558650670903326],[-107.12916497084392,39.55866096769517],[-107.12914661221683,39.55867149369124],[-107.12912851638444,39.55868224010068],[-107.12911096968737,39.558693435917576],[-107.12909440356458,39.5587054876631],[-107.12907873410977,39.55871831579163],[-107.12906384224384,39.55873183239292],[-107.12904965514228,39.55874593969954],[-107.12903603073647,39.558760559231665],[-107.12902288456944,39.55877559343497],[-107.12901010947004,39.55879096318995],[-107.12899760934884,39.55880657115538],[-107.12898525376956,39.558822338638],[-107.12897295827517,39.55883816808331],[-107.12896061541903,39.5588539713674],[-107.12894812966233,39.55886966915731],[-107.12893537001787,39.55888516475118],[-107.1289222520285,39.55890036059428],[-107.12890865716568,39.55891518678421],[-107.12889450097225,39.55892954576615],[-107.12887965273632,39.55894334984224],[-107.12886402800076,39.558956501457565],[-107.12884760680512,39.558969109089276],[-107.12883082520406,39.558982110723214],[-107.128813790093,39.55899557647476],[-107.1287964984422,39.55900940729703],[-107.12877897021181,39.55902349471251],[-107.12876120209688,39.55903773066998],[-107.12874322651645,39.55905203349155],[-107.12872505124757,39.559066276904346],[-107.12870667381185,39.559080379869975],[-107.12868811389448,39.55909422490668],[-107.12866938037452,39.559107721758636],[-107.12865049321279,39.55912076194837],[-107.12863144910521,39.55913323742468],[-107.1286122682883,39.559145048714356],[-107.12859297127407,39.55915610534847],[-107.12857355475876,39.55916629927585],[-107.12855403842856,39.559175513014736],[-107.12853443143867,39.559183665313626],[-107.12851474211828,39.55919064790823],[-107.12849497879677,39.55919635253421],[-107.12847517334411,39.559200679505246],[-107.12845531110013,39.559203529987585],[-107.12843541202716,39.55920479550383],[-107.12841548913582,39.55920452086205],[-107.12839550085313,39.559202868991385],[-107.12837546184151,39.559199938725506],[-107.12835536349813,39.55919582932431],[-107.12833519694473,39.55919063104349],[-107.12831497629277,39.55918442470817],[-107.12829468158183,39.55917731879567],[-107.12827432692322,39.55916939413116],[-107.1282539150708,39.559160740757164],[-107.12823342606391,39.559151467151025],[-107.12821286238088,39.55914165435097],[-107.1281922384079,39.55913139218646],[-107.12817153363332,39.55912077112632],[-107.12815075136112,39.55910989922152],[-107.12812989379397,39.5590988485062],[-107.12810896423558,39.559087727031404],[-107.12808794217392,39.559076625265924],[-107.12806684171917,39.55906562403493],[-107.12804566617473,39.559054831389545],[-107.12802439447759,39.55904431979002],[-107.12800304183877,39.5590342060786],[-107.1279815988276,39.55902456250243],[-107.12796006847171,39.55901548810839],[-107.1279384418908,39.55900707315216],[-107.12791672211222,39.55899941668054],[-107.12789491188798,39.55899260873617],[-107.12787300206215,39.55898673057044],[-107.12785098430442,39.558981890447555],[-107.12782885310865,39.55897790828219],[-107.12780652409019,39.55897430812679],[-107.12778403187109,39.558971080337756],[-107.12776137590045,39.55896820690648],[-107.12773857916783,39.55896567840251],[-107.12771564112239,39.55896347681721],[-107.12769257312111,39.55896159293324],[-107.12766939787834,39.55896000831588],[-107.12764611539372,39.55895872296503],[-107.12762274810638,39.55895770944182],[-107.12759929601604,39.558956967746184],[-107.12757577020452,39.55895647965647],[-107.1275521936614,39.55895623574236],[-107.12752857746858,39.55895621778221],[-107.12750492135058,39.55895641677177],[-107.12748123638931,39.55895681448943],[-107.12745755748216,39.5589574102961],[-107.12743386053828,39.55895817760507],[-107.12741019208762,39.558959115564214],[-107.12738653994711,39.55896020637803],[-107.12736291547388,39.55896144082929],[-107.12733935301509,39.55896280027039],[-107.12731584093804,39.5589642849144],[-107.12729238977442,39.558965858531295],[-107.12726902306441,39.55896752969932],[-107.12724576352265,39.558969279984],[-107.12722258733363,39.558971091802896],[-107.1271995410275,39.558972964304026],[-107.12717660464116,39.55897500596467],[-107.12715373459586,39.55897769507609],[-107.12713093034061,39.558981013629754],[-107.12710817831612,39.55898489880884],[-107.12708548795308,39.5589892783663],[-107.12706283405979,39.55899408969828],[-107.12704022661747,39.5589992785662],[-107.1270176634245,39.55900477293595],[-107.12699513064685,39.55901050098641],[-107.12697262635825,39.55901639968774],[-107.12695014890768,39.55902241501434],[-107.1269276841862,39.55902846614078],[-107.12690523054292,39.55903449904146],[-107.12688279768443,39.5590404504735],[-107.12686035986955,39.55904623982451],[-107.1268379273553,39.55905182186012],[-107.12681548603312,39.55905711575487],[-107.12679304588515,39.55906206727018],[-107.12677058117045,39.559066595793546],[-107.1267481021464,39.55907065609065],[-107.1267255947048,39.559074167335936],[-107.12670306882806,39.5590770752909],[-107.12668049905075,39.5590793083472],[-107.12665789508029,39.559080803261956],[-107.12663525499168,39.559081497005245],[-107.12661258071144,39.55908145260695],[-107.12658989770618,39.55908074167525],[-107.12656719599461,39.55907941844874],[-107.12654447667767,39.55907751894445],[-107.12652175331417,39.55907510597931],[-107.12649901537237,39.55907221578332],[-107.12647626422817,39.55906889337782],[-107.12645350125746,39.559065183784156],[-107.12643073946852,39.55906113181069],[-107.12640795724705,39.55905679190897],[-107.12638517923382,39.55905220867442],[-107.12636239462171,39.55904740933281],[-107.12633960561148,39.55904246591827],[-107.12631681302848,39.559037405443654],[-107.12629401824812,39.5590322729303],[-107.12627123482845,39.559027131195165],[-107.1262484403295,39.55902200767694],[-107.1262256483092,39.55901696519259],[-107.12620285959261,39.55901203075495],[-107.12618007610493,39.55900726739393],[-107.1261572989462,39.55900271112664],[-107.12613451785883,39.558998407187346],[-107.12610650475894,39.558993523299684],[-107.12608367918502,39.55899004902076],[-107.1260608308981,39.55898659317159],[-107.12603799452087,39.55898314610925],[-107.12601514651314,39.55897969925527],[-107.12599231014005,39.55897625218384],[-107.12596947321899,39.5589727870993],[-107.12594663547493,39.55896929499736],[-107.1259238204481,39.55896578445659],[-107.1259010037733,39.55896221988562],[-107.12587819735816,39.55895861007587],[-107.12585541283532,39.55895495481445],[-107.12583264965477,39.55895123609283],[-107.12580988510148,39.55894747234533],[-107.12578713135801,39.558943681367616],[-107.12576438842443,39.55893986315964],[-107.1257416446682,39.55893601793435],[-107.12571890091428,39.55893217270454],[-107.12569616852025,39.55892831825305],[-107.12567342477097,39.55892447301421],[-107.12565068129899,39.55892063677507],[-107.12562793865425,39.55891682754425],[-107.12560518520418,39.558913045534595],[-107.12558242149868,39.55890930875463],[-107.12555963590516,39.55890561741721],[-107.12553685196364,39.55890198010089],[-107.12551404668393,39.55889840623566],[-107.1254912203409,39.55889490482574],[-107.12546837320946,39.55889148487543],[-107.12544551692207,39.5588881461719],[-107.12542248441402,39.55888513502301],[-107.12539918564896,39.558882552178275],[-107.12537568904712,39.55888035133927],[-107.12535200431606,39.55887846926308],[-107.12532818741873,39.55887683285134],[-107.1253042599704,39.558875387652655],[-107.12528026685149,39.55887407879004],[-107.1252562407601,39.55887283359084],[-107.12523221494426,39.55887159739088],[-107.12520823428464,39.558870315313364],[-107.12518433147964,39.55886891468564],[-107.1251605511351,39.55886733162657],[-107.12513692677435,39.55886552047648],[-107.1251134908211,39.55886339955857],[-107.12509027679872,39.55886092321314],[-107.12506732931347,39.55885802755922],[-107.12504468133908,39.55885464892865],[-107.12502236584938,39.55885072365322],[-107.1250004393582,39.55884619664359],[-107.12497891129946,39.558840995652886],[-107.12495783846207,39.55883507459608],[-107.12493724191252,39.558828361013546],[-107.12491717789,39.5588207908117],[-107.12489761369646,39.558812436663395],[-107.12487846094501,39.558803453343785],[-107.12485969829505,39.558793904308516],[-107.12484130303164,39.55878380799195],[-107.12482322999917,39.55877321026665],[-107.1248054686649,39.55876214736268],[-107.12478798550578,39.55875066493984],[-107.12477075835636,39.55873879944093],[-107.12475375314384,39.55872657851712],[-107.12473693661994,39.558714056832486],[-107.1247202979768,39.55870126161272],[-107.1247037920587,39.558688238730305],[-107.12468740833269,39.55867502441516],[-107.12467110136804,39.55866165553549],[-107.12465486063182,39.558648168321135],[-107.1246386526007,39.55863460843187],[-107.12462244320167,39.5586210035187],[-107.12460621081887,39.55860740803283],[-107.12458993301172,39.558593849412595],[-107.12457356434959,39.55858036452606],[-107.12455709457412,39.55856699860731],[-107.12454048988708,39.55855378831168],[-107.12452372812281,39.558540770081684],[-107.12450677575781,39.55852798957691],[-107.12448961035153,39.558515474235534],[-107.1244721983805,39.55850326971709],[-107.12445451795372,39.55849142146839],[-107.12443653472317,39.558479948136004],[-107.12441822734748,39.55846891317524],[-107.12439956147853,39.55845833523267],[-107.12438060388817,39.558448113984745],[-107.12436144351399,39.55843811266528],[-107.12434208008106,39.55842832226989],[-107.12432253657946,39.55841873336878],[-107.12430282409194,39.5584093277406],[-107.12428294261841,39.55840010538523],[-107.12426290324171,39.55839104808134],[-107.12424271731935,39.55838214661185],[-107.12422240784149,39.55837339154699],[-107.12420196262593,39.558364765090836],[-107.12418141657007,39.558356266605195],[-107.12416076912423,39.55834787808148],[-107.12414002028837,39.55833959951964],[-107.12411920413548,39.55833140326867],[-107.12409830903309,39.55832328954125],[-107.12407735797125,39.55831524890765],[-107.12405635067513,39.55830727236355],[-107.12403530986018,39.558299341475],[-107.1240142466092,39.55829143802071],[-107.12399314956458,39.5582835712177],[-107.12397206470655,39.55827572220656],[-107.12395096822067,39.558267873404134],[-107.12392988337187,39.55826002438507],[-107.12390883287559,39.55825215671546],[-107.12388781645704,39.558244261391046],[-107.1238668341163,39.55823633841179],[-107.12384591992645,39.55822836012691],[-107.1238250619804,39.558220317744805],[-107.12380427218535,39.558212220057115],[-107.12378348294446,39.55820414037415],[-107.12376267126756,39.55819608812549],[-107.12374182579693,39.55818807252806],[-107.12372095843966,39.55818010237352],[-107.12370006864631,39.55817215965327],[-107.1236791566916,39.558164253371515],[-107.12365821121776,39.55815639274529],[-107.12363724330774,39.558148559553274],[-107.12361626486873,39.55814076258716],[-107.12359525291049,39.55813301127646],[-107.12357421851601,39.55812528739998],[-107.12355316223471,39.55811760896628],[-107.12353207188472,39.55810995817938],[-107.12351097128025,39.5581023526226],[-107.12348984823944,39.55809477449998],[-107.12346871494414,39.558087241607446],[-107.12344754758006,39.55807973636169],[-107.12342635832891,39.55807227655863],[-107.1234051582738,39.558064843977085],[-107.12338392469916,39.558057457050815],[-107.12336268059516,39.558050106350336],[-107.12334141432939,39.558042792088244],[-107.12332013753415,39.55803551405189],[-107.1232988383024,39.55802826344959],[-107.12327752771716,39.558021022060146],[-107.12325622767001,39.55801374443691],[-107.12323493898495,39.55800645759275],[-107.12321363812246,39.557999152948554],[-107.12319233698966,39.55799183929604],[-107.1231710358612,39.55798452563951],[-107.12314972310466,39.557977212191524],[-107.12312841062712,39.55796990774378],[-107.12310708679611,39.55796261250889],[-107.12308574052855,39.557955344708],[-107.12306438345678,39.55794810412852],[-107.12304301558079,39.557940890770446],[-107.12302162554279,39.55793371385065],[-107.12300021361737,39.55792658237342],[-107.1229787800791,39.557919505343015],[-107.12295732465336,39.557912473755174],[-107.12293583625687,39.557905505830966],[-107.12291432679666,39.55789861036219],[-107.12289277273324,39.55789177876959],[-107.12287119788057,39.55788502863668],[-107.12284957897376,39.557878360388514],[-107.12282791628738,39.557871783029405],[-107.12280622145374,39.55786529634677],[-107.12278448311496,39.55785890955742],[-107.12276270154553,39.55785263166564],[-107.12274087674538,39.557846462671414],[-107.1227189976312,39.557840420795856],[-107.1226970752861,39.55783448781778],[-107.12267509890134,39.55782869096262],[-107.12265305711898,39.557823039447214],[-107.12263093940481,39.557817569501196],[-107.12260874548411,39.557812272120245],[-107.12258648671452,39.5578071380875],[-107.12256416309593,39.55780216740292],[-107.12254177380446,39.5577973330536],[-107.12251933047241,39.55779263482699],[-107.12249684390841,39.5577880454976],[-107.12247430275441,39.55778357428227],[-107.12245171754458,39.55777918495123],[-107.12242911181812,39.55777488608373],[-107.12240646176112,39.557770660096175],[-107.1223837903637,39.557766497559264],[-107.12236109680222,39.557762371460065],[-107.12233838135116,39.557758290802866],[-107.12231566645163,39.55775422814973],[-107.12229294047124,39.55775018371319],[-107.12227021449333,39.557746139272126],[-107.1222474879688,39.55774207681795],[-107.12222477253009,39.557737996138144],[-107.12220206762814,39.55773387922415],[-107.12217938462086,39.55772971685915],[-107.12215672323381,39.55772550003888],[-107.12213409455035,39.55772121054224],[-107.12211149802155,39.55771683036066],[-107.12208893392202,39.55771236849844],[-107.12206642469306,39.557707797517764],[-107.1220439581534,39.55770309962254],[-107.12202153457764,39.557698283817075],[-107.12199918803954,39.55769332245103],[-107.12197688336762,39.55768820715764],[-107.12195466709154,39.55768293708697],[-107.12193250321633,39.55767747685934],[-107.12191040392352,39.557671844270864],[-107.1218883575809,39.55766603953404],[-107.12186637664439,39.55766008944936],[-107.12184442594256,39.55765398564992],[-107.12182252983818,39.55764776372799],[-107.12180067669892,39.55764142389613],[-107.12177885544152,39.557634984375326],[-107.12175706606602,39.55762844516567],[-107.12173529776354,39.557621833492504],[-107.12171356216646,39.55761514914336],[-107.12169184819143,39.557608410339334],[-107.12167014475503,39.557601635301495],[-107.12164846376407,39.55759483282171],[-107.1216267822283,39.557588012329106],[-107.12160511205458,39.557581182615614],[-107.12158343080146,39.557574371118996],[-107.12156176173366,39.557567577414375],[-107.12154007022853,39.557560811143375],[-107.12151838009963,39.55755408988971],[-107.12149666863101,39.55754743208683],[-107.1214749360971,39.557540846739045],[-107.12145318277221,39.55753434285064],[-107.12143140893072,39.55752792942592],[-107.12140959213107,39.557521633902624],[-107.12138775563787,39.55751545585588],[-107.12136586482838,39.55750940492722],[-107.12134394351598,39.5575034987004],[-107.12132196898466,39.557497755608864],[-107.12129994150867,39.55749218465688],[-107.12127786136229,39.55748679484869],[-107.1212557290941,39.55748160419293],[-107.12123352143924,39.55747661311434],[-107.12121125085305,39.55747184841339],[-107.12118891733535,39.557467310090075],[-107.12116651007666,39.55746302536965],[-107.12114400718403,39.557459039698394],[-107.12112141030343,39.55745540710212],[-107.12109871888576,39.55745210957211],[-107.1210759321076,39.55744912009543],[-107.12105307295894,39.55744642924299],[-107.1210301289841,39.557444010214176],[-107.12100712262438,39.5574418355713],[-107.12098405360521,39.55743989631001],[-107.12096090947092,39.55743816562976],[-107.12093772429529,39.557436615880455],[-107.12091448617143,39.55743523827014],[-107.1208912175408,39.55743400536115],[-107.12086790594793,39.557432890352906],[-107.12084455111831,39.557431884241076],[-107.12082118740022,39.55743096837996],[-107.12079780206383,39.55743010696468],[-107.12077439456046,39.55742928198662],[-107.12075098788044,39.55742848401674],[-107.12072756929408,39.55742767725017],[-107.12070416179172,39.55742685225788],[-107.12068075319245,39.55742599124366],[-107.12065736566367,39.557425057765535],[-107.12063399865687,39.557424033814954],[-107.12061066353014,39.55742291017524],[-107.12058734782836,39.55742166004584],[-107.12056408590001,39.557420264781136],[-107.12054085365769,39.55741869779291],[-107.12051767381763,39.55741694064788],[-107.12049452448682,39.5574150387923],[-107.12047128703563,39.5574133007082],[-107.12044796173817,39.55741173539985],[-107.12042458211988,39.55741029720871],[-107.12040113572542,39.55740895933412],[-107.1203776560803,39.5574076761176],[-107.1203541650778,39.55740640211288],[-107.12033067325311,39.55740510109048],[-107.12030719141579,39.55740374582513],[-107.12028375254306,39.55740227264979],[-107.12026035608649,39.55740066355583],[-107.12023702393958,39.557398873097114],[-107.12021377799589,39.55739685582754],[-107.12019062906522,39.55739458452195],[-107.12016761039933,39.55739200451764],[-107.1201447209015,39.55738907979743],[-107.12012197138165,39.55738578313615],[-107.12009940672402,39.55738205965891],[-107.12007701447395,39.55737788256513],[-107.12005482788344,39.55737319719219],[-107.12003286966912,39.557367985107],[-107.12001109412482,39.55736227417173],[-107.1199893928803,39.55735632763428],[-107.11996776648421,39.557350163503244],[-107.11994618058822,39.557343800424164],[-107.11992467008946,39.55733723776021],[-107.11990322390422,39.55733049373232],[-107.11988183012609,39.55732355954849],[-107.11986050093604,39.55731645300506],[-107.11983922470185,39.55730917431438],[-107.11981801360442,39.55730174127279],[-107.11979685628572,39.557294163096955],[-107.11977576410399,39.557286430570265],[-107.11975471461736,39.55727857113024],[-107.11973373109053,39.55727058435235],[-107.1197128018913,39.55726247044895],[-107.11969192756813,39.557254247428645],[-107.1196711081211,39.55724591529145],[-107.11965034409867,39.55723749204605],[-107.11962963550091,39.55722897769248],[-107.11960897096975,39.55722038144729],[-107.11958836241172,39.557211712102585],[-107.11956779846872,39.55720297887496],[-107.11954729104731,39.557194190556494],[-107.11952684014751,39.55718534714724],[-107.11950643441119,39.55717645786374],[-107.11948607411256,39.55716753171036],[-107.11946575979992,39.55715858669575],[-107.11944549119914,39.5571496138156],[-107.11942528076501,39.557140639870696],[-107.11940511631688,39.557131647064615],[-107.11938498731905,39.55712267162686],[-107.11936495945311,39.557113577219475],[-107.11934505516122,39.557104336405125],[-107.11932526253707,39.55709494039177],[-107.11930557049675,39.55708540740032],[-107.11928599067264,39.55707573721858],[-107.11926648871615,39.557065948491854],[-107.11924707653381,39.55705605001233],[-107.1192277424934,39.557046041992194],[-107.11920847551093,39.557035942652355],[-107.11918927613469,39.55702577000146],[-107.11917012082604,39.55701551545959],[-107.11915102176555,39.557005196823226],[-107.11913196759508,39.556994823308926],[-107.11911294695648,39.556984404133175],[-107.1190939484916,39.5569739485125],[-107.11907496084238,39.55696346566342],[-107.11905599618919,39.55695297338239],[-107.11903703099348,39.556942463089435],[-107.11901807770978,39.55693196158537],[-107.11899910144132,39.55692146950671],[-107.11898010273623,39.55691100486207],[-107.11896109295273,39.55690055843495],[-107.11894204992262,39.556890166666975],[-107.11892296146542,39.55687981176164],[-107.11890384003563,39.55686952051972],[-107.11888465101053,39.55685930258201],[-107.11886540602234,39.556849157736295],[-107.1188461053451,39.5568390949869],[-107.11882682437489,39.55682891475365],[-107.11880764124876,39.55681850749969],[-107.11878852216634,39.55680790987874],[-107.11876947958223,39.55679714869171],[-107.11875047887384,39.556786233579324],[-107.11873152141159,39.55677520956323],[-107.11871260774367,39.556764094652095],[-107.11869371487973,39.5567528982745],[-107.11867483283189,39.556741674668594],[-107.11865596160018,39.55673042383432],[-107.11863707901632,39.55671918221326],[-107.11861818562839,39.556707967814006],[-107.11859925926811,39.556696817078155],[-107.11858031211575,39.55668574780222],[-107.11856130982262,39.55667477863114],[-107.1185422418526,39.55666394579436],[-107.11852312065986,39.55665327609268],[-107.118503923528,39.556642787958964],[-107.11848463937265,39.55663249961395],[-107.11846526928986,39.55662244707486],[-107.11844577920476,39.55661265799099],[-107.11842618102348,39.556603141154504],[-107.11840646448371,39.55659394179903],[-107.11838660659474,39.5565850693531],[-107.11836660845246,39.556576559833964],[-107.11834644734013,39.55656843167436],[-107.11832612407949,39.55656071188718],[-107.11830562758607,39.55655341869314],[-107.11828494732327,39.5565465883215],[-107.11826408411275,39.55654024778519],[-107.11824291219179,39.55653447145175],[-107.11822130826347,39.55652941472752],[-107.11819929422172,39.556525032166505],[-107.11817690441454,39.556521305123574],[-107.11815417264211,39.55651819694499],[-107.1181311443367,39.55651567076489],[-107.11810785357247,39.5565136989339],[-107.11808434578181,39.55651224458628],[-107.11806064368062,39.55651128928911],[-107.11803679242745,39.55651078717236],[-107.11801283800267,39.55651071937897],[-107.11798881393266,39.55651104025111],[-107.11796474265957,39.55651172235162],[-107.11794068152219,39.556512737607186],[-107.11791666432094,39.556514049364274],[-107.11789271349816,39.556515630185864],[-107.117868897751,39.55651744278239],[-107.1178452162574,39.55651946014093],[-107.11782173798862,39.55652165397626],[-107.11779848483923,39.5565239788428],[-107.11777550279012,39.556526415883766],[-107.11775281428382,39.55652893766234],[-107.11773042549352,39.55653212967191],[-107.1177082889407,39.55653634414156],[-107.11768636671464,39.556541482660045],[-107.11766463171516,39.55654741959096],[-107.11764306874842,39.556554038090255],[-107.11762163935636,39.55656122173787],[-107.1176003050809,39.55656885411378],[-107.11757906236086,39.55657681816174],[-107.11755786138019,39.556585006678006],[-107.11753668667181,39.556593293814096],[-107.11751550005212,39.55660157215416],[-107.11749428632822,39.55660972485392],[-107.11747300676895,39.55661762648887],[-107.11745163482331,39.556625169431065],[-107.11743015502489,39.55663222783188],[-107.11740862622804,39.55663920603793],[-107.11738714273112,39.55664652576849],[-107.11736571424886,39.55665412378137],[-107.11734430341939,39.55666191967357],[-107.1173229205054,39.55666986821155],[-107.11730153950352,39.55667787977598],[-107.11728017067655,39.556685909133265],[-107.1172587763891,39.55669386687612],[-107.11723736663022,39.55670169876657],[-107.1172159159446,39.5567093331939],[-107.11719442214155,39.55671669812351],[-107.11717288330426,39.55672373052504],[-107.11715126261927,39.55673036800416],[-107.1171295811606,39.55673653810217],[-107.11710780184107,39.556742169420346],[-107.11708592274425,39.556747198928335],[-107.11706394167992,39.55675155459144],[-107.11704183346725,39.55675517380319],[-107.11701959427316,39.556757930502904],[-107.11699713144534,39.55675945699678],[-107.11697445853409,39.556759816102996],[-107.11695160291244,39.55675914246236],[-107.11692860385953,39.55675757950822],[-107.11690547684199,39.556755253089065],[-107.11688224978009,39.55675231585449],[-107.11685894977245,39.556748893441174],[-107.11683560473895,39.55674513849874],[-107.116812241504,39.556741167659546],[-107.11678889989318,39.55673714236567],[-107.11676559537206,39.55673318846584],[-107.11674234367989,39.55672944081312],[-107.11671919572629,39.55672604262904],[-107.11669615534404,39.55672311997432],[-107.1166731877688,39.55672029509099],[-107.11665022854196,39.55671736193915],[-107.11662729011726,39.55671434731985],[-107.11660436086257,39.55671125144504],[-107.1165814529577,39.55670809211148],[-107.11655855559185,39.55670489654404],[-107.11653565685904,39.556701655950405],[-107.11651276921287,39.55669839713159],[-107.1164898810211,39.55669512029954],[-107.1164669817466,39.556691861683525],[-107.11644409438003,39.556688611855314],[-107.11642119647821,39.55668539825181],[-107.11639827640886,39.55668222108488],[-107.1163753582577,39.5566791069437],[-107.11635241903392,39.55667606525644],[-107.11632947064345,39.55667310481551],[-107.11630650063272,39.55667019881977],[-107.11628352788625,39.55666720277611],[-107.11626054104569,39.55666412590076],[-107.11623756337555,39.55666096776986],[-107.11621457188518,39.55665773781159],[-107.1161915903866,39.55665445361082],[-107.11616859588908,39.55665112459565],[-107.11614560057241,39.55664776856286],[-107.1161226044366,39.55664438551244],[-107.11609960802912,39.55664099345308],[-107.11607661162367,39.55663760138912],[-107.11605361549397,39.55663421832485],[-107.11603060855519,39.55663086248085],[-107.1160076027133,39.5566275426496],[-107.11598459824191,39.55662426783538],[-107.1159615956884,39.55662105604692],[-107.11593858342044,39.556617907496054],[-107.11591557361768,39.556614839979616],[-107.11589256655367,39.556611862501924],[-107.1158695627757,39.55660899307163],[-107.11584655065141,39.55660623190065],[-107.11582354263402,39.55660360579011],[-107.1158005384497,39.556601105735695],[-107.11577753891935,39.556598758750404],[-107.11575453268425,39.55659657405043],[-107.11573152001793,39.55659456064012],[-107.11570852445836,39.556592727100124],[-107.11568552328819,39.55659109186281],[-107.11566251650726,39.55658965492821],[-107.11563951656856,39.55658844309745],[-107.11561652347187,39.55658745637058],[-107.11559336245978,39.55658668892073],[-107.11556973136747,39.55658615525968],[-107.11554572434721,39.556585889709915],[-107.1155214360985,39.556585944602645],[-107.11549698458528,39.55658637184551],[-107.1154724636859,39.55658719675688],[-107.1154479802792,39.556588489465106],[-107.11542362824353,39.556590275288706],[-107.1153995258162,39.55659261514003],[-107.11537575579044,39.556595552558335],[-107.11535243585627,39.55659913044738],[-107.11532966043914,39.55660339213477],[-107.11530754750268,39.556608389528826],[-107.11528617956652,39.55661415716473],[-107.11526566350926,39.556620765171395],[-107.11524611620013,39.556628229440044],[-107.1152276702448,39.55663670071515],[-107.11521080173635,39.55664690909329],[-107.11519540516316,39.55665882946825],[-107.11518127538932,39.55667222232382],[-107.1151681721088,39.55668683977477],[-107.11515589018597,39.55670244230457],[-107.11514418958852,39.556718791032026],[-107.11513286490735,39.55673563743618],[-107.11512167611,39.55675274263555],[-107.11511041778726,39.556769858108964],[-107.11509884990657,39.55678674497487],[-107.11508676760573,39.556803172720656],[-107.11507393003131,39.55681887545146],[-107.11506012096237,39.55683363187056],[-107.115045111725,39.55684719387987],[-107.11502878435483,39.55685950957059],[-107.11501135356298,39.556871133611224],[-107.11499297248419,39.55688212627857],[-107.11497374717699,39.556892530687975],[-107.11495382886137,39.55690234408603],[-107.11493332332245,39.556911600583845],[-107.11491237042164,39.5569203066443],[-107.11489107594416,39.55692849637861],[-107.11486957975158,39.55693617624979],[-107.11484801062034,39.55694337094143],[-107.11482647378865,39.55695009655634],[-107.11480489220776,39.556956498646336],[-107.11478209524866,39.55696312106187],[-107.11475828217094,39.5569696268301],[-107.11473390294822,39.556975503237325],[-107.11470939701688,39.556980273799326],[-107.11468522625806,39.556983434595686],[-107.11466184092144,39.55698448191813],[-107.11463966853974,39.556982930490825],[-107.11461918262818,39.556978276182676],[-107.11460033213943,39.55697075416602],[-107.1145820712321,39.556961951100234],[-107.11456427769562,39.55695205840583],[-107.11454692073654,39.55694121178331],[-107.11452992193801,39.55692951176271],[-107.11451322751526,39.55691710347232],[-107.11449677095708,39.55690409623473],[-107.11448050983721,39.55689062596212],[-107.11446435410619,39.556876793395986],[-107.11444827296995,39.55686273423681],[-107.1144321888317,39.55684857602738],[-107.11441605844435,39.556834427666736],[-107.11439980421095,39.55682041669766],[-107.11438337179908,39.55680667023947],[-107.11436670687617,39.5567933154115],[-107.11434974265684,39.55678045253169],[-107.11433243698765,39.55676822651628],[-107.11431491878945,39.55675628365517],[-107.11429747190412,39.556744006148534],[-107.11428006444338,39.55673149367931],[-107.11426264125438,39.55671884635377],[-107.11424517072219,39.556706172859194],[-107.11422762041134,39.55669355486974],[-107.11420992408345,39.55668111071199],[-107.11419204957642,39.55666893106449],[-107.11417396527494,39.556657124614354],[-107.11415561602571,39.556645791467744],[-107.11413695803411,39.556635022514726],[-107.11411795995805,39.55662493544677],[-107.114098566097,39.55661561236125],[-107.11407874510863,39.5566071709495],[-107.11405845292438,39.556599693097176],[-107.1140376460226,39.55659327869857],[-107.11401630894181,39.55658780190426],[-107.11399447357012,39.556583163031114],[-107.11397221914505,39.55657928856242],[-107.11394956674283,39.556576106039856],[-107.11392659532763,39.55657353294238],[-107.11390333760816,39.556571496600085],[-107.11387983819884,39.556569933135705],[-107.11385617551726,39.5565687420197],[-107.11383237118693,39.556567868802574],[-107.11380849226681,39.55656722217084],[-107.11378459500396,39.55656673803572],[-107.11376071156086,39.55656632571886],[-107.11373691009034,39.556565929924254],[-107.11371323438735,39.55656545976189],[-107.11368974015251,39.55656483313454],[-107.11366647227457,39.556563995169576],[-107.11364330222679,39.55656369597946],[-107.11362010299803,39.556564352303994],[-107.11359689047009,39.55656572060244],[-107.11357366834618,39.55656753953705],[-107.11355044060315,39.55656955677435],[-107.1135272114916,39.556571528985295],[-107.11349879138707,39.55657349652712],[-107.11352576888815,39.56437791378316],[-107.1134859125099,39.59333069048544],[-107.11355590798995,39.60787972188545],[-107.11357322009952,39.624593175809224],[-107.11358597067989,39.63699770857215],[-107.11355590529654,39.71210943399022],[-107.11364621176656,39.74213129095671],[-107.11361629108168,39.77106050626455],[-107.11365645506301,39.785632152888155],[-107.11366685417072,39.84570947847899],[-107.11371698083948,39.86027177159327],[-107.11373724891463,39.918992371793],[-107.08833645160315,39.919020632743525],[-107.06966593417559,39.918950303008494],[-107.05082552979941,39.91897005718591],[-107.03199502933953,39.91910368800077],[-107.03197546098218,39.9638025324451],[-107.031725437613,39.976991628717734],[-107.03188541564188,39.991430266746654],[-107.03207749317204,39.99891060186336],[-107.03210555295503,40.00000296834757],[-107.03213582883996,40.00301136965458],[-107.03730738934908,40.00301226694547],[-107.03746587343923,40.00301229051807],[-107.03745610774557,40.00923301720502]]]},"properties":{"Shape.STArea()":2815941127.207656,"Shape.STLength()":354474.55608279404,"OBJECTID":2,"DISTRICT":2,"Commissioner":"John Martin"}},{"type":"Feature","id":3,"geometry":{"type":"Polygon","coordinates":[[[-107.84492638176343,39.82471315917596],[-107.86354711005897,39.82482202572691],[-107.8816478748943,39.82497234848415],[-107.9195292277556,39.8249924887521],[-107.93843997777715,39.82503244038374],[-107.9385098377234,39.81044224593557],[-107.93841972978774,39.795991198270144],[-107.93861967727362,39.78148322917512],[-107.93850935496816,39.75241258979831],[-107.93861931630317,39.749874030301235],[-107.93856887858183,39.70876219528525],[-107.938678896826,39.69437336966741],[-107.94458693398444,39.6943721342985],[-108.00068086562864,39.694321488505615],[-108.01360173632918,39.69510358073062],[-108.03290249019228,39.694420452607304],[-108.05135323761156,39.6951301938205],[-108.10763551972309,39.69502340797341],[-108.14559720514988,39.695202817942985],[-108.16429776212128,39.69505003242632],[-108.18295862513354,39.695143035186675],[-108.21796979496315,39.69514090626171],[-108.21796985584938,39.69382128535608],[-108.23662065764583,39.69394194530339],[-108.25531134253788,39.69395038723335],[-108.27418211990062,39.69432906981395],[-108.29286293014846,39.6941425906582],[-108.3116135064522,39.69462217051021],[-108.33040404477262,39.69417879059698],[-108.34910488741097,39.694090743981704],[-108.36779555307162,39.69418912471298],[-108.38637627511851,39.69434174711225],[-108.40510690451,39.69418973124498],[-108.42393771375849,39.694220878235356],[-108.44284827949201,39.694079956493674],[-108.46162890035379,39.694137989421236],[-108.48035968657939,39.6940098102694],[-108.5006804442073,39.69394771823054],[-108.51760095961345,39.69412960238637],[-108.55496197025236,39.69359004453344],[-108.55487208601788,39.679131816414156],[-108.55494194439163,39.66472271238444],[-108.55489168075944,39.65020017542108],[-108.5735322301782,39.650060066730006],[-108.62566366407414,39.649812244921684],[-108.62916370765844,39.64972986982306],[-108.64796419612493,39.64973039023483],[-108.6506842014782,39.64977095969284],[-108.68532522696647,39.64968033472956],[-108.7076260005118,39.64982114089142],[-108.72590647931266,39.649852615377256],[-108.76026760021455,39.650063539440836],[-108.80245850135402,39.65016032223935],[-108.82109900009381,39.650290619709956],[-108.83977970245218,39.65027246373233],[-108.85856998255561,39.65030169002828],[-108.88625087498644,39.6502418645605],[-108.8959910706056,39.65031128030706],[-108.89588090139013,39.66046990625937],[-108.93455200310692,39.6604699250205],[-108.95383242473902,39.66039940669678],[-108.97104310633284,39.66040109697679],[-108.99208359486103,39.66033144497918],[-109.01096407381665,39.66042725174981],[-109.051305483591,39.66042933728609],[-109.05125545323304,39.64620126349435],[-109.05134559564542,39.60707951955083],[-109.05151558121345,39.58821897465225],[-109.05156569123234,39.5636616056248],[-109.05150577822141,39.50562251839339],[-109.0515357409562,39.503788682299856],[-109.0514055750949,39.5000285844971],[-109.051205830637,39.49777049150474],[-109.05125594853142,39.49098255222216],[-109.05122604066985,39.47646105989664],[-109.05091649452493,39.422952201239404],[-109.05085684780188,39.389761607146305],[-109.05077731754422,39.375304751414326],[-109.0508672246861,39.366655549657864],[-109.04040685550635,39.36663259192521],[-109.03430671624994,39.36671401947597],[-109.02128631417159,39.36652603846422],[-109.00067018252301,39.36637776769285],[-108.98441492760928,39.36635533999838],[-108.97841416996943,39.366286236612304],[-108.92905186812641,39.36629495579045],[-108.91994161048582,39.36624234534545],[-108.88483938594682,39.36625018635457],[-108.86387914636785,39.36634999480854],[-108.84510814766814,39.36631055580447],[-108.79035648564584,39.36628067584353],[-108.75066441349738,39.36643345017626],[-108.73429405848509,39.366348090584445],[-108.67813169399088,39.36626093833159],[-108.64072050600923,39.36627231617063],[-108.6222898218513,39.366361737463926],[-108.59451870312972,39.36636813365737],[-108.56035724070925,39.366280038700545],[-108.49160541488762,39.36584783500244],[-108.46613427686421,39.36587150391071],[-108.37762997737497,39.36608969564523],[-108.37565042682198,39.36613368810664],[-108.34146891728972,39.36612133156322],[-108.30542725279406,39.366160810116774],[-108.27050594968422,39.366139551572395],[-108.26856586598839,39.36615357298388],[-108.25069493955284,39.366551041555844],[-108.21264271756269,39.366072687997985],[-108.15905039934015,39.366158171628236],[-108.14790823661703,39.36614953490113],[-108.14759328597185,39.36614796434163],[-108.14734615909649,39.366146736764705],[-108.14563424924374,39.36614801086807],[-108.14544332683687,39.36614784379624],[-108.10452786840138,39.36610410284338],[-108.04819496830659,39.36611689935928],[-108.02721373100411,39.366160448314915],[-108.00063050875453,39.3661151639243],[-107.96586110672658,39.366169564605954],[-107.91892509619025,39.36622687234122],[-107.91612869928518,39.366203936527256],[-107.88255852542899,39.36619730632243],[-107.88161341265956,39.366193706793005],[-107.82585105142714,39.36628764645625],[-107.80659012983321,39.366267699648766],[-107.7625963336691,39.366401845146974],[-107.76203332342256,39.3666898503627],[-107.76135531839961,39.36689486567663],[-107.75923426553265,39.3667798771446],[-107.75855625527348,39.366664877256106],[-107.75581620258201,39.36670990067397],[-107.7544011758177,39.3668919177203],[-107.75289914545378,39.3671939287403],[-107.75294115250615,39.367710945646174],[-107.75374216333284,39.36752793038273],[-107.75518319085093,39.367000910278286],[-107.75693022079781,39.36689889302567],[-107.75836825851258,39.36699288539426],[-107.75947427929286,39.36718688057925],[-107.76035329720169,39.36751888046252],[-107.76100431204135,39.3679828870733],[-107.76148932894459,39.36855989176094],[-107.76159233828162,39.36930990797751],[-107.76136334331916,39.370134932662765],[-107.76121333509099,39.37066894637541],[-107.76161436167786,39.371973966201075],[-107.76198837124424,39.37280298378648],[-107.76203738090453,39.37338299898497],[-107.76214637910161,39.373809999459],[-107.76218338011282,39.374222007951076],[-107.76196037941465,39.374780025834234],[-107.76196538728543,39.37513603037777],[-107.7621293960435,39.37532903797499],[-107.76250539491689,39.37547503745977],[-107.76283941110489,39.375508037010775],[-107.76319540918281,39.37539503152928],[-107.76354541755524,39.37518702631789],[-107.76411442800273,39.37467600421883],[-107.76492243782089,39.37429799467903],[-107.76584145604181,39.373709976657146],[-107.76674146581878,39.37320295966216],[-107.76746447856151,39.37271294088341],[-107.76847050317299,39.37242292969015],[-107.76903351206803,39.37250792581424],[-107.76975453187981,39.372711926122236],[-107.77049854159135,39.3731179258354],[-107.77160757760456,39.37351392317646],[-107.77261959062177,39.37367592509024],[-107.77321460874592,39.373783920445405],[-107.77389162046478,39.373835913550764],[-107.77455563678737,39.37366090533729],[-107.77521164137262,39.37360690020488],[-107.77632767360524,39.37375189198453],[-107.77747569190608,39.37392889156949],[-107.77855072360792,39.37415488342729],[-107.77958474473401,39.37445288812162],[-107.78006874957855,39.374804889625715],[-107.78010275289915,39.37513489365058],[-107.78481987772648,39.378787938350364],[-107.78503288287578,39.37900393644053],[-107.79185107773635,39.38627003635688],[-107.79196807480263,39.38642404057756],[-107.7905460535839,39.38781908153573],[-107.78926204412663,39.38964112906595],[-107.78797403014332,39.390849165672286],[-107.78657500889943,39.39259921530806],[-107.78500400053161,39.39492227422907],[-107.7837319802469,39.39643531125366],[-107.78370197748364,39.396846319888795],[-107.78319998094645,39.398081353801686],[-107.78305298738518,39.39922537745029],[-107.78255098118453,39.3999573925261],[-107.78219698038332,39.40027740216641],[-107.7807819448059,39.40091843211311],[-107.77744989397144,39.40311250798471],[-107.77641788514241,39.40393552474107],[-107.77523786543867,39.40519356273632],[-107.77417584814567,39.40608558902045],[-107.77326183755777,39.4070226227369],[-107.76936679483617,39.41212176149561],[-107.7672707763936,39.41452282853004],[-107.76579574496074,39.41577986761345],[-107.76358271836281,39.417517922428104],[-107.76275671037112,39.41850094339352],[-107.76125267788332,39.418979969480596],[-107.76048567015819,39.41934598412781],[-107.75942364892228,39.42019201531731],[-107.75880363508715,39.420489018492724],[-107.75759462179539,39.42085404473933],[-107.75673960376979,39.42126605809495],[-107.75550058323928,39.4222030861133],[-107.75370055648655,39.42373413650949],[-107.75349256169162,39.42467215454686],[-107.7532275606811,39.42508416405205],[-107.75278455344407,39.42547218256401],[-107.75118052762792,39.42633920839349],[-107.75085051568922,39.42640521486399],[-107.7500795135335,39.42727523746779],[-107.7496615103331,39.4274462374373],[-107.74901751210162,39.42771024434474],[-107.74833951153889,39.428214258941665],[-107.74736750683374,39.429449291128584],[-107.74695650690478,39.42978629895438],[-107.74580549488597,39.43073131643859],[-107.74439148626803,39.43162433662073],[-107.74409648836,39.43199034210137],[-107.74321148476515,39.43210434599311],[-107.74297547891601,39.43224235222256],[-107.74288747819276,39.432699366945805],[-107.7427404868155,39.43290536858952],[-107.74221047820241,39.43331738165039],[-107.7414724787791,39.433638382872296],[-107.74070647341024,39.433844386458865],[-107.74002846207665,39.43411939817877],[-107.73887744880719,39.43414240024307],[-107.73577942156844,39.43391539833562],[-107.73212237941715,39.43407640538725],[-107.73153337445271,39.43419141641568],[-107.73113337848707,39.434457419368755],[-107.73091437043087,39.43460342509936],[-107.73000037358341,39.435518441069284],[-107.7286143591391,39.4367314677324],[-107.72764135751797,39.43741848943903],[-107.72719935245951,39.437784497470076],[-107.72714035495662,39.438012495371375],[-107.72661034871848,39.43824150782526],[-107.72463534646072,39.44039255008578],[-107.72339633567124,39.44114757204438],[-107.72271833113294,39.441811587176474],[-107.72201032414488,39.442177590859224],[-107.72139132456408,39.44270360867816],[-107.72094932309015,39.442955615309685],[-107.71971030770509,39.44323061545947],[-107.71389924275331,39.4436206304055],[-107.71195322891218,39.443987646561936],[-107.71098021981649,39.445016663623704],[-107.71059622187376,39.445199668016734],[-107.70977021636011,39.44540567961111],[-107.70873820815234,39.446252699589564],[-107.70800120540235,39.44664170831718],[-107.7064661861438,39.44714471854205],[-107.70522717746113,39.44735072058822],[-107.70463717280693,39.44753372572869],[-107.70348715875227,39.44769472978995],[-107.70174614651106,39.44810574298419],[-107.70074312864024,39.44851775400328],[-107.69862011985087,39.450439791338],[-107.69835511695408,39.45149182021512],[-107.69710911438682,39.453304855726714],[-107.6987481513021,39.45835595340781],[-107.70391728948167,39.47428027778773],[-107.70736139442594,39.48489349312488],[-107.70908943975971,39.490219601098204],[-107.70934944856111,39.491021614587005],[-107.70953545372572,39.49159362360368],[-107.71230853462548,39.50013879666765],[-107.71456789825926,39.505900883808536],[-107.71446101182278,39.50632703892408],[-107.71354642458974,39.507609630250805],[-107.71307427952515,39.508728736268175],[-107.71233621510855,39.509552251137684],[-107.71145091512108,39.510991802451954],[-107.71121525633079,39.511884660944595],[-107.7108317381019,39.51268638769931],[-107.71086152852975,39.51380728415228],[-107.70997563743545,39.51410271599872],[-107.709680547708,39.51451499635144],[-107.70929686099343,39.514677091760625],[-107.70776121350309,39.51504171015918],[-107.70776181276274,39.51634796477998],[-107.70725985809283,39.517395673324806],[-107.70717154158501,39.51780763282057],[-107.70717186760025,39.518929216709374],[-107.70708367723593,39.51913847916144],[-107.7064930225552,39.51961618582872],[-107.70649315642908,39.51989095467505],[-107.70625677251536,39.52023429407238],[-107.7062864602077,39.52041827919049],[-107.7066112875186,39.5206674660818],[-107.70646405265008,39.52137808214746],[-107.70584394022447,39.522108722292984],[-107.70575567696521,39.52236302852907],[-107.70574504410133,39.52236778951014],[-107.70573495823186,39.522372258482434],[-107.70572483679763,39.52237671026499],[-107.70571471466303,39.52238114404574],[-107.70570458090562,39.52238557809635],[-107.70569447108889,39.52239002960569],[-107.70568437394081,39.52239450784492],[-107.70567431305389,39.52239902127322],[-107.70566430074858,39.522403587620836],[-107.7056543377239,39.522408224888736],[-107.7056444359508,39.52241294180674],[-107.70563460705075,39.5224177381042],[-107.70562482708178,39.522422596321476],[-107.70561505978138,39.52242748126876],[-107.70560530480009,39.52243238394556],[-107.70559557410886,39.52243731308165],[-107.70558585608619,39.522442268947735],[-107.7055761620041,39.52244724227269],[-107.70556649256153,39.522452251057416],[-107.70555683543805,39.522457277571704],[-107.70554721457556,39.52246233927513],[-107.70553760638163,39.52246742770854],[-107.70552803374973,39.5224725333302],[-107.70551848575735,39.52247767441167],[-107.70550896240447,39.522482850953025],[-107.70549946299211,39.522488044953256],[-107.70548999984076,39.52249327414265],[-107.7054805729504,39.52249853852127],[-107.70547117035001,39.52250382935931],[-107.70546191349688,39.52250927895731],[-107.70545283935229,39.522514940506255],[-107.7054438877119,39.52252076135656],[-107.70543504485724,39.52252668777608],[-107.70542625093346,39.52253267611569],[-107.70541746862963,39.522538664184026],[-107.70540866203285,39.52254462579161],[-107.70539978186132,39.52255049001722],[-107.7053908034741,39.52255622140022],[-107.7053816779389,39.522561758019854],[-107.70537235737181,39.52256706495677],[-107.70536280481154,39.522572089019945],[-107.70535298294736,39.52257676801795],[-107.70534278578778,39.52258106838465],[-107.70533221368242,39.52258499912041],[-107.70532133915616,39.522588630605064],[-107.70531021114138,39.52259202475933],[-107.70529890076511,39.52259521596117],[-107.70528748125112,39.522598292591496],[-107.7052760237264,39.52260128902832],[-107.70526457747268,39.52260427619294],[-107.70525321431583,39.5226073064644],[-107.7052420060817,39.522610432221725],[-107.70523101402293,39.52261373311613],[-107.70522029764489,39.522617243796425],[-107.70520992947226,39.52262103464271],[-107.70519998133082,39.52262515803419],[-107.70519051377426,39.522629675621126],[-107.70518158735626,39.52263464905388],[-107.70517326228106,39.52264013098227],[-107.70516551949896,39.52264622995351],[-107.70515827730975,39.522652938861654],[-107.7051515561609,39.52266018516162],[-107.70514533001388,39.522667897390974],[-107.70513959642263,39.522676012546384],[-107.70513434062072,39.52268444989421],[-107.70512957178373,39.52269314616048],[-107.70512527549474,39.52270202961205],[-107.70512142571532,39.52271102878634],[-107.70511804324265,39.5227200801388],[-107.70511509006731,39.52272910347693],[-107.70511258733593,39.52273804425666],[-107.70511050831122,39.52274681301443],[-107.70510879942834,39.52275552810968],[-107.70510738387928,39.522764308443065],[-107.70510626096528,39.522773136013626],[-107.70510539582178,39.52278201163329],[-107.70510477682735,39.52279093557265],[-107.70510436841856,39.52279989064262],[-107.70510415932331,39.52280888611433],[-107.70510413757076,39.52281791325794],[-107.70510425632526,39.52282696415545],[-107.70510452720846,39.52283603853621],[-107.70510490338472,39.52284512848228],[-107.70510538450465,39.52285422499316],[-107.70510592443146,39.52286333815186],[-107.70510652246632,39.522872449957376],[-107.70510715536608,39.52288156095099],[-107.70510779953825,39.522890662673504],[-107.7051084317396,39.52289975566611],[-107.7051090283776,39.52290883146961],[-107.70510957783067,39.52291789035465],[-107.70511004488459,39.52292692413265],[-107.70511042953936,39.52293593280355],[-107.70511080222326,39.52294493274461],[-107.70511118652892,39.52295393241501],[-107.70511161732104,39.522962931002866],[-107.70511205973494,39.52297192932007],[-107.70511253701376,39.52298092682539],[-107.70511303753594,39.5229899237894],[-107.70511357327253,39.52299892894203],[-107.70511414352465,39.52300792428225],[-107.70511473736958,39.52301692808166],[-107.70511537735167,39.52302592179806],[-107.70511604057718,39.523034914973174],[-107.70511672704613,39.523043907607],[-107.70511746000166,39.52305289915831],[-107.70511822782225,39.523061889897676],[-107.70511903050792,39.523070879825134],[-107.7051198793308,39.523079859669544],[-107.70512075139716,39.52308883897268],[-107.70512166995026,39.5230978171933],[-107.70512262301898,39.52310678560146],[-107.70512362292392,39.523115761927585],[-107.7051246569951,39.52312471944081],[-107.70512573790249,39.523133684871965],[-107.70512679626589,39.5231426688453],[-107.70512782151204,39.52315169863292],[-107.70512882491305,39.52316076496371],[-107.7051298290133,39.52316984929543],[-107.70513083381277,39.52317895162807],[-107.70513188509905,39.52318805287817],[-107.70513298322159,39.523197162046166],[-107.7051341503753,39.52320625158938],[-107.70513540980347,39.52321532096653],[-107.7051367840505,39.5232243516354],[-107.70513828508749,39.52323335232581],[-107.70513992348774,39.52324229576566],[-107.70514173411621,39.52325118114306],[-107.70514372824513,39.52325999918692],[-107.70514591714678,39.523268740626065],[-107.70514833498719,39.52327738664764],[-107.70515099373749,39.523285945981456],[-107.70515390432054,39.52329440035589],[-107.70515784652414,39.523302461353296],[-107.70516429962107,39.52330958103399],[-107.70517255390328,39.52331605519199],[-107.70518176055218,39.52332219186951],[-107.70519107144801,39.52332831711004],[-107.70519965044197,39.52333476568706],[-107.705207210138,39.523341625371124],[-107.7052147469417,39.52334849459639],[-107.70522230699022,39.523355363279826],[-107.70522984449586,39.52336225050497],[-107.70523731402042,39.52336918435583],[-107.705244680699,39.52337616564435],[-107.70525189944276,39.52338323145507],[-107.70525894735793,39.523390391329784],[-107.70526576668567,39.523397655622226],[-107.7052723355805,39.523405060875696],[-107.70527860755578,39.523412608172784],[-107.70528465164246,39.52342027788871],[-107.70529047911266,39.52342806075237],[-107.70529615829838,39.523435919137974],[-107.70530172336572,39.52344383423264],[-107.7053072084806,39.52345178722347],[-107.70531267105241,39.523459758756246],[-107.70531814524716,39.52346773001807],[-107.70532368777528,39.523475663653734],[-107.70532932153064,39.52348355012145],[-107.70533511554432,39.52349136979632],[-107.70534109201124,39.52349909513557],[-107.70534727382528,39.52350671659737],[-107.70535351270063,39.52351430970409],[-107.70535977447122,39.52352189326858],[-107.7053660475154,39.52352946756157],[-107.70537234380431,39.52353704131286],[-107.70537865101734,39.52354459679211],[-107.7053849814751,39.52355215172964],[-107.70539133482814,39.52355969712499],[-107.70539768783311,39.52356723351944],[-107.70540406408283,39.523574769372175],[-107.70541046287836,39.5235822866822],[-107.70541686167529,39.52358980399183],[-107.70542328371697,39.52359732075971],[-107.70542971668279,39.52360481925558],[-107.7054361612717,39.52361231748037],[-107.70544261713422,39.52361980643359],[-107.70544908461986,39.52362729511572],[-107.70545557500077,39.52363477425564],[-107.70546206503361,39.523642244394644],[-107.70546856668956,39.52364971426257],[-107.70547507961915,39.52365717485893],[-107.70548160417184,39.52366463518419],[-107.70548812837644,39.523672086508554],[-107.70549467582588,39.52367953729115],[-107.70550122292721,39.52368697907284],[-107.70550776968048,39.52369441185363],[-107.70551433967857,39.52370184409265],[-107.70552090967809,39.52370927633123],[-107.70552747932953,39.52371669956891],[-107.7055341289363,39.523724084909524],[-107.70554089266452,39.52373141354007],[-107.70554774727078,39.52373868600187],[-107.7055546818324,39.523745920566576],[-107.70556166183378,39.52375312704663],[-107.70556868762446,39.52376031444255],[-107.70557571306708,39.5237674928375],[-107.70558275048239,39.523774679961775],[-107.70558975303405,39.52378186789759],[-107.70559672177056,39.523789083646435],[-107.7056036334485,39.52379632774965],[-107.70561045390178,39.52380361902022],[-107.7056171715086,39.52381095772891],[-107.70562377534634,39.52381836214735],[-107.70563023089927,39.52382584208808],[-107.70563662974313,39.52383335938373],[-107.70564305218134,39.52384088513807],[-107.7056494749705,39.523848419892495],[-107.70565588683839,39.52385597291815],[-107.7056622990572,39.52386353494386],[-107.70566868873304,39.52387111551148],[-107.70567505551638,39.52387870562056],[-107.70568139975671,39.52388631427157],[-107.70568768658887,39.52389394227661],[-107.7056939392563,39.52390158909426],[-107.705700134166,39.52390924626547],[-107.70570627201701,39.52391693179121],[-107.70571234083805,39.52392463694166],[-107.70571834062912,39.523932361716874],[-107.70572424849624,39.523940115658725],[-107.70573007571159,39.52394788949604],[-107.70573579938124,39.52395569277072],[-107.70574143077735,39.523963516211616],[-107.70574693538418,39.52397136963127],[-107.70575233644522,39.523979252488324],[-107.70575758747346,39.523987165865634],[-107.70576070307342,39.523995804628534],[-107.70576138282675,39.5240052208178],[-107.70576131345828,39.524014816611135],[-107.70576216832436,39.52402394945443],[-107.70576561090796,39.524032022066535],[-107.70577194861853,39.52403916241618],[-107.7057792660532,39.52404637003121],[-107.70578741641089,39.52405345914987],[-107.70579627333741,39.52406017146524],[-107.70580571152713,39.524066275671814],[-107.70581561694634,39.52407153119306],[-107.70582587556116,39.52407569745228],[-107.70583637333753,39.52407853387304],[-107.70584712181002,39.524080337470934],[-107.70585819796271,39.52408159291802],[-107.70586954648299,39.524082373571524],[-107.70588113355402,39.52408270724499],[-107.70589289224144,39.52408266756644],[-107.70590476548495,39.52408228289076],[-107.70591673248778,39.52408161676273],[-107.70592871329568,39.52408070707923],[-107.7059406754902,39.52407961765575],[-107.70595255108853,39.52407839511895],[-107.70596430662356,39.52407707628297],[-107.70597589840479,39.52407573423448],[-107.70598727679905,39.52407428905219],[-107.7059985443907,39.524072387010406],[-107.7060097254717,39.52407005456915],[-107.70602082388721,39.52406739073367],[-107.70603186567716,39.52406446696635],[-107.70604287758066,39.52406137273046],[-107.70605385112215,39.52405818930102],[-107.706064824313,39.52405499687006],[-107.70607580029942,39.52405187644191],[-107.70608680582075,39.52404891747984],[-107.70609781343857,39.524046012519555],[-107.70610879571446,39.524043054096914],[-107.706119776591,39.52404005967136],[-107.70613073317428,39.524037038784854],[-107.7061416887078,39.524033990895916],[-107.7061526319194,39.524030925275795],[-107.7061635744308,39.5240278416537],[-107.70617450531941,39.524024758301366],[-107.70618544782877,39.52402167467727],[-107.70619637871536,39.52401859132294],[-107.70620732157226,39.524015516697354],[-107.70621827709869,39.5240124688014],[-107.7062292333233,39.5240094389054],[-107.70624020256706,39.52400644473957],[-107.70625117320822,39.524003486574586],[-107.70626218011202,39.52400056359825],[-107.70627318911247,39.52399769462373],[-107.70628422345311,39.52399487910954],[-107.7062952834835,39.52399212605608],[-107.70630635793157,39.52398944473466],[-107.70631746969121,39.52398682560324],[-107.70632860783995,39.5239842869335],[-107.70633983476638,39.523981638091],[-107.70635115047043,39.52397887907571],[-107.70636253345666,39.52397605543152],[-107.70637397455059,39.523973230432425],[-107.70638546457779,39.523970467352456],[-107.70639697077081,39.52396782100675],[-107.7064084948778,39.52396533639766],[-107.70642000483066,39.52396308634121],[-107.7064314791341,39.523961116381344],[-107.70644293185738,39.523959489250515],[-107.70645431896114,39.52395826903519],[-107.70646563022237,39.52395749200795],[-107.70647684554447,39.52395723971463],[-107.70648796632624,39.52395754815712],[-107.70649904080302,39.5239584612547],[-107.70651024050404,39.523959902942],[-107.7065215411372,39.523961846759086],[-107.70653288319551,39.52396425805795],[-107.70654420752166,39.52396711119107],[-107.70655546623031,39.52397037123963],[-107.70656662305794,39.523974003014125],[-107.70657759560362,39.523977981408656],[-107.70658835957505,39.52398227996342],[-107.70659885546509,39.52398686403046],[-107.70660903538833,39.5239916986912],[-107.70661882821575,39.52399674956847],[-107.70662819838289,39.52400199947387],[-107.70663709800415,39.52400741348871],[-107.70664551047939,39.5240131631636],[-107.70665348754044,39.52401938242255],[-107.706661073926,39.524026025180135],[-107.70666829043203,39.52403302789156],[-107.70667519341897,39.52404034420059],[-107.70668179241068,39.52404791983367],[-107.70668814341785,39.52405569943407],[-107.70669429082955,39.52406362791588],[-107.70670024486886,39.5240716690064],[-107.7067060608472,39.524079749348004],[-107.70671177223116,39.52408783212639],[-107.70671741178799,39.52409586252643],[-107.70672302355702,39.52410377646162],[-107.70672843705816,39.52411167699913],[-107.70673338141148,39.52411977764886],[-107.70673794784258,39.524128031242206],[-107.70674219376086,39.524136418424206],[-107.70674622236342,39.52414490075589],[-107.70675007873854,39.52415344115222],[-107.70675386643309,39.52416201017457],[-107.7067576657504,39.524170578925954],[-107.70676153305094,39.52417910105001],[-107.70676556095923,39.524187565379876],[-107.70676956527534,39.52419602125068],[-107.70677348928906,39.52420450601835],[-107.70677732172832,39.5242130289541],[-107.70678109640937,39.52422156224419],[-107.70678483692544,39.52423011434747],[-107.70678855419888,39.52423866699217],[-107.7067922830951,39.524247219365925],[-107.70679603488617,39.52425576219745],[-107.70679983246598,39.52426428594461],[-107.70680369907811,39.52427279006587],[-107.7068076459947,39.52428126528988],[-107.70681170738176,39.52428969280335],[-107.70681588358902,39.52429808160665],[-107.70682022075398,39.52430642161614],[-107.70682472979911,39.52431469456002],[-107.70682942234623,39.52432290016745],[-107.70683425330698,39.52433107552354],[-107.706839086367,39.52433930488218],[-107.70684390955482,39.52434757951374],[-107.70684875703645,39.524355880604794],[-107.70685365100648,39.52436418061239],[-107.70685862598064,39.524372469723524],[-107.70686369253168,39.52438072066609],[-107.70686889609779,39.52438890535534],[-107.70687423667897,39.52439702379123],[-107.70687975936376,39.524405038888716],[-107.70688548704608,39.5244129411056],[-107.70689144192053,39.524420702898816],[-107.70689764688106,39.52442831472627],[-107.70690412377259,39.52443574004441],[-107.70691090676114,39.524442960039785],[-107.70691801909042,39.52444997417072],[-107.70692547063376,39.524456737163995],[-107.70693320642938,39.524463331377845],[-107.70694099928646,39.52446989723561],[-107.7069488724486,39.52447643419566],[-107.70695679105044,39.524482943070446],[-107.70696477868525,39.52448943231875],[-107.70697283465366,39.524495883939615],[-107.70698094803325,39.524502316204845],[-107.70698910650282,39.524508711384264],[-107.7069973340054,39.524515086937164],[-107.70700561821977,39.52452142513342],[-107.70701395949567,39.52452773497349],[-107.70702234586152,39.52453400772773],[-107.7070307892889,39.52454025212576],[-107.70703928942804,39.52454645916709],[-107.70704784662874,39.52455263785219],[-107.70705643729755,39.52455877972226],[-107.70706508467819,39.52456488423559],[-107.70707377714879,39.52457095166304],[-107.70708252633119,39.52457698173371],[-107.70709130898173,39.5245829749893],[-107.70710014799434,39.52458892188766],[-107.70710902082479,39.524594840971396],[-107.70711793839548,39.52460071396871],[-107.70712690070638,39.524606540879596],[-107.70713589648541,39.52461233097534],[-107.70714493700464,39.524618074984666],[-107.70715401099194,39.52462378217884],[-107.70716311809763,39.524629443557394],[-107.70717226994347,39.52463505884947],[-107.70718145490768,39.52464062832592],[-107.70719067299018,39.52464615198671],[-107.70719992384127,39.52465162083139],[-107.7072092081604,39.524657052860896],[-107.70721851362624,39.5246624303451],[-107.70722785186064,39.52466775301318],[-107.707237223563,39.524673038866055],[-107.70724662768414,39.5246782609023],[-107.70725608781748,39.5246834275807],[-107.70726559269089,39.524688548172534],[-107.70727515357645,39.52469361340648],[-107.70728475920207,39.524698632553836],[-107.70729439794586,39.52470360588547],[-107.70730409305156,39.52470853285965],[-107.70731382127538,39.524713414018045],[-107.70732359458896,39.524718258090296],[-107.70733340137043,39.52472306534726],[-107.70734324127005,39.524727826788435],[-107.70735312660914,39.52473256014386],[-107.70736303379424,39.524737256954836],[-107.70737297479693,39.52474192595093],[-107.7073829376456,39.52474655840254],[-107.70739293431188,39.52475116303928],[-107.70740294190179,39.52475574940328],[-107.70741298330927,39.524760307952384],[-107.70742304726224,39.52476484795791],[-107.70743313341089,39.52476936041938],[-107.70744323083295,39.52477386360859],[-107.7074533388288,39.52477833952461],[-107.70746347006965,39.52478281489796],[-107.70747360026249,39.52478726326901],[-107.7074837537003,39.524791711097365],[-107.70749390678958,39.52479614992431],[-107.70750407115224,39.52480057947899],[-107.70751423551614,39.52480500903274],[-107.70752439953154,39.524809429585076],[-107.70753457551983,39.52481385886607],[-107.70754473953774,39.524818279416486],[-107.70755490390667,39.52482270896651],[-107.70756506827686,39.52482713851555],[-107.70757522137623,39.52483157733503],[-107.70758536320479,39.52483602542489],[-107.7075954937625,39.5248404827852],[-107.70760562502106,39.524844958145465],[-107.70761573338693,39.52484944304706],[-107.70762581920991,39.52485394649044],[-107.70763589411186,39.524858468204684],[-107.7076459580928,39.52486300818982],[-107.7076559882588,39.52486757598813],[-107.7076659958819,39.5248721623282],[-107.70767598166171,39.52487678521101],[-107.70794183624068,39.52499220433126],[-107.70838485071606,39.52565303577597],[-107.70871015600346,39.52609138594429],[-107.70950745841844,39.526635838564744],[-107.70989177353512,39.52709533031349],[-107.71104366902541,39.527690064270466],[-107.71145722044218,39.52828399731163],[-107.71210739266016,39.5287643101467],[-107.71334800931213,39.52905965624052],[-107.71346626618691,39.52942625546407],[-107.71370245471653,39.52960991849332],[-107.71364403081887,39.53048063118419],[-107.71390990274647,39.53100593598411],[-107.71408712084454,39.53128107086103],[-107.71411709730367,39.532059623031714],[-107.71435353858428,39.532333373607514],[-107.71456032415773,39.53237808854783],[-107.71482619932449,39.532903390881394],[-107.7151810234189,39.53320139853792],[-107.71518106532722,39.533566254571745],[-107.71482687851694,39.53400245039532],[-107.71485610837199,39.53413689610935],[-107.71541755887107,39.53434449173211],[-107.71559474497201,39.534525025559496],[-107.71580225105963,39.535921036809405],[-107.71600936943751,39.53640266676894],[-107.71539535432815,39.53890268995962],[-107.71330831765918,39.54003711371465],[-107.71088107485383,39.54283378734275],[-107.7092680249058,39.54533742598129],[-107.70623198574576,39.5461388558669],[-107.70029046466776,39.54655111977315],[-107.69677386897308,39.546980167973445],[-107.69681103583395,39.54729108371636],[-107.6970182849838,39.547637615886046],[-107.69867291086068,39.54900905497462],[-107.69920489732922,39.549627312646],[-107.69973693114606,39.55067797913174],[-107.69973686718163,39.55118247085794],[-107.69950046534967,39.55145371922878],[-107.6987622793317,39.55186726152304],[-107.6975804652954,39.55296675749075],[-107.69713752382684,39.55355810794775],[-107.69704907807373,39.55410969508967],[-107.69719679762423,39.55454319040663],[-107.69710807241471,39.554702901244966],[-107.69660588977663,39.555070401598975],[-107.69625161828486,39.55575428915397],[-107.69583804567624,39.556146754879755],[-107.69577887324739,39.556900363837826],[-107.69560169084637,39.55715221265382],[-107.69557206682596,39.557607843102545],[-107.69504030791782,39.5584985396113],[-107.69480448383018,39.55982829256981],[-107.69450899384898,39.560650443985416],[-107.69427280207132,39.562092820552074],[-107.69388875028258,39.56284494715589],[-107.69389896042739,39.56400532255201],[-107.69481990621456,39.56395844394879],[-107.69492589216671,39.57238942913769],[-107.69510171051704,39.57164987984546],[-107.69545645691386,39.57139841485479],[-107.69711111132035,39.57117081689589],[-107.69737742071601,39.57121868293279],[-107.69959417378817,39.57268064758941],[-107.70024442492478,39.57380063577938],[-107.70024483277517,39.57400782328815],[-107.7003334011035,39.57407784132996],[-107.7003629587168,39.574351915222515],[-107.70051078640594,39.57464576919595],[-107.70065860003726,39.57471440019436],[-107.70107237067916,39.57471828950906],[-107.70163375580535,39.57432687077058],[-107.70222487263149,39.57432662995569],[-107.70237284037627,39.57441777657685],[-107.70237253259681,39.57473759666608],[-107.70204778913605,39.57510549580235],[-107.70213665276688,39.57558539504978],[-107.70260939949284,39.57588069366453],[-107.70364418586823,39.57620344458293],[-107.70382134753345,39.576456072594276],[-107.70308252622202,39.57677505955141],[-107.70311239558364,39.57745903260827],[-107.70290553612757,39.577734104382735],[-107.70287623151877,39.57800955645676],[-107.70444262270375,39.57819380518416],[-107.70515196830966,39.57839799224525],[-107.70535901489528,39.57860487875777],[-107.70535881248512,39.5787400117523],[-107.70521147295872,39.578833529820386],[-107.704590805128,39.57887951731987],[-107.70414752682557,39.57926820906017],[-107.70411800406816,39.57981842727486],[-107.70420687815437,39.5802983241674],[-107.70450233361893,39.58057071737372],[-107.70494610690969,39.58070902195015],[-107.70515268782621,39.58086636351546],[-107.7051528149719,39.58102852345237],[-107.70470974462138,39.58139468211863],[-107.70470994747727,39.58187664378736],[-107.70518273334903,39.58205932331144],[-107.70648340309921,39.58207856199223],[-107.70695617622918,39.58214862769074],[-107.7074587839712,39.58207835437312],[-107.7077840019705,39.58175996729943],[-107.70816750139309,39.5803411685655],[-107.70834467951043,39.58008929226899],[-107.70914236124278,39.579404043472586],[-107.70946744189442,39.578783868699865],[-107.70982196828848,39.578807125925685],[-107.71029494398252,39.57910689140048],[-107.71020676741823,39.57965397535389],[-107.71053184870837,39.579677917583325],[-107.71076800035645,39.579492234167255],[-107.7110637028901,39.57947181801875],[-107.71094611180952,39.58052407654843],[-107.71103469878115,39.58059407670032],[-107.7118328784965,39.58059346515696],[-107.71348851288529,39.57986603146582],[-107.71374560791656,39.579876220792734],[-107.714158611418,39.57971621566306],[-107.71422554912985,39.5797898453403],[-107.71487566624096,39.58029265648536],[-107.71540846555057,39.58127565967293],[-107.7155307317598,39.582403389472],[-107.7155567646001,39.58265052433388],[-107.71596404124861,39.583515448187214],[-107.7170186231915,39.58534146212577],[-107.71742083218605,39.58603472418456],[-107.71762762726695,39.58690372941204],[-107.71765759399764,39.587632727519896],[-107.7182497124655,39.5886413618268],[-107.71836763246104,39.58909804483077],[-107.7183707526378,39.591363650505855],[-107.71810473366457,39.59200498769105],[-107.7181347109829,39.5928736258714],[-107.71792781556138,39.59319377617732],[-107.71746931435254,39.59357549667192],[-107.71715958430408,39.59383335318725],[-107.71698285824844,39.59415278681985],[-107.71692859111548,39.59522457468925],[-107.71686759057373,39.59543821567628],[-107.71671685209107,39.59575354549397],[-107.71680567883917,39.595801013919385],[-107.71683589023088,39.59605255443058],[-107.71713167607918,39.596442016550306],[-107.71726113258708,39.59682126323921],[-107.71727963616566,39.596875475840946],[-107.71727859941382,39.59691120084172],[-107.71725052887163,39.5978806242093],[-107.71704371728362,39.598407966737234],[-107.7167779648918,39.59868444073696],[-107.71589085723878,39.599254723087384],[-107.71577259680203,39.59975747074361],[-107.71562607122176,39.59993988808528],[-107.71547762429938,39.60012471041209],[-107.71506374421867,39.60037312410101],[-107.71476162705615,39.6004712285964],[-107.71231358854746,39.60126618595403],[-107.7118705635681,39.601542294791344],[-107.71149029807306,39.602130693874756],[-107.71113166225753,39.602685633515016],[-107.71077669031223,39.60316687794886],[-107.71077792070956,39.60399113728045],[-107.7103337712483,39.60453752206554],[-107.71018380309812,39.60488813892605],[-107.71015667328152,39.604951552547426],[-107.71015403536627,39.6050373751713],[-107.71012775314482,39.60588913098174],[-107.7100386270435,39.606048860364496],[-107.7101576581384,39.60701001062533],[-107.71009883351324,39.60774108213101],[-107.70953784741168,39.60913700908758],[-107.70903564126037,39.609959503437224],[-107.70885788628576,39.61044111101171],[-107.70885879499924,39.61174284621546],[-107.70850384268903,39.6124312789718],[-107.70850477625156,39.61332311731925],[-107.70838644933914,39.613686227046315],[-107.70777700802216,39.61432619189784],[-107.70738185661624,39.614741141740126],[-107.70684872704494,39.61501482901409],[-107.70593870180963,39.61514414556848],[-107.70587377992716,39.615150163006355],[-107.70166457841164,39.61500944893257],[-107.70135363690561,39.614904069055825],[-107.69672273079989,39.615160362220934],[-107.6968927750703,39.615480727922225],[-107.70140956324553,39.61993411097097],[-107.7013798201906,39.62036722043929],[-107.70084752932524,39.62148766976045],[-107.70075977893951,39.622039239136896],[-107.70087771201037,39.622703142844344],[-107.70100250913873,39.62314248480754],[-107.70135183156756,39.62437222411369],[-107.70127454208905,39.624986618756985],[-107.70110935096967,39.625292166251285],[-107.70101521455939,39.62539190062707],[-107.70095127032754,39.625527200689476],[-107.7009630605012,39.6258302335989],[-107.70116765832347,39.62604849654217],[-107.7017376567362,39.62640513911245],[-107.70294278713897,39.62712337615651],[-107.7034166507049,39.6275312458014],[-107.7036825508879,39.62801152990825],[-107.70373723951333,39.62837773967581],[-107.70377170712324,39.628608527244275],[-107.70359545115817,39.63025220511027],[-107.70359574319654,39.631306209816145],[-107.70400989473221,39.63215238790088],[-107.70409876135818,39.632199864497785],[-107.70436450991394,39.63343236774651],[-107.70445389443779,39.63350235319432],[-107.7044838677712,39.6337764137145],[-107.70469074330333,39.63434815478935],[-107.70519360416553,39.63487245077853],[-107.70693089656119,39.63568274784005],[-107.70779655534672,39.63608648771144],[-107.71034053471969,39.63700005807092],[-107.71037060230759,39.63708944075208],[-107.71022273131115,39.63722802050542],[-107.70939461008182,39.637364463003856],[-107.70921661238705,39.63731907093821],[-107.7084188142475,39.63736471399024],[-107.70797463715242,39.63725346259934],[-107.70747181415838,39.637458874129436],[-107.70714676216211,39.63747996811988],[-107.70693970612895,39.63713796142457],[-107.70678990721603,39.637046289066944],[-107.70608178769112,39.63661294284946],[-107.70519380052805,39.63652102565292],[-107.70477093274162,39.63656522910438],[-107.70386296351754,39.63666013480333],[-107.70332293907786,39.63656221448144],[-107.70196972821849,39.63631684531012],[-107.70172612418037,39.63637812482201],[-107.69937944965292,39.63696849970273],[-107.69906964581473,39.63704643837051],[-107.69896903708131,39.63734059871851],[-107.69895334481893,39.637386483481976],[-107.6987730178188,39.63758151200452],[-107.69827190400119,39.63812350045991],[-107.69753284212162,39.63839741987164],[-107.69694064951743,39.638852605428646],[-107.69617170474956,39.639154236041406],[-107.69551952828782,39.63930925744781],[-107.69407156777747,39.63965342250256],[-107.69383916410091,39.63977018822763],[-107.69339779490092,39.639991940858636],[-107.69291693299128,39.640269181510796],[-107.69158672519265,39.64125605167408],[-107.69043118534141,39.64172111315664],[-107.68945401389244,39.64211437679094],[-107.68969377696308,39.64411513036138],[-107.68978254499233,39.644892317101394],[-107.6895457615426,39.64507798276275],[-107.68916070577453,39.64516798075395],[-107.68874670196254,39.64560097081942],[-107.68836270117988,39.64615038396607],[-107.68750455398454,39.6467468090937],[-107.68691281652976,39.64738660794102],[-107.68656110321479,39.647940763002296],[-107.68652754973608,39.64834593992396],[-107.68709062420871,39.64940043021947],[-107.68703078945754,39.64960451548571],[-107.68685366441242,39.64978878565099],[-107.68614368897964,39.65008449070532],[-107.68578858508751,39.65040350115946],[-107.68558184192543,39.65077313786226],[-107.6852557023649,39.651068955311786],[-107.68457578552496,39.651436023447744],[-107.6833627861335,39.65267122899055],[-107.68268171999547,39.653263525104485],[-107.68211962944923,39.65333507063589],[-107.68155770168809,39.653721906989425],[-107.68061083294295,39.65399601699112],[-107.68018805831161,39.65430697040226],[-107.67995959189516,39.654475002363164],[-107.67972277003567,39.655160629709314],[-107.67966365819301,39.656580850292094],[-107.67951578192016,39.656967134274424],[-107.67948430659344,39.657341235920015],[-107.67942694229076,39.65802319685382],[-107.67924885524391,39.658617373206006],[-107.67916078520747,39.659439196899044],[-107.67901156681877,39.66026243193081],[-107.67863109135749,39.66145400127467],[-107.67947774820195,39.66145215049956],[-107.67983027931776,39.66169164546887],[-107.68004357279075,39.661881285655156],[-107.6803865428932,39.66187336539308],[-107.68058206207289,39.66160353186469],[-107.68077349193513,39.66122767250286],[-107.68111167471183,39.66109603907029],[-107.6814546293358,39.661088125053574],[-107.68189110477253,39.66113109999393],[-107.68243573379635,39.66101238474672],[-107.68284386833764,39.66091451486345],[-107.683077302613,39.661032940233724],[-107.68348953982212,39.66104109316447],[-107.6841512191575,39.66099041609181],[-107.6844941840501,39.66098249284806],[-107.68461876530357,39.661244919993315],[-107.68449322044013,39.661548517988024],[-107.68451306365682,39.662061001872964],[-107.68476867930409,39.662161218028515],[-107.68545050074482,39.66203931490973],[-107.6858808111036,39.66192323756506],[-107.68631113123779,39.66180714940065],[-107.68678579861887,39.66165466574713],[-107.68703319683537,39.66154280939181],[-107.68730413833863,39.66144810003831],[-107.68766790819637,39.66138661671939],[-107.68778702165079,39.661507670796695],[-107.68780003806224,39.66184343054592],[-107.68748816129047,39.662062910464975],[-107.68692751184768,39.66235889275995],[-107.68630032180829,39.66270947246104],[-107.68589012864804,39.66275434226965],[-107.68517762815388,39.663266079023856],[-107.68449647832206,39.66340564875744],[-107.68379041360738,39.6634927307113],[-107.68324575636153,39.663611453121796],[-107.68301574434935,39.663581394370524],[-107.6825031401047,39.66334560927392],[-107.68232941277964,39.662995870463845],[-107.68218196505829,39.66273396030383],[-107.68194921012729,39.66263321016252],[-107.68151205344756,39.6625725676371],[-107.68141413627716,39.66299932766508],[-107.68154486223138,39.66342081406477],[-107.68158277168077,39.663809068554194],[-107.68145378011809,39.66402430671248],[-107.68100195546067,39.66417624109347],[-107.68063953068699,39.6642730489172],[-107.68024882407225,39.6654140873759],[-107.67856837608707,39.665753568590425],[-107.67745888477857,39.66606217136558],[-107.67696265795128,39.66625049986275],[-107.67649953540648,39.666703371721724],[-107.67624231510887,39.666904715469265],[-107.67605675394077,39.667051040090755],[-107.67575848405679,39.66826958549302],[-107.67648354406617,39.6693113812278],[-107.67722478450341,39.66906456805231],[-107.67923470916956,39.669522677637374],[-107.6803726614059,39.66925766783304],[-107.68387449006347,39.66923980636361],[-107.68438663578367,39.66907932165786],[-107.68479759012213,39.668177967775875],[-107.68555871155955,39.66809729847091],[-107.68597075535087,39.66697069451804],[-107.68662361636828,39.667631227439905],[-107.68715968370233,39.66686660036186],[-107.68681883524451,39.66623036809726],[-107.6871197773504,39.66591260839564],[-107.68862972129196,39.665774040916865],[-107.69079080953438,39.665453702242964],[-107.69274371901068,39.6653633743736],[-107.69351262558324,39.66504373927578],[-107.69493264737201,39.66419549932416],[-107.69546554690251,39.66398944196564],[-107.69617574420225,39.66396844117853],[-107.69744893985947,39.664037958397095],[-107.69804076629708,39.66371790492848],[-107.6985136552923,39.662756500139906],[-107.69949265609756,39.66189807239602],[-107.69965137678251,39.66159298449791],[-107.699679556125,39.6610648836968],[-107.69968485224103,39.66057499753527],[-107.69989704231769,39.660391108526376],[-107.70022026098539,39.660242309432],[-107.70046448225683,39.66025546392635],[-107.70064519861438,39.66051498159749],[-107.70069381184018,39.660824660254434],[-107.7006520779938,39.661004584419025],[-107.70052219562055,39.661111212914754],[-107.70042361409024,39.661396066016025],[-107.70062427243265,39.661542090523184],[-107.70101762128498,39.661316310550234],[-107.70231467146685,39.66020298578118],[-107.7029485477208,39.6598962520311],[-107.7032234265968,39.659757984254455],[-107.7030538669947,39.66162642253802],[-107.70312961797526,39.66193290955453],[-107.70339563725513,39.663187923895286],[-107.70327891020325,39.66529415222057],[-107.70301180275084,39.66604808391823],[-107.70230165585815,39.667033047796],[-107.70224390742176,39.66858837680566],[-107.70182876199848,39.66902144846796],[-107.70049754190931,39.67023255739371],[-107.69999486078652,39.671401856977496],[-107.69996574288992,39.67325380611859],[-107.69996589739425,39.673276323636436],[-107.7002372496166,39.67447198887654],[-107.70031519443116,39.674909444930634],[-107.69968616228334,39.67595949228447],[-107.69915743565338,39.67645812978396],[-107.69842755696666,39.67752620866665],[-107.69811094473826,39.67773751243455],[-107.69750913041192,39.67792406876159],[-107.69693736423085,39.67836094394752],[-107.69645298959907,39.67843494357508],[-107.69600185313773,39.67831991954864],[-107.69576591319064,39.6779959527929],[-107.69564132641338,39.67740269494509],[-107.69557071236429,39.67715332384477],[-107.69477675440888,39.67657561109427],[-107.69430535458415,39.67646105080745],[-107.6936789967712,39.676538344079],[-107.69313438218853,39.676629420715926],[-107.69298185672469,39.67688397171147],[-107.69276970186628,39.67717128258363],[-107.6922877547225,39.67730797031278],[-107.69201595464155,39.67762803099236],[-107.69155611953907,39.67781127193185],[-107.69101027424784,39.67787099080828],[-107.69043988935955,39.677821463009266],[-107.68988733815902,39.67770876614034],[-107.68929544830586,39.67762835469663],[-107.68886583405352,39.67754418037724],[-107.68831451472616,39.677462814851644],[-107.68721794707633,39.677456835609874],[-107.68683255113409,39.67746575916369],[-107.68683194354378,39.677450089505655],[-107.68657007632589,39.67750321229766],[-107.68632180321433,39.67738345378939],[-107.68627576607444,39.67724332987927],[-107.6861885529249,39.67708846631757],[-107.68595873746392,39.67692121055948],[-107.68568775920392,39.676739223221944],[-107.68527478806331,39.676560520892494],[-107.68504741753353,39.676455959643356],[-107.68481517810166,39.67622601369513],[-107.68452391576498,39.676044492827096],[-107.68415638806599,39.67599024110555],[-107.68361236988899,39.67609695201508],[-107.68318518660477,39.67607544417714],[-107.68285762079218,39.676004580626184],[-107.68242922503029,39.67595173054374],[-107.68180103495729,39.67598193279491],[-107.68156187305482,39.67609727253921],[-107.68130061284126,39.67616606214034],[-107.6809348941773,39.67615882762466],[-107.68030670112341,39.676189021866335],[-107.67990102016714,39.676198390796614],[-107.67939695464395,39.676288466619816],[-107.67887382162809,39.67641036592292],[-107.67835188631099,39.676563602733765],[-107.67792834707737,39.676636129945564],[-107.6774212474194,39.67664783047696],[-107.6767512679114,39.67664759304519],[-107.67622387760927,39.67665975634911],[-107.67537738501696,39.676820463975524],[-107.67446884260768,39.67695121893906],[-107.67386333579769,39.67704361756743],[-107.67332533757781,39.6773070153119],[-107.67278975390262,39.677633117040166],[-107.67245761675167,39.67797022418571],[-107.67193928053334,39.67821747904098],[-107.67142216078769,39.6784960801326],[-107.67096407341064,39.67872625999458],[-107.6705286785688,39.67901866892939],[-107.67020955418462,39.67916720210571],[-107.67005029373234,39.679249312315235],[-107.66963820214329,39.67961961861767],[-107.6687786211347,39.679968838798295],[-107.66799715535255,39.68023781995732],[-107.66739765516601,39.68048692072961],[-107.66715784925911,39.680586562115764],[-107.66670516274314,39.68095779116087],[-107.66647500603624,39.681308221742746],[-107.66636716572411,39.68167153429848],[-107.66621152530577,39.68184767674205],[-107.66635955331395,39.68200115835016],[-107.66680584463887,39.68199090324106],[-107.66708502091288,39.68185898117631],[-107.66722460281788,39.68179302003814],[-107.6674232376737,39.68167864107826],[-107.66774298310028,39.681545784930314],[-107.66833307699666,39.68157928738037],[-107.66845660282436,39.6816235073063],[-107.66850200417313,39.6817479694243],[-107.66855102806235,39.68196647780043],[-107.66858398684911,39.682295177921496],[-107.66852217384752,39.68279862374127],[-107.66846517841368,39.683427464809604],[-107.66847906440586,39.683787970981356],[-107.66854897432819,39.68402168275883],[-107.66863375484509,39.68411386268713],[-107.66891956667001,39.68415435893513],[-107.66922266301977,39.684116011112785],[-107.66954421622471,39.684030177647756],[-107.66980829343912,39.68350638544176],[-107.67004327232979,39.68328134354824],[-107.67036785322681,39.68327388396224],[-107.67052575703836,39.68336142502936],[-107.67057380716663,39.68338388541973],[-107.67075176488348,39.68388877761578],[-107.6709586837172,39.684095714327874],[-107.6720247125292,39.68409370326865],[-107.67229086854206,39.68356957847279],[-107.67258657663851,39.6834997092384],[-107.67323759572325,39.68370542157962],[-107.67457579751552,39.683689135455516],[-107.6748957136235,39.683685238939276],[-107.67602073754239,39.684370987852475],[-107.67628667459442,39.6847567231303],[-107.67628669152023,39.684897497998115],[-107.67628669306289,39.68490870449095],[-107.67628676087057,39.68551345005491],[-107.67590174320117,39.68665741327436],[-107.6753987297846,39.68711493936672],[-107.67465892250897,39.68736621355152],[-107.67424373332166,39.687871256967966],[-107.67409918454587,39.68817656074818],[-107.67400655517591,39.68837219706067],[-107.67400658690026,39.68864696343113],[-107.67326674500418,39.68970000083896],[-107.6733556037548,39.68997271180713],[-107.67376949464364,39.690291993605676],[-107.67468789790556,39.69143744170494],[-107.67519054941732,39.691894312331435],[-107.67516053178193,39.69198508892511],[-107.6753388036259,39.692147635340724],[-107.67658170017212,39.69397475033714],[-107.67673402684251,39.69434554674944],[-107.6769666628404,39.69491177527954],[-107.67690682729729,39.69569240460054],[-107.67652161937093,39.69671926335076],[-107.67625071635385,39.69696912729123],[-107.67590055273872,39.697292120352444],[-107.6757227359489,39.6977736776741],[-107.6756508440175,39.698530892017594],[-107.67560359406704,39.69902861725908],[-107.67540993468705,39.69983793334151],[-107.67530772317747,39.70026511933713],[-107.67536671002871,39.70106551994118],[-107.67598855898723,39.70200158902286],[-107.6762256663909,39.70287446157687],[-107.67614522247209,39.70432177534722],[-107.67613668162167,39.70447553920956],[-107.67607663745393,39.70557146744219],[-107.67557376997243,39.70648843054845],[-107.67504067848674,39.706784497090865],[-107.6733225340747,39.707170921427355],[-107.67296750066804,39.70717009255388],[-107.672760651243,39.70708026899717],[-107.67264187363945,39.706326277917285],[-107.67263958686046,39.70621690504336],[-107.67258380924648,39.70355746480515],[-107.67270179776814,39.703054769306405],[-107.67299759636614,39.70248491848804],[-107.67293866324397,39.70186468426684],[-107.67273165427896,39.701477576316535],[-107.6724001868724,39.70115564592904],[-107.67145867645677,39.70024117736287],[-107.67122181814695,39.69985475371627],[-107.67080760088173,39.699395840191166],[-107.67030480819648,39.69909662048959],[-107.669919683215,39.699146020838604],[-107.6695346820407,39.69941612421141],[-107.669030695434,39.7001258823931],[-107.6685578699956,39.700150270191386],[-107.66825248125888,39.69981442235157],[-107.66823158900738,39.699693829126964],[-107.66808357076441,39.69941797060797],[-107.6680696483962,39.69941257036849],[-107.66778760186354,39.69930315256775],[-107.66746169586241,39.69950884024344],[-107.66746170143266,39.69960342891919],[-107.66710668888805,39.69998995388251],[-107.66606154656223,39.70093449278879],[-107.66553664863397,39.70140884813407],[-107.66500376085894,39.70234447355439],[-107.66479876409146,39.70301415900835],[-107.66475675500392,39.703151385709106],[-107.66449969416672,39.70399111179539],[-107.66147987233614,39.70515946003648],[-107.66062088256896,39.70561607956423],[-107.65922849022812,39.70666597357288],[-107.65839957189044,39.70753627685029],[-107.65777664456147,39.70854149611333],[-107.65780647404107,39.70970743527476],[-107.65765770290342,39.70980092764048],[-107.65718449082776,39.70979825318253],[-107.65709581480827,39.70971019937112],[-107.65706679060813,39.70895413541617],[-107.6570385586213,39.70888864182061],[-107.65694755381202,39.708677594638004],[-107.65668166156851,39.70835937847388],[-107.65644468889849,39.70840534225865],[-107.65638477887188,39.71007330612658],[-107.6574207745515,39.71114864161063],[-107.65742077199684,39.71186031874132],[-107.65668856143111,39.71329307203352],[-107.65664980794088,39.71336890073357],[-107.65661819050462,39.713393316923835],[-107.65537569714758,39.71435298194915],[-107.65528786101592,39.71464776699256],[-107.656619736212,39.71478844789318],[-107.65688680083385,39.71499403116067],[-107.65747779063432,39.716183151465856],[-107.65792154844215,39.71708204702345],[-107.65804067697914,39.71732335673108],[-107.65803960264624,39.7177603000945],[-107.65786272866447,39.718147220199235],[-107.6577766281084,39.718269572496354],[-107.65691762239186,39.7194903076427],[-107.65662664596778,39.719903810323665],[-107.65638082025072,39.720253138313865],[-107.65620262414781,39.72038784065746],[-107.656084724951,39.72068782761693],[-107.65371468073377,39.720570892655594],[-107.65267872241154,39.720639625885276],[-107.65107858599055,39.72130229718453],[-107.6506048808153,39.7218311156814],[-107.65062581374322,39.72209188256905],[-107.65066354807784,39.72258199012002],[-107.65078154490905,39.7226738829213],[-107.65093076705256,39.722810113387766],[-107.6509598041725,39.72311123301758],[-107.65146254250429,39.72391052300326],[-107.65149261990138,39.724324233270465],[-107.6510478316177,39.72478032506579],[-107.6507215282445,39.725350817938754],[-107.65073969076214,39.72550908678004],[-107.65081073826971,39.72612801939456],[-107.65039467003203,39.72736270119457],[-107.6502768657467,39.72802752223922],[-107.65012766944866,39.72830119284971],[-107.64900163495389,39.728943997327924],[-107.64877081801042,39.7292285293392],[-107.64826075858362,39.72985726135604],[-107.64820171752143,39.730705421028446],[-107.64796374239316,39.731593698689466],[-107.64784555486199,39.73175404405212],[-107.64716381385064,39.73358483974172],[-107.64718583822702,39.73391514522213],[-107.64719290411696,39.73402109443465],[-107.64739949765105,39.73475057706585],[-107.64757761874803,39.73484110071798],[-107.64822866651782,39.73623608832939],[-107.6487015447463,39.73690094331053],[-107.64920570739379,39.73733535765775],[-107.6508047641899,39.738204195096124],[-107.65187067404638,39.73900412297896],[-107.65278882272985,39.74017227013463],[-107.65293649834871,39.74062833179143],[-107.6530247418312,39.741635275437524],[-107.65287657112762,39.74262060040112],[-107.65290554077924,39.74348925981063],[-107.6539418153872,39.74570869791826],[-107.65395490790551,39.74587858543318],[-107.65397161053251,39.74609538726743],[-107.6534676490492,39.746827598870766],[-107.65275581014228,39.74756006720596],[-107.6517778349395,39.74836166547106],[-107.64976260775555,39.74927704760628],[-107.64931876632117,39.74955293392862],[-107.64901887231649,39.749987691942295],[-107.64765167724718,39.75170348114367],[-107.64754008483044,39.75190918611979],[-107.64726571794196,39.75241494694209],[-107.64729551258826,39.752869192159324],[-107.64770955688192,39.753328179700375],[-107.64781669642264,39.75375859756895],[-107.64785784335685,39.75392386360238],[-107.6474427874375,39.75477112033662],[-107.64693761873791,39.75540873418025],[-107.64626821631488,39.75606991132174],[-107.64607869797084,39.75625710570506],[-107.64575182584197,39.75676002491829],[-107.64542473562261,39.75842953805057],[-107.64527551269228,39.75975268302829],[-107.6453047216445,39.76122038816984],[-107.64628174286925,39.762977271572495],[-107.64639961707647,39.76332140590878],[-107.64660770588354,39.76357339754021],[-107.64711079154175,39.76391774908156],[-107.64746679370957,39.76403123718182],[-107.64933352659207,39.76382647077506],[-107.64983773607473,39.763828465334655],[-107.65090456439232,39.76403380194999],[-107.65120059446332,39.764238733160255],[-107.65294778803367,39.76753189856814],[-107.65371677638336,39.768861061314425],[-107.65392465737396,39.76897342286731],[-107.65413151443853,39.769315512415275],[-107.65591073940098,39.77071162102993],[-107.65628063489305,39.77114255207641],[-107.65638471340439,39.771263790423525],[-107.65638483138459,39.771741241110114],[-107.65617652066003,39.77201626352332],[-107.65241074785364,39.77425545021357],[-107.6495046095748,39.77640731823648],[-107.64532384647214,39.7797682936505],[-107.64412100681484,39.780922438674125],[-107.64339560576758,39.781618450679154],[-107.64334334937956,39.78171278848802],[-107.64295091754859,39.78242132383087],[-107.64265372650692,39.783446044116744],[-107.64191189132146,39.7843412636373],[-107.64075469127737,39.78536755959576],[-107.63998364287959,39.78593913020414],[-107.63876768127965,39.78632713962992],[-107.63580271731651,39.78671436326891],[-107.63473585292044,39.78701336214],[-107.63435114214703,39.787212854457664],[-107.63429073136541,39.78724417962056],[-107.63399368361591,39.78783647234831],[-107.63399287418194,39.78865396642711],[-107.63399262748074,39.788908504175666],[-107.6334041421477,39.78965556638748],[-107.63298466109076,39.79018806435048],[-107.63271265962088,39.79095570101528],[-107.6321817758684,39.79245389333594],[-107.63206381607479,39.792614217523244],[-107.63202079758423,39.79272755554851],[-107.6310825606492,39.79519938066585],[-107.6311126260965,39.795586059236],[-107.6322978030035,39.796662690218106],[-107.63241577843729,39.79696179311412],[-107.63247373312416,39.7982892231857],[-107.63223559959542,39.799384643143824],[-107.63226478608792,39.80007312184624],[-107.63383658596739,39.7994293666072],[-107.63487468026037,39.799432808962386],[-107.63558685164051,39.79956976733471],[-107.63588256919004,39.799887347454785],[-107.63603059789526,39.8002082841287],[-107.63602980902498,39.8015820883293],[-107.63653391116284,39.80222373499348],[-107.63682978668496,39.802955693946984],[-107.63694746399045,39.80299805985197],[-107.63736279147446,39.803961518466345],[-107.63922882963807,39.806180171183],[-107.64087362132786,39.80805457690395],[-107.64224070291345,39.80961240886918],[-107.64234053765664,39.809726170537296],[-107.64311087348423,39.810253619185545],[-107.6437037086884,39.81048332981402],[-107.64462278142925,39.810710101278964],[-107.64518673917694,39.81064318723946],[-107.64595886317173,39.810436395206985],[-107.64714464312408,39.810346272187516],[-107.64932964542527,39.810354923558926],[-107.65200877137093,39.810370241107],[-107.65574456191366,39.81011808383592],[-107.65624987539015,39.81000741750667],[-107.65678290604643,39.810076280656325],[-107.65761379369293,39.81037253162956],[-107.65962962033176,39.81138028657614],[-107.6600299508517,39.8116472807608],[-107.6600736032781,39.81167638516885],[-107.66003027994967,39.81143898258786],[-107.6605776406469,39.812317924713135],[-107.66081484430511,39.81346104349477],[-107.66072569281985,39.81382793556171],[-107.66062075984428,39.81402015788977],[-107.66033974691968,39.81453493664083],[-107.66031060286917,39.81508511322528],[-107.66084389585352,39.81579354223118],[-107.66158480160759,39.81636658235825],[-107.66185178848164,39.816455040759145],[-107.66247484745404,39.81648127278389],[-107.66303851074284,39.8163872533078],[-107.66455061560868,39.81638854739736],[-107.66683361644668,39.8171423044127],[-107.66727875835655,39.81714557757842],[-107.66807967096979,39.81655060932639],[-107.66888082980465,39.81540613181506],[-107.66974188954352,39.813395471395765],[-107.67017193039281,39.81280906374943],[-107.6707498257002,39.81202100301129],[-107.67128363486172,39.811562794669015],[-107.67172974600186,39.811403879078014],[-107.67184410559904,39.811444411808075],[-107.67276791626468,39.81177181468181],[-107.67310319802854,39.8118099830059],[-107.67316999468716,39.81195658477491],[-107.67579658471773,39.8137141383864],[-107.67621460315499,39.81413545726223],[-107.67660555614454,39.814521131910034],[-107.67662270196057,39.81453852750962],[-107.67667881877496,39.81470403884318],[-107.67656274683091,39.81483718559631],[-107.6762837144244,39.8159983019273],[-107.67626668742707,39.81606914888415],[-107.67622244271857,39.81613037261387],[-107.67611771142141,39.81627528325535],[-107.67588083701663,39.81712302655458],[-107.67567260601307,39.817533205668944],[-107.67570290005335,39.81794688848307],[-107.67635477846181,39.818517382716514],[-107.67697794329293,39.81925068545638],[-107.6782235981339,39.820163285648064],[-107.67985491135519,39.821125512630246],[-107.68098168490233,39.82151384489409],[-107.68145597084549,39.82188122506384],[-107.68181492442712,39.82320247414007],[-107.68187185227922,39.8234120233357],[-107.68264265563442,39.8248310126639],[-107.68264913931431,39.824849014336976],[-107.68308295073487,39.82577190077979],[-107.68343504576904,39.82645401165192],[-107.6844669435272,39.82787338507082],[-107.68590372815562,39.82993194705318],[-107.69446067937452,39.83006549975157],[-107.75063279643635,39.827156367218045],[-107.76998388280283,39.82618647196784],[-107.78865439320934,39.824995506795254],[-107.84492638176343,39.82471315917596]]]},"properties":{"Shape.STArea()":4350448890.777577,"Shape.STLength()":370809.653211956,"OBJECTID":3,"DISTRICT":3,"Commissioner":"Mike Samson"}}]}