{"type":"FeatureCollection","name":"tl_2025_55_scsd","crs":{"type":"name","properties":{"name":"urn:ogc:def:crs:OGC:1.3:CRS84"}},"features":[{"type":"Feature","properties":{"STATEFP":"55","SCSDLEA":"07650","GEOID":"5507650","GEOIDFQ":"9600000US5507650","NAME":"Lake Geneva-Genoa City Union High School District","LSAD":"00","LOGRADE":"09","HIGRADE":"12","MTFCC":"G5410","SDTYP":"","FUNCSTAT":"E","ALAND":229807771,"AWATER":2617433,"INTPTLAT":"+42.5718509","INTPTLON":"-088.4012961"},"geometry":{"type":"Polygon","coordinates":[[[-88.530905,42.612331],[-88.529108,42.612296],[-88.527626,42.612268],[-88.523728,42.612004],[-88.521936,42.611883],[-88.521933,42.612054],[-88.521908,42.613178],[-88.521896,42.61327],[-88.521846,42.613417],[-88.521808,42.613565],[-88.521771,42.613758],[-88.521758,42.613933],[-88.521758,42.615671],[-88.521758,42.619259],[-88.52176,42.619674],[-88.521766,42.620922],[-88.521769,42.621338],[-88.52177,42.62165],[-88.521775,42.622588],[-88.521776,42.622837],[-88.521777,42.622901],[-88.521729,42.622907],[-88.521587,42.622926],[-88.52154,42.622933],[-88.520612,42.622941],[-88.519683,42.622949],[-88.519568,42.622952],[-88.519452,42.622954],[-88.516679,42.622981],[-88.516578,42.622982],[-88.516561,42.624952],[-88.516553,42.625897],[-88.514083,42.625897],[-88.511692,42.625897],[-88.511308,42.625898],[-88.51132,42.624255],[-88.511323,42.623842],[-88.511326,42.623428],[-88.511328,42.623094],[-88.506725,42.623074],[-88.506192,42.623072],[-88.5062,42.625198],[-88.501656,42.625193],[-88.494723,42.625187],[-88.493691,42.625187],[-88.4937,42.626493],[-88.493704,42.627073],[-88.493727,42.63024],[-88.490707,42.630213],[-88.490704,42.630048],[-88.490683,42.628236],[-88.490091,42.628235],[-88.489517,42.628234],[-88.487173,42.628233],[-88.487183,42.627697],[-88.487205,42.626615],[-88.487206,42.626472],[-88.487209,42.626089],[-88.487212,42.625791],[-88.487216,42.625553],[-88.48577,42.625556],[-88.481434,42.625568],[-88.479989,42.625572],[-88.479473,42.625563],[-88.479326,42.62556],[-88.477925,42.625539],[-88.477409,42.625531],[-88.477362,42.6256],[-88.477333,42.625631],[-88.477302,42.625666],[-88.477227,42.625727],[-88.47713,42.625793],[-88.477028,42.625848],[-88.476918,42.625909],[-88.476933,42.627427],[-88.476981,42.631984],[-88.476998,42.633503],[-88.476262,42.633534],[-88.476011,42.633512],[-88.475741,42.633504],[-88.475471,42.633496],[-88.472338,42.633401],[-88.472337,42.633424],[-88.472263,42.636157],[-88.472112,42.636157],[-88.467733,42.636175],[-88.4639,42.636189],[-88.461911,42.636197],[-88.461819,42.637903],[-88.461787,42.63953],[-88.461772,42.640298],[-88.457655,42.64031],[-88.456246,42.640315],[-88.456235,42.640533],[-88.456208,42.640872],[-88.456184,42.641195],[-88.456166,42.641425],[-88.456034,42.643183],[-88.455984,42.643846],[-88.45594,42.64409],[-88.455885,42.6444],[-88.456312,42.644351],[-88.456559,42.644323],[-88.457403,42.644328],[-88.459256,42.644341],[-88.459301,42.645019],[-88.459359,42.645862],[-88.459362,42.645948],[-88.459374,42.646263],[-88.459419,42.647466],[-88.459434,42.647867],[-88.458924,42.647861],[-88.457524,42.647846],[-88.457396,42.647845],[-88.456887,42.64784],[-88.456932,42.649428],[-88.456971,42.650819],[-88.456977,42.651016],[-88.456988,42.651422],[-88.457012,42.652254],[-88.455527,42.652259],[-88.45104,42.652273],[-88.45102,42.650738],[-88.450984,42.647758],[-88.450142,42.647746],[-88.449363,42.647734],[-88.449299,42.647733],[-88.446092,42.647684],[-88.444504,42.64766],[-88.442884,42.647636],[-88.442891,42.648574],[-88.442915,42.651388],[-88.442921,42.652155],[-88.442923,42.652327],[-88.441027,42.652319],[-88.435342,42.652295],[-88.433447,42.652288],[-88.433356,42.65229],[-88.433338,42.652725],[-88.433273,42.654303],[-88.433252,42.65483],[-88.434151,42.654835],[-88.436848,42.654852],[-88.437336,42.654856],[-88.437748,42.654859],[-88.437751,42.655878],[-88.437762,42.658938],[-88.437766,42.659958],[-88.437768,42.660206],[-88.437789,42.66197],[-88.437024,42.661984],[-88.4341,42.662037],[-88.433424,42.66205],[-88.433378,42.663778],[-88.43337,42.666779],[-88.433364,42.669556],[-88.433274,42.669555],[-88.433185,42.669554],[-88.432269,42.669546],[-88.431486,42.669541],[-88.430934,42.669535],[-88.428986,42.669511],[-88.427892,42.669499],[-88.42789,42.669876],[-88.427885,42.671011],[-88.427884,42.671389],[-88.427878,42.671808],[-88.427864,42.673066],[-88.42786,42.673486],[-88.427866,42.673572],[-88.427884,42.67383],[-88.42789,42.673916],[-88.42788,42.675445],[-88.427869,42.67745],[-88.425286,42.677433],[-88.423758,42.677424],[-88.420907,42.677411],[-88.418886,42.677402],[-88.418746,42.679321],[-88.414187,42.679293],[-88.414186,42.679245],[-88.414148,42.677415],[-88.413128,42.677409],[-88.412098,42.677392],[-88.40901,42.677341],[-88.407981,42.677324],[-88.408626,42.676361],[-88.409054,42.675745],[-88.410746,42.673316],[-88.412302,42.671027],[-88.413377,42.669449],[-88.413566,42.669151],[-88.413675,42.668895],[-88.413803,42.668425],[-88.413858,42.66813],[-88.413895,42.667847],[-88.413868,42.666739],[-88.413841,42.665551],[-88.413803,42.663939],[-88.413699,42.658305],[-88.413648,42.655494],[-88.413645,42.655337],[-88.413636,42.654869],[-88.413634,42.654713],[-88.413611,42.65305],[-88.413588,42.651295],[-88.413564,42.648505],[-88.413571,42.648064],[-88.413583,42.647407],[-88.413602,42.646403],[-88.412254,42.64643],[-88.410835,42.64646],[-88.408211,42.646514],[-88.408068,42.646517],[-88.407466,42.64653],[-88.406864,42.646542],[-88.40329,42.646615],[-88.399764,42.646689],[-88.39884,42.646708],[-88.393937,42.646809],[-88.392665,42.646836],[-88.392571,42.646837],[-88.390831,42.646874],[-88.388998,42.646912],[-88.386422,42.646971],[-88.378696,42.647148],[-88.376121,42.647208],[-88.375972,42.647225],[-88.375377,42.647228],[-88.375121,42.647265],[-88.375092,42.647265],[-88.374369,42.647202],[-88.374322,42.647165],[-88.37432,42.646976],[-88.374247,42.646942],[-88.374095,42.646997],[-88.374047,42.646966],[-88.373983,42.646863],[-88.373919,42.64683],[-88.373781,42.64685],[-88.373628,42.646981],[-88.373521,42.647018],[-88.373312,42.646927],[-88.373142,42.646912],[-88.372969,42.646934],[-88.372844,42.646917],[-88.372726,42.647035],[-88.372698,42.646925],[-88.372845,42.641814],[-88.372847,42.640633],[-88.364091,42.640511],[-88.363723,42.640506],[-88.362622,42.640493],[-88.362255,42.640489],[-88.361543,42.640505],[-88.361467,42.639863],[-88.361436,42.639599],[-88.361429,42.630998],[-88.36143,42.63082],[-88.361481,42.625387],[-88.355045,42.625424],[-88.354931,42.625421],[-88.354589,42.625414],[-88.354476,42.625412],[-88.354319,42.625398],[-88.352504,42.62539],[-88.346588,42.625366],[-88.345532,42.625362],[-88.345074,42.625361],[-88.344616,42.62536],[-88.344606,42.624923],[-88.344578,42.623613],[-88.344569,42.623177],[-88.344469,42.620769],[-88.342522,42.620681],[-88.330964,42.620164],[-88.330415,42.619937],[-88.329572,42.619588],[-88.328325,42.619072],[-88.325545,42.617922],[-88.325578,42.616503],[-88.325614,42.614988],[-88.325584,42.612337],[-88.325586,42.612247],[-88.325623,42.611152],[-88.325663,42.611029],[-88.325702,42.61095],[-88.325771,42.61087],[-88.325538,42.610876],[-88.324206,42.610917],[-88.319513,42.611062],[-88.317949,42.61111],[-88.316349,42.611094],[-88.316349,42.610672],[-88.316354,42.603534],[-88.315729,42.603534],[-88.305812,42.603545],[-88.305734,42.596305],[-88.30573,42.595953],[-88.305728,42.595855],[-88.305725,42.595561],[-88.305719,42.594964],[-88.305714,42.594417],[-88.305705,42.59331],[-88.305703,42.593217],[-88.305701,42.593125],[-88.3057,42.593058],[-88.305699,42.592992],[-88.305698,42.592919],[-88.305697,42.592847],[-88.305676,42.59133],[-88.305661,42.590072],[-88.30566,42.58944],[-88.305601,42.583994],[-88.305577,42.581816],[-88.305576,42.58166],[-88.305573,42.581461],[-88.305419,42.567144],[-88.305396,42.564978],[-88.305371,42.562814],[-88.305347,42.560427],[-88.305342,42.560032],[-88.305321,42.558041],[-88.305262,42.55269],[-88.30524,42.550677],[-88.305239,42.55062],[-88.305227,42.549473],[-88.305218,42.548127],[-88.305206,42.547048],[-88.305193,42.545968],[-88.305169,42.54381],[-88.305144,42.541653],[-88.305136,42.541017],[-88.305129,42.540381],[-88.30523,42.539617],[-88.305232,42.538484],[-88.305107,42.538428],[-88.305105,42.538287],[-88.305101,42.537864],[-88.3051,42.537723],[-88.305092,42.537024],[-88.305069,42.534927],[-88.305062,42.534228],[-88.305041,42.532376],[-88.305033,42.531572],[-88.305032,42.531469],[-88.305029,42.531392],[-88.30503,42.531333],[-88.305028,42.531174],[-88.304989,42.527543],[-88.304988,42.527413],[-88.304984,42.527152],[-88.304971,42.525966],[-88.304948,42.523785],[-88.30487,42.516534],[-88.304792,42.509303],[-88.304791,42.509255],[-88.304752,42.505611],[-88.304743,42.504747],[-88.304692,42.500018],[-88.304692,42.498319],[-88.304692,42.498018],[-88.304692,42.496109],[-88.304692,42.494618],[-88.310292,42.494618],[-88.311222,42.494618],[-88.311279,42.494618],[-88.311558,42.494618],[-88.311882,42.494617],[-88.311918,42.494617],[-88.315326,42.494617],[-88.315724,42.494617],[-88.315876,42.494617],[-88.316123,42.494619],[-88.316474,42.494619],[-88.316571,42.494619],[-88.317572,42.494619],[-88.317625,42.494619],[-88.318513,42.494619],[-88.320034,42.494619],[-88.321941,42.494618],[-88.322501,42.494618],[-88.322692,42.494618],[-88.323112,42.494618],[-88.324372,42.494618],[-88.324792,42.494618],[-88.325292,42.494618],[-88.326792,42.494618],[-88.327293,42.494618],[-88.327533,42.494618],[-88.328252,42.494618],[-88.328493,42.494618],[-88.328946,42.494618],[-88.329356,42.494618],[-88.330239,42.494617],[-88.330305,42.494617],[-88.330759,42.494617],[-88.331525,42.494617],[-88.333826,42.494617],[-88.334593,42.494618],[-88.334656,42.494618],[-88.334846,42.494618],[-88.33491,42.494618],[-88.335746,42.494618],[-88.338256,42.494618],[-88.339093,42.494618],[-88.343961,42.494618],[-88.354993,42.494618],[-88.355186,42.494617],[-88.375086,42.494518],[-88.378403,42.494518],[-88.389994,42.494516],[-88.390594,42.494521],[-88.392908,42.494533],[-88.409245,42.494618],[-88.413114,42.494618],[-88.413466,42.494621],[-88.418445,42.494606],[-88.420587,42.494597],[-88.421492,42.494613],[-88.42172,42.494667],[-88.421892,42.494669],[-88.42201,42.4946],[-88.42203,42.494593],[-88.422143,42.494537],[-88.422241,42.494495],[-88.422321,42.494502],[-88.422496,42.494526],[-88.422511,42.494529],[-88.422596,42.494548],[-88.422728,42.494566],[-88.423025,42.494589],[-88.423414,42.4946],[-88.431633,42.494669],[-88.431991,42.494669],[-88.437291,42.494711],[-88.437334,42.494711],[-88.439609,42.494722],[-88.442321,42.494734],[-88.446889,42.494749],[-88.446903,42.500754],[-88.446906,42.502418],[-88.446907,42.5026],[-88.451694,42.50264],[-88.451693,42.502666],[-88.451688,42.504331],[-88.451681,42.505655],[-88.451676,42.506794],[-88.451106,42.506789],[-88.451021,42.506789],[-88.449798,42.50678],[-88.448758,42.506773],[-88.448769,42.513522],[-88.448775,42.516555],[-88.449727,42.516568],[-88.449946,42.516571],[-88.452586,42.516609],[-88.453539,42.516623],[-88.453538,42.517043],[-88.453538,42.518307],[-88.453538,42.518728],[-88.453534,42.518876],[-88.453526,42.519323],[-88.453523,42.519472],[-88.453739,42.519509],[-88.453853,42.519529],[-88.454048,42.519681],[-88.454138,42.519724],[-88.454256,42.519712],[-88.454314,42.519658],[-88.454389,42.519591],[-88.454507,42.519574],[-88.456067,42.519568],[-88.460747,42.519552],[-88.462308,42.519547],[-88.462314,42.520341],[-88.462318,42.520762],[-88.462339,42.522723],[-88.462348,42.523518],[-88.462351,42.523858],[-88.462352,42.523919],[-88.462353,42.523983],[-88.462382,42.524881],[-88.462393,42.525222],[-88.464366,42.525218],[-88.470287,42.52521],[-88.472261,42.525207],[-88.474231,42.525202],[-88.480144,42.525191],[-88.482115,42.525187],[-88.48212,42.52578],[-88.482136,42.527437],[-88.482138,42.527562],[-88.482144,42.528156],[-88.485669,42.528136],[-88.49136,42.528105],[-88.49138,42.532992],[-88.491395,42.536518],[-88.491397,42.538326],[-88.491404,42.543752],[-88.491407,42.545561],[-88.491328,42.54556],[-88.491038,42.545561],[-88.489934,42.545567],[-88.489631,42.545569],[-88.489566,42.545569],[-88.489002,42.545569],[-88.48731,42.545569],[-88.486783,42.545605],[-88.486383,42.545569],[-88.485553,42.545569],[-88.485294,42.545572],[-88.484932,42.545578],[-88.484796,42.545579],[-88.484387,42.545585],[-88.484252,42.545587],[-88.48392,42.545591],[-88.482926,42.545605],[-88.482595,42.545611],[-88.482537,42.545611],[-88.482363,42.545613],[-88.482306,42.545615],[-88.482308,42.545941],[-88.482317,42.547862],[-88.482356,42.549189],[-88.482343,42.549335],[-88.482343,42.549684],[-88.482349,42.550178],[-88.482367,42.551662],[-88.482374,42.552157],[-88.482375,42.552292],[-88.482381,42.552697],[-88.482383,42.552833],[-88.482388,42.553061],[-88.482403,42.553748],[-88.482409,42.553977],[-88.482406,42.554172],[-88.482398,42.55476],[-88.482396,42.554956],[-88.482399,42.555158],[-88.482408,42.555765],[-88.482412,42.555968],[-88.482404,42.556416],[-88.48239,42.557307],[-88.482393,42.557762],[-88.482397,42.558211],[-88.482401,42.558595],[-88.482404,42.558848],[-88.48241,42.559485],[-88.482412,42.559748],[-88.482413,42.559809],[-88.482416,42.560133],[-88.482406,42.560252],[-88.482472,42.562258],[-88.482482,42.562974],[-88.482482,42.563532],[-88.482474,42.563589],[-88.482452,42.56376],[-88.482445,42.563818],[-88.482277,42.563884],[-88.481396,42.564336],[-88.481352,42.564358],[-88.481007,42.564537],[-88.480446,42.564858],[-88.479834,42.565272],[-88.479606,42.565497],[-88.479532,42.565549],[-88.479429,42.565624],[-88.479192,42.56568],[-88.479073,42.565681],[-88.479058,42.565678],[-88.47891,42.565655],[-88.478702,42.565673],[-88.478603,42.565695],[-88.478298,42.565764],[-88.478224,42.56578],[-88.478187,42.565788],[-88.477961,42.56584],[-88.477812,42.565875],[-88.477585,42.565894],[-88.477456,42.565905],[-88.477142,42.565885],[-88.476965,42.565873],[-88.476906,42.56587],[-88.476742,42.565833],[-88.476488,42.565725],[-88.476406,42.565665],[-88.475798,42.565144],[-88.475789,42.565132],[-88.475613,42.564869],[-88.475564,42.564796],[-88.475506,42.564727],[-88.47513,42.564281],[-88.474954,42.564072],[-88.47463,42.56373],[-88.47421,42.563382],[-88.474052,42.563214],[-88.473692,42.562904],[-88.473393,42.562709],[-88.473274,42.562677],[-88.473021,42.562679],[-88.472606,42.562736],[-88.472131,42.562837],[-88.471864,42.562855],[-88.471581,42.56283],[-88.471313,42.562766],[-88.470747,42.562671],[-88.470069,42.562435],[-88.469867,42.562332],[-88.469538,42.562121],[-88.469268,42.561898],[-88.469133,42.561828],[-88.468954,42.561764],[-88.468611,42.561689],[-88.468492,42.561646],[-88.468395,42.561576],[-88.468059,42.561433],[-88.467977,42.561398],[-88.467551,42.561171],[-88.467423,42.561062],[-88.467272,42.560855],[-88.467111,42.560402],[-88.466922,42.560114],[-88.466943,42.560026],[-88.467062,42.559971],[-88.467143,42.559904],[-88.467179,42.559817],[-88.467178,42.559735],[-88.46708,42.559642],[-88.467042,42.559544],[-88.467049,42.559478],[-88.467078,42.559446],[-88.467069,42.559309],[-88.467009,42.559238],[-88.46671,42.559049],[-88.466306,42.558832],[-88.465954,42.558664],[-88.465694,42.558541],[-88.46535,42.558417],[-88.465127,42.558402],[-88.465038,42.558419],[-88.464861,42.558486],[-88.464418,42.558707],[-88.46421,42.558763],[-88.464121,42.558764],[-88.463942,42.558721],[-88.463487,42.558549],[-88.463308,42.558441],[-88.463202,42.558305],[-88.463246,42.558255],[-88.463328,42.558249],[-88.463596,42.558308],[-88.464193,42.558523],[-88.464289,42.558533],[-88.464418,42.558502],[-88.464452,42.558494],[-88.464785,42.558311],[-88.465279,42.55798],[-88.465315,42.557914],[-88.465299,42.557816],[-88.465209,42.55774],[-88.46509,42.557686],[-88.464956,42.557736],[-88.464868,42.557808],[-88.464759,42.558005],[-88.464724,42.558202],[-88.464672,42.558214],[-88.464626,42.558166],[-88.464515,42.558116],[-88.464441,42.558133],[-88.46439,42.558193],[-88.464383,42.558281],[-88.464334,42.558365],[-88.46431,42.558369],[-88.464256,42.558216],[-88.464203,42.558134],[-88.464137,42.558107],[-88.464084,42.558086],[-88.463876,42.558087],[-88.463698,42.55817],[-88.463639,42.558182],[-88.463572,42.558171],[-88.463497,42.558101],[-88.463472,42.557882],[-88.463427,42.557833],[-88.463308,42.557801],[-88.463137,42.557829],[-88.463005,42.557929],[-88.462962,42.55806],[-88.463016,42.558229],[-88.462986,42.558279],[-88.462942,42.558312],[-88.462912,42.558312],[-88.462748,42.558236],[-88.462457,42.558137],[-88.462338,42.558097],[-88.461927,42.557902],[-88.461799,42.55785],[-88.461256,42.557633],[-88.460436,42.557419],[-88.459989,42.557346],[-88.459721,42.55732],[-88.45935,42.557284],[-88.459005,42.55727],[-88.458792,42.557261],[-88.458755,42.55726],[-88.458428,42.557262],[-88.458155,42.557288],[-88.457944,42.557309],[-88.457775,42.557326],[-88.457497,42.557386],[-88.45736,42.557416],[-88.457005,42.55755],[-88.456532,42.557782],[-88.456237,42.557889],[-88.456118,42.557933],[-88.455817,42.558059],[-88.455467,42.558205],[-88.455157,42.558387],[-88.455089,42.558422],[-88.453916,42.55904],[-88.453444,42.559365],[-88.45306,42.55957],[-88.452967,42.559631],[-88.452824,42.559725],[-88.452558,42.55983],[-88.452217,42.559939],[-88.452173,42.559953],[-88.451373,42.560144],[-88.450929,42.560299],[-88.450722,42.560405],[-88.450574,42.560504],[-88.450527,42.56054],[-88.450014,42.56095],[-88.449719,42.561143],[-88.449572,42.561215],[-88.448743,42.561516],[-88.448358,42.561688],[-88.448218,42.561776],[-88.448034,42.56193],[-88.447739,42.562085],[-88.447087,42.562324],[-88.446672,42.562425],[-88.446228,42.562581],[-88.445667,42.562843],[-88.445578,42.562886],[-88.445341,42.563007],[-88.445164,42.563129],[-88.444809,42.56329],[-88.444721,42.563312],[-88.444579,42.563313],[-88.444274,42.56326],[-88.444126,42.563261],[-88.443981,42.563291],[-88.443815,42.563325],[-88.443527,42.563385],[-88.443503,42.563398],[-88.443347,42.563482],[-88.443191,42.563566],[-88.442755,42.563799],[-88.442365,42.56401],[-88.441921,42.564182],[-88.441449,42.564425],[-88.441419,42.564434],[-88.441064,42.564548],[-88.440943,42.564556],[-88.440791,42.564566],[-88.440173,42.564608],[-88.440037,42.56463],[-88.439803,42.564668],[-88.43953,42.564713],[-88.439379,42.564738],[-88.438762,42.564737],[-88.438599,42.564729],[-88.438227,42.564713],[-88.43799,42.564741],[-88.437812,42.564802],[-88.437642,42.564902],[-88.437495,42.565072],[-88.437475,42.565126],[-88.437445,42.565209],[-88.437241,42.565577],[-88.43715,42.565865],[-88.437122,42.565959],[-88.4371,42.566025],[-88.437097,42.566037],[-88.437068,42.566234],[-88.437058,42.566304],[-88.437057,42.566317],[-88.437054,42.566356],[-88.437054,42.56637],[-88.43705,42.566428],[-88.437049,42.566453],[-88.437016,42.5666],[-88.437004,42.566658],[-88.436957,42.566869],[-88.436919,42.56746],[-88.436885,42.567658],[-88.436863,42.567789],[-88.436897,42.568204],[-88.437,42.56875],[-88.437062,42.569712],[-88.437166,42.570412],[-88.437224,42.570658],[-88.43726,42.570805],[-88.437359,42.571089],[-88.437416,42.571526],[-88.437442,42.571606],[-88.437452,42.571638],[-88.437495,42.571769],[-88.437608,42.572115],[-88.437631,42.572162],[-88.437693,42.572287],[-88.437738,42.572378],[-88.43776,42.572421],[-88.437865,42.572562],[-88.437929,42.572614],[-88.438008,42.57268],[-88.43803,42.572698],[-88.438312,42.572827],[-88.438579,42.572949],[-88.438867,42.573081],[-88.439595,42.573479],[-88.439876,42.573633],[-88.439912,42.573664],[-88.440026,42.573763],[-88.44014,42.573928],[-88.440157,42.573953],[-88.440177,42.573981],[-88.440307,42.574331],[-88.440338,42.574483],[-88.440336,42.574553],[-88.440328,42.574855],[-88.440294,42.57498],[-88.440267,42.57508],[-88.440268,42.575098],[-88.44027,42.575114],[-88.440272,42.575129],[-88.440276,42.575146],[-88.440285,42.575173],[-88.440287,42.575183],[-88.440286,42.575196],[-88.440281,42.575215],[-88.440277,42.57523],[-88.44027,42.575252],[-88.440267,42.575275],[-88.440266,42.575294],[-88.440266,42.575316],[-88.440261,42.575346],[-88.440252,42.575385],[-88.440241,42.575423],[-88.440211,42.575493],[-88.440185,42.575551],[-88.440171,42.575582],[-88.440155,42.575611],[-88.440123,42.575676],[-88.440102,42.575727],[-88.440085,42.575767],[-88.440069,42.575806],[-88.44006,42.57584],[-88.440049,42.575867],[-88.440022,42.575909],[-88.440001,42.575933],[-88.439982,42.57595],[-88.439969,42.575958],[-88.439943,42.575969],[-88.439927,42.575973],[-88.439898,42.575976],[-88.439875,42.575976],[-88.439851,42.575976],[-88.439826,42.575976],[-88.439796,42.57598],[-88.439772,42.575984],[-88.439748,42.575992],[-88.439729,42.576],[-88.439708,42.576015],[-88.439687,42.576028],[-88.43967,42.576044],[-88.439656,42.576062],[-88.439648,42.576079],[-88.439647,42.57609],[-88.439648,42.5761],[-88.439652,42.576114],[-88.43966,42.576127],[-88.439672,42.576138],[-88.439688,42.576145],[-88.439709,42.576156],[-88.439726,42.576161],[-88.439753,42.576166],[-88.43983,42.576171],[-88.439903,42.576177],[-88.439931,42.57618],[-88.439975,42.576186],[-88.439999,42.576191],[-88.440015,42.576196],[-88.440027,42.576204],[-88.440036,42.576214],[-88.440045,42.576234],[-88.440048,42.576244],[-88.440045,42.576258],[-88.440029,42.57627],[-88.440001,42.576275],[-88.439957,42.576281],[-88.439934,42.576287],[-88.439923,42.576291],[-88.439909,42.576302],[-88.43989,42.57631],[-88.439872,42.576312],[-88.439854,42.576309],[-88.439837,42.576299],[-88.439825,42.576282],[-88.439817,42.576272],[-88.439807,42.576264],[-88.43979,42.576259],[-88.439756,42.576255],[-88.439724,42.576254],[-88.439686,42.576255],[-88.439667,42.576256],[-88.439637,42.576261],[-88.439601,42.57627],[-88.439573,42.576285],[-88.439559,42.576301],[-88.439548,42.576325],[-88.439541,42.576348],[-88.439532,42.576388],[-88.439522,42.576438],[-88.439517,42.576469],[-88.439509,42.576517],[-88.4395,42.576548],[-88.439493,42.576578],[-88.439487,42.576601],[-88.439485,42.576616],[-88.439484,42.576632],[-88.439484,42.576649],[-88.439489,42.576664],[-88.439494,42.576688],[-88.439495,42.576721],[-88.439494,42.576765],[-88.439493,42.576794],[-88.43949,42.576826],[-88.439489,42.576863],[-88.439489,42.576883],[-88.439491,42.576901],[-88.439494,42.576918],[-88.439495,42.576933],[-88.439493,42.576947],[-88.439489,42.576963],[-88.439477,42.576989],[-88.439449,42.577039],[-88.439427,42.577073],[-88.439407,42.577103],[-88.439384,42.577131],[-88.43936,42.577163],[-88.439349,42.57718],[-88.43921,42.5774],[-88.43908,42.577663],[-88.438919,42.578164],[-88.438814,42.578496],[-88.438787,42.578544],[-88.438763,42.578589],[-88.438658,42.57871],[-88.438616,42.578759],[-88.438171,42.579116],[-88.438122,42.579156],[-88.438036,42.579276],[-88.438011,42.579309],[-88.437963,42.579379],[-88.437946,42.579415],[-88.437929,42.579453],[-88.43775,42.579842],[-88.437627,42.580043],[-88.437539,42.580188],[-88.437347,42.58038],[-88.437223,42.580567],[-88.436856,42.580979],[-88.436649,42.581128],[-88.436413,42.581261],[-88.436181,42.581352],[-88.435939,42.581449],[-88.43558,42.581632],[-88.435525,42.58166],[-88.435179,42.581941],[-88.434832,42.582286],[-88.434672,42.582491],[-88.434491,42.582842],[-88.434406,42.583081],[-88.434352,42.58321],[-88.434091,42.583741],[-88.433961,42.584092],[-88.433765,42.584508],[-88.433633,42.585004],[-88.433493,42.585538],[-88.433355,42.585829],[-88.433293,42.585935],[-88.433114,42.58624],[-88.433096,42.586285],[-88.433028,42.586381],[-88.433013,42.586403],[-88.43299,42.586434],[-88.432939,42.586499],[-88.43292,42.586527],[-88.432906,42.586584],[-88.432899,42.586617],[-88.432881,42.586682],[-88.432862,42.586746],[-88.432849,42.586813],[-88.432841,42.586858],[-88.432833,42.586913],[-88.432828,42.586969],[-88.432823,42.587023],[-88.43282,42.587072],[-88.432823,42.587116],[-88.432831,42.587168],[-88.432826,42.587224],[-88.432815,42.587263],[-88.432799,42.587314],[-88.432791,42.587374],[-88.432791,42.587453],[-88.432826,42.587606],[-88.432843,42.587655],[-88.432868,42.587702],[-88.432897,42.587762],[-88.432917,42.5878],[-88.43295,42.58784],[-88.432951,42.587862],[-88.432971,42.587899],[-88.433019,42.587977],[-88.433075,42.588053],[-88.433125,42.588129],[-88.433177,42.588191],[-88.433225,42.588239],[-88.43326,42.588292],[-88.433322,42.588368],[-88.43336,42.588407],[-88.433451,42.588503],[-88.433514,42.588568],[-88.433663,42.588691],[-88.433723,42.588733],[-88.433757,42.588742],[-88.433799,42.588768],[-88.433833,42.588793],[-88.433905,42.588847],[-88.433965,42.588896],[-88.434014,42.588936],[-88.43407,42.588984],[-88.434132,42.589037],[-88.434193,42.589091],[-88.434225,42.58912],[-88.434337,42.58921],[-88.434386,42.589246],[-88.434454,42.589308],[-88.434494,42.589348],[-88.434542,42.589403],[-88.434581,42.589451],[-88.434628,42.589503],[-88.434685,42.589575],[-88.434733,42.589632],[-88.434758,42.589658],[-88.434799,42.589701],[-88.434832,42.58974],[-88.434895,42.589815],[-88.434929,42.58985],[-88.434942,42.589877],[-88.434983,42.589922],[-88.435007,42.589952],[-88.435007,42.589975],[-88.434994,42.590002],[-88.434976,42.590031],[-88.434954,42.590061],[-88.434957,42.590097],[-88.435001,42.59016],[-88.435011,42.590174],[-88.435046,42.590223],[-88.435144,42.590214],[-88.435234,42.59021],[-88.435346,42.590207],[-88.435426,42.590196],[-88.43553,42.590147],[-88.43548,42.59012],[-88.435633,42.589992],[-88.43567,42.589963],[-88.435748,42.590007],[-88.435802,42.589993],[-88.435907,42.589986],[-88.436058,42.589838],[-88.436178,42.58972],[-88.436086,42.589668],[-88.436103,42.589633],[-88.436613,42.589917],[-88.436563,42.58995],[-88.436414,42.58986],[-88.436274,42.589997],[-88.436213,42.590057],[-88.436416,42.590208],[-88.436719,42.590408],[-88.436974,42.590552],[-88.437419,42.590745],[-88.437566,42.590807],[-88.437656,42.590846],[-88.438036,42.590992],[-88.438439,42.591139],[-88.438633,42.591198],[-88.438785,42.591232],[-88.43883,42.591214],[-88.438903,42.591219],[-88.438979,42.591221],[-88.439003,42.591223],[-88.439066,42.591236],[-88.439122,42.59125],[-88.439175,42.591257],[-88.439248,42.591272],[-88.439323,42.591288],[-88.439391,42.591297],[-88.439485,42.591308],[-88.439549,42.591316],[-88.439647,42.591331],[-88.43971,42.591339],[-88.439795,42.591352],[-88.439878,42.591359],[-88.439951,42.591365],[-88.440029,42.59137],[-88.44011,42.591376],[-88.4402,42.591382],[-88.440264,42.59139],[-88.440321,42.591398],[-88.440372,42.591401],[-88.440425,42.591402],[-88.440464,42.591406],[-88.44052,42.591408],[-88.44061,42.591416],[-88.440682,42.591418],[-88.440737,42.591421],[-88.440781,42.591425],[-88.440842,42.591423],[-88.440913,42.591419],[-88.440984,42.591415],[-88.44106,42.59141],[-88.441142,42.591406],[-88.441186,42.591405],[-88.441268,42.591403],[-88.441355,42.591401],[-88.441418,42.591396],[-88.441474,42.591388],[-88.441546,42.591383],[-88.44161,42.591373],[-88.441675,42.591358],[-88.441715,42.591347],[-88.441761,42.591332],[-88.441779,42.591327],[-88.441801,42.591314],[-88.441822,42.591297],[-88.441856,42.591292],[-88.441995,42.591266],[-88.442182,42.591235],[-88.442198,42.591232],[-88.442378,42.591204],[-88.442434,42.591194],[-88.442449,42.591189],[-88.442469,42.591181],[-88.442501,42.591163],[-88.442525,42.591135],[-88.442556,42.591094],[-88.442596,42.591052],[-88.442659,42.590998],[-88.44272,42.590951],[-88.442793,42.590895],[-88.442829,42.590869],[-88.442877,42.590828],[-88.442929,42.590794],[-88.442964,42.590763],[-88.443021,42.590733],[-88.44306,42.590718],[-88.44307,42.590697],[-88.443088,42.590678],[-88.443127,42.590652],[-88.443154,42.590643],[-88.44317,42.590638],[-88.443218,42.590625],[-88.443273,42.590609],[-88.443339,42.590595],[-88.443373,42.590587],[-88.4434,42.590581],[-88.44346,42.590567],[-88.4435,42.590555],[-88.443528,42.59054],[-88.443567,42.590513],[-88.443615,42.590492],[-88.443651,42.590483],[-88.443695,42.590467],[-88.44375,42.590445],[-88.443795,42.590435],[-88.443836,42.590424],[-88.44389,42.590407],[-88.443927,42.5904],[-88.444008,42.590377],[-88.44407,42.590359],[-88.44413,42.590344],[-88.444183,42.59033],[-88.444247,42.590302],[-88.444327,42.590277],[-88.444386,42.590255],[-88.44443,42.590233],[-88.444499,42.590204],[-88.44453,42.590187],[-88.444572,42.590163],[-88.44464,42.590129],[-88.444714,42.590091],[-88.444765,42.590045],[-88.44481,42.590007],[-88.444872,42.589968],[-88.444967,42.589915],[-88.445002,42.589893],[-88.445032,42.589875],[-88.44506,42.589864],[-88.445102,42.589835],[-88.445125,42.58982],[-88.445168,42.589792],[-88.445213,42.589758],[-88.445226,42.589747],[-88.445415,42.5895],[-88.445427,42.589452],[-88.445529,42.589198],[-88.445748,42.588821],[-88.445849,42.588478],[-88.446021,42.588203],[-88.446266,42.587879],[-88.446489,42.587582],[-88.446787,42.587261],[-88.447041,42.587037],[-88.447501,42.586665],[-88.44771,42.58654],[-88.447879,42.586479],[-88.448018,42.586414],[-88.448335,42.586318],[-88.448446,42.586235],[-88.448484,42.586159],[-88.448501,42.586085],[-88.448624,42.586066],[-88.448703,42.586034],[-88.448742,42.586019],[-88.448855,42.585947],[-88.448971,42.585851],[-88.449089,42.585768],[-88.44925,42.585657],[-88.449386,42.585583],[-88.449506,42.585528],[-88.449606,42.585449],[-88.449666,42.585352],[-88.449745,42.585248],[-88.44986,42.585126],[-88.449985,42.584995],[-88.450119,42.584867],[-88.450219,42.584773],[-88.450306,42.584618],[-88.45032,42.584555],[-88.450321,42.5844],[-88.450314,42.584187],[-88.45032,42.584125],[-88.450336,42.584073],[-88.450468,42.584014],[-88.4506,42.58381],[-88.450648,42.583582],[-88.450665,42.583336],[-88.450684,42.583069],[-88.450697,42.582806],[-88.450709,42.582574],[-88.450706,42.582328],[-88.450758,42.582115],[-88.450964,42.581937],[-88.451188,42.581787],[-88.451374,42.58161],[-88.451694,42.581395],[-88.451955,42.581243],[-88.452084,42.581141],[-88.452216,42.581128],[-88.452289,42.581125],[-88.452453,42.581112],[-88.452758,42.581002],[-88.452857,42.580959],[-88.453629,42.580623],[-88.453642,42.580422],[-88.453794,42.580336],[-88.454208,42.580136],[-88.454414,42.580052],[-88.45482,42.579887],[-88.455214,42.579726],[-88.455717,42.579493],[-88.456249,42.579205],[-88.456293,42.579186],[-88.456445,42.579122],[-88.456752,42.578994],[-88.457727,42.578523],[-88.458141,42.578286],[-88.458821,42.577975],[-88.459293,42.577661],[-88.459544,42.577457],[-88.459751,42.577341],[-88.460135,42.577174],[-88.460638,42.576985],[-88.460649,42.576981],[-88.461172,42.576829],[-88.461853,42.576584],[-88.462149,42.576538],[-88.462214,42.576533],[-88.462329,42.576523],[-88.462676,42.576495],[-88.462792,42.576486],[-88.463782,42.576332],[-88.464494,42.576185],[-88.464642,42.576129],[-88.464787,42.576089],[-88.465294,42.57595],[-88.465376,42.575919],[-88.465797,42.575761],[-88.465833,42.575741],[-88.466033,42.575634],[-88.466301,42.57543],[-88.466475,42.575298],[-88.46663,42.575094],[-88.466716,42.574859],[-88.466729,42.574727],[-88.466822,42.57442],[-88.466878,42.574114],[-88.466915,42.574048],[-88.467003,42.573993],[-88.467233,42.573975],[-88.467293,42.57398],[-88.467338,42.574013],[-88.467354,42.574133],[-88.467268,42.574374],[-88.467298,42.574434],[-88.467432,42.57446],[-88.46764,42.574437],[-88.467729,42.57442],[-88.467795,42.574365],[-88.467808,42.574163],[-88.467904,42.574108],[-88.468617,42.574048],[-88.468697,42.574031],[-88.468943,42.573981],[-88.469654,42.573801],[-88.470157,42.573607],[-88.470334,42.573491],[-88.470437,42.573386],[-88.470613,42.573139],[-88.470781,42.572947],[-88.47104,42.572819],[-88.471218,42.572796],[-88.472065,42.57278],[-88.472942,42.572807],[-88.473077,42.572796],[-88.473477,42.572766],[-88.473715,42.572764],[-88.473971,42.572812],[-88.474206,42.572865],[-88.47437,42.57288],[-88.47538,42.572879],[-88.47557,42.572857],[-88.475796,42.572833],[-88.476198,42.57276],[-88.476419,42.57272],[-88.476627,42.572708],[-88.476812,42.572676],[-88.476894,42.572662],[-88.477072,42.572606],[-88.477219,42.572518],[-88.477344,42.572401],[-88.477432,42.57232],[-88.477623,42.572078],[-88.47777,42.571946],[-88.47791,42.571868],[-88.477945,42.571858],[-88.478029,42.571835],[-88.478075,42.571839],[-88.478154,42.571848],[-88.478367,42.57187],[-88.478559,42.57189],[-88.478647,42.5719],[-88.478803,42.571917],[-88.479079,42.571983],[-88.479116,42.571992],[-88.479177,42.571998],[-88.479666,42.572054],[-88.480143,42.572144],[-88.48029,42.572149],[-88.480376,42.572153],[-88.480619,42.572163],[-88.480676,42.572158],[-88.481354,42.572103],[-88.48142,42.572098],[-88.481717,42.572014],[-88.481894,42.57192],[-88.481982,42.57181],[-88.482025,42.571678],[-88.482052,42.571437],[-88.482147,42.571327],[-88.482258,42.571283],[-88.482495,42.571249],[-88.482698,42.571236],[-88.483268,42.5712],[-88.483535,42.571144],[-88.484135,42.57108],[-88.484306,42.571062],[-88.484485,42.571061],[-88.484768,42.571103],[-88.485364,42.571263],[-88.485509,42.571324],[-88.485742,42.571421],[-88.486403,42.571676],[-88.486889,42.571843],[-88.487095,42.571897],[-88.487486,42.572046],[-88.487683,42.572121],[-88.4882,42.572317],[-88.488564,42.572414],[-88.488868,42.572496],[-88.489035,42.572541],[-88.48944,42.572698],[-88.489661,42.572734],[-88.489869,42.572744],[-88.490229,42.572728],[-88.49033,42.572751],[-88.491045,42.572917],[-88.491266,42.573013],[-88.491464,42.5731],[-88.491898,42.573403],[-88.492064,42.573486],[-88.492332,42.573621],[-88.492362,42.573636],[-88.492675,42.573743],[-88.492943,42.573807],[-88.493192,42.573885],[-88.493421,42.573957],[-88.49348,42.573973],[-88.49352,42.573983],[-88.493641,42.574014],[-88.493682,42.574025],[-88.493876,42.574076],[-88.494032,42.574117],[-88.49447,42.574184],[-88.494508,42.57419],[-88.494667,42.57423],[-88.49498,42.574308],[-88.49506,42.574329],[-88.495941,42.574436],[-88.496087,42.574454],[-88.496261,42.574482],[-88.496478,42.574518],[-88.496694,42.574553],[-88.496753,42.574561],[-88.497166,42.574622],[-88.497977,42.574693],[-88.498543,42.574766],[-88.499094,42.574872],[-88.49928,42.574892],[-88.49957,42.574907],[-88.499748,42.574889],[-88.499863,42.574862],[-88.499896,42.574855],[-88.500132,42.574777],[-88.500238,42.574747],[-88.500319,42.574671],[-88.50046,42.574588],[-88.500667,42.574571],[-88.500701,42.574577],[-88.50095,42.574625],[-88.501329,42.574728],[-88.501583,42.574798],[-88.502282,42.574938],[-88.502795,42.574969],[-88.503245,42.575016],[-88.503797,42.575074],[-88.503889,42.575084],[-88.504014,42.575097],[-88.504296,42.575142],[-88.504483,42.575172],[-88.50513,42.575247],[-88.505477,42.575316],[-88.505695,42.57536],[-88.506023,42.575452],[-88.507363,42.575957],[-88.507586,42.576005],[-88.508285,42.576014],[-88.509192,42.576121],[-88.509757,42.576119],[-88.510083,42.57608],[-88.51017,42.576049],[-88.510499,42.575936],[-88.510617,42.575875],[-88.51078,42.57576],[-88.510972,42.575579],[-88.51112,42.575409],[-88.51126,42.575189],[-88.511411,42.575098],[-88.51146,42.575068],[-88.512527,42.574671],[-88.513079,42.574532],[-88.513152,42.574514],[-88.513595,42.574361],[-88.513951,42.574152],[-88.514428,42.573924],[-88.514988,42.573634],[-88.515506,42.573287],[-88.515787,42.573045],[-88.515935,42.572875],[-88.516096,42.572612],[-88.516289,42.572458],[-88.516496,42.572397],[-88.516734,42.572375],[-88.517239,42.572362],[-88.517679,42.572283],[-88.517892,42.572245],[-88.518426,42.572079],[-88.519068,42.57192],[-88.519178,42.571893],[-88.519223,42.571879],[-88.519252,42.571862],[-88.519274,42.571848],[-88.519308,42.571831],[-88.519344,42.57181],[-88.519345,42.571903],[-88.519355,42.572506],[-88.519359,42.572708],[-88.519359,42.573025],[-88.51936,42.573978],[-88.519361,42.574296],[-88.51933,42.574911],[-88.519239,42.576757],[-88.519209,42.577373],[-88.519208,42.577397],[-88.519196,42.577658],[-88.519158,42.578517],[-88.519146,42.578803],[-88.519154,42.579119],[-88.519155,42.579142],[-88.519155,42.58007],[-88.519155,42.580205],[-88.519174,42.580254],[-88.519193,42.580281],[-88.519277,42.580329],[-88.519267,42.580366],[-88.519239,42.580478],[-88.51923,42.580516],[-88.519229,42.580539],[-88.519221,42.580689],[-88.519221,42.580762],[-88.519221,42.580977],[-88.519221,42.58129],[-88.519234,42.582361],[-88.51924,42.582823],[-88.518481,42.582834],[-88.516205,42.582867],[-88.515447,42.582879],[-88.514706,42.58289],[-88.513683,42.582904],[-88.512484,42.582922],[-88.511744,42.582934],[-88.511728,42.582934],[-88.51168,42.582934],[-88.511665,42.582935],[-88.511106,42.582944],[-88.509432,42.582973],[-88.508874,42.582983],[-88.506407,42.582962],[-88.504887,42.58292],[-88.504314,42.582898],[-88.501923,42.58281],[-88.501923,42.582908],[-88.50193,42.584277],[-88.501953,42.588678],[-88.501961,42.590146],[-88.501963,42.590356],[-88.501971,42.590988],[-88.501974,42.591199],[-88.502032,42.591328],[-88.502207,42.591717],[-88.502266,42.591847],[-88.50206,42.591968],[-88.501705,42.592259],[-88.501246,42.592551],[-88.500521,42.593199],[-88.50014,42.593519],[-88.499732,42.593784],[-88.499474,42.593977],[-88.499171,42.594116],[-88.498882,42.5942],[-88.498516,42.594259],[-88.498192,42.594313],[-88.497866,42.594441],[-88.497512,42.59463],[-88.497017,42.594944],[-88.496625,42.595117],[-88.49633,42.595283],[-88.49622,42.595365],[-88.495896,42.595685],[-88.495042,42.596412],[-88.494736,42.596632],[-88.494696,42.596655],[-88.494648,42.596662],[-88.494622,42.596666],[-88.4946,42.596699],[-88.494326,42.59681],[-88.494119,42.596877],[-88.493911,42.596917],[-88.493673,42.596897],[-88.493403,42.596751],[-88.493314,42.596718],[-88.493165,42.596703],[-88.492957,42.596721],[-88.49272,42.596766],[-88.492364,42.596872],[-88.492037,42.596869],[-88.4918,42.596936],[-88.491445,42.597097],[-88.490941,42.597281],[-88.490328,42.597624],[-88.490143,42.597701],[-88.489736,42.597791],[-88.489587,42.597803],[-88.489342,42.597794],[-88.488925,42.59772],[-88.488717,42.597732],[-88.488598,42.597777],[-88.488465,42.597871],[-88.488414,42.597953],[-88.48826,42.598085],[-88.487742,42.598346],[-88.487224,42.598551],[-88.486483,42.598709],[-88.486282,42.598806],[-88.486039,42.598925],[-88.485781,42.599075],[-88.484707,42.599442],[-88.484448,42.599586],[-88.484352,42.599614],[-88.484311,42.599599],[-88.484233,42.599631],[-88.484114,42.599621],[-88.483696,42.599471],[-88.483487,42.599417],[-88.483309,42.599391],[-88.483101,42.599398],[-88.482982,42.59942],[-88.482716,42.599532],[-88.482426,42.599577],[-88.482312,42.599579],[-88.482,42.599586],[-88.481646,42.599593],[-88.48147,42.59962],[-88.481356,42.599639],[-88.481141,42.599651],[-88.480696,42.59973],[-88.480466,42.599825],[-88.480335,42.600017],[-88.480157,42.600114],[-88.480002,42.60015],[-88.479676,42.600262],[-88.479476,42.600372],[-88.478946,42.600802],[-88.478762,42.600978],[-88.478608,42.601176],[-88.478557,42.60122],[-88.478467,42.601255],[-88.478431,42.60127],[-88.478417,42.601353],[-88.47838,42.601396],[-88.478314,42.601424],[-88.478113,42.601453],[-88.477699,42.601609],[-88.47745,42.601607],[-88.477016,42.601668],[-88.476511,42.601805],[-88.47509,42.602264],[-88.474831,42.602397],[-88.474159,42.602882],[-88.474052,42.602941],[-88.473892,42.602955],[-88.473684,42.602929],[-88.473328,42.603013],[-88.473238,42.603002],[-88.473089,42.602943],[-88.472924,42.602807],[-88.47282,42.602764],[-88.472671,42.602745],[-88.472523,42.602779],[-88.472136,42.602759],[-88.471988,42.602793],[-88.471847,42.60287],[-88.471435,42.603185],[-88.471375,42.603207],[-88.471264,42.603208],[-88.471182,42.60323],[-88.471161,42.603323],[-88.470977,42.603466],[-88.470926,42.603554],[-88.470896,42.603571],[-88.470688,42.603572],[-88.470606,42.603595],[-88.470585,42.603622],[-88.470585,42.603709],[-88.470623,42.603742],[-88.47072,42.603796],[-88.470914,42.603839],[-88.470989,42.603893],[-88.470982,42.603959],[-88.470938,42.603997],[-88.470619,42.60407],[-88.470479,42.604148],[-88.470353,42.604192],[-88.470115,42.604205],[-88.469856,42.604261],[-88.469672,42.60426],[-88.469392,42.604239],[-88.469042,42.604142],[-88.468863,42.604121],[-88.468299,42.604206],[-88.46817,42.604286],[-88.468122,42.604317],[-88.467803,42.604433],[-88.467379,42.604506],[-88.46719,42.604535],[-88.466983,42.604629],[-88.466893,42.604629],[-88.466834,42.604602],[-88.466766,42.604526],[-88.466594,42.6045],[-88.466446,42.60455],[-88.466188,42.604699],[-88.466032,42.604755],[-88.465439,42.604857],[-88.464907,42.604987],[-88.464845,42.605003],[-88.464786,42.605009],[-88.464607,42.604977],[-88.464281,42.60504],[-88.464221,42.605051],[-88.463924,42.605031],[-88.463857,42.605075],[-88.463873,42.605107],[-88.463918,42.605135],[-88.464044,42.60515],[-88.464164,42.605204],[-88.464194,42.605226],[-88.464202,42.605269],[-88.46418,42.605308],[-88.464113,42.605341],[-88.463765,42.605414],[-88.463498,42.605493],[-88.463061,42.605659],[-88.462638,42.605695],[-88.462609,42.605698],[-88.462103,42.605769],[-88.461925,42.605765],[-88.461567,42.605685],[-88.4613,42.60573],[-88.461002,42.605716],[-88.460794,42.605744],[-88.460348,42.605769],[-88.459875,42.605963],[-88.459608,42.606009],[-88.459386,42.606136],[-88.459312,42.606142],[-88.459163,42.60611],[-88.459118,42.606138],[-88.458986,42.606297],[-88.458816,42.606358],[-88.458757,42.606441],[-88.458798,42.606768],[-88.458771,42.607644],[-88.458896,42.608201],[-88.45904,42.608484],[-88.459903,42.609637],[-88.460912,42.610983],[-88.461041,42.611184],[-88.46132,42.611533],[-88.461369,42.6117],[-88.462373,42.612447],[-88.462569,42.61272],[-88.462771,42.612839],[-88.462848,42.613112],[-88.46293,42.613178],[-88.46305,42.613232],[-88.463139,42.613248],[-88.463526,42.613224],[-88.463653,42.613278],[-88.463705,42.613338],[-88.463825,42.613403],[-88.463914,42.613418],[-88.46439,42.613383],[-88.464509,42.613415],[-88.464629,42.613475],[-88.464748,42.613501],[-88.464955,42.613429],[-88.465439,42.61341],[-88.465713,42.613321],[-88.46643,42.612896],[-88.466607,42.612763],[-88.466703,42.612653],[-88.466732,42.612588],[-88.466714,42.612358],[-88.466625,42.612293],[-88.46655,42.612277],[-88.466431,42.612294],[-88.46635,42.612338],[-88.466062,42.61258],[-88.4659,42.612663],[-88.465494,42.612977],[-88.465279,42.613094],[-88.465094,42.61316],[-88.464938,42.613161],[-88.464759,42.613129],[-88.46458,42.61307],[-88.464251,42.612897],[-88.464042,42.612821],[-88.463743,42.612659],[-88.463563,42.612463],[-88.463553,42.612266],[-88.463589,42.612134],[-88.4637,42.612002],[-88.46381,42.61192],[-88.464224,42.611671],[-88.464342,42.611539],[-88.464349,42.611506],[-88.464467,42.611424],[-88.464519,42.611412],[-88.464727,42.611422],[-88.465115,42.611551],[-88.465234,42.611562],[-88.465591,42.611549],[-88.46562,42.611545],[-88.465769,42.611526],[-88.465977,42.61147],[-88.466273,42.61131],[-88.466383,42.611205],[-88.466449,42.611101],[-88.466471,42.611013],[-88.466537,42.610925],[-88.466684,42.610809],[-88.466736,42.610738],[-88.466704,42.610596],[-88.466629,42.610465],[-88.466665,42.610377],[-88.466739,42.610317],[-88.466843,42.610283],[-88.46708,42.610271],[-88.467229,42.610243],[-88.467281,42.610204],[-88.467383,42.610034],[-88.467464,42.610001],[-88.467643,42.609983],[-88.467791,42.609906],[-88.467842,42.609823],[-88.467848,42.609736],[-88.467795,42.609649],[-88.467713,42.609589],[-88.467713,42.60954],[-88.467749,42.609496],[-88.467801,42.609473],[-88.46792,42.609462],[-88.468068,42.609379],[-88.468187,42.609384],[-88.468336,42.609432],[-88.468425,42.609421],[-88.468603,42.60931],[-88.468654,42.609244],[-88.468697,42.609124],[-88.468808,42.609079],[-88.469136,42.609077],[-88.469403,42.609043],[-88.469759,42.608965],[-88.469848,42.608964],[-88.470027,42.609023],[-88.470685,42.609342],[-88.470931,42.609483],[-88.471043,42.609505],[-88.471459,42.60948],[-88.471875,42.609407],[-88.472112,42.609324],[-88.472794,42.609145],[-88.47318,42.609071],[-88.473241,42.609037],[-88.473269,42.609022],[-88.473453,42.608813],[-88.473889,42.608558],[-88.474346,42.608222],[-88.474516,42.608046],[-88.474551,42.607903],[-88.47452,42.607772],[-88.474235,42.607489],[-88.474038,42.607118],[-88.473625,42.606705],[-88.473496,42.606487],[-88.473435,42.606334],[-88.473491,42.605961],[-88.473852,42.605598],[-88.473933,42.605576],[-88.473993,42.605581],[-88.474127,42.605629],[-88.474367,42.605781],[-88.474472,42.605901],[-88.474606,42.605966],[-88.474733,42.605993],[-88.474934,42.606002],[-88.475037,42.605942],[-88.475043,42.60581],[-88.475139,42.605755],[-88.475183,42.605684],[-88.475168,42.605591],[-88.475048,42.605515],[-88.475084,42.605416],[-88.475136,42.605378],[-88.475269,42.605333],[-88.475626,42.605298],[-88.475833,42.605253],[-88.476012,42.605252],[-88.476086,42.605285],[-88.476102,42.605378],[-88.47614,42.605443],[-88.476185,42.605476],[-88.476282,42.605502],[-88.476401,42.605502],[-88.476608,42.605424],[-88.476716,42.60541],[-88.476786,42.605401],[-88.477114,42.605421],[-88.477471,42.605496],[-88.477679,42.605495],[-88.478184,42.605371],[-88.478303,42.605409],[-88.478333,42.605447],[-88.478334,42.605518],[-88.478379,42.605556],[-88.478543,42.605566],[-88.478958,42.605422],[-88.479284,42.605376],[-88.4797,42.605363],[-88.480285,42.605431],[-88.481,42.605547],[-88.481328,42.605643],[-88.481483,42.60567],[-88.481626,42.605696],[-88.481954,42.605727],[-88.48214,42.605726],[-88.482383,42.605697],[-88.482637,42.605668],[-88.482876,42.605699],[-88.483174,42.605812],[-88.483564,42.606045],[-88.483713,42.606088],[-88.483862,42.606103],[-88.48401,42.606097],[-88.484366,42.606018],[-88.485047,42.60574],[-88.485759,42.605604],[-88.485968,42.605625],[-88.486236,42.605711],[-88.486447,42.60576],[-88.487829,42.605886],[-88.488632,42.605854],[-88.489293,42.60579],[-88.489612,42.605733],[-88.490205,42.605543],[-88.490472,42.605487],[-88.491453,42.605464],[-88.492197,42.605514],[-88.492501,42.605485],[-88.49282,42.605428],[-88.494065,42.605081],[-88.494399,42.605035],[-88.494778,42.604956],[-88.4954,42.604733],[-88.495882,42.604664],[-88.496075,42.604614],[-88.496289,42.604509],[-88.496415,42.60442],[-88.496782,42.604087],[-88.496804,42.604068],[-88.496893,42.604051],[-88.497102,42.604071],[-88.49728,42.604021],[-88.497516,42.603899],[-88.498011,42.603584],[-88.498284,42.603468],[-88.49861,42.603296],[-88.499468,42.602968],[-88.499763,42.602742],[-88.500129,42.602541],[-88.500559,42.602412],[-88.500766,42.602329],[-88.501063,42.602175],[-88.501538,42.602053],[-88.502131,42.601821],[-88.502369,42.601766],[-88.502874,42.601704],[-88.50332,42.601609],[-88.504209,42.601174],[-88.504861,42.600762],[-88.505083,42.600597],[-88.505342,42.60036],[-88.505681,42.599943],[-88.505747,42.599795],[-88.505747,42.599686],[-88.505694,42.59962],[-88.505664,42.599604],[-88.50562,42.59961],[-88.505546,42.599687],[-88.505457,42.599725],[-88.505375,42.599709],[-88.50527,42.599589],[-88.505255,42.599479],[-88.505299,42.599392],[-88.50538,42.599304],[-88.505729,42.59916],[-88.505848,42.599133],[-88.506085,42.599099],[-88.506472,42.599076],[-88.506739,42.59902],[-88.507022,42.598932],[-88.507273,42.598849],[-88.50751,42.598728],[-88.507837,42.598628],[-88.507955,42.598573],[-88.508019,42.598537],[-88.508104,42.598491],[-88.50837,42.598287],[-88.508518,42.598221],[-88.509291,42.598093],[-88.510211,42.59786],[-88.510746,42.597765],[-88.511092,42.597666],[-88.511132,42.597655],[-88.511324,42.597561],[-88.511524,42.59733],[-88.511679,42.597215],[-88.511887,42.597132],[-88.511985,42.597113],[-88.513975,42.597861],[-88.516845,42.598941],[-88.519601,42.59884],[-88.520156,42.598819],[-88.520941,42.59879],[-88.522282,42.598741],[-88.522877,42.598669],[-88.523829,42.598681],[-88.524225,42.598687],[-88.523311,42.602847],[-88.522979,42.604363],[-88.522937,42.604839],[-88.523218,42.604838],[-88.525495,42.604837],[-88.526254,42.604837],[-88.52784,42.604823],[-88.530233,42.604802],[-88.530278,42.606046],[-88.530427,42.607158],[-88.530638,42.608731],[-88.530691,42.609451],[-88.530755,42.610317],[-88.530851,42.611611],[-88.530905,42.612331]]]}},{"type":"Feature","properties":{"STATEFP":"55","SCSDLEA":"15480","GEOID":"5515480","GEOIDFQ":"9600000US5515480","NAME":"Big Foot Union High School District","LSAD":"00","LOGRADE":"09","HIGRADE":"12","MTFCC":"G5410","SDTYP":"","FUNCSTAT":"E","ALAND":190232867,"AWATER":1146937,"INTPTLAT":"+42.5292539","INTPTLON":"-088.6305416"},"geometry":{"type":"Polygon","coordinates":[[[-88.776595,42.556451],[-88.776585,42.557552],[-88.775821,42.557563],[-88.77353,42.557598],[-88.772877,42.557609],[-88.772767,42.557611],[-88.77268,42.55761],[-88.771176,42.557601],[-88.770548,42.557598],[-88.77093,42.561724],[-88.77107,42.563222],[-88.771078,42.563308],[-88.771071,42.563376],[-88.771055,42.563515],[-88.770989,42.564138],[-88.770984,42.564186],[-88.770975,42.564266],[-88.770967,42.564346],[-88.770977,42.564436],[-88.770987,42.564527],[-88.77105,42.565073],[-88.771072,42.565255],[-88.76942,42.565257],[-88.764464,42.565263],[-88.762882,42.565265],[-88.762813,42.565265],[-88.762714,42.565266],[-88.762618,42.565267],[-88.762279,42.565271],[-88.762036,42.565273],[-88.761843,42.565276],[-88.758888,42.565279],[-88.750025,42.56529],[-88.747071,42.565295],[-88.743362,42.565307],[-88.73499,42.565336],[-88.735114,42.562584],[-88.735191,42.560883],[-88.733187,42.560815],[-88.732868,42.560803],[-88.73284,42.559476],[-88.732815,42.558244],[-88.729109,42.558248],[-88.727464,42.55825],[-88.727464,42.558123],[-88.727464,42.557832],[-88.727464,42.557745],[-88.727464,42.557619],[-88.727462,42.556586],[-88.727456,42.553489],[-88.727454,42.552457],[-88.727453,42.552195],[-88.727452,42.55141],[-88.727452,42.551149],[-88.727452,42.55055],[-88.727453,42.548756],[-88.727454,42.548159],[-88.727454,42.547424],[-88.727456,42.545222],[-88.727457,42.544489],[-88.724879,42.544491],[-88.717147,42.544501],[-88.71457,42.544505],[-88.713226,42.544507],[-88.709197,42.544515],[-88.707855,42.544518],[-88.707862,42.545527],[-88.707886,42.548554],[-88.707895,42.549564],[-88.707305,42.549584],[-88.705539,42.549646],[-88.70495,42.549667],[-88.704219,42.549152],[-88.703864,42.5489],[-88.700615,42.546592],[-88.699533,42.545823],[-88.698172,42.54579],[-88.697555,42.545776],[-88.697641,42.54924],[-88.697675,42.550601],[-88.697664,42.552009],[-88.694432,42.551958],[-88.691228,42.551909],[-88.691204,42.549714],[-88.691179,42.547467],[-88.688752,42.547387],[-88.688822,42.549929],[-88.688857,42.551229],[-88.688904,42.552898],[-88.688987,42.555867],[-88.689038,42.55785],[-88.689194,42.5638],[-88.689247,42.565784],[-88.68925,42.565894],[-88.688966,42.565892],[-88.687784,42.565888],[-88.68739,42.565887],[-88.685559,42.56588],[-88.680068,42.565862],[-88.678238,42.565856],[-88.678242,42.56534],[-88.678256,42.563793],[-88.678261,42.563278],[-88.678264,42.562859],[-88.678276,42.561605],[-88.67828,42.561187],[-88.676973,42.560765],[-88.673055,42.559499],[-88.671749,42.559078],[-88.671449,42.559081],[-88.670552,42.559091],[-88.670253,42.559095],[-88.669358,42.559099],[-88.667117,42.559111],[-88.667064,42.558672],[-88.666957,42.557784],[-88.666898,42.55774],[-88.666812,42.557676],[-88.66677,42.557571],[-88.66676,42.557544],[-88.666768,42.557501],[-88.665423,42.55707],[-88.661389,42.55578],[-88.660045,42.55535],[-88.66008,42.556895],[-88.660185,42.561414],[-88.660068,42.561409],[-88.658391,42.561361],[-88.658392,42.55842],[-88.658392,42.557502],[-88.657548,42.557501],[-88.654602,42.557473],[-88.65362,42.557464],[-88.653606,42.55849],[-88.6536,42.558933],[-88.653544,42.563342],[-88.653526,42.564812],[-88.653475,42.566559],[-88.653407,42.568922],[-88.650798,42.568886],[-88.650656,42.568887],[-88.650514,42.568888],[-88.649646,42.568873],[-88.648779,42.568858],[-88.648782,42.569037],[-88.648791,42.569575],[-88.648794,42.569755],[-88.648806,42.570482],[-88.648811,42.570799],[-88.648819,42.57121],[-88.64884,42.572489],[-88.648859,42.573605],[-88.648864,42.573934],[-88.648882,42.57498],[-88.648899,42.576444],[-88.648903,42.576716],[-88.648951,42.580836],[-88.648955,42.581117],[-88.648977,42.581559],[-88.649039,42.582298],[-88.648876,42.582298],[-88.648386,42.582301],[-88.648224,42.582302],[-88.648011,42.582303],[-88.647372,42.582306],[-88.647159,42.582307],[-88.646949,42.582307],[-88.646321,42.582311],[-88.646112,42.582312],[-88.645902,42.582313],[-88.645274,42.582315],[-88.645065,42.582317],[-88.644843,42.582317],[-88.644177,42.582321],[-88.643956,42.582323],[-88.643737,42.582323],[-88.643083,42.582327],[-88.642865,42.582328],[-88.64266,42.582328],[-88.642047,42.582332],[-88.641843,42.582333],[-88.641666,42.582333],[-88.641136,42.582337],[-88.64096,42.582338],[-88.640928,42.582338],[-88.640833,42.582338],[-88.640802,42.582339],[-88.639768,42.582344],[-88.638753,42.582349],[-88.638709,42.582362],[-88.638696,42.582365],[-88.638678,42.58235],[-88.637907,42.582362],[-88.637301,42.582367],[-88.637243,42.582367],[-88.637072,42.582368],[-88.637015,42.582369],[-88.636998,42.58255],[-88.636949,42.583096],[-88.636933,42.583278],[-88.636939,42.583347],[-88.63696,42.583556],[-88.636967,42.583626],[-88.637008,42.590524],[-88.634424,42.589047],[-88.632648,42.588031],[-88.629357,42.589895],[-88.619055,42.59573],[-88.618457,42.596079],[-88.615029,42.592251],[-88.614911,42.59213],[-88.614557,42.59177],[-88.61444,42.591651],[-88.614582,42.591631],[-88.614652,42.591605],[-88.614714,42.591576],[-88.614756,42.591526],[-88.614777,42.591464],[-88.614766,42.591394],[-88.613958,42.590531],[-88.613673,42.590227],[-88.613529,42.590298],[-88.613097,42.590513],[-88.612954,42.590585],[-88.612863,42.59063],[-88.61259,42.590765],[-88.6125,42.590811],[-88.612314,42.590902],[-88.612296,42.590912],[-88.612092,42.591014],[-88.611865,42.591127],[-88.611757,42.59118],[-88.611638,42.59124],[-88.611572,42.591273],[-88.611254,42.591431],[-88.611176,42.591469],[-88.610936,42.591589],[-88.6104,42.591855],[-88.609989,42.592061],[-88.609594,42.59226],[-88.609588,42.590295],[-88.60957,42.5844],[-88.60957,42.582467],[-88.604751,42.582512],[-88.602879,42.582529],[-88.600606,42.582549],[-88.599531,42.582562],[-88.59688,42.582584],[-88.592734,42.582621],[-88.590211,42.582644],[-88.582024,42.5827],[-88.580233,42.582712],[-88.575957,42.582737],[-88.57054,42.582774],[-88.57054,42.582873],[-88.57054,42.583031],[-88.57054,42.583115],[-88.57054,42.584878],[-88.570541,42.586508],[-88.570269,42.586507],[-88.566878,42.586497],[-88.565359,42.586492],[-88.565115,42.586492],[-88.564202,42.586489],[-88.561464,42.586482],[-88.560552,42.58648],[-88.560553,42.585835],[-88.560555,42.585066],[-88.560557,42.583903],[-88.560559,42.58326],[-88.560559,42.583188],[-88.560559,42.583099],[-88.560559,42.582975],[-88.56056,42.582921],[-88.56066,42.582921],[-88.561896,42.582895],[-88.565603,42.582818],[-88.566599,42.582798],[-88.566712,42.582795],[-88.566719,42.582582],[-88.566721,42.582498],[-88.566721,42.582403],[-88.566723,42.582312],[-88.56673,42.582021],[-88.566735,42.581752],[-88.566745,42.581213],[-88.566754,42.580674],[-88.566759,42.580404],[-88.566769,42.579866],[-88.566772,42.579848],[-88.566782,42.579203],[-88.566782,42.579191],[-88.566826,42.579191],[-88.566825,42.579173],[-88.56673,42.577969],[-88.56673,42.577734],[-88.570332,42.577703],[-88.570382,42.577703],[-88.570381,42.577792],[-88.570381,42.578173],[-88.570381,42.578244],[-88.570419,42.578244],[-88.571098,42.578242],[-88.572943,42.578237],[-88.578479,42.578223],[-88.580325,42.578219],[-88.580337,42.577488],[-88.580377,42.575298],[-88.580391,42.574568],[-88.578322,42.574556],[-88.577894,42.574554],[-88.573097,42.574578],[-88.572116,42.574584],[-88.570048,42.574598],[-88.57005,42.572617],[-88.570056,42.567427],[-88.570058,42.566675],[-88.570061,42.564695],[-88.57006,42.564664],[-88.570057,42.564572],[-88.570057,42.564542],[-88.570056,42.564273],[-88.570053,42.563468],[-88.570052,42.563302],[-88.569939,42.563254],[-88.566737,42.561897],[-88.566659,42.561863],[-88.566539,42.561955],[-88.565968,42.562398],[-88.565778,42.562546],[-88.565706,42.5626],[-88.565492,42.562765],[-88.565421,42.56282],[-88.565221,42.562964],[-88.564622,42.5634],[-88.564423,42.563546],[-88.56438,42.563602],[-88.564293,42.563717],[-88.564229,42.563738],[-88.564163,42.563761],[-88.563947,42.563954],[-88.563299,42.564534],[-88.56321,42.564614],[-88.563002,42.564587],[-88.562928,42.564578],[-88.562818,42.564506],[-88.562761,42.564435],[-88.562752,42.564317],[-88.56277,42.564183],[-88.562335,42.564102],[-88.561855,42.563462],[-88.561696,42.563249],[-88.56176,42.5632],[-88.561988,42.562952],[-88.562143,42.56282],[-88.562316,42.562723],[-88.562735,42.56249],[-88.562972,42.56233],[-88.563445,42.561912],[-88.563682,42.561786],[-88.56386,42.561719],[-88.564333,42.56146],[-88.564394,42.561434],[-88.564837,42.561256],[-88.564993,42.561168],[-88.565026,42.561149],[-88.565094,42.561185],[-88.565162,42.561214],[-88.565241,42.561134],[-88.565307,42.561092],[-88.565364,42.561054],[-88.565422,42.561016],[-88.565486,42.56096],[-88.565515,42.560926],[-88.565535,42.560903],[-88.565559,42.560873],[-88.565582,42.560831],[-88.565598,42.560784],[-88.565605,42.56076],[-88.565613,42.560727],[-88.565625,42.560673],[-88.56564,42.56063],[-88.565653,42.560609],[-88.565656,42.560595],[-88.565663,42.560539],[-88.565667,42.560486],[-88.565672,42.560338],[-88.565674,42.560079],[-88.565674,42.560068],[-88.565692,42.559971],[-88.565716,42.559841],[-88.565721,42.559816],[-88.565725,42.559783],[-88.565726,42.559725],[-88.565724,42.559707],[-88.565714,42.559682],[-88.565697,42.559649],[-88.565672,42.559629],[-88.565629,42.559601],[-88.565561,42.559564],[-88.565607,42.559487],[-88.56562,42.55947],[-88.565641,42.559454],[-88.565567,42.559403],[-88.565593,42.559401],[-88.565614,42.559392],[-88.565638,42.559385],[-88.565666,42.559379],[-88.565713,42.559389],[-88.565741,42.5594],[-88.565758,42.559405],[-88.565787,42.559395],[-88.565834,42.55938],[-88.565864,42.559372],[-88.565908,42.559361],[-88.565955,42.55935],[-88.566015,42.559338],[-88.56611,42.55932],[-88.566207,42.559238],[-88.566343,42.559126],[-88.566379,42.559096],[-88.566438,42.559045],[-88.566475,42.559013],[-88.566546,42.558955],[-88.566612,42.558911],[-88.566666,42.558874],[-88.566696,42.558857],[-88.566734,42.558836],[-88.566853,42.558768],[-88.566942,42.558725],[-88.567002,42.558693],[-88.567041,42.55868],[-88.567098,42.558653],[-88.567129,42.558638],[-88.567227,42.5586],[-88.567312,42.558572],[-88.567405,42.558544],[-88.567454,42.55853],[-88.567496,42.558518],[-88.56764,42.558483],[-88.567728,42.558465],[-88.567776,42.558457],[-88.567827,42.558449],[-88.567888,42.558449],[-88.567941,42.558454],[-88.567977,42.558455],[-88.568163,42.558433],[-88.568205,42.558427],[-88.568246,42.55842],[-88.568313,42.558409],[-88.568361,42.558396],[-88.568377,42.558391],[-88.568461,42.558364],[-88.568519,42.558337],[-88.568587,42.558295],[-88.568653,42.558246],[-88.568703,42.558204],[-88.568764,42.558145],[-88.568822,42.558085],[-88.568881,42.558022],[-88.568974,42.557937],[-88.569108,42.557841],[-88.569192,42.557745],[-88.569277,42.557647],[-88.569395,42.557512],[-88.56949,42.55732],[-88.569495,42.557308],[-88.569547,42.557232],[-88.569591,42.557158],[-88.569624,42.55711],[-88.569641,42.557082],[-88.569651,42.556988],[-88.569659,42.55697],[-88.56969,42.556945],[-88.569709,42.556918],[-88.569734,42.556864],[-88.569761,42.556793],[-88.569779,42.556747],[-88.569806,42.556676],[-88.569844,42.55659],[-88.569879,42.556505],[-88.569908,42.556431],[-88.56995,42.556351],[-88.56997,42.556317],[-88.570004,42.55626],[-88.570057,42.556186],[-88.570108,42.556117],[-88.570175,42.556008],[-88.570275,42.555868],[-88.570367,42.555719],[-88.570401,42.555662],[-88.570489,42.555522],[-88.570563,42.555398],[-88.570605,42.555311],[-88.570641,42.555239],[-88.570686,42.555141],[-88.57072,42.555018],[-88.570768,42.554894],[-88.57082,42.554727],[-88.570893,42.554505],[-88.570914,42.554437],[-88.570948,42.554319],[-88.570981,42.554243],[-88.57103,42.554148],[-88.571069,42.554071],[-88.571147,42.553946],[-88.571255,42.553786],[-88.571482,42.553456],[-88.571656,42.553231],[-88.571786,42.553056],[-88.571882,42.552917],[-88.571974,42.552833],[-88.572046,42.552746],[-88.57214,42.552611],[-88.5722,42.552523],[-88.572245,42.552463],[-88.57229,42.552386],[-88.572345,42.552249],[-88.572364,42.552193],[-88.572381,42.552094],[-88.5724,42.551992],[-88.572401,42.551941],[-88.572406,42.551885],[-88.572401,42.551816],[-88.572413,42.551773],[-88.57242,42.551745],[-88.572422,42.551728],[-88.572437,42.551647],[-88.572467,42.55155],[-88.572466,42.551339],[-88.572465,42.551284],[-88.572494,42.551227],[-88.572542,42.551157],[-88.572569,42.551122],[-88.572585,42.551067],[-88.572612,42.550994],[-88.57263,42.550934],[-88.57264,42.550864],[-88.572639,42.550847],[-88.572637,42.550819],[-88.572625,42.550757],[-88.572604,42.550664],[-88.572587,42.550596],[-88.572575,42.550561],[-88.572569,42.550514],[-88.572555,42.550452],[-88.572512,42.550333],[-88.572487,42.550192],[-88.57226,42.549558],[-88.57208,42.549252],[-88.571854,42.548793],[-88.571657,42.548313],[-88.571401,42.547832],[-88.571133,42.547374],[-88.571056,42.547242],[-88.570606,42.546609],[-88.570575,42.546521],[-88.570411,42.546282],[-88.570386,42.546252],[-88.570354,42.546212],[-88.570325,42.546172],[-88.570296,42.546154],[-88.570278,42.546131],[-88.57025,42.546095],[-88.570211,42.546056],[-88.5702,42.546046],[-88.570155,42.546003],[-88.570133,42.54599],[-88.570094,42.545967],[-88.570064,42.545938],[-88.570028,42.545897],[-88.56995,42.54583],[-88.569895,42.54579],[-88.569825,42.545744],[-88.569765,42.545702],[-88.56971,42.545665],[-88.569644,42.545636],[-88.569589,42.545614],[-88.569518,42.545586],[-88.569459,42.545566],[-88.569378,42.545541],[-88.569311,42.54552],[-88.569222,42.5455],[-88.569142,42.545494],[-88.569053,42.545487],[-88.569004,42.545483],[-88.568952,42.545476],[-88.568891,42.545468],[-88.568834,42.545464],[-88.568774,42.545462],[-88.568702,42.545462],[-88.568609,42.545464],[-88.568527,42.545465],[-88.568453,42.545468],[-88.568387,42.545466],[-88.568343,42.545469],[-88.568258,42.545475],[-88.568189,42.545483],[-88.568138,42.545491],[-88.568091,42.545499],[-88.568051,42.545513],[-88.568002,42.545524],[-88.56795,42.545533],[-88.567905,42.545536],[-88.56784,42.545534],[-88.567766,42.545533],[-88.567691,42.54553],[-88.567633,42.545533],[-88.5676,42.54554],[-88.567567,42.545556],[-88.567541,42.545571],[-88.567517,42.545584],[-88.567459,42.545605],[-88.567401,42.545606],[-88.567325,42.545589],[-88.567245,42.545592],[-88.567166,42.545595],[-88.567099,42.545595],[-88.567039,42.545598],[-88.566972,42.545601],[-88.566874,42.545604],[-88.566817,42.54561],[-88.566722,42.545621],[-88.566679,42.545625],[-88.566647,42.545624],[-88.566589,42.545614],[-88.566547,42.545611],[-88.566499,42.545613],[-88.566438,42.545613],[-88.566383,42.545599],[-88.566325,42.545588],[-88.566264,42.545586],[-88.566211,42.545583],[-88.566141,42.545573],[-88.566073,42.545567],[-88.566005,42.545569],[-88.565947,42.545564],[-88.565887,42.545565],[-88.565833,42.545566],[-88.565793,42.545559],[-88.56572,42.545554],[-88.565665,42.54555],[-88.565619,42.545544],[-88.565567,42.545547],[-88.56549,42.545551],[-88.565411,42.545561],[-88.565357,42.545571],[-88.565315,42.545577],[-88.565276,42.545597],[-88.565211,42.54563],[-88.565163,42.545651],[-88.565099,42.545683],[-88.565042,42.545718],[-88.565015,42.545735],[-88.564979,42.545757],[-88.564945,42.545787],[-88.56492,42.545814],[-88.564874,42.545853],[-88.564826,42.545885],[-88.564748,42.545924],[-88.564716,42.545942],[-88.564653,42.54597],[-88.564623,42.545982],[-88.5646,42.546004],[-88.564564,42.546036],[-88.564534,42.546063],[-88.564514,42.546085],[-88.564496,42.5461],[-88.56446,42.546118],[-88.564431,42.546124],[-88.564277,42.546209],[-88.564152,42.546279],[-88.564039,42.546346],[-88.563916,42.546399],[-88.56388,42.54641],[-88.563843,42.54642],[-88.563773,42.546438],[-88.563731,42.546445],[-88.563677,42.546451],[-88.563643,42.546454],[-88.563587,42.546456],[-88.563536,42.546456],[-88.563461,42.546462],[-88.563288,42.546468],[-88.563154,42.546476],[-88.563061,42.546486],[-88.562931,42.546491],[-88.562848,42.546494],[-88.562784,42.546488],[-88.562719,42.546488],[-88.562649,42.546492],[-88.562609,42.546504],[-88.562556,42.546515],[-88.56251,42.546524],[-88.562445,42.546533],[-88.562385,42.54654],[-88.562344,42.546543],[-88.562292,42.546534],[-88.562236,42.54652],[-88.562189,42.546524],[-88.562127,42.546524],[-88.562065,42.54653],[-88.562023,42.546538],[-88.561987,42.546544],[-88.561924,42.546555],[-88.561867,42.54657],[-88.561801,42.546583],[-88.56175,42.546591],[-88.561688,42.546602],[-88.561615,42.546612],[-88.561557,42.546616],[-88.561501,42.546624],[-88.561455,42.546634],[-88.561412,42.54664],[-88.561365,42.546636],[-88.561297,42.546629],[-88.561244,42.546624],[-88.561193,42.546617],[-88.561149,42.546609],[-88.561105,42.546596],[-88.561031,42.546578],[-88.560986,42.546564],[-88.560939,42.546544],[-88.560891,42.546529],[-88.560846,42.546519],[-88.560752,42.546497],[-88.560726,42.546495],[-88.560681,42.546498],[-88.560651,42.546494],[-88.560568,42.546484],[-88.560448,42.546468],[-88.560366,42.546458],[-88.560327,42.546458],[-88.560263,42.546457],[-88.560126,42.54645],[-88.560079,42.546441],[-88.560034,42.546435],[-88.559991,42.546432],[-88.559939,42.546425],[-88.559854,42.546415],[-88.559801,42.546413],[-88.559749,42.54641],[-88.559692,42.546403],[-88.559619,42.546414],[-88.559596,42.546409],[-88.55958,42.546394],[-88.55949,42.5464],[-88.55948,42.546419],[-88.559449,42.546421],[-88.559349,42.546425],[-88.559281,42.54643],[-88.559225,42.546437],[-88.559163,42.546449],[-88.559088,42.546468],[-88.558978,42.546483],[-88.558951,42.546493],[-88.5589,42.546505],[-88.558845,42.54652],[-88.558802,42.546531],[-88.55869,42.546586],[-88.558598,42.546618],[-88.558451,42.546668],[-88.558379,42.546689],[-88.558319,42.546714],[-88.558229,42.546761],[-88.558202,42.546775],[-88.558113,42.546829],[-88.558049,42.546869],[-88.558002,42.5469],[-88.557958,42.546936],[-88.557897,42.546991],[-88.557861,42.547023],[-88.55781,42.547065],[-88.55775,42.547112],[-88.557731,42.547135],[-88.557709,42.547172],[-88.557686,42.547211],[-88.557637,42.547273],[-88.557601,42.547328],[-88.557557,42.547399],[-88.557548,42.547434],[-88.557533,42.547478],[-88.557514,42.547534],[-88.557506,42.547585],[-88.557498,42.54763],[-88.557491,42.547695],[-88.55749,42.547758],[-88.557478,42.54785],[-88.557456,42.547912],[-88.557417,42.54795],[-88.557366,42.547969],[-88.557308,42.54797],[-88.557264,42.547963],[-88.557194,42.547946],[-88.557124,42.547923],[-88.556957,42.547857],[-88.556913,42.547847],[-88.556826,42.54783],[-88.556771,42.547821],[-88.556628,42.547798],[-88.556577,42.547794],[-88.556497,42.547794],[-88.556365,42.547788],[-88.556317,42.547786],[-88.556246,42.547786],[-88.556161,42.547791],[-88.556034,42.547809],[-88.55596,42.547806],[-88.555827,42.547801],[-88.555784,42.547793],[-88.555709,42.547775],[-88.555663,42.547762],[-88.555502,42.547717],[-88.555432,42.547707],[-88.555399,42.547703],[-88.555363,42.547699],[-88.555305,42.547699],[-88.555176,42.547715],[-88.555155,42.547718],[-88.555107,42.54772],[-88.555079,42.547716],[-88.55499,42.547701],[-88.554953,42.547695],[-88.554896,42.547682],[-88.55475,42.547636],[-88.554679,42.547615],[-88.55464,42.547603],[-88.554557,42.547577],[-88.554517,42.547574],[-88.554486,42.547569],[-88.554445,42.547564],[-88.554388,42.547556],[-88.554336,42.547548],[-88.55431,42.547544],[-88.554248,42.547544],[-88.55417,42.547544],[-88.554147,42.547549],[-88.554096,42.547564],[-88.554032,42.547584],[-88.554002,42.547598],[-88.553955,42.547616],[-88.553873,42.547633],[-88.553836,42.547637],[-88.55377,42.547642],[-88.553728,42.547643],[-88.553696,42.547645],[-88.553599,42.547651],[-88.553513,42.547663],[-88.553438,42.547686],[-88.553389,42.547703],[-88.553325,42.547729],[-88.553282,42.547742],[-88.553213,42.547775],[-88.553173,42.547796],[-88.553133,42.547815],[-88.553089,42.547829],[-88.553059,42.547838],[-88.552993,42.547869],[-88.552961,42.547889],[-88.552938,42.547891],[-88.552901,42.547896],[-88.552866,42.547907],[-88.552812,42.547927],[-88.552754,42.547952],[-88.552711,42.547967],[-88.552655,42.547982],[-88.55262,42.547977],[-88.552597,42.547956],[-88.552448,42.547975],[-88.552431,42.548007],[-88.552417,42.548017],[-88.552392,42.548022],[-88.552345,42.548026],[-88.552288,42.548028],[-88.552239,42.548029],[-88.552182,42.548015],[-88.552143,42.548018],[-88.552105,42.548012],[-88.552054,42.548],[-88.551979,42.54798],[-88.551812,42.54792],[-88.551752,42.547903],[-88.55167,42.547876],[-88.551562,42.547843],[-88.551499,42.547823],[-88.551402,42.547803],[-88.551378,42.547788],[-88.551187,42.547756],[-88.551115,42.547752],[-88.551043,42.547738],[-88.551,42.547733],[-88.550849,42.54771],[-88.55082,42.54769],[-88.550782,42.54768],[-88.550696,42.547664],[-88.550636,42.547649],[-88.55058,42.547641],[-88.550514,42.547631],[-88.55046,42.547622],[-88.550408,42.547612],[-88.550382,42.547612],[-88.550342,42.547613],[-88.550268,42.54761],[-88.550181,42.5476],[-88.550151,42.547591],[-88.550117,42.547577],[-88.550103,42.547579],[-88.550066,42.547578],[-88.55002,42.547569],[-88.549969,42.547559],[-88.549797,42.547534],[-88.54969,42.547521],[-88.549602,42.547511],[-88.549568,42.547509],[-88.549504,42.547506],[-88.549479,42.547503],[-88.549462,42.54749],[-88.549451,42.547486],[-88.549434,42.547495],[-88.549403,42.547503],[-88.549349,42.547515],[-88.549157,42.547523],[-88.549127,42.547524],[-88.549087,42.547526],[-88.549006,42.547532],[-88.5489,42.547547],[-88.548721,42.547568],[-88.548695,42.547573],[-88.548686,42.547591],[-88.54863,42.547596],[-88.548582,42.547607],[-88.548564,42.547616],[-88.548508,42.547645],[-88.548451,42.547672],[-88.54838,42.547693],[-88.548318,42.547708],[-88.548236,42.547711],[-88.548194,42.547707],[-88.548157,42.547704],[-88.547946,42.547672],[-88.547889,42.547665],[-88.547785,42.547659],[-88.54764,42.547664],[-88.547586,42.547666],[-88.547547,42.547668],[-88.547493,42.547665],[-88.5473,42.547656],[-88.547132,42.547632],[-88.547054,42.547624],[-88.546994,42.547618],[-88.546818,42.547619],[-88.54668,42.547623],[-88.546532,42.547626],[-88.546504,42.547629],[-88.546448,42.547634],[-88.546268,42.547643],[-88.546052,42.547662],[-88.545857,42.547676],[-88.545741,42.547684],[-88.545492,42.547696],[-88.545351,42.547716],[-88.545127,42.547738],[-88.545032,42.547743],[-88.544979,42.547746],[-88.544917,42.54775],[-88.544846,42.547756],[-88.544791,42.547762],[-88.544726,42.547771],[-88.544664,42.547784],[-88.544558,42.547792],[-88.544533,42.547795],[-88.544501,42.547823],[-88.544456,42.547834],[-88.544423,42.547835],[-88.544314,42.54788],[-88.544253,42.547892],[-88.544183,42.547934],[-88.544135,42.547969],[-88.544123,42.547976],[-88.544039,42.548007],[-88.543935,42.548041],[-88.543821,42.54806],[-88.543491,42.548091],[-88.543353,42.548094],[-88.543267,42.548089],[-88.543238,42.548094],[-88.543199,42.548097],[-88.542609,42.548153],[-88.542306,42.548179],[-88.542228,42.548189],[-88.542186,42.548203],[-88.542151,42.548223],[-88.542066,42.548244],[-88.541901,42.54833],[-88.541858,42.548349],[-88.541787,42.548358],[-88.541694,42.548366],[-88.541588,42.548381],[-88.541437,42.548409],[-88.541372,42.548421],[-88.541205,42.548449],[-88.541044,42.548476],[-88.540862,42.548508],[-88.540763,42.548521],[-88.540716,42.548534],[-88.540716,42.548486],[-88.540564,42.54854],[-88.540448,42.548582],[-88.539775,42.548826],[-88.539642,42.548862],[-88.539515,42.548897],[-88.539411,42.548926],[-88.539367,42.54894],[-88.539286,42.548975],[-88.539253,42.548988],[-88.539208,42.549008],[-88.539165,42.549019],[-88.539111,42.549032],[-88.538983,42.549033],[-88.538882,42.549023],[-88.538772,42.54901],[-88.538711,42.548999],[-88.538691,42.549002],[-88.538559,42.549004],[-88.53856,42.549019],[-88.53855,42.549031],[-88.538525,42.549032],[-88.538417,42.549008],[-88.538391,42.549007],[-88.538374,42.549018],[-88.538211,42.549011],[-88.538046,42.549005],[-88.537974,42.549007],[-88.537864,42.549015],[-88.537757,42.549024],[-88.537612,42.549023],[-88.537597,42.549019],[-88.537574,42.549015],[-88.537545,42.549012],[-88.537522,42.549011],[-88.537504,42.549012],[-88.537471,42.549013],[-88.537398,42.549001],[-88.537304,42.549007],[-88.537231,42.549009],[-88.53716,42.549016],[-88.53713,42.549019],[-88.536502,42.549027],[-88.536382,42.549045],[-88.536342,42.549048],[-88.536209,42.549059],[-88.536174,42.549063],[-88.536106,42.549062],[-88.535811,42.549059],[-88.535758,42.549059],[-88.535679,42.549068],[-88.535581,42.549078],[-88.535508,42.549085],[-88.535342,42.549104],[-88.535304,42.549111],[-88.53529,42.549114],[-88.535194,42.549134],[-88.535115,42.54915],[-88.535036,42.549165],[-88.534914,42.549194],[-88.534608,42.54927],[-88.534163,42.549349],[-88.534071,42.549361],[-88.533788,42.549399],[-88.53374,42.549405],[-88.5336,42.549414],[-88.533086,42.549451],[-88.533037,42.54946],[-88.532853,42.549495],[-88.532757,42.549513],[-88.53261,42.549541],[-88.53247,42.549567],[-88.532375,42.549586],[-88.532204,42.549618],[-88.531911,42.549655],[-88.53158,42.549697],[-88.531075,42.549742],[-88.530801,42.549743],[-88.530511,42.549767],[-88.530392,42.549777],[-88.530043,42.549787],[-88.529919,42.54979],[-88.529548,42.5498],[-88.529494,42.549802],[-88.529425,42.549809],[-88.529283,42.549824],[-88.528858,42.54987],[-88.528717,42.549886],[-88.528627,42.549895],[-88.528455,42.549915],[-88.52836,42.549931],[-88.528272,42.549947],[-88.528211,42.549957],[-88.528029,42.54999],[-88.527969,42.550001],[-88.527038,42.550204],[-88.526582,42.550275],[-88.525902,42.550383],[-88.525368,42.550527],[-88.524961,42.55066],[-88.524686,42.550705],[-88.524181,42.550728],[-88.523825,42.550708],[-88.523171,42.550704],[-88.523119,42.550677],[-88.523104,42.550639],[-88.523126,42.550579],[-88.523192,42.55054],[-88.523422,42.550474],[-88.523444,42.550441],[-88.523407,42.550375],[-88.523344,42.550348],[-88.52323,42.550335],[-88.523154,42.550327],[-88.523035,42.550371],[-88.522865,42.550508],[-88.522754,42.550536],[-88.522635,42.55052],[-88.522367,42.550444],[-88.522129,42.550412],[-88.521891,42.550406],[-88.521851,42.550405],[-88.521732,42.550402],[-88.521693,42.550402],[-88.521563,42.550398],[-88.521535,42.550398],[-88.521174,42.550427],[-88.521047,42.550454],[-88.520921,42.55048],[-88.520704,42.550526],[-88.520551,42.55058],[-88.520431,42.550624],[-88.520331,42.550659],[-88.520089,42.550747],[-88.520035,42.550771],[-88.51994,42.550816],[-88.519874,42.550847],[-88.519649,42.55101],[-88.519512,42.55111],[-88.519312,42.551275],[-88.518863,42.551706],[-88.518832,42.551737],[-88.518583,42.551917],[-88.518344,42.552089],[-88.518077,42.552243],[-88.517996,42.552283],[-88.5171,42.552728],[-88.516507,42.552998],[-88.516137,42.553209],[-88.516056,42.553256],[-88.51552,42.553524],[-88.515293,42.553637],[-88.515241,42.553664],[-88.51465,42.554046],[-88.514437,42.554184],[-88.514389,42.554214],[-88.514279,42.554286],[-88.514246,42.554309],[-88.514201,42.554344],[-88.514183,42.554356],[-88.51413,42.554395],[-88.514113,42.554409],[-88.513954,42.554528],[-88.513901,42.554585],[-88.513806,42.554692],[-88.513467,42.555235],[-88.513445,42.555275],[-88.513318,42.55552],[-88.513306,42.555542],[-88.513267,42.555638],[-88.513174,42.555871],[-88.513109,42.55599],[-88.513093,42.55602],[-88.513049,42.556104],[-88.513006,42.556184],[-88.512877,42.556425],[-88.512844,42.55651],[-88.512748,42.556748],[-88.512734,42.556836],[-88.512661,42.556968],[-88.512651,42.55701],[-88.51261,42.557187],[-88.512589,42.557471],[-88.512517,42.557778],[-88.512364,42.558211],[-88.512237,42.558364],[-88.512123,42.558505],[-88.511899,42.558782],[-88.51181,42.558943],[-88.511744,42.559062],[-88.511724,42.559081],[-88.511523,42.559281],[-88.511397,42.559358],[-88.511337,42.559372],[-88.511241,42.559397],[-88.511176,42.559397],[-88.511055,42.559398],[-88.510937,42.559425],[-88.510842,42.559466],[-88.510574,42.559585],[-88.510203,42.559718],[-88.509869,42.55973],[-88.509854,42.559731],[-88.509513,42.55978],[-88.508838,42.559996],[-88.50879,42.560004],[-88.508719,42.560018],[-88.508058,42.559987],[-88.50765,42.560076],[-88.507434,42.560071],[-88.507204,42.5601],[-88.507078,42.560094],[-88.506988,42.560067],[-88.50669,42.559871],[-88.50663,42.5598],[-88.506398,42.559527],[-88.506152,42.559336],[-88.506073,42.559301],[-88.505929,42.559239],[-88.505661,42.559185],[-88.505482,42.559193],[-88.505394,42.559197],[-88.504956,42.559285],[-88.504592,42.559298],[-88.504116,42.559179],[-88.503683,42.559113],[-88.503551,42.559093],[-88.503077,42.55907],[-88.502149,42.559026],[-88.501827,42.559011],[-88.501232,42.558958],[-88.501024,42.558958],[-88.500459,42.558916],[-88.49973,42.5588],[-88.499499,42.558747],[-88.499384,42.558743],[-88.499217,42.558738],[-88.499128,42.55875],[-88.498861,42.558817],[-88.49849,42.558953],[-88.498167,42.55907],[-88.497796,42.559207],[-88.497203,42.559364],[-88.497183,42.559367],[-88.496847,42.559432],[-88.496718,42.559431],[-88.496332,42.55943],[-88.496298,42.55943],[-88.496204,42.559435],[-88.49609,42.559441],[-88.49575,42.55946],[-88.495733,42.559461],[-88.495638,42.559478],[-88.495022,42.559586],[-88.494696,42.559675],[-88.494104,42.559876],[-88.493732,42.560022],[-88.493453,42.560132],[-88.492802,42.560355],[-88.492328,42.560467],[-88.49212,42.56049],[-88.4919,42.560491],[-88.49186,42.560492],[-88.491324,42.560463],[-88.491016,42.560407],[-88.490677,42.560346],[-88.490498,42.560348],[-88.490231,42.560382],[-88.490054,42.560427],[-88.489817,42.560516],[-88.489522,42.560687],[-88.489315,42.560771],[-88.48887,42.560872],[-88.488677,42.56094],[-88.488604,42.560967],[-88.488405,42.561094],[-88.488113,42.56137],[-88.487913,42.56156],[-88.487883,42.561589],[-88.487735,42.561694],[-88.487558,42.561777],[-88.487461,42.561772],[-88.487417,42.561751],[-88.487379,42.561691],[-88.487474,42.561537],[-88.487472,42.561428],[-88.487434,42.561319],[-88.487432,42.561166],[-88.487578,42.560957],[-88.487614,42.560869],[-88.487614,42.560836],[-88.487614,42.560803],[-88.48766,42.560712],[-88.487568,42.560781],[-88.48748,42.560848],[-88.487417,42.560949],[-88.487371,42.561024],[-88.487299,42.561243],[-88.487215,42.561637],[-88.487089,42.561925],[-88.48707,42.561972],[-88.486923,42.562142],[-88.486864,42.56218],[-88.486717,42.562275],[-88.486023,42.562535],[-88.485474,42.562742],[-88.485001,42.56298],[-88.484529,42.563257],[-88.484322,42.563346],[-88.483907,42.563474],[-88.483486,42.563542],[-88.483284,42.563576],[-88.483047,42.563633],[-88.482632,42.563745],[-88.482597,42.563759],[-88.482566,42.56377],[-88.482475,42.563806],[-88.482445,42.563818],[-88.482452,42.56376],[-88.482474,42.563589],[-88.482482,42.563532],[-88.482482,42.562974],[-88.482472,42.562258],[-88.482406,42.560252],[-88.482416,42.560133],[-88.482413,42.559809],[-88.482412,42.559748],[-88.48241,42.559485],[-88.482404,42.558848],[-88.482401,42.558595],[-88.482397,42.558211],[-88.482393,42.557762],[-88.48239,42.557307],[-88.482404,42.556416],[-88.482412,42.555968],[-88.482408,42.555765],[-88.482399,42.555158],[-88.482396,42.554956],[-88.482398,42.55476],[-88.482406,42.554172],[-88.482409,42.553977],[-88.482403,42.553748],[-88.482388,42.553061],[-88.482383,42.552833],[-88.482381,42.552697],[-88.482375,42.552292],[-88.482374,42.552157],[-88.482367,42.551662],[-88.482349,42.550178],[-88.482343,42.549684],[-88.482343,42.549335],[-88.482356,42.549189],[-88.482317,42.547862],[-88.482308,42.545941],[-88.482306,42.545615],[-88.482363,42.545613],[-88.482537,42.545611],[-88.482595,42.545611],[-88.482926,42.545605],[-88.48392,42.545591],[-88.484252,42.545587],[-88.484387,42.545585],[-88.484796,42.545579],[-88.484932,42.545578],[-88.485294,42.545572],[-88.485553,42.545569],[-88.486383,42.545569],[-88.486783,42.545605],[-88.48731,42.545569],[-88.489002,42.545569],[-88.489566,42.545569],[-88.489631,42.545569],[-88.489934,42.545567],[-88.491038,42.545561],[-88.491328,42.54556],[-88.491407,42.545561],[-88.491404,42.543752],[-88.491397,42.538326],[-88.491395,42.536518],[-88.49138,42.532992],[-88.49136,42.528105],[-88.485669,42.528136],[-88.482144,42.528156],[-88.482138,42.527562],[-88.482136,42.527437],[-88.48212,42.52578],[-88.482115,42.525187],[-88.480144,42.525191],[-88.474231,42.525202],[-88.472261,42.525207],[-88.470287,42.52521],[-88.464366,42.525218],[-88.462393,42.525222],[-88.462382,42.524881],[-88.462353,42.523983],[-88.462352,42.523919],[-88.462351,42.523858],[-88.462348,42.523518],[-88.462339,42.522723],[-88.462318,42.520762],[-88.462314,42.520341],[-88.462308,42.519547],[-88.460747,42.519552],[-88.456067,42.519568],[-88.454507,42.519574],[-88.454389,42.519591],[-88.454314,42.519658],[-88.454256,42.519712],[-88.454138,42.519724],[-88.454048,42.519681],[-88.453853,42.519529],[-88.453739,42.519509],[-88.453523,42.519472],[-88.453526,42.519323],[-88.453534,42.518876],[-88.453538,42.518728],[-88.453538,42.518307],[-88.453538,42.517043],[-88.453539,42.516623],[-88.452586,42.516609],[-88.449946,42.516571],[-88.449727,42.516568],[-88.448775,42.516555],[-88.448769,42.513522],[-88.448758,42.506773],[-88.449798,42.50678],[-88.451021,42.506789],[-88.451106,42.506789],[-88.451676,42.506794],[-88.451681,42.505655],[-88.451688,42.504331],[-88.451693,42.502666],[-88.451694,42.50264],[-88.446907,42.5026],[-88.446906,42.502418],[-88.446903,42.500754],[-88.446889,42.494749],[-88.447072,42.494749],[-88.453298,42.49477],[-88.45369,42.494771],[-88.454081,42.494772],[-88.455004,42.494774],[-88.457704,42.494784],[-88.459766,42.494791],[-88.460122,42.494792],[-88.461814,42.494798],[-88.461829,42.494798],[-88.461857,42.494797],[-88.461941,42.494793],[-88.461971,42.494793],[-88.463696,42.494757],[-88.468871,42.494653],[-88.470597,42.494618],[-88.471304,42.494618],[-88.471622,42.494618],[-88.47169,42.494618],[-88.472011,42.494618],[-88.474038,42.494618],[-88.474972,42.494618],[-88.476066,42.494618],[-88.478055,42.494618],[-88.479027,42.494618],[-88.484024,42.494618],[-88.486014,42.494618],[-88.486098,42.494618],[-88.495998,42.494618],[-88.496034,42.494618],[-88.497798,42.494618],[-88.500098,42.494776],[-88.501503,42.494775],[-88.505723,42.494777],[-88.507131,42.494778],[-88.50733,42.494811],[-88.507349,42.494811],[-88.507406,42.494809],[-88.507426,42.494809],[-88.507442,42.494809],[-88.507493,42.494809],[-88.50751,42.494809],[-88.507625,42.494809],[-88.515762,42.494809],[-88.515928,42.494811],[-88.525709,42.49492],[-88.528632,42.494929],[-88.537402,42.494956],[-88.54019,42.494965],[-88.540326,42.494965],[-88.540353,42.494965],[-88.54048,42.494965],[-88.550221,42.494971],[-88.559191,42.495004],[-88.559819,42.495005],[-88.560518,42.495006],[-88.562618,42.495009],[-88.563318,42.49501],[-88.563959,42.49501],[-88.565882,42.495013],[-88.566523,42.495014],[-88.566673,42.495014],[-88.569673,42.495006],[-88.583391,42.495006],[-88.58938,42.495025],[-88.589596,42.495026],[-88.589872,42.495027],[-88.596281,42.495047],[-88.597,42.495049],[-88.599412,42.495057],[-88.60428,42.495081],[-88.604972,42.495084],[-88.605901,42.495089],[-88.606694,42.495094],[-88.607366,42.495092],[-88.619078,42.49507],[-88.623106,42.495051],[-88.628997,42.495045],[-88.638642,42.494984],[-88.643834,42.494929],[-88.645896,42.494899],[-88.656053,42.494844],[-88.658003,42.494822],[-88.658364,42.494815],[-88.65848,42.494812],[-88.660794,42.494759],[-88.665941,42.494617],[-88.66834,42.494568],[-88.670799,42.494497],[-88.678213,42.494288],[-88.678278,42.494285],[-88.680608,42.494229],[-88.685341,42.494113],[-88.687046,42.494075],[-88.688153,42.494051],[-88.697881,42.493824],[-88.704385,42.49367],[-88.707378,42.493597],[-88.707421,42.493596],[-88.710141,42.493519],[-88.7123,42.493475],[-88.712779,42.493462],[-88.714121,42.493425],[-88.719545,42.493275],[-88.721798,42.493213],[-88.721986,42.493208],[-88.722089,42.493205],[-88.722459,42.493195],[-88.723318,42.49317],[-88.72365,42.49316],[-88.725896,42.493099],[-88.726756,42.493076],[-88.726888,42.493072],[-88.727287,42.493059],[-88.727421,42.493056],[-88.728407,42.493025],[-88.731368,42.492935],[-88.732355,42.492905],[-88.732387,42.492903],[-88.732485,42.4929],[-88.732518,42.492899],[-88.733318,42.492871],[-88.735718,42.49279],[-88.736519,42.492763],[-88.736647,42.492758],[-88.737034,42.492745],[-88.737109,42.492743],[-88.737163,42.492741],[-88.737265,42.492737],[-88.738939,42.492679],[-88.74427,42.492494],[-88.746047,42.492433],[-88.746243,42.492428],[-88.746831,42.492415],[-88.747028,42.492411],[-88.75069,42.492327],[-88.761679,42.492079],[-88.765342,42.491997],[-88.766135,42.491984],[-88.768516,42.491947],[-88.768695,42.491945],[-88.76931,42.491942],[-88.770766,42.491936],[-88.775136,42.491919],[-88.776522,42.491914],[-88.77659,42.491913],[-88.776605,42.505555],[-88.776448,42.506397],[-88.776448,42.506467],[-88.776539,42.51957],[-88.776541,42.519698],[-88.776529,42.520889],[-88.77653,42.520908],[-88.776443,42.520909],[-88.775345,42.520922],[-88.771791,42.520966],[-88.770607,42.520981],[-88.770624,42.523807],[-88.770669,42.530877],[-88.769259,42.530854],[-88.768824,42.530847],[-88.768801,42.533238],[-88.768803,42.533602],[-88.76881,42.534697],[-88.768813,42.535062],[-88.768814,42.535165],[-88.768817,42.535477],[-88.768818,42.535581],[-88.768751,42.535582],[-88.76855,42.535585],[-88.768484,42.535587],[-88.768123,42.535593],[-88.767041,42.535613],[-88.766681,42.53562],[-88.766671,42.535802],[-88.766643,42.536347],[-88.766634,42.53653],[-88.766499,42.536601],[-88.766435,42.536676],[-88.766425,42.536689],[-88.766396,42.536771],[-88.766263,42.536854],[-88.766256,42.536876],[-88.766293,42.53693],[-88.766427,42.537006],[-88.76645,42.53705],[-88.76645,42.537094],[-88.766362,42.537225],[-88.766333,42.537269],[-88.766363,42.53733],[-88.766478,42.537393],[-88.766675,42.539333],[-88.767266,42.545156],[-88.767463,42.547097],[-88.767548,42.548272],[-88.767805,42.551797],[-88.767891,42.552972],[-88.767899,42.553429],[-88.767925,42.5548],[-88.767934,42.555257],[-88.768702,42.555452],[-88.770094,42.555808],[-88.770396,42.555862],[-88.770624,42.555885],[-88.770863,42.5559],[-88.771029,42.555891],[-88.771164,42.555885],[-88.771731,42.555844],[-88.771821,42.555838],[-88.771908,42.555832],[-88.772784,42.555769],[-88.775674,42.555561],[-88.776638,42.555493],[-88.776595,42.556451]],[[-88.580469,42.567392],[-88.580463,42.56699],[-88.579874,42.566995],[-88.578108,42.567009],[-88.57752,42.567015],[-88.577331,42.567011],[-88.576767,42.567],[-88.576579,42.566997],[-88.575123,42.566997],[-88.575056,42.566997],[-88.575056,42.569796],[-88.576557,42.569795],[-88.578013,42.569795],[-88.5785,42.569794],[-88.579961,42.569793],[-88.580449,42.569793],[-88.580451,42.569635],[-88.580458,42.569162],[-88.580461,42.569005],[-88.580466,42.568601],[-88.580477,42.567915],[-88.580469,42.567392]]]}},{"type":"Feature","properties":{"STATEFP":"55","SCSDLEA":"06120","GEOID":"5506120","GEOIDFQ":"9600000US5506120","NAME":"Hartford Union High School District","LSAD":"00","LOGRADE":"09","HIGRADE":"12","MTFCC":"G5410","SDTYP":"","FUNCSTAT":"E","ALAND":463179855,"AWATER":5719271,"INTPTLAT":"+43.3026831","INTPTLON":"-088.4041381"},"geometry":{"type":"MultiPolygon","coordinates":[[[[-88.579955,43.271235],[-88.579881,43.27166],[-88.579786,43.271978],[-88.579515,43.272205],[-88.579307,43.272349],[-88.57913,43.272546],[-88.579025,43.272744],[-88.5789,43.272895],[-88.57865,43.273031],[-88.578255,43.273046],[-88.577798,43.273053],[-88.577569,43.273029],[-88.577375,43.272996],[-88.577023,43.272953],[-88.576545,43.272811],[-88.576168,43.272804],[-88.575768,43.272896],[-88.575751,43.27297],[-88.575574,43.273049],[-88.575256,43.273036],[-88.575147,43.272968],[-88.575021,43.272962],[-88.574811,43.272931],[-88.574644,43.272839],[-88.574535,43.272698],[-88.574343,43.272575],[-88.57394,43.272384],[-88.573589,43.27223],[-88.573304,43.272126],[-88.573195,43.271979],[-88.573112,43.271776],[-88.573054,43.2715],[-88.573055,43.271341],[-88.573122,43.271182],[-88.573148,43.270974],[-88.573274,43.270863],[-88.573451,43.27076],[-88.573677,43.270705],[-88.573971,43.270662],[-88.57424,43.270645],[-88.574433,43.270571],[-88.574509,43.270455],[-88.574484,43.270308],[-88.574384,43.270222],[-88.5742,43.270087],[-88.573948,43.270013],[-88.573646,43.269988],[-88.573277,43.269999],[-88.572908,43.270066],[-88.57274,43.270084],[-88.572627,43.270032],[-88.572539,43.269992],[-88.572329,43.269986],[-88.572086,43.270059],[-88.5719,43.270224],[-88.571764,43.270787],[-88.571755,43.270989],[-88.571569,43.271565],[-88.571518,43.271706],[-88.5714,43.271871],[-88.571341,43.272086],[-88.571424,43.272288],[-88.571524,43.272398],[-88.57175,43.27254],[-88.57216,43.272835],[-88.572555,43.273085],[-88.572998,43.273484],[-88.573491,43.274146],[-88.573716,43.274606],[-88.573975,43.275103],[-88.574233,43.275661],[-88.574349,43.275956],[-88.574583,43.276256],[-88.574783,43.276556],[-88.575261,43.276875],[-88.575436,43.277237],[-88.57541,43.277451],[-88.57525,43.27758],[-88.575132,43.277714],[-88.574737,43.277904],[-88.574552,43.278032],[-88.574266,43.278252],[-88.573871,43.278503],[-88.573139,43.278942],[-88.572837,43.279113],[-88.572392,43.279217],[-88.571955,43.279394],[-88.571627,43.279559],[-88.5714,43.279736],[-88.571248,43.27992],[-88.571095,43.280151],[-88.571061,43.280372],[-88.571161,43.280593],[-88.571252,43.28085],[-88.571352,43.2812],[-88.571335,43.281365],[-88.571266,43.281739],[-88.571154,43.28267],[-88.571033,43.283278],[-88.570955,43.283593],[-88.570622,43.283589],[-88.568779,43.283557],[-88.564455,43.283442],[-88.562017,43.283381],[-88.556823,43.283361],[-88.556774,43.28335],[-88.556675,43.283339],[-88.55655,43.283342],[-88.554542,43.283305],[-88.552233,43.283245],[-88.552223,43.286379],[-88.552056,43.286376],[-88.547388,43.286294],[-88.547396,43.286479],[-88.547393,43.286627],[-88.542306,43.286793],[-88.542306,43.287062],[-88.542303,43.290339],[-88.541236,43.290322],[-88.540055,43.290303],[-88.537367,43.29026],[-88.53737,43.291121],[-88.539401,43.291301],[-88.539634,43.291457],[-88.539847,43.291599],[-88.539925,43.291652],[-88.53995,43.291668],[-88.540519,43.292048],[-88.540376,43.292428],[-88.538651,43.292416],[-88.538123,43.293555],[-88.537994,43.293554],[-88.53733,43.293552],[-88.537329,43.29384],[-88.537329,43.293898],[-88.537637,43.293903],[-88.547227,43.294053],[-88.547205,43.296139],[-88.547191,43.297697],[-88.543801,43.297631],[-88.542239,43.297602],[-88.542171,43.30267],[-88.542141,43.304897],[-88.541783,43.304892],[-88.541438,43.304889],[-88.539905,43.304876],[-88.537178,43.30483],[-88.537163,43.305463],[-88.537158,43.305897],[-88.537133,43.306711],[-88.537108,43.30848],[-88.542087,43.308558],[-88.54207,43.3093],[-88.542006,43.312186],[-88.542908,43.312203],[-88.542908,43.312274],[-88.546448,43.312275],[-88.546452,43.314117],[-88.546638,43.31507],[-88.546647,43.315614],[-88.546555,43.319592],[-88.539068,43.319513],[-88.536876,43.319484],[-88.536834,43.322518],[-88.536771,43.326765],[-88.536771,43.327002],[-88.5367,43.327001],[-88.536668,43.327001],[-88.536593,43.327],[-88.536502,43.327],[-88.536245,43.326998],[-88.534856,43.326961],[-88.534394,43.32694],[-88.534094,43.326927],[-88.533151,43.326894],[-88.530132,43.326774],[-88.529425,43.326751],[-88.529111,43.326741],[-88.528092,43.326698],[-88.527596,43.32668],[-88.52411,43.326553],[-88.522093,43.326493],[-88.519032,43.326409],[-88.518173,43.326381],[-88.518686,43.332517],[-88.518362,43.334295],[-88.518396,43.334396],[-88.518384,43.33452],[-88.518387,43.334922],[-88.518378,43.33573],[-88.51836,43.336665],[-88.518358,43.336775],[-88.518585,43.340816],[-88.518746,43.340822],[-88.519816,43.340849],[-88.520711,43.340864],[-88.521583,43.340892],[-88.522439,43.340906],[-88.523291,43.340928],[-88.524151,43.340938],[-88.525828,43.34097],[-88.526657,43.340994],[-88.528309,43.341027],[-88.52829,43.34172],[-88.528271,43.342762],[-88.528262,43.343738],[-88.528227,43.345568],[-88.528197,43.346437],[-88.528176,43.347301],[-88.528147,43.3479],[-88.528139,43.34794],[-88.528283,43.349641],[-88.527989,43.360314],[-88.527998,43.361002],[-88.528002,43.361304],[-88.528015,43.364083],[-88.527993,43.365722],[-88.527989,43.366562],[-88.527977,43.367375],[-88.527982,43.368204],[-88.527978,43.368987],[-88.527994,43.370544],[-88.527994,43.370576],[-88.527997,43.37062],[-88.528201,43.375398],[-88.528114,43.377842],[-88.528095,43.385705],[-88.528093,43.3863],[-88.528091,43.387033],[-88.528091,43.387152],[-88.528086,43.389101],[-88.528086,43.389278],[-88.528085,43.389499],[-88.528085,43.389567],[-88.527608,43.392038],[-88.527597,43.392182],[-88.527713,43.392184],[-88.531973,43.392209],[-88.53241,43.392215],[-88.532424,43.39716],[-88.532442,43.397757],[-88.532427,43.397986],[-88.532373,43.398659],[-88.532101,43.399432],[-88.532143,43.402247],[-88.532145,43.402731],[-88.53214,43.403419],[-88.532147,43.404854],[-88.532148,43.405011],[-88.532149,43.405634],[-88.532145,43.406195],[-88.532148,43.406781],[-88.532142,43.407334],[-88.532148,43.407894],[-88.532144,43.408459],[-88.532141,43.408989],[-88.532145,43.409553],[-88.532141,43.410107],[-88.532153,43.411211],[-88.53216,43.411529],[-88.532166,43.411789],[-88.532172,43.412923],[-88.532199,43.414045],[-88.532213,43.414443],[-88.532273,43.415781],[-88.532322,43.416639],[-88.532337,43.416799],[-88.532357,43.416917],[-88.532397,43.417072],[-88.53244,43.41721],[-88.532558,43.417475],[-88.53269,43.417709],[-88.532754,43.417805],[-88.53297,43.41807],[-88.533043,43.418143],[-88.532888,43.418232],[-88.532766,43.418297],[-88.532602,43.418394],[-88.532488,43.418477],[-88.532449,43.41852],[-88.532406,43.418578],[-88.532372,43.418633],[-88.532334,43.418744],[-88.532329,43.418792],[-88.53234,43.419725],[-88.532337,43.420209],[-88.532327,43.420351],[-88.532307,43.420462],[-88.532275,43.42055],[-88.532222,43.420647],[-88.53216,43.42073],[-88.532075,43.420802],[-88.531956,43.420878],[-88.531889,43.42091],[-88.531762,43.420955],[-88.53163,43.420987],[-88.531476,43.421011],[-88.531352,43.421018],[-88.530663,43.421027],[-88.529968,43.421021],[-88.529262,43.42102],[-88.528551,43.421014],[-88.527846,43.421014],[-88.525954,43.421005],[-88.525019,43.421],[-88.522363,43.420969],[-88.522359,43.422071],[-88.522343,43.422995],[-88.522317,43.425868],[-88.522305,43.426612],[-88.522298,43.428257],[-88.521924,43.428256],[-88.521006,43.428266],[-88.51994,43.428283],[-88.518756,43.428294],[-88.51783,43.428303],[-88.517068,43.428316],[-88.51691,43.435461],[-88.522192,43.435434],[-88.522162,43.438251],[-88.522086,43.442081],[-88.522079,43.442721],[-88.520009,43.442733],[-88.519467,43.442747],[-88.518752,43.442773],[-88.517643,43.44282],[-88.51737,43.442831],[-88.516792,43.442846],[-88.51625,43.442855],[-88.516066,43.442855],[-88.516052,43.44139],[-88.515426,43.441393],[-88.515443,43.442115],[-88.514782,43.442121],[-88.514784,43.442851],[-88.514932,43.442852],[-88.514899,43.446341],[-88.522022,43.44631],[-88.521968,43.449093],[-88.521962,43.449699],[-88.521932,43.450533],[-88.521916,43.451308],[-88.521892,43.452432],[-88.520397,43.452385],[-88.520397,43.453581],[-88.521863,43.453539],[-88.521812,43.456111],[-88.521807,43.456841],[-88.521805,43.457127],[-88.521804,43.457221],[-88.520291,43.457198],[-88.518713,43.457175],[-88.518477,43.457175],[-88.514511,43.457112],[-88.514501,43.457354],[-88.514233,43.463703],[-88.510307,43.46373],[-88.503904,43.463735],[-88.503957,43.463032],[-88.503927,43.456941],[-88.505382,43.456972],[-88.505533,43.456975],[-88.505972,43.45698],[-88.506138,43.456975],[-88.50823,43.457023],[-88.509779,43.457044],[-88.509862,43.453595],[-88.504888,43.453583],[-88.504865,43.455735],[-88.502781,43.455706],[-88.502372,43.455712],[-88.502407,43.453561],[-88.499908,43.453573],[-88.499944,43.452005],[-88.499946,43.45174],[-88.49881,43.451796],[-88.498827,43.451478],[-88.497808,43.451517],[-88.497797,43.451882],[-88.494979,43.45187],[-88.494952,43.453707],[-88.497555,43.453684],[-88.498693,43.453678],[-88.499906,43.453684],[-88.499853,43.455598],[-88.499842,43.456227],[-88.499822,43.456882],[-88.4967,43.456881],[-88.492463,43.456886],[-88.491906,43.456875],[-88.490151,43.456903],[-88.486974,43.456627],[-88.485261,43.456954],[-88.484941,43.456955],[-88.480107,43.45699],[-88.477938,43.456979],[-88.476053,43.456975],[-88.475069,43.456989],[-88.474086,43.456983],[-88.472134,43.456978],[-88.471134,43.456986],[-88.47008,43.456976],[-88.46492,43.456948],[-88.464916,43.455398],[-88.47007,43.45531],[-88.470064,43.454294],[-88.470055,43.453887],[-88.48008,43.453873],[-88.480079,43.453636],[-88.480026,43.451631],[-88.480023,43.45097],[-88.480007,43.449685],[-88.484434,43.449668],[-88.4844,43.44495],[-88.479995,43.44497],[-88.479987,43.443551],[-88.47999,43.442864],[-88.479996,43.442211],[-88.479988,43.441568],[-88.479987,43.440915],[-88.479984,43.440701],[-88.477734,43.439776],[-88.477188,43.439552],[-88.477963,43.438527],[-88.47809,43.438358],[-88.47988,43.439155],[-88.479933,43.439086],[-88.479954,43.439041],[-88.479965,43.438993],[-88.47997,43.438936],[-88.479965,43.437719],[-88.479971,43.437025],[-88.479972,43.435216],[-88.478373,43.435246],[-88.473649,43.435333],[-88.473656,43.436503],[-88.472761,43.436518],[-88.472178,43.436527],[-88.472267,43.440908],[-88.472305,43.442771],[-88.47514,43.442819],[-88.475159,43.445112],[-88.475211,43.451332],[-88.472854,43.451342],[-88.472831,43.449733],[-88.469594,43.449747],[-88.469544,43.444407],[-88.469528,43.442741],[-88.467226,43.442759],[-88.466645,43.442757],[-88.465185,43.442752],[-88.465042,43.44275],[-88.465062,43.444671],[-88.46345,43.444674],[-88.463454,43.445314],[-88.46125,43.445316],[-88.461266,43.446064],[-88.4595,43.446065],[-88.459499,43.444343],[-88.455012,43.444348],[-88.450401,43.444354],[-88.450398,43.444465],[-88.450365,43.448085],[-88.450366,43.449092],[-88.450352,43.45213],[-88.450349,43.455213],[-88.450321,43.456226],[-88.450294,43.456893],[-88.449938,43.456902],[-88.448853,43.456901],[-88.448077,43.456898],[-88.44663,43.456891],[-88.443583,43.456897],[-88.443326,43.456898],[-88.44204,43.456896],[-88.440525,43.456888],[-88.436305,43.456889],[-88.432716,43.456871],[-88.432374,43.456855],[-88.43203,43.456812],[-88.432011,43.456809],[-88.430526,43.456828],[-88.426418,43.456809],[-88.426365,43.456817],[-88.4262,43.456833],[-88.425918,43.456848],[-88.42558,43.456859],[-88.424787,43.456853],[-88.423672,43.45685],[-88.421459,43.456833],[-88.420332,43.456835],[-88.419237,43.45683],[-88.418124,43.456833],[-88.415888,43.456827],[-88.414775,43.456829],[-88.410296,43.456798],[-88.409151,43.456795],[-88.408054,43.456784],[-88.405857,43.456781],[-88.404774,43.456782],[-88.40068,43.456781],[-88.400686,43.456375],[-88.400775,43.450125],[-88.400784,43.447646],[-88.400806,43.442845],[-88.400887,43.439224],[-88.40093,43.437319],[-88.400894,43.435398],[-88.400909,43.435372],[-88.400927,43.435311],[-88.40096,43.434185],[-88.400985,43.433585],[-88.401018,43.431203],[-88.401056,43.42947],[-88.401079,43.428914],[-88.401086,43.42553],[-88.40108,43.423904],[-88.401096,43.42333],[-88.401099,43.422501],[-88.401088,43.42208],[-88.4012,43.402509],[-88.401178,43.400405],[-88.395484,43.400434],[-88.395602,43.395834],[-88.394745,43.39578],[-88.394702,43.395781],[-88.394576,43.395785],[-88.394534,43.395787],[-88.394277,43.395778],[-88.393507,43.395753],[-88.393251,43.395745],[-88.393045,43.395716],[-88.392427,43.395631],[-88.392221,43.395603],[-88.392179,43.395603],[-88.392056,43.395607],[-88.392016,43.395616],[-88.391339,43.395621],[-88.390251,43.39563],[-88.39027,43.396571],[-88.390284,43.397248],[-88.390283,43.397282],[-88.390279,43.397386],[-88.390279,43.397421],[-88.390302,43.39753],[-88.390225,43.397844],[-88.390207,43.397881],[-88.390148,43.397914],[-88.390134,43.399217],[-88.390122,43.400444],[-88.387437,43.400467],[-88.386134,43.400479],[-88.385533,43.400475],[-88.385551,43.399872],[-88.385664,43.396261],[-88.385702,43.395058],[-88.385706,43.394413],[-88.385717,43.392722],[-88.385717,43.39248],[-88.385717,43.391949],[-88.385736,43.391902],[-88.385778,43.391856],[-88.385752,43.390397],[-88.385743,43.389835],[-88.385693,43.387003],[-88.385676,43.386023],[-88.385651,43.384565],[-88.385385,43.384564],[-88.385063,43.384565],[-88.383682,43.384573],[-88.383299,43.384573],[-88.382711,43.384574],[-88.382703,43.386],[-88.382697,43.387248],[-88.380916,43.387248],[-88.380853,43.386],[-88.380782,43.384576],[-88.37932,43.384573],[-88.377847,43.384557],[-88.376176,43.384539],[-88.372894,43.384528],[-88.369041,43.384526],[-88.368509,43.384526],[-88.366107,43.384507],[-88.366102,43.37984],[-88.366099,43.376427],[-88.356273,43.376433],[-88.355512,43.376433],[-88.350846,43.376436],[-88.34822,43.376452],[-88.34437,43.376476],[-88.344337,43.372451],[-88.344316,43.369826],[-88.344191,43.369824],[-88.343816,43.369821],[-88.343691,43.36982],[-88.343688,43.368058],[-88.343684,43.365012],[-88.343681,43.362772],[-88.343679,43.36101],[-88.341413,43.360999],[-88.339392,43.36099],[-88.337397,43.360981],[-88.334617,43.360944],[-88.334587,43.360944],[-88.332352,43.360927],[-88.332344,43.359139],[-88.332341,43.358522],[-88.332335,43.356982],[-88.327611,43.357023],[-88.327606,43.356072],[-88.327594,43.353668],[-88.327256,43.353664],[-88.326245,43.353653],[-88.326099,43.353652],[-88.325908,43.35365],[-88.325259,43.353642],[-88.323313,43.353621],[-88.322665,43.353614],[-88.322665,43.35322],[-88.322665,43.352038],[-88.322666,43.351645],[-88.322997,43.350769],[-88.323374,43.349778],[-88.322782,43.348133],[-88.322465,43.347253],[-88.322457,43.347086],[-88.322435,43.346587],[-88.322428,43.346421],[-88.322427,43.346367],[-88.322421,43.346031],[-88.322401,43.344843],[-88.322354,43.34201],[-88.320454,43.341938],[-88.318877,43.341879],[-88.31889,43.341319],[-88.318928,43.339641],[-88.318942,43.339082],[-88.318961,43.337631],[-88.318976,43.336517],[-88.319121,43.333281],[-88.319158,43.33247],[-88.319174,43.331831],[-88.319189,43.331215],[-88.319229,43.329578],[-88.319234,43.329367],[-88.31924,43.329162],[-88.319231,43.328752],[-88.31923,43.328717],[-88.319255,43.327922],[-88.31926,43.327788],[-88.319261,43.326556],[-88.319292,43.325433],[-88.319299,43.325185],[-88.319305,43.325066],[-88.319326,43.324604],[-88.319342,43.324241],[-88.319367,43.323723],[-88.319384,43.323154],[-88.319396,43.322792],[-88.3194,43.322675],[-88.319408,43.322411],[-88.319443,43.321268],[-88.319455,43.320887],[-88.319495,43.320829],[-88.319551,43.320751],[-88.319552,43.320634],[-88.319554,43.320326],[-88.319565,43.318956],[-88.319581,43.318035],[-88.319583,43.317949],[-88.319584,43.317374],[-88.319632,43.31585],[-88.319696,43.315299],[-88.319711,43.315205],[-88.319755,43.315052],[-88.319815,43.31492],[-88.319928,43.314719],[-88.319982,43.314614],[-88.320037,43.314471],[-88.320074,43.314325],[-88.320092,43.314158],[-88.320088,43.314009],[-88.320061,43.313843],[-88.320016,43.313698],[-88.319743,43.313086],[-88.31969,43.312927],[-88.319654,43.312744],[-88.319642,43.31258],[-88.31968,43.311633],[-88.319701,43.31115],[-88.319672,43.310857],[-88.319685,43.31061],[-88.319699,43.310372],[-88.319709,43.310281],[-88.31974,43.310151],[-88.319789,43.310024],[-88.320719,43.308333],[-88.321096,43.307579],[-88.321126,43.307471],[-88.321132,43.307361],[-88.321116,43.307263],[-88.321082,43.307168],[-88.320656,43.306439],[-88.320383,43.305976],[-88.320142,43.305568],[-88.320074,43.305444],[-88.319989,43.305258],[-88.319923,43.305068],[-88.319875,43.304874],[-88.319846,43.304679],[-88.319836,43.304483],[-88.319879,43.303547],[-88.319873,43.303332],[-88.319847,43.303118],[-88.319803,43.302905],[-88.319739,43.302695],[-88.319657,43.302489],[-88.319584,43.302336],[-88.31936,43.301953],[-88.319331,43.301868],[-88.31932,43.301781],[-88.319332,43.301621],[-88.319361,43.301499],[-88.319416,43.301365],[-88.319612,43.301034],[-88.319718,43.300886],[-88.31978,43.300781],[-88.319824,43.300671],[-88.319851,43.300544],[-88.319903,43.299297],[-88.319925,43.298406],[-88.319974,43.296436],[-88.319981,43.295761],[-88.320032,43.293342],[-88.320046,43.292699],[-88.32006,43.290972],[-88.320067,43.290622],[-88.320126,43.287768],[-88.320133,43.286084],[-88.320136,43.285455],[-88.320161,43.284671],[-88.32016,43.283666],[-88.320166,43.283187],[-88.320187,43.281754],[-88.320194,43.281276],[-88.320164,43.281284],[-88.320046,43.281312],[-88.319844,43.281347],[-88.319651,43.281367],[-88.319458,43.281374],[-88.319296,43.281368],[-88.319085,43.281362],[-88.318806,43.28134],[-88.318398,43.281323],[-88.316579,43.281318],[-88.315673,43.281316],[-88.310925,43.281305],[-88.310685,43.281301],[-88.310553,43.281303],[-88.310539,43.281303],[-88.310542,43.281289],[-88.310514,43.281295],[-88.310504,43.281304],[-88.300549,43.28135],[-88.300431,43.281351],[-88.299574,43.281349],[-88.29583,43.281342],[-88.29401,43.281339],[-88.290879,43.281333],[-88.290144,43.281328],[-88.290098,43.278592],[-88.289992,43.270818],[-88.289957,43.268227],[-88.289958,43.267966],[-88.289962,43.267182],[-88.289964,43.266922],[-88.289813,43.266896],[-88.289758,43.266883],[-88.289642,43.266857],[-88.289366,43.26678],[-88.289155,43.266706],[-88.289083,43.266681],[-88.288961,43.26663],[-88.287438,43.266628],[-88.282873,43.266622],[-88.281351,43.26662],[-88.281356,43.26644],[-88.281371,43.265903],[-88.281375,43.265772],[-88.281376,43.265724],[-88.280436,43.265726],[-88.280243,43.26572],[-88.280138,43.265707],[-88.280043,43.265697],[-88.279871,43.265663],[-88.279717,43.265621],[-88.278289,43.265119],[-88.278054,43.265053],[-88.277958,43.26503],[-88.277731,43.264986],[-88.277198,43.264933],[-88.27697,43.264926],[-88.276912,43.26493],[-88.276806,43.264949],[-88.276701,43.264984],[-88.276618,43.265027],[-88.276567,43.265065],[-88.276544,43.265083],[-88.276213,43.265495],[-88.276187,43.265523],[-88.276092,43.2656],[-88.275979,43.265663],[-88.275876,43.265702],[-88.275757,43.265732],[-88.275642,43.265747],[-88.2756,43.265747],[-88.275056,43.270306],[-88.274752,43.272866],[-88.270578,43.27287],[-88.270464,43.271963],[-88.270144,43.269432],[-88.269089,43.269433],[-88.26862,43.269434],[-88.26815,43.269434],[-88.266583,43.269435],[-88.265649,43.269437],[-88.265193,43.265808],[-88.265168,43.265808],[-88.264475,43.265814],[-88.262323,43.265833],[-88.261606,43.26584],[-88.261581,43.266751],[-88.26157,43.267164],[-88.26152,43.269462],[-88.261519,43.269485],[-88.261511,43.269847],[-88.261503,43.270397],[-88.260343,43.270396],[-88.256864,43.270393],[-88.255705,43.270393],[-88.255507,43.270398],[-88.255479,43.269632],[-88.255374,43.26674],[-88.25534,43.265777],[-88.253719,43.265762],[-88.252607,43.265755],[-88.25068,43.265744],[-88.249037,43.265735],[-88.246249,43.265732],[-88.24441,43.265725],[-88.242676,43.265719],[-88.241678,43.265709],[-88.238986,43.26567],[-88.238425,43.265661],[-88.236699,43.265636],[-88.233313,43.265599],[-88.231736,43.265584],[-88.228666,43.265555],[-88.226841,43.265538],[-88.226244,43.265532],[-88.225413,43.265523],[-88.224692,43.265514],[-88.22253,43.26549],[-88.22181,43.265482],[-88.221109,43.265478],[-88.219006,43.265466],[-88.218306,43.265462],[-88.21797,43.26546],[-88.216963,43.265454],[-88.216628,43.265453],[-88.216274,43.26545],[-88.215214,43.265443],[-88.214861,43.265441],[-88.213024,43.265428],[-88.212758,43.265426],[-88.208107,43.265404],[-88.20645,43.265391],[-88.204348,43.265376],[-88.204051,43.265373],[-88.203217,43.265367],[-88.203163,43.265367],[-88.202867,43.265373],[-88.202686,43.265375],[-88.202146,43.265384],[-88.201966,43.265387],[-88.201763,43.26539],[-88.201567,43.265393],[-88.201155,43.26539],[-88.200953,43.26539],[-88.199845,43.265385],[-88.197262,43.265387],[-88.197146,43.265388],[-88.193489,43.265356],[-88.191641,43.265328],[-88.188424,43.265294],[-88.186192,43.265283],[-88.185403,43.26528],[-88.184973,43.265275],[-88.184332,43.265258],[-88.183114,43.265202],[-88.18291,43.265207],[-88.182818,43.265209],[-88.182507,43.265255],[-88.182478,43.265257],[-88.182391,43.265265],[-88.182363,43.265268],[-88.18229,43.265265],[-88.182072,43.265257],[-88.182,43.265255],[-88.181994,43.265031],[-88.182,43.264255],[-88.182005,43.263843],[-88.182031,43.261624],[-88.18207,43.257993],[-88.182104,43.253797],[-88.18212,43.251569],[-88.182128,43.251422],[-88.182169,43.250717],[-88.182161,43.250367],[-88.182139,43.249318],[-88.182132,43.248969],[-88.182132,43.248755],[-88.182132,43.248116],[-88.182132,43.247903],[-88.182138,43.247116],[-88.182156,43.244757],[-88.182163,43.243971],[-88.182136,43.243681],[-88.182154,43.24305],[-88.182159,43.242888],[-88.18216,43.242104],[-88.182144,43.240283],[-88.182141,43.239842],[-88.182145,43.239361],[-88.182147,43.238998],[-88.18215,43.238582],[-88.182154,43.237911],[-88.182157,43.237549],[-88.182159,43.237275],[-88.182164,43.236453],[-88.182167,43.23618],[-88.182171,43.234712],[-88.182184,43.23031],[-88.182189,43.228843],[-88.182174,43.228396],[-88.18215,43.22772],[-88.182144,43.227534],[-88.182125,43.224956],[-88.182137,43.224351],[-88.182162,43.223229],[-88.182168,43.222907],[-88.182179,43.222447],[-88.182181,43.221942],[-88.182183,43.221621],[-88.183194,43.221592],[-88.186227,43.221508],[-88.187239,43.221481],[-88.187459,43.221484],[-88.187526,43.221486],[-88.187814,43.221491],[-88.188077,43.221496],[-88.18812,43.221496],[-88.188341,43.221501],[-88.189086,43.221508],[-88.191321,43.22153],[-88.192066,43.221538],[-88.192063,43.221798],[-88.192058,43.222526],[-88.192058,43.222578],[-88.192061,43.222838],[-88.192065,43.223342],[-88.192073,43.224313],[-88.192085,43.224856],[-88.192097,43.225361],[-88.195356,43.225397],[-88.196245,43.225408],[-88.200182,43.22547],[-88.200623,43.225496],[-88.200789,43.225493],[-88.201174,43.225479],[-88.201739,43.225482],[-88.202156,43.225484],[-88.205135,43.225513],[-88.205254,43.225515],[-88.208395,43.225525],[-88.208454,43.225525],[-88.208632,43.225525],[-88.208692,43.225526],[-88.208682,43.224757],[-88.208673,43.224053],[-88.208652,43.22245],[-88.208651,43.222366],[-88.208703,43.222004],[-88.208995,43.221876],[-88.210401,43.22189],[-88.210564,43.221889],[-88.21167,43.221887],[-88.212115,43.221867],[-88.21527,43.221883],[-88.21684,43.221891],[-88.216948,43.221923],[-88.217257,43.222014],[-88.217275,43.222008],[-88.217385,43.221977],[-88.217542,43.221957],[-88.218015,43.2219],[-88.218173,43.221881],[-88.218891,43.221894],[-88.221044,43.221936],[-88.221763,43.22195],[-88.222433,43.221955],[-88.224446,43.221971],[-88.225117,43.221977],[-88.225093,43.22231],[-88.225021,43.223309],[-88.224997,43.223642],[-88.225015,43.223927],[-88.225069,43.224783],[-88.225088,43.225069],[-88.225342,43.227525],[-88.22528,43.22917],[-88.22514,43.232926],[-88.23373,43.232914],[-88.234072,43.232913],[-88.234122,43.232913],[-88.237846,43.232909],[-88.238652,43.232918],[-88.241071,43.232947],[-88.241878,43.232957],[-88.241877,43.233026],[-88.241877,43.233235],[-88.241877,43.233305],[-88.241877,43.233986],[-88.241877,43.236029],[-88.241878,43.236711],[-88.24265,43.236717],[-88.244969,43.236735],[-88.245742,43.236741],[-88.246527,43.236748],[-88.247552,43.236758],[-88.248883,43.23677],[-88.249669,43.236778],[-88.249929,43.236779],[-88.250709,43.236785],[-88.250969,43.236787],[-88.250962,43.234832],[-88.250956,43.23306],[-88.255045,43.233049],[-88.257,43.233044],[-88.257353,43.233044],[-88.258412,43.233044],[-88.258765,43.233044],[-88.259378,43.233044],[-88.261221,43.233046],[-88.261835,43.233047],[-88.261834,43.232636],[-88.261834,43.232156],[-88.261826,43.231406],[-88.261822,43.230996],[-88.261817,43.230499],[-88.261802,43.229008],[-88.261797,43.228512],[-88.26179,43.22788],[-88.261785,43.227304],[-88.261777,43.225984],[-88.261774,43.225352],[-88.259724,43.225373],[-88.25467,43.225425],[-88.254645,43.224331],[-88.254599,43.222283],[-88.254518,43.219255],[-88.255208,43.21925],[-88.258608,43.219228],[-88.258464,43.211469],[-88.258396,43.207751],[-88.258423,43.207751],[-88.259056,43.207751],[-88.259986,43.207751],[-88.260955,43.20774],[-88.261589,43.207734],[-88.261582,43.206573],[-88.261571,43.204454],[-88.261558,43.203093],[-88.261548,43.201934],[-88.261545,43.201663],[-88.261542,43.201206],[-88.261531,43.200851],[-88.261523,43.200581],[-88.261507,43.200067],[-88.261499,43.199825],[-88.261486,43.199352],[-88.261461,43.198525],[-88.261446,43.198011],[-88.26357,43.197984],[-88.263602,43.197983],[-88.270073,43.197902],[-88.27223,43.197875],[-88.272251,43.197677],[-88.27225,43.197514],[-88.272244,43.19643],[-88.272243,43.196069],[-88.272243,43.19552],[-88.272246,43.193874],[-88.272251,43.193242],[-88.273079,43.193235],[-88.273615,43.193235],[-88.273904,43.193234],[-88.27395,43.193233],[-88.274001,43.193232],[-88.274373,43.193201],[-88.274498,43.193191],[-88.274571,43.193183],[-88.274793,43.193161],[-88.274868,43.193155],[-88.274939,43.193157],[-88.275155,43.193165],[-88.275227,43.193168],[-88.2758,43.193194],[-88.275835,43.193195],[-88.275941,43.193198],[-88.275977,43.1932],[-88.276018,43.193201],[-88.276144,43.193204],[-88.276186,43.193206],[-88.276204,43.193212],[-88.276397,43.193217],[-88.276414,43.193221],[-88.277289,43.193214],[-88.277442,43.193213],[-88.277678,43.193238],[-88.278785,43.193238],[-88.27929,43.193216],[-88.279391,43.193203],[-88.279593,43.193204],[-88.280015,43.193201],[-88.280329,43.193205],[-88.280734,43.19321],[-88.281829,43.193214],[-88.282442,43.193205],[-88.285178,43.193187],[-88.291129,43.193201],[-88.291458,43.193199],[-88.296397,43.193155],[-88.300085,43.193139],[-88.300585,43.193131],[-88.300638,43.193134],[-88.301428,43.193124],[-88.303112,43.193113],[-88.304181,43.193101],[-88.305,43.193102],[-88.310569,43.193045],[-88.31278,43.193023],[-88.314575,43.193023],[-88.317067,43.193002],[-88.31757,43.192998],[-88.319891,43.192979],[-88.321125,43.192974],[-88.3213,43.192973],[-88.324722,43.19296],[-88.327186,43.192947],[-88.327422,43.192946],[-88.328008,43.19294],[-88.328672,43.192944],[-88.330148,43.192941],[-88.331511,43.192939],[-88.332854,43.192935],[-88.333185,43.192931],[-88.333337,43.192928],[-88.33348,43.192928],[-88.333755,43.192933],[-88.334097,43.192936],[-88.335016,43.192929],[-88.338113,43.192932],[-88.338151,43.192934],[-88.338199,43.192932],[-88.338791,43.192934],[-88.338924,43.192933],[-88.339746,43.192933],[-88.340261,43.192937],[-88.340476,43.192938],[-88.343497,43.192964],[-88.343827,43.192977],[-88.345966,43.193029],[-88.346055,43.193025],[-88.346443,43.193012],[-88.349885,43.193027],[-88.350034,43.193027],[-88.358416,43.193135],[-88.358877,43.193141],[-88.359298,43.193145],[-88.368452,43.193253],[-88.368988,43.193267],[-88.369369,43.193279],[-88.369804,43.193294],[-88.370109,43.193302],[-88.370513,43.193317],[-88.37088,43.193328],[-88.371236,43.193339],[-88.374846,43.193435],[-88.3749,43.193438],[-88.37494,43.193433],[-88.375006,43.193434],[-88.375065,43.193435],[-88.375524,43.193459],[-88.377429,43.193518],[-88.379091,43.19357],[-88.379199,43.193573],[-88.379293,43.193569],[-88.379759,43.193589],[-88.38029,43.193595],[-88.380738,43.193594],[-88.381501,43.19361],[-88.383317,43.193663],[-88.384365,43.193688],[-88.38601,43.193738],[-88.386418,43.193741],[-88.387126,43.193766],[-88.387505,43.193774],[-88.388437,43.19382],[-88.389016,43.193835],[-88.389317,43.193851],[-88.389318,43.193871],[-88.389991,43.193888],[-88.391799,43.193934],[-88.392164,43.193943],[-88.39232,43.193938],[-88.393941,43.193988],[-88.394987,43.194032],[-88.39732,43.194114],[-88.399093,43.194172],[-88.399185,43.194175],[-88.399227,43.194043],[-88.399252,43.193963],[-88.40337,43.194087],[-88.409105,43.194276],[-88.414011,43.194407],[-88.414065,43.194408],[-88.416859,43.194686],[-88.417775,43.194711],[-88.417987,43.194697],[-88.417986,43.195901],[-88.418027,43.197908],[-88.418062,43.19914],[-88.418058,43.19973],[-88.418078,43.201384],[-88.418121,43.20303],[-88.418135,43.203771],[-88.418136,43.205481],[-88.418161,43.207402],[-88.418161,43.208315],[-88.418185,43.209293],[-88.418189,43.209477],[-88.418213,43.210403],[-88.418226,43.211109],[-88.418238,43.211719],[-88.418243,43.212737],[-88.418248,43.213067],[-88.418256,43.21355],[-88.418258,43.214529],[-88.418248,43.215423],[-88.418279,43.216326],[-88.418278,43.217149],[-88.420574,43.217152],[-88.424702,43.216678],[-88.435566,43.217189],[-88.435565,43.218222],[-88.435189,43.22437],[-88.435336,43.224374],[-88.435511,43.224366],[-88.435781,43.224332],[-88.436035,43.224289],[-88.436252,43.224235],[-88.436509,43.224155],[-88.436631,43.22411],[-88.43684,43.224023],[-88.437048,43.223923],[-88.437239,43.223804],[-88.43771,43.224106],[-88.437922,43.224231],[-88.438109,43.224315],[-88.438281,43.224365],[-88.438344,43.224375],[-88.438651,43.239016],[-88.438571,43.245617],[-88.438552,43.246517],[-88.438421,43.249184],[-88.438416,43.249279],[-88.43836,43.249569],[-88.438676,43.249593],[-88.438788,43.2496],[-88.443584,43.249882],[-88.443623,43.250471],[-88.443653,43.250918],[-88.443659,43.250928],[-88.443706,43.250957],[-88.443653,43.253485],[-88.443561,43.259468],[-88.443682,43.259539],[-88.443652,43.260652],[-88.445189,43.260696],[-88.448612,43.260743],[-88.448597,43.259635],[-88.448567,43.257139],[-88.453512,43.25717],[-88.453535,43.258074],[-88.456658,43.258108],[-88.458465,43.258127],[-88.458443,43.257177],[-88.458344,43.253633],[-88.458567,43.253635],[-88.45903,43.253638],[-88.459403,43.253653],[-88.459862,43.253659],[-88.461126,43.253648],[-88.462445,43.253636],[-88.463475,43.253635],[-88.468891,43.253672],[-88.468852,43.246575],[-88.470912,43.246566],[-88.472971,43.246557],[-88.47297,43.248126],[-88.472974,43.249867],[-88.475234,43.249861],[-88.4781,43.249853],[-88.478088,43.251068],[-88.478126,43.257205],[-88.479107,43.257219],[-88.484158,43.257291],[-88.484161,43.258735],[-88.484166,43.261139],[-88.488302,43.261016],[-88.488291,43.259075],[-88.488278,43.256825],[-88.492687,43.25681],[-88.492668,43.253624],[-88.498187,43.253482],[-88.498192,43.252494],[-88.498185,43.25173],[-88.498169,43.251057],[-88.498165,43.250477],[-88.498187,43.249798],[-88.498177,43.249131],[-88.498159,43.248453],[-88.498154,43.247784],[-88.498152,43.247665],[-88.51324,43.247719],[-88.517925,43.247736],[-88.517906,43.248648],[-88.517887,43.250118],[-88.517883,43.250311],[-88.517862,43.251481],[-88.517833,43.253671],[-88.520785,43.253707],[-88.524343,43.253737],[-88.527557,43.253822],[-88.527559,43.259673],[-88.530515,43.259921],[-88.531135,43.260121],[-88.531493,43.260027],[-88.531867,43.259803],[-88.531981,43.259966],[-88.531959,43.260791],[-88.536795,43.260903],[-88.53679,43.259984],[-88.536753,43.257618],[-88.536728,43.256469],[-88.536714,43.255423],[-88.536689,43.254218],[-88.536783,43.254219],[-88.536767,43.253649],[-88.536766,43.253205],[-88.536751,43.252574],[-88.53675,43.252052],[-88.536766,43.25086],[-88.536762,43.250669],[-88.536704,43.250011],[-88.536635,43.246936],[-88.536591,43.242651],[-88.536586,43.242263],[-88.536846,43.24226],[-88.540565,43.242262],[-88.540597,43.239451],[-88.549043,43.23945],[-88.549456,43.239449],[-88.549566,43.239499],[-88.549637,43.239577],[-88.549805,43.239675],[-88.550002,43.239752],[-88.550298,43.239825],[-88.550411,43.239861],[-88.550643,43.239887],[-88.550911,43.239878],[-88.551333,43.239884],[-88.551544,43.239879],[-88.551763,43.239854],[-88.551967,43.239839],[-88.552129,43.239788],[-88.552292,43.239726],[-88.552398,43.239634],[-88.552475,43.239577],[-88.552539,43.2395],[-88.552589,43.239428],[-88.552674,43.239238],[-88.552724,43.23915],[-88.552766,43.239016],[-88.552816,43.23895],[-88.552894,43.238831],[-88.552958,43.238765],[-88.553021,43.238651],[-88.55305,43.238579],[-88.55305,43.238461],[-88.553072,43.238399],[-88.553128,43.238317],[-88.553227,43.238199],[-88.553468,43.237973],[-88.553637,43.237839],[-88.553849,43.237721],[-88.554047,43.237644],[-88.554265,43.237598],[-88.55447,43.237583],[-88.554695,43.237609],[-88.554864,43.237677],[-88.554969,43.23778],[-88.554969,43.237873],[-88.554989,43.238006],[-88.555066,43.238357],[-88.55503,43.238511],[-88.554874,43.238815],[-88.554831,43.238948],[-88.554817,43.239056],[-88.554696,43.239267],[-88.554646,43.239442],[-88.554639,43.239571],[-88.554673,43.239659],[-88.5548,43.239736],[-88.555053,43.239814],[-88.555237,43.239809],[-88.555455,43.239773],[-88.555674,43.239712],[-88.555801,43.23964],[-88.555984,43.239563],[-88.556133,43.239455],[-88.55622,43.239361],[-88.556506,43.239093],[-88.556806,43.238855],[-88.557011,43.238716],[-88.557215,43.238627],[-88.557474,43.238529],[-88.557814,43.23847],[-88.558181,43.23846],[-88.558453,43.238491],[-88.558752,43.238531],[-88.559064,43.238591],[-88.559295,43.238651],[-88.559757,43.238901],[-88.560123,43.23912],[-88.560449,43.239299],[-88.560707,43.239389],[-88.561006,43.23941],[-88.561265,43.23942],[-88.561349,43.239417],[-88.56155,43.239411],[-88.561864,43.239433],[-88.564393,43.239257],[-88.564664,43.239407],[-88.564792,43.23954],[-88.56491,43.239637],[-88.565009,43.239747],[-88.565118,43.239893],[-88.565218,43.240017],[-88.565331,43.24019],[-88.565399,43.24026],[-88.565476,43.24047],[-88.565525,43.240656],[-88.565534,43.240697],[-88.566739,43.240676],[-88.566399,43.244614],[-88.566163,43.246724],[-88.567674,43.247826],[-88.567698,43.247672],[-88.567708,43.2475],[-88.567727,43.247313],[-88.567714,43.247101],[-88.56767,43.246818],[-88.567594,43.246475],[-88.567531,43.246219],[-88.567499,43.246026],[-88.567514,43.245876],[-88.567601,43.24575],[-88.567774,43.245574],[-88.567911,43.245471],[-88.567936,43.245442],[-88.568105,43.245379],[-88.568218,43.245353],[-88.568355,43.245287],[-88.568642,43.245188],[-88.568897,43.245128],[-88.569007,43.245112],[-88.569271,43.245062],[-88.569667,43.245076],[-88.569894,43.245063],[-88.57014,43.245087],[-88.570372,43.245124],[-88.570604,43.245211],[-88.570749,43.245288],[-88.570895,43.245391],[-88.571017,43.245494],[-88.57114,43.245608],[-88.571217,43.245718],[-88.571432,43.24596],[-88.571559,43.24615],[-88.571681,43.24625],[-88.57169,43.246332],[-88.571726,43.24641],[-88.571771,43.246466],[-88.571794,43.246553],[-88.571848,43.246719],[-88.571888,43.246909],[-88.571888,43.247062],[-88.571937,43.247341],[-88.571955,43.247388],[-88.571963,43.247463],[-88.571994,43.248129],[-88.57202,43.248338],[-88.57207,43.248478],[-88.572056,43.248608],[-88.572037,43.248701],[-88.572059,43.248921],[-88.572126,43.249296],[-88.572148,43.249543],[-88.572144,43.249748],[-88.572161,43.249967],[-88.572215,43.250274],[-88.572254,43.250647],[-88.572299,43.250876],[-88.572312,43.250996],[-88.572344,43.251139],[-88.572348,43.251262],[-88.572329,43.251472],[-88.572365,43.251571],[-88.572392,43.251734],[-88.572451,43.25188],[-88.572527,43.252177],[-88.572553,43.252536],[-88.572511,43.252762],[-88.572479,43.252905],[-88.57237,43.252988],[-88.57215,43.253093],[-88.57205,43.253086],[-88.571991,43.253042],[-88.572005,43.252996],[-88.572087,43.252959],[-88.572092,43.252893],[-88.572033,43.252879],[-88.571791,43.252975],[-88.571613,43.253022],[-88.571558,43.253052],[-88.571549,43.253085],[-88.571549,43.253121],[-88.571531,43.253151],[-88.571463,43.253158],[-88.571403,43.253191],[-88.571439,43.253424],[-88.571562,43.253481],[-88.57163,43.253551],[-88.571707,43.253667],[-88.572192,43.254154],[-88.572274,43.254197],[-88.572306,43.25425],[-88.572733,43.254734],[-88.572905,43.255027],[-88.573049,43.2553],[-88.573222,43.255573],[-88.57352,43.256252],[-88.573692,43.256598],[-88.5739,43.256911],[-88.574054,43.257198],[-88.574146,43.257343],[-88.574145,43.257709],[-88.574099,43.257842],[-88.574061,43.258361],[-88.574005,43.258787],[-88.574013,43.259139],[-88.574048,43.259365],[-88.574138,43.259651],[-88.574265,43.260004],[-88.5744,43.260264],[-88.574536,43.26061],[-88.574599,43.260876],[-88.574643,43.261176],[-88.574614,43.261634],[-88.574559,43.26182],[-88.574538,43.261899],[-88.574504,43.262032],[-88.574512,43.262119],[-88.574458,43.262165],[-88.574156,43.262557],[-88.573937,43.262683],[-88.573763,43.262829],[-88.573617,43.262995],[-88.573553,43.263155],[-88.573516,43.263374],[-88.573606,43.263594],[-88.573969,43.263987],[-88.574486,43.264487],[-88.574753,43.264779],[-88.575058,43.265113],[-88.575868,43.265911],[-88.576068,43.266204],[-88.576185,43.266457],[-88.576255,43.266632],[-88.576466,43.267017],[-88.57669,43.267252],[-88.576776,43.267398],[-88.576824,43.26752],[-88.57701,43.267774],[-88.577208,43.267999],[-88.577278,43.268178],[-88.577348,43.268417],[-88.577418,43.268566],[-88.577784,43.269037],[-88.577868,43.2692],[-88.577997,43.269364],[-88.578256,43.269646],[-88.578463,43.269919],[-88.578608,43.270003],[-88.578878,43.270132],[-88.5795,43.270483],[-88.579718,43.270612],[-88.579894,43.270863],[-88.579909,43.270954],[-88.579955,43.271235]],[[-88.533346,43.294376],[-88.533343,43.293837],[-88.533342,43.293317],[-88.533339,43.292054],[-88.530878,43.292045],[-88.530879,43.29186],[-88.530889,43.290244],[-88.528412,43.290238],[-88.528396,43.292844],[-88.528392,43.293557],[-88.528381,43.295347],[-88.528373,43.2966],[-88.528368,43.297454],[-88.533328,43.297507],[-88.53333,43.296631],[-88.533354,43.29456],[-88.533346,43.294376]]],[[[-88.264672,43.196212],[-88.26305,43.196217],[-88.262818,43.196218],[-88.261397,43.196223],[-88.261387,43.19588],[-88.261377,43.195475],[-88.261359,43.194851],[-88.26135,43.194509],[-88.26238,43.194508],[-88.263003,43.194507],[-88.264634,43.194505],[-88.264672,43.196212]]]]}},{"type":"Feature","properties":{"STATEFP":"55","SCSDLEA":"13290","GEOID":"5513290","GEOIDFQ":"9600000US5513290","NAME":"Westosha Central High School District","LSAD":"00","LOGRADE":"09","HIGRADE":"12","MTFCC":"G5410","SDTYP":"","FUNCSTAT":"E","ALAND":359623114,"AWATER":4320361,"INTPTLAT":"+42.5896238","INTPTLON":"-088.0809892"},"geometry":{"type":"Polygon","coordinates":[[[-88.305891,42.610817],[-88.305828,42.610817],[-88.305642,42.610817],[-88.30558,42.610818],[-88.305453,42.610818],[-88.305217,42.61082],[-88.305074,42.61082],[-88.304948,42.610821],[-88.304461,42.610822],[-88.303001,42.610829],[-88.302515,42.610832],[-88.302478,42.610832],[-88.295874,42.610862],[-88.295073,42.610872],[-88.292639,42.610919],[-88.287785,42.611012],[-88.286236,42.61102],[-88.276398,42.61105],[-88.269777,42.611055],[-88.2692,42.611055],[-88.267469,42.611056],[-88.266893,42.611057],[-88.266822,42.611057],[-88.266612,42.611057],[-88.266542,42.611058],[-88.266526,42.611057],[-88.266479,42.611057],[-88.266464,42.611057],[-88.26453,42.611057],[-88.261666,42.611057],[-88.258731,42.611055],[-88.256799,42.611055],[-88.250082,42.611053],[-88.249267,42.611052],[-88.247055,42.611052],[-88.246825,42.611053],[-88.246012,42.611057],[-88.243446,42.61107],[-88.237261,42.611102],[-88.235748,42.611112],[-88.233183,42.611129],[-88.232365,42.611135],[-88.232171,42.611136],[-88.229982,42.611151],[-88.229845,42.611152],[-88.227475,42.611167],[-88.226032,42.611177],[-88.225685,42.611179],[-88.225411,42.611181],[-88.225124,42.611183],[-88.222519,42.611199],[-88.222455,42.611199],[-88.221111,42.611207],[-88.217082,42.611231],[-88.215739,42.61124],[-88.215704,42.61124],[-88.215624,42.611241],[-88.215599,42.611241],[-88.215565,42.611241],[-88.215532,42.611242],[-88.215514,42.611242],[-88.215363,42.611242],[-88.215313,42.611243],[-88.213802,42.611252],[-88.209272,42.611279],[-88.207762,42.611289],[-88.188173,42.611456],[-88.188207,42.622084],[-88.188213,42.624084],[-88.188215,42.62513],[-88.188218,42.625934],[-88.188247,42.629795],[-88.188247,42.629813],[-88.188272,42.633186],[-88.188284,42.635729],[-88.188288,42.636618],[-88.188298,42.639137],[-88.188298,42.639393],[-88.188301,42.640161],[-88.188303,42.640418],[-88.188303,42.641241],[-88.188306,42.643715],[-88.188308,42.64454],[-88.188311,42.647679],[-88.188317,42.649558],[-88.18832,42.65065],[-88.188322,42.651558],[-88.188329,42.653569],[-88.188329,42.653936],[-88.188327,42.657173],[-88.188327,42.657263],[-88.188318,42.662115],[-88.188304,42.668641],[-88.188303,42.669361],[-88.188306,42.669709],[-88.187923,42.669705],[-88.168982,42.669108],[-88.168887,42.669106],[-88.160331,42.669272],[-88.159412,42.669289],[-88.159206,42.669288],[-88.157191,42.669287],[-88.151147,42.669285],[-88.149885,42.669285],[-88.149133,42.669283],[-88.148361,42.669281],[-88.146045,42.669276],[-88.145273,42.669275],[-88.14422,42.669272],[-88.141061,42.669265],[-88.140009,42.669263],[-88.139916,42.669262],[-88.139638,42.669262],[-88.139546,42.669262],[-88.139413,42.669262],[-88.139013,42.669264],[-88.138881,42.669265],[-88.138085,42.669268],[-88.136572,42.669274],[-88.132034,42.669291],[-88.130522,42.669298],[-88.130442,42.669298],[-88.130202,42.669299],[-88.130123,42.6693],[-88.129703,42.669302],[-88.12036,42.669349],[-88.110688,42.66939],[-88.110592,42.669391],[-88.110438,42.6694],[-88.110672,42.668471],[-88.110624,42.665714],[-88.110609,42.664795],[-88.110605,42.664586],[-88.110593,42.663959],[-88.11059,42.66375],[-88.110573,42.662739],[-88.110559,42.662235],[-88.110442,42.657693],[-88.110403,42.656179],[-88.104464,42.656214],[-88.104206,42.656216],[-88.092281,42.656288],[-88.086647,42.656322],[-88.080709,42.656358],[-88.078663,42.656367],[-88.072525,42.656396],[-88.071577,42.656401],[-88.071188,42.656403],[-88.07082,42.656405],[-88.070479,42.656406],[-88.069768,42.65641],[-88.068443,42.656417],[-88.066869,42.656426],[-88.066671,42.656427],[-88.063537,42.656444],[-88.062338,42.65645],[-88.060303,42.656462],[-88.058668,42.656468],[-88.056633,42.656477],[-88.053764,42.656489],[-88.05213,42.656496],[-88.049143,42.656515],[-88.040182,42.656574],[-88.037196,42.656594],[-88.032829,42.656627],[-88.031578,42.656637],[-88.031579,42.65738],[-88.030669,42.657388],[-88.03062,42.656637],[-88.02982,42.656635],[-88.029932,42.665275],[-88.029989,42.669642],[-88.026986,42.669629],[-88.026035,42.669624],[-88.023184,42.669611],[-88.022234,42.669607],[-88.022124,42.669606],[-88.017409,42.66954],[-88.015115,42.669542],[-88.012855,42.669547],[-88.012649,42.669548],[-88.011824,42.669552],[-88.002721,42.66954],[-88.002314,42.669541],[-87.992909,42.669536],[-87.992634,42.669536],[-87.992602,42.669535],[-87.991609,42.669537],[-87.982897,42.669543],[-87.978951,42.669545],[-87.978065,42.669546],[-87.977761,42.669546],[-87.974191,42.669548],[-87.973001,42.66955],[-87.969084,42.669553],[-87.959588,42.669562],[-87.958309,42.669563],[-87.957336,42.669563],[-87.95342,42.669567],[-87.953284,42.669566],[-87.953068,42.669564],[-87.953065,42.669431],[-87.953038,42.668279],[-87.953002,42.66671],[-87.953,42.666551],[-87.95298,42.664426],[-87.952978,42.664121],[-87.952961,42.663142],[-87.95296,42.663127],[-87.95296,42.663083],[-87.95296,42.663069],[-87.952936,42.661439],[-87.952901,42.659031],[-87.952853,42.656549],[-87.952848,42.656279],[-87.952878,42.65492],[-87.952857,42.653166],[-87.952843,42.651925],[-87.952804,42.647907],[-87.952788,42.646154],[-87.952781,42.644996],[-87.952777,42.644071],[-87.952758,42.642201],[-87.95276,42.641526],[-87.952764,42.640369],[-87.952751,42.639238],[-87.952728,42.637222],[-87.952717,42.635847],[-87.952712,42.635215],[-87.952708,42.634717],[-87.952707,42.634575],[-87.952705,42.633304],[-87.952704,42.63256],[-87.952705,42.632372],[-87.95272,42.630454],[-87.952708,42.628421],[-87.952683,42.626354],[-87.952666,42.625338],[-87.952638,42.623613],[-87.952626,42.622994],[-87.952612,42.622198],[-87.952585,42.621364],[-87.952548,42.62016],[-87.952527,42.619511],[-87.952493,42.618114],[-87.952465,42.616666],[-87.952459,42.616474],[-87.952423,42.615078],[-87.952418,42.614845],[-87.952399,42.614177],[-87.952398,42.614137],[-87.952382,42.613579],[-87.952354,42.612531],[-87.952345,42.611158],[-87.952339,42.610244],[-87.952332,42.609781],[-87.952319,42.608865],[-87.952315,42.608516],[-87.952312,42.604074],[-87.952309,42.602448],[-87.952309,42.602073],[-87.952389,42.600043],[-87.952521,42.597886],[-87.952535,42.597579],[-87.952546,42.59734],[-87.952571,42.596811],[-87.952809,42.596807],[-87.9528,42.59459],[-87.95279,42.592572],[-87.952782,42.589817],[-87.952781,42.589549],[-87.952792,42.588216],[-87.952816,42.585935],[-87.952808,42.585058],[-87.952812,42.583914],[-87.952814,42.583398],[-87.952802,42.582304],[-87.952879,42.582304],[-87.953001,42.582306],[-87.952987,42.581599],[-87.952958,42.580124],[-87.952951,42.579479],[-87.952945,42.578773],[-87.952941,42.578411],[-87.952938,42.577976],[-87.952936,42.577326],[-87.952935,42.576965],[-87.952933,42.576474],[-87.95293,42.575524],[-87.952929,42.575002],[-87.952928,42.574585],[-87.952928,42.574512],[-87.952927,42.574364],[-87.952926,42.57392],[-87.952926,42.573773],[-87.952913,42.573182],[-87.952898,42.572461],[-87.952881,42.571411],[-87.95288,42.571343],[-87.952876,42.571086],[-87.952874,42.570821],[-87.952873,42.570753],[-87.952872,42.57055],[-87.952872,42.570483],[-87.952868,42.56992],[-87.952867,42.569691],[-87.952835,42.568332],[-87.952834,42.568233],[-87.952831,42.56785],[-87.952829,42.567708],[-87.952829,42.567671],[-87.952828,42.567623],[-87.952828,42.567558],[-87.952828,42.56753],[-87.952826,42.56743],[-87.952825,42.567331],[-87.952823,42.567229],[-87.952822,42.567171],[-87.952821,42.567131],[-87.95282,42.567032],[-87.952816,42.56677],[-87.952811,42.56649],[-87.952786,42.564864],[-87.952782,42.564564],[-87.95278,42.564322],[-87.952773,42.563361],[-87.952766,42.562136],[-87.952736,42.560481],[-87.952719,42.559522],[-87.9527,42.558455],[-87.952645,42.553972],[-87.952534,42.549964],[-87.952534,42.546865],[-87.952456,42.544488],[-87.952439,42.543958],[-87.952429,42.543723],[-87.952426,42.543478],[-87.952364,42.539118],[-87.952168,42.52976],[-87.952145,42.529034],[-87.952125,42.528576],[-87.952118,42.528301],[-87.952105,42.52792],[-87.952028,42.52583],[-87.951977,42.524694],[-87.951952,42.523829],[-87.951947,42.523671],[-87.951943,42.518656],[-87.951939,42.51847],[-87.951917,42.517457],[-87.951749,42.512896],[-87.951736,42.51207],[-87.951673,42.510297],[-87.951572,42.502028],[-87.951556,42.500546],[-87.951552,42.500028],[-87.951515,42.499419],[-87.951489,42.499164],[-87.951417,42.498567],[-87.951377,42.498313],[-87.951198,42.497589],[-87.951073,42.49715],[-87.950447,42.495274],[-87.950134,42.494594],[-87.950201,42.494595],[-87.950915,42.494605],[-87.951031,42.494606],[-87.951587,42.494614],[-87.954626,42.494657],[-87.961772,42.494756],[-87.971581,42.494843],[-87.980975,42.494925],[-87.981324,42.494928],[-87.99007,42.494941],[-87.990404,42.494941],[-87.991326,42.494943],[-87.997094,42.494951],[-88.002429,42.494959],[-88.003145,42.494959],[-88.003283,42.49496],[-88.003284,42.494893],[-88.004996,42.494911],[-88.005079,42.494912],[-88.017531,42.495037],[-88.017576,42.495049],[-88.020749,42.495075],[-88.02505,42.495113],[-88.026999,42.495133],[-88.027125,42.495134],[-88.027251,42.495136],[-88.030563,42.495172],[-88.030591,42.495168],[-88.037966,42.49524],[-88.03798,42.495241],[-88.04226,42.495283],[-88.042515,42.495286],[-88.049595,42.495367],[-88.051073,42.495384],[-88.058702,42.49547],[-88.058899,42.495472],[-88.05918,42.495475],[-88.061918,42.495506],[-88.062063,42.495507],[-88.065064,42.495528],[-88.068425,42.49555],[-88.068475,42.49555],[-88.068755,42.495551],[-88.068936,42.495552],[-88.069746,42.495557],[-88.070077,42.49556],[-88.077103,42.495606],[-88.07772,42.49561],[-88.078683,42.495619],[-88.078894,42.495619],[-88.079542,42.495622],[-88.079763,42.495623],[-88.080428,42.495627],[-88.08065,42.495629],[-88.080733,42.495629],[-88.080982,42.49563],[-88.081066,42.495631],[-88.081405,42.495632],[-88.082425,42.495635],[-88.082765,42.495637],[-88.082892,42.495637],[-88.083272,42.495637],[-88.0834,42.495637],[-88.08997,42.495631],[-88.090065,42.495631],[-88.090869,42.49563],[-88.09174,42.495629],[-88.094212,42.495627],[-88.097191,42.495624],[-88.098449,42.495623],[-88.099312,42.495622],[-88.100177,42.495621],[-88.100994,42.49562],[-88.101342,42.49562],[-88.101477,42.495619],[-88.102218,42.495619],[-88.103156,42.495618],[-88.103881,42.495617],[-88.107489,42.495614],[-88.108332,42.495613],[-88.108692,42.495613],[-88.108769,42.495613],[-88.109002,42.495613],[-88.10908,42.495613],[-88.109671,42.495613],[-88.109558,42.496278],[-88.10936,42.497432],[-88.109333,42.497718],[-88.109256,42.498578],[-88.109231,42.498865],[-88.108573,42.499112],[-88.108376,42.499186],[-88.1066,42.499856],[-88.105943,42.500104],[-88.105874,42.501066],[-88.10585,42.501384],[-88.105568,42.505227],[-88.105475,42.506508],[-88.104886,42.506507],[-88.103123,42.506507],[-88.102535,42.506507],[-88.102267,42.506506],[-88.101463,42.506506],[-88.101196,42.506506],[-88.101241,42.506562],[-88.101354,42.506802],[-88.101554,42.506987],[-88.101623,42.507118],[-88.101654,42.507304],[-88.101728,42.507506],[-88.101775,42.507632],[-88.101865,42.507807],[-88.101962,42.507927],[-88.102104,42.508041],[-88.102253,42.508112],[-88.102342,42.508117],[-88.102641,42.50807],[-88.102831,42.508],[-88.103231,42.507938],[-88.10332,42.507938],[-88.103469,42.507981],[-88.103528,42.507981],[-88.103705,42.507904],[-88.103884,42.507985],[-88.103921,42.50799],[-88.104047,42.507957],[-88.104084,42.507973],[-88.104152,42.508082],[-88.104108,42.50817],[-88.104131,42.508268],[-88.104183,42.508312],[-88.10448,42.508366],[-88.104532,42.508382],[-88.104688,42.50843],[-88.104985,42.50844],[-88.105164,42.508593],[-88.105485,42.508931],[-88.104762,42.509565],[-88.105557,42.510236],[-88.105619,42.510422],[-88.105871,42.511288],[-88.107419,42.511541],[-88.107154,42.515661],[-88.107013,42.517857],[-88.107545,42.517628],[-88.107861,42.517494],[-88.10839,42.517273],[-88.10855,42.517209],[-88.108591,42.517196],[-88.108847,42.517082],[-88.109142,42.516943],[-88.109462,42.516794],[-88.109666,42.516695],[-88.109666,42.517159],[-88.109669,42.518551],[-88.10967,42.519015],[-88.10967,42.52051],[-88.10967,42.52112],[-88.109672,42.523709],[-88.109672,42.524998],[-88.109673,42.526494],[-88.109561,42.52967],[-88.109518,42.530879],[-88.109223,42.539243],[-88.114017,42.539231],[-88.118405,42.539221],[-88.119226,42.539216],[-88.121692,42.539204],[-88.122514,42.5392],[-88.122671,42.539204],[-88.123143,42.539219],[-88.123301,42.539224],[-88.123658,42.539235],[-88.12473,42.539268],[-88.125088,42.53928],[-88.125282,42.539276],[-88.125867,42.539268],[-88.126062,42.539266],[-88.126163,42.539266],[-88.126468,42.539266],[-88.12657,42.539267],[-88.126851,42.539406],[-88.126938,42.53945],[-88.12702,42.539471],[-88.127205,42.539301],[-88.127294,42.539279],[-88.127709,42.539267],[-88.127902,42.539233],[-88.128002,42.539163],[-88.12835,42.539162],[-88.12842,42.539162],[-88.128699,42.539162],[-88.129398,42.539162],[-88.129677,42.539161],[-88.130097,42.539161],[-88.1301,42.53958],[-88.130103,42.539998],[-88.130106,42.540448],[-88.130109,42.540897],[-88.130112,42.541364],[-88.130116,42.541831],[-88.130125,42.542974],[-88.130118,42.546414],[-88.130126,42.54787],[-88.13015,42.552237],[-88.130159,42.553694],[-88.130159,42.553774],[-88.130156,42.556659],[-88.130156,42.557404],[-88.130152,42.560949],[-88.130152,42.561023],[-88.130148,42.565555],[-88.130146,42.568309],[-88.130146,42.568448],[-88.130146,42.568521],[-88.130145,42.568726],[-88.130144,42.56911],[-88.130144,42.569228],[-88.130143,42.569347],[-88.130142,42.569549],[-88.13014,42.570296],[-88.130134,42.572185],[-88.13011,42.580093],[-88.130102,42.582729],[-88.131854,42.582715],[-88.135096,42.582689],[-88.135114,42.582689],[-88.136493,42.582679],[-88.137111,42.582674],[-88.138819,42.582661],[-88.138864,42.582661],[-88.140844,42.582645],[-88.146784,42.582601],[-88.148765,42.582586],[-88.148909,42.582585],[-88.14979,42.582581],[-88.152868,42.582568],[-88.153894,42.582564],[-88.154827,42.582559],[-88.157626,42.582548],[-88.15856,42.582544],[-88.159486,42.58254],[-88.162267,42.58253],[-88.163194,42.582527],[-88.164752,42.582521],[-88.168595,42.582508],[-88.169427,42.582506],[-88.170986,42.582505],[-88.173338,42.582502],[-88.178449,42.582496],[-88.179843,42.582497],[-88.180396,42.582497],[-88.182749,42.582499],[-88.183794,42.582499],[-88.186932,42.582501],[-88.187978,42.582502],[-88.188045,42.582501],[-88.188049,42.579034],[-88.188055,42.575228],[-88.188028,42.57284],[-88.188022,42.57263],[-88.187997,42.570251],[-88.187987,42.569405],[-88.187981,42.568901],[-88.187972,42.568129],[-88.18797,42.567877],[-88.188045,42.567911],[-88.188065,42.567923],[-88.188328,42.567922],[-88.189118,42.567921],[-88.189382,42.567921],[-88.189538,42.56792],[-88.190008,42.56792],[-88.190165,42.56792],[-88.190165,42.5679],[-88.190165,42.56784],[-88.190165,42.567821],[-88.191013,42.567878],[-88.191186,42.567884],[-88.191462,42.567882],[-88.19747,42.567912],[-88.202358,42.567768],[-88.202593,42.567796],[-88.207561,42.568408],[-88.207969,42.568417],[-88.209195,42.568446],[-88.209604,42.568456],[-88.209819,42.568462],[-88.210464,42.568482],[-88.210679,42.568489],[-88.210709,42.56849],[-88.210801,42.568494],[-88.210832,42.568496],[-88.210917,42.568498],[-88.211173,42.568504],[-88.211259,42.568506],[-88.211395,42.568478],[-88.211803,42.568396],[-88.21194,42.568369],[-88.212333,42.568412],[-88.21249,42.568417],[-88.213687,42.568458],[-88.213916,42.568466],[-88.214957,42.568478],[-88.218936,42.568522],[-88.220687,42.568542],[-88.223953,42.568544],[-88.233751,42.56855],[-88.237017,42.568553],[-88.241986,42.568553],[-88.246265,42.568553],[-88.246305,42.567306],[-88.24676,42.567298],[-88.246646,42.55677],[-88.246657,42.556439],[-88.246757,42.552807],[-88.247913,42.552809],[-88.250074,42.552817],[-88.250491,42.55281],[-88.250556,42.552815],[-88.251811,42.552818],[-88.253342,42.552827],[-88.254828,42.552824],[-88.256405,42.552828],[-88.266146,42.552848],[-88.27597,42.552961],[-88.28572,42.552989],[-88.288693,42.552945],[-88.289493,42.55294],[-88.29025,42.55293],[-88.290881,42.552921],[-88.292177,42.552905],[-88.293265,42.552892],[-88.295721,42.552857],[-88.298885,42.552794],[-88.301716,42.552739],[-88.304412,42.552685],[-88.304559,42.552686],[-88.305262,42.55269],[-88.305321,42.558041],[-88.305342,42.560032],[-88.305347,42.560427],[-88.305371,42.562814],[-88.305396,42.564978],[-88.305419,42.567144],[-88.305573,42.581461],[-88.305576,42.58166],[-88.305577,42.581816],[-88.305601,42.583994],[-88.30566,42.58944],[-88.305661,42.590072],[-88.305676,42.59133],[-88.305697,42.592847],[-88.305698,42.592919],[-88.305699,42.592992],[-88.3057,42.593058],[-88.305701,42.593125],[-88.305703,42.593217],[-88.305705,42.59331],[-88.305714,42.594417],[-88.305719,42.594964],[-88.305725,42.595561],[-88.305728,42.595855],[-88.30573,42.595953],[-88.305734,42.596305],[-88.305812,42.603545],[-88.305848,42.606922],[-88.305885,42.610298],[-88.305888,42.6105],[-88.30589,42.610701],[-88.30589,42.610759],[-88.305891,42.610817]]]}},{"type":"Feature","properties":{"STATEFP":"55","SCSDLEA":"15150","GEOID":"5515150","GEOIDFQ":"9600000US5515150","NAME":"Union Grove Union High School District","LSAD":"00","LOGRADE":"09","HIGRADE":"12","MTFCC":"G5410","SDTYP":"","FUNCSTAT":"E","ALAND":216416215,"AWATER":708186,"INTPTLAT":"+42.7431289","INTPTLON":"-088.0219439"},"geometry":{"type":"Polygon","coordinates":[[[-88.111108,42.757026],[-88.101406,42.75705],[-88.091817,42.757078],[-88.091244,42.75708],[-88.081634,42.757092],[-88.081505,42.757093],[-88.080283,42.757098],[-88.080198,42.749109],[-88.077285,42.749127],[-88.077307,42.751058],[-88.071686,42.751092],[-88.071761,42.756738],[-88.071763,42.756873],[-88.071764,42.756995],[-88.071765,42.757061],[-88.071766,42.757113],[-88.071721,42.757112],[-88.061919,42.757106],[-88.061917,42.757322],[-88.061935,42.7638],[-88.062599,42.778833],[-88.062002,42.789704],[-88.06201,42.792192],[-88.059673,42.792197],[-88.059696,42.794546],[-88.061892,42.794525],[-88.061954,42.800594],[-88.056958,42.800686],[-88.056052,42.800703],[-88.056057,42.807206],[-88.056879,42.807203],[-88.068127,42.807176],[-88.068128,42.807725],[-88.068151,42.813873],[-88.068155,42.814934],[-88.068176,42.816054],[-88.068078,42.81615],[-88.067802,42.816248],[-88.06779,42.818468],[-88.062772,42.818508],[-88.062705,42.824495],[-88.056118,42.824611],[-88.056129,42.829704],[-88.051526,42.829816],[-88.051587,42.82601],[-88.04148,42.826125],[-88.041231,42.826128],[-88.04123,42.82618],[-88.041171,42.830075],[-88.040972,42.843444],[-88.039778,42.84345],[-88.036198,42.843468],[-88.035005,42.843475],[-88.034273,42.843478],[-88.032078,42.843489],[-88.031347,42.843494],[-88.031185,42.843494],[-88.030702,42.843496],[-88.030541,42.843498],[-88.026759,42.843516],[-88.017107,42.843561],[-88.015415,42.84357],[-88.011634,42.843589],[-88.011484,42.843589],[-88.011037,42.843591],[-88.010888,42.843593],[-88.00897,42.843593],[-88.003216,42.843595],[-88.001299,42.843596],[-87.999285,42.843596],[-87.993244,42.843597],[-87.991403,42.843598],[-87.991231,42.843598],[-87.989907,42.843599],[-87.985938,42.843604],[-87.984615,42.843606],[-87.984353,42.843606],[-87.984062,42.843606],[-87.982404,42.843608],[-87.981852,42.843609],[-87.981732,42.843609],[-87.981372,42.843609],[-87.981253,42.843609],[-87.98077,42.843608],[-87.979322,42.843606],[-87.97884,42.843606],[-87.978422,42.843605],[-87.977167,42.843604],[-87.97675,42.843604],[-87.976029,42.843603],[-87.975932,42.8436],[-87.975871,42.843599],[-87.975721,42.843603],[-87.975669,42.843599],[-87.971877,42.843598],[-87.971501,42.843597],[-87.969584,42.843594],[-87.963836,42.843586],[-87.96192,42.843584],[-87.961353,42.843583],[-87.959652,42.84358],[-87.959086,42.84358],[-87.957254,42.843571],[-87.956352,42.843567],[-87.95613,42.843566],[-87.955358,42.843562],[-87.955229,42.843562],[-87.954968,42.84356],[-87.954872,42.84356],[-87.954783,42.84356],[-87.954543,42.843558],[-87.953558,42.843554],[-87.95334,42.843553],[-87.95323,42.843552],[-87.953112,42.843551],[-87.952873,42.843551],[-87.952758,42.84355],[-87.952641,42.84355],[-87.952511,42.843549],[-87.952495,42.843549],[-87.952121,42.843547],[-87.951992,42.843547],[-87.951904,42.843546],[-87.95193,42.842006],[-87.951952,42.841164],[-87.951987,42.839795],[-87.951994,42.839537],[-87.951976,42.839135],[-87.951964,42.838806],[-87.951973,42.838472],[-87.95212,42.833172],[-87.952143,42.832464],[-87.952172,42.831113],[-87.952204,42.829654],[-87.952229,42.828441],[-87.952259,42.827007],[-87.952272,42.826407],[-87.952357,42.822352],[-87.952368,42.821841],[-87.952614,42.809577],[-87.952654,42.807794],[-87.952695,42.806401],[-87.952817,42.800619],[-87.952937,42.79512],[-87.952977,42.793292],[-87.95302,42.790984],[-87.953011,42.790545],[-87.953122,42.785985],[-87.953156,42.784528],[-87.953162,42.784244],[-87.953208,42.78204],[-87.953222,42.781402],[-87.953279,42.778679],[-87.953325,42.776526],[-87.95339,42.773397],[-87.95324,42.772996],[-87.953225,42.772721],[-87.953286,42.771595],[-87.953402,42.769717],[-87.95345,42.764214],[-87.953588,42.75795],[-87.953641,42.75699],[-87.953984,42.756994],[-87.953984,42.756968],[-87.953984,42.75691],[-87.953984,42.756775],[-87.95398,42.756446],[-87.953954,42.753653],[-87.953907,42.743891],[-87.95391,42.743446],[-87.953927,42.742433],[-87.953881,42.73795],[-87.953787,42.733438],[-87.953789,42.731695],[-87.953814,42.729856],[-87.953838,42.725594],[-87.953812,42.720322],[-87.953807,42.719555],[-87.953803,42.719062],[-87.953801,42.718563],[-87.953779,42.716995],[-87.953733,42.714694],[-87.953719,42.713392],[-87.953725,42.713347],[-87.953717,42.711068],[-87.953685,42.70911],[-87.953674,42.705337],[-87.953673,42.703593],[-87.953663,42.698731],[-87.953671,42.698122],[-87.953707,42.697234],[-87.953712,42.696683],[-87.953715,42.696441],[-87.953705,42.696218],[-87.953679,42.695651],[-87.953653,42.695109],[-87.953593,42.693889],[-87.953566,42.692959],[-87.953511,42.692029],[-87.953504,42.691959],[-87.953394,42.690754],[-87.953389,42.690696],[-87.953381,42.689191],[-87.95338,42.68802],[-87.95338,42.687861],[-87.953356,42.684193],[-87.953338,42.680292],[-87.953305,42.673248],[-87.953298,42.671693],[-87.953284,42.669566],[-87.95342,42.669567],[-87.957336,42.669563],[-87.958309,42.669563],[-87.959588,42.669562],[-87.969084,42.669553],[-87.973001,42.66955],[-87.974191,42.669548],[-87.977761,42.669546],[-87.978065,42.669546],[-87.978951,42.669545],[-87.982897,42.669543],[-87.991609,42.669537],[-87.992602,42.669535],[-87.992634,42.669536],[-87.992909,42.669536],[-88.002314,42.669541],[-88.002721,42.66954],[-88.011824,42.669552],[-88.012649,42.669548],[-88.012855,42.669547],[-88.015115,42.669542],[-88.017409,42.66954],[-88.022124,42.669606],[-88.022234,42.669607],[-88.023184,42.669611],[-88.026035,42.669624],[-88.026986,42.669629],[-88.029989,42.669642],[-88.029932,42.665275],[-88.02982,42.656635],[-88.03062,42.656637],[-88.030669,42.657388],[-88.031579,42.65738],[-88.031578,42.656637],[-88.032829,42.656627],[-88.037196,42.656594],[-88.040182,42.656574],[-88.049143,42.656515],[-88.05213,42.656496],[-88.053764,42.656489],[-88.056633,42.656477],[-88.058668,42.656468],[-88.060303,42.656462],[-88.062338,42.65645],[-88.063537,42.656444],[-88.066671,42.656427],[-88.066869,42.656426],[-88.068443,42.656417],[-88.069768,42.65641],[-88.070479,42.656406],[-88.07082,42.656405],[-88.071188,42.656403],[-88.071577,42.656401],[-88.072525,42.656396],[-88.078663,42.656367],[-88.080709,42.656358],[-88.086647,42.656322],[-88.092281,42.656288],[-88.104206,42.656216],[-88.104464,42.656214],[-88.110403,42.656179],[-88.110442,42.657693],[-88.110559,42.662235],[-88.110573,42.662739],[-88.11059,42.66375],[-88.110593,42.663959],[-88.110605,42.664586],[-88.110609,42.664795],[-88.110624,42.665714],[-88.110672,42.668471],[-88.110438,42.6694],[-88.11018,42.670812],[-88.110232,42.674949],[-88.110282,42.676655],[-88.110451,42.682326],[-88.110455,42.682463],[-88.110459,42.682605],[-88.110498,42.683921],[-88.110524,42.68524],[-88.110519,42.685998],[-88.110484,42.688378],[-88.110526,42.689895],[-88.110705,42.694756],[-88.11086,42.698436],[-88.110894,42.69917],[-88.110892,42.700659],[-88.110892,42.701206],[-88.11085,42.702071],[-88.110802,42.702658],[-88.110774,42.703009],[-88.110775,42.703597],[-88.110822,42.705446],[-88.110829,42.705688],[-88.110827,42.706244],[-88.110823,42.707154],[-88.110863,42.707154],[-88.110869,42.70734],[-88.110878,42.707606],[-88.110822,42.707607],[-88.110816,42.709241],[-88.110803,42.712918],[-88.11079,42.712934],[-88.110804,42.716226],[-88.110821,42.72014],[-88.110821,42.720231],[-88.110832,42.727493],[-88.110848,42.730287],[-88.110853,42.73111],[-88.110867,42.733364],[-88.110918,42.741845],[-88.110917,42.74189],[-88.110918,42.741989],[-88.110844,42.741999],[-88.110975,42.749158],[-88.110977,42.749248],[-88.111075,42.755085],[-88.111107,42.756977],[-88.111108,42.757026]]]}},{"type":"Feature","properties":{"STATEFP":"55","SCSDLEA":"16770","GEOID":"5516770","GEOIDFQ":"9600000US5516770","NAME":"Wilmot Union High School District","LSAD":"00","LOGRADE":"09","HIGRADE":"12","MTFCC":"G5410","SDTYP":"","FUNCSTAT":"E","ALAND":113232851,"AWATER":11724371,"INTPTLAT":"+42.5248811","INTPTLON":"-088.2103384"},"geometry":{"type":"Polygon","coordinates":[[[-88.305262,42.55269],[-88.304559,42.552686],[-88.304412,42.552685],[-88.301716,42.552739],[-88.298885,42.552794],[-88.295721,42.552857],[-88.293265,42.552892],[-88.292177,42.552905],[-88.290881,42.552921],[-88.29025,42.55293],[-88.289493,42.55294],[-88.288693,42.552945],[-88.28572,42.552989],[-88.27597,42.552961],[-88.266146,42.552848],[-88.256405,42.552828],[-88.254828,42.552824],[-88.253342,42.552827],[-88.251811,42.552818],[-88.250556,42.552815],[-88.250491,42.55281],[-88.250074,42.552817],[-88.247913,42.552809],[-88.246757,42.552807],[-88.246657,42.556439],[-88.246646,42.55677],[-88.24676,42.567298],[-88.246305,42.567306],[-88.246265,42.568553],[-88.241986,42.568553],[-88.237017,42.568553],[-88.233751,42.56855],[-88.223953,42.568544],[-88.220687,42.568542],[-88.218936,42.568522],[-88.214957,42.568478],[-88.213916,42.568466],[-88.213687,42.568458],[-88.21249,42.568417],[-88.212333,42.568412],[-88.21194,42.568369],[-88.211803,42.568396],[-88.211395,42.568478],[-88.211259,42.568506],[-88.211173,42.568504],[-88.210917,42.568498],[-88.210832,42.568496],[-88.210801,42.568494],[-88.210709,42.56849],[-88.210679,42.568489],[-88.210464,42.568482],[-88.209819,42.568462],[-88.209604,42.568456],[-88.209195,42.568446],[-88.207969,42.568417],[-88.207561,42.568408],[-88.202593,42.567796],[-88.202358,42.567768],[-88.19747,42.567912],[-88.191462,42.567882],[-88.191186,42.567884],[-88.191013,42.567878],[-88.190165,42.567821],[-88.190165,42.56784],[-88.190165,42.5679],[-88.190165,42.56792],[-88.190008,42.56792],[-88.189538,42.56792],[-88.189382,42.567921],[-88.189118,42.567921],[-88.188328,42.567922],[-88.188065,42.567923],[-88.188045,42.567911],[-88.18797,42.567877],[-88.187972,42.568129],[-88.187981,42.568901],[-88.187987,42.569405],[-88.187997,42.570251],[-88.188022,42.57263],[-88.188028,42.57284],[-88.188055,42.575228],[-88.188049,42.579034],[-88.188045,42.582501],[-88.187978,42.582502],[-88.186932,42.582501],[-88.183794,42.582499],[-88.182749,42.582499],[-88.180396,42.582497],[-88.179843,42.582497],[-88.178449,42.582496],[-88.173338,42.582502],[-88.170986,42.582505],[-88.169427,42.582506],[-88.168595,42.582508],[-88.164752,42.582521],[-88.163194,42.582527],[-88.162267,42.58253],[-88.159486,42.58254],[-88.15856,42.582544],[-88.157626,42.582548],[-88.154827,42.582559],[-88.153894,42.582564],[-88.152868,42.582568],[-88.14979,42.582581],[-88.148909,42.582585],[-88.148765,42.582586],[-88.146784,42.582601],[-88.140844,42.582645],[-88.138864,42.582661],[-88.138819,42.582661],[-88.137111,42.582674],[-88.136493,42.582679],[-88.135114,42.582689],[-88.135096,42.582689],[-88.131854,42.582715],[-88.130102,42.582729],[-88.13011,42.580093],[-88.130134,42.572185],[-88.13014,42.570296],[-88.130142,42.569549],[-88.130143,42.569347],[-88.130144,42.569228],[-88.130144,42.56911],[-88.130145,42.568726],[-88.130146,42.568521],[-88.130146,42.568448],[-88.130146,42.568309],[-88.130148,42.565555],[-88.130152,42.561023],[-88.130152,42.560949],[-88.130156,42.557404],[-88.130156,42.556659],[-88.130159,42.553774],[-88.130159,42.553694],[-88.13015,42.552237],[-88.130126,42.54787],[-88.130118,42.546414],[-88.130125,42.542974],[-88.130116,42.541831],[-88.130112,42.541364],[-88.130109,42.540897],[-88.130106,42.540448],[-88.130103,42.539998],[-88.1301,42.53958],[-88.130097,42.539161],[-88.129677,42.539161],[-88.129398,42.539162],[-88.128699,42.539162],[-88.12842,42.539162],[-88.12835,42.539162],[-88.128002,42.539163],[-88.127902,42.539233],[-88.127709,42.539267],[-88.127294,42.539279],[-88.127205,42.539301],[-88.12702,42.539471],[-88.126938,42.53945],[-88.126851,42.539406],[-88.12657,42.539267],[-88.126468,42.539266],[-88.126163,42.539266],[-88.126062,42.539266],[-88.125867,42.539268],[-88.125282,42.539276],[-88.125088,42.53928],[-88.12473,42.539268],[-88.123658,42.539235],[-88.123301,42.539224],[-88.123143,42.539219],[-88.122671,42.539204],[-88.122514,42.5392],[-88.121692,42.539204],[-88.119226,42.539216],[-88.118405,42.539221],[-88.114017,42.539231],[-88.109223,42.539243],[-88.109518,42.530879],[-88.109561,42.52967],[-88.109673,42.526494],[-88.109672,42.524998],[-88.109672,42.523709],[-88.10967,42.52112],[-88.10967,42.52051],[-88.10967,42.519015],[-88.109669,42.518551],[-88.109666,42.517159],[-88.109666,42.516695],[-88.109462,42.516794],[-88.109142,42.516943],[-88.108847,42.517082],[-88.108591,42.517196],[-88.10855,42.517209],[-88.10839,42.517273],[-88.107861,42.517494],[-88.107545,42.517628],[-88.107013,42.517857],[-88.107154,42.515661],[-88.107419,42.511541],[-88.105871,42.511288],[-88.105619,42.510422],[-88.105557,42.510236],[-88.104762,42.509565],[-88.105485,42.508931],[-88.105164,42.508593],[-88.104985,42.50844],[-88.104688,42.50843],[-88.104532,42.508382],[-88.10448,42.508366],[-88.104183,42.508312],[-88.104131,42.508268],[-88.104108,42.50817],[-88.104152,42.508082],[-88.104084,42.507973],[-88.104047,42.507957],[-88.103921,42.50799],[-88.103884,42.507985],[-88.103705,42.507904],[-88.103528,42.507981],[-88.103469,42.507981],[-88.10332,42.507938],[-88.103231,42.507938],[-88.102831,42.508],[-88.102641,42.50807],[-88.102342,42.508117],[-88.102253,42.508112],[-88.102104,42.508041],[-88.101962,42.507927],[-88.101865,42.507807],[-88.101775,42.507632],[-88.101728,42.507506],[-88.101654,42.507304],[-88.101623,42.507118],[-88.101554,42.506987],[-88.101354,42.506802],[-88.101241,42.506562],[-88.101196,42.506506],[-88.101463,42.506506],[-88.102267,42.506506],[-88.102535,42.506507],[-88.103123,42.506507],[-88.104886,42.506507],[-88.105475,42.506508],[-88.105568,42.505227],[-88.10585,42.501384],[-88.105874,42.501066],[-88.105943,42.500104],[-88.1066,42.499856],[-88.108376,42.499186],[-88.108573,42.499112],[-88.109231,42.498865],[-88.109256,42.498578],[-88.109333,42.497718],[-88.10936,42.497432],[-88.109558,42.496278],[-88.109671,42.495613],[-88.111534,42.495611],[-88.118007,42.495606],[-88.123714,42.495603],[-88.123738,42.495603],[-88.123768,42.495603],[-88.12381,42.495603],[-88.123835,42.495603],[-88.124464,42.495603],[-88.126352,42.495603],[-88.126982,42.495603],[-88.129204,42.495603],[-88.135873,42.495603],[-88.138096,42.495604],[-88.138171,42.495604],[-88.138396,42.495604],[-88.138471,42.495604],[-88.138552,42.495604],[-88.138796,42.495604],[-88.138878,42.495604],[-88.139074,42.495603],[-88.139665,42.495602],[-88.139862,42.495602],[-88.140232,42.495601],[-88.141346,42.495599],[-88.141717,42.495599],[-88.141745,42.495598],[-88.141796,42.495598],[-88.141832,42.495598],[-88.141861,42.495598],[-88.142533,42.495593],[-88.144551,42.49558],[-88.145224,42.495576],[-88.145663,42.495572],[-88.147837,42.495559],[-88.148576,42.495554],[-88.150143,42.495544],[-88.15105,42.495538],[-88.15747,42.495507],[-88.159797,42.495481],[-88.161974,42.495463],[-88.176869,42.495342],[-88.179929,42.495317],[-88.181443,42.495303],[-88.1818,42.4953],[-88.181871,42.495298],[-88.182087,42.495296],[-88.182159,42.495296],[-88.183384,42.495284],[-88.187059,42.49525],[-88.187101,42.49525],[-88.187365,42.495248],[-88.187478,42.495247],[-88.18759,42.495246],[-88.187768,42.495247],[-88.187941,42.495242],[-88.188285,42.495239],[-88.190343,42.495219],[-88.196517,42.49516],[-88.196797,42.495157],[-88.198576,42.495141],[-88.19888,42.495138],[-88.199389,42.495133],[-88.199535,42.495132],[-88.205048,42.495181],[-88.206573,42.49517],[-88.211425,42.495135],[-88.213135,42.495123],[-88.214044,42.495115],[-88.214067,42.495115],[-88.2159,42.495075],[-88.21636,42.495052],[-88.216408,42.49505],[-88.216553,42.495045],[-88.216602,42.495044],[-88.216767,42.495045],[-88.217034,42.495042],[-88.218331,42.495033],[-88.218764,42.49503],[-88.218855,42.495029],[-88.221319,42.495028],[-88.223702,42.495028],[-88.2237,42.495041],[-88.226181,42.495021],[-88.226333,42.495],[-88.22788,42.494979],[-88.228616,42.494973],[-88.231346,42.494952],[-88.231775,42.494949],[-88.233257,42.494935],[-88.234276,42.494926],[-88.23789,42.494895],[-88.23979,42.494891],[-88.242952,42.494898],[-88.243272,42.494897],[-88.246455,42.494879],[-88.247451,42.494884],[-88.24749,42.494881],[-88.247521,42.49488],[-88.247736,42.494883],[-88.247809,42.494885],[-88.248266,42.494885],[-88.24964,42.494887],[-88.250098,42.494888],[-88.251154,42.494889],[-88.252421,42.494878],[-88.254031,42.494866],[-88.257027,42.494889],[-88.258288,42.494871],[-88.25939,42.494818],[-88.260095,42.494785],[-88.261712,42.494733],[-88.262443,42.494727],[-88.264639,42.494713],[-88.265371,42.494709],[-88.265914,42.494702],[-88.267141,42.494691],[-88.267548,42.494688],[-88.267659,42.494687],[-88.268092,42.49469],[-88.268324,42.494691],[-88.268539,42.494692],[-88.269025,42.494694],[-88.269258,42.494696],[-88.269512,42.494689],[-88.269785,42.494681],[-88.270096,42.494677],[-88.270281,42.494681],[-88.270417,42.494684],[-88.270537,42.494687],[-88.270568,42.494688],[-88.270663,42.49469],[-88.270696,42.494691],[-88.270889,42.494696],[-88.271038,42.4947],[-88.271129,42.494702],[-88.27147,42.494711],[-88.271664,42.494716],[-88.271863,42.494736],[-88.272463,42.494797],[-88.272663,42.494818],[-88.272708,42.494818],[-88.272845,42.494818],[-88.272891,42.494818],[-88.27323,42.494818],[-88.274247,42.494818],[-88.274586,42.494818],[-88.275041,42.494818],[-88.276409,42.494818],[-88.276865,42.494818],[-88.277149,42.494818],[-88.27739,42.494818],[-88.277433,42.494818],[-88.27785,42.494818],[-88.278462,42.494818],[-88.278965,42.494818],[-88.279288,42.494818],[-88.279491,42.494818],[-88.279549,42.494827],[-88.279587,42.494824],[-88.279877,42.494814],[-88.279974,42.494814],[-88.280999,42.494805],[-88.281336,42.494803],[-88.281573,42.494801],[-88.28181,42.494799],[-88.284075,42.494779],[-88.285001,42.494772],[-88.285101,42.494771],[-88.288627,42.49474],[-88.299207,42.494651],[-88.301948,42.494628],[-88.302399,42.494624],[-88.302593,42.494623],[-88.302734,42.494622],[-88.302958,42.49462],[-88.303192,42.494618],[-88.303491,42.494618],[-88.304392,42.494618],[-88.304692,42.494618],[-88.304692,42.496109],[-88.304692,42.498018],[-88.304692,42.498319],[-88.304692,42.500018],[-88.304743,42.504747],[-88.304752,42.505611],[-88.304791,42.509255],[-88.304792,42.509303],[-88.30487,42.516534],[-88.304948,42.523785],[-88.304971,42.525966],[-88.304984,42.527152],[-88.304988,42.527413],[-88.304989,42.527543],[-88.305028,42.531174],[-88.30503,42.531333],[-88.305029,42.531392],[-88.305032,42.531469],[-88.305033,42.531572],[-88.305041,42.532376],[-88.305062,42.534228],[-88.305069,42.534927],[-88.305092,42.537024],[-88.3051,42.537723],[-88.305101,42.537864],[-88.305105,42.538287],[-88.305107,42.538428],[-88.305232,42.538484],[-88.30523,42.539617],[-88.305129,42.540381],[-88.305136,42.541017],[-88.305144,42.541653],[-88.305169,42.54381],[-88.305193,42.545968],[-88.305206,42.547048],[-88.305218,42.548127],[-88.305227,42.549473],[-88.305239,42.55062],[-88.30524,42.550677],[-88.305262,42.55269]]]}},{"type":"Feature","properties":{"STATEFP":"55","SCSDLEA":"06180","GEOID":"5506180","GEOIDFQ":"9600000US5506180","NAME":"Arrowhead Union High School District","LSAD":"00","LOGRADE":"09","HIGRADE":"12","MTFCC":"G5410","SDTYP":"","FUNCSTAT":"E","ALAND":160796108,"AWATER":14357900,"INTPTLAT":"+43.1325835","INTPTLON":"-088.3472323"},"geometry":{"type":"Polygon","coordinates":[[[-88.43402,43.16026],[-88.432521,43.16026],[-88.431807,43.160258],[-88.43132,43.160268],[-88.430832,43.160277],[-88.429087,43.160311],[-88.429077,43.160917],[-88.429063,43.162805],[-88.429057,43.163621],[-88.429054,43.163958],[-88.428988,43.164143],[-88.428932,43.178145],[-88.428944,43.178595],[-88.43051,43.17858],[-88.430995,43.178575],[-88.432528,43.178573],[-88.433716,43.178562],[-88.43373,43.180186],[-88.433729,43.180293],[-88.433779,43.181951],[-88.430904,43.181941],[-88.430762,43.181936],[-88.428824,43.181957],[-88.42878,43.191567],[-88.429471,43.19154],[-88.429296,43.193134],[-88.429303,43.195088],[-88.4264,43.194996],[-88.421935,43.194829],[-88.420961,43.194796],[-88.417987,43.194697],[-88.417775,43.194711],[-88.416859,43.194686],[-88.414065,43.194408],[-88.414011,43.194407],[-88.409105,43.194276],[-88.40337,43.194087],[-88.399252,43.193963],[-88.399227,43.194043],[-88.399185,43.194175],[-88.399093,43.194172],[-88.39732,43.194114],[-88.394987,43.194032],[-88.393941,43.193988],[-88.39232,43.193938],[-88.392164,43.193943],[-88.391799,43.193934],[-88.389991,43.193888],[-88.389318,43.193871],[-88.389317,43.193851],[-88.389016,43.193835],[-88.388437,43.19382],[-88.387505,43.193774],[-88.387126,43.193766],[-88.386418,43.193741],[-88.38601,43.193738],[-88.384365,43.193688],[-88.383317,43.193663],[-88.381501,43.19361],[-88.380738,43.193594],[-88.38029,43.193595],[-88.379759,43.193589],[-88.379293,43.193569],[-88.379199,43.193573],[-88.379091,43.19357],[-88.377429,43.193518],[-88.375524,43.193459],[-88.375065,43.193435],[-88.375006,43.193434],[-88.37494,43.193433],[-88.3749,43.193438],[-88.374846,43.193435],[-88.371236,43.193339],[-88.37088,43.193328],[-88.370513,43.193317],[-88.370109,43.193302],[-88.369804,43.193294],[-88.369369,43.193279],[-88.368988,43.193267],[-88.368452,43.193253],[-88.359298,43.193145],[-88.358877,43.193141],[-88.358416,43.193135],[-88.350034,43.193027],[-88.349885,43.193027],[-88.346443,43.193012],[-88.346055,43.193025],[-88.345966,43.193029],[-88.343827,43.192977],[-88.343497,43.192964],[-88.340476,43.192938],[-88.340261,43.192937],[-88.339746,43.192933],[-88.338924,43.192933],[-88.338791,43.192934],[-88.338199,43.192932],[-88.338151,43.192934],[-88.338113,43.192932],[-88.335016,43.192929],[-88.334097,43.192936],[-88.333755,43.192933],[-88.33348,43.192928],[-88.333337,43.192928],[-88.333185,43.192931],[-88.332854,43.192935],[-88.331511,43.192939],[-88.330148,43.192941],[-88.328672,43.192944],[-88.328008,43.19294],[-88.327422,43.192946],[-88.327186,43.192947],[-88.324722,43.19296],[-88.3213,43.192973],[-88.321125,43.192974],[-88.319891,43.192979],[-88.31757,43.192998],[-88.317067,43.193002],[-88.314575,43.193023],[-88.31278,43.193023],[-88.310569,43.193045],[-88.305,43.193102],[-88.304181,43.193101],[-88.303112,43.193113],[-88.301428,43.193124],[-88.300638,43.193134],[-88.300585,43.193131],[-88.300085,43.193139],[-88.296397,43.193155],[-88.291458,43.193199],[-88.291129,43.193201],[-88.285178,43.193187],[-88.282442,43.193205],[-88.281829,43.193214],[-88.280734,43.19321],[-88.280329,43.193205],[-88.280015,43.193201],[-88.279593,43.193204],[-88.279391,43.193203],[-88.27929,43.193216],[-88.278785,43.193238],[-88.277678,43.193238],[-88.277442,43.193213],[-88.277289,43.193214],[-88.276414,43.193221],[-88.276397,43.193217],[-88.276204,43.193212],[-88.276186,43.193206],[-88.276144,43.193204],[-88.276018,43.193201],[-88.275977,43.1932],[-88.275941,43.193198],[-88.275835,43.193195],[-88.2758,43.193194],[-88.275227,43.193168],[-88.275155,43.193165],[-88.274939,43.193157],[-88.274868,43.193155],[-88.274793,43.193161],[-88.274571,43.193183],[-88.274498,43.193191],[-88.274373,43.193201],[-88.274001,43.193232],[-88.27395,43.193233],[-88.273904,43.193234],[-88.273615,43.193235],[-88.273079,43.193235],[-88.272251,43.193242],[-88.271512,43.193251],[-88.271229,43.193236],[-88.270156,43.193268],[-88.269647,43.193265],[-88.268638,43.19326],[-88.268089,43.193253],[-88.267996,43.193251],[-88.266174,43.193254],[-88.266241,43.186058],[-88.271416,43.186047],[-88.271427,43.184879],[-88.271466,43.179247],[-88.27148,43.178874],[-88.271476,43.178764],[-88.27147,43.178524],[-88.271471,43.178479],[-88.271471,43.178448],[-88.271581,43.169991],[-88.266695,43.170025],[-88.266677,43.173551],[-88.262389,43.173523],[-88.262424,43.171105],[-88.262443,43.169864],[-88.26012,43.169856],[-88.252727,43.16983],[-88.252254,43.169827],[-88.252337,43.163085],[-88.252374,43.160411],[-88.253052,43.160415],[-88.26214,43.160448],[-88.262903,43.160461],[-88.262906,43.160316],[-88.262917,43.160145],[-88.262925,43.159655],[-88.262962,43.158797],[-88.262958,43.158656],[-88.262967,43.158434],[-88.262966,43.158039],[-88.262973,43.157934],[-88.262972,43.157824],[-88.262982,43.157639],[-88.262981,43.157518],[-88.262988,43.157305],[-88.262984,43.157042],[-88.263137,43.154939],[-88.268038,43.154964],[-88.268056,43.153263],[-88.263052,43.1507],[-88.263079,43.150463],[-88.263334,43.147593],[-88.263499,43.143125],[-88.263642,43.141451],[-88.266658,43.141434],[-88.268234,43.14142],[-88.268245,43.138892],[-88.268252,43.137459],[-88.268256,43.135408],[-88.268258,43.134382],[-88.263921,43.134367],[-88.259598,43.134356],[-88.255274,43.134346],[-88.253004,43.134337],[-88.247311,43.134311],[-88.246822,43.134309],[-88.2458,43.134306],[-88.244065,43.134295],[-88.243841,43.134294],[-88.243941,43.132379],[-88.243952,43.131816],[-88.243957,43.131592],[-88.244017,43.12866],[-88.244031,43.12796],[-88.244053,43.126855],[-88.244085,43.125349],[-88.244084,43.125234],[-88.244083,43.125099],[-88.244082,43.124877],[-88.244082,43.124827],[-88.244184,43.123141],[-88.244304,43.120755],[-88.244306,43.120726],[-88.244318,43.120557],[-88.244333,43.12034],[-88.244344,43.120195],[-88.244368,43.119875],[-88.244372,43.119834],[-88.244374,43.119807],[-88.244379,43.119474],[-88.244389,43.11911],[-88.244396,43.119008],[-88.244506,43.114966],[-88.244524,43.114334],[-88.244545,43.11329],[-88.244548,43.113131],[-88.244532,43.112888],[-88.244552,43.112341],[-88.244577,43.112174],[-88.244756,43.111627],[-88.244826,43.110487],[-88.245053,43.106819],[-88.245056,43.106739],[-88.24506,43.106636],[-88.245085,43.106019],[-88.245098,43.105665],[-88.245124,43.104958],[-88.248285,43.104984],[-88.248544,43.104984],[-88.250541,43.104999],[-88.251612,43.105008],[-88.251822,43.105007],[-88.253162,43.10502],[-88.254459,43.105029],[-88.254538,43.105032],[-88.254599,43.105033],[-88.255213,43.105033],[-88.256172,43.105039],[-88.256789,43.105042],[-88.259228,43.105054],[-88.259609,43.105056],[-88.261144,43.105064],[-88.265005,43.10508],[-88.265008,43.097398],[-88.26523,43.097394],[-88.26605,43.097395],[-88.268186,43.09741],[-88.268384,43.097416],[-88.268516,43.097416],[-88.26861,43.097422],[-88.268804,43.097419],[-88.270188,43.097479],[-88.284633,43.097731],[-88.28613,43.097756],[-88.286917,43.097772],[-88.287528,43.097783],[-88.288195,43.09793],[-88.28844,43.097986],[-88.289485,43.098288],[-88.292293,43.098052],[-88.292346,43.098048],[-88.294148,43.097898],[-88.294175,43.09915],[-88.294188,43.099201],[-88.294181,43.099555],[-88.294188,43.099867],[-88.2942,43.100785],[-88.296089,43.100784],[-88.298253,43.100776],[-88.299066,43.100648],[-88.29907,43.100959],[-88.299053,43.103078],[-88.3019,43.103088],[-88.303721,43.103126],[-88.303723,43.101996],[-88.303724,43.101689],[-88.303722,43.101495],[-88.303723,43.097024],[-88.303723,43.09697],[-88.303733,43.094467],[-88.303737,43.093613],[-88.30374,43.093472],[-88.303736,43.092927],[-88.303723,43.091212],[-88.303715,43.090017],[-88.303714,43.089935],[-88.303629,43.089906],[-88.303659,43.086727],[-88.303659,43.086661],[-88.30366,43.086619],[-88.303664,43.086215],[-88.302869,43.086214],[-88.302713,43.086214],[-88.302779,43.08612],[-88.302883,43.085963],[-88.302913,43.085941],[-88.302948,43.085857],[-88.302982,43.085789],[-88.303004,43.085748],[-88.30306,43.08571],[-88.303111,43.085623],[-88.303109,43.085598],[-88.303118,43.08556],[-88.303172,43.085475],[-88.303209,43.085382],[-88.303267,43.085298],[-88.303339,43.08525],[-88.303391,43.085163],[-88.303447,43.085031],[-88.303469,43.084976],[-88.303497,43.084935],[-88.303544,43.084887],[-88.303557,43.084852],[-88.303554,43.084825],[-88.303553,43.084787],[-88.303574,43.084741],[-88.303618,43.084714],[-88.303629,43.084692],[-88.30372,43.084372],[-88.303759,43.084111],[-88.303757,43.084055],[-88.303763,43.084002],[-88.303748,43.083937],[-88.30372,43.083891],[-88.303673,43.083851],[-88.303655,43.083809],[-88.303666,43.083778],[-88.303658,43.083755],[-88.303543,43.083635],[-88.30351,43.083626],[-88.303486,43.083638],[-88.303496,43.083658],[-88.303475,43.083662],[-88.303438,43.083628],[-88.303388,43.083579],[-88.303335,43.083529],[-88.303294,43.083488],[-88.303242,43.083441],[-88.303175,43.083389],[-88.303119,43.083321],[-88.303041,43.083238],[-88.303007,43.083184],[-88.303014,43.08315],[-88.303026,43.083118],[-88.30305,43.083075],[-88.303081,43.083058],[-88.303144,43.083031],[-88.303244,43.083004],[-88.3033,43.082974],[-88.303386,43.082934],[-88.303453,43.082885],[-88.303542,43.082838],[-88.303564,43.082824],[-88.303642,43.08276],[-88.303703,43.082733],[-88.303736,43.082718],[-88.303776,43.082674],[-88.30382,43.082668],[-88.303709,43.07744],[-88.303711,43.076012],[-88.303715,43.073433],[-88.306893,43.073424],[-88.328638,43.073355],[-88.330574,43.073349],[-88.334292,43.073341],[-88.334558,43.073339],[-88.33496,43.073338],[-88.334997,43.071558],[-88.335021,43.068271],[-88.33505,43.064471],[-88.33506,43.063467],[-88.335069,43.062578],[-88.337038,43.062577],[-88.338038,43.062532],[-88.345021,43.062276],[-88.345007,43.059094],[-88.344979,43.057068],[-88.344965,43.056294],[-88.344962,43.056139],[-88.344951,43.055435],[-88.344941,43.05397],[-88.344918,43.049759],[-88.344916,43.049624],[-88.344913,43.04949],[-88.344908,43.049264],[-88.344907,43.049018],[-88.34489,43.047627],[-88.3495,43.047614],[-88.349486,43.04827],[-88.349479,43.048378],[-88.349467,43.048941],[-88.349462,43.049169],[-88.349445,43.049744],[-88.349572,43.049744],[-88.349656,43.049744],[-88.35074,43.049689],[-88.352241,43.049622],[-88.352511,43.049616],[-88.353058,43.049623],[-88.353571,43.049645],[-88.353907,43.049669],[-88.354365,43.049719],[-88.355258,43.049838],[-88.355891,43.049917],[-88.356303,43.049959],[-88.357143,43.050031],[-88.357599,43.05009],[-88.357861,43.050135],[-88.358164,43.050207],[-88.358446,43.050298],[-88.358822,43.050434],[-88.359118,43.050566],[-88.359369,43.050698],[-88.360077,43.0511],[-88.36024,43.051186],[-88.360485,43.051293],[-88.360779,43.051399],[-88.361002,43.051469],[-88.361245,43.051535],[-88.361612,43.051618],[-88.362115,43.051718],[-88.362913,43.051855],[-88.363329,43.05192],[-88.363698,43.051977],[-88.363732,43.051983],[-88.364031,43.052033],[-88.36421,43.052049],[-88.364198,43.053716],[-88.364175,43.056153],[-88.364173,43.056422],[-88.364131,43.059602],[-88.364103,43.061694],[-88.368239,43.061725],[-88.368307,43.061726],[-88.368417,43.061728],[-88.368953,43.061739],[-88.369156,43.061739],[-88.369647,43.061747],[-88.37004,43.061749],[-88.372103,43.06177],[-88.373396,43.061766],[-88.37367,43.061761],[-88.374123,43.061771],[-88.374348,43.06177],[-88.374495,43.061774],[-88.374646,43.061789],[-88.374726,43.061804],[-88.37481,43.061835],[-88.377192,43.06188],[-88.38016,43.061934],[-88.382573,43.061978],[-88.382515,43.075211],[-88.382644,43.075444],[-88.382695,43.075569],[-88.382713,43.075658],[-88.382739,43.075745],[-88.38274,43.075797],[-88.382729,43.075847],[-88.382778,43.075977],[-88.382782,43.076045],[-88.382775,43.076116],[-88.382785,43.076195],[-88.38279,43.07629],[-88.382791,43.0763],[-88.382823,43.076466],[-88.382823,43.076533],[-88.38537,43.076546],[-88.391158,43.076564],[-88.391151,43.07803],[-88.391136,43.081363],[-88.3954,43.081413],[-88.395733,43.081391],[-88.39599,43.081344],[-88.396782,43.081351],[-88.396889,43.081354],[-88.397148,43.081356],[-88.398231,43.081357],[-88.403197,43.080064],[-88.403312,43.080067],[-88.403506,43.080067],[-88.403649,43.080059],[-88.403687,43.080058],[-88.404134,43.080057],[-88.412155,43.081008],[-88.412396,43.081036],[-88.413418,43.081157],[-88.41337,43.083545],[-88.413215,43.090204],[-88.422183,43.090222],[-88.422175,43.09044],[-88.422175,43.090474],[-88.422169,43.09097],[-88.422164,43.091212],[-88.422155,43.091537],[-88.422126,43.092199],[-88.422123,43.09231],[-88.422127,43.092426],[-88.42214,43.092497],[-88.422151,43.092536],[-88.421943,43.097703],[-88.422016,43.097703],[-88.422008,43.098033],[-88.422009,43.098605],[-88.421856,43.102888],[-88.42188,43.10317],[-88.421883,43.103214],[-88.421882,43.103575],[-88.421881,43.10384],[-88.421881,43.104142],[-88.42188,43.1044],[-88.421868,43.104474],[-88.42184,43.105583],[-88.421841,43.105695],[-88.421832,43.105893],[-88.42183,43.105933],[-88.421838,43.106061],[-88.421838,43.106199],[-88.421838,43.106214],[-88.42122,43.106204],[-88.421209,43.106623],[-88.421167,43.106846],[-88.421152,43.106915],[-88.421155,43.10745],[-88.421149,43.108182],[-88.421139,43.108564],[-88.421136,43.109052],[-88.421688,43.109062],[-88.421744,43.109062],[-88.422228,43.109069],[-88.42232,43.109071],[-88.422353,43.109117],[-88.422354,43.109135],[-88.422315,43.109166],[-88.422288,43.109194],[-88.422246,43.109323],[-88.422249,43.109371],[-88.422269,43.109431],[-88.422271,43.109452],[-88.422247,43.109506],[-88.422237,43.109545],[-88.422241,43.109737],[-88.422255,43.109807],[-88.422268,43.109823],[-88.42229,43.109834],[-88.422305,43.109865],[-88.422305,43.109912],[-88.422324,43.109929],[-88.42233,43.109951],[-88.422332,43.110159],[-88.422357,43.110408],[-88.422348,43.110425],[-88.422345,43.110443],[-88.422351,43.110461],[-88.422375,43.11047],[-88.422373,43.1105],[-88.422338,43.110551],[-88.422272,43.110603],[-88.422221,43.110633],[-88.422187,43.110638],[-88.422098,43.110628],[-88.422036,43.110639],[-88.421979,43.11065],[-88.421923,43.11066],[-88.421862,43.110683],[-88.421791,43.110719],[-88.421736,43.11076],[-88.421675,43.110822],[-88.421654,43.110849],[-88.421665,43.110961],[-88.421681,43.111036],[-88.421696,43.111106],[-88.421705,43.11115],[-88.421706,43.11117],[-88.421699,43.111205],[-88.421688,43.111227],[-88.421676,43.111241],[-88.421646,43.111274],[-88.42163,43.111291],[-88.421583,43.111328],[-88.421565,43.111338],[-88.421546,43.111345],[-88.421538,43.111386],[-88.421499,43.112426],[-88.421498,43.112439],[-88.421594,43.112477],[-88.421644,43.112505],[-88.421667,43.11252],[-88.42171,43.112553],[-88.421763,43.112597],[-88.421791,43.112623],[-88.421814,43.112651],[-88.421823,43.112682],[-88.421819,43.112694],[-88.421807,43.112709],[-88.421761,43.112748],[-88.421666,43.112826],[-88.421603,43.112883],[-88.421576,43.112909],[-88.421549,43.112935],[-88.421524,43.112955],[-88.421474,43.113003],[-88.421468,43.113143],[-88.421391,43.114864],[-88.421388,43.114929],[-88.421483,43.114998],[-88.421519,43.115024],[-88.421552,43.115048],[-88.421579,43.115076],[-88.42161,43.1151],[-88.421642,43.115121],[-88.421675,43.115144],[-88.421724,43.115183],[-88.421761,43.11519],[-88.421744,43.115201],[-88.421752,43.115212],[-88.421776,43.115224],[-88.421786,43.115242],[-88.421797,43.115257],[-88.421803,43.115265],[-88.421824,43.115284],[-88.421844,43.115312],[-88.421875,43.115354],[-88.421895,43.115385],[-88.421904,43.115401],[-88.421923,43.115436],[-88.421951,43.115475],[-88.421972,43.115504],[-88.421996,43.115534],[-88.422008,43.115547],[-88.422025,43.115563],[-88.422051,43.115588],[-88.422072,43.115605],[-88.422106,43.115621],[-88.422135,43.115634],[-88.422177,43.115646],[-88.422199,43.115652],[-88.422211,43.115656],[-88.422254,43.115665],[-88.422299,43.115674],[-88.422348,43.115685],[-88.422417,43.115697],[-88.422474,43.115703],[-88.422389,43.115779],[-88.421713,43.115803],[-88.421655,43.115805],[-88.421633,43.115806],[-88.421588,43.115799],[-88.421562,43.115794],[-88.421536,43.115788],[-88.421511,43.115781],[-88.421473,43.11577],[-88.421453,43.115764],[-88.421448,43.115874],[-88.421708,43.116014],[-88.421765,43.116044],[-88.422517,43.116215],[-88.422478,43.11624],[-88.422391,43.116314],[-88.422316,43.116361],[-88.422129,43.116455],[-88.422005,43.116525],[-88.421982,43.116545],[-88.42196,43.116556],[-88.421692,43.116692],[-88.421603,43.116759],[-88.421563,43.116783],[-88.421411,43.11685],[-88.421275,43.120328],[-88.421235,43.120588],[-88.421228,43.120667],[-88.420951,43.125161],[-88.420794,43.12773],[-88.420646,43.133318],[-88.42066,43.133282],[-88.420665,43.133268],[-88.420729,43.133127],[-88.420745,43.133053],[-88.420764,43.133001],[-88.420785,43.132875],[-88.420816,43.132742],[-88.420832,43.132713],[-88.420871,43.132671],[-88.420902,43.13265],[-88.420944,43.132631],[-88.420996,43.132622],[-88.421039,43.13262],[-88.421181,43.13258],[-88.421261,43.132546],[-88.421489,43.13245],[-88.421691,43.132332],[-88.421764,43.132268],[-88.421782,43.132242],[-88.421815,43.132164],[-88.421817,43.132124],[-88.421829,43.132074],[-88.421836,43.132054],[-88.42187,43.131952],[-88.421893,43.131911],[-88.421932,43.131873],[-88.421903,43.131853],[-88.421915,43.131824],[-88.421969,43.131773],[-88.422151,43.131653],[-88.422294,43.131579],[-88.422627,43.131449],[-88.422673,43.13144],[-88.422726,43.131435],[-88.423368,43.131295],[-88.423436,43.131272],[-88.423591,43.131238],[-88.423833,43.131129],[-88.423903,43.13112],[-88.424021,43.13114],[-88.424137,43.131176],[-88.424385,43.131237],[-88.424438,43.131261],[-88.424498,43.131267],[-88.424566,43.13126],[-88.424654,43.131239],[-88.424743,43.131242],[-88.42478,43.131233],[-88.424802,43.131212],[-88.424845,43.131193],[-88.424879,43.131165],[-88.424988,43.131037],[-88.425046,43.130982],[-88.425152,43.130938],[-88.425242,43.130909],[-88.425357,43.130887],[-88.425423,43.130884],[-88.425446,43.130876],[-88.425674,43.130849],[-88.425784,43.13083],[-88.425846,43.130833],[-88.425932,43.130848],[-88.425975,43.130863],[-88.426006,43.13088],[-88.426019,43.130896],[-88.426041,43.130906],[-88.426191,43.130948],[-88.426223,43.13098],[-88.42628,43.131015],[-88.426374,43.13109],[-88.426396,43.131115],[-88.426411,43.131158],[-88.426437,43.131211],[-88.426633,43.131355],[-88.426694,43.131385],[-88.426777,43.131401],[-88.426898,43.131406],[-88.42708,43.13139],[-88.427171,43.131378],[-88.427267,43.131353],[-88.427325,43.131345],[-88.427396,43.131347],[-88.427458,43.131358],[-88.427543,43.131391],[-88.427594,43.131421],[-88.427666,43.131482],[-88.427712,43.131545],[-88.427759,43.131652],[-88.427873,43.132127],[-88.427956,43.132257],[-88.427976,43.132322],[-88.427987,43.132446],[-88.428016,43.132546],[-88.428042,43.132604],[-88.42814,43.132725],[-88.428173,43.132791],[-88.428215,43.132894],[-88.428265,43.13298],[-88.428284,43.135322],[-88.428307,43.13535],[-88.428319,43.13538],[-88.428322,43.135468],[-88.428297,43.135974],[-88.428273,43.136658],[-88.428253,43.136922],[-88.428257,43.137117],[-88.428268,43.137163],[-88.428287,43.13719],[-88.428322,43.137207],[-88.428354,43.137215],[-88.428391,43.137219],[-88.428731,43.137222],[-88.428884,43.139317],[-88.429042,43.141486],[-88.429108,43.142393],[-88.430156,43.143387],[-88.429108,43.144999],[-88.429107,43.148099],[-88.429104,43.151301],[-88.429102,43.153985],[-88.429105,43.154485],[-88.429161,43.155727],[-88.429207,43.156747],[-88.43402,43.156749],[-88.43402,43.16026]]]}},{"type":"Feature","properties":{"STATEFP":"55","SCSDLEA":"15600","GEOID":"5515600","GEOIDFQ":"9600000US5515600","NAME":"Waterford Union High School District","LSAD":"00","LOGRADE":"09","HIGRADE":"12","MTFCC":"G5410","SDTYP":"","FUNCSTAT":"E","ALAND":217266554,"AWATER":6709681,"INTPTLAT":"+42.7859284","INTPTLON":"-088.1942742"},"geometry":{"type":"Polygon","coordinates":[[[-88.307987,42.756778],[-88.30798,42.756894],[-88.307971,42.757715],[-88.307941,42.760528],[-88.307932,42.761439],[-88.307937,42.761466],[-88.307938,42.761476],[-88.307943,42.761507],[-88.307945,42.761518],[-88.307948,42.761535],[-88.307945,42.761553],[-88.307916,42.761711],[-88.307902,42.761805],[-88.3079,42.761815],[-88.307895,42.761844],[-88.307894,42.761855],[-88.30789,42.76188],[-88.307888,42.761895],[-88.307884,42.761919],[-88.307884,42.761994],[-88.307884,42.762294],[-88.307884,42.762395],[-88.307884,42.762405],[-88.307884,42.762435],[-88.307884,42.762445],[-88.307884,42.76246],[-88.307884,42.762479],[-88.307883,42.762507],[-88.307883,42.762523],[-88.307862,42.763658],[-88.307841,42.764696],[-88.30784,42.764793],[-88.307758,42.769091],[-88.307716,42.771215],[-88.307675,42.773389],[-88.307652,42.774331],[-88.307584,42.777159],[-88.307564,42.778032],[-88.307572,42.778102],[-88.307611,42.778481],[-88.307599,42.778548],[-88.30759,42.778593],[-88.307588,42.778607],[-88.30758,42.778655],[-88.30758,42.778678],[-88.307562,42.779821],[-88.307511,42.783254],[-88.307494,42.784398],[-88.307488,42.784772],[-88.307473,42.785896],[-88.307468,42.786271],[-88.307416,42.788049],[-88.307262,42.793387],[-88.307211,42.795166],[-88.307203,42.795778],[-88.307199,42.796179],[-88.307192,42.797615],[-88.307191,42.797821],[-88.307158,42.798226],[-88.307111,42.802895],[-88.307079,42.806057],[-88.306973,42.816904],[-88.306937,42.820533],[-88.306927,42.821574],[-88.306903,42.822946],[-88.306834,42.827062],[-88.306814,42.828302],[-88.306809,42.828434],[-88.306761,42.830151],[-88.30662,42.835304],[-88.306573,42.837022],[-88.306561,42.837328],[-88.306527,42.83825],[-88.306516,42.838557],[-88.306505,42.838818],[-88.306501,42.838911],[-88.306475,42.839601],[-88.306466,42.839863],[-88.306459,42.840025],[-88.306441,42.840512],[-88.306435,42.840675],[-88.306424,42.840958],[-88.306394,42.841811],[-88.306384,42.842095],[-88.293258,42.842032],[-88.286024,42.842072],[-88.279595,42.842056],[-88.278423,42.842053],[-88.277252,42.84205],[-88.275134,42.842044],[-88.273102,42.842039],[-88.270711,42.842032],[-88.270613,42.842032],[-88.270326,42.842031],[-88.269655,42.842029],[-88.269456,42.842029],[-88.267973,42.842025],[-88.267895,42.842024],[-88.267725,42.842024],[-88.267348,42.842023],[-88.266887,42.842025],[-88.265227,42.842014],[-88.26396,42.842008],[-88.262335,42.842],[-88.260843,42.841993],[-88.257412,42.841976],[-88.256385,42.841977],[-88.254873,42.841978],[-88.254081,42.841979],[-88.252717,42.84198],[-88.25196,42.841981],[-88.250114,42.841982],[-88.247503,42.841985],[-88.247265,42.841987],[-88.246236,42.841997],[-88.245673,42.842003],[-88.2456,42.842003],[-88.245515,42.842207],[-88.244638,42.842216],[-88.244669,42.842255],[-88.244658,42.842292],[-88.244663,42.842316],[-88.244654,42.84236],[-88.244564,42.84257],[-88.244256,42.843173],[-88.243995,42.843662],[-88.243859,42.843876],[-88.243818,42.843893],[-88.243751,42.843954],[-88.243494,42.844268],[-88.243465,42.844331],[-88.243433,42.844376],[-88.243394,42.844413],[-88.243353,42.844441],[-88.243346,42.844466],[-88.243313,42.84453],[-88.243263,42.844588],[-88.243192,42.844652],[-88.243104,42.844708],[-88.243045,42.844735],[-88.242983,42.844738],[-88.242924,42.844775],[-88.242872,42.844814],[-88.242821,42.844862],[-88.242647,42.844987],[-88.242405,42.845186],[-88.242225,42.845327],[-88.242008,42.845557],[-88.241893,42.845658],[-88.241839,42.845697],[-88.241783,42.845728],[-88.241741,42.845778],[-88.241714,42.84582],[-88.242074,42.846267],[-88.242106,42.846264],[-88.242136,42.846262],[-88.242183,42.846259],[-88.24221,42.846259],[-88.242247,42.846259],[-88.242298,42.84626],[-88.242367,42.846265],[-88.242394,42.846268],[-88.242459,42.846277],[-88.242504,42.846286],[-88.242535,42.846292],[-88.242565,42.8463],[-88.242644,42.846315],[-88.242557,42.846525],[-88.242458,42.846758],[-88.242356,42.847002],[-88.242091,42.847639],[-88.241388,42.849305],[-88.241378,42.849329],[-88.237819,42.84932],[-88.237589,42.842079],[-88.236132,42.842077],[-88.233557,42.842072],[-88.233462,42.842078],[-88.233367,42.842085],[-88.232792,42.842127],[-88.232564,42.84208],[-88.232343,42.842081],[-88.23177,42.842081],[-88.231341,42.842081],[-88.230622,42.842081],[-88.230314,42.842119],[-88.229962,42.842159],[-88.22979,42.84209],[-88.229618,42.842033],[-88.22947,42.841973],[-88.229309,42.841915],[-88.229289,42.841919],[-88.229067,42.841925],[-88.228837,42.84193],[-88.226241,42.841986],[-88.222747,42.842072],[-88.221226,42.84211],[-88.218302,42.842181],[-88.216152,42.842233],[-88.214141,42.842278],[-88.212852,42.84236],[-88.21261,42.842366],[-88.207873,42.842481],[-88.198307,42.842704],[-88.198271,42.842705],[-88.198086,42.842709],[-88.19795,42.842712],[-88.197953,42.842929],[-88.197973,42.843535],[-88.198009,42.844819],[-88.194351,42.844881],[-88.194356,42.846478],[-88.193046,42.84648],[-88.193067,42.85009],[-88.192328,42.85009],[-88.190418,42.850092],[-88.188216,42.850124],[-88.1881,42.84284],[-88.188016,42.84284],[-88.188063,42.839931],[-88.188018,42.836],[-88.187926,42.836],[-88.187678,42.835999],[-88.187215,42.835973],[-88.186634,42.835987],[-88.185587,42.835974],[-88.18552,42.835843],[-88.185525,42.835457],[-88.185497,42.835192],[-88.185457,42.834383],[-88.185521,42.834142],[-88.185512,42.833748],[-88.18554,42.833605],[-88.185525,42.833518],[-88.185539,42.833386],[-88.1855,42.833168],[-88.185424,42.833015],[-88.185349,42.832927],[-88.185042,42.832797],[-88.184786,42.832744],[-88.184504,42.832723],[-88.183913,42.832514],[-88.183846,42.83249],[-88.183307,42.832197],[-88.183141,42.832072],[-88.182707,42.831866],[-88.182513,42.831823],[-88.182423,42.831779],[-88.181975,42.83165],[-88.181407,42.831526],[-88.180749,42.831305],[-88.180465,42.831235],[-88.180076,42.831181],[-88.178838,42.831181],[-88.178598,42.831204],[-88.177899,42.831223],[-88.177357,42.83128],[-88.174767,42.831279],[-88.174759,42.831219],[-88.174781,42.831197],[-88.174817,42.830978],[-88.174822,42.830759],[-88.174745,42.830453],[-88.174736,42.830256],[-88.174773,42.830125],[-88.17492,42.829839],[-88.174955,42.829642],[-88.174878,42.829336],[-88.174945,42.829232],[-88.175182,42.829127],[-88.175837,42.828955],[-88.175964,42.828971],[-88.176144,42.829069],[-88.176226,42.829074],[-88.176263,42.829035],[-88.176255,42.828904],[-88.176373,42.828827],[-88.176611,42.828738],[-88.177207,42.828561],[-88.177981,42.828372],[-88.178308,42.82825],[-88.178427,42.828173],[-88.178508,42.82808],[-88.178632,42.827734],[-88.178631,42.827647],[-88.178718,42.827362],[-88.178792,42.82723],[-88.17891,42.827126],[-88.179045,42.827131],[-88.179127,42.827169],[-88.179353,42.827425],[-88.179488,42.827506],[-88.179615,42.827528],[-88.179794,42.827511],[-88.180002,42.827428],[-88.180283,42.827224],[-88.180579,42.826917],[-88.180682,42.826741],[-88.180711,42.826653],[-88.180709,42.826391],[-88.18052,42.826063],[-88.18037,42.825867],[-88.180115,42.825704],[-88.179778,42.825574],[-88.179151,42.825478],[-88.178882,42.825413],[-88.178702,42.825355],[-88.178655,42.818128],[-88.177779,42.818106],[-88.176703,42.818067],[-88.176593,42.818064],[-88.176015,42.818045],[-88.174904,42.818007],[-88.174373,42.817989],[-88.173276,42.817954],[-88.172181,42.817946],[-88.172068,42.817949],[-88.171273,42.817975],[-88.171307,42.817774],[-88.171319,42.817706],[-88.171317,42.817421],[-88.171368,42.81729],[-88.171435,42.817207],[-88.171598,42.817086],[-88.171865,42.816965],[-88.172014,42.81692],[-88.172282,42.816881],[-88.172758,42.816715],[-88.172802,42.816682],[-88.172824,42.816605],[-88.172876,42.816572],[-88.173084,42.816517],[-88.173352,42.816346],[-88.17353,42.816274],[-88.173649,42.816252],[-88.173701,42.816219],[-88.173767,42.816071],[-88.173871,42.816032],[-88.173953,42.815977],[-88.174026,42.815867],[-88.174181,42.815604],[-88.174172,42.815473],[-88.174097,42.81532],[-88.174096,42.815276],[-88.174163,42.815221],[-88.174163,42.815177],[-88.174132,42.815117],[-88.174012,42.815008],[-88.17375,42.814847],[-88.173518,42.814704],[-88.173457,42.814644],[-88.173487,42.814622],[-88.173577,42.814616],[-88.173756,42.814626],[-88.174262,42.814602],[-88.174523,42.814557],[-88.174612,42.814519],[-88.174657,42.814475],[-88.1747,42.814321],[-88.174781,42.814223],[-88.174841,42.814217],[-88.174863,42.814233],[-88.174872,42.814386],[-88.174939,42.814408],[-88.174939,42.814364],[-88.17499,42.814145],[-88.174929,42.81408],[-88.17487,42.81408],[-88.174751,42.814108],[-88.174699,42.814141],[-88.174617,42.814223],[-88.174499,42.814399],[-88.17441,42.814443],[-88.174053,42.814472],[-88.173724,42.814462],[-88.173575,42.814474],[-88.173262,42.814458],[-88.173202,42.814437],[-88.173007,42.814273],[-88.172842,42.814181],[-88.172723,42.814132],[-88.172575,42.814103],[-88.172454,42.814079],[-88.172267,42.813981],[-88.172184,42.813861],[-88.172272,42.813642],[-88.172256,42.813532],[-88.17218,42.813434],[-88.172038,42.813336],[-88.17182,42.81314],[-88.172592,42.812805],[-88.172648,42.812801],[-88.173473,42.812754],[-88.174838,42.812678],[-88.174969,42.812676],[-88.175498,42.812668],[-88.178797,42.81262],[-88.178798,42.812542],[-88.178869,42.8094],[-88.178876,42.809099],[-88.177401,42.809115],[-88.175913,42.809128],[-88.174926,42.809138],[-88.17328,42.809171],[-88.171781,42.809182],[-88.171416,42.809188],[-88.169279,42.809224],[-88.169271,42.809023],[-88.169187,42.808973],[-88.168943,42.808894],[-88.164698,42.80883],[-88.16441,42.808832],[-88.164352,42.808832],[-88.16097,42.80886],[-88.15933,42.808895],[-88.15526,42.808982],[-88.155149,42.809384],[-88.155157,42.810398],[-88.155164,42.811379],[-88.155165,42.811501],[-88.151671,42.811501],[-88.151255,42.811501],[-88.150654,42.811502],[-88.150655,42.811241],[-88.15066,42.810167],[-88.150661,42.810076],[-88.150671,42.809027],[-88.150672,42.808931],[-88.150687,42.808598],[-88.150531,42.808597],[-88.148728,42.808593],[-88.147166,42.808647],[-88.143988,42.80877],[-88.143895,42.80877],[-88.143778,42.80877],[-88.12997,42.808932],[-88.12985,42.808932],[-88.129829,42.810432],[-88.129817,42.811277],[-88.129769,42.814849],[-88.129768,42.814893],[-88.129768,42.814907],[-88.129723,42.81877],[-88.129718,42.819219],[-88.129703,42.819332],[-88.129691,42.819444],[-88.129677,42.8195],[-88.12964,42.819609],[-88.129563,42.819769],[-88.12944,42.819947],[-88.129287,42.821449],[-88.129246,42.821449],[-88.129037,42.821493],[-88.128828,42.821494],[-88.128747,42.821533],[-88.128733,42.821719],[-88.128703,42.821741],[-88.128629,42.821725],[-88.128583,42.821577],[-88.128553,42.821566],[-88.128441,42.821605],[-88.128375,42.821665],[-88.128361,42.821818],[-88.128302,42.821928],[-88.128281,42.82206],[-88.128176,42.822109],[-88.127983,42.822126],[-88.127768,42.822275],[-88.127656,42.822275],[-88.127596,42.822243],[-88.127468,42.822073],[-88.127326,42.822041],[-88.126938,42.822021],[-88.126491,42.822066],[-88.126104,42.822144],[-88.126059,42.822177],[-88.126045,42.822232],[-88.126017,42.822494],[-88.126032,42.822516],[-88.126584,42.822553],[-88.126688,42.822569],[-88.126727,42.822733],[-88.126809,42.822787],[-88.127033,42.822814],[-88.12748,42.822807],[-88.127555,42.822839],[-88.127533,42.822878],[-88.12731,42.822895],[-88.126974,42.822891],[-88.126675,42.822853],[-88.126586,42.822859],[-88.126348,42.822926],[-88.126281,42.822981],[-88.126296,42.823019],[-88.126237,42.823052],[-88.126035,42.823053],[-88.125767,42.823086],[-88.125596,42.82312],[-88.125537,42.823147],[-88.125544,42.823197],[-88.125589,42.823207],[-88.126081,42.823156],[-88.12632,42.823156],[-88.126387,42.823172],[-88.126387,42.823215],[-88.126357,42.823232],[-88.126208,42.82326],[-88.126448,42.823363],[-88.126508,42.823467],[-88.126487,42.823598],[-88.126435,42.823664],[-88.126383,42.823686],[-88.125488,42.823689],[-88.125466,42.823706],[-88.125444,42.823755],[-88.125459,42.823771],[-88.126317,42.823774],[-88.126295,42.823829],[-88.125938,42.823956],[-88.125714,42.823995],[-88.125475,42.824001],[-88.125424,42.824022],[-88.125416,42.82404],[-88.125454,42.824061],[-88.12567,42.824055],[-88.125789,42.824071],[-88.125939,42.824131],[-88.125954,42.824147],[-88.125917,42.824191],[-88.125283,42.824188],[-88.125238,42.82421],[-88.125261,42.824254],[-88.125321,42.82427],[-88.125507,42.824286],[-88.125776,42.824274],[-88.125906,42.824282],[-88.125928,42.824327],[-88.125884,42.824366],[-88.125765,42.824416],[-88.125573,42.824553],[-88.125522,42.824685],[-88.12553,42.824794],[-88.125561,42.82486],[-88.125756,42.824968],[-88.125804,42.82534],[-88.125852,42.825459],[-88.126004,42.825639],[-88.125965,42.825767],[-88.125968,42.825802],[-88.125973,42.825854],[-88.126011,42.825882],[-88.126093,42.825887],[-88.126116,42.825952],[-88.12596,42.826128],[-88.125789,42.826156],[-88.125737,42.826184],[-88.125686,42.826337],[-88.125701,42.826403],[-88.125791,42.826402],[-88.125843,42.82643],[-88.125868,42.826785],[-88.125825,42.826982],[-88.125729,42.827136],[-88.125715,42.827267],[-88.125455,42.827372],[-88.125381,42.827438],[-88.125366,42.827498],[-88.125396,42.827564],[-88.125591,42.827667],[-88.125681,42.827738],[-88.125749,42.827814],[-88.125787,42.827902],[-88.125743,42.828099],[-88.125759,42.828208],[-88.125722,42.828318],[-88.125614,42.828517],[-88.125523,42.828537],[-88.125322,42.828538],[-88.125255,42.828522],[-88.12509,42.827969],[-88.124956,42.8274],[-88.124929,42.827194],[-88.124891,42.827168],[-88.124793,42.827191],[-88.124795,42.827305],[-88.125025,42.828163],[-88.12509,42.828451],[-88.125129,42.828583],[-88.125166,42.828632],[-88.125547,42.828646],[-88.125562,42.828668],[-88.125672,42.829259],[-88.125705,42.829349],[-88.124236,42.82935],[-88.120708,42.829353],[-88.114611,42.829372],[-88.114613,42.829572],[-88.114647,42.831924],[-88.11466,42.832278],[-88.1147,42.833368],[-88.114674,42.834122],[-88.114625,42.835939],[-88.114513,42.835939],[-88.114272,42.83594],[-88.1143,42.836847],[-88.114354,42.838588],[-88.108353,42.838513],[-88.104494,42.838465],[-88.098177,42.836927],[-88.097362,42.836729],[-88.097266,42.836932],[-88.095815,42.840024],[-88.09474,42.84331],[-88.094553,42.84331],[-88.089623,42.843313],[-88.087876,42.843314],[-88.087291,42.843314],[-88.086474,42.843315],[-88.073043,42.843321],[-88.069924,42.843323],[-88.066967,42.843342],[-88.060067,42.843388],[-88.058099,42.843389],[-88.055143,42.843391],[-88.054366,42.843391],[-88.052037,42.843393],[-88.051261,42.843394],[-88.050223,42.843395],[-88.050072,42.843395],[-88.046508,42.843414],[-88.045381,42.843421],[-88.04532,42.843419],[-88.045259,42.843421],[-88.04445,42.843425],[-88.041841,42.843439],[-88.041108,42.843443],[-88.040972,42.843444],[-88.041171,42.830075],[-88.04123,42.82618],[-88.041231,42.826128],[-88.04148,42.826125],[-88.051587,42.82601],[-88.051526,42.829816],[-88.056129,42.829704],[-88.056118,42.824611],[-88.062705,42.824495],[-88.062772,42.818508],[-88.06779,42.818468],[-88.067802,42.816248],[-88.068078,42.81615],[-88.068176,42.816054],[-88.068155,42.814934],[-88.068151,42.813873],[-88.068128,42.807725],[-88.068127,42.807176],[-88.056879,42.807203],[-88.056057,42.807206],[-88.056052,42.800703],[-88.056958,42.800686],[-88.061954,42.800594],[-88.061892,42.794525],[-88.059696,42.794546],[-88.059673,42.792197],[-88.06201,42.792192],[-88.062002,42.789704],[-88.062599,42.778833],[-88.061935,42.7638],[-88.061917,42.757322],[-88.061919,42.757106],[-88.071721,42.757112],[-88.071766,42.757113],[-88.071765,42.757061],[-88.071764,42.756995],[-88.071763,42.756873],[-88.071761,42.756738],[-88.071686,42.751092],[-88.077307,42.751058],[-88.077285,42.749127],[-88.080198,42.749109],[-88.080283,42.757098],[-88.081505,42.757093],[-88.081634,42.757092],[-88.091244,42.75708],[-88.091817,42.757078],[-88.101406,42.75705],[-88.111108,42.757026],[-88.111107,42.756977],[-88.111075,42.755085],[-88.110977,42.749248],[-88.110975,42.749158],[-88.110844,42.741999],[-88.110918,42.741989],[-88.110917,42.74189],[-88.110918,42.741845],[-88.110867,42.733364],[-88.114321,42.733315],[-88.11432,42.733373],[-88.114358,42.733505],[-88.114448,42.733635],[-88.114875,42.73394],[-88.11491,42.733974],[-88.114927,42.73782],[-88.118609,42.737863],[-88.120176,42.737881],[-88.12021,42.734629],[-88.120215,42.734236],[-88.120408,42.734116],[-88.121112,42.73374],[-88.121135,42.733729],[-88.125268,42.733704],[-88.145332,42.733583],[-88.149498,42.733558],[-88.151299,42.733548],[-88.15904,42.733502],[-88.169816,42.733439],[-88.169786,42.731088],[-88.169778,42.730435],[-88.169776,42.730332],[-88.169761,42.730267],[-88.169751,42.730219],[-88.169736,42.730183],[-88.169704,42.730126],[-88.169684,42.730097],[-88.16965,42.730055],[-88.169617,42.730021],[-88.169596,42.730003],[-88.169472,42.727434],[-88.189056,42.727317],[-88.189302,42.727315],[-88.195412,42.727278],[-88.208683,42.727198],[-88.211172,42.727184],[-88.211168,42.726941],[-88.21108,42.721389],[-88.22006,42.721258],[-88.221862,42.721232],[-88.222218,42.721226],[-88.222661,42.72003],[-88.22277,42.719736],[-88.222928,42.719307],[-88.222933,42.718982],[-88.222934,42.718877],[-88.222719,42.718716],[-88.221788,42.718018],[-88.2215,42.717588],[-88.221503,42.717374],[-88.221663,42.716837],[-88.222249,42.716193],[-88.223426,42.714915],[-88.223582,42.71475],[-88.223733,42.714581],[-88.224704,42.713526],[-88.225041,42.71316],[-88.225314,42.712864],[-88.225676,42.712472],[-88.225704,42.712473],[-88.225904,42.712461],[-88.226258,42.711889],[-88.226524,42.711306],[-88.226784,42.710794],[-88.226749,42.710453],[-88.226776,42.710106],[-88.226974,42.708714],[-88.232794,42.70867],[-88.238013,42.708626],[-88.239942,42.708713],[-88.240439,42.708736],[-88.242008,42.708557],[-88.243483,42.708531],[-88.243556,42.710185],[-88.243622,42.711732],[-88.243651,42.712349],[-88.243981,42.719614],[-88.244283,42.726239],[-88.248316,42.726326],[-88.262055,42.726196],[-88.282585,42.726016],[-88.286779,42.725958],[-88.286772,42.726679],[-88.286701,42.734444],[-88.286722,42.743353],[-88.284195,42.743383],[-88.278283,42.743399],[-88.278335,42.745483],[-88.278263,42.749288],[-88.27831,42.749762],[-88.275281,42.749803],[-88.275365,42.752291],[-88.271975,42.752229],[-88.272029,42.755672],[-88.274976,42.755657],[-88.278469,42.755629],[-88.281533,42.755605],[-88.284522,42.755613],[-88.290299,42.755583],[-88.294605,42.755568],[-88.302679,42.755533],[-88.30781,42.755524],[-88.30781,42.755488],[-88.307877,42.755488],[-88.30806,42.755487],[-88.307987,42.756778]]]}},{"type":"Feature","properties":{"STATEFP":"55","SCSDLEA":"09630","GEOID":"5509630","GEOIDFQ":"9600000US5509630","NAME":"Lakeland Union High School District","LSAD":"00","LOGRADE":"09","HIGRADE":"12","MTFCC":"G5410","SDTYP":"","FUNCSTAT":"E","ALAND":1601339386,"AWATER":324118157,"INTPTLAT":"+45.9787590","INTPTLON":"-089.7749595"},"geometry":{"type":"MultiPolygon","coordinates":[[[[-90.045254,45.806194],[-90.04522,45.811065],[-90.045215,45.81178],[-90.045197,45.814272],[-90.045197,45.814326],[-90.045198,45.817604],[-90.045198,45.817652],[-90.044952,45.821256],[-90.044657,45.826082],[-90.044399,45.830296],[-90.04435,45.831683],[-90.04434,45.831978],[-90.044139,45.837637],[-90.044093,45.838919],[-90.044001,45.841504],[-90.043818,45.846614],[-90.043326,45.860364],[-90.043321,45.860492],[-90.043222,45.863262],[-90.043172,45.864657],[-90.043152,45.865219],[-90.042847,45.873776],[-90.042806,45.874952],[-90.042833,45.887816],[-90.042841,45.891686],[-90.042842,45.891954],[-90.042842,45.892178],[-90.042843,45.892402],[-90.042844,45.892681],[-90.042845,45.893268],[-90.042845,45.893308],[-90.042845,45.893351],[-90.042845,45.89341],[-90.042845,45.893468],[-90.042845,45.893482],[-90.042845,45.893526],[-90.042845,45.893629],[-90.042846,45.894251],[-90.042852,45.896426],[-90.042854,45.897151],[-90.042857,45.897263],[-90.042896,45.898665],[-90.042958,45.904602],[-90.043017,45.909891],[-90.043019,45.90998],[-90.043042,45.911438],[-90.043045,45.911659],[-90.043053,45.912052],[-90.043076,45.913837],[-90.043107,45.916251],[-90.04316,45.9202],[-90.043286,45.930094],[-90.043286,45.930137],[-90.043302,45.931001],[-90.043317,45.931835],[-90.043313,45.93221],[-90.043314,45.932572],[-90.043325,45.933012],[-90.043332,45.933324],[-90.043334,45.933431],[-90.043338,45.933761],[-90.043516,45.947691],[-90.043516,45.947765],[-90.043517,45.947791],[-90.043517,45.947819],[-90.043517,45.947854],[-90.043607,45.954947],[-90.043607,45.954993],[-90.043729,45.964313],[-90.04373,45.96434],[-90.043958,45.981948],[-90.037361,45.981953],[-90.037235,45.981952],[-90.037091,45.981952],[-90.025396,45.981948],[-90.025249,45.981948],[-90.022709,45.981947],[-90.018055,45.981947],[-90.01465,45.981947],[-90.011964,45.981947],[-90.011744,45.981947],[-90.011085,45.981947],[-90.010866,45.981948],[-90.008379,45.981946],[-90.006994,45.981946],[-90.001684,45.981943],[-90.00092,45.981942],[-90.000133,45.981942],[-89.998587,45.982321],[-89.99848,45.982322],[-89.998055,45.982326],[-89.996782,45.982337],[-89.996358,45.982342],[-89.993936,45.982328],[-89.98667,45.982286],[-89.984249,45.982273],[-89.983948,45.982272],[-89.983562,45.982272],[-89.983048,45.982267],[-89.982749,45.982265],[-89.982421,45.982263],[-89.981437,45.982257],[-89.98111,45.982256],[-89.981093,45.982255],[-89.981045,45.982255],[-89.981029,45.982255],[-89.981012,45.982255],[-89.980966,45.982262],[-89.980948,45.982255],[-89.980931,45.98225],[-89.980896,45.982255],[-89.980883,45.982255],[-89.978742,45.982239],[-89.975564,45.982217],[-89.97232,45.982193],[-89.97018,45.982178],[-89.968508,45.982174],[-89.963492,45.982164],[-89.96182,45.982161],[-89.96144,45.982153],[-89.960301,45.982132],[-89.959922,45.982125],[-89.959896,45.982112],[-89.95985,45.98209],[-89.959814,45.982086],[-89.959786,45.982084],[-89.958281,45.982106],[-89.954454,45.982163],[-89.954127,45.982172],[-89.953767,45.982174],[-89.952263,45.982186],[-89.950536,45.982205],[-89.950208,45.982209],[-89.948962,45.982197],[-89.946205,45.982181],[-89.945358,45.982184],[-89.944022,45.98219],[-89.943729,45.982191],[-89.943632,45.982189],[-89.942327,45.98216],[-89.940427,45.98212],[-89.938412,45.982075],[-89.937108,45.982047],[-89.936993,45.982047],[-89.936971,45.982046],[-89.936876,45.982046],[-89.936847,45.982046],[-89.936414,45.982048],[-89.935118,45.982056],[-89.934686,45.982059],[-89.934566,45.982056],[-89.934405,45.982056],[-89.933563,45.982057],[-89.933283,45.982058],[-89.93181,45.982027],[-89.928837,45.981967],[-89.92881,45.983412],[-89.928784,45.984885],[-89.928777,45.985225],[-89.928757,45.986245],[-89.928751,45.986586],[-89.928746,45.986948],[-89.928745,45.987027],[-89.928717,45.988036],[-89.928708,45.988399],[-89.928578,45.993077],[-89.928387,45.999963],[-89.928451,46.007115],[-89.928493,46.011795],[-89.928498,46.012469],[-89.928515,46.014495],[-89.928521,46.01517],[-89.928516,46.015547],[-89.928503,46.01668],[-89.9285,46.017058],[-89.928498,46.017194],[-89.928499,46.017574],[-89.928507,46.019123],[-89.92851,46.01964],[-89.928502,46.020099],[-89.928492,46.020813],[-89.928499,46.021476],[-89.928504,46.021936],[-89.928503,46.022553],[-89.928502,46.023409],[-89.928503,46.024404],[-89.928505,46.025021],[-89.928495,46.026386],[-89.928466,46.030481],[-89.928457,46.031847],[-89.92813,46.054051],[-89.928288,46.054489],[-89.928373,46.054825],[-89.928427,46.055579],[-89.928423,46.059355],[-89.928423,46.059385],[-89.928391,46.059418],[-89.928389,46.060171],[-89.92838,46.060658],[-89.92836,46.06157],[-89.92834,46.06341],[-89.928379,46.063821],[-89.928386,46.063898],[-89.9284,46.06404],[-89.928425,46.064126],[-89.928448,46.064201],[-89.928476,46.064296],[-89.92855,46.06454],[-89.928568,46.064582],[-89.928609,46.064674],[-89.9286,46.065019],[-89.928575,46.066057],[-89.928568,46.066376],[-89.928564,46.066403],[-89.928563,46.066435],[-89.928563,46.066531],[-89.928563,46.066564],[-89.928559,46.067015],[-89.928554,46.067798],[-89.92855,46.068371],[-89.928548,46.068824],[-89.928549,46.069317],[-89.928549,46.06975],[-89.928555,46.072528],[-89.928557,46.073407],[-89.928576,46.073451],[-89.928579,46.073466],[-89.928595,46.074663],[-89.92864,46.078304],[-89.928656,46.079518],[-89.928656,46.079593],[-89.928656,46.079635],[-89.928661,46.079986],[-89.928663,46.080103],[-89.928685,46.081286],[-89.928703,46.08222],[-89.928764,46.084838],[-89.928793,46.086022],[-89.928798,46.086248],[-89.928808,46.086628],[-89.928813,46.086926],[-89.928818,46.087153],[-89.928821,46.08732],[-89.92883,46.087742],[-89.928829,46.087823],[-89.928829,46.087991],[-89.928828,46.088016],[-89.92881,46.088085],[-89.928793,46.088327],[-89.928789,46.089997],[-89.928776,46.096024],[-89.928773,46.098033],[-89.928773,46.098047],[-89.928773,46.098092],[-89.928773,46.098107],[-89.928772,46.098168],[-89.928772,46.098354],[-89.928772,46.098416],[-89.928772,46.098449],[-89.928772,46.09855],[-89.928772,46.098584],[-89.928772,46.098661],[-89.928772,46.099052],[-89.92877,46.099097],[-89.928806,46.108239],[-89.928806,46.108251],[-89.92881,46.10832],[-89.928806,46.108369],[-89.928802,46.108661],[-89.928801,46.108719],[-89.9288,46.108757],[-89.928807,46.108789],[-89.928794,46.108828],[-89.928817,46.108971],[-89.928814,46.109286],[-89.92881,46.110452],[-89.928809,46.111308],[-89.928809,46.111319],[-89.928809,46.111352],[-89.928809,46.111364],[-89.928809,46.111639],[-89.928809,46.112467],[-89.92881,46.112743],[-89.92881,46.112808],[-89.928815,46.11373],[-89.928836,46.115873],[-89.928928,46.124949],[-89.928927,46.125263],[-89.92892,46.128394],[-89.929066,46.130965],[-89.929129,46.132064],[-89.929538,46.137905],[-89.929578,46.138677],[-89.929713,46.14125],[-89.929714,46.141267],[-89.929718,46.141321],[-89.929714,46.141338],[-89.92971,46.141353],[-89.9297,46.141398],[-89.929698,46.141414],[-89.929688,46.141459],[-89.929659,46.141593],[-89.92965,46.141639],[-89.929641,46.141699],[-89.929589,46.14332],[-89.929553,46.145532],[-89.929325,46.148651],[-89.929322,46.148688],[-89.929321,46.148706],[-89.929247,46.149845],[-89.929108,46.153445],[-89.928907,46.155385],[-89.928909,46.155522],[-89.928913,46.155758],[-89.928911,46.155934],[-89.92891,46.156072],[-89.928904,46.156315],[-89.92889,46.157047],[-89.928885,46.157292],[-89.92889,46.15737],[-89.928882,46.157627],[-89.92888,46.157711],[-89.92885,46.15875],[-89.928846,46.159149],[-89.928843,46.15982],[-89.928823,46.160349],[-89.92882,46.16055],[-89.928819,46.160689],[-89.928807,46.161011],[-89.928846,46.16122],[-89.92885,46.16144],[-89.928915,46.163126],[-89.928917,46.163167],[-89.928924,46.16329],[-89.928927,46.163332],[-89.92893,46.16347],[-89.928942,46.163885],[-89.928946,46.164024],[-89.928945,46.164097],[-89.928953,46.164302],[-89.928989,46.165138],[-89.929002,46.165417],[-89.928997,46.167603],[-89.92899,46.170883],[-89.928982,46.174162],[-89.928977,46.176349],[-89.928976,46.176461],[-89.928976,46.17663],[-89.928976,46.176797],[-89.928976,46.17691],[-89.928971,46.179952],[-89.928964,46.184562],[-89.928952,46.189079],[-89.928944,46.192122],[-89.928969,46.206386],[-89.929243,46.21391],[-89.92925,46.214105],[-89.929248,46.214191],[-89.929261,46.214557],[-89.929284,46.215157],[-89.929295,46.215655],[-89.929304,46.216022],[-89.929305,46.21608],[-89.929308,46.216167],[-89.929311,46.216254],[-89.929313,46.216278],[-89.929314,46.216312],[-89.929315,46.216382],[-89.929316,46.216452],[-89.929454,46.223033],[-89.928741,46.237132],[-89.928741,46.237172],[-89.928741,46.237292],[-89.928741,46.237333],[-89.928753,46.238114],[-89.928792,46.240458],[-89.928805,46.24124],[-89.92881,46.241545],[-89.928825,46.24246],[-89.92883,46.242765],[-89.928851,46.243957],[-89.928915,46.247535],[-89.928937,46.248728],[-89.928937,46.248816],[-89.92894,46.249082],[-89.928941,46.249171],[-89.928939,46.24944],[-89.928785,46.249952],[-89.928832,46.251779],[-89.928834,46.251874],[-89.928835,46.251933],[-89.929245,46.268234],[-89.929116,46.269861],[-89.92905,46.270756],[-89.928949,46.27206],[-89.928932,46.2723],[-89.928922,46.272461],[-89.928908,46.273023],[-89.928903,46.273265],[-89.9289,46.273965],[-89.928892,46.276065],[-89.92889,46.276766],[-89.92889,46.27678],[-89.92889,46.277245],[-89.928891,46.277972],[-89.928892,46.278684],[-89.928893,46.279164],[-89.928893,46.279263],[-89.928893,46.279294],[-89.928888,46.27956],[-89.928887,46.27966],[-89.928889,46.279899],[-89.928895,46.280617],[-89.928897,46.280857],[-89.92889,46.281087],[-89.92888,46.281505],[-89.928877,46.281779],[-89.928875,46.28201],[-89.928858,46.282689],[-89.928861,46.283894],[-89.928856,46.285909],[-89.928836,46.288037],[-89.928867,46.289242],[-89.928927,46.291243],[-89.928943,46.292141],[-89.928994,46.294836],[-89.929011,46.295735],[-89.929032,46.295984],[-89.929063,46.296353],[-89.929076,46.296735],[-89.929085,46.296986],[-89.929099,46.297538],[-89.929143,46.299195],[-89.929158,46.299748],[-89.928609,46.299644],[-89.9272,46.299378],[-89.927008,46.299341],[-89.926964,46.299329],[-89.926862,46.299303],[-89.926418,46.299219],[-89.926228,46.299182],[-89.925659,46.299071],[-89.92547,46.299035],[-89.925262,46.298994],[-89.924888,46.298922],[-89.924641,46.298874],[-89.924434,46.298835],[-89.923394,46.298633],[-89.920274,46.298027],[-89.919235,46.297826],[-89.919166,46.297812],[-89.918961,46.297773],[-89.918893,46.29776],[-89.918331,46.297671],[-89.916645,46.297405],[-89.916084,46.297317],[-89.91544,46.297221],[-89.913508,46.296935],[-89.912864,46.29684],[-89.91232,46.296699],[-89.910678,46.296321],[-89.910131,46.296195],[-89.909854,46.296133],[-89.909782,46.296325],[-89.909537,46.296328],[-89.908277,46.29606],[-89.905616,46.295663],[-89.90434,46.295083],[-89.90431,46.29506],[-89.904085,46.294961],[-89.898121,46.293784],[-89.898046,46.29377],[-89.898027,46.293766],[-89.897972,46.293755],[-89.897954,46.293752],[-89.89785,46.293732],[-89.89657,46.293585],[-89.896508,46.293585],[-89.896424,46.293578],[-89.895806,46.293497],[-89.895192,46.293425],[-89.893342,46.29301],[-89.892869,46.292902],[-89.891099,46.292498],[-89.891007,46.292478],[-89.890453,46.292342],[-89.889971,46.292209],[-89.889737,46.292162],[-89.889525,46.29212],[-89.889037,46.292027],[-89.888804,46.291983],[-89.88673,46.291662],[-89.880511,46.290702],[-89.879142,46.290491],[-89.878469,46.290258],[-89.878293,46.290258],[-89.877738,46.290259],[-89.876753,46.290105],[-89.875157,46.289856],[-89.872229,46.289043],[-89.870735,46.288629],[-89.870544,46.288575],[-89.867996,46.28809],[-89.863776,46.287287],[-89.859769,46.286527],[-89.857027,46.286007],[-89.856885,46.28598],[-89.856797,46.285962],[-89.856738,46.285966],[-89.854851,46.285591],[-89.853671,46.285368],[-89.853595,46.285354],[-89.853578,46.285351],[-89.853529,46.285342],[-89.853513,46.285339],[-89.841197,46.282999],[-89.834993,46.281821],[-89.829445,46.280766],[-89.805726,46.276248],[-89.805246,46.276157],[-89.805159,46.276141],[-89.799763,46.27512],[-89.794997,46.274218],[-89.794962,46.274211],[-89.794921,46.274203],[-89.79483,46.274185],[-89.794299,46.274081],[-89.793681,46.273961],[-89.793602,46.273946],[-89.792611,46.273752],[-89.791936,46.27362],[-89.791769,46.273589],[-89.791535,46.273543],[-89.791495,46.273534],[-89.791208,46.273497],[-89.791177,46.273492],[-89.790878,46.273432],[-89.79065,46.273388],[-89.790423,46.273345],[-89.790292,46.273318],[-89.789924,46.273218],[-89.789805,46.273186],[-89.789514,46.273125],[-89.788966,46.273012],[-89.788418,46.272898],[-89.788281,46.272869],[-89.78787,46.272784],[-89.787799,46.272769],[-89.787672,46.272742],[-89.787587,46.272726],[-89.787517,46.272714],[-89.785613,46.272336],[-89.779903,46.271202],[-89.778,46.270824],[-89.775376,46.27029],[-89.767506,46.268691],[-89.764883,46.268159],[-89.764807,46.268143],[-89.76458,46.268097],[-89.764505,46.268082],[-89.764166,46.26802],[-89.7641,46.268018],[-89.764026,46.268004],[-89.763955,46.267981],[-89.749919,46.265422],[-89.743864,46.264179],[-89.743697,46.264145],[-89.74358,46.264121],[-89.743553,46.264116],[-89.743271,46.264061],[-89.74314,46.264035],[-89.742141,46.263855],[-89.741492,46.263736],[-89.740671,46.263573],[-89.739598,46.263373],[-89.73864,46.263196],[-89.736384,46.262757],[-89.735314,46.262549],[-89.73524,46.262535],[-89.73502,46.262495],[-89.734947,46.262482],[-89.733566,46.262217],[-89.729425,46.261425],[-89.728045,46.261161],[-89.727893,46.261132],[-89.727741,46.261102],[-89.727672,46.261088],[-89.727578,46.26107],[-89.727416,46.261039],[-89.727104,46.260979],[-89.726553,46.260874],[-89.72618,46.260803],[-89.725593,46.260712],[-89.724582,46.260556],[-89.72406,46.260473],[-89.723855,46.260368],[-89.723832,46.260356],[-89.723274,46.260256],[-89.723197,46.260232],[-89.723072,46.260208],[-89.723055,46.260205],[-89.722773,46.260152],[-89.722459,46.260092],[-89.722255,46.260054],[-89.722202,46.260043],[-89.722043,46.260013],[-89.721991,46.260003],[-89.721874,46.259985],[-89.721538,46.259936],[-89.721525,46.259934],[-89.721409,46.259917],[-89.721084,46.259857],[-89.720813,46.259775],[-89.720117,46.259643],[-89.719793,46.259582],[-89.719635,46.259552],[-89.719161,46.259462],[-89.719003,46.259432],[-89.717401,46.259125],[-89.712595,46.258206],[-89.711053,46.257911],[-89.710993,46.257903],[-89.710911,46.25789],[-89.710714,46.257844],[-89.710698,46.25784],[-89.710435,46.257789],[-89.710144,46.257732],[-89.709852,46.257675],[-89.70981,46.257666],[-89.70963,46.257631],[-89.709514,46.25761],[-89.70915,46.257541],[-89.708696,46.257456],[-89.708061,46.257336],[-89.707878,46.257302],[-89.707788,46.257285],[-89.707699,46.257268],[-89.707631,46.257255],[-89.707533,46.257238],[-89.707428,46.257218],[-89.707386,46.25721],[-89.707361,46.257205],[-89.706747,46.257088],[-89.705854,46.256918],[-89.704906,46.256736],[-89.704293,46.256619],[-89.703299,46.256431],[-89.700317,46.25587],[-89.699324,46.255683],[-89.699144,46.255649],[-89.698851,46.255593],[-89.697434,46.255323],[-89.696962,46.255233],[-89.696851,46.255212],[-89.696518,46.25515],[-89.696407,46.25513],[-89.696249,46.2551],[-89.695817,46.255035],[-89.69567,46.255014],[-89.695575,46.255],[-89.693792,46.254658],[-89.688161,46.253581],[-89.686285,46.253222],[-89.685837,46.25313],[-89.684494,46.252857],[-89.684047,46.252766],[-89.682154,46.252403],[-89.676477,46.251315],[-89.674585,46.250953],[-89.674476,46.250933],[-89.674215,46.25088],[-89.674186,46.250874],[-89.674095,46.250856],[-89.674004,46.250837],[-89.67387,46.25081],[-89.673736,46.250782],[-89.67324,46.250681],[-89.673109,46.250654],[-89.672741,46.250581],[-89.67176,46.250398],[-89.669237,46.249928],[-89.668814,46.249894],[-89.667821,46.249815],[-89.667715,46.249805],[-89.667617,46.249796],[-89.667402,46.249748],[-89.667299,46.249726],[-89.667267,46.249718],[-89.66722,46.249708],[-89.667171,46.249697],[-89.66714,46.249691],[-89.667047,46.24967],[-89.666771,46.249608],[-89.666679,46.249588],[-89.663637,46.248955],[-89.663404,46.248907],[-89.663343,46.248894],[-89.663291,46.248883],[-89.663183,46.24886],[-89.656128,46.247377],[-89.649202,46.245923],[-89.648728,46.245824],[-89.647773,46.245649],[-89.647586,46.24561],[-89.647121,46.24552],[-89.647014,46.245497],[-89.6469,46.245476],[-89.645932,46.245261],[-89.638046,46.243733],[-89.633756,46.242936],[-89.62523,46.241436],[-89.608511,46.238371],[-89.608126,46.238297],[-89.607841,46.238241],[-89.607818,46.238237],[-89.60773,46.23822],[-89.607428,46.238162],[-89.607398,46.238156],[-89.607288,46.238135],[-89.607029,46.238086],[-89.606965,46.238073],[-89.60643,46.237968],[-89.605997,46.237886],[-89.605675,46.237825],[-89.605432,46.237776],[-89.605064,46.237703],[-89.604703,46.237633],[-89.604539,46.237601],[-89.604461,46.237586],[-89.603276,46.237363],[-89.601966,46.237096],[-89.60172,46.237045],[-89.596707,46.236079],[-89.591954,46.235148],[-89.591913,46.235148],[-89.591902,46.23514],[-89.591889,46.235138],[-89.591878,46.235133],[-89.587345,46.234248],[-89.584465,46.233693],[-89.584434,46.233686],[-89.584403,46.23368],[-89.584117,46.233626],[-89.579845,46.232791],[-89.573438,46.23154],[-89.567029,46.230288],[-89.562758,46.229454],[-89.561276,46.229164],[-89.559053,46.22873],[-89.55683,46.228296],[-89.555348,46.228007],[-89.555244,46.227986],[-89.555089,46.227956],[-89.554933,46.227926],[-89.55483,46.227906],[-89.554815,46.227903],[-89.554743,46.213836],[-89.5548,46.20656],[-89.554802,46.205739],[-89.554818,46.20112],[-89.554818,46.20105],[-89.554819,46.200961],[-89.554902,46.182737],[-89.554902,46.182291],[-89.554909,46.180995],[-89.554869,46.176357],[-89.554878,46.169788],[-89.533012,46.169785],[-89.532995,46.16949],[-89.533015,46.167734],[-89.532986,46.167657],[-89.53298,46.167622],[-89.533015,46.167572],[-89.533015,46.167062],[-89.533016,46.16549],[-89.532989,46.164856],[-89.532843,46.164611],[-89.532821,46.164401],[-89.532976,46.164192],[-89.533116,46.163887],[-89.533118,46.163697],[-89.533016,46.163463],[-89.532976,46.163455],[-89.533034,46.158233],[-89.533036,46.155155],[-89.536652,46.155102],[-89.554782,46.155205],[-89.554912,46.149569],[-89.554913,46.14928],[-89.554917,46.147877],[-89.554909,46.146676],[-89.554911,46.142981],[-89.554909,46.142643],[-89.554909,46.142068],[-89.554909,46.141514],[-89.554913,46.140548],[-89.554932,46.140367],[-89.554932,46.140292],[-89.554899,46.138382],[-89.554846,46.137416],[-89.554865,46.136449],[-89.554879,46.131982],[-89.554868,46.130509],[-89.55484,46.126886],[-89.554843,46.121771],[-89.554844,46.121043],[-89.554837,46.120428],[-89.554829,46.120158],[-89.554822,46.117198],[-89.554797,46.114244],[-89.554796,46.113622],[-89.554782,46.112424],[-89.554781,46.112336],[-89.554778,46.111508],[-89.554768,46.109748],[-89.554743,46.105173],[-89.554731,46.101492],[-89.554735,46.101333],[-89.554729,46.100828],[-89.554728,46.10031],[-89.55472,46.097935],[-89.55471,46.095185],[-89.554697,46.090698],[-89.55469,46.086762],[-89.554684,46.08344],[-89.554676,46.07931],[-89.554669,46.076519],[-89.55467,46.076198],[-89.554669,46.071826],[-89.554669,46.07175],[-89.554668,46.071682],[-89.554667,46.068788],[-89.567001,46.068885],[-89.567057,46.068885],[-89.567508,46.068889],[-89.567896,46.068892],[-89.569869,46.068907],[-89.570974,46.068916],[-89.575517,46.068951],[-89.578272,46.06896],[-89.580024,46.068966],[-89.582353,46.068972],[-89.582411,46.068973],[-89.582722,46.068975],[-89.583245,46.068976],[-89.585937,46.068985],[-89.599607,46.069026],[-89.599759,46.069026],[-89.608461,46.069042],[-89.610017,46.069044],[-89.610694,46.069045],[-89.617753,46.069061],[-89.617614,46.068379],[-89.617183,46.066255],[-89.617151,46.066104],[-89.617093,46.065802],[-89.616995,46.065325],[-89.616939,46.065056],[-89.61692,46.064956],[-89.61685,46.064615],[-89.616825,46.06449],[-89.616777,46.064248],[-89.616545,46.063086],[-89.616467,46.062709],[-89.616194,46.061413],[-89.61514,46.05617],[-89.614935,46.055164],[-89.615024,46.051516],[-89.61504,46.050995],[-89.615259,46.042162],[-89.61531,46.040122],[-89.615346,46.038757],[-89.615406,46.03641],[-89.615639,46.026656],[-89.615656,46.026356],[-89.615985,46.021532],[-89.616455,46.014805],[-89.616462,46.014696],[-89.616557,46.013447],[-89.616746,46.010945],[-89.616651,46.005884],[-89.616664,46.005362],[-89.616673,46.004457],[-89.616672,46.004096],[-89.616666,46.003245],[-89.61667,45.999605],[-89.616669,45.999095],[-89.616667,45.998334],[-89.616664,45.996698],[-89.616548,45.989478],[-89.616478,45.98521],[-89.616453,45.983566],[-89.616452,45.983464],[-89.616433,45.982283],[-89.610764,45.982292],[-89.606123,45.982298],[-89.599975,45.982291],[-89.598986,45.98229],[-89.597875,45.982288],[-89.595801,45.982285],[-89.585518,45.982307],[-89.56995,45.982311],[-89.57005,45.975314],[-89.570105,45.971498],[-89.570122,45.970349],[-89.570359,45.961227],[-89.57036,45.961193],[-89.570361,45.961151],[-89.570363,45.961099],[-89.570471,45.956947],[-89.570477,45.956717],[-89.570491,45.95615],[-89.570454,45.941952],[-89.570427,45.938558],[-89.570428,45.937837],[-89.570421,45.937707],[-89.570415,45.937622],[-89.570418,45.937533],[-89.570394,45.934717],[-89.570374,45.931871],[-89.570373,45.931809],[-89.570373,45.931763],[-89.570363,45.930287],[-89.570363,45.93025],[-89.570362,45.930216],[-89.570343,45.927568],[-89.570345,45.923892],[-89.570345,45.921899],[-89.570349,45.921015],[-89.570345,45.920229],[-89.57034,45.912887],[-89.570572,45.905789],[-89.570545,45.902028],[-89.570507,45.898756],[-89.569315,45.898755],[-89.567932,45.898753],[-89.566433,45.898751],[-89.561422,45.898745],[-89.556487,45.898738],[-89.556353,45.898737],[-89.556314,45.898732],[-89.556273,45.898737],[-89.556193,45.898737],[-89.556055,45.898737],[-89.555935,45.898736],[-89.555819,45.898735],[-89.552448,45.898721],[-89.549739,45.898709],[-89.549739,45.892738],[-89.549727,45.890583],[-89.549683,45.883031],[-89.549589,45.873543],[-89.549577,45.872844],[-89.549526,45.869739],[-89.549486,45.86615],[-89.54945,45.862583],[-89.549443,45.860457],[-89.549439,45.860281],[-89.549432,45.858834],[-89.549421,45.855068],[-89.549392,45.851254],[-89.549385,45.850461],[-89.549378,45.849573],[-89.549376,45.84915],[-89.549381,45.848859],[-89.549361,45.847526],[-89.549357,45.847167],[-89.54935,45.845596],[-89.549343,45.843952],[-89.549336,45.843858],[-89.549335,45.843647],[-89.549335,45.84357],[-89.549334,45.843314],[-89.549334,45.843144],[-89.549338,45.84282],[-89.549332,45.842594],[-89.549332,45.842555],[-89.549329,45.842462],[-89.549331,45.842384],[-89.549329,45.842245],[-89.549335,45.84211],[-89.549297,45.841499],[-89.549406,45.837238],[-89.549412,45.837139],[-89.549459,45.835591],[-89.549539,45.833196],[-89.549556,45.832507],[-89.549545,45.831964],[-89.549416,45.826646],[-89.549385,45.825318],[-89.549374,45.821704],[-89.549363,45.818051],[-89.549351,45.815548],[-89.549345,45.815207],[-89.548152,45.814703],[-89.54757,45.814251],[-89.546698,45.814025],[-89.544208,45.813799],[-89.543562,45.813257],[-89.542786,45.81224],[-89.542075,45.811448],[-89.541396,45.811064],[-89.540653,45.810928],[-89.540588,45.810431],[-89.541073,45.810205],[-89.54139,45.809738],[-89.541438,45.809667],[-89.541687,45.809301],[-89.541655,45.808713],[-89.541433,45.808453],[-89.541366,45.808375],[-89.540459,45.807312],[-89.539974,45.806995],[-89.538455,45.805661],[-89.53671,45.804395],[-89.53532,45.803152],[-89.535031,45.802546],[-89.534965,45.802406],[-89.534965,45.801592],[-89.535075,45.800968],[-89.535075,45.799928],[-89.535463,45.799363],[-89.536142,45.799001],[-89.537209,45.798006],[-89.537758,45.797532],[-89.538437,45.79717],[-89.538857,45.796809],[-89.539245,45.796116],[-89.539503,45.795656],[-89.539868,45.794562],[-89.539601,45.794064],[-89.539558,45.793683],[-89.539601,45.793373],[-89.539672,45.793022],[-89.539859,45.792611],[-89.540073,45.792331],[-89.54046,45.79197],[-89.540786,45.791732],[-89.540757,45.791276],[-89.54037,45.790303],[-89.540725,45.789648],[-89.541307,45.789354],[-89.541953,45.789241],[-89.543342,45.788925],[-89.547123,45.788427],[-89.547705,45.787708],[-89.547738,45.78712],[-89.546744,45.78588],[-89.546542,45.785628],[-89.54609,45.785221],[-89.546122,45.784792],[-89.546994,45.784498],[-89.547996,45.784498],[-89.549161,45.784701],[-89.550031,45.784656],[-89.550807,45.784362],[-89.552261,45.783254],[-89.553294,45.78287],[-89.554231,45.781898],[-89.556718,45.779162],[-89.557709,45.777407],[-89.559033,45.77379],[-89.558838,45.771936],[-89.558116,45.770715],[-89.557276,45.770241],[-89.55705,45.769811],[-89.557663,45.769562],[-89.558891,45.769494],[-89.558903,45.769461],[-89.558955,45.769314],[-89.558794,45.768545],[-89.55805,45.767257],[-89.557759,45.766556],[-89.557856,45.766081],[-89.558179,45.765606],[-89.558696,45.765245],[-89.560117,45.764024],[-89.560563,45.76332],[-89.560633,45.76321],[-89.560647,45.762677],[-89.56013,45.76175],[-89.558838,45.759738],[-89.558967,45.758857],[-89.559354,45.757817],[-89.559483,45.755104],[-89.559278,45.754053],[-89.559263,45.753975],[-89.558584,45.753478],[-89.555129,45.752348],[-89.554225,45.751535],[-89.553611,45.750743],[-89.552997,45.750563],[-89.552513,45.750676],[-89.551641,45.751738],[-89.551028,45.751761],[-89.550479,45.75149],[-89.55007,45.751412],[-89.549048,45.751216],[-89.549031,45.751213],[-89.549022,45.751008],[-89.549026,45.74941],[-89.548976,45.745496],[-89.548935,45.739532],[-89.548924,45.736833],[-89.548896,45.733668],[-89.54889,45.732658],[-89.548869,45.731451],[-89.548784,45.725432],[-89.548699,45.719606],[-89.548639,45.713981],[-89.548599,45.708293],[-89.548577,45.703248],[-89.549311,45.70323],[-89.550173,45.703208],[-89.552647,45.703146],[-89.558347,45.703005],[-89.561293,45.702982],[-89.564698,45.702974],[-89.568174,45.702967],[-89.571564,45.70296],[-89.574712,45.702954],[-89.575191,45.702953],[-89.578667,45.702945],[-89.582259,45.702953],[-89.585403,45.702972],[-89.587189,45.702978],[-89.58751,45.702979],[-89.590184,45.702985],[-89.590178,45.703582],[-89.590175,45.703831],[-89.590164,45.705189],[-89.589978,45.709316],[-89.589823,45.713782],[-89.589821,45.713832],[-89.589838,45.71408],[-89.589911,45.71507],[-89.589948,45.715735],[-89.590074,45.717643],[-89.590152,45.722152],[-89.590237,45.72595],[-89.590294,45.729252],[-89.590363,45.732443],[-89.595653,45.732446],[-89.596466,45.732446],[-89.598377,45.732447],[-89.605612,45.732445],[-89.611111,45.732439],[-89.611888,45.732439],[-89.61266,45.732439],[-89.621453,45.732441],[-89.621615,45.732441],[-89.622064,45.732442],[-89.622235,45.732442],[-89.62292,45.732444],[-89.624041,45.732443],[-89.624949,45.732447],[-89.630761,45.732436],[-89.634054,45.732466],[-89.635426,45.732473],[-89.636608,45.732468],[-89.637017,45.73246],[-89.637268,45.732459],[-89.637866,45.732456],[-89.638996,45.732455],[-89.640592,45.732455],[-89.64217,45.732456],[-89.643028,45.732457],[-89.644331,45.732452],[-89.644505,45.732452],[-89.648297,45.732454],[-89.649141,45.732458],[-89.65295,45.732462],[-89.654893,45.732465],[-89.659938,45.732468],[-89.662323,45.732476],[-89.664062,45.73248],[-89.664849,45.732479],[-89.665524,45.732481],[-89.665555,45.732475],[-89.665585,45.73247],[-89.665658,45.732471],[-89.666023,45.732477],[-89.666701,45.732476],[-89.66698,45.732476],[-89.667182,45.732474],[-89.668262,45.732474],[-89.669092,45.732476],[-89.669401,45.732467],[-89.671829,45.732464],[-89.672801,45.732467],[-89.67284,45.732467],[-89.672926,45.732466],[-89.691679,45.732437],[-89.692689,45.732436],[-89.693694,45.732436],[-89.695523,45.732436],[-89.697705,45.732436],[-89.703664,45.732429],[-89.711633,45.73242],[-89.719627,45.732397],[-89.723766,45.732383],[-89.727971,45.732368],[-89.732567,45.732356],[-89.732831,45.732354],[-89.735145,45.732342],[-89.735504,45.732336],[-89.73636,45.732323],[-89.739581,45.732271],[-89.743595,45.732207],[-89.748441,45.73212],[-89.748967,45.732111],[-89.749672,45.732098],[-89.751913,45.732052],[-89.754122,45.732094],[-89.75653,45.732086],[-89.760502,45.732073],[-89.761712,45.732069],[-89.763525,45.732068],[-89.763618,45.732068],[-89.764287,45.732061],[-89.764792,45.732068],[-89.76531,45.732068],[-89.766261,45.732065],[-89.76862,45.732049],[-89.769612,45.732042],[-89.769796,45.732048],[-89.775692,45.732016],[-89.777031,45.732009],[-89.779437,45.732023],[-89.781426,45.732035],[-89.786545,45.732063],[-89.794451,45.732015],[-89.795172,45.732011],[-89.795174,45.732085],[-89.795763,45.732091],[-89.796106,45.732091],[-89.796342,45.73209],[-89.798811,45.732095],[-89.801004,45.732096],[-89.801372,45.732095],[-89.802654,45.732092],[-89.803511,45.73209],[-89.805299,45.732084],[-89.805686,45.732083],[-89.80588,45.732082],[-89.806221,45.732079],[-89.811439,45.732063],[-89.816657,45.732046],[-89.821883,45.732018],[-89.825631,45.732],[-89.825758,45.731999],[-89.82711,45.731991],[-89.832336,45.731962],[-89.837566,45.731938],[-89.841682,45.731931],[-89.852774,45.731895],[-89.861681,45.731894],[-89.863855,45.73187],[-89.871845,45.731784],[-89.875147,45.731783],[-89.879575,45.73187],[-89.884885,45.731975],[-89.886995,45.732016],[-89.892415,45.732112],[-89.896869,45.73221],[-89.897624,45.732223],[-89.898492,45.73226],[-89.89871,45.732259],[-89.899916,45.732291],[-89.90062,45.732234],[-89.903196,45.732228],[-89.903514,45.732289],[-89.90524,45.732313],[-89.919858,45.732228],[-89.921303,45.732219],[-89.924602,45.732191],[-89.926418,45.732185],[-89.932018,45.73215],[-89.932196,45.732149],[-89.944834,45.732052],[-89.945914,45.732018],[-89.964578,45.731829],[-89.967322,45.731774],[-89.972498,45.731672],[-89.975947,45.731608],[-89.981285,45.731515],[-89.987553,45.731366],[-89.992144,45.731246],[-89.993931,45.731211],[-89.998936,45.731055],[-89.999993,45.730976],[-90.000379,45.731014],[-90.000477,45.731011],[-90.00685,45.730867],[-90.013583,45.730755],[-90.01383,45.730762],[-90.014798,45.730767],[-90.015757,45.730774],[-90.023431,45.730585],[-90.033607,45.730474],[-90.039478,45.730452],[-90.043324,45.730365],[-90.04346,45.730362],[-90.043484,45.730362],[-90.043493,45.730548],[-90.043545,45.731601],[-90.043598,45.732666],[-90.04365,45.733722],[-90.043704,45.734801],[-90.043758,45.735901],[-90.043813,45.737008],[-90.043868,45.738106],[-90.043923,45.73922],[-90.043977,45.740322],[-90.044032,45.741424],[-90.044086,45.742515],[-90.044192,45.744655],[-90.044298,45.74685],[-90.044336,45.747652],[-90.044405,45.749082],[-90.044421,45.74941],[-90.044446,45.749946],[-90.044512,45.7513],[-90.044616,45.753472],[-90.04472,45.755616],[-90.044729,45.755824],[-90.044826,45.757821],[-90.044905,45.759469],[-90.044927,45.760468],[-90.044958,45.761882],[-90.044966,45.762249],[-90.045017,45.764586],[-90.045051,45.766116],[-90.045136,45.770404],[-90.04521,45.774757],[-90.045221,45.780685],[-90.045236,45.788821],[-90.045237,45.78891],[-90.045258,45.797506],[-90.045254,45.806194]]],[[[-89.933628,46.296505],[-89.93293,46.29697],[-89.932778,46.297043],[-89.9325,46.29718],[-89.932082,46.297409],[-89.931947,46.297357],[-89.930477,46.296865],[-89.930458,46.296859],[-89.930468,46.29685],[-89.930497,46.29682],[-89.930512,46.296804],[-89.930545,46.296772],[-89.930557,46.296762],[-89.930573,46.296751],[-89.930595,46.296736],[-89.930614,46.296713],[-89.930633,46.296691],[-89.930643,46.296674],[-89.930651,46.296646],[-89.930655,46.29663],[-89.930659,46.296614],[-89.930669,46.296592],[-89.93067,46.296579],[-89.930666,46.296547],[-89.930666,46.296529],[-89.930667,46.296516],[-89.930682,46.296487],[-89.930685,46.296476],[-89.930685,46.296437],[-89.930682,46.296424],[-89.930681,46.296407],[-89.930682,46.29639],[-89.930685,46.296368],[-89.93069,46.29634],[-89.930707,46.296313],[-89.930718,46.296294],[-89.930742,46.296235],[-89.930751,46.296214],[-89.930768,46.296139],[-89.930792,46.296096],[-89.930803,46.296082],[-89.930809,46.29603],[-89.930869,46.296034],[-89.933548,46.296309],[-89.933542,46.29641],[-89.933628,46.296505]]]]}},{"type":"Feature","properties":{"STATEFP":"55","SCSDLEA":"05490","GEOID":"5505490","GEOIDFQ":"9600000US5505490","NAME":"Nicolet Union High School District","LSAD":"00","LOGRADE":"09","HIGRADE":"12","MTFCC":"G5410","SDTYP":"","FUNCSTAT":"E","ALAND":41870542,"AWATER":971848,"INTPTLAT":"+43.1582822","INTPTLON":"-087.9223420"},"geometry":{"type":"Polygon","coordinates":[[[-87.962621,43.174331],[-87.962603,43.174331],[-87.962436,43.174329],[-87.962295,43.174327],[-87.962058,43.174326],[-87.959607,43.174309],[-87.959584,43.174418],[-87.959584,43.174484],[-87.959568,43.174506],[-87.959555,43.174704],[-87.95951,43.174858],[-87.95948,43.174902],[-87.959382,43.175119],[-87.959272,43.175365],[-87.958988,43.175827],[-87.958988,43.175849],[-87.958958,43.175893],[-87.958958,43.175915],[-87.958898,43.176048],[-87.95881,43.176312],[-87.958706,43.176488],[-87.958593,43.176598],[-87.958309,43.176819],[-87.958197,43.176885],[-87.958099,43.176924],[-87.95792,43.177023],[-87.957658,43.177205],[-87.957449,43.177315],[-87.957402,43.177333],[-87.957239,43.177398],[-87.956931,43.177475],[-87.956692,43.177498],[-87.956632,43.177514],[-87.956572,43.177553],[-87.956561,43.177564],[-87.956476,43.177599],[-87.956423,43.177624],[-87.956381,43.17766],[-87.95634,43.177716],[-87.95628,43.177765],[-87.956205,43.177788],[-87.95614,43.177806],[-87.956056,43.177849],[-87.956036,43.177877],[-87.955981,43.177921],[-87.955931,43.177968],[-87.955867,43.178041],[-87.955785,43.178218],[-87.955764,43.178246],[-87.95576,43.178268],[-87.955732,43.178326],[-87.955728,43.178378],[-87.955716,43.178414],[-87.955689,43.178454],[-87.955667,43.178495],[-87.955629,43.178557],[-87.955578,43.178637],[-87.955562,43.178675],[-87.955545,43.178719],[-87.955524,43.178788],[-87.95549,43.178882],[-87.955471,43.178938],[-87.955441,43.179043],[-87.955432,43.179081],[-87.955418,43.179146],[-87.955407,43.179255],[-87.955405,43.17929],[-87.955397,43.179351],[-87.955391,43.179483],[-87.955393,43.179575],[-87.955388,43.179616],[-87.955382,43.179633],[-87.955379,43.179658],[-87.955382,43.179747],[-87.955381,43.179842],[-87.955375,43.179892],[-87.955375,43.179929],[-87.955384,43.179967],[-87.955383,43.180007],[-87.955379,43.18005],[-87.955375,43.180093],[-87.95538,43.180135],[-87.955374,43.18018],[-87.955375,43.180235],[-87.95537,43.180276],[-87.955357,43.180324],[-87.955354,43.180362],[-87.955362,43.180397],[-87.955368,43.180407],[-87.955371,43.180431],[-87.955378,43.180466],[-87.955386,43.180509],[-87.955383,43.180529],[-87.955375,43.180681],[-87.955376,43.180722],[-87.955387,43.180768],[-87.955391,43.180794],[-87.955397,43.180828],[-87.955399,43.18088],[-87.955395,43.180898],[-87.955397,43.180985],[-87.955391,43.181063],[-87.955388,43.181075],[-87.955385,43.181154],[-87.95538,43.181206],[-87.955386,43.181239],[-87.955398,43.18128],[-87.955425,43.181321],[-87.955446,43.181355],[-87.955479,43.181394],[-87.9555,43.181432],[-87.95551,43.181468],[-87.955536,43.181534],[-87.955561,43.181574],[-87.955576,43.181585],[-87.955625,43.181646],[-87.955678,43.181702],[-87.955705,43.181728],[-87.955779,43.181802],[-87.955801,43.181833],[-87.955827,43.181869],[-87.955852,43.181895],[-87.955874,43.181923],[-87.955917,43.181974],[-87.955975,43.182034],[-87.955996,43.182068],[-87.956013,43.182093],[-87.956149,43.182237],[-87.956195,43.182293],[-87.956248,43.182359],[-87.956304,43.182408],[-87.956447,43.182532],[-87.956562,43.182632],[-87.956617,43.182709],[-87.956922,43.183016],[-87.957063,43.183201],[-87.957234,43.183408],[-87.957354,43.183588],[-87.957441,43.183764],[-87.957457,43.183804],[-87.957622,43.183944],[-87.95765,43.18397],[-87.957683,43.184025],[-87.957712,43.184093],[-87.957729,43.184129],[-87.957724,43.184162],[-87.957683,43.184224],[-87.95767,43.184265],[-87.957674,43.184342],[-87.957689,43.184417],[-87.957727,43.184461],[-87.957804,43.184494],[-87.957838,43.184505],[-87.957988,43.184591],[-87.95807,43.184678],[-87.95816,43.184815],[-87.958262,43.185031],[-87.958305,43.1852],[-87.9584,43.185442],[-87.95844,43.185585],[-87.95848,43.18566],[-87.958545,43.185745],[-87.958619,43.185854],[-87.958829,43.186019],[-87.959016,43.186159],[-87.959048,43.186192],[-87.959188,43.186279],[-87.959302,43.186366],[-87.959312,43.186391],[-87.959331,43.186413],[-87.95935,43.186425],[-87.959397,43.186439],[-87.959486,43.18652],[-87.95957,43.186585],[-87.959645,43.186631],[-87.959733,43.186727],[-87.959832,43.186834],[-87.959915,43.186933],[-87.96,43.186982],[-87.960105,43.187081],[-87.9602,43.187188],[-87.960284,43.187272],[-87.960386,43.18737],[-87.960443,43.187444],[-87.960499,43.187548],[-87.960575,43.187689],[-87.960667,43.187783],[-87.960742,43.18788],[-87.960834,43.188042],[-87.960939,43.188283],[-87.960921,43.188339],[-87.960938,43.188362],[-87.960938,43.188394],[-87.960955,43.188917],[-87.960952,43.189247],[-87.960968,43.189291],[-87.960953,43.189319],[-87.960963,43.189381],[-87.96096,43.189455],[-87.960946,43.189626],[-87.960933,43.18966],[-87.960931,43.18987],[-87.960884,43.190071],[-87.960853,43.190152],[-87.960807,43.190336],[-87.960802,43.190438],[-87.960755,43.190497],[-87.960685,43.190662],[-87.960598,43.190788],[-87.960517,43.190877],[-87.960444,43.190941],[-87.96043,43.190989],[-87.960384,43.191042],[-87.960227,43.191254],[-87.960207,43.191298],[-87.960172,43.191328],[-87.959967,43.19166],[-87.959861,43.191843],[-87.959782,43.191966],[-87.959631,43.192138],[-87.95954,43.192206],[-87.959255,43.192407],[-87.957683,43.192403],[-87.957556,43.192396],[-87.957521,43.192395],[-87.957176,43.192392],[-87.95705,43.192392],[-87.95676,43.19239],[-87.956107,43.192386],[-87.95589,43.192385],[-87.9556,43.192384],[-87.955318,43.192382],[-87.955027,43.19238],[-87.954472,43.192377],[-87.95419,43.192376],[-87.953624,43.192369],[-87.951926,43.19235],[-87.95136,43.192344],[-87.951259,43.192342],[-87.950938,43.192339],[-87.949672,43.192324],[-87.949251,43.19232],[-87.948661,43.192313],[-87.946892,43.192292],[-87.946303,43.192286],[-87.945903,43.192281],[-87.9447,43.192268],[-87.9443,43.192264],[-87.942636,43.192253],[-87.937644,43.192221],[-87.937261,43.192218],[-87.93598,43.192211],[-87.935439,43.192207],[-87.93456,43.192201],[-87.934478,43.192201],[-87.933819,43.192197],[-87.933279,43.192194],[-87.932796,43.192191],[-87.932694,43.19219],[-87.931926,43.192186],[-87.93135,43.192182],[-87.930868,43.19218],[-87.930635,43.192178],[-87.930013,43.192175],[-87.926239,43.192154],[-87.924941,43.192147],[-87.924897,43.192146],[-87.924836,43.192146],[-87.924662,43.192145],[-87.924523,43.192144],[-87.924419,43.192144],[-87.924209,43.192142],[-87.924106,43.192141],[-87.923509,43.192138],[-87.923369,43.192138],[-87.923272,43.192137],[-87.923093,43.192135],[-87.922266,43.192131],[-87.922053,43.19213],[-87.921991,43.19213],[-87.921722,43.192128],[-87.920908,43.192123],[-87.920648,43.192122],[-87.920401,43.19212],[-87.919738,43.192117],[-87.919661,43.192116],[-87.919415,43.192115],[-87.91906,43.192112],[-87.917997,43.192106],[-87.917927,43.192106],[-87.917643,43.192105],[-87.916939,43.192102],[-87.915252,43.192092],[-87.914543,43.192088],[-87.914106,43.192084],[-87.909639,43.192047],[-87.906406,43.192019],[-87.904867,43.192007],[-87.904739,43.192007],[-87.901274,43.192006],[-87.899104,43.192008],[-87.898931,43.192019],[-87.898929,43.192144],[-87.898928,43.192195],[-87.898774,43.192191],[-87.898952,43.192396],[-87.899256,43.192563],[-87.899367,43.19263],[-87.8991,43.192778],[-87.898826,43.192939],[-87.898661,43.19303],[-87.898594,43.193119],[-87.898527,43.19321],[-87.898518,43.193289],[-87.8985,43.193446],[-87.898497,43.193559],[-87.898485,43.193855],[-87.898487,43.193911],[-87.898494,43.194069],[-87.898497,43.194125],[-87.898505,43.194306],[-87.898509,43.194397],[-87.898794,43.194398],[-87.899049,43.194489],[-87.899098,43.19467],[-87.899146,43.194765],[-87.89919,43.194852],[-87.89933,43.195033],[-87.899359,43.195124],[-87.899495,43.195215],[-87.899767,43.195397],[-87.899904,43.195488],[-87.900161,43.195657],[-87.900182,43.195743],[-87.900192,43.195783],[-87.900245,43.195783],[-87.900262,43.195812],[-87.900283,43.195848],[-87.900281,43.19612],[-87.900277,43.196137],[-87.900281,43.19615],[-87.900355,43.196453],[-87.900331,43.196594],[-87.900343,43.196663],[-87.900312,43.196708],[-87.900133,43.196991],[-87.899765,43.197524],[-87.899602,43.197661],[-87.899349,43.197684],[-87.899035,43.197644],[-87.898481,43.197475],[-87.898316,43.197441],[-87.898197,43.197415],[-87.898096,43.197394],[-87.897912,43.197355],[-87.897776,43.197281],[-87.897461,43.197109],[-87.897297,43.197077],[-87.896881,43.196997],[-87.896016,43.197088],[-87.896,43.197074],[-87.895895,43.196874],[-87.89578,43.196693],[-87.895769,43.196655],[-87.895626,43.196364],[-87.895536,43.196182],[-87.895502,43.196114],[-87.895466,43.196015],[-87.895459,43.195996],[-87.895437,43.195963],[-87.895255,43.195685],[-87.89524,43.195624],[-87.895172,43.195487],[-87.894953,43.195188],[-87.894786,43.194912],[-87.894675,43.194731],[-87.894598,43.194603],[-87.894455,43.194368],[-87.894331,43.194186],[-87.894207,43.194005],[-87.894154,43.193928],[-87.894083,43.193823],[-87.893929,43.193598],[-87.893898,43.193552],[-87.893859,43.193507],[-87.893664,43.193282],[-87.893585,43.193191],[-87.893507,43.1931],[-87.893423,43.192988],[-87.893394,43.192958],[-87.89337,43.192919],[-87.89317,43.192655],[-87.893095,43.192555],[-87.892942,43.192355],[-87.89282,43.192192],[-87.892686,43.192017],[-87.892725,43.192015],[-87.892682,43.191961],[-87.892633,43.191884],[-87.892598,43.191839],[-87.892571,43.191807],[-87.892549,43.191794],[-87.892536,43.191763],[-87.892481,43.191685],[-87.892408,43.191597],[-87.892303,43.191451],[-87.892265,43.191415],[-87.892173,43.191314],[-87.892062,43.191193],[-87.891838,43.190886],[-87.891742,43.190793],[-87.891669,43.19073],[-87.891624,43.190669],[-87.89161,43.190634],[-87.891611,43.190612],[-87.891598,43.1906],[-87.891549,43.190559],[-87.891405,43.190379],[-87.89123,43.190193],[-87.890994,43.189944],[-87.890877,43.1898],[-87.890767,43.189692],[-87.890587,43.189495],[-87.890353,43.189243],[-87.890183,43.189077],[-87.89,43.18889],[-87.889805,43.188696],[-87.889728,43.188633],[-87.889642,43.188575],[-87.889632,43.188562],[-87.889617,43.188545],[-87.889582,43.188497],[-87.88955,43.188466],[-87.889537,43.188455],[-87.889518,43.188438],[-87.889504,43.188426],[-87.889492,43.188413],[-87.889472,43.188396],[-87.889463,43.188383],[-87.889423,43.188342],[-87.889403,43.188324],[-87.889392,43.188311],[-87.889371,43.18829],[-87.889352,43.188271],[-87.889338,43.188259],[-87.889329,43.188249],[-87.889314,43.18823],[-87.8893,43.188205],[-87.889276,43.188192],[-87.889253,43.188182],[-87.889206,43.188148],[-87.889174,43.188113],[-87.889138,43.188073],[-87.889123,43.188058],[-87.8891,43.188035],[-87.889064,43.187996],[-87.889025,43.18796],[-87.889005,43.187934],[-87.888956,43.187882],[-87.888929,43.187856],[-87.888893,43.187828],[-87.888849,43.187789],[-87.888807,43.18776],[-87.888743,43.18771],[-87.888712,43.187682],[-87.888668,43.187639],[-87.888657,43.187628],[-87.888599,43.187583],[-87.888571,43.187564],[-87.888554,43.187551],[-87.888482,43.187495],[-87.888462,43.187482],[-87.888435,43.187464],[-87.888414,43.187449],[-87.888394,43.187431],[-87.888365,43.187405],[-87.888303,43.187355],[-87.888228,43.187288],[-87.888208,43.187262],[-87.888156,43.18723],[-87.88809,43.187185],[-87.888036,43.187145],[-87.887977,43.187097],[-87.887922,43.187055],[-87.88788,43.187018],[-87.887871,43.187008],[-87.887836,43.18698],[-87.887823,43.18697],[-87.887799,43.186949],[-87.887749,43.186904],[-87.887716,43.186871],[-87.887659,43.186831],[-87.887603,43.186761],[-87.887555,43.186711],[-87.887516,43.186689],[-87.887465,43.186618],[-87.887451,43.186601],[-87.887419,43.186561],[-87.887393,43.186533],[-87.887349,43.186492],[-87.887321,43.186456],[-87.887308,43.186439],[-87.887294,43.186424],[-87.887256,43.186387],[-87.88722,43.186349],[-87.887192,43.186295],[-87.887179,43.186278],[-87.887143,43.186216],[-87.887124,43.186174],[-87.887105,43.186135],[-87.887085,43.186096],[-87.887061,43.186078],[-87.887025,43.186038],[-87.887007,43.185976],[-87.886985,43.185911],[-87.88696,43.185864],[-87.886953,43.185839],[-87.886925,43.18576],[-87.886877,43.185652],[-87.886862,43.185626],[-87.886837,43.185591],[-87.886812,43.185563],[-87.886796,43.185548],[-87.886773,43.185522],[-87.886752,43.18552],[-87.886738,43.185506],[-87.886718,43.185488],[-87.886715,43.185479],[-87.886728,43.185466],[-87.886753,43.185443],[-87.886763,43.185423],[-87.886754,43.185414],[-87.886717,43.185376],[-87.886678,43.185334],[-87.886663,43.185319],[-87.886647,43.18529],[-87.886618,43.185261],[-87.886585,43.18521],[-87.886555,43.185159],[-87.886523,43.185097],[-87.886483,43.18503],[-87.886467,43.185012],[-87.886446,43.184985],[-87.886424,43.184966],[-87.88639,43.184922],[-87.886377,43.184897],[-87.886366,43.184859],[-87.886341,43.184708],[-87.886345,43.184691],[-87.886349,43.184679],[-87.886355,43.184665],[-87.886362,43.184649],[-87.886366,43.184637],[-87.88637,43.184621],[-87.886374,43.184607],[-87.886379,43.184594],[-87.886382,43.184585],[-87.88638,43.184575],[-87.886376,43.184563],[-87.88637,43.184553],[-87.886363,43.184536],[-87.88636,43.184519],[-87.886358,43.1845],[-87.886353,43.184475],[-87.886356,43.184451],[-87.88636,43.18443],[-87.886365,43.184415],[-87.886366,43.184402],[-87.88636,43.184386],[-87.886356,43.184367],[-87.88635,43.184355],[-87.886346,43.184345],[-87.886342,43.184333],[-87.886339,43.18432],[-87.886337,43.184308],[-87.886337,43.184294],[-87.88634,43.184281],[-87.886342,43.184268],[-87.886351,43.18425],[-87.886356,43.18424],[-87.886365,43.184226],[-87.886375,43.184209],[-87.886399,43.184187],[-87.886423,43.18416],[-87.886431,43.184144],[-87.886435,43.184135],[-87.886435,43.184123],[-87.886431,43.184101],[-87.886425,43.184072],[-87.886423,43.184063],[-87.886421,43.18404],[-87.886417,43.184023],[-87.886411,43.184001],[-87.886407,43.183977],[-87.886414,43.183957],[-87.886412,43.18394],[-87.886412,43.18392],[-87.886407,43.183896],[-87.886403,43.183873],[-87.886396,43.183836],[-87.886397,43.183802],[-87.886394,43.183779],[-87.886392,43.183749],[-87.886382,43.183684],[-87.886381,43.18362],[-87.886383,43.183608],[-87.886383,43.183558],[-87.886383,43.183525],[-87.886377,43.183473],[-87.886373,43.183408],[-87.886366,43.183322],[-87.886364,43.183298],[-87.886363,43.183275],[-87.886357,43.18324],[-87.886358,43.183224],[-87.886338,43.183116],[-87.886335,43.183061],[-87.886334,43.18305],[-87.886329,43.183014],[-87.886313,43.182966],[-87.886304,43.182911],[-87.886294,43.18289],[-87.886281,43.182869],[-87.886264,43.182831],[-87.886248,43.182785],[-87.886238,43.182766],[-87.886235,43.182755],[-87.886238,43.18274],[-87.886222,43.182716],[-87.886223,43.182705],[-87.886214,43.182689],[-87.886201,43.182645],[-87.886199,43.18263],[-87.886179,43.182598],[-87.88617,43.182582],[-87.886161,43.182569],[-87.886138,43.182521],[-87.886117,43.182493],[-87.886108,43.182469],[-87.886107,43.182448],[-87.886081,43.182398],[-87.886067,43.182363],[-87.886059,43.182337],[-87.886016,43.182246],[-87.886001,43.182224],[-87.885985,43.182182],[-87.885971,43.182152],[-87.885954,43.182108],[-87.885941,43.182062],[-87.885919,43.181986],[-87.885903,43.181927],[-87.885886,43.181864],[-87.88587,43.181792],[-87.885815,43.181603],[-87.885798,43.18155],[-87.885763,43.181464],[-87.885747,43.181404],[-87.885721,43.181336],[-87.885693,43.181252],[-87.885682,43.181222],[-87.885667,43.181177],[-87.885627,43.181083],[-87.885603,43.181035],[-87.885594,43.181021],[-87.885573,43.180983],[-87.885559,43.180953],[-87.885521,43.180892],[-87.885508,43.180865],[-87.885473,43.18081],[-87.885442,43.18077],[-87.885422,43.180741],[-87.885381,43.180673],[-87.885361,43.180631],[-87.885341,43.18058],[-87.88532,43.180514],[-87.885297,43.180467],[-87.885255,43.180358],[-87.885227,43.18024],[-87.885208,43.180216],[-87.88519,43.180185],[-87.885151,43.180107],[-87.885065,43.179923],[-87.884986,43.179767],[-87.884909,43.179628],[-87.884874,43.179549],[-87.88484,43.179474],[-87.884802,43.179419],[-87.884779,43.179381],[-87.884731,43.179297],[-87.884724,43.179287],[-87.884666,43.179208],[-87.884623,43.179149],[-87.884561,43.179037],[-87.884525,43.178986],[-87.884472,43.178913],[-87.884393,43.178802],[-87.884331,43.178687],[-87.884301,43.17861],[-87.884266,43.178527],[-87.884239,43.178458],[-87.884222,43.178407],[-87.884074,43.177919],[-87.883989,43.177647],[-87.883953,43.177559],[-87.883893,43.177397],[-87.883844,43.17729],[-87.883774,43.177109],[-87.883717,43.176995],[-87.883697,43.176946],[-87.883639,43.176805],[-87.883597,43.176728],[-87.88356,43.176656],[-87.88352,43.17658],[-87.883409,43.17641],[-87.883277,43.176188],[-87.883226,43.176103],[-87.883198,43.176046],[-87.883193,43.176026],[-87.88319,43.175996],[-87.883172,43.175954],[-87.883141,43.175913],[-87.883121,43.175872],[-87.883089,43.175823],[-87.883054,43.175771],[-87.883021,43.175722],[-87.882985,43.175672],[-87.882974,43.175645],[-87.882951,43.175603],[-87.882927,43.175576],[-87.882884,43.175512],[-87.882858,43.175479],[-87.882835,43.175412],[-87.882797,43.175354],[-87.882773,43.175313],[-87.882753,43.17528],[-87.88272,43.175233],[-87.882677,43.175155],[-87.882629,43.17508],[-87.882577,43.174988],[-87.882517,43.174884],[-87.882502,43.174852],[-87.88246,43.174763],[-87.882448,43.174708],[-87.882423,43.174666],[-87.882383,43.174606],[-87.882355,43.174536],[-87.882315,43.174407],[-87.88229,43.174364],[-87.882267,43.174298],[-87.882201,43.17415],[-87.882118,43.173924],[-87.882085,43.173824],[-87.882043,43.173709],[-87.882015,43.173641],[-87.88199,43.173598],[-87.881994,43.173564],[-87.88197,43.17348],[-87.881963,43.173417],[-87.881982,43.173416],[-87.881794,43.172919],[-87.88143,43.171957],[-87.881355,43.171866],[-87.881257,43.171781],[-87.881177,43.171794],[-87.881179,43.171744],[-87.881169,43.171707],[-87.881164,43.171641],[-87.881165,43.171591],[-87.88117,43.171472],[-87.881171,43.171441],[-87.881176,43.171408],[-87.881174,43.171385],[-87.881168,43.171371],[-87.881166,43.171348],[-87.881168,43.17132],[-87.881176,43.171284],[-87.881144,43.17122],[-87.881057,43.171094],[-87.881014,43.171102],[-87.881015,43.171042],[-87.880993,43.170719],[-87.88098,43.170654],[-87.880952,43.170597],[-87.88093,43.170597],[-87.880929,43.170581],[-87.88096,43.170526],[-87.88098,43.17041],[-87.880983,43.170297],[-87.881103,43.170003],[-87.881185,43.169804],[-87.881226,43.169723],[-87.881244,43.169688],[-87.881251,43.169678],[-87.88134,43.169548],[-87.881339,43.169464],[-87.881331,43.16941],[-87.881335,43.169319],[-87.881341,43.169286],[-87.881352,43.169227],[-87.881355,43.169204],[-87.88136,43.169178],[-87.881357,43.169169],[-87.881359,43.169138],[-87.881365,43.169113],[-87.88137,43.169096],[-87.881374,43.169086],[-87.881384,43.169059],[-87.881542,43.169093],[-87.881565,43.169067],[-87.88158,43.169051],[-87.881589,43.169043],[-87.881601,43.169036],[-87.881636,43.169027],[-87.881669,43.16901],[-87.881715,43.168962],[-87.881731,43.168936],[-87.881761,43.168877],[-87.881786,43.168851],[-87.881805,43.168805],[-87.881816,43.16877],[-87.881831,43.168733],[-87.881854,43.168684],[-87.88186,43.168676],[-87.881896,43.168594],[-87.882011,43.16838],[-87.882027,43.168349],[-87.88207,43.168283],[-87.882086,43.168254],[-87.882101,43.16823],[-87.882114,43.168204],[-87.882168,43.168111],[-87.882218,43.16803],[-87.882271,43.167932],[-87.882294,43.16788],[-87.882338,43.167811],[-87.882366,43.16776],[-87.882389,43.167721],[-87.882407,43.16769],[-87.882422,43.167666],[-87.882435,43.167618],[-87.882468,43.167518],[-87.882475,43.167471],[-87.88248,43.16745],[-87.882484,43.167436],[-87.882485,43.167421],[-87.882489,43.167407],[-87.882491,43.167394],[-87.882495,43.167381],[-87.8825,43.167368],[-87.882504,43.167352],[-87.882513,43.167319],[-87.882524,43.167281],[-87.882529,43.167249],[-87.882532,43.167214],[-87.882534,43.167197],[-87.882536,43.167178],[-87.882535,43.167162],[-87.882531,43.167135],[-87.88253,43.167113],[-87.88253,43.167095],[-87.882531,43.167081],[-87.882535,43.16706],[-87.882532,43.167039],[-87.882525,43.16702],[-87.882528,43.167005],[-87.882527,43.166993],[-87.882523,43.16698],[-87.882519,43.16697],[-87.88251,43.166956],[-87.882509,43.166943],[-87.88251,43.166933],[-87.882522,43.166915],[-87.882533,43.166902],[-87.882552,43.166889],[-87.882565,43.166881],[-87.882576,43.166871],[-87.88258,43.166854],[-87.882567,43.16683],[-87.882556,43.166811],[-87.882551,43.166799],[-87.88255,43.166788],[-87.882564,43.166775],[-87.882585,43.166759],[-87.882595,43.166746],[-87.882599,43.166732],[-87.882598,43.166717],[-87.882601,43.166702],[-87.882604,43.166681],[-87.88262,43.166658],[-87.882633,43.166641],[-87.882642,43.166628],[-87.882651,43.166617],[-87.882659,43.166604],[-87.882671,43.166593],[-87.882682,43.16658],[-87.882693,43.16657],[-87.882705,43.166555],[-87.882715,43.166534],[-87.882733,43.166509],[-87.882747,43.166478],[-87.882755,43.166462],[-87.882768,43.166446],[-87.882778,43.166436],[-87.882792,43.16642],[-87.882811,43.166397],[-87.882817,43.166384],[-87.882831,43.166362],[-87.882839,43.166336],[-87.882849,43.16632],[-87.882858,43.166303],[-87.882868,43.166286],[-87.882875,43.166274],[-87.882881,43.166263],[-87.882888,43.166253],[-87.882906,43.166217],[-87.882908,43.1662],[-87.882937,43.16614],[-87.882954,43.16612],[-87.882977,43.166096],[-87.882987,43.166087],[-87.883054,43.166081],[-87.883083,43.166069],[-87.883102,43.16606],[-87.883129,43.166041],[-87.883139,43.166026],[-87.883155,43.165996],[-87.883168,43.165973],[-87.883175,43.165964],[-87.883182,43.165952],[-87.883193,43.16593],[-87.8832,43.16592],[-87.883207,43.165911],[-87.883218,43.165894],[-87.883237,43.165896],[-87.883247,43.165878],[-87.883219,43.165868],[-87.883248,43.165806],[-87.883275,43.165809],[-87.883297,43.165771],[-87.883257,43.165758],[-87.88328,43.165694],[-87.883307,43.165619],[-87.883552,43.165142],[-87.883599,43.16514],[-87.883616,43.16511],[-87.883647,43.165117],[-87.883659,43.16508],[-87.883626,43.165074],[-87.883651,43.165012],[-87.883886,43.164822],[-87.883865,43.164813],[-87.883892,43.16476],[-87.883894,43.16475],[-87.883892,43.164731],[-87.883895,43.164722],[-87.883902,43.164713],[-87.883912,43.164698],[-87.883928,43.164673],[-87.883938,43.164659],[-87.88395,43.164647],[-87.88396,43.164636],[-87.883968,43.164625],[-87.883975,43.164613],[-87.88398,43.1646],[-87.883999,43.164572],[-87.88401,43.164559],[-87.884032,43.164517],[-87.884072,43.164535],[-87.884079,43.164524],[-87.88409,43.164515],[-87.884099,43.1645],[-87.884112,43.164489],[-87.884122,43.164476],[-87.884131,43.164464],[-87.884149,43.164442],[-87.884159,43.16443],[-87.884166,43.164422],[-87.884173,43.164414],[-87.884182,43.164406],[-87.884194,43.164394],[-87.884208,43.164363],[-87.884213,43.164354],[-87.884223,43.164338],[-87.884232,43.164318],[-87.88424,43.164293],[-87.884339,43.164321],[-87.884354,43.164295],[-87.884245,43.164259],[-87.884251,43.16425],[-87.88426,43.164231],[-87.884273,43.164215],[-87.88428,43.164201],[-87.884292,43.164185],[-87.884308,43.16416],[-87.88432,43.164135],[-87.884315,43.16411],[-87.884315,43.16409],[-87.884319,43.164067],[-87.884326,43.164048],[-87.884334,43.164032],[-87.88434,43.164022],[-87.884345,43.164001],[-87.884348,43.16398],[-87.884356,43.16397],[-87.884358,43.163954],[-87.884363,43.163936],[-87.884367,43.16392],[-87.884374,43.163902],[-87.884382,43.163881],[-87.88439,43.163843],[-87.884393,43.16382],[-87.884396,43.163803],[-87.884392,43.163792],[-87.884391,43.163782],[-87.884389,43.16377],[-87.884385,43.163751],[-87.884385,43.16374],[-87.884387,43.163719],[-87.884394,43.163684],[-87.8844,43.163665],[-87.884401,43.163638],[-87.884406,43.163627],[-87.884416,43.16361],[-87.884428,43.163591],[-87.884436,43.163579],[-87.88446,43.163562],[-87.884477,43.16355],[-87.884491,43.163541],[-87.884504,43.163532],[-87.884518,43.163521],[-87.884533,43.163512],[-87.88455,43.163501],[-87.884576,43.163489],[-87.884587,43.163484],[-87.8846,43.163477],[-87.884618,43.163466],[-87.884628,43.163456],[-87.884641,43.163437],[-87.884656,43.163414],[-87.884672,43.163384],[-87.884681,43.163372],[-87.884691,43.16336],[-87.884699,43.163347],[-87.884706,43.163334],[-87.884739,43.163274],[-87.884748,43.163263],[-87.884757,43.163245],[-87.884767,43.163234],[-87.884779,43.16322],[-87.884787,43.163208],[-87.884791,43.163197],[-87.884792,43.163186],[-87.884796,43.163177],[-87.884802,43.163164],[-87.884809,43.163155],[-87.884814,43.163142],[-87.884826,43.163121],[-87.884832,43.1631],[-87.88484,43.16308],[-87.88485,43.163065],[-87.88486,43.163054],[-87.884873,43.163037],[-87.884882,43.163022],[-87.884889,43.16301],[-87.884894,43.163],[-87.884904,43.162982],[-87.884909,43.162969],[-87.884916,43.162952],[-87.884927,43.16294],[-87.884934,43.162929],[-87.88494,43.1629],[-87.884948,43.162857],[-87.884954,43.162837],[-87.884959,43.162823],[-87.884967,43.162809],[-87.884974,43.162793],[-87.884978,43.162783],[-87.884985,43.162768],[-87.884993,43.162757],[-87.885,43.162744],[-87.885,43.162724],[-87.88501,43.162706],[-87.885013,43.162685],[-87.885016,43.16266],[-87.885025,43.162638],[-87.88503,43.162614],[-87.885034,43.162591],[-87.885039,43.162549],[-87.885046,43.162511],[-87.885052,43.162483],[-87.88506,43.162443],[-87.885066,43.162429],[-87.88507,43.162417],[-87.88507,43.162408],[-87.885076,43.162365],[-87.885087,43.162301],[-87.885096,43.162249],[-87.885103,43.162208],[-87.885106,43.162189],[-87.885123,43.162138],[-87.885127,43.162115],[-87.885134,43.162098],[-87.885138,43.162088],[-87.88514,43.162077],[-87.885139,43.162068],[-87.885137,43.162057],[-87.885131,43.162041],[-87.885127,43.16203],[-87.885119,43.162021],[-87.885112,43.162012],[-87.885107,43.161983],[-87.885104,43.161971],[-87.885102,43.161953],[-87.8851,43.161933],[-87.885099,43.161923],[-87.885103,43.161912],[-87.885111,43.161901],[-87.885121,43.161886],[-87.885124,43.161859],[-87.885129,43.161837],[-87.885135,43.161821],[-87.885155,43.161787],[-87.885166,43.16177],[-87.885208,43.161735],[-87.885228,43.161721],[-87.885245,43.161715],[-87.885269,43.161705],[-87.885288,43.161695],[-87.885319,43.161679],[-87.885344,43.161661],[-87.885356,43.161652],[-87.885379,43.161635],[-87.885398,43.161622],[-87.88541,43.161609],[-87.885421,43.161589],[-87.885429,43.161578],[-87.885443,43.161568],[-87.885455,43.161552],[-87.885466,43.161538],[-87.885488,43.161535],[-87.885505,43.161536],[-87.885519,43.161539],[-87.885542,43.161536],[-87.885554,43.161531],[-87.885588,43.16152],[-87.88562,43.161499],[-87.885639,43.161487],[-87.885662,43.161466],[-87.885684,43.16145],[-87.885698,43.161436],[-87.88571,43.161424],[-87.88573,43.161414],[-87.885744,43.161395],[-87.885769,43.161345],[-87.885783,43.161327],[-87.885796,43.16131],[-87.885804,43.161299],[-87.885809,43.16129],[-87.885828,43.16128],[-87.885848,43.161266],[-87.885864,43.161247],[-87.885872,43.161238],[-87.885881,43.161225],[-87.88589,43.161209],[-87.885907,43.161203],[-87.885928,43.161188],[-87.885943,43.161166],[-87.885955,43.161152],[-87.885966,43.16114],[-87.885988,43.161123],[-87.886004,43.161103],[-87.886016,43.161086],[-87.886024,43.161069],[-87.886032,43.161054],[-87.886045,43.161035],[-87.886054,43.161019],[-87.886065,43.161009],[-87.886075,43.160998],[-87.886085,43.160987],[-87.886089,43.160972],[-87.886086,43.160954],[-87.886127,43.160949],[-87.886145,43.160948],[-87.886161,43.160938],[-87.886167,43.160927],[-87.886175,43.160915],[-87.886179,43.160898],[-87.886193,43.160881],[-87.886217,43.160861],[-87.886229,43.160848],[-87.886242,43.160833],[-87.886255,43.16081],[-87.886275,43.160774],[-87.886282,43.160763],[-87.886292,43.160743],[-87.886298,43.160728],[-87.886303,43.160715],[-87.886307,43.160705],[-87.886312,43.160689],[-87.886316,43.16068],[-87.886312,43.160671],[-87.88629,43.160661],[-87.886305,43.160637],[-87.886318,43.160621],[-87.886328,43.160601],[-87.88635,43.160579],[-87.886404,43.160529],[-87.886423,43.160506],[-87.88644,43.160488],[-87.886461,43.160471],[-87.886479,43.160449],[-87.886489,43.160432],[-87.886502,43.160421],[-87.886523,43.160409],[-87.886543,43.160385],[-87.886561,43.160365],[-87.886586,43.160341],[-87.886598,43.160331],[-87.886614,43.160328],[-87.88663,43.160327],[-87.886647,43.160321],[-87.886668,43.160311],[-87.886681,43.160304],[-87.886703,43.160286],[-87.886719,43.160268],[-87.886754,43.160242],[-87.886772,43.160226],[-87.886796,43.160198],[-87.88681,43.16018],[-87.886826,43.160165],[-87.886857,43.160143],[-87.886882,43.160121],[-87.886913,43.160083],[-87.886933,43.16006],[-87.886945,43.16004],[-87.886972,43.160009],[-87.886996,43.159985],[-87.887017,43.159962],[-87.887047,43.15993],[-87.887068,43.159903],[-87.887089,43.159878],[-87.887119,43.159852],[-87.88713,43.159834],[-87.887142,43.159809],[-87.887172,43.159777],[-87.887199,43.159756],[-87.887221,43.159733],[-87.887244,43.15971],[-87.887257,43.159692],[-87.887271,43.159671],[-87.887285,43.159644],[-87.887295,43.159622],[-87.887304,43.1596],[-87.887312,43.159578],[-87.887322,43.159558],[-87.887341,43.159528],[-87.887351,43.159511],[-87.887362,43.159491],[-87.887369,43.159465],[-87.887379,43.159447],[-87.887391,43.159427],[-87.887398,43.159414],[-87.887407,43.15939],[-87.887418,43.159371],[-87.887431,43.159341],[-87.887439,43.159302],[-87.887438,43.159274],[-87.88744,43.159256],[-87.887455,43.159211],[-87.887457,43.159201],[-87.887458,43.159187],[-87.887451,43.159165],[-87.887445,43.159156],[-87.887434,43.15915],[-87.88742,43.159145],[-87.887405,43.15914],[-87.887413,43.159127],[-87.887434,43.159134],[-87.887454,43.159143],[-87.887486,43.159155],[-87.887528,43.159162],[-87.887568,43.159179],[-87.887585,43.159188],[-87.887614,43.159194],[-87.88763,43.159198],[-87.887655,43.159193],[-87.887685,43.159157],[-87.887704,43.159135],[-87.887715,43.159117],[-87.887736,43.159091],[-87.887772,43.159042],[-87.887789,43.159018],[-87.887807,43.159002],[-87.887826,43.158992],[-87.887825,43.158973],[-87.887854,43.158936],[-87.887877,43.158915],[-87.887899,43.158897],[-87.887915,43.158879],[-87.88794,43.158834],[-87.887964,43.158774],[-87.887981,43.158739],[-87.888,43.1587],[-87.888017,43.158638],[-87.888042,43.158591],[-87.888056,43.158551],[-87.888076,43.158502],[-87.888095,43.158476],[-87.888116,43.158455],[-87.888133,43.158426],[-87.888139,43.158405],[-87.888144,43.158388],[-87.888159,43.158355],[-87.888161,43.158321],[-87.888162,43.158306],[-87.888178,43.158282],[-87.888188,43.158259],[-87.88819,43.15824],[-87.888187,43.158223],[-87.888177,43.158196],[-87.888186,43.158148],[-87.888208,43.158117],[-87.888232,43.158079],[-87.888246,43.158055],[-87.888257,43.158012],[-87.888276,43.157968],[-87.888286,43.157935],[-87.888306,43.157892],[-87.888359,43.157818],[-87.888369,43.157786],[-87.888381,43.15776],[-87.888394,43.157736],[-87.888403,43.157722],[-87.888415,43.15769],[-87.888424,43.157654],[-87.888438,43.157622],[-87.888458,43.157607],[-87.888464,43.157584],[-87.888476,43.157568],[-87.88849,43.157543],[-87.888499,43.157528],[-87.88852,43.157485],[-87.888526,43.157473],[-87.888544,43.157451],[-87.888556,43.15742],[-87.888574,43.157382],[-87.888599,43.157348],[-87.88861,43.15733],[-87.888623,43.157283],[-87.888626,43.157249],[-87.888632,43.157205],[-87.888639,43.157183],[-87.888656,43.157152],[-87.888669,43.157112],[-87.888686,43.157074],[-87.888715,43.157018],[-87.888728,43.156994],[-87.888737,43.156961],[-87.888737,43.156942],[-87.888743,43.156906],[-87.888744,43.156888],[-87.888751,43.156846],[-87.888759,43.156804],[-87.888764,43.156771],[-87.888769,43.156751],[-87.888778,43.156714],[-87.888782,43.156702],[-87.888788,43.156668],[-87.888803,43.156632],[-87.888807,43.156586],[-87.888816,43.156552],[-87.888826,43.156518],[-87.888832,43.156498],[-87.888838,43.156464],[-87.88885,43.156441],[-87.888865,43.156401],[-87.888884,43.156347],[-87.888895,43.156304],[-87.888932,43.156226],[-87.888943,43.156187],[-87.888951,43.156156],[-87.888953,43.156078],[-87.888971,43.156052],[-87.888974,43.156018],[-87.888976,43.155992],[-87.888979,43.155965],[-87.888984,43.155951],[-87.888993,43.155942],[-87.888993,43.155931],[-87.888998,43.155896],[-87.889002,43.155874],[-87.889009,43.155857],[-87.889016,43.155839],[-87.889017,43.155815],[-87.889014,43.155795],[-87.88902,43.155774],[-87.889029,43.155731],[-87.88903,43.155681],[-87.889039,43.155625],[-87.889046,43.155598],[-87.889049,43.15556],[-87.889048,43.155548],[-87.889051,43.155531],[-87.889074,43.155498],[-87.889074,43.15544],[-87.889086,43.155396],[-87.889104,43.155335],[-87.88911,43.155298],[-87.889116,43.155258],[-87.889116,43.155235],[-87.889132,43.155193],[-87.889132,43.155166],[-87.889134,43.155125],[-87.889138,43.155079],[-87.889139,43.155056],[-87.889142,43.155038],[-87.889147,43.155011],[-87.889151,43.154976],[-87.889152,43.154963],[-87.889152,43.154954],[-87.889149,43.154931],[-87.889154,43.154909],[-87.889162,43.154858],[-87.889179,43.154798],[-87.889181,43.15475],[-87.889173,43.154617],[-87.889148,43.154557],[-87.889142,43.154532],[-87.889143,43.154478],[-87.889424,43.154516],[-87.889442,43.154452],[-87.88945,43.154381],[-87.889472,43.154306],[-87.889488,43.154277],[-87.889531,43.154209],[-87.889546,43.15418],[-87.889568,43.154152],[-87.889584,43.15413],[-87.88959,43.154113],[-87.889616,43.154078],[-87.88965,43.154027],[-87.889706,43.15393],[-87.889714,43.153902],[-87.889732,43.153877],[-87.889749,43.153845],[-87.889799,43.153772],[-87.889847,43.153732],[-87.889873,43.153714],[-87.889915,43.153672],[-87.889964,43.153611],[-87.890004,43.15355],[-87.890072,43.153463],[-87.890098,43.153414],[-87.890121,43.153381],[-87.890159,43.153348],[-87.890195,43.153307],[-87.890228,43.153269],[-87.890238,43.153256],[-87.890256,43.15323],[-87.890287,43.153178],[-87.890307,43.153133],[-87.890316,43.15312],[-87.890374,43.153071],[-87.890401,43.153043],[-87.89042,43.153008],[-87.890438,43.152986],[-87.890453,43.152957],[-87.890465,43.152931],[-87.890478,43.15289],[-87.890508,43.152842],[-87.89052,43.152818],[-87.890554,43.152752],[-87.890581,43.152706],[-87.890601,43.152671],[-87.890643,43.152587],[-87.890666,43.152543],[-87.890687,43.152498],[-87.89071,43.152467],[-87.89072,43.152428],[-87.890773,43.152326],[-87.890794,43.152273],[-87.89081,43.152227],[-87.890828,43.152181],[-87.890856,43.152111],[-87.890871,43.152105],[-87.890872,43.152089],[-87.890892,43.152062],[-87.890913,43.152036],[-87.890922,43.152001],[-87.890926,43.15197],[-87.890925,43.151925],[-87.890936,43.15189],[-87.890937,43.151868],[-87.890955,43.151806],[-87.890965,43.151779],[-87.890976,43.151743],[-87.890983,43.15171],[-87.891022,43.151614],[-87.891032,43.151594],[-87.891042,43.151575],[-87.891054,43.151552],[-87.891073,43.151521],[-87.891091,43.151473],[-87.891116,43.151424],[-87.891139,43.151367],[-87.891154,43.151321],[-87.891162,43.151279],[-87.891173,43.151237],[-87.891184,43.151202],[-87.891195,43.151169],[-87.89121,43.151127],[-87.891218,43.151089],[-87.891216,43.151055],[-87.891225,43.151003],[-87.891233,43.15095],[-87.891245,43.150899],[-87.891262,43.15084],[-87.891273,43.15078],[-87.891287,43.150744],[-87.891286,43.150718],[-87.891292,43.150691],[-87.891303,43.150674],[-87.891313,43.150657],[-87.891353,43.150604],[-87.891288,43.150433],[-87.891349,43.150323],[-87.891421,43.150103],[-87.891422,43.150059],[-87.891465,43.149946],[-87.89148,43.149861],[-87.891495,43.149839],[-87.891494,43.149795],[-87.891539,43.149663],[-87.891627,43.149487],[-87.891627,43.149465],[-87.891671,43.149398],[-87.891671,43.149377],[-87.891908,43.149024],[-87.892086,43.148716],[-87.892085,43.148694],[-87.892463,43.148166],[-87.892826,43.147704],[-87.892975,43.147462],[-87.893107,43.147198],[-87.893107,43.147176],[-87.89316,43.147087],[-87.893693,43.146273],[-87.893692,43.146251],[-87.893751,43.146141],[-87.893825,43.145921],[-87.893927,43.14573],[-87.894016,43.14559],[-87.894092,43.145524],[-87.89421,43.14537],[-87.894374,43.145195],[-87.894477,43.145063],[-87.894538,43.145019],[-87.894775,43.144776],[-87.894923,43.144644],[-87.894982,43.144578],[-87.895129,43.144358],[-87.895603,43.143827],[-87.8958,43.143609],[-87.896024,43.143389],[-87.896204,43.143169],[-87.896428,43.142838],[-87.896735,43.142486],[-87.896944,43.142222],[-87.897287,43.141715],[-87.897414,43.141561],[-87.89772,43.141077],[-87.898094,43.140438],[-87.898139,43.14035],[-87.898138,43.140328],[-87.898168,43.140284],[-87.898168,43.140262],[-87.898197,43.140218],[-87.898213,43.140152],[-87.898392,43.1398],[-87.898422,43.139711],[-87.898571,43.139491],[-87.898654,43.139403],[-87.898945,43.139183],[-87.899132,43.139007],[-87.899596,43.138479],[-87.899774,43.138302],[-87.899864,43.13817],[-87.899991,43.13795],[-87.900025,43.137881],[-87.900126,43.137685],[-87.900126,43.137663],[-87.900155,43.137619],[-87.900155,43.137597],[-87.900275,43.137333],[-87.900379,43.137157],[-87.900379,43.137135],[-87.900454,43.137003],[-87.900543,43.136783],[-87.900603,43.136673],[-87.900603,43.136651],[-87.90063,43.136612],[-87.900846,43.136609],[-87.900836,43.136595],[-87.900837,43.136584],[-87.900843,43.13656],[-87.900845,43.136542],[-87.900849,43.136525],[-87.900855,43.136464],[-87.900866,43.136434],[-87.900878,43.136412],[-87.900887,43.136392],[-87.900904,43.136371],[-87.900914,43.136351],[-87.900924,43.136293],[-87.900931,43.136262],[-87.900935,43.136236],[-87.900936,43.136198],[-87.900938,43.136152],[-87.900952,43.136109],[-87.90097,43.136047],[-87.900975,43.136027],[-87.900988,43.135993],[-87.900997,43.135973],[-87.901007,43.135956],[-87.901016,43.135931],[-87.901023,43.13591],[-87.901031,43.135886],[-87.901034,43.135877],[-87.901041,43.135859],[-87.901047,43.135828],[-87.901061,43.135788],[-87.901066,43.135752],[-87.90108,43.135683],[-87.901087,43.135639],[-87.901092,43.135593],[-87.901135,43.135522],[-87.90114,43.135497],[-87.901164,43.135407],[-87.901171,43.135351],[-87.901186,43.13532],[-87.901201,43.1353],[-87.901207,43.13526],[-87.901219,43.135238],[-87.90124,43.135217],[-87.901261,43.135213],[-87.901261,43.135239],[-87.901251,43.135262],[-87.901273,43.135255],[-87.901285,43.135246],[-87.901298,43.135237],[-87.901322,43.135218],[-87.901335,43.135199],[-87.901356,43.135125],[-87.901361,43.135088],[-87.901368,43.135035],[-87.901385,43.134975],[-87.901391,43.134908],[-87.901395,43.134868],[-87.901404,43.134799],[-87.901406,43.134747],[-87.901407,43.134722],[-87.901411,43.134696],[-87.901413,43.13467],[-87.90142,43.134589],[-87.901423,43.134546],[-87.901423,43.134442],[-87.901423,43.134398],[-87.901434,43.134335],[-87.901432,43.134286],[-87.901412,43.13417],[-87.901417,43.134153],[-87.901408,43.134133],[-87.901412,43.134099],[-87.90141,43.134066],[-87.90141,43.134037],[-87.901411,43.134014],[-87.901414,43.133993],[-87.901417,43.133978],[-87.901419,43.133965],[-87.901421,43.133948],[-87.901427,43.133932],[-87.901434,43.133899],[-87.901443,43.133847],[-87.901446,43.13381],[-87.901447,43.133799],[-87.901448,43.133777],[-87.901446,43.133753],[-87.901445,43.133741],[-87.901442,43.133716],[-87.901441,43.133694],[-87.901442,43.133661],[-87.901439,43.133637],[-87.901437,43.133594],[-87.901434,43.13356],[-87.901435,43.133509],[-87.901443,43.133484],[-87.901431,43.133419],[-87.901431,43.13338],[-87.901431,43.133314],[-87.90143,43.133267],[-87.901434,43.133221],[-87.901432,43.1332],[-87.90143,43.133167],[-87.901431,43.133142],[-87.901431,43.133114],[-87.901431,43.133058],[-87.901431,43.133014],[-87.901431,43.132958],[-87.902616,43.132987],[-87.9037,43.133015],[-87.903927,43.133085],[-87.90512,43.133102],[-87.90632,43.133115],[-87.906321,43.133083],[-87.908193,43.133104],[-87.908194,43.13321],[-87.908189,43.133445],[-87.908187,43.13352],[-87.908178,43.133941],[-87.908156,43.134639],[-87.908213,43.134573],[-87.908304,43.134515],[-87.908389,43.134469],[-87.908436,43.134436],[-87.908484,43.134402],[-87.908531,43.134369],[-87.908579,43.134336],[-87.908627,43.134303],[-87.908675,43.13427],[-87.908724,43.134237],[-87.908772,43.134205],[-87.908821,43.134173],[-87.90887,43.134141],[-87.908919,43.134109],[-87.908969,43.134077],[-87.909019,43.134045],[-87.909069,43.134014],[-87.909118,43.133982],[-87.909169,43.133951],[-87.909219,43.13392],[-87.90927,43.13389],[-87.90932,43.133859],[-87.909372,43.133828],[-87.909423,43.133798],[-87.909474,43.133768],[-87.909526,43.133738],[-87.909577,43.133709],[-87.90963,43.133679],[-87.909682,43.13365],[-87.909734,43.13362],[-87.909787,43.133591],[-87.909839,43.133562],[-87.909892,43.133534],[-87.909945,43.133505],[-87.909998,43.133477],[-87.910052,43.133449],[-87.910105,43.133421],[-87.910159,43.133393],[-87.910213,43.133365],[-87.910267,43.133338],[-87.910322,43.133311],[-87.910376,43.133284],[-87.91043,43.133257],[-87.910486,43.13323],[-87.91054,43.133204],[-87.910595,43.133177],[-87.91065,43.133151],[-87.910707,43.133125],[-87.91124,43.133131],[-87.911269,43.133131],[-87.911286,43.133124],[-87.911294,43.132869],[-87.911399,43.132825],[-87.911458,43.132801],[-87.911517,43.132777],[-87.911576,43.132754],[-87.911634,43.132731],[-87.911694,43.132708],[-87.911753,43.132685],[-87.911813,43.132662],[-87.911873,43.13264],[-87.911933,43.132618],[-87.911992,43.132596],[-87.912053,43.132574],[-87.912113,43.132552],[-87.912162,43.132535],[-87.91218,43.132063],[-87.912184,43.131927],[-87.91219,43.131706],[-87.912194,43.131567],[-87.912195,43.131544],[-87.912196,43.131492],[-87.912201,43.131323],[-87.912203,43.131268],[-87.912207,43.131115],[-87.912207,43.131101],[-87.912208,43.131049],[-87.912213,43.130881],[-87.912215,43.13083],[-87.912221,43.130609],[-87.912226,43.130444],[-87.912227,43.130388],[-87.91223,43.130288],[-87.912234,43.130152],[-87.912238,43.130014],[-87.912242,43.129878],[-87.912245,43.129741],[-87.912246,43.12971],[-87.912248,43.129641],[-87.912249,43.129597],[-87.912254,43.129512],[-87.912186,43.129511],[-87.911982,43.129508],[-87.911915,43.129508],[-87.911809,43.129506],[-87.911705,43.129506],[-87.911728,43.129325],[-87.911735,43.129025],[-87.911735,43.129013],[-87.911762,43.129014],[-87.91189,43.129015],[-87.91189,43.128975],[-87.912167,43.12899],[-87.912171,43.128854],[-87.912174,43.128733],[-87.912027,43.128731],[-87.912028,43.128704],[-87.912033,43.128532],[-87.912034,43.12851],[-87.912038,43.128348],[-87.912039,43.128336],[-87.912044,43.128154],[-87.912044,43.128144],[-87.912049,43.128019],[-87.912052,43.127889],[-87.912058,43.127696],[-87.912061,43.127562],[-87.912065,43.12743],[-87.912065,43.127419],[-87.912069,43.127295],[-87.912069,43.127282],[-87.912073,43.127159],[-87.912077,43.127029],[-87.912078,43.126966],[-87.91208,43.126898],[-87.912084,43.126765],[-87.912087,43.12665],[-87.912088,43.12663],[-87.912091,43.126513],[-87.912091,43.126502],[-87.912094,43.126377],[-87.912095,43.126364],[-87.912098,43.12623],[-87.912102,43.126096],[-87.912106,43.125965],[-87.912107,43.125887],[-87.911695,43.125881],[-87.911497,43.125878],[-87.911507,43.125513],[-87.91154,43.124422],[-87.911551,43.124058],[-87.91156,43.123734],[-87.911589,43.122762],[-87.911599,43.122439],[-87.911606,43.122082],[-87.911631,43.121012],[-87.91164,43.120656],[-87.911648,43.120243],[-87.911675,43.119006],[-87.911684,43.118594],[-87.911698,43.118039],[-87.912052,43.118043],[-87.91214,43.118045],[-87.912181,43.118046],[-87.912218,43.118047],[-87.912253,43.118047],[-87.91227,43.117361],[-87.911716,43.117354],[-87.911721,43.117143],[-87.911742,43.116324],[-87.911749,43.116051],[-87.911765,43.115495],[-87.911814,43.113827],[-87.911831,43.113272],[-87.911833,43.113179],[-87.91184,43.112901],[-87.911841,43.112867],[-87.913608,43.112891],[-87.913653,43.111352],[-87.913325,43.111347],[-87.912241,43.111334],[-87.91188,43.11133],[-87.911888,43.110966],[-87.911912,43.109878],[-87.911921,43.109515],[-87.911928,43.109152],[-87.911953,43.108063],[-87.911962,43.107701],[-87.911967,43.107449],[-87.911974,43.107164],[-87.911983,43.106693],[-87.911989,43.106442],[-87.91199,43.106342],[-87.911995,43.106126],[-87.911647,43.105893],[-87.911599,43.105861],[-87.909595,43.104521],[-87.909893,43.104524],[-87.912031,43.104552],[-87.913255,43.104568],[-87.91449,43.104583],[-87.915646,43.104598],[-87.91642,43.104608],[-87.916949,43.104629],[-87.91696,43.104134],[-87.916868,43.103646],[-87.91687,43.103559],[-87.916874,43.103408],[-87.916875,43.103348],[-87.916652,43.1033],[-87.916065,43.103173],[-87.915583,43.102989],[-87.91483,43.102702],[-87.9148,43.102678],[-87.9144,43.102353],[-87.913987,43.102017],[-87.913869,43.101921],[-87.913508,43.101733],[-87.913418,43.101687],[-87.913296,43.101624],[-87.913267,43.101609],[-87.913065,43.101505],[-87.91304,43.101491],[-87.912849,43.101393],[-87.912827,43.101381],[-87.912805,43.10137],[-87.912792,43.101368],[-87.912332,43.101284],[-87.912046,43.101232],[-87.91191,43.101208],[-87.911806,43.101189],[-87.911627,43.101157],[-87.911513,43.101136],[-87.911114,43.101064],[-87.910888,43.101023],[-87.910639,43.100978],[-87.910073,43.100875],[-87.90994,43.100852],[-87.909773,43.100744],[-87.909532,43.100588],[-87.908766,43.100092],[-87.908607,43.099953],[-87.908187,43.099588],[-87.908153,43.099565],[-87.907985,43.099339],[-87.90783,43.09913],[-87.907701,43.098955],[-87.907704,43.098801],[-87.90771,43.098505],[-87.907718,43.098112],[-87.907727,43.097538],[-87.90775,43.09651],[-87.907801,43.093911],[-87.90781,43.092501],[-87.907817,43.091499],[-87.907863,43.090792],[-87.907883,43.089746],[-87.909249,43.089756],[-87.90959,43.089769],[-87.910553,43.089764],[-87.914255,43.089789],[-87.914887,43.089798],[-87.915902,43.089802],[-87.916559,43.089804],[-87.916539,43.091103],[-87.916517,43.091895],[-87.917002,43.092407],[-87.916998,43.092605],[-87.916996,43.092698],[-87.916994,43.092879],[-87.917113,43.093005],[-87.917579,43.093496],[-87.917706,43.093624],[-87.917743,43.093662],[-87.91778,43.0937],[-87.917818,43.093739],[-87.917856,43.093776],[-87.917894,43.093814],[-87.917932,43.093852],[-87.917971,43.093889],[-87.91801,43.093927],[-87.918049,43.093964],[-87.918089,43.094001],[-87.918128,43.094038],[-87.918168,43.094075],[-87.918214,43.094113],[-87.918249,43.094148],[-87.91829,43.094185],[-87.91833,43.094221],[-87.918372,43.094257],[-87.918412,43.094293],[-87.918454,43.094329],[-87.918496,43.094365],[-87.918538,43.0944],[-87.91858,43.094436],[-87.918625,43.094472],[-87.918667,43.094506],[-87.918708,43.094541],[-87.918751,43.094576],[-87.918796,43.094611],[-87.918839,43.094646],[-87.918881,43.09468],[-87.918929,43.094711],[-87.919011,43.094771],[-87.919044,43.094795],[-87.917079,43.09478],[-87.917076,43.094911],[-87.917073,43.09501],[-87.917069,43.095253],[-87.919768,43.095275],[-87.919694,43.095229],[-87.91957,43.095152],[-87.91948,43.095093],[-87.919385,43.095033],[-87.91924,43.094933],[-87.91918,43.094892],[-87.919081,43.094823],[-87.919294,43.094822],[-87.919356,43.094825],[-87.919262,43.09476],[-87.919142,43.094673],[-87.919065,43.094617],[-87.918993,43.094566],[-87.91899,43.094521],[-87.921837,43.094542],[-87.921928,43.094543],[-87.921954,43.094544],[-87.922071,43.094545],[-87.925061,43.094568],[-87.925058,43.094706],[-87.925088,43.094706],[-87.925086,43.095172],[-87.92555,43.095176],[-87.926616,43.097043],[-87.926647,43.097112],[-87.925902,43.097115],[-87.925413,43.097117],[-87.926946,43.097605],[-87.927036,43.097758],[-87.927054,43.09779],[-87.927068,43.097815],[-87.92723,43.098089],[-87.928591,43.100419],[-87.928539,43.100418],[-87.92814,43.100405],[-87.925823,43.100333],[-87.925051,43.10031],[-87.925046,43.100533],[-87.925033,43.101201],[-87.925029,43.101425],[-87.925034,43.101554],[-87.925009,43.102086],[-87.925092,43.102153],[-87.925361,43.102286],[-87.925554,43.102408],[-87.925769,43.10257],[-87.925864,43.102694],[-87.925902,43.102778],[-87.925972,43.102966],[-87.926034,43.103127],[-87.926063,43.103397],[-87.926073,43.103576],[-87.926072,43.103852],[-87.926087,43.104116],[-87.926132,43.104263],[-87.926132,43.10449],[-87.926147,43.104534],[-87.926147,43.104931],[-87.926132,43.105019],[-87.926147,43.105129],[-87.926177,43.105217],[-87.926223,43.105283],[-87.926222,43.105305],[-87.926297,43.105437],[-87.926297,43.105459],[-87.926447,43.105673],[-87.926499,43.105723],[-87.926679,43.105855],[-87.926888,43.105976],[-87.926949,43.10602],[-87.927278,43.106212],[-87.927637,43.106377],[-87.92791,43.106471],[-87.927932,43.10648],[-87.927954,43.106486],[-87.928004,43.106503],[-87.928116,43.106542],[-87.928237,43.106564],[-87.928476,43.106641],[-87.928965,43.106715],[-87.929015,43.106723],[-87.929194,43.106761],[-87.929763,43.106838],[-87.930033,43.10686],[-87.930183,43.106893],[-87.930437,43.106987],[-87.930571,43.107063],[-87.930736,43.107195],[-87.930849,43.107349],[-87.930872,43.107419],[-87.93097,43.107724],[-87.930952,43.107993],[-87.930798,43.10824],[-87.930499,43.108531],[-87.930385,43.108613],[-87.930075,43.108835],[-87.929808,43.109026],[-87.929676,43.109121],[-87.929378,43.109336],[-87.929343,43.109361],[-87.929254,43.109412],[-87.929137,43.109478],[-87.928902,43.109638],[-87.928358,43.110045],[-87.928307,43.110089],[-87.928084,43.110231],[-87.927844,43.110295],[-87.927581,43.110515],[-87.927324,43.110625],[-87.927082,43.110676],[-87.926777,43.11074],[-87.926666,43.11072],[-87.925989,43.110662],[-87.925866,43.110591],[-87.925601,43.110632],[-87.92537,43.110782],[-87.925059,43.110933],[-87.924824,43.111021],[-87.924556,43.111088],[-87.924215,43.111167],[-87.924016,43.11131],[-87.923948,43.11137],[-87.923856,43.111527],[-87.923969,43.111686],[-87.924082,43.112001],[-87.92412,43.112568],[-87.924135,43.11292],[-87.92417,43.113024],[-87.924203,43.11313],[-87.924205,43.113217],[-87.92422,43.113305],[-87.92416,43.113679],[-87.92413,43.113745],[-87.9241,43.113943],[-87.92407,43.114009],[-87.924066,43.114045],[-87.924025,43.114119],[-87.92401,43.114339],[-87.923951,43.114515],[-87.923891,43.11478],[-87.923771,43.114978],[-87.923741,43.115066],[-87.923701,43.115124],[-87.923681,43.115154],[-87.923652,43.115242],[-87.923517,43.115445],[-87.923472,43.115489],[-87.923429,43.115544],[-87.923315,43.115693],[-87.923233,43.11577],[-87.923135,43.115913],[-87.923083,43.115952],[-87.922948,43.116084],[-87.922716,43.116419],[-87.922431,43.116728],[-87.922304,43.116832],[-87.922125,43.117008],[-87.92205,43.117113],[-87.922005,43.117201],[-87.922005,43.117223],[-87.921916,43.117427],[-87.921729,43.117696],[-87.921706,43.117713],[-87.921604,43.117848],[-87.921489,43.118004],[-87.921219,43.118269],[-87.921048,43.118417],[-87.920973,43.118522],[-87.92095,43.118577],[-87.920835,43.118704],[-87.920989,43.118705],[-87.921453,43.118709],[-87.921608,43.118711],[-87.921871,43.118712],[-87.922135,43.118715],[-87.92266,43.118726],[-87.922923,43.118732],[-87.923163,43.118737],[-87.923883,43.118753],[-87.924124,43.118759],[-87.924356,43.118762],[-87.925052,43.118771],[-87.925285,43.118774],[-87.925517,43.118777],[-87.926213,43.118786],[-87.926446,43.118789],[-87.926699,43.118793],[-87.927458,43.118807],[-87.927577,43.118809],[-87.927712,43.118812],[-87.927767,43.116671],[-87.927709,43.116632],[-87.92756,43.116532],[-87.927302,43.116359],[-87.927302,43.116187],[-87.927321,43.115627],[-87.927326,43.115173],[-87.928538,43.115191],[-87.93035,43.11522],[-87.931951,43.115245],[-87.933089,43.115263],[-87.933251,43.115266],[-87.933392,43.115988],[-87.933507,43.116577],[-87.933743,43.11776],[-87.933738,43.11793],[-87.933908,43.118355],[-87.93401,43.118594],[-87.934145,43.118927],[-87.934168,43.118927],[-87.934306,43.118929],[-87.934723,43.118937],[-87.934862,43.11894],[-87.93498,43.118942],[-87.935005,43.118943],[-87.935335,43.118948],[-87.935454,43.118951],[-87.93558,43.118953],[-87.935961,43.118959],[-87.936022,43.118961],[-87.936089,43.118962],[-87.936219,43.118964],[-87.936612,43.11897],[-87.936743,43.118973],[-87.9368,43.118974],[-87.936971,43.118977],[-87.937028,43.118978],[-87.937142,43.118979],[-87.937157,43.11898],[-87.937486,43.118985],[-87.937601,43.118988],[-87.939957,43.119028],[-87.94005,43.119029],[-87.940051,43.118963],[-87.940047,43.118865],[-87.940037,43.118573],[-87.940071,43.118375],[-87.939999,43.117982],[-87.939986,43.11791],[-87.939983,43.117878],[-87.940099,43.117746],[-87.939949,43.117539],[-87.939936,43.117411],[-87.940051,43.117019],[-87.939585,43.116527],[-87.939574,43.116513],[-87.938497,43.115381],[-87.93887,43.115387],[-87.939028,43.115561],[-87.939148,43.115515],[-87.939392,43.115423],[-87.939465,43.115379],[-87.939849,43.115383],[-87.941001,43.115397],[-87.941386,43.115402],[-87.941645,43.115406],[-87.942426,43.115421],[-87.942686,43.115426],[-87.942805,43.115428],[-87.943162,43.115434],[-87.943282,43.115436],[-87.943404,43.115437],[-87.943437,43.11444],[-87.943486,43.11361],[-87.943513,43.11361],[-87.943572,43.11361],[-87.943587,43.113069],[-87.94359,43.112974],[-87.943964,43.112984],[-87.943974,43.112627],[-87.943978,43.112509],[-87.94398,43.112408],[-87.943982,43.112358],[-87.944544,43.112368],[-87.945069,43.112316],[-87.945182,43.112294],[-87.945295,43.112272],[-87.945783,43.112256],[-87.945752,43.113348],[-87.945569,43.113346],[-87.945475,43.113343],[-87.945152,43.113338],[-87.944803,43.113325],[-87.944745,43.113323],[-87.944696,43.113322],[-87.944677,43.113321],[-87.944556,43.113327],[-87.944557,43.113215],[-87.944091,43.113207],[-87.944004,43.113205],[-87.943958,43.113205],[-87.943952,43.113393],[-87.943946,43.113622],[-87.943924,43.114365],[-87.943922,43.114448],[-87.943893,43.115459],[-87.944132,43.115465],[-87.944849,43.115485],[-87.945089,43.115492],[-87.945162,43.115493],[-87.945381,43.115496],[-87.945454,43.115498],[-87.94554,43.115499],[-87.945798,43.115504],[-87.945885,43.115506],[-87.94598,43.115507],[-87.94603,43.115508],[-87.946017,43.115854],[-87.94598,43.117138],[-87.945662,43.117132],[-87.945655,43.117396],[-87.94511,43.117387],[-87.945041,43.117385],[-87.945038,43.117498],[-87.945033,43.117639],[-87.94502,43.118065],[-87.945016,43.118207],[-87.944775,43.118209],[-87.944053,43.118215],[-87.943813,43.118218],[-87.943809,43.118338],[-87.943805,43.118456],[-87.943804,43.118483],[-87.943803,43.118547],[-87.943956,43.118546],[-87.944694,43.118556],[-87.944665,43.118877],[-87.94461,43.119107],[-87.944649,43.119108],[-87.944686,43.119108],[-87.944914,43.119111],[-87.944991,43.119113],[-87.945048,43.119113],[-87.945222,43.119116],[-87.94528,43.119118],[-87.945411,43.11912],[-87.945435,43.11912],[-87.945428,43.119351],[-87.94542,43.119647],[-87.945569,43.119651],[-87.945567,43.119726],[-87.945528,43.120879],[-87.946209,43.120892],[-87.946205,43.121004],[-87.946204,43.121029],[-87.946201,43.121103],[-87.946201,43.121129],[-87.946175,43.122055],[-87.946173,43.122097],[-87.946164,43.122161],[-87.946156,43.122213],[-87.946138,43.122752],[-87.946134,43.122952],[-87.946122,43.123549],[-87.946118,43.123748],[-87.946114,43.123912],[-87.946105,43.124403],[-87.946103,43.124568],[-87.94608,43.125364],[-87.946011,43.127728],[-87.946001,43.128233],[-87.946027,43.128291],[-87.946301,43.12891],[-87.946711,43.129861],[-87.946927,43.130326],[-87.947117,43.130786],[-87.947538,43.131805],[-87.947742,43.132298],[-87.947878,43.132595],[-87.948286,43.133486],[-87.948422,43.133784],[-87.949056,43.135257],[-87.949847,43.137091],[-87.950951,43.139682],[-87.951146,43.140139],[-87.951585,43.141156],[-87.951707,43.141438],[-87.952076,43.142284],[-87.952199,43.142566],[-87.95228,43.142754],[-87.952526,43.143319],[-87.952608,43.143508],[-87.952794,43.143945],[-87.953352,43.145259],[-87.953538,43.145697],[-87.953782,43.146255],[-87.954515,43.147929],[-87.95462,43.148169],[-87.954758,43.148488],[-87.953936,43.148477],[-87.95147,43.148447],[-87.950648,43.148437],[-87.950608,43.148436],[-87.949605,43.148423],[-87.946476,43.148384],[-87.945433,43.148371],[-87.945402,43.149421],[-87.945312,43.15257],[-87.945283,43.153621],[-87.945254,43.154635],[-87.945239,43.155185],[-87.945224,43.155678],[-87.945167,43.157677],[-87.945139,43.158692],[-87.945429,43.158915],[-87.9463,43.159584],[-87.946482,43.159724],[-87.946591,43.159808],[-87.946908,43.160051],[-87.947098,43.160197],[-87.947431,43.160452],[-87.949951,43.162388],[-87.950791,43.163034],[-87.951104,43.163289],[-87.951446,43.163567],[-87.952472,43.164403],[-87.952814,43.164682],[-87.953303,43.165104],[-87.954772,43.166371],[-87.955157,43.166704],[-87.955091,43.166748],[-87.955136,43.166786],[-87.955554,43.167141],[-87.956712,43.168124],[-87.956815,43.168201],[-87.957019,43.168352],[-87.957272,43.168506],[-87.957287,43.168516],[-87.957333,43.168549],[-87.957349,43.16856],[-87.957737,43.168765],[-87.958067,43.168908],[-87.958148,43.168943],[-87.960209,43.169671],[-87.960319,43.169729],[-87.960677,43.169919],[-87.960985,43.170165],[-87.961161,43.170362],[-87.961249,43.17046],[-87.961444,43.17081],[-87.961517,43.171061],[-87.961592,43.171316],[-87.961615,43.171396],[-87.961658,43.17154],[-87.961755,43.171871],[-87.961855,43.172215],[-87.961875,43.172281],[-87.961936,43.172436],[-87.961983,43.172554],[-87.962007,43.172616],[-87.962222,43.173159],[-87.962294,43.17334],[-87.962313,43.17339],[-87.962373,43.173543],[-87.962394,43.173594],[-87.962533,43.173917],[-87.962707,43.174332],[-87.962621,43.174331]]]}}]}