{"type":"FeatureCollection","crs":{"type":"name","properties":{"name":"urn:ogc:def:crs:OGC:1.3:CRS84"}},"features":[{"type":"Feature","id":1,"geometry":{"type":"Polygon","coordinates":[[[-121.779435958569,37.338696854008],[-121.779255397197,37.3385761510414],[-121.779205989857,37.338526155673],[-121.779151192624,37.3384818740331],[-121.778435235343,37.3379962027217],[-121.777447986846,37.3373248283847],[-121.775205791896,37.3358127856936],[-121.775038705254,37.3356992205591],[-121.774942585518,37.3356406523096],[-121.774824007901,37.3355692275531],[-121.77474405784,37.3355199444316],[-121.774477258201,37.335340667876],[-121.77436317216,37.3352649573296],[-121.77396881175,37.3349992555631],[-121.773922099355,37.3349671141566],[-121.773257346045,37.3344557068171],[-121.77284501933,37.3341257186689],[-121.772801001881,37.3340907198409],[-121.772696797308,37.3339921516253],[-121.772677034372,37.3339707237352],[-121.772534202241,37.33377215833],[-121.772525219089,37.3337850150987],[-121.772316809943,37.3337657299448],[-121.77222787673,37.3337621586195],[-121.772128163733,37.33377215833],[-121.771795787078,37.3338628699292],[-121.770447415836,37.3342549999126],[-121.769950647484,37.334427136472],[-121.769608389361,37.3345342752102],[-121.769312843633,37.334615700549],[-121.768984060239,37.3347142679463],[-121.768289662524,37.33491783064],[-121.768198034365,37.3347128394342],[-121.768184559636,37.3346842691869],[-121.768173779852,37.3346549846721],[-121.766845171547,37.3348456909415],[-121.765309052411,37.3351521056189],[-121.764606569859,37.3353249543727],[-121.7643092275,37.3353770946212],[-121.762809040976,37.3356477947815],[-121.762568292479,37.3356920780921],[-121.762343713658,37.3357377898694],[-121.761440906798,37.3359163512325],[-121.761394194403,37.3359442067668],[-121.761360956738,37.3359942038539],[-121.761313346027,37.3360377727169],[-121.761252260588,37.3360713421515],[-121.761145361069,37.3361077685422],[-121.76102139356,37.3361391952181],[-121.760910002465,37.3361563370358],[-121.760777051803,37.3361541943088],[-121.760651287663,37.3361320527929],[-121.760629728096,37.3361627652164],[-121.760609066845,37.3361663364277],[-121.760585710647,37.3361691933965],[-121.760540794883,37.3361763358182],[-121.760332385737,37.3362163333669],[-121.759588580682,37.3363498964555],[-121.759223864677,37.3364163207909],[-121.759143016301,37.3364291771071],[-121.758563602943,37.3365348845123],[-121.757576354446,37.3367041588986],[-121.756826261183,37.336837006884],[-121.75382678645,37.3373812526291],[-121.751022246133,37.3380097729922],[-121.746437244922,37.338893263746],[-121.745015211828,37.334325711659],[-121.744575935654,37.3328978928927],[-121.7423040963,37.3333150273444],[-121.741904345999,37.3321050453409],[-121.741919617359,37.3320550456653],[-121.741942973556,37.3320007602654],[-121.740007104119,37.3263820092541],[-121.736552183536,37.3270377661559],[-121.735420306278,37.3224209158697],[-121.728346073416,37.3234131732903],[-121.726287134784,37.3237417797713],[-121.721835982552,37.3180016751233],[-121.716800027069,37.3113851873931],[-121.715301637175,37.3094382101756],[-121.714193116114,37.3079849106487],[-121.714128437414,37.3079098870493],[-121.712512368218,37.3057963343182],[-121.711880852573,37.3049789065129],[-121.711142437409,37.3040207040401],[-121.709513791799,37.3040257058745],[-121.708061215985,37.3040428550182],[-121.706154092637,37.3040471423035],[-121.703292060141,37.3040692932737],[-121.701702940404,37.3040771532938],[-121.69968262933,37.3040900151432],[-121.699468830292,37.3040893005961],[-121.697514096234,37.3041028769903],[-121.695950129324,37.3041200261164],[-121.693909156999,37.3041200261164],[-121.691545689486,37.3041421770652],[-121.690389557716,37.3041421770652],[-121.689380749652,37.3041593261824],[-121.687705391647,37.3041593261824],[-121.687273301995,37.3041643280075],[-121.685405704519,37.3041850498507],[-121.680745244825,37.3041971971356],[-121.680022999337,37.3042021989581],[-121.677372070933,37.3042229207909],[-121.676771098008,37.3044601496429],[-121.674605259858,37.3052840139096],[-121.673874929532,37.3055548224824],[-121.672950563105,37.305899226699],[-121.671920195474,37.3062979333449],[-121.670776640117,37.3067187880665],[-121.668576665987,37.3075569178722],[-121.667344177417,37.3080170635969],[-121.665767634093,37.3086136769201],[-121.663532625666,37.3094560725811],[-121.660254673195,37.3107021435126],[-121.658847013144,37.3112301455504],[-121.657660338654,37.3116781227208],[-121.655336397014,37.312544775921],[-121.652440228538,37.3136321864965],[-121.649445245381,37.3147731647818],[-121.649181140687,37.3148703293209],[-121.648545133466,37.3151146690038],[-121.648607117221,37.315146818903],[-121.633189331999,37.3208157027987],[-121.617516425237,37.3267277467217],[-121.607272936052,37.3305778973768],[-121.603365264567,37.3320721884149],[-121.603341010054,37.3320793312261],[-121.60170158466,37.3327107530538],[-121.587813630368,37.3380297712811],[-121.587715714002,37.3338500131737],[-121.587670798238,37.3319800460894],[-121.587556712197,37.3271620593026],[-121.587483050343,37.3240382387332],[-121.587401303652,37.3205906701888],[-121.58733123506,37.3176573263449],[-121.587312370439,37.3168328832329],[-121.587299794025,37.3163477863963],[-121.587189301245,37.3116459713381],[-121.587177623147,37.311175845106],[-121.587027604494,37.3048688674759],[-121.586945857803,37.3014247071368],[-121.586827280186,37.2963868026452],[-121.586700617731,37.2910941384196],[-121.586619769355,37.2876507767138],[-121.58660180305,37.2868910432709],[-121.586564972123,37.2853436790948],[-121.586558683916,37.2850599326504],[-121.586641328922,37.2784226766286],[-121.586670075011,37.2761160109162],[-121.586674566588,37.275316845912],[-121.56445563635,37.275298975399],[-121.555771622499,37.2752932568339],[-121.554437624302,37.2752918271926],[-121.53445010923,37.2752746714945],[-121.534281225957,37.2752746714945],[-121.531770434738,37.2752732418529],[-121.51856340343,37.2752396452654],[-121.497564385349,37.2751888929454],[-121.494351111578,37.2751817447285],[-121.49424960195,37.2751903225887],[-121.494099583298,37.2752203450915],[-121.494019633238,37.2752396452654],[-121.493949564646,37.2752496527611],[-121.493719595933,37.2752103375918],[-121.493510288472,37.275160300074],[-121.493309964163,37.2751502925664],[-121.49292009533,37.2751803150851],[-121.492799721082,37.2752103375918],[-121.490007757179,37.2752039041986],[-121.489855941896,37.275213911699],[-121.484460660299,37.2751088328781],[-121.484404964752,37.2750023242636],[-121.484282793873,37.2749029637424],[-121.484111215654,37.2748936710251],[-121.483865077266,37.2750101873208],[-121.483717753559,37.2750051835572],[-121.483501259576,37.2749179750526],[-121.483474310117,37.2750073280274],[-121.483689905786,37.2751102625228],[-121.479351941279,37.275160300074],[-121.474350121777,37.275160300074],[-121.456101745095,37.275103829121],[-121.454604253516,37.2750988253637],[-121.454527896717,37.2755941957298],[-121.454269181915,37.2759837704235],[-121.453977229448,37.2764269538621],[-121.453996992384,37.2761267331081],[-121.454064366031,37.2750981105411],[-121.454121858209,37.2742238775328],[-121.454127248101,37.2741459609338],[-121.454138027884,37.2739786901646],[-121.454185638594,37.2732431232686],[-121.454262893708,37.2720629129702],[-121.454270978546,37.2719478218178],[-121.454289843167,37.2716540168979],[-121.454476692746,37.2687952566236],[-121.454502743889,37.2684020703007],[-121.454539574816,37.2678401677374],[-121.454606050147,37.2668400279922],[-121.454661745695,37.2659907209098],[-121.45474259407,37.2647589226575],[-121.454767746898,37.2643771540482],[-121.454848595274,37.2631410397866],[-121.455236667476,37.2630480980445],[-121.455928370245,37.2628829474353],[-121.456637141004,37.2621136696955],[-121.45725518192,37.2609432943459],[-121.456326323916,37.2592409627327],[-121.456182593471,37.2583572508494],[-121.456195169885,37.2581327463408],[-121.455954421388,37.2575400226235],[-121.455274396718,37.2566663007503],[-121.4552968546,37.256318096165],[-121.455130666273,37.2559141196291],[-121.455020173493,37.2555501813905],[-121.455403754119,37.2546921667967],[-121.455387584444,37.2549352719238],[-121.45583404714,37.254130161941],[-121.455974184325,37.2539192302833],[-121.456023591665,37.2534859247542],[-121.455525924998,37.2528466872948],[-121.455601383482,37.2517112051452],[-121.455619349787,37.2514373425944],[-121.455661570606,37.2507830716349],[-121.455749605504,37.2494401895077],[-121.455168395515,37.2489839759691],[-121.454738102494,37.2485341953406],[-121.45395207662,37.2480479429923],[-121.452619875054,37.2463782143513],[-121.452633349783,37.2453642026278],[-121.452162632574,37.2447492100274],[-121.451831154234,37.2443151366475],[-121.451394573006,37.2441127589124],[-121.451114298638,37.2438410141023],[-121.451002907542,37.2435499600216],[-121.450990331128,37.2432152821954],[-121.450481884678,37.2425502128734],[-121.449396719814,37.2411320938499],[-121.449074224627,37.2407101571695],[-121.448796645205,37.2403468606439],[-121.448711305253,37.2402338664856],[-121.448145366624,37.2394936790443],[-121.448236096467,37.2392648273499],[-121.448354674085,37.238963743281],[-121.448592727635,37.2383587108505],[-121.448793950259,37.2379117275079],[-121.448805628357,37.2378201849923],[-121.448834374446,37.2376156442824],[-121.448743644603,37.2372766490166],[-121.448493014639,37.2370198984231],[-121.447939652423,37.2367688684458],[-121.447568648211,37.2364777870552],[-121.446705367223,37.2361738310865],[-121.44664697673,37.2361030270495],[-121.446484381663,37.2360679826026],[-121.446082834731,37.2359671403277],[-121.445751356391,37.2354100022073],[-121.445198892492,37.2345081306178],[-121.444696734248,37.234091878553],[-121.443953827508,37.2336713328959],[-121.443451669264,37.2333580677697],[-121.44241231848,37.2319977095884],[-121.442262299828,37.2318017358825],[-121.441745768539,37.2311272677385],[-121.439754203555,37.2306509165062],[-121.439475725817,37.2303590962468],[-121.43901399176,37.2300329428557],[-121.437713231229,37.2297497032398],[-121.436566980927,37.2295673135301],[-121.436104348555,37.2293648961985],[-121.435738734235,37.2286918367824],[-121.435432408723,37.2283170380741],[-121.434938335316,37.2281153326546],[-121.434740705954,37.2275116437074],[-121.434676027253,37.2274801716392],[-121.434074156013,37.226448738863],[-121.433880119912,37.2263292863054],[-121.432950363593,37.226649733458],[-121.432901854567,37.2270753252273],[-121.432872210163,37.2273428388243],[-121.432650326288,37.2273771720515],[-121.431558873218,37.2278163498701],[-121.430974968283,37.227558851785],[-121.430755779354,37.227463005051],[-121.430019160821,37.2267119629926],[-121.429787395477,37.226332862732],[-121.429470290182,37.2258128485199],[-121.428946572371,37.2253872496258],[-121.428450702335,37.2253343178307],[-121.427831763104,37.2252048493644],[-121.427589217977,37.2246569306323],[-121.42639805191,37.2234959878423],[-121.425924639756,37.2236011386646],[-121.425088308226,37.223545344369],[-121.424223230607,37.2231662281901],[-121.423421035059,37.2227377530827],[-121.422711365984,37.2223600634903],[-121.422219089209,37.2219337297841],[-121.421822033853,37.2213099620329],[-121.421672015201,37.2208371254724],[-121.42149504709,37.2199658394479],[-121.421593861771,37.2193949914231],[-121.421723219172,37.2188992514757],[-121.421893899076,37.2182082145979],[-121.421362096428,37.2160120201735],[-121.421074635537,37.2148259055206],[-121.41904713794,37.2137606756833],[-121.418368909901,37.2132112429974],[-121.417818242632,37.2125108536033],[-121.417235236012,37.211884861666],[-121.416868723376,37.211261726248],[-121.416792366577,37.2097950841163],[-121.4169289105,37.2085537817952],[-121.41684896044,37.2072609455084],[-121.416862435169,37.2060439277475],[-121.41650221074,37.2049227658577],[-121.416232716155,37.2039017571004],[-121.416206665012,37.2034302424375],[-121.415720676443,37.2024077824649],[-121.415859915312,37.20101681398],[-121.41577457536,37.2002962765025],[-121.415656896058,37.1996487170919],[-121.415322722772,37.1990011521261],[-121.414586104239,37.1982498266959],[-121.413755162602,37.1976480454105],[-121.413141613263,37.1968730928838],[-121.412592742624,37.1959500088557],[-121.412008837689,37.1954476746656],[-121.411704308808,37.1949238696428],[-121.411618070541,37.194277695325],[-121.411717783537,37.1936079008262],[-121.411413254656,37.1930840830391],[-121.410892231791,37.1925080223972],[-121.410462837085,37.192007812138],[-121.410316411694,37.1912621420519],[-121.410355937566,37.1903683301052],[-121.41020861386,37.1895961653899],[-121.410401751646,37.1889520923957],[-121.410812281731,37.188333777153],[-121.411194065727,37.1873919817079],[-121.411480628302,37.1866491286867],[-121.411582137929,37.1859542181379],[-121.411524645751,37.1854067300405],[-121.411002724571,37.1849558545096],[-121.410356835882,37.1843797318587],[-121.409460317228,37.184149997253],[-121.409030922522,37.1836003490054],[-121.408793767287,37.1825053347151],[-121.408867429141,37.1815119354689],[-121.408905158383,37.1808420277368],[-121.409403723365,37.1806223024325],[-121.409874440574,37.1801277392301],[-121.410229275111,37.1789138627084],[-121.410447565725,37.1787406546805],[-121.410886841899,37.1782467948999],[-121.41114016681,37.1778517047509],[-121.41117430279,37.1775289031135],[-121.411087166208,37.1769570183341],[-121.410688314222,37.1765318596349],[-121.41035144599,37.1761066985431],[-121.410075663198,37.1757566903941],[-121.410205918914,37.1751862237396],[-121.41043139605,37.174466871316],[-121.411025182453,37.173975130942],[-121.411652206521,37.1733581246647],[-121.412523572347,37.1730911354678],[-121.413084121084,37.1729458299588],[-121.413394938173,37.1728993035052],[-121.413396734803,37.1726752603354],[-121.41340122638,37.1723280994788],[-121.413156884622,37.1719530208021],[-121.41220107716,37.1713252609121],[-121.410655076556,37.1708420898281],[-121.408862937564,37.1701076638634],[-121.40772656873,37.1690060115327],[-121.407650211931,37.167464816638],[-121.407766094602,37.1652299208323],[-121.40760080459,37.1632412231941],[-121.40749031181,37.162818134981],[-121.407183986298,37.161647650175],[-121.406858796165,37.1599810203491],[-121.406530012771,37.1588348330661],[-121.406011684852,37.1578869423844],[-121.405337948389,37.1570378398847],[-121.405033419508,37.1565631688173],[-121.404636364153,37.15598897751],[-121.404015628291,37.1559102227512],[-121.403241280516,37.1558300360034],[-121.402466932741,37.1556252730295],[-121.401787806387,37.1552966487758],[-121.401141019382,37.1549200536482],[-121.401020645134,37.154471860044],[-121.400688268479,37.1536993284101],[-121.400513995314,37.1525551938431],[-121.400152872569,37.151484073452],[-121.400003752232,37.1508633035535],[-121.399451288333,37.1503857297018],[-121.399170115649,37.1502231963837],[-121.399019198681,37.1501351275236],[-121.398584414083,37.1502310724556],[-121.39808405247,37.1505496946775],[-121.397463316609,37.1505948028836],[-121.396566797955,37.1502160363176],[-121.395580447773,37.1496131563204],[-121.395053136702,37.1492150524048],[-121.39474860782,37.1489859268989],[-121.393978751622,37.1484832803884],[-121.393423592776,37.1481309962273],[-121.392988808179,37.148153193042],[-121.392644753425,37.1484231344282],[-121.392356394219,37.1493410711372],[-121.392005152942,37.150256132679],[-121.391163431521,37.1507286953368],[-121.391131092171,37.150747311381],[-121.39029116738,37.1509642595587],[-121.388516994694,37.1514239298786],[-121.388262771469,37.1514590136356],[-121.387149758832,37.1516122363835],[-121.386061000707,37.1519029291548],[-121.385316297337,37.151971664228],[-121.384759341861,37.1518177262169],[-121.38423382742,37.1515656967966],[-121.383551107804,37.1514869374305],[-121.383200764843,37.1523540019323],[-121.38274801394,37.1540902490185],[-121.382300652928,37.1552787498103],[-121.382294364721,37.1559503160932],[-121.382288076514,37.1564958698124],[-121.3820051072,37.156891787566],[-121.381629611411,37.1571380717049],[-121.381686205274,37.1576349331942],[-121.382056311171,37.1580100829331],[-121.382547689631,37.1584360617728],[-121.383347190234,37.159137668747],[-121.383957146312,37.1601607145933],[-121.384073028984,37.1609568050712],[-121.384154775675,37.1620013031526],[-121.383875399621,37.1622210826108],[-121.383560090956,37.1624687811689],[-121.383244782292,37.1629878000819],[-121.38391941707,37.1637638161948],[-121.38421855606,37.1647102014461],[-121.38455183103,37.1655069598713],[-121.38426616677,37.1662013426641],[-121.383797246192,37.1665449524082],[-121.383165730547,37.1674848602475],[-121.382914202267,37.1678807204469],[-121.382186566887,37.1680489425078],[-121.381980852687,37.1680969036225],[-121.380989112613,37.167990959627],[-121.380183323803,37.1679351242182],[-121.379654216101,37.16800599223],[-121.379212244981,37.168772651018],[-121.378643611407,37.1696380856265],[-121.378172894198,37.1700818944017],[-121.378127080118,37.1701513287645],[-121.377066169768,37.1717311222351],[-121.376313381559,37.1724777009507],[-121.375290200451,37.1731061670562],[-121.374053220305,37.1730403143609],[-121.373888828608,37.1731820407426],[-121.373428891182,37.1737052807887],[-121.373331873132,37.1739629626534],[-121.372208979026,37.1769620286075],[-121.366714882749,37.1795386966324],[-121.365655769029,37.1799531025356],[-121.365035033167,37.1799981931962],[-121.364534671554,37.1803181213961],[-121.364312787679,37.180812683352],[-121.364245414033,37.1813587733276],[-121.364113361686,37.1820787758325],[-121.363674085512,37.1826470433411],[-121.363170130638,37.1835087405752],[-121.362437105366,37.1838308009712],[-121.360942308733,37.1843210458265],[-121.35955800488,37.1844527314936],[-121.358876183579,37.1839059481993],[-121.357079553011,37.1833899357269],[-121.354560676955,37.1838930658227],[-121.353859092718,37.1830399613225],[-121.352816148673,37.1827128876627],[-121.351759729899,37.1819506645567],[-121.351609711246,37.1819621158527],[-121.350155338801,37.1817030298547],[-121.348702762987,37.1811211566805],[-121.347499020506,37.1804168909022],[-121.346666282238,37.1799137376511],[-121.34596290137,37.1789152941781],[-121.345688016893,37.1785652990411],[-121.345195740118,37.1780893316824],[-121.344671123992,37.1778860604981],[-121.344239932655,37.1775353448448],[-121.343759333978,37.1770400456796],[-121.343656926036,37.1769348299763],[-121.343293108346,37.1760866572204],[-121.343208666709,37.1752671057231],[-121.343060444687,37.17466872015],[-121.342382216648,37.1741920124621],[-121.340245124587,37.1738792161438],[-121.33829398379,37.1735170293153],[-121.337214208818,37.1729622931586],[-121.336287147445,37.1725077643687],[-121.33521186405,37.171481306617],[-121.334565975361,37.1709551879292],[-121.334348583062,37.1708027201962],[-121.333771864649,37.1712128791727],[-121.332548359232,37.1712773018463],[-121.332107286428,37.1709859677628],[-121.331878216031,37.1700110283367],[-121.328408922403,37.1659500770499],[-121.327727999418,37.1660352640611],[-121.326918617347,37.1662779391382],[-121.326014912171,37.1667181883952],[-121.32523786945,37.1668370194623],[-121.32449316608,37.1667818990508],[-121.323843684129,37.1665778815933],[-121.323232829736,37.1664297001473],[-121.321516149228,37.167227156291],[-121.320260304461,37.1675743405825],[-121.31910237606,37.1676509356651],[-121.318908339958,37.1676838643683],[-121.318152856804,37.1673030358806],[-121.318071110114,37.1672608010241],[-121.317870785805,37.1672930140524],[-121.317640817092,37.1673302379791],[-121.316249326717,37.1675542969967],[-121.314034081227,37.1679100698547],[-121.314066420577,37.168958050995],[-121.314066420577,37.169401147939],[-121.313764586642,37.1697583437456],[-121.312882441033,37.1701470338574],[-121.312524013234,37.170116253682],[-121.311643664256,37.170041092736],[-121.308329779173,37.1680288990478],[-121.308396254504,37.1630987622836],[-121.308476204564,37.1567829640863],[-121.30854178158,37.1516909956191],[-121.308548069787,37.1513859821231],[-121.308548069787,37.1512771507187],[-121.308554357994,37.1508317995242],[-121.30855884957,37.1495573073364],[-121.308575019245,37.1491907078528],[-121.30857591756,37.1491262663536],[-121.308577714191,37.14894797792],[-121.308580409137,37.1487689730456],[-121.308593883866,37.1477199959654],[-121.308637003,37.1444082834308],[-121.308665749089,37.1421770024811],[-121.308913684107,37.1230472979124],[-121.308962193133,37.1194229162822],[-121.309061007814,37.1118018372294],[-121.309061906129,37.1116986798499],[-121.309066397706,37.1113927887385],[-121.309068194336,37.1112910635519],[-121.309097838741,37.1089391677907],[-121.309170602279,37.1032049068685],[-121.309184077008,37.1022276606884],[-121.309187670269,37.1018830422765],[-121.309219111304,37.0995322873396],[-121.312442266543,37.0989433333472],[-121.315675303251,37.0906580853793],[-121.31576872804,37.0904201837079],[-121.319796773774,37.0800972549978],[-121.319821028287,37.0800370546922],[-121.319841689539,37.079983304379],[-121.319928826121,37.0797597026672],[-121.319959368841,37.079683018595],[-121.319989013245,37.0796049010958],[-121.322029985571,37.0743758623666],[-121.322941775584,37.0720450397709],[-121.324727626369,37.046538207967],[-121.325448973542,37.0465331890569],[-121.325528025287,37.0465317550825],[-121.325766078837,37.0465310380953],[-121.325846028898,37.0465310380953],[-121.326308661269,37.046526736172],[-121.326492815902,37.0465253021975],[-121.328436770177,37.0465102454637],[-121.329085353812,37.0465059435392],[-121.329968397736,37.0465059435392],[-121.330283706401,37.0465059435392],[-121.332618427825,37.0465059435392],[-121.333250841785,37.0465059435392],[-121.333254435046,37.0462549975211],[-121.333288571027,37.0432909037846],[-121.333318215431,37.0408042453119],[-121.333361334565,37.037165890627],[-121.33347272566,37.0276762356251],[-121.331323057185,37.0275837212502],[-121.331314074032,37.0265129846667],[-121.331273649844,37.0212939138706],[-121.331271853214,37.0210629669038],[-121.331270954898,37.0210228021422],[-121.331264666691,37.0202481918734],[-121.331246700386,37.0179243136828],[-121.331242208809,37.0171496718249],[-121.331238615548,37.0167322226603],[-121.331231429026,37.0154820132477],[-121.33122873408,37.0150652722059],[-121.331191903153,37.0104099544485],[-121.331189208208,37.009929343002],[-121.331174835163,37.0081503368759],[-121.331091291842,36.9973441322371],[-121.331986013865,36.9973656557804],[-121.336639287036,36.9974818828088],[-121.341023065623,36.9974409881339],[-121.341803701605,36.9974316612751],[-121.343530263581,36.9974108552014],[-121.36420409153,36.9971669214992],[-121.364777216681,36.9971611818733],[-121.371095966389,36.9971633342331],[-121.371598124633,36.9971611818733],[-121.372296115609,36.9971583120602],[-121.374779059054,36.9971497026201],[-121.375317149909,36.9971482677133],[-121.375900156529,36.9971446804463],[-121.376537960381,36.9971432455394],[-121.377101204064,36.9971410931791],[-121.377495564473,36.9971181346649],[-121.377898908036,36.997093741236],[-121.379056836437,36.997029170357],[-121.380297409845,36.9969567074164],[-121.381096012132,36.996912225181],[-121.391980000115,36.9969000284345],[-121.399754020583,36.9968928538769],[-121.399728867755,36.9938421706168],[-121.39972796944,36.9937919466794],[-121.399701918297,36.9906471446549],[-121.399545611437,36.9720153109767],[-121.399472847899,36.963147011176],[-121.399470152954,36.9628110921718],[-121.399455779909,36.9611321927128],[-121.399454881594,36.9610381617637],[-121.399453084963,36.9608630198392],[-121.399453084963,36.9608228232751],[-121.399452186648,36.9607567860165],[-121.399452186648,36.9606821351335],[-121.399452186648,36.9606792639443],[-121.399452186648,36.9606641901988],[-121.399454881594,36.9606641901988],[-121.402773258253,36.960669214781],[-121.412737371385,36.96068572412],[-121.415741337695,36.9606907487007],[-121.416059341305,36.9606921842952],[-121.416496820849,36.9606806995389],[-121.417813751055,36.960649834248],[-121.418253027229,36.9606397850809],[-121.418251230599,36.9606211223383],[-121.418246739022,36.9605672874784],[-121.418245840707,36.9605493425166],[-121.418277281742,36.9605759010585],[-121.418286264895,36.9605830790412],[-121.418335672235,36.9606247113276],[-121.418486589203,36.96075391483],[-121.418537793174,36.9607969826155],[-121.418996832284,36.9611853093807],[-121.420373949615,36.9623517133566],[-121.420832988725,36.9627407499705],[-121.4215426578,36.963342963244],[-121.422863181267,36.9644612441485],[-121.423071590413,36.9646378133162],[-121.424696642762,36.9660151823186],[-121.428952860578,36.9696217756862],[-121.430983951436,36.9713428320527],[-121.431020782362,36.9713736930085],[-121.431132173458,36.9714677111922],[-121.4311699027,36.971500007488],[-121.431188767321,36.9715157967832],[-121.431432210762,36.9717153157767],[-121.431829266118,36.9720232055713],[-121.432015217382,36.9721667435113],[-121.432759022437,36.9727437632991],[-121.432944075386,36.9728349090596],[-121.433405809442,36.9730760500725],[-121.433970849755,36.9734456546065],[-121.434360718589,36.9737786559893],[-121.434562839528,36.9739831927542],[-121.434620331706,36.9740499362112],[-121.434790113295,36.974309732766],[-121.435121591634,36.9748609004207],[-121.43513955794,36.9748903246234],[-121.43565968249,36.9758699287789],[-121.43581958261,36.9761498133644],[-121.436179807039,36.9767698617028],[-121.436290299819,36.9769801315779],[-121.436399894284,36.9771301189495],[-121.43661010006,36.977359764113],[-121.436754728821,36.9775097507363],[-121.437479669255,36.9782596794184],[-121.437524585019,36.9783077607181],[-121.437609924971,36.9784003350754],[-121.437655739051,36.9784570278432],[-121.437689875032,36.9785000856133],[-121.437697061554,36.9785101324228],[-121.43771682449,36.9785158734563],[-121.437765333516,36.9785460138746],[-121.437783299821,36.9785560606781],[-121.43779497792,36.9785610840793],[-121.437814740856,36.9785790247953],[-121.437831808847,36.9785790247953],[-121.439058907525,36.9791631721965],[-121.440427940018,36.9798162063656],[-121.442738406928,36.980922045952],[-121.443963708976,36.9815097633705],[-121.444017607893,36.9815348793984],[-121.44426015302,36.9816382138258],[-121.444612292611,36.9817881920158],[-121.445207875644,36.9820422213857],[-121.445899578413,36.9823378703188],[-121.447345866021,36.9829549978851],[-121.44822980826,36.984451870232],[-121.448918816083,36.985617917688],[-121.449084106095,36.9857241168145],[-121.449580874448,36.9860419957461],[-121.449747062775,36.9861481942805],[-121.449675197552,36.9862551102229],[-121.449459601884,36.9865772922545],[-121.449388634977,36.9866849251458],[-121.449333837744,36.9869898841776],[-121.449173039309,36.9879047539377],[-121.449119140392,36.9882111431547],[-121.450606750502,36.9889437456233],[-121.451972189734,36.988839703587],[-121.4520701061,36.9888102847786],[-121.45218239551,36.9887593399858],[-121.452547111516,36.9878480682096],[-121.452565077821,36.9878559611616],[-121.452591128965,36.9878559611616],[-121.452654011035,36.9878487857507],[-121.45265490935,36.9878703119814],[-121.452669282394,36.9878767698494],[-121.452722282996,36.9878581137847],[-121.453346612119,36.987947088821],[-121.454008670483,36.9877490474692],[-121.454347335345,36.987647873971],[-121.456647022472,36.9866483299798],[-121.456947059777,36.9874476792055],[-121.457547134387,36.987548135426],[-121.459624039324,36.9860513240017],[-121.460046247508,36.9857477963292],[-121.460793645824,36.9856372918641],[-121.461938099496,36.9854686646111],[-121.463655678319,36.9848766723594],[-121.463916189752,36.9845329559564],[-121.463959308885,36.9844827258718],[-121.464017699379,36.9844131212712],[-121.464195565805,36.9842021543609],[-121.464255752929,36.9841332670798],[-121.464594417791,36.9837357288432],[-121.465608615747,36.9825438192608],[-121.465948178924,36.9821477079087],[-121.464862115746,36.9803938857664],[-121.464587231269,36.9799496829895],[-121.463978173506,36.9789672608529],[-121.463944935841,36.9789148742177],[-121.463906308283,36.9788510055314],[-121.463561355214,36.9782941257258],[-121.467071073029,36.9770727075503],[-121.467938845594,36.9767720146397],[-121.468952145234,36.9773037881683],[-121.469021315511,36.9773396701889],[-121.469228826342,36.977450186706],[-121.469298894934,36.9774867862964],[-121.469608813707,36.9775822322043],[-121.469993292649,36.9777006423747],[-121.470147802877,36.9777480063914],[-121.470458619966,36.977809723096],[-121.47055114644,36.9778276639892],[-121.470647266175,36.9778477577844],[-121.470868251735,36.9779030156941],[-121.470905082662,36.9779123449476],[-121.471018270388,36.9779403327013],[-121.47105599963,36.9779496619502],[-121.471074864251,36.977953967757],[-121.471132356429,36.977969038079],[-121.47115122105,36.977974061519],[-121.471209611543,36.9779876965687],[-121.471388376285,36.9780329075055],[-121.471447665094,36.9780479778118],[-121.471462038138,36.9780522836131],[-121.471504258957,36.9780637657486],[-121.471518632001,36.9780687891823],[-121.471622836574,36.9780989297777],[-121.471934551978,36.9781893514924],[-121.472038756551,36.978220209672],[-121.472063011063,36.9782266683591],[-121.47208457063,36.9782331270458],[-121.472153740907,36.9782460444174],[-121.472176198789,36.9782596794184],[-121.472801426227,36.9784419576179],[-121.473425755349,36.9786242353808],[-121.473494925626,36.9786443289657],[-121.473520976769,36.9786522228726],[-121.475599678337,36.9792571807574],[-121.485872811926,36.9822510415037],[-121.4876874088,36.9827799063866],[-121.488948643459,36.9831480286194],[-121.48920556163,36.9828911325901],[-121.489344800499,36.9827512028238],[-121.489449005072,36.982647869908],[-121.489783178358,36.9823493518076],[-121.48993140038,36.9822180321761],[-121.491887032753,36.9804706701516],[-121.497754828189,36.975231931607],[-121.499193030959,36.9739487444955],[-121.499712257193,36.9734858445059],[-121.50148822651,36.9718947388853],[-121.501749636258,36.9716500056601],[-121.501972418448,36.9711856562928],[-121.501956248773,36.97116484304],[-121.501982299916,36.9711346996983],[-121.501991283069,36.9711110156356],[-121.502034402203,36.9710772837762],[-121.502043385355,36.9710492934985],[-121.502087402804,36.9710019253127],[-121.502230234935,36.9706717825934],[-121.502284133852,36.970528241834],[-121.502302998473,36.9704600598785],[-121.502373067065,36.9703782414512],[-121.502451220494,36.9702957052293],[-121.502495237943,36.9702591021805],[-121.50254734023,36.9701937908145],[-121.502677595946,36.9700681918761],[-121.502759342637,36.9699720188346],[-121.502773715681,36.9699547937994],[-121.502922836019,36.9698047922865],[-121.502940802324,36.9697567056145],[-121.502983921458,36.9697172314581],[-121.503001887764,36.9696748864312],[-121.503027938907,36.969654790478],[-121.503063871518,36.9695729711851],[-121.503107888967,36.9695248843667],[-121.503228263215,36.9692851675352],[-121.503240839629,36.96925071715],[-121.503267789088,36.9692169844661],[-121.503276772241,36.9691889935043],[-121.503302823384,36.9691552607931],[-121.503347739148,36.9690447322302],[-121.503382773444,36.9690038222669],[-121.503418706055,36.9689291794702],[-121.50344835046,36.9688351581509],[-121.503525605574,36.968675106325],[-121.50356063987,36.9686341961631],[-121.503607352265,36.9684626603323],[-121.503739404612,36.9682990190959],[-121.503912779462,36.9681490143201],[-121.503973864901,36.9681016443294],[-121.504043035178,36.9680607338593],[-121.504317919655,36.9679961383353],[-121.504352055636,36.9679753242104],[-121.504378106779,36.9679760419389],[-121.504404157922,36.9679616873668],[-121.504552379944,36.9678468506924],[-121.504579329403,36.9677779486046],[-121.504573041195,36.9676336846564],[-121.50455687152,36.9675712419671],[-121.504531718692,36.9675432504002],[-121.504470633253,36.9673501800809],[-121.50444637874,36.9671219401871],[-121.504473328199,36.9670602148153],[-121.504500277657,36.9669568605922],[-121.504615262014,36.9668068531716],[-121.504727551424,36.9666697647919],[-121.504771568873,36.9666288535522],[-121.504844332411,36.9664580309455],[-121.504892841437,36.9660926989579],[-121.504897333013,36.9659211574002],[-121.50492068921,36.9657926804154],[-121.50493416394,36.96576971244],[-121.504954825191,36.9655558228362],[-121.50498177465,36.9655012737136],[-121.504982672965,36.9654596440937],[-121.505041063459,36.9650742101525],[-121.505068012917,36.9650397578616],[-121.505129996672,36.9649026662997],[-121.505174014121,36.9648617541105],[-121.505182997273,36.9648280194816],[-121.505253065866,36.9647461950008],[-121.505288998477,36.9646500152354],[-121.505290795108,36.9645538353485],[-121.505268337225,36.9644361224857],[-121.505242286082,36.964408129766],[-121.505280015324,36.9642157692595],[-121.505350083916,36.964151170473],[-121.505377033375,36.9641131289396],[-121.505533340234,36.9639767534754],[-121.50561598524,36.9639157433202],[-121.505714799922,36.9638690884627],[-121.505774987046,36.9638360711617],[-121.505913327599,36.9638030538463],[-121.506717319779,36.9637786497344],[-121.50678559174,36.9637800852706],[-121.506819727721,36.9638009005426],[-121.506940101969,36.9637750608938],[-121.507239240959,36.963765012139],[-121.507691991862,36.9637197927265],[-121.507840213884,36.9636889286676],[-121.507874349865,36.9636688311341],[-121.507916570683,36.9636630889807],[-121.507962384762,36.9636559112884],[-121.508007300527,36.9636573468268],[-121.508144742765,36.9636487335953],[-121.508154624233,36.963614998429],[-121.508154624233,36.9635439392001],[-121.508161810756,36.9635087684461],[-121.508177980431,36.9634750332177],[-121.508246252392,36.9634111515743],[-121.508324405822,36.9633400921551],[-121.50839716936,36.9632518061176],[-121.508458254799,36.9631570600123],[-121.508561561057,36.9630422160902],[-121.508663070684,36.962885023191],[-121.508690020143,36.962818987721],[-121.508722359493,36.9627529521937],[-121.508804106184,36.9625921698009],[-121.508831953958,36.9625038828962],[-121.508847225317,36.9624543560512],[-121.508863394992,36.9624213381366],[-121.508893937712,36.9623172598338],[-121.508945141683,36.9619770304583],[-121.508999938916,36.9616181370643],[-121.509005328807,36.9615477937607],[-121.509117618218,36.9609197256703],[-121.509126601371,36.960850817313],[-121.509247873934,36.9604000402707],[-121.509249670565,36.9603871198703],[-121.509271230131,36.960295959205],[-121.509306264428,36.9602327926957],[-121.509335010517,36.9601681905298],[-121.509359265029,36.9600999992951],[-121.509377231335,36.9600676981627],[-121.509400587532,36.9600389860334],[-121.509518266835,36.9599349044742],[-121.509554199446,36.959901885467],[-121.509664692226,36.9598028283596],[-121.509702421468,36.959771244907],[-121.50982010077,36.959665727368],[-121.509889271047,36.9596226589427],[-121.509918915451,36.9595968178759],[-121.509989882359,36.9595530316037],[-121.510111154922,36.9595070918812],[-121.510155172371,36.9595020672223],[-121.510280038196,36.9594633055574],[-121.510368073093,36.9594467959534],[-121.510412988858,36.9594467959534],[-121.510589956969,36.9594353110093],[-121.510680686812,36.9594381822455],[-121.510813637474,36.9594539740425],[-121.511075945537,36.9594948891377],[-121.511165777066,36.9594991959886],[-121.511252015333,36.9594819685837],[-121.511560137475,36.9594360288184],[-121.511647274058,36.9594166479715],[-121.511728122434,36.9593872177873],[-121.511773038198,36.9593728615957],[-121.51181256407,36.9593620944502],[-121.511888920869,36.9593240505241],[-121.512032651315,36.9592393488845],[-121.512091041808,36.9591862308591],[-121.512217704263,36.9590878906331],[-121.512227585732,36.9590792768846],[-121.512275196442,36.9590362081276],[-121.512321010521,36.9589737583867],[-121.512392875744,36.9588861851006],[-121.51242970667,36.9588352202729],[-121.512420723518,36.9588000473438],[-121.512418926887,36.9587297014368],[-121.512391079113,36.9585186633261],[-121.512353349871,36.9583442334257],[-121.512320112206,36.9581690853047],[-121.512262620028,36.9579968080715],[-121.512183568283,36.957874060305],[-121.512138652518,36.957813763084],[-121.51206409235,36.957726906289],[-121.511817055647,36.9575201723619],[-121.511712851074,36.9574548500669],[-121.511602358294,36.9573967059988],[-121.511449644695,36.9573263587955],[-121.511417305345,36.9573026704369],[-121.511340050231,36.9572689324588],[-121.511268185008,36.9572287339975],[-121.511131641085,36.9571598223],[-121.511046301133,36.9571167524574],[-121.510868434707,36.9570162560632],[-121.510719314369,36.9569423193457],[-121.510615109797,36.956876996555],[-121.510518990061,36.9568037775362],[-121.510458802937,36.9567520934804],[-121.510350106788,36.9565999124462],[-121.51027913988,36.9564699840583],[-121.510252190422,36.9564039430247],[-121.510184816775,36.956019181082],[-121.510185715091,36.9558418740847],[-121.510190206667,36.9558081354595],[-121.510188410037,36.9557370689448],[-121.510195596559,36.9556681558974],[-121.510194698244,36.9555281760781],[-121.510201884766,36.9554578271487],[-121.510204579712,36.9553523036327],[-121.510218952756,36.9551426918613],[-121.51022973254,36.9550730604259],[-121.510227037594,36.9549316438098],[-121.510233325801,36.9548620121815],[-121.510227935909,36.9541233387204],[-121.510230630855,36.9540529884933],[-121.510285428087,36.9538110693593],[-121.510324055644,36.9537091328769],[-121.510359089941,36.9536438073129],[-121.510401310759,36.9535433063358],[-121.510471379351,36.9534521374776],[-121.510533363106,36.953403322611],[-121.510651940723,36.9532977962484],[-121.510758840242,36.9532353418016],[-121.510842383563,36.9532087806996],[-121.511405627247,36.9529891128517],[-121.511449644695,36.9529812162833],[-121.511534086332,36.9529560908328],[-121.511691291507,36.9528893288815],[-121.511871852879,36.9527866732936],[-121.511911378751,36.9527701622421],[-121.512045227729,36.9526746852218],[-121.512071278872,36.9526459703051],[-121.512115296321,36.9525842331975],[-121.512116194636,36.9525418786412],[-121.512138652518,36.9524729627028],[-121.512153923878,36.9522970832022],[-121.51214404241,36.9522267312881],[-121.512057804143,36.9518283085084],[-121.512055109197,36.951813233011],[-121.512043431098,36.9517787747199],[-121.512028159738,36.951638787752],[-121.51201827827,36.951604329382],[-121.5119553962,36.951470803051],[-121.511926650111,36.9514428055648],[-121.511925751796,36.9514083471061],[-121.511825140484,36.9511728805546],[-121.51181076744,36.9511039633774],[-121.511800885972,36.9509998696062],[-121.511801784287,36.9509302343833],[-121.511791004503,36.9507572228838],[-121.511781123035,36.9506883053305],[-121.511781123035,36.9506186698227],[-121.511771241567,36.9504808344032],[-121.511775733144,36.9504456576155],[-121.511743393793,36.950067326648],[-121.511729020749,36.9500343033624],[-121.511725427488,36.9499661030534],[-121.511679613408,36.9497263246401],[-121.511675121832,36.9496222289862],[-121.511676020147,36.9496021277401],[-121.511678715093,36.9495339270441],[-121.511683206669,36.9494808022492],[-121.511679613408,36.9494470608062],[-121.5116850033,36.9493767062598],[-121.511681410039,36.9493429647707],[-121.511684104985,36.9493321962071],[-121.511693088137,36.9493077874575],[-121.511692189822,36.9492661489842],[-121.511709257813,36.9492338432565],[-121.511720935911,36.9491893331204],[-121.511736207271,36.9491297469296],[-121.511755970207,36.9490249325533],[-121.511773038198,36.9489933446308],[-121.511776631459,36.9489409373668],[-121.51178022472,36.948905759868],[-121.511834123637,36.9487707929873],[-121.511835920268,36.9487621780718],[-121.511888022554,36.9485977765829],[-121.511950904624,36.9484283493497],[-121.511967972614,36.948358711776],[-121.512011990063,36.9482208722669],[-121.512038939522,36.9481167745558],[-121.512064990665,36.9480399575329],[-121.512073075503,36.9480162662859],[-121.512109008114,36.9479516537566],[-121.512149432302,36.9478138135111],[-121.512194348066,36.9477147406806],[-121.512232077308,36.947652281656],[-121.512310230738,36.9474512637579],[-121.512356943132,36.9473148584535],[-121.512428808355,36.9472258359126],[-121.512806100774,36.9467979519258],[-121.512941746382,36.9466450330724],[-121.512977678994,36.9465811373104],[-121.513027086334,36.9465208311487],[-121.513069307153,36.9464590890766],[-121.513267834831,36.946107301897],[-121.513275919668,36.9460721230897],[-121.513295682604,36.946041251878],[-121.513322632063,36.9460118165251],[-121.513353174782,36.9459472022957],[-121.513375632665,36.945881152138],[-121.513445701257,36.9457519234029],[-121.513455582725,36.9457181803081],[-121.513575058658,36.945492029394],[-121.51364692388,36.9454030047231],[-121.513682856492,36.9453398258613],[-121.513778976227,36.945219929468],[-121.513813112208,36.945155314567],[-121.513869706071,36.9451000328861],[-121.513962232545,36.9450239307661],[-121.514061047226,36.9449528541892],[-121.514212862509,36.9448767519222],[-121.514291015939,36.9448422904932],[-121.51432694855,36.9448200341455],[-121.514446424483,36.9447712137468],[-121.514695257817,36.9446929574544],[-121.514740173581,36.9446879318182],[-121.5147823944,36.9446771625967],[-121.514903666963,36.9446319318495],[-121.5149881086,36.9446068036451],[-121.515149805351,36.9445472138699],[-121.515314197048,36.9444926496976],[-121.515356417866,36.9444840342984],[-121.515437266242,36.9444538803935],[-121.515602556254,36.9444050597603],[-121.515640285496,36.9443828032847],[-121.515679811368,36.9443698801669],[-121.515723828817,36.944361982705],[-121.515804677193,36.9443311108004],[-121.5158756441,36.9442880337033],[-121.515975357097,36.9442191102973],[-121.516003204871,36.9441911101458],[-121.516040035797,36.9441652638429],[-121.516068781886,36.94414587911],[-121.516158613415,36.9440683401292],[-121.516182867927,36.9440381860598],[-121.516200834233,36.944005878115],[-121.516257428096,36.943949877645],[-121.516323005112,36.9438586973044],[-121.516423616424,36.9437007468499],[-121.516438887783,36.9436677208045],[-121.516482006917,36.9435327446435],[-121.516617652525,36.9431608410057],[-121.51664909356,36.9430581723071],[-121.51666616155,36.9429519136483],[-121.516676941334,36.942916733384],[-121.516678737964,36.9428808351383],[-121.516697602585,36.9428492446682],[-121.516720060467,36.9427803199606],[-121.516748806556,36.942712831124],[-121.516856604391,36.9425577501666],[-121.516947334234,36.9424802095695],[-121.51710633604,36.942356718826],[-121.517248269854,36.942269844404],[-121.517323728338,36.9422332278824],[-121.517406373344,36.9422037910582],[-121.517451289109,36.9422009191723],[-121.517533934115,36.9421786620529],[-121.517664189831,36.9421571228989],[-121.518062143502,36.9421032749873],[-121.518329841457,36.9420738381129],[-121.518417876354,36.9420609146034],[-121.51863976023,36.9420580427121],[-121.518728693443,36.9420630685218],[-121.518906559869,36.9420558887936],[-121.518948780687,36.9420458371729],[-121.519105087547,36.9419919891827],[-121.519151799941,36.9419718859232],[-121.519333259629,36.9418677796733],[-121.519397938329,36.9418196753581],[-121.519505736163,36.9417586474517],[-121.519546160351,36.9417421340099],[-121.519689890797,36.9416588487702],[-121.519865062277,36.9415461263612],[-121.520033945551,36.941429095913],[-121.520256727741,36.941256062835],[-121.52058640945,36.9410191289373],[-121.520648393205,36.940968870137],[-121.520747207886,36.9408977897772],[-121.52083973436,36.9408238374133],[-121.521259247598,36.9405100775563],[-121.521381418477,36.9404066872975],[-121.521446097177,36.9403593000487],[-121.521602404037,36.9402329339078],[-121.521720981654,36.940128107291],[-121.521784762039,36.9400792838859],[-121.521842254217,36.9400261524979],[-121.521906034603,36.9399773290276],[-121.522088392605,36.9398251144781],[-121.522151274675,36.9397770088732],[-121.522225834844,36.9396908495051],[-121.522270750608,36.9395932021035],[-121.522289615229,36.939560892274],[-121.522315666372,36.939532172414],[-121.522329141101,36.9394632447058],[-121.522690263846,36.938662673528],[-121.522726196457,36.9385607167742],[-121.522749552654,36.938422141531],[-121.522780993689,36.9383187484393],[-121.522796265049,36.9382850020526],[-121.522840282498,36.9380760613257],[-121.52286094375,36.9380451868742],[-121.522911249406,36.9379461013406],[-121.523030725338,36.9376782825509],[-121.52308192931,36.937620841401],[-121.523199608612,36.9374707761926],[-121.523311898022,36.9373192746538],[-121.523401729551,36.9372410107077],[-121.523531086952,36.9371419241285],[-121.523591274076,36.9370902267317],[-121.523849988877,36.9369509307936],[-121.524003600791,36.9368798466857],[-121.524037736772,36.9368568699903],[-121.524241654341,36.9367829137046],[-121.524438385389,36.9367017771145],[-121.524678235569,36.9366091520521],[-121.524795016556,36.9365567362692],[-121.52483813569,36.9365459658984],[-121.524874068301,36.9365258612022],[-121.524991747604,36.9364748814129],[-121.525120206689,36.9364432882869],[-121.525228004523,36.9364059509394],[-121.525272021972,36.936398052652],[-121.525310649529,36.936378665943],[-121.525484024379,36.9363398925104],[-121.525814604404,36.9362278802609],[-121.526129014753,36.9360871466883],[-121.526556612828,36.9358846622148],[-121.526818920891,36.9357468001377],[-121.527020143515,36.9356053476431],[-121.527296824623,36.9354236849173],[-121.52732018082,36.9354071701026],[-121.527395639304,36.9353511633129],[-121.527420792132,36.9353217238301],[-121.528074765659,36.9347817586154],[-121.528318209101,36.9345692180667],[-121.528538296345,36.9343918611417],[-121.528558957597,36.9343609851976],[-121.528812282507,36.9341089508605],[-121.528858096586,36.9340479167789],[-121.529166218729,36.9336967903481],[-121.529326118849,36.9335258938722],[-121.529383611028,36.9334713218076],[-121.529602799957,36.9332918081615],[-121.529713292737,36.9332293373134],[-121.529857023182,36.9331316816324],[-121.530022313195,36.9330218188416],[-121.53016424701,36.9329342157184],[-121.530494827034,36.9327482382626],[-121.530684371559,36.9326513000266],[-121.530908052065,36.9325299475426],[-121.530991595386,36.9325040972843],[-121.531465007541,36.9323023213561],[-121.531507228359,36.9322879600597],[-121.531784807782,36.9321723515252],[-121.531895300562,36.9321098797597],[-121.531938419696,36.9320998268271],[-121.532102811393,36.932040227271],[-121.532187253029,36.9320158129816],[-121.532385780707,36.9319317990436],[-121.53277564954,36.9317522817716],[-121.532860091177,36.9317271493197],[-121.533053228963,36.9316352362825],[-121.533233790335,36.931528961695],[-121.533346978061,36.93146864362],[-121.533424233176,36.9314327399813],[-121.53353382764,36.9313702676095],[-121.533573353513,36.9313523157691],[-121.533655100204,36.9313228747416],[-121.533768287929,36.9312639926527],[-121.533849136305,36.9312316792918],[-121.534160851709,36.931088782265],[-121.534352192864,36.9309947142269],[-121.534462685644,36.9309329595738],[-121.534524669399,36.9308812579653],[-121.534548923911,36.9308510986775],[-121.534587551469,36.930787189671],[-121.534601026198,36.9307520037907],[-121.534616297558,36.9306823500612],[-121.534690857726,36.9305530955493],[-121.534751943166,36.9304180961584],[-121.534955860735,36.9300612083193],[-121.534988200085,36.9299937082181],[-121.535009759652,36.9299247718829],[-121.535026827642,36.9298917398669],[-121.535076234983,36.9298321385843],[-121.53511486254,36.9297667925463],[-121.53514540526,36.9297000102737],[-121.535308898642,36.9295298229274],[-121.535435561097,36.9294278539557],[-121.535511019581,36.929389076987],[-121.535628698883,36.9293352200532],[-121.535716733781,36.9293201401049],[-121.535759852914,36.9293086506185],[-121.535958380592,36.9292217613216],[-121.536110195875,36.9291449252493],[-121.536480301772,36.9289402680432],[-121.536816271688,36.9287018596577],[-121.536924069523,36.9286379488493],[-121.537700213928,36.9280390517042],[-121.537906826443,36.9279047659671],[-121.538096370968,36.9278071034643],[-121.538173626083,36.9277711981009],[-121.538268847503,36.9277209305638],[-121.538514985891,36.927595261576],[-121.538736869766,36.9274717467118],[-121.538897668202,36.9274056805395],[-121.539062958214,36.9273467954247],[-121.539148298166,36.9273216615203],[-121.539233638118,36.9273022725027],[-121.539256994315,36.9272333337336],[-121.53927316399,36.9271622405627],[-121.539275858936,36.9270200540219],[-121.539298316818,36.9268419614149],[-121.539313588178,36.9267723041127],[-121.539345029213,36.9267048010993],[-121.539434860742,36.9265812847924],[-121.539583082763,36.9264469964875],[-121.539651354725,36.9262028353272],[-121.539683694075,36.9261360499324],[-121.5398085599,36.9259881164841],[-121.539866950393,36.9259328208981],[-121.539930730778,36.9258832702741],[-121.540104105628,36.9257690882786],[-121.540143631501,36.9257518532456],[-121.54023525966,36.9257518532456],[-121.540279277109,36.9257468263602],[-121.540323294558,36.9257367725885],[-121.540443668806,36.9256900943452],[-121.540514635713,36.9256462885832],[-121.540582009359,36.9256168453519],[-121.540679925725,36.9255421600315],[-121.540735621273,36.9254868641221],[-121.540782333668,36.9254258231366],[-121.540846114053,36.9252922509272],[-121.540873961827,36.9251522152952],[-121.540872165196,36.9251170268139],[-121.540856893836,36.9250459316694],[-121.540844317422,36.9249396478955],[-121.540802096604,36.9247651411075],[-121.540753587579,36.9246279770555],[-121.540738316219,36.9245942246069],[-121.540712265076,36.9245647809694],[-121.540643993114,36.9244721411577],[-121.540590992512,36.9244146900551],[-121.540546076748,36.9243773468153],[-121.540424804185,36.9242272555319],[-121.539998104425,36.9238100145749],[-121.539977443173,36.9237791343444],[-121.539922645941,36.9237338911936],[-121.53976094919,36.9235967252863],[-121.539630693474,36.9234990572648],[-121.539575896241,36.9234430417254],[-121.539265079153,36.923185226084],[-121.539238129694,36.9231557819024],[-121.539196807191,36.9230933027475],[-121.539126738599,36.92296188091],[-121.539119552077,36.9229259732647],[-121.539151891427,36.9225726411332],[-121.539186027408,36.9224340368215],[-121.539238129694,36.9222609606173],[-121.539301011764,36.922128101024],[-121.539391741608,36.9218896713354],[-121.539403419707,36.921819291345],[-121.539445640525,36.9217180302245],[-121.539477979875,36.9216153326387],[-121.53954176026,36.9214817537537],[-121.539577692872,36.9214171187254],[-121.539637879996,36.9213230387528],[-121.539750169406,36.9211700687787],[-121.539811254846,36.9210759885014],[-121.539827424521,36.9210429526513],[-121.539913662788,36.9209208635158],[-121.54001607073,36.9207650200412],[-121.540096020791,36.9206802755296],[-121.540223581561,36.9205833219475],[-121.54028287037,36.9205301769687],[-121.540380786736,36.9204576411946],[-121.540523618866,36.92037074181],[-121.540758079155,36.9202658878753],[-121.541076082766,36.9201358975232],[-121.541271017182,36.9200482795917],[-121.541509070733,36.9199498888439],[-121.541771378796,36.9198112797646],[-121.541908821034,36.9197193523607],[-121.542206163393,36.9195010243323],[-121.542356182046,36.91936815993],[-121.542390318026,36.9193437415822],[-121.542499014176,36.9192819774913],[-121.542539438364,36.9192647409918],[-121.542666999134,36.9192288316055],[-121.542832289146,36.9191706583638],[-121.543004765681,36.9191318761779],[-121.543027223563,36.9191239761006],[-121.543046986499,36.9191167942115],[-121.543135021397,36.9191031486201],[-121.543224852925,36.9190981212964],[-121.54334971875,36.9190780119982],[-121.543438651963,36.9190873484588],[-121.543529381807,36.9190830393233],[-121.543842893841,36.9190837575126],[-121.543977641133,36.9190787301875],[-121.544198626693,36.9190449752826],[-121.544369306597,36.9189990111325],[-121.544413324046,36.9189911110415],[-121.544539986501,36.9189552015263],[-121.544748395647,36.9188876915919],[-121.544792413096,36.9188812278717],[-121.544875058102,36.9188539366024],[-121.544989144143,36.9187993540344],[-121.545128383012,36.9187131709528],[-121.54516701057,36.9186959343248],[-121.545271215143,36.9186370424831],[-121.545387996129,36.9185817415659],[-121.545419437164,36.9185587593548],[-121.545679948597,36.9184258933108],[-121.545737440775,36.9183806469836],[-121.546032986503,36.9181529785485],[-121.546391414302,36.9178858084141],[-121.546677078562,36.9176588567045],[-121.546777689874,36.9175877546058],[-121.546852250043,36.9175482534113],[-121.546985200705,36.9174520140517],[-121.547024726577,36.9174290315001],[-121.547095693485,36.9173909666337],[-121.547136117672,36.9173751661177],[-121.547545749442,36.9173773207337],[-121.54758617363,36.9173773207337],[-121.547634682655,36.917378038939],[-121.54790238061,36.9173866574024],[-121.547991313823,36.9173909666337],[-121.548009280129,36.9173909666337],[-121.548064975676,36.9173909666337],[-121.548083840297,36.9173909666337],[-121.548108993125,36.9173909666337],[-121.548126061115,36.9173909666337],[-121.548169180249,36.9174003033009],[-121.548304825857,36.9174110763769],[-121.54839375907,36.9174139491968],[-121.548522218156,36.9174067671466],[-121.548613846315,36.9173852209919],[-121.548770153174,36.9173148368441],[-121.548836628505,36.9172681534449],[-121.548907595413,36.9172250610511],[-121.548989342104,36.9171920235327],[-121.549018986508,36.9171668862808],[-121.5490890551,36.9171237938298],[-121.549566060516,36.9168063453566],[-121.549630739216,36.9167567888015],[-121.549654095414,36.916743142788],[-121.549701706124,36.9167151325419],[-121.549785249445,36.9166871222856],[-121.54981669048,36.9166627030794],[-121.54992538663,36.916598782179],[-121.549990963645,36.9165506619153],[-121.550028692887,36.9165190605315],[-121.550141880613,36.9164221016588],[-121.550395205523,36.9162217195979],[-121.550547020806,36.9161247603472],[-121.55060720793,36.9160881312648],[-121.550644038857,36.9160680211729],[-121.550782379411,36.9159760892566],[-121.550820108653,36.9159566973539],[-121.551260283142,36.9156500173475],[-121.551336639941,36.9156141062591],[-121.551379759075,36.9156033329293],[-121.551511811421,36.9155889684871],[-121.551600744634,36.9155860955984],[-121.551689677848,36.9155882502649],[-121.551955579172,36.915578913376],[-121.5520454107,36.915571731153],[-121.552175666416,36.9155473115896],[-121.552219683865,36.9155422840315],[-121.552306820448,36.9155228920184],[-121.552341854744,36.9155128368986],[-121.552975167019,36.9153541094745],[-121.553079371592,36.9153282533922],[-121.55316740649,36.9153102977744],[-121.553207830678,36.9152959332771],[-121.55324555992,36.9152772594265],[-121.553415341508,36.9152327294566],[-121.553492596623,36.9151989728493],[-121.553559071954,36.9151508517024],[-121.553616564132,36.9150977029377],[-121.553653395059,36.9150761561306],[-121.553681242832,36.9150481452723],[-121.553727955227,36.914987814158],[-121.553777362568,36.9148879804235],[-121.553831261485,36.9147910194772],[-121.553976788561,36.914658146869],[-121.554498709741,36.9142207429724],[-121.554614592413,36.9141130076375],[-121.554680169428,36.91404477518],[-121.554738559922,36.9139909074073],[-121.554838272918,36.9138731164117],[-121.55485893417,36.9138407956799],[-121.554890375205,36.9137747176967],[-121.554934392654,36.9137122308556],[-121.554946070753,36.9136777553351],[-121.555029614074,36.9135520632014],[-121.555098784351,36.9134608464947],[-121.55511225908,36.9134378627403],[-121.555156276529,36.9133638837341],[-121.555500331283,36.9129042067472],[-121.55555602683,36.912848901673],[-121.555580281343,36.9128187352519],[-121.555612620693,36.9127526563833],[-121.555732096626,36.9126018239687],[-121.555784198913,36.9125436456719],[-121.555840792775,36.912489776839],[-121.555917149575,36.912402868375],[-121.55601326931,36.9122829201672],[-121.556068964858,36.9122283328963],[-121.556115677252,36.9121687178059],[-121.556180355953,36.9120760629343],[-121.556319594822,36.9119381578008],[-121.55680378676,36.9115632269586],[-121.557075077976,36.9113750425846],[-121.55716760445,36.9112981885274],[-121.557331097832,36.9111739289999],[-121.557366132128,36.9111516628205],[-121.557555676653,36.911056851919],[-121.557703000359,36.910974969682],[-121.557966206738,36.9108377808247],[-121.557996749457,36.9108119232113],[-121.558065919734,36.9107659540994],[-121.558328227797,36.9105713033339],[-121.558452195306,36.9104678724668],[-121.558522263899,36.9103759338005],[-121.558577061131,36.9103199086214],[-121.558662401083,36.9101561424773],[-121.55876391071,36.9099219850115],[-121.5588573355,36.9095010743852],[-121.558925607461,36.9092230997119],[-121.558960641757,36.9091196670168],[-121.558965133334,36.9090492752413],[-121.55901723562,36.9085910088293],[-121.559021727197,36.908486138699],[-121.559020828881,36.9083798318444],[-121.558966031649,36.907856196595],[-121.55895255692,36.9072908963448],[-121.558945370397,36.9072312773956],[-121.558956150181,36.9071960806448],[-121.558966031649,36.9070186600412],[-121.558996574369,36.9067011695102],[-121.559098982311,36.9062421706829],[-121.559106168833,36.9062112833386],[-121.5591277284,36.9061423255018],[-121.559170847534,36.905967057386],[-121.559186118894,36.9059332966781],[-121.559206780145,36.9058650569038],[-121.559227441397,36.9057587463969],[-121.5592687639,36.9056589005832],[-121.559302001565,36.9055928155123],[-121.559338832492,36.9054908145298],[-121.559371171842,36.9054247293133],[-121.559425070759,36.9052896854322],[-121.559499630928,36.9050490481366],[-121.559534665224,36.9049463281046],[-121.55955442816,36.9049140035905],[-121.559593055717,36.9048120017004],[-121.559625395067,36.9047092813493],[-121.559708938389,36.9046259556483],[-121.559798769917,36.9045469398132],[-121.559821227799,36.9045160517827],[-121.559894889653,36.9043120468021],[-121.559928127318,36.9042452422357],[-121.559991907703,36.9040017283209],[-121.560008975694,36.90389613355],[-121.560029636945,36.9038271736207],[-121.560062874611,36.9036497451827],[-121.560099705538,36.9034953030891],[-121.560114078582,36.9034622596239],[-121.560140129725,36.9032848303374],[-121.560158994346,36.9030722019849],[-121.56016977413,36.9027539766884],[-121.560173367391,36.9023653521221],[-121.560168875814,36.9022949541146],[-121.560185943805,36.9020471238776],[-121.56018504549,36.9019063272105],[-121.560138333095,36.9009193065459],[-121.560121265104,36.9007066716017],[-121.560071857764,36.9002483550788],[-121.56005928135,36.9002131551066],[-121.559987416127,36.8996118796052],[-121.559970348137,36.8993640406541],[-121.559958670038,36.8988662051982],[-121.55996405993,36.8987239659001],[-121.559963161614,36.8985458072132],[-121.559991907703,36.8979409266329],[-121.560021552108,36.8978008407792],[-121.560032331891,36.8977297201704],[-121.560060179665,36.8975881971457],[-121.560088027439,36.8974481106444],[-121.560107790375,36.8973791448878],[-121.56017157076,36.897246241952],[-121.560258707343,36.8971212411416],[-121.560272182072,36.8971111835963],[-121.562900652593,36.8962519769706],[-121.562942873412,36.8962649082457],[-121.563076722389,36.8962828683463],[-121.563121638153,36.8962850235582],[-121.563257283761,36.8962749659026],[-121.563392031054,36.8962728106905],[-121.563793577986,36.8963230989565],[-121.563836697119,36.8963353118161],[-121.563880714568,36.89634034064],[-121.564106191705,36.8963446510603],[-121.564284058131,36.8963697951738],[-121.56459667185,36.8963863184439],[-121.565045829492,36.8964308594149],[-121.565219204342,36.8964667795338],[-121.565639615895,36.8965853158065],[-121.565814787375,36.8966133334441],[-121.565898330696,36.8966413510714],[-121.566140875823,36.8967340246883],[-121.566219029253,36.8967699446646],[-121.566292691106,36.896810175018],[-121.566361861383,36.8968547157416],[-121.566394200733,36.8968812964837],[-121.566468760902,36.8969200899825],[-121.566554100854,36.8969416419178],[-121.566923308436,36.8970731085911],[-121.567509908316,36.8971068732193],[-121.567689571373,36.8971119019924],[-121.567868336115,36.8971327354776],[-121.567954574382,36.897150695374],[-121.56804260928,36.8971629081011],[-121.568356121314,36.8971779944085],[-121.568489071976,36.8971909255267],[-121.568576208558,36.8972060118284],[-121.56870736259,36.8972218165224],[-121.568793600857,36.8972261268929],[-121.569105316261,36.8972297188681],[-121.569191554528,36.8972369028181],[-121.569281386056,36.8972369028181],[-121.569505066562,36.8972182245468],[-121.569774561147,36.8972067302237],[-121.569864392676,36.8972153509662],[-121.569998241653,36.8972189429419],[-121.570514772942,36.8972182245468],[-121.570601011209,36.8972002646662],[-121.571131915542,36.8971248331218],[-121.571304392076,36.8970917868979],[-121.571394223605,36.8970752637806],[-121.571478665241,36.8970522750896],[-121.571519089429,36.8970357519638],[-121.571595446228,36.8969969585238],[-121.571634972101,36.8969818721807],[-121.571710430585,36.8969430787132],[-121.571777804231,36.8968971012448],[-121.571853262715,36.8968590261329],[-121.572096706157,36.8967002598952],[-121.572203605676,36.8966363222672],[-121.572281759105,36.896601120629],[-121.572314996771,36.8965766949929],[-121.57238955694,36.8965379013195],[-121.572433574388,36.8965299989022],[-121.572559338528,36.8964919236071],[-121.572634797012,36.8964531298906],[-121.572826138168,36.8963029836541],[-121.572949207362,36.8962002518483],[-121.573153124931,36.8960113111733],[-121.573188159227,36.8959890405686],[-121.573415432994,36.8958202148056],[-121.573483704956,36.8957749550695],[-121.573681334318,36.8956312731897],[-121.573740623127,36.8955802660573],[-121.573776555738,36.8955587137376],[-121.573807098458,36.8955321325349],[-121.573831352971,36.8955019592667],[-121.573912201346,36.8954179050992],[-121.573942744066,36.8953920422598],[-121.573996642983,36.8953360060777],[-121.574081982935,36.8952110021387],[-121.574171814463,36.8950500772261],[-121.574196068976,36.8949818277188],[-121.57424098474,36.8948079708032],[-121.574272425775,36.8947433131716],[-121.574352375835,36.894616153003],[-121.574384715186,36.8945500583684],[-121.574391901708,36.894514855768],[-121.574468258507,36.8943869767969],[-121.574493411335,36.8943201635415],[-121.574512275956,36.8942878345259],[-121.574516767532,36.8942533502275],[-121.574553598459,36.8941139760296],[-121.574614683898,36.893945146119],[-121.574646124933,36.8938790509034],[-121.574670379446,36.8938108003489],[-121.574781770541,36.8935809032954],[-121.574830279566,36.893521273634],[-121.574939874031,36.8934091984817],[-121.5750144342,36.8933222682824],[-121.57504677355,36.8932992784611],[-121.575106062359,36.8932461144727],[-121.575265064164,36.8931239808457],[-121.575401608087,36.8930327397144],[-121.575443828906,36.8930190894571],[-121.575595644189,36.8929831677155],[-121.575639661638,36.8929759833652],[-121.57572500159,36.8929996917187],[-121.575762730831,36.8930190894571],[-121.575796866812,36.8930427977972],[-121.575918139376,36.8931469707198],[-121.576114870423,36.8933387922122],[-121.576146311458,36.8933646557474],[-121.576228956464,36.8933890824114],[-121.57635921218,36.8934178196532],[-121.576446348763,36.8934329067008],[-121.576528993769,36.8934609254955],[-121.576711351771,36.8935629425589],[-121.576741894491,36.893588806018],[-121.576817352975,36.8936771727708],[-121.576862268739,36.8937389575941],[-121.576907184503,36.893838100578],[-121.576917065972,36.8938718666374],[-121.57696108342,36.8939717278744],[-121.577017677283,36.8940679968569],[-121.577042830111,36.8940967338431],[-121.577070677885,36.8941649841419],[-121.577239561159,36.8943733267818],[-121.577321307849,36.8944581005207],[-121.577600683903,36.8946887133511],[-121.577737227826,36.8947821077571],[-121.577810889679,36.8948223391583],[-121.577916890883,36.8948877151401],[-121.578049841545,36.8949839829673],[-121.578196266936,36.8951190450873],[-121.578404676082,36.8953022406661],[-121.578457676684,36.8953589952856],[-121.578666984145,36.8955421902884],[-121.578753222412,36.8956226522683],[-121.578805324699,36.8956808434688],[-121.57888886802,36.8957627421202],[-121.578920309055,36.8957878864254],[-121.578994869224,36.8958769690399],[-121.579082904122,36.8960019718882],[-121.579113446841,36.8960680652655],[-121.579136803039,36.89609823831],[-121.579259872233,36.8962878971738],[-121.579290414952,36.8963539903035],[-121.57931377115,36.8963848816379],[-121.579367670067,36.8964401986475],[-121.579387433003,36.8964718083492],[-121.579495230837,36.8965838790044],[-121.579619198346,36.8967311510895],[-121.579659622534,36.8968317269843],[-121.579684775362,36.8969358947356],[-121.579689266938,36.8969718146169],[-121.579709029875,36.8970400623448],[-121.579827607492,36.8973777081006],[-121.579859048527,36.8974438002865],[-121.579897676084,36.8975436568501],[-121.579918337336,36.8976119040666],[-121.579939896903,36.8977519902671],[-121.57999379582,36.897994805739],[-121.580079135772,36.8981593163741],[-121.5801042886,36.8981880518198],[-121.580152797625,36.8982857522544],[-121.580319884268,36.8984948020288],[-121.580348630357,36.8985221005824],[-121.580618124942,36.8987110350416],[-121.580902890887,36.8989387615058],[-121.58135384516,36.8991521197531],[-121.581455354787,36.9002519469117],[-121.581452659841,36.9004006486488],[-121.58144906658,36.9005536602787],[-121.581438286796,36.9012267641336],[-121.581425710383,36.9019760072261],[-121.58124335238,36.9136109589698],[-121.581159809058,36.9188898461652],[-121.581154419167,36.9192518136147],[-121.583528666463,36.9192518136147],[-121.590153741683,36.9192518136147],[-121.590320828326,36.9250222332732],[-121.590354065991,36.9261511305106],[-121.596418592474,36.9261137881212],[-121.60715525675,36.9260513113903],[-121.609917576249,36.9283112129805],[-121.615355976979,36.9327611633515],[-121.615550911396,36.9329198545411],[-121.621119567842,36.9374772383369],[-121.624755049797,36.940451202565],[-121.624737981806,36.9402070862622],[-121.624729896969,36.9400936437142],[-121.624410995043,36.9396147419823],[-121.624234925247,36.9390719351809],[-121.624048075668,36.9384939422066],[-121.62468587952,36.9389268988466],[-121.626054912013,36.9398452183039],[-121.626054912013,36.9397971127118],[-121.626923582893,36.9399443013681],[-121.629532290478,36.9403851476426],[-121.630401859673,36.9405323351631],[-121.630460250166,36.9405438229576],[-121.631700823574,36.9394610907139],[-121.631856232118,36.939252871211],[-121.637054782667,36.9390532671534],[-121.637756366904,36.9385506646925],[-121.638069878938,36.9382929001445],[-121.638855904812,36.9376509980101],[-121.639055330805,36.9376840266635],[-121.639455979421,36.9377508019408],[-121.63965630373,36.9378513237532],[-121.640356091336,36.9375511939487],[-121.642256028162,36.9363506629103],[-121.641856277861,36.9349512161958],[-121.641967668956,36.9349339832387],[-121.641344238149,36.933141016372],[-121.641025336223,36.932224052258],[-121.641414306741,36.9322319509779],[-121.642875865708,36.9322642639148],[-121.64574418641,36.9323281716828],[-121.645790898805,36.9323303258763],[-121.646808690022,36.9338763030404],[-121.647218321791,36.9345512669797],[-121.648446318785,36.9365761229329],[-121.648855950554,36.9372510629621],[-121.64999770928,36.9384738380243],[-121.653055574508,36.9417507497192],[-121.653226254412,36.9422626646953],[-121.653756260429,36.9438507997895],[-121.654056297734,36.9447511112207],[-121.652856148515,36.9457512054648],[-121.652271345265,36.947627872368],[-121.653675412054,36.9477168944391],[-121.654038331428,36.9505842109913],[-121.655119004715,36.9510501217894],[-121.657557032396,36.9506509749631],[-121.658357431315,36.9505511879298],[-121.658956607609,36.9506509749631],[-121.660094773074,36.9511319609882],[-121.661557230357,36.9517507773469],[-121.663256842874,36.9518512806893],[-121.663269419288,36.9522712396495],[-121.66330714853,36.9535066952326],[-121.663762594379,36.954233888946],[-121.664330329639,36.9551398204631],[-121.663645813392,36.956485058634],[-121.663256842874,36.9572509867197],[-121.662996331442,36.9584870793408],[-121.662857092573,36.9591510580921],[-121.66395663048,36.9606512698432],[-121.664105750818,36.9618959206992],[-121.664256667785,36.9631513178203],[-121.664362668989,36.963263290486],[-121.664680672599,36.9636006430346],[-121.664786673803,36.9637140505769],[-121.666117977054,36.9643342002259],[-121.666129655153,36.9643399423286],[-121.66993042712,36.9636408381322],[-121.670413720743,36.9638547331162],[-121.671756702092,36.9644511954844],[-121.671962416293,36.9644088475281],[-121.672257063706,36.9643507087701],[-121.672379234584,36.9646557573143],[-121.672457388014,36.9648509877412],[-121.672578660577,36.9652177611966],[-121.672656814007,36.965451031066],[-121.673570400651,36.9653799735507],[-121.673956676223,36.9653512634247],[-121.674411223757,36.9653512634247],[-121.674757075141,36.9653512634247],[-121.675679644938,36.9657768899331],[-121.676092869969,36.9659678110002],[-121.67649262027,36.9658199548773],[-121.677234628695,36.9655472098195],[-121.677195102822,36.9660352792327],[-121.677161865157,36.9664609019168],[-121.677255289947,36.966503966474],[-121.677356799574,36.9665513374588],[-121.677356799574,36.9667479985048],[-121.677356799574,36.9668513530114],[-121.678061977072,36.9676329669246],[-121.678257809804,36.9678497216114],[-121.681109960831,36.9675583227836],[-121.682158294767,36.967450662836],[-121.682846404275,36.9672669228405],[-121.683657582976,36.9670508842315],[-121.684949360355,36.9671800768288],[-121.685658131114,36.9672511326639],[-121.686455835086,36.967409752016],[-121.686657956025,36.967450662836],[-121.687758392248,36.9669511186869],[-121.688761810421,36.9671743349402],[-121.689557717763,36.9673508978153],[-121.689714922937,36.9673508978153],[-121.690157792372,36.9673508978153],[-121.690177555309,36.9673709943768],[-121.690289844719,36.9674829608363],[-121.691773861568,36.9678432620436],[-121.692353274927,36.9679982915203],[-121.693302794182,36.9682301174174],[-121.693577678659,36.9685042883101],[-121.694032226193,36.9689571705276],[-121.694721234016,36.9694373232164],[-121.695210815846,36.9699167551662],[-121.695830653392,36.9704500120062],[-121.696589729807,36.9711239342162],[-121.697149380229,36.9714878066667],[-121.697829404899,36.9720978453339],[-121.698129442204,36.9726052502416],[-121.698257901289,36.9733846520401],[-121.698308206945,36.9740477831974],[-121.698427682878,36.974984338463],[-121.69811866242,36.9759481530359],[-121.697898575176,36.9767562264349],[-121.697885100446,36.976817943944],[-121.697679386246,36.9777451358457],[-121.697288619098,36.9784878859143],[-121.696920309831,36.9791000213423],[-121.696197166027,36.9797781726611],[-121.696200759289,36.979933895444],[-121.696216030648,36.9804032147146],[-121.696222318855,36.9805596538281],[-121.696658001768,36.9813497381984],[-121.695258426556,36.9827497676454],[-121.695264714763,36.9829298823261],[-121.695358139552,36.9851500657172],[-121.699658374817,36.9862500873296],[-121.701158561342,36.986150346952],[-121.70218174245,36.9861733087771],[-121.705244099254,36.986245064436],[-121.705386931384,36.9879320204754],[-121.705509102263,36.9893599123454],[-121.707299444624,36.9897186749335],[-121.70848881406,36.9900329495702],[-121.709029599861,36.9902661433815],[-121.709810235843,36.9906026587289],[-121.709859643184,36.9897602912842],[-121.710027628142,36.9897516810066],[-121.710531583016,36.9897280027382],[-121.710699567974,36.9897201099805],[-121.711375101068,36.9905811332715],[-121.71125472682,36.990970025596],[-121.710995113703,36.9918188371762],[-121.710404920561,36.9923411780557],[-121.710917858588,36.9930658483349],[-121.712858219602,36.9931132027861],[-121.714360202757,36.9931497948418],[-121.714580290002,36.993119660209],[-121.714660240062,36.9931297050879],[-121.714909971711,36.9932201089386],[-121.71523965342,36.9933499745996],[-121.715299840544,36.9933901539858],[-121.715469622133,36.9934497055368],[-121.71577504933,36.9935759833704],[-121.716129883867,36.9937201981398],[-121.716459565576,36.9938601077293],[-121.716850332725,36.9940000170614],[-121.717090182906,36.9940703303722],[-121.717190794217,36.9941578631784],[-121.717329134771,36.9942992069234],[-121.717518679296,36.9945223429605],[-121.717613002401,36.9946070053371],[-121.717521374242,36.994906192811],[-121.717625578815,36.9949707654927],[-121.717699240668,36.9950432303257],[-121.717783682305,36.9951580259595],[-121.717818716601,36.9952721039489],[-121.717854649212,36.9954170329716],[-121.717858242473,36.9955038467589],[-121.71787800541,36.9955612442498],[-121.717924717804,36.9955440250071],[-121.730470589062,36.9908222180464],[-121.731612347789,36.9900559102233],[-121.731875554167,36.9898679196718],[-121.732312135395,36.9896641431292],[-121.73262924069,36.989715087316],[-121.733231111931,36.9898090828387],[-121.734014442858,36.9894230546837],[-121.734138410368,36.9893613473992],[-121.734291123966,36.9893678051406],[-121.734689077637,36.9893362339551],[-121.735670037927,36.9896411823578],[-121.736385096893,36.9893670876138],[-121.738641664887,36.9899762654281],[-121.738697360434,36.9899913333687],[-121.738656936247,36.9900437123773],[-121.738627291842,36.9900853285501],[-121.737205258748,36.9903902739495],[-121.736198247314,36.9906048112743],[-121.735349339371,36.9909190822497],[-121.735042115543,36.9910001610805],[-121.734852571018,36.9910496693506],[-121.734908266566,36.9912749674484],[-121.735037623967,36.9917829619842],[-121.734828316506,36.992229965669],[-121.734598347793,36.9924201028766],[-121.734184224447,36.9927659361262],[-121.733522166083,36.992745128776],[-121.733093669692,36.9927128414971],[-121.732525036117,36.9927293438858],[-121.732307643819,36.9927623486524],[-121.732126184131,36.9927228864298],[-121.731327581844,36.9927092540208],[-121.730705049352,36.992946027092],[-121.730150788821,36.9933262974515],[-121.729806734068,36.9935551762418],[-121.729671986775,36.9938507804314],[-121.729661206991,36.9945402799126],[-121.72900813178,36.995346720906],[-121.728788044535,36.9959931589791],[-121.728346073416,36.9968196733498],[-121.728959622755,36.9972501460268],[-121.729624376065,36.9978721747401],[-121.727579810478,36.9996937497418],[-121.719412327915,37.0069767439121],[-121.718943407337,37.0073956813773],[-121.718867948853,37.0074616781647],[-121.718761947649,37.0075570864627],[-121.718870643799,37.0075951062773],[-121.721383231648,37.0084738608456],[-121.721635658243,37.0085642464535],[-121.722395632974,37.0088339679463],[-121.722649856199,37.008924353126],[-121.723577815887,37.0096646467434],[-121.726565612522,37.0120540530131],[-121.727269891705,37.0108166784776],[-121.727815169083,37.0098619136903],[-121.7361856709,37.0153421434454],[-121.734639670296,37.0175857674719],[-121.731530601098,37.0221000710723],[-121.731313208799,37.0224170807247],[-121.730439148028,37.0222176947176],[-121.730813745501,37.0203242187863],[-121.728690128169,37.0199261525023],[-121.728314632381,37.0209216729165],[-121.72780618593,37.0208671634907],[-121.726279049947,37.0207043522099],[-121.725770603496,37.0206498426282],[-121.725781383279,37.0206778146553],[-121.72581372263,37.0207638823662],[-121.725820010837,37.020779661436],[-121.725826299044,37.0207932888118],[-121.726059861017,37.0212602042639],[-121.726579985567,37.0218899259356],[-121.726669817095,37.0219702545207],[-121.726780309875,37.0220900300209],[-121.726915057168,37.0221947437767],[-121.726959972932,37.0222298874021],[-121.727230365833,37.0224199495842],[-121.72748997895,37.0225899293218],[-121.727819660659,37.0227498677148],[-121.729039572815,37.0232203571791],[-121.729249778591,37.0233300898212],[-121.729890277389,37.0235603126922],[-121.730389740687,37.0237697360062],[-121.731090426609,37.0240501615261],[-121.731833333348,37.0243391923725],[-121.732039945864,37.0244202355639],[-121.733029889307,37.0247903077987],[-121.733509589669,37.0249796463846],[-121.733622777394,37.025026263767],[-121.733965035518,37.0251639641757],[-121.734080019874,37.0252098642565],[-121.735239744906,37.0256638432494],[-121.735839819516,37.0258997965044],[-121.736609675714,37.026190254672],[-121.737439719037,37.0265201564288],[-121.738639868256,37.0269698245595],[-121.738729699785,37.0270078346622],[-121.7390773478,37.0271570062024],[-121.739130348401,37.0271799556441],[-121.739319892926,37.0273097632933],[-121.739764558992,37.0276841244425],[-121.740541601713,37.0284271039407],[-121.740805706406,37.0286788260414],[-121.740880266575,37.0287498244317],[-121.74178037849,37.0296297686707],[-121.742379554784,37.0302400581582],[-121.742589760561,37.0305498624609],[-121.742770321933,37.0308897851724],[-121.742990409177,37.0312698657276],[-121.743439566819,37.0320300211317],[-121.743452143233,37.0320529691011],[-121.743923758757,37.0329228354514],[-121.744140252741,37.0333201165213],[-121.744335187158,37.0336722176817],[-121.746360888123,37.0347493072264],[-121.746827113756,37.0357489359181],[-121.747558342397,37.0373150422161],[-121.747761361651,37.0377488708941],[-121.752355346014,37.0437999847192],[-121.752969793669,37.0446102050817],[-121.753020099324,37.0446797545682],[-121.753119812321,37.0449500648539],[-121.753213237111,37.0451357681795],[-121.753300373693,37.0453099990718],[-121.753380323753,37.0455000034985],[-121.753439612562,37.0455702691661],[-121.753990279831,37.0459897108286],[-121.754060348423,37.0460599760428],[-121.75408011136,37.0461101654417],[-121.75408011136,37.0461997892858],[-121.754029805704,37.0463503571057],[-121.754010042768,37.0464399806662],[-121.754019924236,37.0465102454637],[-121.754039687172,37.0465797932093],[-121.754109755764,37.0467102846839],[-121.75424001148,37.046860134507],[-121.754489743129,37.0471096445609],[-121.754610117377,37.0472100219375],[-121.754660423033,37.0473096822015],[-121.754709830374,37.0474502101212],[-121.754719711842,37.047470285517],[-121.754779898966,37.0476997182355],[-121.754820323154,37.0479198295978],[-121.75484008609,37.0482998249102],[-121.754879611963,37.0484002007128],[-121.75492003615,37.0484496715953],[-121.755079936271,37.0485400096453],[-121.755290142047,37.0486798183202],[-121.75536021064,37.0489200018527],[-121.755479686572,37.0490296973626],[-121.755619823757,37.0490999597627],[-121.755846199208,37.0491178838339],[-121.755869555406,37.0491200347222],[-121.756180372494,37.0491099972431],[-121.756376205226,37.049165920324],[-121.756389679955,37.0491702220978],[-121.756560359859,37.0492096550124],[-121.75680021004,37.0491802595689],[-121.756909804505,37.0492397674061],[-121.757599710643,37.0496297935219],[-121.757700321955,37.0494699117353],[-121.757909629416,37.0490196598716],[-121.757979698008,37.0489400768599],[-121.758119835192,37.0488296642551],[-121.758199785253,37.048790231143],[-121.760678237122,37.0476000584836],[-121.761336702225,37.047709755901],[-121.761989777436,37.047820170135],[-121.762420070457,37.0480101682784],[-121.762540444706,37.0480897522651],[-121.762609614982,37.0481800907435],[-121.762659920638,37.048259674552],[-121.762677886944,37.0482819006458],[-121.762700344826,37.0483098624965],[-121.762739870699,37.0483399752472],[-121.762780294886,37.0483600504078],[-121.763079433876,37.0483600504078],[-121.763189926656,37.0483600504078],[-121.763320182372,37.0483500128281],[-121.763390250964,37.048370087986],[-121.763499845429,37.0484102382858],[-121.763719932674,37.0485098969739],[-121.763799882734,37.0485400096453],[-121.763869951326,37.0485901974044],[-121.763880731109,37.0486031028228],[-121.763949901386,37.0486798183202],[-121.764039732915,37.0488103061844],[-121.764090038571,37.0488999268404],[-121.764129564443,37.0489601518617],[-121.764179870099,37.0489902643544],[-121.764429601748,37.0490698473135],[-121.76453021306,37.0491200347222],[-121.764680231712,37.0492196924783],[-121.764799707645,37.0493401419657],[-121.764850911616,37.0494233093574],[-121.764879657705,37.0494699117353],[-121.764920081893,37.0496097186973],[-121.764902115587,37.0496742449006],[-121.764869776237,37.0497301675657],[-121.764820368897,37.049770317146],[-121.764773656502,37.049773901929],[-121.76461016312,37.0497896749718],[-121.764470025936,37.0497896749718],[-121.764370312939,37.0498197871354],[-121.764279583096,37.0498599366684],[-121.764230175755,37.0499101235547],[-121.764129564443,37.0500800417662],[-121.764090936886,37.0501180403015],[-121.763910375514,37.0503001462256],[-121.763830425454,37.0503596531848],[-121.76365974555,37.0504299143537],[-121.763540269617,37.0505001754576],[-121.763439658305,37.0505496449713],[-121.763390250964,37.0505998314015],[-121.763320182372,37.0506600550739],[-121.763279758184,37.0507202786986],[-121.76325011378,37.0509597388286],[-121.76321957106,37.0517698827682],[-121.763230350844,37.0518401426316],[-121.763279758184,37.0518903282084],[-121.763390250964,37.0519598710243],[-121.763830425454,37.0521398217263],[-121.764140344227,37.0522602665794],[-121.764320007283,37.0523599202121],[-121.764479907404,37.0524402165692],[-121.764708977801,37.0524588567828],[-121.764850013301,37.0524703276812],[-121.765189576478,37.0525197959106],[-121.765380019319,37.0525599440152],[-121.765442003073,37.0525771503393],[-121.765629750968,37.0526302031471],[-121.76581031234,37.0527097822894],[-121.765929788273,37.0527900782763],[-121.766270249765,37.0530302488013],[-121.766549625819,37.0531499753165],[-121.766960155903,37.0532797385717],[-121.767229650489,37.0533198862743],[-121.767340143269,37.0533198862743],[-121.767459619201,37.0532897754993],[-121.767640180573,37.0532001600271],[-121.767860267818,37.0531098275241],[-121.767919556627,37.0530797166658],[-121.768729837013,37.0530596427537],[-121.768910398385,37.0530696797104],[-121.769399980215,37.0532302708376],[-121.76962006746,37.0532596647125],[-121.770039580697,37.0532897754993],[-121.770329736534,37.0532797385717],[-121.77045999225,37.0532596647125],[-121.770549823779,37.0532202339021],[-121.770779792491,37.0530101748761],[-121.770970235332,37.0529098051703],[-121.771310696824,37.0528223400328],[-121.771520004286,37.0527599672911],[-121.771710447126,37.0527398932944],[-121.772289860484,37.0527198192924],[-121.772480303324,37.0526603141837],[-121.772659966381,37.0526201661323],[-121.772950122218,37.0526201661323],[-121.773110022338,37.0526603141837],[-121.773419941112,37.0527499302934],[-121.773790047009,37.0528696572509],[-121.774070321377,37.0529499530686],[-121.77422034003,37.0529700270097],[-121.77438024015,37.0530001379115],[-121.774579666143,37.0530101748761],[-121.774879703448,37.0529700270097],[-121.775050383352,37.0529599900398],[-121.775169859285,37.0529599900398],[-121.775259690813,37.0529800639783],[-121.775329759406,37.0530202118394],[-121.775450133654,37.0530797166658],[-121.775509422462,37.0531270337234],[-121.775639678179,37.0532302708376],[-121.775689983834,37.0532596647125],[-121.775760052427,37.0533700708726],[-121.775810358083,37.0534998337514],[-121.775910071079,37.0538002232108],[-121.775970258203,37.054089857745],[-121.776009784076,37.054449748621],[-121.776030445327,37.0545802265648],[-121.776042123426,37.0547530019584],[-121.776050208263,37.0548598214032],[-121.776089734136,37.0549200416952],[-121.776169684196,37.0549702252353],[-121.776280176976,37.0550297285326],[-121.776399652909,37.0550498019236],[-121.77655955303,37.0550698753093],[-121.776720351465,37.0550799120002],[-121.776823657723,37.0550978346591],[-121.776950320178,37.0551200587503],[-121.777209933295,37.0551802788357],[-121.777490207664,37.0552498186367],[-121.777669870721,37.0553401485924],[-121.777759702249,37.0554197248928],[-121.777830669157,37.0555129222557],[-121.777889957965,37.0555903476702],[-121.778059739554,37.0558498656127],[-121.778257368916,37.0560649350582],[-121.779158379146,37.0560591998809],[-121.781017891785,37.0567366647012],[-121.781549694433,37.0569911605047],[-121.781592813566,37.0570420595629],[-121.781617966394,37.0571087301087],[-121.781629644493,37.0571402731422],[-121.781660187213,37.0575302586549],[-121.781769781677,37.0577596609614],[-121.781880274457,37.0580299246639],[-121.781939563266,37.0581998246949],[-121.782009631858,37.0583596880897],[-121.78211024317,37.0584801230705],[-121.782389619223,37.058741781745],[-121.782420161943,37.0587697397418],[-121.78267977506,37.0590399998463],[-121.782930405024,37.0593202951181],[-121.782989693833,37.059369758882],[-121.783080423677,37.0594600839331],[-121.783250205266,37.0595697642076],[-121.783460411042,37.0597203055028],[-121.783630192631,37.0598199493387],[-121.783930229936,37.0600299895136],[-121.784129655929,37.0602299930987],[-121.784300335833,37.0604299961565],[-121.784509643294,37.0606601065493],[-121.784690204666,37.0607697850891],[-121.784789917663,37.0608199647603],[-121.784889630659,37.0608500725471],[-121.784980360503,37.0608701443983],[-121.785109717904,37.0609102880848],[-121.785130379155,37.0609253419618],[-121.785220210684,37.0609898585435],[-121.78531992368,37.0610801816658],[-121.785419636677,37.0612300031155],[-121.785580435113,37.0614902186146],[-121.785799624042,37.0617998954007],[-121.785939761226,37.0619296438636],[-121.786040372538,37.0619898585444],[-121.786159848471,37.0620400374086],[-121.786291900818,37.0620873488788],[-121.786469767244,37.0621497139534],[-121.786559598772,37.0621597497078],[-121.786740160144,37.0621597497078],[-121.787069841854,37.0620902162396],[-121.787270166162,37.0620701447112],[-121.787410303346,37.062060108945],[-121.787550440531,37.0620701447112],[-121.787720222119,37.0621002520019],[-121.78788012224,37.0621497139534],[-121.788010377956,37.0622099284596],[-121.788119972421,37.062270142918],[-121.788180159545,37.0623203215968],[-121.788219685417,37.062389854854],[-121.788219685417,37.0624500691696],[-121.788250228137,37.0626601020629],[-121.788279872541,37.0627303518428],[-121.788320296729,37.0627697777112],[-121.78844965413,37.0628099203925],[-121.788770352687,37.0628400273896],[-121.788829641495,37.0628600987143],[-121.788899710087,37.0628902056915],[-121.788979660148,37.0629597384263],[-121.78916022152,37.063189841146],[-121.789230290112,37.0632600904354],[-121.789300358704,37.0632901972538],[-121.789359647513,37.0633002328573],[-121.789709990474,37.0633102684594],[-121.78976029613,37.0633303396597],[-121.789860009126,37.0633998719912],[-121.790039672183,37.0635898311284],[-121.790140283495,37.0636299733758],[-121.790199572304,37.0636299733758],[-121.790469965204,37.0635998666923],[-121.790616390595,37.0636650978249],[-121.790649628261,37.0636801511552],[-121.790709815385,37.0637002222576],[-121.790830189633,37.0637002222576],[-121.790990089754,37.0636901867071],[-121.79104039541,37.0636901867071],[-121.791079921282,37.0637102578068],[-121.791229939934,37.0638299674703],[-121.791319771463,37.0638600740625],[-121.791409602991,37.0638801451174],[-121.792112983859,37.0638801451174],[-121.792149814785,37.0638801451174],[-121.79224413789,37.0638959152281],[-121.792330376158,37.0639102516896],[-121.792529802151,37.0639597124611],[-121.792619633679,37.0639597124611],[-121.792829839455,37.0639797834896],[-121.792880145111,37.0639898190018],[-121.79296997664,37.0640399965431],[-121.793190063884,37.0641898121476],[-121.793379608409,37.0642700959861],[-121.793550288313,37.0643102378735],[-121.793690425498,37.0643002024037],[-121.793829664367,37.0642700959861],[-121.793950038615,37.0642299540774],[-121.794070412863,37.0641496701965],[-121.79413958314,37.0640801385523],[-121.794220431515,37.063969747976],[-121.794269838856,37.0638701095906],[-121.794300381576,37.0638299674703],[-121.794369551852,37.06376975425],[-121.794530350288,37.063749683166],[-121.794669589157,37.063749683166],[-121.794959744994,37.0637797897901],[-121.795019932118,37.0637797897901],[-121.795179832239,37.0637102578068],[-121.795196001914,37.0637059568573],[-121.795269663767,37.0636901867071],[-121.795450225139,37.0636600800474],[-121.795639769664,37.0636099022548],[-121.795729601193,37.0635797955633],[-121.795760143912,37.0635797955633],[-121.795820331036,37.063559724429],[-121.795890399628,37.063559724429],[-121.795949688437,37.0635697599968],[-121.796089825622,37.0636299733758],[-121.79637009999,37.0637396476219],[-121.796489575923,37.0637597187086],[-121.796680018763,37.0637797897901],[-121.796759968824,37.0637998608661],[-121.79693963188,37.0638901806428],[-121.797430112025,37.0641797766618],[-121.797490299149,37.0642299540774],[-121.797769675203,37.0645596905547],[-121.797829862327,37.0645998322889],[-121.7981397811,37.064759682198],[-121.798429936937,37.0649302839717],[-121.798609599993,37.0650198855899],[-121.799100080139,37.0652198760199],[-121.79941988038,37.0653403001105],[-121.799550136096,37.0653797246225],[-121.79969027328,37.0653997952753],[-121.799959767866,37.0654098305996],[-121.80017985511,37.0654198659227],[-121.800230160766,37.0654299012444],[-121.800310110826,37.065470042518],[-121.800329873763,37.0655001484593],[-121.800470010947,37.0656901023372],[-121.800840116844,37.0660399029507],[-121.80085987978,37.0661101496007],[-121.800869761248,37.066219820261],[-121.800900303968,37.0662900667443],[-121.800949711309,37.0663796667563],[-121.801200341273,37.0667101106854],[-121.801370122862,37.066890026406],[-121.801389885798,37.0669602722687],[-121.801420428518,37.0671201172037],[-121.801450072922,37.0673702774347],[-121.801469835858,37.06741973595],[-121.801510260046,37.0674899813221],[-121.80166566859,37.0676290382955],[-121.801699804571,37.0676598601674],[-121.801999841876,37.0678698786359],[-121.802130097592,37.0679300886015],[-121.802249573525,37.0679601935664],[-121.802340303368,37.067970228552],[-121.802480440553,37.0679601935664],[-121.802890072322,37.0678799136335],[-121.803012243201,37.067871312207],[-121.8030239213,37.0678813472044],[-121.803570995308,37.0683601583944],[-121.803962660772,37.0685178500408],[-121.804366902649,37.0685708917027],[-121.805288574131,37.0685250178352],[-121.805877868957,37.0683056830222],[-121.805944344288,37.0682813124483],[-121.806489621666,37.0685701749238],[-121.806719590379,37.0686597722423],[-121.806810320222,37.0686898769175],[-121.806929796155,37.0686898769175],[-121.807319664988,37.0686798420271],[-121.807440039236,37.0686698071353],[-121.80762419387,37.068658338686],[-121.807653838274,37.0687049292507],[-121.807855060898,37.0688547356416],[-121.808015859334,37.0689371648692],[-121.80850993274,37.0691278269134],[-121.80874798629,37.0692059552065],[-121.809037243812,37.0692862337358],[-121.809075871369,37.0693012859506],[-121.809121685448,37.0693192052501],[-121.809184567518,37.0693686624945],[-121.809276195677,37.0694926638497],[-121.809298653559,37.0695306526636],[-121.809357942368,37.0696310003824],[-121.809472028409,37.0697349318083],[-121.809691217338,37.0698962044286],[-121.810526650553,37.070673892028],[-121.810655109638,37.0708831853933],[-121.810889569927,37.0713146719469],[-121.811105165596,37.0717060180933],[-121.811180624079,37.0720479067553],[-121.811229133105,37.0722478786545],[-121.811375558496,37.0728599757425],[-121.811409694477,37.0729022632979],[-121.811518390626,37.0730606622368],[-121.811820224562,37.0735150718362],[-121.811997192673,37.0739959976419],[-121.81211397366,37.0742762376512],[-121.812290043455,37.074491254859],[-121.812443655369,37.0747750766397],[-121.812516418907,37.0751549374617],[-121.812582894238,37.0752939803811],[-121.8126511662,37.0753821363268],[-121.812828134311,37.075489643439],[-121.812987136116,37.0755369465201],[-121.813209918306,37.0755562977721],[-121.813349157175,37.0757290253946],[-121.81342641229,37.0758071468872],[-121.813525226971,37.0758587500308],[-121.813568346105,37.0758730842311],[-121.813730941171,37.0760673123785],[-121.813818077754,37.0761569008397],[-121.813923180642,37.0762199710529],[-121.813971689667,37.076240038837],[-121.814531340089,37.0764399996813],[-121.814566374385,37.0764801351277],[-121.814672375589,37.0765998246365],[-121.8147083082,37.0766399599983],[-121.815064041053,37.07654678859],[-121.815220347912,37.076769683076],[-121.815391027816,37.0769488582328],[-121.815440435157,37.0769997439001],[-121.815580572341,37.0771079654171],[-121.815700048274,37.0771997027409],[-121.81575035393,37.0772298040262],[-121.815779998334,37.0772398377852],[-121.815869829863,37.0772398377852],[-121.816009967047,37.0772197702658],[-121.816050391235,37.0772197702658],[-121.816080035639,37.0772298040262],[-121.816140222763,37.0772599052994],[-121.81639983588,37.0774096947911],[-121.816612736603,37.077540133246],[-121.816629804593,37.077550166964],[-121.816822942379,37.0776562376161],[-121.817029554894,37.0777701917324],[-121.81711040327,37.0778196434654],[-121.81719035333,37.0778798455316],[-121.817280184859,37.0780303504881],[-121.817319710731,37.0781199366298],[-121.817370016387,37.0783098589002],[-121.817379897855,37.0784696799139],[-121.817360134919,37.0786201836995],[-121.817299947795,37.0787599369472],[-121.817260421922,37.0789097234753],[-121.817149929142,37.0790702599042],[-121.81707986055,37.0791297442983],[-121.816903790755,37.0792329460278],[-121.816810365965,37.0792902802613],[-121.816730415905,37.0793296975217],[-121.816709754653,37.0793497644827],[-121.816680110249,37.0794500992083],[-121.816619923125,37.0795002665213],[-121.816600160189,37.0795296502177],[-121.81659027872,37.0795798174781],[-121.81659027872,37.0797403524881],[-121.816600160189,37.0798600368503],[-121.81651032866,37.080110155057],[-121.816490565724,37.0802011720794],[-121.816479785941,37.0802549222381],[-121.816489667409,37.0803703057834],[-121.816520210128,37.0804197558205],[-121.816549854533,37.0804598891602],[-121.816610041657,37.08052008913],[-121.816970266086,37.0810102871043],[-121.817169692079,37.0812403350609],[-121.817270303391,37.081400149897],[-121.817440084979,37.0815499312089],[-121.817459847915,37.0816000971324],[-121.817459847915,37.0817097453925],[-121.817399660791,37.0819096918113],[-121.817399660791,37.0819598574967],[-121.817420322043,37.0820100231489],[-121.817510153571,37.0821598032558],[-121.817539797976,37.0822400680717],[-121.817549679444,37.0822802004478],[-121.81752003504,37.0823798146466],[-121.817469729384,37.0824500461613],[-121.817449966447,37.0825002114892],[-121.817440084979,37.0825697262457],[-121.817459847915,37.0826399575845],[-121.817591001947,37.0828176855797],[-121.817660172224,37.0829101326383],[-121.817711376195,37.0830197790035],[-121.817750003752,37.0830900099253],[-121.817829953813,37.0831702737563],[-121.817919785341,37.083219721967],[-121.817989853933,37.0832498208621],[-121.818040159589,37.0832799197452],[-121.818120109649,37.0835500925182],[-121.818170415305,37.0836396721375],[-121.818239585582,37.0837400011855],[-121.818309654174,37.0837801327675],[-121.818400384018,37.0838202643283],[-121.818650115667,37.083869712115],[-121.818681556702,37.0838711453836],[-121.818899847316,37.0838811782638],[-121.819048069338,37.0839069770923],[-121.819119934561,37.0839198765033],[-121.819410090397,37.0840202051804],[-121.819700246234,37.0841699813155],[-121.819860146355,37.084260276833],[-121.820010165007,37.0843598884298],[-121.82012964094,37.0844903149271],[-121.820179946596,37.0845497950683],[-121.820429678245,37.0847798322838],[-121.820520408088,37.0848400288231],[-121.8209677691,37.085022051401],[-121.821189652975,37.0851123459034],[-121.821259721567,37.08514029418],[-121.821310027223,37.0851696756904],[-121.82140974022,37.0852499373194],[-121.822019696298,37.0855502010525],[-121.822260444794,37.0856899415251],[-121.823110251053,37.0859099426702],[-121.823209964049,37.0859300078895],[-121.823459695698,37.0859500731034],[-121.82352976429,37.0859500731034],[-121.823589951414,37.085970138312],[-121.82364025707,37.0860102687133],[-121.823660020006,37.0860496824796],[-121.823810038659,37.0866201048754],[-121.823940294375,37.0869698089453],[-121.823960057311,37.0870701335855],[-121.823976226986,37.0872098712559],[-121.823999583184,37.0874098031672],[-121.824010362967,37.0874599652127],[-121.824020244435,37.0875703215959],[-121.82404988884,37.0876498640842],[-121.824100194496,37.0877000259708],[-121.824180144556,37.087760220191],[-121.824219670428,37.0877802849204],[-121.824289739021,37.0878003496445],[-121.824369689081,37.0878096654074],[-121.824460418925,37.0878096654074],[-121.824710150574,37.0877501878243],[-121.824819745038,37.0877301230869],[-121.824899695099,37.0877200907162],[-121.825100019407,37.0877401554563],[-121.825220393655,37.087760220191],[-121.825320106652,37.0877702525563],[-121.825439582584,37.0877702525563],[-121.82552043096,37.0877501878243],[-121.825610262488,37.0877200907162],[-121.825719856953,37.0877000259708],[-121.826239981502,37.0877401554563],[-121.826328914716,37.0877552040078],[-121.826419644559,37.0877702525563],[-121.826600205931,37.0878497948348],[-121.826750224584,37.0879501183102],[-121.826820293176,37.087980215327],[-121.826869700517,37.087980215327],[-121.826929887641,37.0879701829894],[-121.827050261889,37.0879300536258],[-121.827159856353,37.0878999565891],[-121.827199382226,37.0878942238189],[-121.827234416522,37.0878841914699],[-121.827473368388,37.0878899242409],[-121.827706930361,37.0879486851186],[-121.828093205934,37.0879651668201],[-121.82830161508,37.0879049727627],[-121.828537871999,37.08783976248],[-121.828571109665,37.087826863736],[-121.828695077174,37.0878032160332],[-121.828819942998,37.0878089488103],[-121.828900791374,37.0878333131083],[-121.829022063937,37.0878849080663],[-121.82906158981,37.0879157217051],[-121.829180167427,37.0880103123317],[-121.82929964336,37.0882202744373],[-121.82933018608,37.088240339045],[-121.82937959342,37.088240339045],[-121.829449662013,37.0882202744373],[-121.829460441796,37.0882152582846],[-121.829700291977,37.0880898543583],[-121.829770360569,37.0880697897108],[-121.829843124107,37.088059757385],[-121.829959905094,37.0880697897108],[-121.830269823867,37.0880697897108],[-121.830390198115,37.08809988668],[-121.830669574168,37.0882897839482],[-121.83077018548,37.0883399454113],[-121.830801626515,37.0883506942919],[-121.8310064424,37.0884187705006],[-121.831401701125,37.0885527729641],[-121.831540041679,37.0886000678947],[-121.831619991739,37.0886502291525],[-121.831690060331,37.088719738269],[-121.831879604856,37.0889698272436],[-121.831949673448,37.0890701492364],[-121.8319703347,37.0891496901507],[-121.831984707744,37.0892521616559],[-121.832019742041,37.0894900669938],[-121.832024233617,37.0895051151979],[-121.832038606661,37.0895502597923],[-121.832044894868,37.0895653079844],[-121.832169760693,37.0897000250001],[-121.832430272125,37.0898698540881],[-121.832950396675,37.0902102276968],[-121.833430097037,37.0904896912012],[-121.833469622909,37.0905398512083],[-121.833529810033,37.0906602350898],[-121.833562149383,37.0907662873984],[-121.833570234221,37.0907899341767],[-121.833589997157,37.0908200300657],[-121.833943035064,37.091073694941],[-121.834002323873,37.0911159723376],[-121.83409035877,37.091179746671],[-121.834170308831,37.0912198743139],[-121.834190970082,37.0912220240085],[-121.83426373362,37.0912291896566],[-121.834279903295,37.0912299062214],[-121.834330208951,37.0912299062214],[-121.834640127724,37.0911102398106],[-121.834808112682,37.0910507648177],[-121.834839553717,37.09104001632],[-121.834940165029,37.0910199524535],[-121.835010233621,37.0910199524535],[-121.835080302213,37.0910099205183],[-121.835160252274,37.0910199524535],[-121.835230320866,37.09104001632],[-121.835300389458,37.0910701121096],[-121.835339915331,37.0911102398106],[-121.835390220987,37.091179746671],[-121.835460289579,37.0913603208969],[-121.835540239639,37.0914599231627],[-121.835579765511,37.0914900187857],[-121.835610308231,37.0915201143967],[-121.835719902696,37.0915602418593],[-121.836257095236,37.0916813406805],[-121.836740388859,37.0917902577981],[-121.836822135549,37.0917902577981],[-121.836959577788,37.0917902577981],[-121.837099714972,37.0917802259648],[-121.837142834106,37.0917701941303],[-121.837319802217,37.0917300667787],[-121.837559652398,37.0916598438625],[-121.83770967105,37.0915903374424],[-121.837800400894,37.0915702737217],[-121.837919876827,37.0915702737217],[-121.838030369607,37.0915996527395],[-121.838074387055,37.0916182833303],[-121.838249558536,37.091689939406],[-121.838368136153,37.0917522801367],[-121.838440001376,37.0917902577981],[-121.838573850353,37.0918869932647],[-121.838589121713,37.0918977416422],[-121.838660088621,37.0919500503913],[-121.838705004385,37.0919951935292],[-121.838730157213,37.0920202730387],[-121.838769683085,37.0920897790644],[-121.838810107273,37.0922603193521],[-121.838819988741,37.0923900157006],[-121.838819988741,37.0924602379402],[-121.838798429174,37.0925383421916],[-121.838790344337,37.0925698704905],[-121.83869063134,37.092761189659],[-121.838640325684,37.0928600735343],[-121.838590020029,37.0929403270194],[-121.838570257092,37.0930098322012],[-121.838581935191,37.0930908020748],[-121.838590020029,37.0931402438136],[-121.838609782965,37.093179653872],[-121.838624156009,37.0931939847973],[-121.838650207153,37.093219780456],[-121.838970007394,37.0933903182007],[-121.83918021317,37.0934798861902],[-121.839289807635,37.0935200126151],[-121.839512589825,37.0935386427338],[-121.839630269128,37.0935400758197],[-121.839739863592,37.0935300442181],[-121.839871017624,37.0934999494053],[-121.840013849754,37.0934662718626],[-121.840129732426,37.093439759744],[-121.84018991955,37.093439759744],[-121.840230343737,37.0934497913575],[-121.84026986961,37.0934798861902],[-121.840289632546,37.0935300442181],[-121.840315683689,37.0936461240981],[-121.840320175266,37.0936597383934],[-121.840362396084,37.093787282725],[-121.840369582606,37.0938102120202],[-121.840377667444,37.0938281255274],[-121.840431566361,37.0939520868805],[-121.840439651199,37.0939700003541],[-121.840453125928,37.0939922130554],[-121.840478278756,37.0940359219003],[-121.840519601259,37.0941097253026],[-121.840561822077,37.0941663317468],[-121.840579788383,37.0941899774641],[-121.840596856373,37.094205024735],[-121.840669619911,37.0942702295408],[-121.840789994159,37.0943497649972],[-121.840869045904,37.0943891744266],[-121.840959775748,37.094440048387],[-121.841329881645,37.094539646605],[-121.841514934594,37.0945812055349],[-121.841600274546,37.0945998353926],[-121.841764666243,37.0945998353926],[-121.841799700539,37.0945998353926],[-121.841912888265,37.0945833551341],[-121.842000024847,37.0945697410048],[-121.842359350961,37.0945460954059],[-121.842450080804,37.094539646605],[-121.842509369613,37.0945446623391],[-121.842550692116,37.0945611426061],[-121.842680049517,37.0945697410048],[-121.842723168651,37.0945769063363],[-121.842783355775,37.0945812055349],[-121.842476131948,37.0994807003116],[-121.834976097641,37.0995616632704],[-121.83225599896,37.0996082348448],[-121.827941390651,37.099643342628],[-121.819470277521,37.0997637120472],[-121.815103566925,37.0997852065662],[-121.803116447774,37.0999062922426],[-121.803091294946,37.0989118077002],[-121.795959569905,37.0990099670577],[-121.795990112625,37.1012697465889],[-121.795976637896,37.1026682827775],[-121.798260155348,37.1026596852978],[-121.799470186036,37.1026561030143],[-121.799510610223,37.1097587218484],[-121.803138905656,37.1097587218484],[-121.80313621071,37.1109027872874],[-121.803140702287,37.1113347624164],[-121.803138905656,37.1119737658831],[-121.803163160169,37.1157238625211],[-121.802876597593,37.1161371855912],[-121.803020328039,37.1164967819901],[-121.80316675343,37.1165132574814],[-121.80316675343,37.1169717044972],[-121.803175736583,37.1193742079956],[-121.803236822022,37.12465027934],[-121.803297907461,37.1314801181871],[-121.803338331649,37.1317859281391],[-121.803366179423,37.1364137489504],[-121.803358094585,37.1368613334442],[-121.808453338877,37.1395489331244],[-121.816815755857,37.1439908183483],[-121.817326897253,37.1442600585281],[-121.82288207897,37.1470519367667],[-121.8262633377,37.1487883055924],[-121.832610833497,37.1518807334407],[-121.840388447227,37.1556453197787],[-121.840463007396,37.1567836800307],[-121.840562720392,37.1582950236665],[-121.841365814256,37.1602702491223],[-121.841356831104,37.1606260562684],[-121.841332576591,37.1607112492802],[-121.841321796808,37.160752055983],[-121.841151116904,37.1610219523921],[-121.84095169091,37.1612302802611],[-121.840765739647,37.1613398132403],[-121.839922221595,37.1615438448371],[-121.839284417743,37.1617142286961],[-121.838766089824,37.1617929774086],[-121.838741835312,37.1617972727906],[-121.838027674661,37.1619118162195],[-121.837690806429,37.1619232705529],[-121.837354836513,37.1618409424933],[-121.837121274539,37.1617643415226],[-121.83693622159,37.16162116193],[-121.83674398212,37.1615610264201],[-121.836372977907,37.1615782079993],[-121.836214874417,37.1615502879312],[-121.836071143972,37.1615388335414],[-121.835947176463,37.1615782079993],[-121.835803446017,37.1616927517602],[-121.835549222792,37.1619132480113],[-121.835391119302,37.1620277912645],[-121.835102760096,37.1621437661316],[-121.834244868999,37.1622812175954],[-121.834066104258,37.1622812175954],[-121.833908899083,37.162170970087],[-121.833750795593,37.1620886422972],[-121.833557657807,37.1618910552359],[-121.833421113884,37.1617922615116],[-121.8333456554,37.1617808071584],[-121.833221687891,37.1618251927674],[-121.8331399412,37.1618803167939],[-121.833103110273,37.1618967824044],[-121.83282373422,37.1620342343174],[-121.832556036265,37.1620779038832],[-121.831999979104,37.1621766972342],[-121.831451108466,37.1621766972342],[-121.831134901486,37.1620127574724],[-121.83117981725,37.1620986648155],[-121.831317259488,37.1623578180424],[-121.831363073568,37.162445156775],[-121.831258868995,37.1625103028131],[-121.831154664422,37.1625747329055],[-121.830688438789,37.1628668153021],[-121.829079556116,37.1638711978708],[-121.828948402084,37.1641468101407],[-121.828904384635,37.1645197799499],[-121.828066256475,37.1645476989211],[-121.827961153587,37.1645519941465],[-121.827607217365,37.1645727543993],[-121.822650313627,37.1646622381821],[-121.822650313627,37.1644868498681],[-121.821713370786,37.1645219275634],[-121.819967045873,37.1645476989211],[-121.819967045873,37.164695884057],[-121.817818275714,37.1647359727395],[-121.817714969456,37.1647610281552],[-121.817609866568,37.1647710503193],[-121.817488594005,37.1647667551063],[-121.817194844907,37.1647581646796],[-121.816901994124,37.1647581646796],[-121.816750178841,37.1647667551063],[-121.816672025411,37.1647867994314],[-121.816606448396,37.1648182976458],[-121.816169867167,37.1647939581176],[-121.815154770896,37.1648240245925],[-121.812721234792,37.1647882311687],[-121.812450841891,37.1648412054299],[-121.803007751625,37.165005139057],[-121.802582848495,37.1650130135891],[-121.802640340673,37.1662478732418],[-121.80264662888,37.1664318477066],[-121.802672680024,37.1671033149104],[-121.80266010361,37.1673488499355],[-121.802778681227,37.1698957813617],[-121.802822698676,37.171044664155],[-121.802819105415,37.1711727939259],[-121.80285234308,37.1718148711257],[-121.802455287725,37.1718277555621],[-121.802041164379,37.1718277555621],[-121.801443784715,37.1719258203677],[-121.79894736654,37.1720696962388],[-121.798683261847,37.1720768542352],[-121.796643187837,37.1721341181819],[-121.796588390604,37.1722758462634],[-121.796485084347,37.1723416996249],[-121.796250624057,37.1723581629563],[-121.795970349689,37.1722479301472],[-121.795565209496,37.1721663291328],[-121.795386444754,37.1720890228275],[-121.795314579531,37.1720389168466],[-121.795214866535,37.171968052617],[-121.795056763045,37.1719236729645],[-121.794823201071,37.1718692720646],[-121.794685758832,37.1718800090875],[-121.794506994091,37.1719129359479],[-121.793785646918,37.172171339724],[-121.793332896015,37.1721820767039],[-121.793038248601,37.172242203763],[-121.792838822608,37.172242203763],[-121.79274899108,37.1722636777011],[-121.792386071705,37.1723789210647],[-121.791932422487,37.1724512165012],[-121.791856964003,37.1724777009507],[-121.791595554255,37.1725328172078],[-121.791349415867,37.1726036809079],[-121.791114955578,37.1726036809079],[-121.79061369565,37.1724827115212],[-121.790113334036,37.1723288152761],[-121.79003068903,37.172318078317],[-121.790017214301,37.1722736988702],[-121.789955230546,37.172240772167],[-121.789770177598,37.1722028348607],[-121.789577039812,37.1721856556968],[-121.789322816586,37.1720761384356],[-121.789233883373,37.1720868754291],[-121.789124288909,37.172112644207],[-121.788973371941,37.1721040546153],[-121.788637402025,37.1720489380455],[-121.788266397812,37.1720210218454],[-121.788081344864,37.1719501575989],[-121.787992411651,37.171905777936],[-121.787901681807,37.1719107885444],[-121.787846884574,37.1719830844288],[-121.787778612613,37.1721577395473],[-121.786393410445,37.1722293193973],[-121.78465517037,37.1723187941144],[-121.784709069287,37.1741168555702],[-121.784777341249,37.1748118750246],[-121.784694696242,37.175179781808],[-121.784786324401,37.1761782746519],[-121.784947122837,37.1789983193713],[-121.785071090347,37.1812750350161],[-121.785237278674,37.1843239085608],[-121.785411551839,37.184255918591],[-121.785498688422,37.1842358794304],[-121.785402568686,37.1850181184336],[-121.785237278674,37.1851133034136],[-121.78522470226,37.1859012586783],[-121.785241770251,37.1880861633793],[-121.78498844534,37.188094035506],[-121.78498844534,37.1892490822922],[-121.784967784089,37.1893456932116],[-121.784931851477,37.1894330007509],[-121.784870766038,37.1895389146795],[-121.784844714895,37.1896226438287],[-121.784839325003,37.1897056572525],[-121.784849206471,37.1898022675878],[-121.784877054245,37.1898888589684],[-121.784921970009,37.1899711564695],[-121.784981258818,37.1900441506998],[-121.785053124041,37.1901092729437],[-121.785142057254,37.1901658075935],[-121.785233685413,37.1902087452738],[-121.785345974823,37.1902416641456],[-121.785454670973,37.1902581235761],[-121.785540010925,37.1902609860854],[-121.786256866522,37.190260270458],[-121.786393410445,37.1902430954006],[-121.786520971215,37.1902130390405],[-121.786697041011,37.1901572200544],[-121.786823703466,37.190130741803],[-121.786951264236,37.1901178604882],[-121.787033010927,37.1901178604882],[-121.787103079519,37.1901178604882],[-121.787233335235,37.1901328886886],[-121.787359099375,37.1901607981958],[-121.787474982047,37.1901987264839],[-121.787662729941,37.1902853174099],[-121.787816341855,37.1903661832264],[-121.7879600723,37.1904513427093],[-121.788108294322,37.1905500989642],[-121.788206210688,37.1906209457632],[-121.788368805755,37.1907511892],[-121.78846492549,37.1908342013832],[-121.788594282891,37.1909622975902],[-121.78868591105,37.191063200036],[-121.788885337043,37.1913236851594],[-121.788994033192,37.1914782583242],[-121.789052423686,37.1915941879901],[-121.789071288307,37.1916507215281],[-121.789181781087,37.191557691633],[-121.793720968217,37.1976079741914],[-121.794421654139,37.1985253135553],[-121.796339557271,37.2010318400111],[-121.795220256427,37.2014597228789],[-121.792634006724,37.2023691447976],[-121.789842941136,37.201556318174],[-121.787685187823,37.2020557496538],[-121.785956829217,37.2019469912176],[-121.779335347257,37.2023526880073],[-121.778957156523,37.2028270714349],[-121.778573575897,37.2028149077944],[-121.778464879747,37.2028113302528],[-121.778137892984,37.2027998821183],[-121.77803009515,37.2027970200844],[-121.777410257604,37.2036112643485],[-121.775551643281,37.2060560908674],[-121.77493270405,37.2068717309106],[-121.775591169153,37.2071350233582],[-121.777565666148,37.2079241797294],[-121.778225029566,37.2081881839624],[-121.778772103574,37.2084121217884],[-121.779424280471,37.2086782706725],[-121.780241747379,37.2106478863271],[-121.780658565671,37.2117117292647],[-121.78120743631,37.212085179651],[-121.781222707669,37.2121989314129],[-121.781254148704,37.2124328731766],[-121.780118678185,37.2144760768297],[-121.78071785448,37.2152859027414],[-121.780879551231,37.2152909104718],[-121.780834635467,37.2165328173381],[-121.78079780454,37.2168089528377],[-121.780769058451,37.217333321354],[-121.780723244371,37.2189550492082],[-121.782270143291,37.2189092664564],[-121.782295296119,37.2189951090933],[-121.782914235349,37.2203650012896],[-121.782864828009,37.2204472655643],[-121.782831590343,37.2204823172715],[-121.782733673977,37.220588902975],[-121.78272558914,37.2205989177313],[-121.782703131258,37.2206268159741],[-121.782678876745,37.2206547142066],[-121.782610604783,37.2207398395188],[-121.782588146901,37.2207691683857],[-121.782542332822,37.220824964735],[-121.782380636071,37.2209837695034],[-121.782175820186,37.2211883553338],[-121.781955732941,37.2214301378724],[-121.781925190222,37.2214651891229],[-121.781273013325,37.2221519042134],[-121.780092627042,37.2234251718997],[-121.780080948943,37.2234373322178],[-121.779455721506,37.2241061466937],[-121.779399127643,37.2241648017981],[-121.779230244369,37.2243457739665],[-121.779173650506,37.2244058594916],[-121.779137717895,37.2244430552689],[-121.77907573414,37.2245102937428],[-121.7790263268,37.2245510659798],[-121.778986800927,37.224584685176],[-121.778890681192,37.2246669448485],[-121.778845765428,37.2247141547069],[-121.778454099964,37.2251361809164],[-121.778323844248,37.2252770942266],[-121.778263657123,37.2253407554834],[-121.778084892382,37.2255331695172],[-121.778025603573,37.2255982611424],[-121.777965416449,37.2256633527115],[-121.777782160131,37.2258593423713],[-121.777721973007,37.2259251490041],[-121.777629446533,37.2260231435575],[-121.777352765425,37.2263207028808],[-121.777262035582,37.2264208427737],[-121.777179390576,37.2265102532799],[-121.776964693223,37.2267412895372],[-121.776928760611,37.2267770536004],[-121.776844318975,37.2268643178436],[-121.776668249179,37.2270538668763],[-121.776538891778,37.2271969224345],[-121.775891206458,37.2279272168304],[-121.775637881548,37.228209032757],[-121.775337844243,37.2285459230029],[-121.775110570476,37.2287976956221],[-121.774504207659,37.2294779066485],[-121.774432342437,37.2295551542004],[-121.774203272039,37.2298047776929],[-121.77389065832,37.2301409455603],[-121.772956410425,37.2311487249303],[-121.772907003084,37.2312016526442],[-121.772804595142,37.2313139451033],[-121.772677034372,37.2314698668392],[-121.772658169751,37.2314970458244],[-121.772573728114,37.231622212077],[-121.77252881235,37.231700887901],[-121.772471320171,37.2318053120496],[-121.772385081904,37.2319948486621],[-121.772316809943,37.2321886761769],[-121.772270995863,37.2323732052297],[-121.772264707656,37.2323989534338],[-121.772234164936,37.2326120910073],[-121.772224283468,37.2328059169352],[-121.772228775045,37.232993305366],[-121.772253927873,37.2331949977368],[-121.77229255543,37.2333788091082],[-121.772348250978,37.233564050465],[-121.772389573481,37.2336763394056],[-121.772400353264,37.2337006567338],[-121.773354364096,37.2359878809485],[-121.773417246166,37.2361802678138],[-121.773458568669,37.2363640719068],[-121.773486416443,37.2365628945068],[-121.773490009704,37.2367238116948],[-121.77349270465,37.2368110644264],[-121.77347743329,37.2370113162155],[-121.773436110787,37.2372308773871],[-121.773375923663,37.2374347039611],[-121.773298668548,37.2376278023122],[-121.773232193217,37.2377672619248],[-121.773198955552,37.2378201849923],[-121.773102835816,37.237978953972],[-121.773072293097,37.2380333072395],[-121.773312143277,37.2381770571397],[-121.773986778056,37.2385811287742],[-121.774032592135,37.2386090203646],[-121.774272442316,37.2387570601718],[-121.774294001883,37.2387699331848],[-121.774362273845,37.2388121280452],[-121.774384731727,37.2388271465492],[-121.7744889363,37.2388886508674],[-121.774515885758,37.2389058148543],[-121.774621886962,37.2389759010933],[-121.774797058442,37.2390838909871],[-121.774857245566,37.239121079524],[-121.774901263015,37.2391468254234],[-121.775250707661,37.2393556529493],[-121.776110395387,37.2398691373504],[-121.776307126435,37.2399771259646],[-121.776368211874,37.2400107382831],[-121.776484094546,37.2400801083398],[-121.776659266026,37.2401859511901],[-121.776891031369,37.2403246909173],[-121.777587225715,37.2407451994583],[-121.777691430288,37.2408081325076],[-121.777819889373,37.2408839381561],[-121.777862110191,37.2409089683064],[-121.777990569277,37.2409847738536],[-121.778033688411,37.2410112342625],[-121.778195385162,37.2411063486285],[-121.77829869142,37.2411678510871],[-121.778361573489,37.2412050385958],[-121.778670593947,37.2414081392812],[-121.778828697437,37.2415118348427],[-121.77921676964,37.2417428251322],[-121.780383681194,37.2424379371508],[-121.780413325598,37.2424551003294],[-121.780772651712,37.242671069993],[-121.780824753999,37.2427018205901],[-121.780910093951,37.242753309934],[-121.781323318981,37.2430000292185],[-121.78146076122,37.2430829839269],[-121.781625152917,37.243181671306],[-121.781768883362,37.2432682014378],[-121.782695944735,37.2438231361199],[-121.783005863508,37.2440090669294],[-121.783623006109,37.2443780667158],[-121.785220210684,37.2453348833271],[-121.78547623054,37.2454857703385],[-121.78609516977,37.2458540477944],[-121.786370054247,37.2460192357385],[-121.786654820192,37.246190859193],[-121.786874009122,37.2463231520058],[-121.787395930302,37.2466342179747],[-121.787871139087,37.246916679064],[-121.788240346669,37.2471490829638],[-121.788333771458,37.2472048597932],[-121.788682317789,37.2474136649927],[-121.788898811772,37.2475366595654],[-121.789046135479,37.2476203243636],[-121.789142255214,37.2476746706784],[-121.789483615022,37.2478791840909],[-121.789630040413,37.2479671389892],[-121.789782754012,37.2480586691809],[-121.790243589753,37.248334689242],[-121.790398099981,37.2484269340629],[-121.790798748598,37.2486671991128],[-121.791609028984,37.2491527323962],[-121.792005186025,37.2493901348657],[-121.792407631272,37.2496311119086],[-121.792459733558,37.2496611446018],[-121.792697787109,37.2498041572623],[-121.793569152934,37.2503290114],[-121.793860207086,37.2505042003188],[-121.794528553658,37.2509067757601],[-121.796536288318,37.2521159192595],[-121.797204634889,37.2525199161629],[-121.797332195659,37.2525971401031],[-121.797714877971,37.2528288114489],[-121.797843337056,37.2529067501057],[-121.800685606615,37.2547221974725],[-121.801276698072,37.2550847096861],[-121.801368326231,37.2551433406889],[-121.80166387196,37.2553306735872],[-121.802355574728,37.2557589634634],[-121.802490322021,37.2556252572025],[-121.802731968832,37.2554393550551],[-121.80289815716,37.255329958577],[-121.802246878579,37.2549367019516],[-121.802200166184,37.2549081013897],[-121.803203584356,37.2538870542158],[-121.803320365343,37.2537690751841],[-121.803386840674,37.253694712548],[-121.803586266668,37.253475914366],[-121.80375335331,37.2532206490172],[-121.803907863539,37.2529353514274],[-121.804013864743,37.2526657835391],[-121.804071356921,37.2524698635668],[-121.804095611434,37.2521280749502],[-121.804095611434,37.2517448122304],[-121.804023746211,37.2514759551292],[-121.804357919497,37.2514637993333],[-121.80452680277,37.2514580789581],[-121.805350557886,37.2514530736294],[-121.8053631343,37.2514516435355],[-121.805699104216,37.2514473532535],[-121.805767376177,37.2514866808298],[-121.805843732977,37.2515152826906],[-121.805926377983,37.2515302986632],[-121.805979378584,37.2515331588481],[-121.806659403255,37.2515310137095],[-121.806795048862,37.251546744725],[-121.80693069447,37.2515767766546],[-121.807051068718,37.2516168192088],[-121.807167849705,37.2516690175065],[-121.80722983346,37.2517047697443],[-121.807422072931,37.2518649395613],[-121.807542447179,37.251975771155],[-121.80775175464,37.2518492086122],[-121.807875722149,37.2517898600019],[-121.808120063907,37.251688323717],[-121.808297032017,37.2516368404779],[-121.80855934008,37.2515717713338],[-121.808677917698,37.2515531801394],[-121.808813563306,37.2515431694944],[-121.808836021188,37.2515431694944],[-121.808862072331,37.2515431694944],[-121.809028260659,37.2514559338173],[-121.809092939359,37.2513093490504],[-121.80914414333,37.2513043437119],[-121.80933278954,37.2512828922572],[-121.809393874979,37.2512771718683],[-121.809527723957,37.2512621558453],[-121.809801710118,37.2512500000149],[-121.809975084968,37.2512507150638],[-121.810078391226,37.2512528602104],[-121.810380225161,37.2512707364302],[-121.810469158374,37.2512793170142],[-121.810882383405,37.2513329456419],[-121.811361185452,37.2514187513669],[-121.811471678232,37.2514373425944],[-121.811617205308,37.2514552187704],[-121.811707935151,37.2514616541927],[-121.81206636295,37.2514916861562],[-121.812290043455,37.251500266715],[-121.812370891831,37.251500266715],[-121.81257301277,37.251500266715],[-121.812617030219,37.2514981215754],[-121.81269877691,37.2514952613892],[-121.812726624683,37.251493831296],[-121.812811964635,37.251493831296],[-121.812840710725,37.251493831296],[-121.813184765478,37.2514916861562],[-121.81421872637,37.2514852507365],[-121.814563679439,37.2514838206431],[-121.81515027932,37.2514781002694],[-121.816907384016,37.2514630842865],[-121.817493983896,37.2514587940051],[-121.817509255256,37.2518728050346],[-121.817522729985,37.2519693357766],[-121.817553272705,37.2521109139745],[-121.817588307001,37.2523297161207],[-121.817596391839,37.2524376868803],[-121.817608069937,37.2525721138349],[-121.817602680046,37.2526886646706],[-121.817591900262,37.2527952048473],[-121.817588307001,37.2528938795074],[-121.817594595208,37.2533557896037],[-121.817602680046,37.2540879756567],[-121.817611663198,37.2543639736307],[-121.81761525646,37.2546649961749],[-121.817623341297,37.25484589513],[-121.817618849721,37.2550067732824],[-121.817622442982,37.255141910665],[-121.817620646351,37.2553556989391],[-121.817617951405,37.2553993145326],[-121.817606273307,37.2555787817087],[-121.817579323848,37.2558061538518],[-121.817573933957,37.2559412898004],[-121.817574832272,37.2562337260232],[-121.817589205316,37.2563838762099],[-121.8175999851,37.2564818311705],[-121.817603578361,37.2565032811448],[-121.817624239612,37.2566019509482],[-121.81764759581,37.2566791707042],[-121.817691613259,37.2567907102119],[-121.817717664402,37.2568457649081],[-121.817723952609,37.2568579198356],[-121.817776953211,37.2569530142006],[-121.817826360551,37.2570316635848],[-121.817854208325,37.257066698284],[-121.817884751045,37.257106022927],[-121.818136279324,37.2573719999734],[-121.81824767042,37.2574549388603],[-121.818294382814,37.2574878283936],[-121.818413858747,37.2575721971308],[-121.818488418916,37.2576236763138],[-121.818675268495,37.2577588090019],[-121.81877138823,37.2578403174902],[-121.818852236606,37.2579182509623],[-121.818889067532,37.257958290146],[-121.818925000144,37.2579961843538],[-121.819018424933,37.2581170167005],[-121.819066933959,37.2581827951746],[-121.819131612659,37.2582828927423],[-121.819172935162,37.2583636856821],[-121.819180121685,37.2583801302522],[-121.819210664404,37.2584523433217],[-121.819225037449,37.2585102567234],[-121.819234020602,37.2585402858772],[-121.819281631312,37.2586968662706],[-121.819322953815,37.2587991080871],[-121.819357988111,37.258884190332],[-121.819602329868,37.2588820454026],[-121.820336253455,37.2588748956376],[-121.820580595213,37.2588741806611],[-121.820736902072,37.258872750708],[-121.821206720966,37.2588698908018],[-121.82136392614,37.2588698908018],[-121.821586708331,37.258867745872],[-121.822001729992,37.2588648859655],[-121.822257749848,37.2588627410356],[-121.822482328669,37.2588620260589],[-121.822646720366,37.2588620260589],[-121.822660195095,37.2588627410356],[-121.823142590403,37.2588548762921],[-121.823236015192,37.2588541613153],[-121.82330877873,37.2588570212222],[-121.823601629513,37.2588520163851],[-121.824482876807,37.2588370018719],[-121.824681404485,37.2588341419643],[-121.824776625905,37.2588327120104],[-121.824881728793,37.2588262772177],[-121.825096426146,37.2588126926536],[-121.825199732403,37.2588119776765],[-121.825306631922,37.2588112626994],[-121.825384785352,37.2588098327451],[-121.825621940587,37.2588076878136],[-121.825700992332,37.2588076878136],[-121.825889638542,37.2588069728364],[-121.826459170432,37.2588026829733],[-121.826648714957,37.2588026829733],[-121.827054753465,37.2587991080871],[-121.828274665621,37.2587898133822],[-121.828484871397,37.2587890984049],[-121.828681602445,37.2587912433369],[-121.828713941795,37.2587898133822],[-121.828812756476,37.2587876684502],[-121.828845994142,37.2587876684502],[-121.828873841915,37.2587869534728],[-121.828959181867,37.2587848085407],[-121.828987927957,37.2587848085407],[-121.829074166224,37.2587840935633],[-121.829332881026,37.258781948631],[-121.829420017608,37.258781948631],[-121.830905831088,37.2587719389466],[-121.830906729403,37.2590421999605],[-121.830910322665,37.2607817139135],[-121.830910322665,37.2613322298946],[-121.830913915926,37.2615552949647],[-121.830907627719,37.2616882757499],[-121.830915712556,37.2618398449607],[-121.8309417637,37.2622981254831],[-121.830950746852,37.2624511233518],[-121.830968713158,37.262799299586],[-121.830972306419,37.262849345319],[-121.830981289572,37.263113157276],[-121.83098937441,37.2638459634189],[-121.830993865986,37.2641948481307],[-121.830998357562,37.2645523102984],[-121.831015425553,37.2647603524988],[-121.831060341317,37.265300830581],[-121.831072019416,37.2655882260766],[-121.831072917731,37.265621826971],[-121.831087290776,37.2659799972743],[-121.831093578983,37.2662981311451],[-121.831117833495,37.2665233262187],[-121.831160054314,37.2667356523855],[-121.831190597033,37.2668471770011],[-121.831222038068,37.2669558418522],[-121.831282225192,37.2671138345468],[-121.831343310632,37.2672396565461],[-121.83141607417,37.2673719123982],[-121.83152656695,37.2675449170001],[-121.831647839513,37.2677029084587],[-121.831780790175,37.2678537506732],[-121.831931707143,37.2680003032463],[-121.832090708948,37.2681347024283],[-121.832257795591,37.2682576631721],[-121.832432068756,37.2683699004198],[-121.832616223389,37.2684721291049],[-121.832815649382,37.2685679236909],[-121.832988125917,37.2686386972247],[-121.833007888853,37.268647990714],[-121.833225281152,37.2687209088218],[-121.833825355762,37.2689017740195],[-121.833798406303,37.2689611091478],[-121.833750795593,37.2690440352729],[-121.833722049504,37.2690962214944],[-121.833624133138,37.269229188964],[-121.833521725196,37.2693399950092],[-121.833442673451,37.2694100529407],[-121.833316909311,37.2695079909603],[-121.833259417133,37.269545879357],[-121.833191145171,37.2695923462326],[-121.833082449022,37.2696531105652],[-121.833022261898,37.2696867096457],[-121.832945006783,37.2697210235847],[-121.832803971284,37.2697867919242],[-121.832714139755,37.2698182463272],[-121.832635986325,37.2698468412275],[-121.832573104256,37.2698647130347],[-121.832519205338,37.2698768658612],[-121.832249710753,37.2699397745786],[-121.832166167432,37.2699619355916],[-121.83205028476,37.2699948196633],[-121.831982012799,37.27001698066],[-121.831912842522,37.2700398565208],[-121.831782586805,37.2700927569222],[-121.831717908105,37.2701199219788],[-121.831595737226,37.2701792561471],[-121.831575075975,37.2701899791846],[-121.831425057322,37.2702771931661],[-121.831273242039,37.2703822787309],[-121.83117981725,37.2704580546255],[-121.831056748056,37.2705588507444],[-121.830933678862,37.270678233207],[-121.830904932773,37.2707082575092],[-121.830558183073,37.2710270862647],[-121.830433317249,37.2711443234048],[-121.830197958644,37.2713552068253],[-121.829496374407,37.2719921426551],[-121.829399356357,37.2720800694002],[-121.829261914118,37.2722037385509],[-121.829208913516,37.2722530631844],[-121.829049911711,37.2724031814353],[-121.829500865984,37.2727048467296],[-121.830584234216,37.2734318408253],[-121.83108639246,37.2738207118746],[-121.831172630728,37.2738893359689],[-121.831001950824,37.2740337322964],[-121.829519730605,37.2753390053422],[-121.828038408701,37.2746613527193],[-121.82721195864,37.2746170334534],[-121.826834666221,37.2745248207036],[-121.826192370792,37.2743561211171],[-121.825191647566,37.2740823408987],[-121.823633968863,37.2735169065389],[-121.822774281136,37.2732016625299],[-121.822608991124,37.2731423307434],[-121.822474243831,37.2730672723923],[-121.822419446599,37.2730701317594],[-121.822298174036,37.2730429677673],[-121.822192172832,37.2730100850269],[-121.822123900871,37.2729893545963],[-121.822104137934,37.2733153220867],[-121.822116714348,37.2734697272474],[-121.82215264696,37.2739472374998],[-121.822130189078,37.2752467934768],[-121.822140070546,37.2756092069022],[-121.822140968861,37.2757107109412],[-121.822158935167,37.2765977932328],[-121.822166121689,37.2770581283519],[-121.822351174638,37.2772339699059],[-121.822398785348,37.2772268218833],[-121.822467955624,37.2772718544146],[-121.822686246238,37.2773519121815],[-121.82276978956,37.2773776450171],[-121.823177624699,37.2775120274599],[-121.823238710138,37.2775313270464],[-121.823273744434,37.2776499836543],[-121.823289914109,37.2778072391116],[-121.823295304001,37.2780231074315],[-121.823299795578,37.2780802909887],[-121.823305185469,37.278313313535],[-121.82330877873,37.2784991592205],[-121.823315965253,37.2786099516224],[-121.82332225346,37.2786957262732],[-121.823352796179,37.2788837153742],[-121.823377050692,37.2790230986251],[-121.823387830475,37.2791803512137],[-121.823388728791,37.2794491094226],[-121.823389627106,37.2795920655258],[-121.823395016998,37.2797800523881],[-121.823412983303,37.2803440101581],[-121.82341927151,37.2805327099133],[-121.823430949609,37.2809029603308],[-121.823447119284,37.2813961482125],[-121.823458797383,37.2817678239008],[-121.82346508559,37.2820158449255],[-121.823475865373,37.2823882323067],[-121.823333033243,37.2823860880469],[-121.82322882867,37.2823860880469],[-121.822907231798,37.282371078226],[-121.822765297983,37.2823646454448],[-121.822686246238,37.2823610716771],[-121.822573956828,37.2823560684022],[-121.822449091003,37.2823610716771],[-121.822370039258,37.2823646454448],[-121.822287394252,37.2823782257601],[-121.82210503625,37.2824168224326],[-121.822041255864,37.2824311174914],[-121.821960407489,37.2824511305692],[-121.821824761881,37.2824689993842],[-121.821781642747,37.2824697141368],[-121.821683726381,37.2824740026517],[-121.821245348523,37.2824547043326],[-121.821066583781,37.2824482715585],[-121.820911175237,37.2824382650198],[-121.820700071145,37.2824261142211],[-121.820549154178,37.2823918060731],[-121.820451237812,37.2823610716771],[-121.82030301579,37.2823153274366],[-121.820200607847,37.2822803044837],[-121.819983215549,37.2822431372506],[-121.819882604237,37.2822317011752],[-121.819776603033,37.2822216946078],[-121.81967060183,37.2822188355882],[-121.819629279327,37.2822188355882],[-121.819352598219,37.2822066847541],[-121.819248393646,37.282203110979],[-121.819248393646,37.2822760159578],[-121.819248393646,37.2823782257601],[-121.819249291961,37.282486868195],[-121.819250190277,37.2824983042317],[-121.819257376799,37.2825719236761],[-121.818749828663,37.2825719236761],[-121.818713896052,37.282534041835],[-121.817635917711,37.282489012452],[-121.817403254053,37.2824790059188],[-121.816440260068,37.2824389797727],[-121.815523978478,37.2823996683584],[-121.815159262473,37.2823696487191],[-121.815064939368,37.2823939503328],[-121.814990379199,37.2824182519386],[-121.814524153567,37.2823817995269],[-121.814410965841,37.2823746519932],[-121.814192675227,37.2823582126629],[-121.814179200498,37.2823582126629],[-121.814033673422,37.2821252026393],[-121.813847722158,37.2818993394739],[-121.813797416502,37.2818128537152],[-121.813642007958,37.2814533292071],[-121.813600685455,37.2813032290036],[-121.81358631241,37.2812503364796],[-121.813559362952,37.2811502694406],[-121.813481209522,37.2808636481142],[-121.813392276309,37.2805870324824],[-121.813253935755,37.2803232817471],[-121.813199138523,37.280181041807],[-121.813082357536,37.2799551728071],[-121.812995220953,37.2798179356153],[-121.812806574744,37.2795213022887],[-121.812751777511,37.2794062225387],[-121.812642183047,37.2792132312588],[-121.812573911085,37.2790602674484],[-121.812538876789,37.278972348856],[-121.812422095802,37.2788401133812],[-121.812249619268,37.278714310768],[-121.812092414093,37.2786421171279],[-121.811754647546,37.2785713529977],[-121.811363880397,37.2785163141838],[-121.810979401456,37.2784441203538],[-121.810482633104,37.2783890814468],[-121.810167324439,37.2784040920618],[-121.810133188458,37.2784062364351],[-121.809548385208,37.2784877225762],[-121.808872852115,37.2784691380255],[-121.808887225159,37.2782511266071],[-121.807187612642,37.2781789325228],[-121.806855235986,37.2780066671508],[-121.806463570523,37.2778122426889],[-121.806333314806,37.2777550589281],[-121.806100651148,37.2776549872421],[-121.805914699884,37.2775842221838],[-121.806816608429,37.2789480461375],[-121.806953152352,37.2792439669403],[-121.807791280513,37.2805591564321],[-121.808459627084,37.281556969649],[-121.808581797963,37.2817742567331],[-121.808664442969,37.2819193526931],[-121.808916869563,37.2823639306912],[-121.809154024799,37.2830093503457],[-121.809357942368,37.2836940752238],[-121.80947562167,37.2842458531603],[-121.809526825641,37.2847290129016],[-121.809528622272,37.2852443322247],[-121.809544791947,37.2856760255848],[-121.809566351514,37.2860326710456],[-121.809781947182,37.2896619249212],[-121.809797218542,37.2899142080196],[-121.809813388217,37.2900492827586],[-121.809828659577,37.2903129994073],[-121.809843930937,37.2905738564295],[-121.80985471072,37.2907689625974],[-121.810016407471,37.2936461838188],[-121.810039763669,37.2938662945723],[-121.810143968242,37.2945123302079],[-121.810160137917,37.294668121157],[-121.810243681238,37.2950683166116],[-121.810332614451,37.2953691764353],[-121.810528447183,37.2958972861376],[-121.8107233816,37.2962960458106],[-121.811000062707,37.2967998520524],[-121.811267760662,37.2971900315891],[-121.811512102419,37.2975309010664],[-121.811829207715,37.2979053554832],[-121.812357417102,37.2984427371903],[-121.812955695081,37.2990522891869],[-121.814179200498,37.300295674192],[-121.814308557899,37.3004178678159],[-121.815345213737,37.3015083120669],[-121.815885999538,37.302075679821],[-121.816757365363,37.3029610222113],[-121.816774433354,37.3029810298285],[-121.816815755857,37.303030334291],[-121.816886722764,37.3031139374362],[-121.81896003444,37.3052411417507],[-121.819819722167,37.3060828606677],[-121.820459322649,37.3067102138002],[-121.821801405684,37.3081328140969],[-121.824080431559,37.3105142339089],[-121.824692184268,37.3111636989486],[-121.824962577168,37.3114173388873],[-121.82526710605,37.3117331372769],[-121.825810586797,37.3123218619549],[-121.826381915317,37.3128870047299],[-121.826806818447,37.3133378298644],[-121.827035888844,37.3135800311578],[-121.827314366582,37.3138672422997],[-121.828456125308,37.3150289358722],[-121.828728314839,37.3152997093463],[-121.829879056718,37.3164928156755],[-121.830180890654,37.3168378842149],[-121.831045069957,37.317705906766],[-121.831455600042,37.3181402714893],[-121.831584957443,37.3182738667136],[-121.831762823869,37.3184567560473],[-121.831530160211,37.3186232135306],[-121.831499617491,37.3186446457978],[-121.831373853351,37.3187318036215],[-121.83098937441,37.3189989917298],[-121.830677659006,37.3192140274587],[-121.828906181266,37.3203020559504],[-121.828592669232,37.3205149447781],[-121.827932407498,37.3209657241644],[-121.827659319651,37.3211593227221],[-121.827521877413,37.32125719339],[-121.82741767284,37.3213250598366],[-121.827342214356,37.3213643509093],[-121.827151771516,37.321495082876],[-121.82705385515,37.3215679497752],[-121.827019719169,37.3215936674874],[-121.826193269108,37.3221851724398],[-121.826175302802,37.3221987455664],[-121.826054928554,37.322278041152],[-121.825893231803,37.3223709097494],[-121.825463837097,37.3226602304134],[-121.824179246241,37.3235289000845],[-121.823848666216,37.3237532095361],[-121.823751648165,37.3238189306499],[-121.82346688222,37.324011093142],[-121.822610787755,37.3245882920221],[-121.822326920125,37.3247811668973],[-121.82201161146,37.3249933286882],[-121.821927169823,37.3250519052387],[-121.821837338295,37.3251161965221],[-121.82084200496,37.325789822995],[-121.820727918919,37.3258648287503],[-121.820611137932,37.3259426917886],[-121.820330863563,37.3261391348752],[-121.820046995934,37.3263398634623],[-121.819896078966,37.3264398703875],[-121.819173833478,37.3269227590957],[-121.818857626498,37.3271263429022],[-121.818575555498,37.3273170682836],[-121.818252161996,37.3275377948061],[-121.818139872586,37.3276149417872],[-121.817864089793,37.3278078088935],[-121.817671850323,37.3279349580483],[-121.816822044064,37.3285049836373],[-121.81641510724,37.3287721369989],[-121.81625700375,37.3288771408676],[-121.815786286541,37.3291928659017],[-121.815697353328,37.3292600108736],[-121.815603928538,37.3293207270199],[-121.815049668008,37.3296900229944],[-121.815030803387,37.3297028804618],[-121.814867310006,37.3298157403588],[-121.814484627694,37.3300800318593],[-121.814328320835,37.3301893196946],[-121.81333119087,37.3308579006373],[-121.813232376188,37.3309250441211],[-121.812946711928,37.3311193313109],[-121.81285867703,37.331179331665],[-121.812838015779,37.331192903167],[-121.812776032024,37.3312343319475],[-121.812756269088,37.3312493320175],[-121.812320586175,37.3315443327867],[-121.811837292552,37.3318743322743],[-121.811642358136,37.3320079030834],[-121.811012639121,37.3324243281992],[-121.810910231179,37.3324928988374],[-121.810658702899,37.3326657537101],[-121.810576956209,37.3327157529793],[-121.810452988699,37.3327907518206],[-121.810428734187,37.332802180209],[-121.810329919505,37.3328507508398],[-121.810210443573,37.3329007499859],[-121.809954423717,37.3329978910888],[-121.809795421911,37.3330600327578],[-121.809745116255,37.3331228886467],[-121.809698403861,37.3331828874006],[-121.809532215533,37.3333028847646],[-121.809345365954,37.3333850257069],[-121.80911180398,37.333450024128],[-121.808919564509,37.3335143082254],[-121.808874648745,37.3335200223648],[-121.808712951994,37.3335293078403],[-121.808608747421,37.3335300221076],[-121.808490169804,37.3335250222363],[-121.80828894718,37.3335057370157],[-121.808120962222,37.3334771663092],[-121.807977231776,37.3334443099834],[-121.807827213124,37.3334000253476],[-121.807711330452,37.3333600262992],[-121.807573888214,37.3333043133036],[-121.80740320831,37.3332228865433],[-121.807317868358,37.3331778875063],[-121.807272054278,37.3331478881333],[-121.806998068117,37.3330878893515],[-121.80677079435,37.3330500329525],[-121.806538130691,37.3330250334333],[-121.806274025998,37.33301074799],[-121.806103346094,37.3330121765345],[-121.805876970642,37.3330221763449],[-121.805631730569,37.3330457473212],[-121.805372117452,37.3330871750799],[-121.805161013361,37.3331343169845],[-121.804906790135,37.3332057440562],[-121.804708262457,37.3332757425205],[-121.804488175213,37.3333678832568],[-121.80428874922,37.3334650237557],[-121.804108187848,37.3335671639976],[-121.803950084358,37.3336693041008],[-121.803812642119,37.33376930127],[-121.803729997113,37.3338342993586],[-121.803164956799,37.3342849988434],[-121.80255140746,37.334777122451],[-121.802383422502,37.3348992600312],[-121.802189386401,37.3350206831597],[-121.801982773885,37.3351328208159],[-121.801759991695,37.3352356730412],[-121.801548887603,37.3353192403707],[-121.801403360527,37.3353670951242],[-121.801321613836,37.3353892368656],[-121.801232680623,37.3354149498474],[-121.800825743799,37.3355128019475],[-121.800618232969,37.3355470858648],[-121.80057421552,37.3355542283456],[-121.800442163173,37.3355749415361],[-121.800399044039,37.335582798262],[-121.800194228155,37.3356242246215],[-121.799937309983,37.335677793156],[-121.799580678816,37.3357456465782],[-121.799566305771,37.3357499320555],[-121.799377659561,37.3357899298312],[-121.79921596281,37.3358199281491],[-121.798968926107,37.3358670683386],[-121.798729974242,37.3359142084986],[-121.798569175806,37.3359463494998],[-121.798391309379,37.3359799189752],[-121.797856811785,37.3360841985267],[-121.797679843674,37.3361199106686],[-121.797504672194,37.3361541943088],[-121.796980056068,37.3362563308942],[-121.796805782903,37.3362913287133],[-121.796730324419,37.336302756569],[-121.796639594575,37.336326326516],[-121.796318896019,37.3363877511915],[-121.794922914067,37.3366627331347],[-121.794858235367,37.3366748751713],[-121.794622876763,37.3367220148243],[-121.794371348483,37.3367691544477],[-121.794337212502,37.3367762968123],[-121.79423480456,37.3367970096658],[-121.794201566894,37.3368048662639],[-121.794116226942,37.3368241506376],[-121.794077599385,37.3368341499406],[-121.793708391803,37.3369327144268],[-121.793586220925,37.336966997696],[-121.793508067495,37.336987710497],[-121.7933966764,37.3370227079752],[-121.792834331032,37.3372041232132],[-121.792818161357,37.3372098370718],[-121.792644786507,37.3372569763891],[-121.792456140297,37.3373119722219],[-121.792130950164,37.3373948230107],[-121.791874930308,37.3374526756625],[-121.791761742583,37.3374791021677],[-121.791679995892,37.3374898156131],[-121.791521892402,37.3375148136464],[-121.791492247997,37.3375198132521],[-121.790932597575,37.3376298044923],[-121.790746646312,37.3376669443553],[-121.790501406239,37.3377147976131],[-121.789775567489,37.3378576429777],[-121.789623752206,37.337886212018],[-121.789521344264,37.3379090672425],[-121.788658063276,37.3380790527559],[-121.787798375549,37.3382490378846],[-121.786954857497,37.3384161657453],[-121.786070915258,37.3385882927687],[-121.785616367724,37.3386782843334],[-121.785449281081,37.3386918544806],[-121.785282194438,37.3386911402625],[-121.785202244378,37.33868399808],[-121.785035157735,37.3387211374216],[-121.784762968204,37.3387839885734],[-121.784535694437,37.3388289842519],[-121.784368607794,37.3388632666556],[-121.784242843655,37.3388882642318],[-121.784164690225,37.3389039769897],[-121.783552937516,37.3390311073645],[-121.78345322452,37.3390518195963],[-121.783349918262,37.3390718176077],[-121.783187323196,37.3391018146148],[-121.782861234748,37.3391646654479],[-121.782700436312,37.3391968050582],[-121.782538739561,37.3392296588679],[-121.782318652316,37.3392739400668],[-121.781891952556,37.3393589313271],[-121.781682645095,37.3393982129695],[-121.781636831015,37.3394717767173],[-121.781581135468,37.3395767656307],[-121.781449981436,37.3397567462835],[-121.781398777465,37.3398181681536],[-121.781236182399,37.3399902919639],[-121.781107723313,37.340128133569],[-121.781038553036,37.3402159806776],[-121.780965789498,37.3403238253613],[-121.780896619221,37.3404252420751],[-121.780462732939,37.3401467028851],[-121.780030643287,37.339870305283],[-121.78037110478,37.3395353414511],[-121.780413325598,37.3395039161962],[-121.780442071687,37.3394803472464],[-121.780461834624,37.3394639203982],[-121.780516631856,37.3394210677338],[-121.78062442969,37.3393482181483],[-121.780527411639,37.3393196496641],[-121.780364816573,37.3392632268759],[-121.7801959333,37.3391882344968],[-121.780169882156,37.3391732360121],[-121.780044118017,37.3391032430434],[-121.779982134262,37.3390611043879],[-121.779435958569,37.338696854008]]]},"properties":{"FID":1,"area":"Area 7","SHAPE_Leng":288033.450472,"SHAPE_Area":2247603626,"Shape__Area":2247603625.8789062,"Shape__Length":288033.4504719612}},{"type":"Feature","id":2,"geometry":{"type":"Polygon","coordinates":[[[-122.057486098571,37.4627068130539],[-122.052647772451,37.4596556645162],[-122.051930916854,37.459251354819],[-122.051243705662,37.4590067713485],[-122.050763106985,37.4589511516722],[-122.050313051027,37.4588998103957],[-122.048970069678,37.4588998103957],[-122.048184942119,37.4589732569331],[-122.04782471769,37.4590067713485],[-122.046574262815,37.4595258863331],[-122.045857407218,37.4599380382462],[-122.045270807338,37.4602760296423],[-122.045383995063,37.4556730830661],[-122.04567235427,37.4490252293907],[-122.045663371117,37.4485359947639],[-122.045656184595,37.4480931134285],[-122.045642709865,37.4473378556347],[-122.045638218289,37.4470718376177],[-122.045630133451,37.446584016598],[-122.045612167146,37.4455819766021],[-122.045610370515,37.4455120829202],[-122.045595099155,37.4445792099753],[-122.045590607579,37.4443802241035],[-122.045588810948,37.4442397212158],[-122.045571742958,37.4432390762678],[-122.044756970995,37.4427647815784],[-122.043830807937,37.442226292986],[-122.042677371112,37.4416371606299],[-122.041335288078,37.440951735671],[-122.039217060638,37.4398697357311],[-122.038063623813,37.4392820113426],[-122.036217585904,37.4383397882192],[-122.03354779288,37.4369767177254],[-122.030683065439,37.4355137609663],[-122.029031961947,37.4346720664003],[-122.028837925845,37.4345729170104],[-122.028640296483,37.4344709142637],[-122.028519922235,37.4344102831945],[-122.028400446302,37.434348225461],[-122.028137239924,37.4342141235165],[-122.026116030534,37.4331791052119],[-122.02409571946,37.4321440725949],[-122.02297192704,37.4315691275495],[-122.020359626194,37.4302309008882],[-122.017747325347,37.4288926503032],[-122.017423931845,37.428727864062],[-122.017355659884,37.4286929093581],[-122.017289184553,37.4286579546379],[-122.016801399353,37.4284089909547],[-122.015109871673,37.4275429618367],[-122.013420140624,37.4266769227005],[-122.013109323536,37.4265178386399],[-122.013050933042,37.4264878765817],[-122.012993440864,37.4264579145115],[-122.012725742909,37.4263216582791],[-122.012501164088,37.4262060899714],[-122.01242840055,37.4261689939335],[-122.012355637012,37.4261318978773],[-122.012281975159,37.4260940884165],[-122.012209211621,37.4260562789366],[-122.011697171909,37.4257923254317],[-122.00670613219,37.4232169464573],[-122.001714194157,37.4206421923382],[-122.001606396322,37.4205858307009],[-122.00128300282,37.4204203127361],[-122.001176103301,37.4203646643726],[-122.000274194756,37.419900212957],[-121.999205199568,37.4193480042997],[-121.997571164066,37.418504701051],[-121.997234295835,37.4183313304245],[-121.997040259733,37.4182300190085],[-121.996846223632,37.4181301343796],[-121.996671052151,37.4180402380997],[-121.996656679107,37.4180181207445],[-121.996595593668,37.417988155285],[-121.996577627362,37.4179760264052],[-121.996211114726,37.4177127578819],[-121.996150927602,37.4176699499044],[-121.995743990778,37.4173767146011],[-121.996000010634,37.4173702933772],[-121.996280285003,37.4173702933772],[-121.996420422187,37.4174102476501],[-121.996639611117,37.4175301103409],[-121.996869579829,37.4177598466288],[-121.997019598482,37.4178996857633],[-121.997050141201,37.4179503417119],[-121.997130091262,37.4179403532177],[-121.997660097279,37.4179503417119],[-122.000119684527,37.4179296512582],[-122.000549977548,37.4179803071865],[-122.000864387898,37.4180216880603],[-122.001070102098,37.4180502265806],[-122.001928891509,37.4181608132441],[-122.00205824891,37.4181772228641],[-122.002079808477,37.4181800767107],[-122.002350201378,37.4182000536338],[-122.002447219428,37.4182000536338],[-122.00257837346,37.4182000536338],[-122.0026277808,37.4180587881346],[-122.002820020271,37.4175151275151],[-122.003545859021,37.4154603115748],[-122.003788404148,37.4147760738943],[-122.003836913173,37.4146262399913],[-122.00423756179,37.4133968771735],[-122.005591322923,37.4092619888251],[-122.006043175511,37.4078841176958],[-122.006055751925,37.4078441583414],[-122.006095277797,37.4077278479563],[-122.006108752526,37.4076893156417],[-122.005859020877,37.407742119179],[-122.005359557579,37.4078498668219],[-122.00510982593,37.4079048109246],[-122.004860992597,37.4079611821049],[-122.004790025689,37.4079761668419],[-122.004789127374,37.4078313142587],[-122.004862789227,37.4078020582842],[-122.004789127374,37.4078170430531],[-122.004792720635,37.4076350849431],[-122.004800805473,37.4039979707305],[-122.004798110527,37.4036268995162],[-122.00479361895,37.4032936474556],[-122.004800805473,37.4029347040708],[-122.00482416167,37.4001151903705],[-122.004866382488,37.3994821946065],[-122.004638210406,37.3994821946065],[-122.003155091872,37.3995000355976],[-121.999912173697,37.3996142178396],[-121.998040084644,37.3996827271013],[-121.996785138193,37.3997298271824],[-121.995869754918,37.3997840636028],[-121.995869754918,37.3996827271013],[-121.995660447457,37.3997191226211],[-121.995584090658,37.3997191226211],[-121.995512225435,37.3997198362586],[-121.993776680306,37.3997548044862],[-121.989750431203,37.3999403499104],[-121.988643706773,37.4000017225265],[-121.988005004606,37.4000309815468],[-121.987077044917,37.4000737996046],[-121.987075248286,37.3999032408623],[-121.987057281981,37.3985972761211],[-121.987051892089,37.3981912092218],[-121.987042010621,37.3973833507813],[-121.987041112306,37.3973448131469],[-121.987039315675,37.3972341957529],[-121.987039315675,37.3971970853648],[-121.987036620729,37.3970579212458],[-121.987031230838,37.3966418546719],[-121.987030332522,37.3965041168581],[-121.987027637576,37.3963599557664],[-121.987023146,37.3959731459223],[-121.987023146,37.3959303255216],[-121.987022247685,37.3957868770011],[-121.987018654424,37.3952987217701],[-121.987009671271,37.3938370917753],[-121.987006976325,37.3933503512419],[-121.987000688118,37.3924589369973],[-121.986983620128,37.3897860581239],[-121.986979128551,37.3888953152347],[-121.986978230236,37.3888046701326],[-121.986977331921,37.3886783377997],[-121.986976433605,37.3885370166326],[-121.986976433605,37.388447798587],[-121.986974636975,37.3883956951992],[-121.986973738659,37.3882386710718],[-121.986973738659,37.3881879950332],[-121.986963857191,37.3866648429008],[-121.986962060561,37.3862522874662],[-121.986946789201,37.3847298097892],[-121.986973738659,37.3828782411292],[-121.986970145398,37.3820987698691],[-121.986964755507,37.3809166990914],[-121.986965653822,37.3805769216762],[-121.986965653822,37.3804498616591],[-121.986965653822,37.3799773107175],[-121.986969247083,37.3781791629188],[-121.986970145398,37.3779221791646],[-121.986970145398,37.3777801238781],[-121.986969247083,37.3775802466374],[-121.987800188721,37.3775802466374],[-121.987870257313,37.3775802466374],[-121.989274324102,37.3775802466374],[-121.992597192338,37.3775552619449],[-121.992801109907,37.3775531203994],[-121.99310923205,37.3775502650054],[-121.993190080426,37.3775502650054],[-121.993415557562,37.3775531203994],[-121.993621271762,37.3775559757934],[-121.993682357201,37.3775559757934],[-121.993868308465,37.3775588311872],[-121.99393029222,37.377560258884],[-121.994213261534,37.377560258884],[-121.994540248298,37.377560258884],[-121.995062169478,37.3775631142778],[-121.995345138792,37.3775659696713],[-121.995437665266,37.3775659696713],[-121.99571704132,37.3775688250647],[-121.995809567794,37.3775702527614],[-121.995920060574,37.3775702527614],[-121.995990129166,37.3775702527614],[-121.995990129166,37.3777001730457],[-121.995900297638,37.3777001730457],[-121.995809567794,37.3777101669044],[-121.995804177902,37.3779500191138],[-121.995803279587,37.3779971328505],[-121.995802381272,37.3780456742453],[-121.995797889695,37.3782012920343],[-121.995786211597,37.3786660019502],[-121.99578172002,37.3788209046156],[-121.99577992339,37.3788901467174],[-121.99577992339,37.3789201278138],[-121.995771838552,37.3791000141406],[-121.995770041922,37.3791699698178],[-121.995760160453,37.3794512195351],[-121.995731414364,37.3802971038255],[-121.995729617734,37.380339933156],[-121.995729617734,37.3804398681655],[-121.995729617734,37.380579776955],[-121.99573231268,37.3808738700903],[-121.995740397517,37.3815698383282],[-121.995746685724,37.3817589978098],[-121.995758363823,37.3820538001261],[-121.995760160453,37.382110190752],[-121.995761058769,37.3821630123123],[-121.995770041922,37.382489934115],[-121.995772736867,37.3825998594665],[-121.995778126759,37.3828132855004],[-121.99577992339,37.3828696755551],[-121.99576465203,37.3834549875421],[-121.995760160453,37.3836698387227],[-121.995740397517,37.3842401549836],[-121.995750278985,37.3852001894556],[-121.995743990778,37.3859810560129],[-121.995741295832,37.3865592060854],[-121.995755668877,37.3867797584568],[-121.99576644866,37.3869196554176],[-121.995771838552,37.3870188678999],[-121.995828432415,37.3879367555755],[-121.995825737469,37.3884256724952],[-121.995840110514,37.388646219376],[-121.995980247698,37.3886376544607],[-121.995991925797,37.3886376544607],[-121.997689741684,37.3885798412569],[-121.998209866233,37.3885698488467],[-121.998470377666,37.3885698488467],[-121.998650040722,37.3885198867761],[-121.998780296439,37.3883999776708],[-121.9989896039,37.3882400985653],[-121.999030028088,37.3882700759236],[-121.999199809676,37.3883799928012],[-121.999222267558,37.3883892714913],[-121.999380371048,37.3884599322474],[-121.999586983564,37.3884849133068],[-121.999790002818,37.388509894358],[-122.000000208594,37.3884999019385],[-122.00003344626,37.3884970469613],[-122.000249940243,37.3884799170956],[-122.000310127367,37.3884799170956],[-122.000488892109,37.3884763483731],[-122.000895828933,37.3873057982252],[-122.001096153241,37.3867290814321],[-122.001733957093,37.3848996892807],[-122.001989976949,37.383899678839],[-122.00221455577,37.3832308564185],[-122.002891885494,37.3812250671777],[-122.003119159261,37.3805569347215],[-122.003147007035,37.3804748453874],[-122.003299720633,37.3804898356203],[-122.003358111126,37.3804362990603],[-122.003625809081,37.3799123525758],[-122.003847692956,37.3794476503828],[-122.003909676711,37.3782020058766],[-122.003965372259,37.3780399634946],[-122.004053407156,37.3772069030791],[-122.004062390309,37.3771647858115],[-122.004092034714,37.3770191598226],[-122.004146831946,37.3767871570504],[-122.004177374666,37.3766700846099],[-122.00482416167,37.3740073511018],[-122.004855602705,37.3739102630537],[-122.004705584053,37.37391169082],[-122.002967343978,37.3739281101308],[-122.002749951679,37.3739302517797],[-122.002282827731,37.3739302517797],[-122.000719759137,37.3739302517797],[-122.000000208594,37.3739402461408],[-121.999959784407,37.3739502405005],[-121.999129741084,37.3739502405005],[-121.997679860216,37.3739502405005],[-121.997459772971,37.3739502405005],[-121.996884851189,37.3739688014507],[-121.996580322308,37.3739802235715],[-121.996309929407,37.373990217926],[-121.996200334943,37.3739802235715],[-121.99597036623,37.3739802235715],[-121.995579599081,37.3739802235715],[-121.994729792822,37.3739802235715],[-121.994164752509,37.373990217926],[-121.993925800643,37.3739930734555],[-121.992969993181,37.3740102066307],[-121.992570242879,37.3740102066307],[-121.991660249497,37.374020200981],[-121.991150006415,37.3740102066307],[-121.991060174887,37.374020200981],[-121.989895059963,37.3740259120378],[-121.989119813873,37.3740301953301],[-121.987839714593,37.3740501840242],[-121.987023146,37.374068031068],[-121.986939602679,37.3740701727129],[-121.98689558523,37.3740701727129],[-121.986520089441,37.3740701727129],[-121.986229933604,37.3740801670553],[-121.985220227225,37.3740801670553],[-121.985113327706,37.3740823087],[-121.984669559956,37.3740901613964],[-121.983969772349,37.3740901613964],[-121.982449822889,37.3741101500745],[-121.98243994142,37.3740601783692],[-121.98243994142,37.3740102066307],[-121.982432754898,37.3736911006008],[-121.982420178484,37.3729500840469],[-121.982423771745,37.372737343838],[-121.982430059952,37.372419660188],[-121.982430059952,37.3723397036417],[-121.982430059952,37.3722747388851],[-121.982430059952,37.3722597470102],[-121.982430059952,37.3720998334915],[-121.982437246475,37.3718399732965],[-121.98243994142,37.371740026828],[-121.982420178484,37.3717000482033],[-121.982434551529,37.371628657749],[-121.98243994142,37.3716100962198],[-121.982527078003,37.3714337614631],[-121.982560315669,37.3713702237366],[-121.982404907124,37.371365226385],[-121.982402212179,37.3706763025913],[-121.982402212179,37.3705827798062],[-121.982569298821,37.3705827798062],[-121.982571095452,37.370477834252],[-121.983178356584,37.3704742646728],[-121.985001936611,37.370462842018],[-121.985610096058,37.3704599863541],[-121.98594696429,37.3704557028579],[-121.986957568984,37.3704449941165],[-121.987296233846,37.3704421384518],[-121.987902596663,37.3704349992898],[-121.989727973321,37.3704150096323],[-121.990336132768,37.3704092983007],[-121.991120362011,37.3704000173857],[-121.991343144201,37.3704007313023],[-121.992969993181,37.3704100122171],[-121.994365975132,37.3704571306899],[-121.994739674291,37.3704699811774],[-121.995372986566,37.3704978238927],[-121.995905687529,37.3705220970206],[-121.995954196555,37.3705242387669],[-121.996099723631,37.3705306640051],[-121.996140147819,37.3705320918357],[-121.996259623751,37.3705378031581],[-121.996300047939,37.3705399449038],[-121.996370116531,37.3705399449038],[-121.996479710996,37.3705499397166],[-121.996689916772,37.370559934528],[-121.998110153237,37.370609908565],[-121.998328443851,37.3706249007696],[-122.000000208594,37.3707398409055],[-122.00094972785,37.3708597782508],[-122.001350376466,37.3709297416137],[-122.004341766363,37.371532280528],[-122.005860817508,37.3718378315879],[-122.006333331347,37.3719342084163],[-122.007032220638,37.3720741330727],[-122.009128888512,37.3724967610626],[-122.009828676118,37.3726381124603],[-122.010115238694,37.3726952240606],[-122.01097492642,37.3728687002799],[-122.011262387311,37.3729272394896],[-122.011761850609,37.3730271843764],[-122.012370010057,37.3731499736264],[-122.013260240503,37.3733348710132],[-122.013759703801,37.3734398125705],[-122.013940265173,37.373479790268],[-122.014475661083,37.3735883010538],[-122.015859964936,37.3738702855856],[-122.016618143035,37.374068031068],[-122.017326015479,37.3742543539516],[-122.017580238705,37.3743200308731],[-122.017958429439,37.374444959641],[-122.019659838587,37.3750103489492],[-122.019840399959,37.3750681726155],[-122.020470118974,37.3752701981613],[-122.020556357241,37.3751259962372],[-122.020579713438,37.3750603200214],[-122.020630019094,37.3749396755187],[-122.020732427037,37.374656981131],[-122.020789919215,37.374499928233],[-122.020799800683,37.3744499567874],[-122.020851902969,37.3742900479378],[-122.020959700803,37.3739602348588],[-122.021018989612,37.3736546924441],[-122.021039650864,37.3735497511873],[-122.021060312115,37.3734398125705],[-122.021083668313,37.3733448654535],[-122.021150143644,37.3731000012815],[-122.021160923427,37.3730628789465],[-122.021189669516,37.3729700730288],[-122.021223805497,37.3728522807372],[-122.021259738108,37.3727302048943],[-122.021338789853,37.3725053278216],[-122.021380112356,37.3723896764931],[-122.02142323149,37.3722511802232],[-122.021555283837,37.371837117685],[-122.021600199601,37.3717000482033],[-122.021746624992,37.3712752740001],[-122.021779862658,37.3711803241434],[-122.022153561816,37.3699880863914],[-122.022290105739,37.3695597328719],[-122.022441921022,37.3691142426171],[-122.022898265187,37.3677763280975],[-122.02305008047,37.3673301133071],[-122.023059961938,37.3672901323324],[-122.023079724874,37.367240156084],[-122.023140810313,37.3670531018302],[-122.023412101529,37.3662227752192],[-122.023449830771,37.3661099700351],[-122.023504628003,37.3659471875718],[-122.023562120182,37.3657808349527],[-122.02373190177,37.3652853447091],[-122.023790292264,37.3651197045895],[-122.023852276018,37.3649362148923],[-122.023950192384,37.3646499129509],[-122.024029244129,37.3643821732392],[-122.024084041362,37.364195825836],[-122.024122668919,37.3640637402316],[-122.024240348221,37.3636710519266],[-122.024279874094,37.3635396793804],[-122.024390366874,37.3631527002174],[-122.024439774214,37.3629799155186],[-122.024686810917,37.3622987686569],[-122.024747896357,37.362128837973],[-122.024790117175,37.3620160266343],[-122.024870067235,37.3617996854279],[-122.02489971164,37.361729713551],[-122.024930254359,37.3616397496136],[-122.024990441483,37.3616897295922],[-122.025039848824,37.3617397095374],[-122.025471938476,37.3620909962137],[-122.027120347022,37.3634297260942],[-122.027212873496,37.3635082641722],[-122.027629691788,37.3638602565483],[-122.027655742931,37.3638809619308],[-122.027704251957,37.3639202307439],[-122.027849779033,37.3640387510371],[-122.027899186373,37.3640787337444],[-122.027971051596,37.3641379937892],[-122.028086934268,37.3642322385833],[-122.02821988493,37.3643400487709],[-122.028644788059,37.364702032837],[-122.028829841008,37.3648598202167],[-122.029483814535,37.3653910114909],[-122.030160245943,37.365940047982],[-122.030419859061,37.3661499516387],[-122.031160070855,37.3667796590857],[-122.03143136207,37.3670016975261],[-122.031760145464,37.367270141837],[-122.032040419833,37.367460051328],[-122.03210959011,37.3675000322122],[-122.03222008289,37.3675799939167],[-122.032385372902,37.3676970805446],[-122.032440170135,37.3677399170701],[-122.032912683974,37.3679997914673],[-122.032950413216,37.3680197817682],[-122.033100431868,37.3680797526391],[-122.033271111772,37.3681611416016],[-122.03330973933,37.3681797039841],[-122.033811897573,37.368335342242],[-122.033994255576,37.3683910292466],[-122.034120019716,37.3684302956994],[-122.034235004072,37.3684531416262],[-122.034570075673,37.3685202514956],[-122.034839570258,37.3685802219665],[-122.034966232713,37.3686059235822],[-122.035210574471,37.3686573267872],[-122.035320168935,37.3686801726448],[-122.035499831992,37.3687101578223],[-122.035654342221,37.3687380011907],[-122.035764835001,37.3687587052272],[-122.0359822273,37.3687986854193],[-122.036409825375,37.3688800736019],[-122.036634404196,37.3689300487579],[-122.036849999864,37.3689800238807],[-122.036897610574,37.3689871631812],[-122.03698025558,37.3690000139205],[-122.037042239335,37.369017148236],[-122.037089850045,37.3690299989701],[-122.037280292885,37.3690699790178],[-122.037862401189,37.3692091950887],[-122.038280117797,37.369309858856],[-122.038943074476,37.3694797732773],[-122.039032007689,37.3695019049593],[-122.039100279651,37.3695197530852],[-122.039279942708,37.3695597328719],[-122.039659930073,37.3696696771752],[-122.040163884947,37.3698038946777],[-122.040819655105,37.3699802332656],[-122.040869960761,37.3700002230388],[-122.040930147885,37.3700102179235],[-122.041140353661,37.3700701872033],[-122.042130297104,37.3703200586868],[-122.042436622616,37.3703971617194],[-122.044149709863,37.3708297939325],[-122.046320039589,37.3713002607845],[-122.046988386161,37.3714501813162],[-122.047699851866,37.3716100962198],[-122.048389758004,37.3717500214808],[-122.048449945128,37.3717700107825],[-122.048510132252,37.3717800054314],[-122.049384193024,37.3719563393742],[-122.050340000486,37.3721498065027],[-122.050949956564,37.372289730757],[-122.051990205663,37.372561011731],[-122.052140224315,37.3726002760012],[-122.05284989339,37.3728001665128],[-122.053538901213,37.3729929175731],[-122.054560285691,37.3732799015674],[-122.054940273056,37.3733798459843],[-122.055320260421,37.373479790268],[-122.055579873538,37.3735597455991],[-122.055607721312,37.3735683122366],[-122.055969742371,37.3736796784359],[-122.056290440928,37.3737903305855],[-122.056361407835,37.3738117471118],[-122.056631800736,37.373895985389],[-122.05673959857,37.3739302517797],[-122.056879735754,37.373990217926],[-122.057345063071,37.3741686883155],[-122.057635218908,37.3742800536234],[-122.057660371736,37.3742900479378],[-122.057970290509,37.374409979607],[-122.05803676584,37.3744356792254],[-122.05824068341,37.3745142057828],[-122.058309853687,37.3745413331198],[-122.058409566683,37.3745777408463],[-122.058462567285,37.3745991571477],[-122.059374357298,37.3730621650553],[-122.05978937896,37.3723639761737],[-122.060348131066,37.3714573203817],[-122.061380295328,37.3697831909297],[-122.06209984587,37.3686123489848],[-122.062310949962,37.3682482419723],[-122.063258672587,37.3667232569335],[-122.062990974632,37.3663427197858],[-122.062619072105,37.3657986839639],[-122.062316339854,37.3650368843926],[-122.061992946352,37.3646163562927],[-122.061983064883,37.3642772190116],[-122.062157338049,37.3636067936447],[-122.062107930708,37.362869247424],[-122.061602179203,37.3625186783824],[-122.061833944546,37.3619089271051],[-122.061485398216,37.3611356639688],[-122.061627332031,37.360775090715],[-122.061708180406,37.360665133378],[-122.061710875352,37.3606008725221],[-122.061712671983,37.3605680280634],[-122.061753994486,37.3604152297403],[-122.061815978241,37.3601510449899],[-122.061858199059,37.3600460848445],[-122.061895928301,37.3599696851905],[-122.061932759227,37.3598982835744],[-122.062022590756,37.3597933230755],[-122.06216093131,37.3596340970043],[-122.062291187026,37.3595077155324],[-122.062373832032,37.3594198909944],[-122.062457375353,37.359304933517],[-122.062504986063,37.359162128952],[-122.062539122044,37.359025036314],[-122.06257415634,37.3589150764129],[-122.062539122044,37.3587829815136],[-122.062422341057,37.3586230392702],[-122.062352272465,37.3585552065194],[-122.062202253813,37.3584088303746],[-122.062001929504,37.35820604539],[-122.061815978241,37.3580632387341],[-122.061616552247,37.3579197177712],[-122.061114394004,37.3576069696476],[-122.06103893552,37.3575298534716],[-122.060956290514,37.3574041824966],[-122.060922154533,37.3572992185095],[-122.060914968011,37.3570850058356],[-122.060914968011,37.3568872155905],[-122.060956290514,37.356463785624],[-122.061011087746,37.3563538219704],[-122.061135055255,37.3562003010159],[-122.061409041417,37.3560803402375],[-122.061548280286,37.3559510965652],[-122.061647094967,37.3558318494437],[-122.061669552849,37.3557197426956],[-122.06163901013,37.3554048432273],[-122.061583314582,37.355337007568],[-122.061534805557,37.3553013045648],[-122.061403651525,37.3552063344935],[-122.061256327819,37.3551177908603],[-122.061217700261,37.3550956549356],[-122.060951798937,37.3549921158466],[-122.060731711693,37.3548071732563],[-122.060721830224,37.3547657574787],[-122.06077033925,37.3546450803411],[-122.060852984256,37.3545579641804],[-122.060984138287,37.3544529962131],[-122.061310226736,37.3542551990323],[-122.061035342259,37.3538531764412],[-122.060470301945,37.3529098787472],[-122.060290638888,37.3525971097489],[-122.060269977637,37.3525599772699],[-122.06009031458,37.3523200438857],[-122.060030127456,37.3521900796491],[-122.060016652726,37.3521600878702],[-122.05998161843,37.3520701124617],[-122.059969940332,37.3520401206349],[-122.06005977186,37.3520401206349],[-122.060330164761,37.3520401206349],[-122.060419996289,37.3520401206349],[-122.060457725531,37.3520401206349],[-122.060571811572,37.3520401206349],[-122.060610439129,37.3520401206349],[-122.060713745387,37.3520401206349],[-122.061026359106,37.3520401206349],[-122.061129665363,37.3520401206349],[-122.06137221049,37.3520401206349],[-122.06209804924,37.3520401206349],[-122.062339696051,37.3520401206349],[-122.062469951767,37.3520401206349],[-122.062543613621,37.3520408347262],[-122.06307900953,37.3520536883676],[-122.063158061275,37.352055830641],[-122.06336287716,37.3520608292785],[-122.063720406643,37.3520701124617],[-122.063859645512,37.3520658279158],[-122.065351747199,37.3520301233567],[-122.065390374756,37.3520301233567],[-122.065850312182,37.3520301233567],[-122.066453081737,37.3520301233567],[-122.06806016778,37.3520301233567],[-122.068264983665,37.352030837448],[-122.068868651536,37.3520358360873],[-122.068966567902,37.3520358360873],[-122.069261215315,37.3520386924524],[-122.069360029997,37.3520401206349],[-122.069557659359,37.3520422629087],[-122.070152344077,37.3520479756384],[-122.07034997344,37.3520501179118],[-122.070561975847,37.3520536883676],[-122.071197983068,37.3520658279158],[-122.071409985475,37.3520701124617],[-122.071586055271,37.3520736829165],[-122.071780091372,37.3520801097347],[-122.072116959604,37.3520851083707],[-122.072293927714,37.3520886788247],[-122.072415200278,37.3520908210971],[-122.072778119653,37.3520972479137],[-122.072900290531,37.3521001042765],[-122.073035037824,37.3521001042765],[-122.073210209304,37.3521001042765],[-122.073441974648,37.3521058170018],[-122.073577620255,37.3521101015455],[-122.073655773685,37.3521122438172],[-122.07389113229,37.3521179565416],[-122.073970184035,37.3521200988131],[-122.074149847091,37.3521200988131],[-122.07423967862,37.3521200988131],[-122.074689734577,37.3521336665313],[-122.074870295949,37.3521400933443],[-122.075076010149,37.3521458060666],[-122.075694051065,37.3521636583207],[-122.075899765265,37.3521700851312],[-122.076160276697,37.3521800823908],[-122.076270769477,37.3521800823908],[-122.07715022014,37.3521800823908],[-122.077387375375,37.3521736555812],[-122.07755985191,37.3521700851312],[-122.077760176218,37.3521700851312],[-122.077809583559,37.3521700851312],[-122.07807997646,37.352200076906],[-122.078149146736,37.352202933265],[-122.078629745413,37.3522300686689],[-122.079321448182,37.3522450645459],[-122.079549620264,37.3522500631708],[-122.079712215331,37.3522550617955],[-122.079890980072,37.3522600604199],[-122.080429969243,37.3522750562908],[-122.0806096323,37.3522800549138],[-122.080972551674,37.3522893380699],[-122.081349844094,37.3523000494024],[-122.08206490306,37.3523000494024],[-122.082429619065,37.3523000494024],[-122.082559874781,37.3523100466447],[-122.082753012568,37.352315759354],[-122.083335120872,37.3523343256562],[-122.083530055288,37.3523400383637],[-122.083716904867,37.3523421806289],[-122.084210079958,37.3523500356006],[-122.084279250235,37.3523500356006],[-122.08446699813,37.3523500356006],[-122.084751764075,37.3523500356006],[-122.085439873582,37.3523500356006],[-122.085606960225,37.352350749689],[-122.085703079961,37.3523521778656],[-122.085454246627,37.3519679973833],[-122.085219786338,37.3518758794662],[-122.085514433751,37.3514081472126],[-122.08551263712,37.3513388797456],[-122.08551263712,37.3512481892541],[-122.085516230381,37.3511932036271],[-122.085519823643,37.3511332192609],[-122.085537789948,37.3510682361433],[-122.085597977072,37.3509846863382],[-122.08566894398,37.3508889967035],[-122.085739012572,37.3507868800185],[-122.085914184052,37.350474102175],[-122.085968082969,37.350274866294],[-122.085989642536,37.35019488615],[-122.085651875989,37.3498256909879],[-122.085726436158,37.3496950083195],[-122.085785724967,37.3495821782917],[-122.085829742416,37.3494979127172],[-122.085909692476,37.3493572318441],[-122.086012998734,37.3491751318452],[-122.085854895244,37.3488487789774],[-122.085625824846,37.3486459681655],[-122.085641994521,37.3485438484295],[-122.086083965641,37.348350320437],[-122.086195356736,37.3482160645624],[-122.086189966845,37.3479282705756],[-122.086449579962,37.3479411249211],[-122.086595107038,37.3479482662232],[-122.08669571835,37.3476347624205],[-122.08679093977,37.3473469662055],[-122.086975094403,37.3472469871133],[-122.087212249638,37.3472741243086],[-122.087293098013,37.3472826939472],[-122.087410777316,37.3472962625397],[-122.087428743621,37.3472262771418],[-122.087456591395,37.3471170140944],[-122.087481744223,37.347017034696],[-122.08750330379,37.3469327662426],[-122.087531151564,37.3468242169089],[-122.087498812214,37.346797079551],[-122.087504202105,37.346509280125],[-122.087549117869,37.3464592900378],[-122.087576067328,37.3464300101142],[-122.087612898255,37.3463893038599],[-122.087673085379,37.3463243166362],[-122.087973122684,37.3462643283799],[-122.088014445187,37.3462529020399],[-122.08805756432,37.3461322112177],[-122.08813571775,37.3459322496651],[-122.088512111854,37.3458708327956],[-122.088828318834,37.3458022743703],[-122.088905573948,37.3456037402441],[-122.089412223769,37.3451559653057],[-122.089426596813,37.3450288452991],[-122.089584700303,37.3450052780831],[-122.089719447596,37.3449688560077],[-122.08987485614,37.3449210073719],[-122.08990539886,37.3449088666684],[-122.090071587187,37.344853162239],[-122.090186571544,37.3448160259298],[-122.090214419317,37.3446210600051],[-122.090232385623,37.3444796558309],[-122.090380607645,37.3443382513904],[-122.090594406683,37.3442546940959],[-122.090527033036,37.3440911500623],[-122.090480320641,37.3439768832772],[-122.090526134721,37.3437883427017],[-122.090383302591,37.3435626647238],[-122.090306945792,37.3434426837505],[-122.090712085985,37.343237715811],[-122.090676153373,37.3430991657371],[-122.090839646755,37.3428220648224],[-122.090677950004,37.3427220797052],[-122.090921393446,37.3425356785242],[-122.090983377201,37.342382129311],[-122.091007631713,37.3423899853249],[-122.091006733398,37.3423671314641],[-122.091004038452,37.3422907138165],[-122.090887257465,37.3420850285467],[-122.091083090197,37.3420521759862],[-122.091278024614,37.3419007683476],[-122.091387619078,37.3418193509063],[-122.091413670222,37.3417943543057],[-122.091481043868,37.3417286489159],[-122.091607706323,37.3416100933933],[-122.091622079368,37.3415950953921],[-122.091799047479,37.3417157935069],[-122.092220357347,37.3415158201935],[-122.092087406685,37.3411508675241],[-122.092264374796,37.3408337643518],[-122.092029914507,37.3405288012541],[-122.092075728586,37.340471665173],[-122.092124237611,37.340411672241],[-122.092164661799,37.3403402520215],[-122.092239221968,37.3402638323113],[-122.092282341101,37.3402202658997],[-122.092329951812,37.3401652721965],[-122.092337138334,37.3400988511766],[-122.09230929056,37.3399717226092],[-122.092213170825,37.3399117292779],[-122.09215118707,37.3398181681536],[-122.09218172979,37.339691039111],[-122.092283239417,37.3392732258541],[-122.092317375398,37.3391382395358],[-122.092329951812,37.3390882445416],[-122.092334443388,37.3390768171097],[-122.092364087792,37.3390518195963],[-122.092426071547,37.3389996818987],[-122.092535666012,37.3389232608245],[-122.09254734411,37.3389039769897],[-122.092623700909,37.3387682757903],[-122.092615616072,37.3386247179388],[-122.092605734604,37.3385497249222],[-122.092524886228,37.3383718840407],[-122.0926407689,37.3381211919623],[-122.092585971667,37.3380133441156],[-122.092611124495,37.3378290739265],[-122.092811448804,37.3377397955716],[-122.092833008371,37.3377419382533],[-122.092826720164,37.3377890772366],[-122.092910263485,37.3380397704235],[-122.093310013786,37.3380262001585],[-122.094291872392,37.3379869177984],[-122.095215340504,37.3379669194982],[-122.095365359157,37.3379512065442],[-122.095269239421,37.3350456820148],[-122.09523330681,37.3350406822445],[-122.095239595017,37.3340407214868],[-122.095485733405,37.3337878721582],[-122.095681566137,37.3336307337285],[-122.095870212346,37.3334043109586],[-122.095957348929,37.3330821751792],[-122.096011247846,37.3327771806073],[-122.096143300193,37.3325521838179],[-122.096109164212,37.3324978987773],[-122.096049875403,37.3324000427498],[-122.096030112467,37.332320043567],[-122.096030112467,37.3322600441239],[-122.096059756871,37.3322200444686],[-122.096180131119,37.332140045094],[-122.096379557112,37.3319800460894],[-122.096553830277,37.3318150467589],[-122.096690374201,37.3317000470112],[-122.096958970471,37.3315593327948],[-122.097090124502,37.3314900470178],[-122.097488976488,37.3314829041506],[-122.097823149774,37.3314243326135],[-122.098262425948,37.3314157611653],[-122.098904721376,37.331620047083],[-122.09921823341,37.3318243324451],[-122.099813816444,37.3320507599772],[-122.100213566745,37.3322471870942],[-122.100715724989,37.3324200425322],[-122.10119362872,37.3325300412403],[-122.101578107662,37.3327957517407],[-122.101828737626,37.3331493166751],[-122.102558169636,37.3340592923079],[-122.103310957845,37.3348106924489],[-122.103843658808,37.3352192452647],[-122.104597345331,37.3354856605018],[-122.105449846536,37.3358927811568],[-122.106118193107,37.3362070482235],[-122.107153052315,37.3366463056702],[-122.108798765915,37.3367398707457],[-122.109692589623,37.33650488648],[-122.110164205147,37.3364727457178],[-122.110869382645,37.3365677394863],[-122.111606001178,37.3365991659697],[-122.112358789386,37.3366298782022],[-122.113159188304,37.3367562981897],[-122.114083554732,37.3367091585583],[-122.1147105788,37.3366927311039],[-122.115369942219,37.3365827384914],[-122.116263765926,37.3363948935924],[-122.117251912739,37.336442033421],[-122.118505960875,37.3366463056702],[-122.119321631153,37.3372098370718],[-122.120059148002,37.3378690705951],[-122.120837987353,37.3381983280756],[-122.121862066777,37.3384261648363],[-122.122242952457,37.338511157056],[-122.122649889281,37.3384533052194],[-122.123477237658,37.3384997295362],[-122.124284823098,37.3385511533613],[-122.124860643195,37.3386490013758],[-122.125237037299,37.3387161378959],[-122.12636262635,37.3391896629238],[-122.127029176291,37.3394332093245],[-122.127640929,37.3395039161962],[-122.128375750902,37.3396310455555],[-122.129074640193,37.3396917533197],[-122.129954090856,37.3398331665096],[-122.130659268354,37.3399117292779],[-122.131105731051,37.3400759966186],[-122.131678856202,37.340123134137],[-122.132030995793,37.3402166948812],[-122.132062436828,37.3392610842375],[-122.132219642003,37.3311021883438],[-122.133073041523,37.3311000454726],[-122.145704252733,37.3310471879645],[-122.146220784021,37.3310493308372],[-122.15008982795,37.3310043304982],[-122.150108692571,37.3302257489377],[-122.150134743714,37.3277899508489],[-122.150142828552,37.3273370694192],[-122.150197625784,37.3248468871121],[-122.150292847204,37.3196876754156],[-122.150300033726,37.3172258165199],[-122.150528205808,37.317162947332],[-122.164841961546,37.3165699739957],[-122.164809622195,37.3136557635555],[-122.164708112568,37.3057863308848],[-122.164910233507,37.305869930966],[-122.165249796685,37.3060199821608],[-122.165680089706,37.3061600296725],[-122.166120264195,37.3063701004509],[-122.166560438684,37.3066501939092],[-122.166845204629,37.3068909877064],[-122.167009596326,37.3070303190766],[-122.167110207638,37.3071496436859],[-122.167239565039,37.3072896890936],[-122.167369820755,37.3074497406686],[-122.167599789468,37.3078398649556],[-122.167730045184,37.308119952939],[-122.167799215461,37.3083157281038],[-122.167889945305,37.3085700921551],[-122.168013014499,37.3088909040151],[-122.168056133632,37.3089916486597],[-122.168124405594,37.3091052541609],[-122.168196270817,37.3091967100371],[-122.168308560227,37.3093088862335],[-122.168424442899,37.3093960548819],[-122.168568173344,37.3094810799416],[-122.168778379121,37.3095811093006],[-122.168886176955,37.3099847978611],[-122.169191604151,37.3102898849457],[-122.169559015103,37.3105249511993],[-122.170094411012,37.3108993409186],[-122.170475296692,37.3112337179467],[-122.170596569256,37.3114930734636],[-122.170598365886,37.3117367096493],[-122.170812164924,37.3119817739898],[-122.171177779245,37.3121182380429],[-122.171468833397,37.3121789680393],[-122.172078789474,37.3122468426831],[-122.173010342424,37.3124347479563],[-122.1737730121,37.3126397999428],[-122.174275170344,37.3127419684938],[-122.174352425459,37.3127519710019],[-122.17446830813,37.31276983262],[-122.175405250972,37.312801983522],[-122.175701695015,37.3127641169027],[-122.175816679372,37.3127491131426],[-122.176682655306,37.3125719256537],[-122.177030303321,37.3125011934347],[-122.177619598147,37.3123811628502],[-122.178383166138,37.3120067805102],[-122.178962579497,37.311755285983],[-122.179710876128,37.3113130251006],[-122.180336103566,37.3106571309887],[-122.180733158922,37.310137698803],[-122.181159858682,37.3097947429858],[-122.181755441715,37.3095661049052],[-122.182319583713,37.309528236656],[-122.183190051224,37.3097947429858],[-122.183845821381,37.3100390991657],[-122.184562676978,37.3105270946572],[-122.185142988651,37.311092250924],[-122.185569688411,37.3116702634952],[-122.185736775054,37.3120596514117],[-122.185798758809,37.3122039744942],[-122.185876013923,37.312541203587],[-122.185875115608,37.3128219885208],[-122.185876013923,37.3128369922663],[-122.185887692022,37.3129741692299],[-122.185890386968,37.3129977464952],[-122.186012557846,37.3131956523405],[-122.186287442323,37.3134399974668],[-122.186340442925,37.3135578829893],[-122.186394341842,37.3136771972391],[-122.186347629447,37.3138372352168],[-122.186306306944,37.3138858181069],[-122.186262289495,37.313940116594],[-122.186191322588,37.3140408544727],[-122.186155389977,37.3140937239437],[-122.186090711276,37.3142551899358],[-122.186058371926,37.3143409239499],[-122.186165271445,37.3146309899725],[-122.186218272047,37.3147367280472],[-122.186296425476,37.3148931915471],[-122.186333256403,37.3149660648468],[-122.186379070482,37.3152718461579],[-122.186597361096,37.3155483342631],[-122.186912669761,37.3156826485312],[-122.187293555442,37.3157748108423],[-122.187644796718,37.315919841227],[-122.188571858091,37.3165442545644],[-122.189189899006,37.3169600509579],[-122.189268052436,37.3170329222539],[-122.189402799729,37.3171622329091],[-122.18950161441,37.3172551078281],[-122.18957976784,37.3173301221019],[-122.189655226324,37.3173937055707],[-122.189860042208,37.3175701672752],[-122.18988070346,37.3175851700731],[-122.189963348466,37.3176423235614],[-122.189995687816,37.3176651849445],[-122.190097197443,37.3177359123046],[-122.190131333424,37.3177602024937],[-122.190237334628,37.3177887791767],[-122.1904825747,37.317858077588],[-122.19056072813,37.3178609352531],[-122.190672119225,37.3178666505828],[-122.19132070286,37.3178959416413],[-122.191643198047,37.3179109443742],[-122.192664582525,37.3180102481018],[-122.193061637881,37.3182767243628],[-122.192987976028,37.3183760276072],[-122.192786753404,37.3186510754769],[-122.192512767242,37.3187946714971],[-122.192162424282,37.3190940075929],[-122.191353042211,37.3194833570552],[-122.190529287095,37.3199327138357],[-122.189860042208,37.3203499202696],[-122.189719006709,37.3204370761158],[-122.188759605985,37.3209157170757],[-122.188736249788,37.3209221465604],[-122.187340267836,37.3215350882411],[-122.186515614406,37.3220308672489],[-122.18611855905,37.3224887812655],[-122.185776300927,37.3231410003127],[-122.185458297316,37.3237367792487],[-122.185433144488,37.3237860701002],[-122.185292108989,37.3240068069951],[-122.185020817773,37.3244339917656],[-122.184780069277,37.3248083122104],[-122.184609389373,37.325074764368],[-122.184503388169,37.3252240628851],[-122.184187181189,37.3256740996827],[-122.184082976616,37.3258241113496],[-122.183682327999,37.3263948672876],[-122.183038235941,37.3273142109781],[-122.182208192618,37.326809894853],[-122.18161171127,37.326449156738],[-122.181784187804,37.3264720154423],[-122.182275566265,37.326541305847],[-122.182299820777,37.3265327338416],[-122.182466009105,37.3264798731202],[-122.182324973605,37.326449156738],[-122.181902765422,37.3263570075161],[-122.181870426071,37.3263498641608],[-122.181775204651,37.3262962889748],[-122.181608118008,37.3261998535436],[-122.181482353869,37.3261291341487],[-122.181237113796,37.3259691223429],[-122.181147282268,37.3260219834236],[-122.181114942917,37.3260312698258],[-122.180930788284,37.326086273877],[-122.180839160125,37.326111990043],[-122.180564275648,37.3261927101734],[-122.180472647489,37.3262198549765],[-122.180229204047,37.3263091470229],[-122.179630926068,37.3265277335046],[-122.179545586116,37.3264141543337],[-122.179391075887,37.3262069969131],[-122.17936771969,37.3262041395654],[-122.179302142674,37.3261969961956],[-122.179279684792,37.3261948531845],[-122.179250938703,37.3261548503],[-122.179167395381,37.3260348415186],[-122.179138649292,37.3259962672268],[-122.178741593937,37.3254340803928],[-122.178615829797,37.32525620846],[-122.178545761205,37.3251583430003],[-122.176846148687,37.325437652114],[-122.176168818963,37.325551232761],[-122.175948731719,37.3255862355673],[-122.175654084305,37.3256348108633],[-122.175292961561,37.3257012446732],[-122.175074670947,37.3257412477992],[-122.175900222693,37.3265491635177],[-122.178377776247,37.3289742871732],[-122.179205124623,37.3297828824316],[-122.179727944119,37.330184319601],[-122.180010015118,37.3303900374615],[-122.180450189607,37.3307107561969],[-122.180643327393,37.3308321860957],[-122.18076010838,37.3309479014637],[-122.181082603567,37.3313707610458],[-122.181337725108,37.3317607611857],[-122.181606321378,37.3321179023949],[-122.181874019333,37.3322993294789],[-122.182163276854,37.3324393280316],[-122.182272871319,37.3324921845602],[-122.182492958563,37.3326400397873],[-122.182722927276,37.3328571793033],[-122.182844199839,37.3329700344619],[-122.182928641476,37.3330821751792],[-122.183043625832,37.3332328863256],[-122.183064287084,37.333305027573],[-122.183156813558,37.333437167302],[-122.183297849058,37.3336350193264],[-122.183367019335,37.3337993003948],[-122.183414630045,37.3338650127215],[-122.183443376134,37.3339750093137],[-122.183587106579,37.3342278580125],[-122.183629327398,37.3343271401785],[-122.183800007302,37.3345307039213],[-122.183814380346,37.3345471318484],[-122.183882652308,37.3346899832372],[-122.184077586724,37.3348421196675],[-122.184226707062,37.3349592573663],[-122.184372234138,37.3352942416066],[-122.184716288891,37.33565065177],[-122.185231921865,37.3364591751696],[-122.185231921865,37.3365027437629],[-122.185466382154,37.3368977169066],[-122.185499619819,37.3370027094182],[-122.185557111997,37.3371112729493],[-122.185610112599,37.3372119797687],[-122.185775402611,37.3376176626101],[-122.185858047618,37.3384533052194],[-122.185954167353,37.3387011393168],[-122.186524597558,37.3391132420429],[-122.186752769641,37.3392060898319],[-122.187068976621,37.339431066691],[-122.187281877343,37.3396460439489],[-122.187708577103,37.3399810072871],[-122.187833442927,37.3400410005631],[-122.188334702856,37.3403881035761],[-122.189332731137,37.3411508675241],[-122.18962917518,37.3413979785274],[-122.189766617419,37.341497251216],[-122.190104383966,37.3418222076601],[-122.190290335229,37.341970044522],[-122.19041969263,37.3421678740703],[-122.190840104183,37.3426456624187],[-122.190915562667,37.3427942118388],[-122.190965868323,37.3428677722601],[-122.191197633666,37.3432120055073],[-122.191404246182,37.34347482153],[-122.191459043414,37.3434919616734],[-122.191885743174,37.3437833435134],[-122.192016897206,37.3439147506399],[-122.192443596965,37.3441947041861],[-122.193023010324,37.3446332007551],[-122.193503609001,37.3449967081846],[-122.193541338243,37.3450302736149],[-122.193633864717,37.3451131158893],[-122.193854850277,37.3453873517316],[-122.194163870735,37.3456680139396],[-122.194274363515,37.3458651195959],[-122.194357008521,37.3459858108475],[-122.19448097603,37.3461243555953],[-122.194542959784,37.3462343342337],[-122.194728911048,37.3464257252464],[-122.194804369532,37.3465149932757],[-122.194872641494,37.3465956914829],[-122.194948998293,37.3467278078296],[-122.195210408041,37.347024890225],[-122.195272391795,37.3472548426182],[-122.195471817788,37.3475912002851],[-122.195644294323,37.3477718758621],[-122.195775448354,37.3479532651343],[-122.195852703469,37.3481360822252],[-122.195864381567,37.3481617908428],[-122.195899415864,37.3482989033219],[-122.195870669774,37.3493429495072],[-122.195981162554,37.3495957464686],[-122.195926365322,37.3498928175161],[-122.195830245587,37.3501020519474],[-122.19580868602,37.3502063118901],[-122.195803296128,37.3505797898113],[-122.195870669774,37.3508490069693],[-122.19606380756,37.3513103158231],[-122.196180588547,37.3514588481015],[-122.196518355094,37.3517352030491],[-122.196696221521,37.351880164023],[-122.196972902628,37.352107245183],[-122.197131006118,37.3522057896237],[-122.197240600583,37.3523378960984],[-122.197369059668,37.3526699464813],[-122.197460687827,37.3529091646642],[-122.197708622846,37.3532547800357],[-122.197929608406,37.3537110755787],[-122.197997880367,37.3537989067968],[-122.198019439934,37.3539588593203],[-122.198081423689,37.3541230959317],[-122.198205391198,37.3542723367148],[-122.19841829192,37.3543980129336],[-122.198613226337,37.3546136614095],[-122.198775821403,37.3547943200864],[-122.199051604195,37.3550192502424],[-122.199286064485,37.355261317181],[-122.199622932716,37.3553927042191],[-122.199711865929,37.3554591117106],[-122.199843019961,37.3556183466391],[-122.20001459818,37.3558982565467],[-122.200449382778,37.3567329816803],[-122.201007236569,37.3574812988016],[-122.201076406846,37.3576069696476],[-122.201336918278,37.3578383177001],[-122.201488733561,37.3580461019172],[-122.201832788315,37.3588208249409],[-122.202011553057,37.3592606641309],[-122.202238826824,37.3596890764482],[-122.20226038639,37.3597390577259],[-122.202377167377,37.3599689711747],[-122.202466998906,37.3602717132751],[-122.202470592167,37.3603781011289],[-122.202486761842,37.3607722346823],[-122.20243196461,37.3609471664839],[-122.202424778087,37.3615519275706],[-122.202521796138,37.3618539492874],[-122.202548745597,37.3625022565745],[-122.202590966415,37.3627200237348],[-122.202652950169,37.363046316297],[-122.202598152937,37.3632169588882],[-122.202266674597,37.3638209877038],[-122.202233436932,37.3639466479339],[-122.202239725139,37.3640901573711],[-122.202288234164,37.3642500879628],[-122.202293624056,37.3644200138431],[-122.202295420686,37.3644307234445],[-122.202211877365,37.3646449151517],[-122.2021022829,37.3647877092835],[-122.201889382178,37.3650018999717],[-122.201634260637,37.3653867277053],[-122.201489631877,37.3657829768343],[-122.201476157147,37.3659200571269],[-122.201442021167,37.3660407161356],[-122.201421359915,37.3665019316227],[-122.201332426702,37.3667610963567],[-122.201318053657,37.3670131207078],[-122.201468970625,37.3673929405102],[-122.201489631877,37.3674857533275],[-122.201545327424,37.3675849915204],[-122.201585751612,37.3677827535712],[-122.201600124657,37.3680076448004],[-122.201565988676,37.3681511464706],[-122.201476157147,37.3682332492928],[-122.201365664367,37.3685081146088],[-122.201207560877,37.3693926743363],[-122.201236306966,37.3694583555143],[-122.201236306966,37.3699688105356],[-122.201270442947,37.3704043008851],[-122.20120127267,37.3708048069913],[-122.201112339457,37.371056817759],[-122.20105664391,37.3711560512284],[-122.201007236569,37.3712153056835],[-122.200939862923,37.3712938356121],[-122.200830268458,37.3715080077269],[-122.200806912261,37.371588679065],[-122.200706300949,37.3719641922932],[-122.200644317194,37.3720741330727],[-122.20047184066,37.3722333327471],[-122.200127785906,37.372419660188],[-122.200030767855,37.3724482160768],[-122.19998405546,37.372451071665],[-122.199832240177,37.3724639218109],[-122.199562745592,37.372525316922],[-122.19950974499,37.3725481616017],[-122.199357031392,37.37261812339],[-122.199328285303,37.3726709516358],[-122.199260013341,37.3727937414689],[-122.199207911055,37.3729722147052],[-122.199198029587,37.3730079093015],[-122.199218690838,37.3731671069941],[-122.199287861115,37.3732877543478],[-122.199287861115,37.3735633150315],[-122.199357031392,37.3737503530535],[-122.199359726338,37.3739159741188],[-122.199360624653,37.3739316795457],[-122.199364217914,37.3740473284968],[-122.199346251609,37.3742422179924],[-122.199329183618,37.3744199739041],[-122.199184554858,37.374669117023],[-122.199156707084,37.3747169466962],[-122.199076757023,37.3748240279434],[-122.198978840657,37.3749396755187],[-122.198731803954,37.3751980972339],[-122.198580886987,37.3753237384091],[-122.197891879164,37.3755928668092],[-122.197376246191,37.3760768671784],[-122.197051954373,37.3763352849756],[-122.196901037405,37.3765437318318],[-122.196749222122,37.3768456932022],[-122.196719577718,37.3768699642761],[-122.196707899619,37.3769292142177],[-122.196700713097,37.3771076776142],[-122.196699814782,37.377368947261],[-122.196675560269,37.3775352741849],[-122.196598305155,37.3776387821702],[-122.196453676394,37.3777387207791],[-122.196348573506,37.3777908315724],[-122.196233589149,37.3778800622987],[-122.196120401423,37.3781399015689],[-122.195965891195,37.3787331026832],[-122.195767363517,37.379090734301],[-122.195508648715,37.3794612131604],[-122.195127763034,37.3798588156036],[-122.194989422481,37.3800779600347],[-122.19489240443,37.3804648518971],[-122.194845692035,37.38066472145],[-122.194754063876,37.3808717286396],[-122.194544756415,37.3811222779564],[-122.19422944775,37.3813706849998],[-122.194058767846,37.3815769764305],[-122.193894376149,37.3818810589579],[-122.193817121035,37.3820309583416],[-122.193726391191,37.3822386755637],[-122.193720102984,37.3822529516403],[-122.193570982647,37.3824007088736],[-122.193099367123,37.3827369090296],[-122.192212729937,37.3835613425224],[-122.191984557855,37.3837469280327],[-122.191503060863,37.3840988254508],[-122.191275787096,37.3842137449396],[-122.191008089141,37.384400756402],[-122.190903884568,37.3845106789522],[-122.190814951355,37.3846812727209],[-122.190772730537,37.3848682830172],[-122.190621813569,37.3851102536625],[-122.190505032582,37.3852530088393],[-122.19049784606,37.3854293111075],[-122.190581389382,37.3855877686627],[-122.191000902619,37.3859182443786],[-122.191076361103,37.3860388712208],[-122.191062886374,37.3861759144983],[-122.190973054845,37.3864121708106],[-122.190841900814,37.386691965843],[-122.190773628852,37.3868961013558],[-122.190794290104,37.387390021346],[-122.1908293244,37.3874892332059],[-122.190959580116,37.3876812327635],[-122.191111395399,37.3879731567991],[-122.191124870128,37.3881480251758],[-122.191021563871,37.3884891957733],[-122.191015275664,37.3885826962309],[-122.191042225122,37.3886476468618],[-122.191021563871,37.3887639868622],[-122.190973054845,37.3888132350288],[-122.190621813569,37.3889067350823],[-122.190422387576,37.3889838190081],[-122.190354115615,37.3890387769438],[-122.190319081319,37.3891208569028],[-122.190277758815,37.3894120615972],[-122.190304708274,37.3894998510258],[-122.19060833884,37.3898852668131],[-122.190636186614,37.390000177433],[-122.190621813569,37.3903741710257],[-122.190567016337,37.3905283357804],[-122.190354115615,37.3906539512721],[-122.190208588539,37.3907139040462],[-122.190133130055,37.3907581548724],[-122.190133130055,37.3909073227881],[-122.190153791306,37.3909672753595],[-122.190140316577,37.3910721922442],[-122.190063959778,37.3911478465053],[-122.189933704062,37.3911920970754],[-122.189699243773,37.391180677576],[-122.189610310559,37.3912142223507],[-122.189575276263,37.3912798844195],[-122.189595937515,37.3914012163519],[-122.189692955566,37.3915332538199],[-122.189747752798,37.3919179454414],[-122.189830397804,37.3921213530148],[-122.189878008514,37.3922419698766],[-122.190009162546,37.3924667877695],[-122.190175350873,37.3928678897643],[-122.190160977829,37.3930063479616],[-122.190051383364,37.3931762086999],[-122.190009162546,37.3932746992037],[-122.190016349068,37.3935173564145],[-122.190051383364,37.3936151327745],[-122.190133130055,37.3937471663429],[-122.190153791306,37.3938456560965],[-122.190113367118,37.3941161454062],[-122.190084621029,37.3941646763665],[-122.190037010319,37.3941982198059],[-122.190037010319,37.3943566588275],[-122.190113367118,37.3945386491824],[-122.190098994074,37.3946428473827],[-122.190016349068,37.3947970033586],[-122.190016349068,37.3948569528191],[-122.190119655325,37.3950111083546],[-122.190354115615,37.3951809645498],[-122.191111395399,37.3954842782266],[-122.191220989864,37.3955827656977],[-122.191282973618,37.3956919581774],[-122.191270397204,37.3961429999373],[-122.191352143895,37.3963078578778],[-122.191585705869,37.396581906639],[-122.191689910442,37.3967581822657],[-122.191848013932,37.3971870941034],[-122.1918578954,37.3975039591757],[-122.191862386977,37.3976431224664],[-122.191766267241,37.3981369716487],[-122.191662062668,37.3983346531406],[-122.191538095159,37.3984838059788],[-122.191496772656,37.3985830031567],[-122.191489586134,37.3987578467836],[-122.191778843655,37.399801904522],[-122.191797708276,37.3998390136203],[-122.19185609877,37.3999510544401],[-122.191875861706,37.3999888770994],[-122.192033965196,37.4001701401452],[-122.192268425485,37.4007139266518],[-122.192254950756,37.4008516567287],[-122.192122000094,37.4011356796112],[-122.192116610202,37.4011478112179],[-122.192130983247,37.4014289784932],[-122.19217230575,37.4015217491902],[-122.19220644173,37.401665186734],[-122.19231693451,37.4019006806135],[-122.19242742729,37.4024779942962],[-122.192606192032,37.4041870736232],[-122.192715786497,37.4044339770591],[-122.192960128254,37.4048392965424],[-122.193164045823,37.4051761096562],[-122.193295199855,37.4053352390541],[-122.193465879759,37.4056520696741],[-122.193607813574,37.4059139534319],[-122.193630271456,37.4059296521567],[-122.193624881564,37.4059453508782],[-122.193646441131,37.4060217037041],[-122.193783883369,37.4062136557918],[-122.193805442936,37.4062971440928],[-122.193934800337,37.4064841004637],[-122.194177345464,37.4069557707613],[-122.194239329218,37.4071477204559],[-122.194445043419,37.4076101102661],[-122.194507925488,37.4078248922164],[-122.194540264839,37.4079340668589],[-122.194539366523,37.4079433431283],[-122.194535773262,37.4079597549869],[-122.194530383371,37.4079718854887],[-122.194507027173,37.4079890108997],[-122.194488162552,37.4080439549004],[-122.194438755212,37.4081880935156],[-122.194363296728,37.4087410980062],[-122.194330957377,37.4088666829732],[-122.19419531177,37.4090878832557],[-122.194092903827,37.4093697342821],[-122.193923122238,37.4101760364259],[-122.19391324077,37.410410076485],[-122.193924020554,37.4104742946661],[-122.193878206474,37.4111507228292],[-122.193827002503,37.4112748767021],[-122.193607813574,37.4116701698463],[-122.193553016341,37.4116908620292],[-122.193507202262,37.4117700630904],[-122.192890059662,37.4122709543489],[-122.19239508794,37.4125998853904],[-122.192208238361,37.4127618530731],[-122.192125593355,37.4129380906384],[-122.192107627049,37.4130993440799],[-122.192183983848,37.413366909865],[-122.192354663752,37.4136301936646],[-122.192365443536,37.4138677904455],[-122.192337595762,37.4139120276007],[-122.19220644173,37.413967680759],[-122.192130983247,37.4139997883314],[-122.191608163751,37.4141539044876],[-122.191387178191,37.4141917199776],[-122.190594864111,37.41418672548],[-122.189554615012,37.4144450119176],[-122.189135101774,37.4145170751018],[-122.188853030775,37.4145370530019],[-122.188829674577,37.414465703334],[-122.188128988656,37.4146212455226],[-122.187646593348,37.414746820632],[-122.18755676182,37.4148410018258],[-122.187553168559,37.4152933553033],[-122.187464235346,37.4156329753616],[-122.187213605381,37.4161053015378],[-122.187158808149,37.4163350421963],[-122.187193842445,37.4165469452224],[-122.187344759413,37.4167210334551],[-122.187411234744,37.416815925641],[-122.187555863505,37.4169650416904],[-122.187786730533,37.4171013149495],[-122.187967291905,37.4171648139227],[-122.188800928488,37.417132707707],[-122.18905964329,37.4171662408653],[-122.189302188417,37.4172582786056],[-122.189589649308,37.4174708924879],[-122.189710921871,37.4176342765712],[-122.190031620428,37.4179831610406],[-122.190093604182,37.4180680631503],[-122.190162774459,37.418195772865],[-122.190266979032,37.4184768761627],[-122.190249012726,37.4186359773077],[-122.19016636772,37.4188122010513],[-122.190117858695,37.4188528680102],[-122.190004670969,37.4188999560403],[-122.189890584928,37.4189192193168],[-122.189657921269,37.4189070905877],[-122.189162051233,37.4189227865897],[-122.188976099969,37.4189620265801],[-122.188782962183,37.4190376526855],[-122.188562874938,37.4191703549124],[-122.188205345455,37.4194778521796],[-122.188183785888,37.4195120977367],[-122.188121802134,37.4196162612103],[-122.188102039197,37.4196512201517],[-122.187997834624,37.4198238742766],[-122.187979868319,37.4198652541317],[-122.187915189618,37.4200157909978],[-122.187915189618,37.4201870173971],[-122.187999631255,37.4205822635072],[-122.188052631857,37.4208241188527],[-122.188067004901,37.4210331554393],[-122.188136175178,37.4213677554504],[-122.188136175178,37.4214619283182],[-122.188147853277,37.4215268504536],[-122.188294278668,37.4223023445759],[-122.188384110197,37.42246714496],[-122.188480229932,37.4225820056193],[-122.188604197441,37.4226697561905],[-122.188887166756,37.4228352691833],[-122.189340815974,37.4231092209191],[-122.189595937515,37.4232640317432],[-122.189919331017,37.4235237136971],[-122.190116062064,37.4236828041196],[-122.190140316577,37.4237027795748],[-122.190203198647,37.4237199013893],[-122.190581389382,37.4240002705444],[-122.190707153521,37.4241486588836],[-122.190740391187,37.4241871827312],[-122.190840104183,37.4243648202168],[-122.190857172174,37.4243962099295],[-122.190881426686,37.4244283130311],[-122.191020665555,37.4246102303469],[-122.191068276265,37.424670869354],[-122.191140141488,37.4247643246687],[-122.191305431501,37.4251866556286],[-122.191325194437,37.4253022255099],[-122.191311719707,37.4254498978765],[-122.19128656688,37.4254969817582],[-122.191229074701,37.4256096975971],[-122.191084445941,37.4258080199904],[-122.190423285892,37.4263352125751],[-122.189809736552,37.4269123379547],[-122.189610310559,37.427137051825],[-122.189492631257,37.4273410771675],[-122.189463885168,37.4274131279423],[-122.189445020547,37.4274609239626],[-122.189479156528,37.427736285515],[-122.189548326805,37.4278518514606],[-122.189734278069,37.4280380406645],[-122.189803448345,37.4281871343674],[-122.189819618021,37.4283148268243],[-122.189868127046,37.4286579546379],[-122.189874415253,37.4287000429725],[-122.189878906829,37.4287357110341],[-122.189878906829,37.428829874635],[-122.189878906829,37.428846281917],[-122.189933704062,37.4291323387338],[-122.190098994074,37.4295218307968],[-122.190091807552,37.4295660587052],[-122.190119655325,37.4295931661199],[-122.190299318382,37.4303243492625],[-122.190416099369,37.4306039803423],[-122.190487964592,37.430889317102],[-122.190505930898,37.4309556577428],[-122.190525693834,37.4312859333914],[-122.190401726325,37.4314721140542],[-122.190305606589,37.4315377408442],[-122.190072044615,37.4316590075872],[-122.189831296119,37.4317310542063],[-122.189447715493,37.4317588741693],[-122.189169237755,37.4317802741339],[-122.18877577566,37.4318837072095],[-122.188555688416,37.4319721602092],[-122.188411059655,37.4320598997749],[-122.188121802134,37.4323566442106],[-122.187943037392,37.4326541007937],[-122.18782535809,37.4331149064997],[-122.187756187813,37.4332247575959],[-122.187652881555,37.4333132090108],[-122.187357335827,37.4333617145811],[-122.186785108991,37.4334779851583],[-122.18648237674,37.4335157908898],[-122.185923624633,37.4336477541428],[-122.185432246173,37.4337226521019],[-122.185131310553,37.4337690174675],[-122.184827679987,37.4339230929378],[-122.184559083717,37.4340928609129],[-122.184421641478,37.4342248231485],[-122.183834143282,37.4350479769228],[-122.183798210671,37.4350971946693],[-122.183692209468,37.4352462743125],[-122.183657175172,37.4352962052271],[-122.183586208264,37.4354188924758],[-122.183421816567,37.4357077773544],[-122.183391273847,37.4357962258349],[-122.183346358083,37.4359310382373],[-122.183297849058,37.4360708434352],[-122.183278086122,37.4362577254857],[-122.183285272644,37.4364339077547],[-122.183347256398,37.4365929707427],[-122.183483800322,37.4367142292956],[-122.183505359888,37.4367577396696],[-122.183490986844,37.4369232215168],[-122.183344561453,37.4370922694054],[-122.183132559046,37.4373397776504],[-122.182829826795,37.4378019810577],[-122.18278131777,37.4379667473228],[-122.182705859286,37.4385109727116],[-122.182492060248,37.4391036959917],[-122.182298922462,37.439361896482],[-122.182174954953,37.4394781577379],[-122.182008766625,37.4395708813094],[-122.181782391174,37.4396372142555],[-122.18164405062,37.4396258021399],[-122.18148594713,37.4395708813094],[-122.181279334614,37.4394011257603],[-122.181105061449,37.4393276600041],[-122.180975704048,37.4392741654761],[-122.180575953747,37.439229943304],[-122.180134880942,37.4393126815401],[-122.179859996466,37.4394610395275],[-122.179693808138,37.439603691161],[-122.17954289117,37.4397848583437],[-122.179488093938,37.4398968394144],[-122.179425211868,37.4400266516561],[-122.179411737139,37.4403682992819],[-122.179549179377,37.4405537441041],[-122.179804300918,37.4408397561789],[-122.179839335214,37.4409060880002],[-122.179832148692,37.4409938170929],[-122.179789927873,37.441020920369],[-122.17965338395,37.4410537295849],[-122.17936771969,37.4410572958032],[-122.179212311146,37.4410601487776],[-122.178791001277,37.441015927661],[-122.178428980218,37.441022346857],[-122.178137027751,37.4410273395646],[-122.177839685392,37.4410822593262],[-122.177368968183,37.441222054901],[-122.177179423658,37.4412791142442],[-122.177030303321,37.4413440191942],[-122.176893759397,37.4414752554048],[-122.176628756389,37.4417341609494],[-122.176431127026,37.4417313080006],[-122.176241582501,37.4417291682889],[-122.176210141466,37.4417313080006],[-122.176114021731,37.4417377271352],[-122.176082580696,37.4417412933209],[-122.175992749167,37.4417669698525],[-122.175856205244,37.4418069111065],[-122.17573313605,37.4418689626552],[-122.175704389961,37.4418839406075],[-122.175672050611,37.4419360067994],[-122.175644202837,37.441981653842],[-122.175628033162,37.4420101832294],[-122.175610066856,37.4421399918049],[-122.175602880334,37.442194197517],[-122.175586710659,37.4423118808359],[-122.175483404401,37.44257577609],[-122.175468133041,37.4426528047995],[-122.17546274315,37.442686326528],[-122.175421420647,37.4427633551237],[-122.175392674558,37.4427861783961],[-122.175311826182,37.4428567878509],[-122.175284876724,37.4428817507736],[-122.175255232319,37.4429081401399],[-122.175165400791,37.442987308183],[-122.175135756386,37.443013697512],[-122.175064789479,37.4430679025913],[-122.175015382138,37.4431199679593],[-122.174911177565,37.4432347969306],[-122.17489321126,37.4432690316209],[-122.174852787072,37.4433481992821],[-122.174753074075,37.4435429085791],[-122.174753074075,37.4436470386179],[-122.174772837012,37.4436641558707],[-122.174787210056,37.4438610039962],[-122.174670429069,37.4442461401352],[-122.174524901993,37.4444708019675],[-122.174145812943,37.4447789085261],[-122.173490941101,37.4451412173932],[-122.173216056624,37.4453501860797],[-122.173057054819,37.4455263469423],[-122.172492014505,37.4460369971391],[-122.172195570461,37.4462566612356],[-122.171926974191,37.446596854034],[-122.171815583096,37.4467016930123],[-122.171705988632,37.4467801438523],[-122.171691615587,37.4467887021208],[-122.171564953132,37.446844330842],[-122.171540698619,37.4468543154799],[-122.171468833397,37.4468749979399],[-122.171355645671,37.4469078045888],[-122.170944217271,37.4469249210956],[-122.170787012096,37.4469463167236],[-122.170552551807,37.4470233409336],[-122.170302820158,37.4471852341535],[-122.170142021722,37.4472886459387],[-122.1694413358,37.4478042763625],[-122.169290418833,37.4478356562458],[-122.169241011492,37.4478470671093],[-122.169142196811,37.4478071290797],[-122.168983195005,37.4475446786404],[-122.168903244945,37.4474141662585],[-122.168868210649,37.4475261359115],[-122.168746938086,37.4474348485637],[-122.16846037551,37.4478812996891],[-122.16795372569,37.4483569882919],[-122.167798317146,37.4485688006844],[-122.167633027133,37.4489039907872],[-122.167577331586,37.4491022514604],[-122.167577331586,37.449189970943],[-122.16763931534,37.4492940931222],[-122.167709383933,37.4493561384615],[-122.167811791875,37.4494481366284],[-122.16787377563,37.4495800717866],[-122.167887250359,37.4496742091626],[-122.167880063837,37.4499480626739],[-122.16776328285,37.4504700931526],[-122.167624942296,37.4507831670609],[-122.167459652284,37.4509208050616],[-122.167245853246,37.4509700123682],[-122.167047325568,37.4509407732479],[-122.166839814738,37.4509101078167],[-122.166757169731,37.4508487769167],[-122.166653863474,37.4508052747362],[-122.166494861668,37.4507011546604],[-122.166370894159,37.4506619313065],[-122.166137332185,37.4506619313065],[-122.166102297889,37.450671915435],[-122.166068161908,37.4506840390176],[-122.165951380922,37.450766764588],[-122.16582022689,37.4509257971086],[-122.165743870091,37.4511511520297],[-122.165668411607,37.4512937813758],[-122.165612716059,37.4516289592685],[-122.165502223279,37.4519313312277],[-122.165487850235,37.452046859814],[-122.165417781643,37.4522508172529],[-122.165301898971,37.4528427185595],[-122.165226440487,37.452941843742],[-122.165163558417,37.4529810659003],[-122.165068336997,37.4529810659003],[-122.164868012689,37.4529311467862],[-122.164736858657,37.4528491367407],[-122.164661400174,37.4527657003412],[-122.16452305962,37.4526779850517],[-122.164302972375,37.4524690368339],[-122.164226615576,37.4524469296504],[-122.164109834589,37.4524640448898],[-122.163972392351,37.4525296532712],[-122.163925679956,37.4526059585989],[-122.163869086093,37.4527000921669],[-122.163861001255,37.4527328962613],[-122.163848424841,37.4527942256165],[-122.163710084288,37.4529910497191],[-122.163598693192,37.453058797026],[-122.163586116778,37.4530680677053],[-122.163463047585,37.4531030110247],[-122.163090246742,37.4532106933961],[-122.162899803901,37.4535422970761],[-122.162789311121,37.4537968821295],[-122.16276864987,37.4538389563266],[-122.162715649268,37.4538432350572],[-122.162694988017,37.4538439481789],[-122.162456934466,37.4538589237339],[-122.162377882721,37.4538838829855],[-122.161502923635,37.4537091680493],[-122.16114000426,37.4537212911396],[-122.160926205222,37.4537997346182],[-122.160789661299,37.4538853092282],[-122.160750135426,37.453931662101],[-122.160707016293,37.4540628762316],[-122.160740253958,37.4542839429962],[-122.160737559012,37.4543923367839],[-122.160732169121,37.4544743451373],[-122.160670185366,37.4545727550428],[-122.160531844812,37.4546497714002],[-122.160435725077,37.4546768697293],[-122.159519443487,37.4547210827715],[-122.159270610154,37.4546718779326],[-122.159187965147,37.4546390746886],[-122.15907118416,37.4545342468343],[-122.158982250947,37.4544130171597],[-122.158920267193,37.4540507531966],[-122.158802587891,37.453791890274],[-122.158678620381,37.4536927662179],[-122.158498957324,37.4536107570075],[-122.157685981992,37.4534952308368],[-122.157244909188,37.4535886501615],[-122.157182925433,37.4536428475788],[-122.157175738911,37.4539288096174],[-122.157135314723,37.4540229415206],[-122.157058957924,37.4541099421136],[-122.156852345409,37.4542147705626],[-122.15669963181,37.454226180453],[-122.156265745528,37.4541491636594],[-122.156141778019,37.4541377537573],[-122.156039370077,37.4541099421136],[-122.155791435058,37.4541270569725],[-122.155707891737,37.4541762621699],[-122.155663874288,37.4542418690494],[-122.155610873686,37.4543238775678],[-122.15559111075,37.4543901974343],[-122.155625246731,37.4546597549963],[-122.15565399282,37.4547417630565],[-122.155715078259,37.4549072051304],[-122.155726756358,37.4549257460297],[-122.155763587284,37.4549856473652],[-122.155777062014,37.455006327577],[-122.155804011472,37.4551382529316],[-122.15581209631,37.4551532282274],[-122.155893843001,37.4553022679127],[-122.155927978981,37.4554177912923],[-122.155913605937,37.4555333144934],[-122.155880368271,37.4555689697664],[-122.155838147453,37.4556160347006],[-122.155761790654,37.4556609602921],[-122.155712383313,37.455688771359],[-122.155612670317,37.4557222872464],[-122.155547991616,37.4557408279436],[-122.155493194384,37.4557579424292],[-122.155063799678,37.4557750569109],[-122.154824847812,37.45578575346],[-122.154425097511,37.45588416164],[-122.154046008461,37.4561537138174],[-122.153922040952,37.4562720882762],[-122.15364625816,37.4565380735753],[-122.153613918809,37.4565708759864],[-122.153593257558,37.4565922688554],[-122.153533070434,37.4566550212359],[-122.153513307498,37.4566771271756],[-122.153445933851,37.4567470104258],[-122.153403713033,37.4567840913075],[-122.153121642034,37.4570429438737],[-122.153074929639,37.4571021304227],[-122.152980606534,37.4572233557384],[-122.152701230481,37.457582038904],[-122.152543126991,37.4576811578054],[-122.152341904367,37.4576697484422],[-122.152211648651,37.4576312418283],[-122.152143376689,37.4575713426118],[-122.152059833368,37.4574387084617],[-122.152012222658,37.4572568709381],[-122.151957425426,37.4571691609157],[-122.151866695582,37.4570871555171],[-122.151799321935,37.4570650496987],[-122.151109415797,37.4571969714218],[-122.150860582464,37.4572069546778],[-122.150158099911,37.4571292278633],[-122.149957775603,37.4571078351479],[-122.149317276805,37.45709927806],[-122.149051375481,37.4570949995157],[-122.148737863447,37.4570907209711],[-122.148489928429,37.4570308213217],[-122.148353384506,37.4569538074162],[-122.148285112544,37.4569267099121],[-122.148118025901,37.4568596792018],[-122.148050652255,37.4568069103025],[-122.147859311099,37.456654308141],[-122.14781529365,37.4566186533854],[-122.147614969342,37.4565252378454],[-122.147476628788,37.456498140186],[-122.147160421808,37.4565209592682],[-122.147111912783,37.4565252378454],[-122.146917876682,37.4565580402621],[-122.146760671507,37.4565851378997],[-122.146457040941,37.4566792664597],[-122.146350141422,37.4567263306953],[-122.1462019194,37.4567940746187],[-122.146008781614,37.4569366932042],[-122.145912661879,37.457134219496],[-122.145906373672,37.4573160573178],[-122.145961170904,37.4574750759134],[-122.145953984382,37.4577282214105],[-122.145898288834,37.4578159307772],[-122.145740185344,37.4579257456116],[-122.145496741902,37.4580170201565],[-122.145140110734,37.4581510794422],[-122.144932599904,37.4582002819922],[-122.14487420941,37.4582009950724],[-122.144543629386,37.4582623199438],[-122.144407085462,37.4582701638191],[-122.144213947676,37.4582480583503],[-122.143994758747,37.4581396701507],[-122.143787247916,37.4580376995301],[-122.143638127579,37.4580020454341],[-122.143489905557,37.4580063239265],[-122.143160223848,37.4580712143647],[-122.143033561393,37.4581132861573],[-122.142792812897,37.458094032967],[-122.142471216025,37.457991349202],[-122.142323892319,37.4579492773409],[-122.142085838768,37.45788509988],[-122.141988820718,37.4578722643812],[-122.141907074027,37.4578309055368],[-122.141617816505,37.4576761662092],[-122.141328558984,37.4575228527347],[-122.14092162216,37.4573930708503],[-122.140703331546,37.4572682803644],[-122.140724891113,37.4572597232948],[-122.140750043941,37.4572511662243],[-122.14079585802,37.4572333389909],[-122.140854248514,37.4572098070364],[-122.140910842377,37.4571898405238],[-122.141065352606,37.4571327933153],[-122.141050979561,37.4571206707778],[-122.14099977559,37.4570750329723],[-122.140909045746,37.4569951667457],[-122.140884791233,37.4569659299806],[-122.140815620957,37.456881785081],[-122.140793163074,37.4568539744577],[-122.140770705192,37.456828303104],[-122.140707823122,37.45675128899],[-122.140687161871,37.4567263306953],[-122.140652127575,37.4566849712171],[-122.140626974747,37.456654308141],[-122.140541634795,37.4565701628906],[-122.140504803868,37.4565330819029],[-122.140471566203,37.4565002794752],[-122.140405989187,37.4564339614798],[-122.14038263299,37.4563990197166],[-122.140358378477,37.4563619386439],[-122.140332327334,37.4563227182586],[-122.140288309885,37.4562549739082],[-122.14025686885,37.456207909376],[-122.140231716022,37.4561701151091],[-122.140196681726,37.4561173457232],[-122.140138291232,37.4560282081625],[-122.140087087261,37.4559633159516],[-122.140049358019,37.4559141119299],[-122.139982882688,37.4558292527439],[-122.139841847189,37.4556481244116],[-122.139778965119,37.4555810925553],[-122.139706201581,37.4555026509451],[-122.13948341939,37.4552637600799],[-122.139083669089,37.4549671064807],[-122.138773750316,37.4548016645393],[-122.138353338763,37.4546640336799],[-122.138009284009,37.4546148288034],[-122.13690615284,37.4543887712013],[-122.136707625162,37.4543367136756],[-122.136596234067,37.454306762754],[-122.136051855005,37.4540593106333],[-122.135541611924,37.4540643024709],[-122.135107725641,37.4541028109213],[-122.134286665472,37.4543160332786],[-122.133901288215,37.4543766482191],[-122.133564419983,37.4543659514685],[-122.133405418178,37.4543381399096],[-122.132999379669,37.4541341881626],[-122.132372355601,37.4540521794361],[-122.132102861016,37.4539801543066],[-122.131827078224,37.4537819065621],[-122.131730958488,37.4536057651397],[-122.131614177501,37.4534517301954],[-122.131518057766,37.4533590238261],[-122.130910796634,37.4532713092324],[-122.130325095069,37.4532270953331],[-122.130035837547,37.4531657663328],[-122.129884022264,37.4530887484473],[-122.12928484597,37.4525011278951],[-122.129272269556,37.4524619054851],[-122.129249811674,37.4524547741357],[-122.129215675693,37.4523848868748],[-122.12900277497,37.4521438466375],[-122.128831196751,37.4519726933347],[-122.128638058965,37.4518849771152],[-122.128472768953,37.4518471806637],[-122.128397310469,37.451852172649],[-122.128294004211,37.4518621566185],[-122.128008339951,37.4520846561646],[-122.127952644403,37.4525246613312],[-122.127946356196,37.452580285787],[-122.127882575811,37.4526901083093],[-122.127855626353,37.4527371750551],[-122.127842151623,37.452760708417],[-122.127790947652,37.4528519892655],[-122.127719082429,37.4529746477304],[-122.127714590853,37.4529839184201],[-122.127659793621,37.4530309849811],[-122.127631047532,37.4530552313798],[-122.12754570758,37.4531279705286],[-122.127517859806,37.4531529300241],[-122.127405570395,37.4532470629037],[-122.127086668469,37.4535201902098],[-122.127068702164,37.4535201902098],[-122.126924073403,37.4535273214577],[-122.126906107097,37.4536171751229],[-122.126612357999,37.4536492656915],[-122.126254828516,37.4536200276185],[-122.125976350778,37.453553707069],[-122.12576075511,37.4534652795782],[-122.125504735254,37.453344048171],[-122.125272969911,37.4531871601759],[-122.125083425386,37.4530238536859],[-122.124805845963,37.4528798013769],[-122.124491435614,37.4527999306703],[-122.124124922978,37.4527999306703],[-122.123500593855,37.4530459606989],[-122.123164623939,37.4531843076638],[-122.123037063169,37.4532106933961],[-122.122807094456,37.4532798667582],[-122.122604075202,37.4533019736955],[-122.122375004804,37.4533761388567],[-122.122102815273,37.4535900764098],[-122.121883626344,37.453910268471],[-122.121772235249,37.4542411559314],[-122.121765947042,37.4545028697609],[-122.121870151615,37.4548066563274],[-122.121951898305,37.4549528442588],[-122.122225884467,37.4552751698102],[-122.122558261122,37.4557101644804],[-122.122820569185,37.4561408780215],[-122.122878061363,37.4565059842463],[-122.122861891688,37.4569381193887],[-122.122791823096,37.4573509986525],[-122.122781043313,37.4576212586289],[-122.122990350774,37.4581781765027],[-122.123379321292,37.4595708095758],[-122.123670375444,37.4603487617683],[-122.123915615516,37.4610111913065],[-122.123919208778,37.4611452452245],[-122.123834767141,37.4612151242993],[-122.123753918765,37.4613206558395],[-122.123438610101,37.4615338576183],[-122.119582142586,37.463934653074],[-122.117692985543,37.4652380523558],[-122.117173759309,37.4654312786523],[-122.116626685301,37.4655653246457],[-122.115954745469,37.4657093525198],[-122.11565740311,37.4659068556386],[-122.115331314661,37.4661671026338],[-122.113282257498,37.4675289283002],[-122.113265189508,37.4675303542827],[-122.113172663034,37.4674519252069],[-122.112896880241,37.4672187764687],[-122.112806150398,37.467141773056],[-122.111974310445,37.4664380437484],[-122.111868309241,37.4663760125799],[-122.111547610685,37.4662918782691],[-122.111236793596,37.4662883132538],[-122.108914648587,37.4662640711455],[-122.096573593214,37.4661378694548],[-122.096426269507,37.4661022192211],[-122.096428964453,37.4660658559652],[-122.096773917522,37.4621378071832],[-122.096762239423,37.4619053549175],[-122.093704374196,37.4650911715158],[-122.084529880199,37.4746506585011],[-122.081472913288,37.477838070641],[-122.079049258651,37.4763088997198],[-122.071780091372,37.4717233380712],[-122.069357335051,37.4701947550019],[-122.069259418685,37.4701327269506],[-122.068964771272,37.4699480684242],[-122.068867753221,37.4698867531369],[-122.068747378973,37.4698097524724],[-122.068383561283,37.4695823148613],[-122.06826408535,37.4695060268555],[-122.067074715914,37.4687559761487],[-122.063508404236,37.4665057788736],[-122.062319933115,37.4657556980639],[-122.061789927097,37.4654220095056],[-122.060201705675,37.4644202218736],[-122.059672597973,37.4640872403787],[-122.057486098571,37.4627068130539]]]},"properties":{"FID":2,"area":"Area 1","SHAPE_Leng":109716.953787,"SHAPE_Area":326651847.645,"Shape__Area":326651847.5234375,"Shape__Length":109716.95378745657}},{"type":"Feature","id":3,"geometry":{"type":"Polygon","coordinates":[[[-121.996479710996,37.3705499397166],[-121.996370116531,37.3705399449038],[-121.996300047939,37.3705399449038],[-121.996298251309,37.3704756925045],[-121.996291963102,37.3702836488939],[-121.996290166471,37.3702201101933],[-121.996310827723,37.3694762036506],[-121.996202131573,37.3680147841935],[-121.996166198962,37.3677477704304],[-121.99601797694,37.3669110259594],[-121.996016180309,37.3668881795631],[-121.995833822307,37.3644200138431],[-121.995850890297,37.3634789908982],[-121.995840110514,37.3634097345703],[-121.995840110514,37.3633597557373],[-121.995809567794,37.3619903227612],[-121.995809567794,37.3618296733551],[-121.995814957686,37.3616019076077],[-121.995832025676,37.3609221762515],[-121.995838313883,37.3606951217587],[-121.995839212198,37.3606658473872],[-121.995841907144,37.3605109072314],[-121.995855381873,37.3599632590479],[-121.99585987345,37.3597797567417],[-121.995866161657,37.3597069269084],[-121.995869754918,37.3596598016844],[-121.995878738071,37.3594912930656],[-121.995883229647,37.3594191769733],[-121.995893111115,37.3592206788565],[-121.995923653835,37.3586273234418],[-121.995929942042,37.3585202190766],[-121.99593982351,37.3584302512916],[-121.995957789816,37.3578461720968],[-121.995980247698,37.3571799735298],[-121.99601977357,37.3562402878994],[-121.996027858408,37.3560967634506],[-121.996060197758,37.355589784345],[-121.996070977542,37.3555162363875],[-121.996073672488,37.3554876740545],[-121.996086248901,37.355406985405],[-121.996089842163,37.3553798511494],[-121.996120384882,37.3550599518176],[-121.996229979347,37.3542002156078],[-121.996300047939,37.3534697177184],[-121.996329692344,37.353069833165],[-121.996329692344,37.3524400106736],[-121.995849991982,37.3524500078973],[-121.995060372847,37.3524300134486],[-121.994139599681,37.3524200162223],[-121.993550304854,37.3524200162223],[-121.992800211592,37.3524300134486],[-121.99205011833,37.3524200162223],[-121.991600062373,37.3524200162223],[-121.990590355993,37.3524200162223],[-121.989160238061,37.3524300134486],[-121.988509857795,37.3524300134486],[-121.987420201356,37.3524300134486],[-121.986759939622,37.3524400106736],[-121.986270357792,37.3524400106736],[-121.984704594252,37.3524400106736],[-121.984070383661,37.3524400106736],[-121.983897008811,37.3524350120613],[-121.983739803637,37.3524300134486],[-121.983049897498,37.3524300134486],[-121.982430059952,37.3524300134486],[-121.981549710974,37.3524300134486],[-121.981159842141,37.3524400106736],[-121.980540004595,37.3524400106736],[-121.980339680286,37.3524500078973],[-121.978799967889,37.3524400106736],[-121.978129824687,37.3524400106736],[-121.977880093038,37.3524300134486],[-121.977669887262,37.3524400106736],[-121.977669887262,37.3522800549138],[-121.977676175469,37.3519851355881],[-121.97767976873,37.3518401748168],[-121.977669887262,37.351540255091],[-121.977669887262,37.3512903210708],[-121.977672582208,37.3511039411599],[-121.97767976873,37.3508097313167],[-121.977672582208,37.3506419169334],[-121.977660005794,37.3502798650501],[-121.977660005794,37.3501377574235],[-121.977660005794,37.3499699415382],[-121.977660005794,37.3498021252777],[-121.977660005794,37.3492979601282],[-121.977660005794,37.3491301423657],[-121.977660005794,37.3489530406605],[-121.977660005794,37.3489201911048],[-121.977674378838,37.3484253036668],[-121.97767976873,37.3482503426809],[-121.977684260306,37.3480789519321],[-121.977695938405,37.3475697762748],[-121.977700429981,37.3473998122433],[-121.977700429981,37.3472398457445],[-121.977700429981,37.3467599442031],[-121.977700429981,37.3465999763411],[-121.977700429981,37.3464899982382],[-121.977689650198,37.3461100726434],[-121.977689650198,37.3456501601408],[-121.97767976873,37.3452502339357],[-121.97767976873,37.3451202574604],[-121.977669887262,37.3445903510404],[-121.977650124326,37.3437397791435],[-121.977650124326,37.3428077812423],[-121.977650124326,37.3424199810067],[-121.977644734434,37.3422000123954],[-121.977640242857,37.3419800431398],[-121.977640242857,37.3418600596379],[-121.977640242857,37.3414322597584],[-121.977640242857,37.3409801747666],[-121.977638446227,37.3409108976791],[-121.977630361389,37.3405402284651],[-121.977619581606,37.3404602379515],[-121.97759981867,37.3402402636],[-121.977580055733,37.3401531307241],[-121.977539631546,37.339970294197],[-121.977490224205,37.339790314056],[-121.977468664638,37.339741033704],[-121.977349188705,37.3394660630308],[-121.977289899897,37.3393296486348],[-121.977180305432,37.3390996719718],[-121.97695213335,37.3386618573098],[-121.976929675468,37.3386197184067],[-121.976810199535,37.3383997386644],[-121.976750012411,37.3382897485516],[-121.976699706755,37.3381997565213],[-121.97659011229,37.3379997738458],[-121.976539806634,37.3378997823083],[-121.976379906514,37.337639803688],[-121.976358346947,37.3376119487825],[-121.976309837922,37.337549810879],[-121.976200243457,37.3374498187425],[-121.976110411929,37.3373598257059],[-121.976095140569,37.337346969549],[-121.975919969088,37.3371998378189],[-121.97583013756,37.3370998452165],[-121.975793306633,37.3370362784215],[-121.97571964478,37.3369098589053],[-121.975642389666,37.3367770110488],[-121.975469913131,37.3364798881106],[-121.975408827692,37.3363798945497],[-121.975329775947,37.3362499027216],[-121.975247130941,37.3361177679405],[-121.975089925766,37.3358699253189],[-121.975000094237,37.3357220764491],[-121.974920144177,37.3355899407394],[-121.974841990747,37.3354620902911],[-121.974608428773,37.3350778233876],[-121.974530275344,37.3349499720676],[-121.974444935392,37.3348121209592],[-121.974370375223,37.3346899832372],[-121.974206881841,37.3343907092662],[-121.974129626727,37.3342500000896],[-121.974053269928,37.3341128619584],[-121.974000269326,37.3340200078733],[-121.973959845138,37.3339100113469],[-121.973959845138,37.3336657327709],[-121.973959845138,37.3335100226207],[-121.973955353562,37.3333478837268],[-121.973942777148,37.332862179219],[-121.973940082202,37.3327000389268],[-121.973941878833,37.3325807548761],[-121.973949065355,37.3322271872658],[-121.97394996367,37.332180044792],[-121.973959845138,37.3321100453066],[-121.973969726606,37.3320000459836],[-121.974029913731,37.331820046744],[-121.974102677269,37.3316543327769],[-121.974209576787,37.3314900470178],[-121.974429664032,37.3312500463065],[-121.974559919748,37.3310900454063],[-121.974719819869,37.3308000429062],[-121.974789888461,37.3306300409202],[-121.974817736235,37.3304300380913],[-121.974830312649,37.3303500368106],[-121.974840194117,37.3300500312493],[-121.974840194117,37.3299500291293],[-121.974841990747,37.3298200261744],[-121.97484917727,37.3294300159597],[-121.974850075585,37.3294000150901],[-121.974850075585,37.3293000121049],[-121.974850075585,37.3291357211974],[-121.974850075585,37.328644274947],[-121.974850075585,37.3284799826057],[-121.974769227209,37.3284421238847],[-121.974787193515,37.3281178238713],[-121.974826719388,37.3277570920357],[-121.974820431181,37.3269599042524],[-121.974830312649,37.3266998877698],[-121.974830312649,37.3265498778513],[-121.974862651999,37.3263291484268],[-121.974980331301,37.3255598048783],[-121.97504141674,37.3252262059239],[-121.975109688702,37.3248597454082],[-121.975130349954,37.3247497354699],[-121.975169875826,37.324449707547],[-121.97531001301,37.3236303394736],[-121.975350437198,37.3234403190976],[-121.975430387258,37.323220294904],[-121.975479794599,37.323060276904],[-121.975432183889,37.3230409889971],[-121.975495065959,37.3229109740879],[-121.975537286777,37.3227881026482],[-121.975564236236,37.3226466573701],[-121.975569626128,37.3225187848946],[-121.975554354768,37.3213829248638],[-121.975548964876,37.3212393337886],[-121.975523812048,37.3210893129691],[-121.975516625526,37.3210578799976],[-121.975445658618,37.3209000005553],[-121.975368403504,37.3207728394964],[-121.975264198931,37.3206428206632],[-121.975157299412,37.3205370908967],[-121.975033331903,37.320439219291],[-121.97489678798,37.3203520634474],[-121.974823126126,37.3203070567017],[-121.974632683286,37.32023418858],[-121.974474579796,37.3201891817637],[-121.97436139207,37.3201670355426],[-121.974308391469,37.3201577484157],[-121.974144898087,37.3201420317367],[-121.974002964272,37.3201391741584],[-121.973200768723,37.3201427461313],[-121.972996851154,37.3201448893149],[-121.972914206148,37.3201448893149],[-121.97243181084,37.3201513188656],[-121.97262225368,37.3199227122832],[-121.973195378832,37.3192418891858],[-121.973385821672,37.3190161374583],[-121.973519670649,37.318858253727],[-121.973897861384,37.3184153202217],[-121.97393289568,37.3183760276072],[-121.973972421552,37.3183303052664],[-121.974027218785,37.3182660081775],[-121.9740927958,37.3181881371852],[-121.974291323478,37.3179538093087],[-121.974357798809,37.317876652409],[-121.974440443815,37.3177787773389],[-121.97456710627,37.3176323217041],[-121.974689277149,37.3174887234631],[-121.974761142372,37.3174051363009],[-121.974771922155,37.3173922767293],[-121.974800668244,37.3173558412643],[-121.974848278954,37.3172986875582],[-121.974888703142,37.3172508212959],[-121.974919245862,37.3172158146071],[-121.974962364995,37.3171636617549],[-121.975026145381,37.3170857896205],[-121.976246955852,37.3170850751968],[-121.977451596648,37.3170779309602],[-121.977447105071,37.3160420094621],[-121.97744171518,37.3159241278351],[-121.978401115903,37.315919841227],[-121.97881703588,37.3159191267923],[-121.978921240453,37.3159176979229],[-121.979232955856,37.3159162690534],[-121.979338058744,37.3159162690534],[-121.979444958263,37.315914840184],[-121.97976565682,37.3159119824449],[-121.979874352969,37.3159119824449],[-121.980072880647,37.3159112680101],[-121.980669361995,37.3159076958361],[-121.980868787989,37.3159069814013],[-121.980996348759,37.3159062669664],[-121.981379929385,37.3159041236619],[-121.981508388471,37.3159041236619],[-121.981902748881,37.3159026947922],[-121.98281903047,37.3159019803573],[-121.983090321686,37.3158998370527],[-121.983485580411,37.3158991226178],[-121.983626615911,37.3158976937479],[-121.984053315671,37.3158948360082],[-121.984195249486,37.3158948360082],[-121.984238368619,37.3158912638334],[-121.984259928186,37.3158948360082],[-121.984276996176,37.3158941215733],[-121.98452582951,37.3158926927034],[-121.984609372832,37.3158926927034],[-121.984712679089,37.3158919782684],[-121.985024394493,37.3158912638334],[-121.985128599066,37.3158912638334],[-121.985262448043,37.3158898349635],[-121.985661300029,37.3158876916585],[-121.985795149007,37.3158876916585],[-121.985896658634,37.3158869772235],[-121.986205679091,37.3158862627885],[-121.986308985349,37.3158862627885],[-121.98639073204,37.3158848339184],[-121.986570395097,37.3158848339184],[-121.986637768743,37.3158819761782],[-121.986671904724,37.3158812617431],[-121.986721312065,37.3158848339184],[-121.986842584628,37.3158841194834],[-121.987106689321,37.3158819761782],[-121.987519914352,37.314298056955],[-121.987883732042,37.312892720438],[-121.988092141188,37.3120918026174],[-121.987793002199,37.3120510777545],[-121.987665441428,37.3120339304372],[-121.987238741668,37.3119639121844],[-121.987091417962,37.3119360477594],[-121.986866839141,37.3118953228122],[-121.986598242871,37.3118403083747],[-121.985772691125,37.3116816950958],[-121.985882285589,37.3113337449738],[-121.985943371028,37.3110608137717],[-121.985922709777,37.3109779339436],[-121.985890370427,37.3109043422954],[-121.985890370427,37.3105628189465],[-121.985699927587,37.3104392128333],[-121.985897556949,37.3104370693729],[-121.985892167057,37.3100591048997],[-121.985886777166,37.3093460400959],[-121.985897556949,37.3089987936649],[-121.98590115021,37.3085900982799],[-121.987226165254,37.3085900982799],[-121.987769646001,37.3085908127843],[-121.987795697144,37.3085900982799],[-121.988098429395,37.3085750936867],[-121.988190955869,37.3085708066596],[-121.988705690527,37.308565090623],[-121.989006626147,37.3085629471092],[-121.989310256713,37.3085608035953],[-121.989436919168,37.3085600890906],[-121.989819601479,37.3085586600813],[-121.989948060565,37.3085586600813],[-121.990522084032,37.3085586600813],[-121.992246849377,37.3085622326046],[-121.992489394504,37.3085629471092],[-121.99261785359,37.3085758081913],[-121.992746312675,37.3086029593573],[-121.992814584637,37.3086251089855],[-121.993517965504,37.3085936708016],[-121.995629006422,37.3085000706762],[-121.996247047337,37.308472919473],[-121.996333285605,37.3084700614511],[-121.996360235063,37.3083628855491],[-121.996403354197,37.308144960744],[-121.996433896916,37.3079163176465],[-121.996441981754,37.3078620148086],[-121.99646174469,37.3075912145451],[-121.996468032897,37.3073211278227],[-121.996453659853,37.3070617579142],[-121.996347658649,37.3064787082422],[-121.996299149624,37.306244343865],[-121.996184165267,37.3056941563285],[-121.996120384882,37.3053068790511],[-121.99605031629,37.3046930904983],[-121.996016180309,37.3043479662128],[-121.996012587048,37.3042486444376],[-121.996009892102,37.3041493225312],[-121.996011688733,37.3038527851236],[-121.996026960093,37.3036191271136],[-121.996061096074,37.3033197293976],[-121.99611319836,37.3030310488482],[-121.996168893908,37.3027816679765],[-121.99625603049,37.3024836960512],[-121.996337777181,37.3022457463997],[-121.99646174469,37.3019427703784],[-121.997095955281,37.300592940206],[-121.997228007628,37.3002899575264],[-121.997286398121,37.3001263177884],[-121.997323229048,37.3000227029231],[-121.997387907748,37.2997761704283],[-121.99744090835,37.2995167744962],[-121.997485824114,37.2991709118616],[-121.997495705582,37.298990119397],[-121.997490315691,37.2986942762448],[-121.997489417375,37.2986421105441],[-121.997483129168,37.2985756528182],[-121.997451688133,37.2982247836362],[-121.997441806665,37.2981090178852],[-121.997571164066,37.2981333144156],[-121.997961032899,37.2982069185628],[-121.998091288616,37.2982319296644],[-121.998022118339,37.2980840067427],[-121.998022118339,37.2978689105741],[-121.99805625432,37.2977702948493],[-121.99821435781,37.2975401909886],[-121.998440733261,37.2973858352093],[-121.998552124356,37.2973300955446],[-121.998620396318,37.2972979380268],[-121.999093808473,37.2971107095395],[-121.999395642408,37.2970006589899],[-121.999581593672,37.2969677867165],[-121.999816053961,37.2969670721017],[-121.999912173697,37.2970192389641],[-122.000529316297,37.2972672097193],[-122.000893133987,37.2974037004778],[-122.002392422196,37.297956092484],[-122.0027688163,37.2980940112007],[-122.002903563593,37.2977202723307],[-122.003007768166,37.2974758761191],[-122.003113769369,37.297165734754],[-122.003138023882,37.2971107095395],[-122.003482078636,37.2962467369333],[-122.004014779599,37.2962681755796],[-122.004323800057,37.2962831826284],[-122.004668753126,37.2962981896741],[-122.004855602705,37.2963053358853],[-122.005541915582,37.2963317768609],[-122.007410411373,37.296411099732],[-122.007422089472,37.2963317768609],[-122.007420292841,37.2962910434622],[-122.007419394526,37.2962631732293],[-122.007412208004,37.2960580765827],[-122.007410411373,37.2959901873256],[-122.0074472423,37.2956650326657],[-122.007500242902,37.2952198186209],[-122.007567616548,37.2946931334353],[-122.007609837366,37.2943701170874],[-122.007707753732,37.294240052591],[-122.007716736885,37.2942321915428],[-122.007629600302,37.2941299978415],[-122.007699668895,37.2933703298222],[-122.007852382493,37.2933381706117],[-122.007769737487,37.2932931476938],[-122.007744584659,37.2932802839981],[-122.007749974551,37.293183091559],[-122.00741490295,37.2931709424954],[-122.007426581048,37.2930280121868],[-122.007633193564,37.2895532928449],[-122.007734703191,37.2895339963412],[-122.008615052169,37.2895761627687],[-122.008779443866,37.2895911711524],[-122.009640928224,37.2896190438572],[-122.009781963723,37.2895918858373],[-122.009787353615,37.2895132704614],[-122.009804421605,37.2892781385288],[-122.009809811497,37.2892002375137],[-122.00982059128,37.2890179917045],[-122.009855625576,37.288471966324],[-122.009869100306,37.2882911481453],[-122.009875388513,37.288193949261],[-122.009893354818,37.2879059253592],[-122.009899643025,37.2878108700826],[-122.009563673109,37.2877679879637],[-122.009392993205,37.2877458321926],[-122.009102837368,37.2875878827972],[-122.00898066649,37.2876950883053],[-122.008730036525,37.2879202193753],[-122.008398558186,37.2877122411725],[-122.008219793444,37.2876000327624],[-122.008050011855,37.2877801378998],[-122.007987129786,37.2878423169543],[-122.007604447474,37.2876107533184],[-122.007343936042,37.2878430316558],[-122.006953168894,37.2875228447144],[-122.006710623767,37.2877222470098],[-122.006365670698,37.2874642389214],[-122.006303686943,37.2874570918703],[-122.006080904753,37.2876872265732],[-122.005606594283,37.2874199271939],[-122.005592221238,37.2874370801238],[-122.005579644824,37.2874499448186],[-122.005470050359,37.2875993180586],[-122.00488704374,37.2873127212937],[-122.004701990792,37.2872927095087],[-122.00472894025,37.2872248123415],[-122.004817873463,37.2870761530668],[-122.004963400539,37.2869560818997],[-122.005017299456,37.2869232052372],[-122.005116114137,37.2867881248863],[-122.005431422802,37.2866573325693],[-122.006149176714,37.2860098000448],[-122.006101566004,37.2858139668152],[-122.005926394524,37.2855330810378],[-122.005878783814,37.2854823356583],[-122.005859020877,37.2854601792143],[-122.005809613537,37.2854072896118],[-122.005800630384,37.2853951392926],[-122.005785359024,37.2853722680979],[-122.005747629782,37.2853186637082],[-122.005714392117,37.285225034616],[-122.005700019072,37.285142841042],[-122.005726968531,37.2849841714541],[-122.005782664078,37.2847540284842],[-122.005809613537,37.2846482482496],[-122.005844647833,37.284390229621],[-122.005878783814,37.2842422794821],[-122.005962327135,37.2840878964182],[-122.006017124367,37.2839399456849],[-122.006051260348,37.2838020010193],[-122.006092582851,37.283664770842],[-122.006108752526,37.2835940114341],[-122.006534553971,37.2829021381619],[-122.006239906558,37.2825211762998],[-122.00624529645,37.2824396945255],[-122.006265957701,37.2822938848143],[-122.006272245908,37.282268868414],[-122.00627943243,37.2822409929866],[-122.006300093682,37.2821487895763],[-122.0063423145,37.2820437204362],[-122.006451908965,37.2818300079232],[-122.006714217028,37.2811967291538],[-122.007121153852,37.2809837290023],[-122.007174154453,37.2809401282258],[-122.007333156259,37.2808422050784],[-122.007393343383,37.2807871679249],[-122.007725720038,37.280356161293],[-122.007793093684,37.2802711033078],[-122.008041028703,37.2801881895491],[-122.008387778402,37.28003522772],[-122.008605170701,37.2799172896489],[-122.008818071423,37.2797979218373],[-122.009021090678,37.2796206567138],[-122.008977073229,37.2794691232934],[-122.008921377681,37.2793661947584],[-122.00883963099,37.2791581929143],[-122.008820766369,37.279116020649],[-122.008834241098,37.2789501904953],[-122.008838732675,37.2788958667448],[-122.009197160473,37.278727891742],[-122.009316636406,37.2786657051566],[-122.007642176716,37.277461991472],[-122.007355614141,37.2772639915936],[-122.00719391739,37.2772110962311],[-122.00705288189,37.2772811468384],[-122.006491434837,37.2777922283776],[-122.006050362033,37.2782689964192],[-122.005629052165,37.2786993002148],[-122.005160131586,37.2791481859382],[-122.004748703186,37.2795491787233],[-122.004339969732,37.2799401625014],[-122.004240256735,37.2799201487559],[-122.004150425207,37.2798601074873],[-122.003974355411,37.2797528908172],[-122.003560232065,37.2794998588703],[-122.003340144821,37.2793697686682],[-122.002907156854,37.2791103023739],[-122.002864936035,37.2790852849153],[-122.002978123761,37.2790852849153],[-122.002982615338,37.2784476943074],[-122.002995191752,37.2777178894603],[-122.003008666481,37.275431931914],[-122.003012259742,37.2752489379401],[-122.002999683328,37.2747499911729],[-122.003031124363,37.2746720751185],[-122.003032920994,37.2744190260919],[-122.003032022678,37.2741766986843],[-122.003041904146,37.2740523179421],[-122.00303741257,37.2738950546405],[-122.003034717624,37.2737456541998],[-122.003091311487,37.2727727569964],[-122.003012259742,37.2727112803365],[-122.003023039525,37.2724160487],[-122.00303741257,37.2721236753089],[-122.003034717624,37.2720307446534],[-122.003040107516,37.2712587009265],[-122.003015853003,37.2705088101348],[-122.002844274784,37.270525966919],[-122.002624187539,37.270525966919],[-122.002377150836,37.2705366899071],[-122.002122029296,37.2705917345554],[-122.002005248309,37.270625333217],[-122.001887569006,37.2706467791634],[-122.001689041329,37.2706360561909],[-122.001585735071,37.2706081764555],[-122.001530937839,37.2705638548034],[-122.00148871702,37.2705202479914],[-122.001379122556,37.2704601992251],[-122.001337800052,37.270443042426],[-122.001318037116,37.2704137328851],[-122.001208442652,37.2702557471145],[-122.001152747104,37.2701956981373],[-122.001097949872,37.2701570951981],[-122.001070102098,37.2701456572864],[-122.000679334949,37.2699133243288],[-122.00009632833,37.2698296842886],[-121.9998771394,37.2698218206903],[-121.999534881277,37.2698339735237],[-121.999400133985,37.2698647130347],[-121.999376777787,37.2695423049808],[-121.999309404141,37.2688660299437],[-121.99957620378,37.2689060633074],[-121.999921156849,37.268798116153],[-122.000011886693,37.2688953400871],[-122.000312822313,37.2687466446077],[-122.000482603902,37.2687587976146],[-122.000608368042,37.2685493366912],[-122.000675741688,37.2685257454927],[-122.000754793433,37.2681747361809],[-122.001072797044,37.2681289833191],[-122.001061118945,37.2679931543469],[-122.001759109921,37.2680896644313],[-122.001749228453,37.267462704119],[-122.002062740487,37.2674998786503],[-122.002999683328,37.267605682985],[-122.003599757938,37.2676750276372],[-122.003664436638,37.2676821765668],[-122.003857574424,37.2677043382442],[-122.00392315144,37.2677122020636],[-122.003976152042,37.2677172063119],[-122.004021067806,37.2677229254524],[-122.004135153847,37.2677286445926],[-122.004189052764,37.2677329339473],[-122.004230375267,37.2677350786246],[-122.004260917987,37.2677336488397],[-122.004480106916,37.26773078927],[-122.00455376877,37.26773078927],[-122.004487293439,37.2660357601622],[-122.004499869853,37.2658963528649],[-122.004484598493,37.2653580238019],[-122.004462140611,37.2642463227874],[-122.004444174305,37.2622537989397],[-122.004442377674,37.2621787297342],[-122.00442800463,37.2619699654549],[-122.004470225448,37.261370122405],[-122.004468428818,37.2612607345399],[-122.004451360827,37.2592988755282],[-122.004440581044,37.2580726876964],[-122.004444174305,37.2575922168172],[-122.004410936639,37.2576007966813],[-122.004353444461,37.2576172414178],[-122.004369614136,37.2575800620082],[-122.00438039392,37.257279766104],[-122.004390275388,37.2572497364477],[-122.004419919792,37.257199686994],[-122.004209714016,37.2570502534272],[-122.004020169491,37.256960164148],[-122.003889913775,37.2569201244338],[-122.003844099695,37.2569101145019],[-122.003550350597,37.2568500548827],[-122.003395840368,37.2568200250551],[-122.003030226048,37.2567499554109],[-122.002938597889,37.2567227855313],[-122.002790375867,37.2566798857015],[-122.002560407154,37.2566598657726],[-122.002254979958,37.2566019509482],[-122.001760008236,37.2565097161359],[-122.001590226647,37.2565097161359],[-122.001409665275,37.2563302511776],[-122.001249765155,37.2562401610373],[-122.001079983566,37.2561801008839],[-122.000754793433,37.2561321957273],[-122.000530214612,37.256100020605],[-122.000220295839,37.2560599804335],[-122.000283177909,37.2559470098351],[-122.000409840364,37.2557203531237],[-122.000479010641,37.2556116720612],[-122.000549079233,37.2555037058504],[-122.000610164672,37.2554100396746],[-122.000690114733,37.2552098367711],[-122.000706284408,37.2550868547236],[-122.000729640605,37.2549202566299],[-122.000729640605,37.2547701035258],[-122.000732335551,37.2547171923607],[-122.001277612928,37.2547357827743],[-122.002269353002,37.2547522281364],[-122.002519982966,37.254790123957],[-122.003073345181,37.2544361905503],[-122.003126345783,37.2542703060378],[-122.003234143617,37.2519857817426],[-122.003412010044,37.2518241820955],[-122.003474892113,37.2516940440747],[-122.003694979358,37.2514916861562],[-122.003766844581,37.251427331934],[-122.004189052764,37.2509646949627],[-122.004304935436,37.250587861822],[-122.004534904149,37.2504891841417],[-122.004532209203,37.2503869310468],[-122.003693182727,37.250374060018],[-122.001858822917,37.2503497480688],[-122.001734855408,37.2503468878389],[-121.999399235669,37.2503361619761],[-121.999182741686,37.250313995188],[-121.996740222428,37.2503583287576],[-121.996743815689,37.2503311565729],[-121.995753872246,37.2503261511694],[-121.99571883795,37.2502868229873],[-121.995567920983,37.250276812174],[-121.995537378263,37.2502782422902],[-121.995425088852,37.2502882531033],[-121.995330765748,37.250156682311],[-121.995283155037,37.2499443094061],[-121.995245425796,37.2496532788976],[-121.995238239273,37.2494830934602],[-121.995331664063,37.2493622472649],[-121.995344240477,37.2489861211802],[-121.99546371641,37.2488359562494],[-121.995437665266,37.248600697256],[-121.99551132712,37.2484798496456],[-121.99563888789,37.2481037191563],[-121.995756567192,37.247884189657],[-121.995794296434,37.247754044831],[-121.995782618335,37.2475988718601],[-121.995722431211,37.2474372628042],[-121.9956218199,37.2472413292361],[-121.995503242282,37.247033238648],[-121.995210391499,37.2467250346936],[-121.995245425796,37.2466427990867],[-121.995302917974,37.2466192010264],[-121.995236442643,37.2465598482966],[-121.995160984159,37.2465813010959],[-121.994805251306,37.246556987923],[-121.994663317491,37.2470790043249],[-121.99430938127,37.247124769974],[-121.994269855397,37.247266357275],[-121.992932263939,37.2471540885784],[-121.992911602687,37.2473207038451],[-121.992864890293,37.2473171284141],[-121.992732837946,37.2478148267832],[-121.992705888487,37.2480272056901],[-121.99269960028,37.2480801215535],[-121.992660074408,37.248120165966],[-121.992645701363,37.248147338948],[-121.99107095467,37.2478899103035],[-121.99108622603,37.2478477205251],[-121.990738578015,37.2478141117017],[-121.990690967305,37.2478226926793],[-121.990381946847,37.2480207699744],[-121.99032804793,37.248063674735],[-121.990284928797,37.2481737968423],[-121.990216656835,37.2481938190262],[-121.990213961889,37.2482567458556],[-121.990115147208,37.2484183531541],[-121.989958840349,37.2485570777267],[-121.989958840349,37.2485878259222],[-121.990036095463,37.2486171439573],[-121.990053163453,37.2486650538925],[-121.990029807256,37.2487158240892],[-121.990012739266,37.2487980574338],[-121.990024417364,37.2489432169448],[-121.990019027473,37.2489911266728],[-121.989974111708,37.249466646948],[-121.989973213393,37.2495810573934],[-121.988947337339,37.2495009700998],[-121.989031778975,37.2491841954171],[-121.988393975124,37.2490962419394],[-121.988295160442,37.2490762199951],[-121.988364330719,37.2488867263309],[-121.988369720611,37.2488702796886],[-121.988399365015,37.2487708846864],[-121.988503569588,37.2484247888358],[-121.988540400515,37.2483096615579],[-121.988570044919,37.2482302879906],[-121.988630232043,37.2480000326646],[-121.988641011827,37.2479406810225],[-121.988780250696,37.2472599214944],[-121.988870082224,37.2472978210836],[-121.989082982947,37.2463260123883],[-121.988474823499,37.2462838217343],[-121.987103994376,37.2461729817681],[-121.987270182703,37.2457761018423],[-121.987554948648,37.2450338235059],[-121.987453439021,37.2450180911306],[-121.987048298828,37.2449637428999],[-121.9868821105,37.2449487256187],[-121.986851567781,37.2450466954468],[-121.986132017238,37.2465469766142],[-121.985312753699,37.2472613516679],[-121.984594101472,37.2479042119179],[-121.98378112614,37.248599982182],[-121.985084581617,37.2489289155276],[-121.985116920967,37.2490140089202],[-121.985101649607,37.249097672078],[-121.985048649006,37.2491720392514],[-121.985019902916,37.2492900254818],[-121.985028886069,37.2493229185797],[-121.985025292808,37.2493486609942],[-121.985042360799,37.2499557503859],[-121.985040564168,37.2500229661073],[-121.983774837933,37.2499171370721],[-121.982758843346,37.2498320446994],[-121.982508213382,37.2498070175127],[-121.980823872224,37.2496690103051],[-121.98008366043,37.2496067997197],[-121.979667740454,37.2495703314215],[-121.97954467126,37.249560320513],[-121.979329075592,37.2495460192129],[-121.979576112295,37.2524276763528],[-121.97963989268,37.2527387171213],[-121.979674028661,37.2528910193741],[-121.979978557542,37.2543167823389],[-121.980295662837,37.2557232131495],[-121.980388189312,37.2561279057118],[-121.980534614703,37.2567778402771],[-121.980294764522,37.2567149205644],[-121.980045032873,37.2566491408085],[-121.978872731427,37.2563760112076],[-121.976732046105,37.2562551760682],[-121.975963986537,37.256218710988],[-121.975878646585,37.2568858046618],[-121.975849002181,37.2571053079337],[-121.975816662831,37.2572111268721],[-121.975619033468,37.2578667719806],[-121.975366606873,37.258400864705],[-121.97326814237,37.258274312956],[-121.973122615294,37.2582550084333],[-121.972329402898,37.2582128244589],[-121.970604637552,37.2581477609944],[-121.970409703136,37.2580140589735],[-121.970292023833,37.2593317642564],[-121.970105174254,37.2593203247004],[-121.970089902894,37.2593188947557],[-121.969959647178,37.2593103150874],[-121.969973121907,37.2593367690615],[-121.969409878224,37.2592802862407],[-121.969221232015,37.2592709915952],[-121.968657090016,37.259245967544],[-121.968519647778,37.2592402477597],[-121.968470240437,37.2592302381361],[-121.96843340951,37.2592216584577],[-121.968325611676,37.2591980643371],[-121.968289679065,37.2591901996285],[-121.968076778343,37.2592059290448],[-121.968018387849,37.2592109338583],[-121.967618637548,37.2591587407862],[-121.967442567752,37.2591351466459],[-121.967232361976,37.2591079776266],[-121.966963765706,37.2590479197598],[-121.966319673647,37.259012885982],[-121.964751215161,37.2586217935199],[-121.964659587002,37.2586003441488],[-121.96437032948,37.2585002470029],[-121.964189768108,37.25845019838],[-121.964129580984,37.2585502955925],[-121.964056817446,37.2586582574367],[-121.964049630924,37.2586696970933],[-121.963928358361,37.2588748956376],[-121.963704677855,37.2588563062455],[-121.960772576767,37.258661117351],[-121.960486014192,37.2587890984049],[-121.9602102314,37.2589278038825],[-121.958987624298,37.259504787329],[-121.956906227785,37.260480715812],[-121.956416645955,37.2607109329954],[-121.95622710143,37.2607988729139],[-121.956206440178,37.2607752792873],[-121.9555318054,37.2599659419243],[-121.955498567734,37.2599259038078],[-121.954650558106,37.2589077845509],[-121.954575099622,37.2588198424245],[-121.954504132715,37.2587361900626],[-121.954466403473,37.2586932913795],[-121.954417894448,37.2586346631396],[-121.9543621989,37.2585760348542],[-121.954204993725,37.2585031069232],[-121.954011855939,37.2583829901771],[-121.953821413099,37.2582643032041],[-121.953843870981,37.2582092495447],[-121.954717033437,37.2571260427374],[-121.954781712138,37.2570388135247],[-121.954939815628,37.2568243150312],[-121.955106003955,37.2565990909557],[-121.955187750646,37.256486836165],[-121.955344057506,37.2562637560845],[-121.955510245833,37.256029950291],[-121.955621636928,37.2558726493488],[-121.955629721766,37.2558597792572],[-121.955680027422,37.2557997188006],[-121.955859690479,37.2555601915032],[-121.955999827663,37.255380009273],[-121.956074387832,37.2552677526657],[-121.956079777723,37.2552598875468],[-121.956182185666,37.2551411956531],[-121.956710395053,37.2543861392273],[-121.956777768699,37.2542888965617],[-121.956899041262,37.2540772503264],[-121.956955635125,37.2539750021011],[-121.95712811166,37.2536718317221],[-121.957185603838,37.2535710130003],[-121.95719099373,37.2535610026234],[-121.957207163405,37.2535338315936],[-121.957212553297,37.2535252512665],[-121.957215248242,37.2535159559108],[-121.957227824656,37.2534852097265],[-121.957235011179,37.2534701941436],[-121.957267350529,37.2534158520088],[-121.957391318038,37.2531863275598],[-121.957402097821,37.2531663067024],[-121.957795559916,37.2524119455212],[-121.957847662202,37.2523132702299],[-121.957922222371,37.2521817029738],[-121.95788808639,37.2521652570505],[-121.957564692888,37.2520036577884],[-121.957448810216,37.251947169469],[-121.956533426942,37.2514866808298],[-121.956191168818,37.251320789823],[-121.954744881211,37.2506279049018],[-121.954708050284,37.2506071683095],[-121.954684694087,37.2505942973184],[-121.95452030239,37.250861012408],[-121.954467301788,37.2509432434114],[-121.954432267492,37.2508838940875],[-121.954432267492,37.2508331253517],[-121.954433165807,37.2506951200236],[-121.954308299983,37.2506550769795],[-121.95371271695,37.250374060018],[-121.953897769898,37.2501409510052],[-121.953526765686,37.2496518487695],[-121.953630071943,37.2495503096033],[-121.953663309609,37.2495109810162],[-121.953739666408,37.2494201676549],[-121.953806141739,37.2493472308603],[-121.953725293364,37.249267858386],[-121.953567189874,37.2486650538925],[-121.953155761473,37.2469552939155],[-121.952479330065,37.2447349078142],[-121.952020290954,37.2428198169511],[-121.951955612254,37.2428291136262],[-121.951765169414,37.2428570036447],[-121.951749898054,37.2428598641589],[-121.951702287344,37.242869160829],[-121.951561251844,37.24289419032],[-121.951552268691,37.2428527128733],[-121.95148399673,37.2425709516829],[-121.951448064118,37.2425130260284],[-121.951370809004,37.2422312635681],[-121.951242349918,37.2422541478681],[-121.951189349317,37.2420510494624],[-121.951324096609,37.242025304555],[-121.951060890231,37.2410963365957],[-121.950547952204,37.239317749366],[-121.95017335473,37.2379181640869],[-121.95010867603,37.2376871620763],[-121.949623585776,37.2378781142534],[-121.949143885415,37.2382707447381],[-121.948847441371,37.2383780204712],[-121.94873515196,37.2383908935489],[-121.948663286738,37.2384152093563],[-121.948480928735,37.2384316582804],[-121.948407266882,37.238436664474],[-121.948307553885,37.2384431010081],[-121.947997635112,37.2384731381601],[-121.947791920912,37.2384888719016],[-121.947655376989,37.2385432248014],[-121.94761315617,37.2385611040362],[-121.947435289744,37.2386762462068],[-121.947361627891,37.2384123486735],[-121.947231372175,37.2379253158406],[-121.94639414233,37.236313293389],[-121.946270174821,37.2363497681024],[-121.94612734269,37.2363869579882],[-121.945929713328,37.2364398820248],[-121.945870424519,37.2364498946762],[-121.945817423917,37.236459192137],[-121.945661117058,37.2364899452684],[-121.945609913087,37.2364999579132],[-121.945589251835,37.2364262934244],[-121.945440131498,37.2364498946762],[-121.945309875782,37.2364599073263],[-121.944996363748,37.2356152640991],[-121.945175128489,37.2355837954133],[-121.945331435349,37.2355172820114],[-121.945370961221,37.235500117253],[-121.945457199489,37.235384970231],[-121.945563200692,37.2354507685509],[-121.945782389621,37.2355880865985],[-121.94620369949,37.2355086996327],[-121.946445346301,37.2354622117311],[-121.946845096602,37.2353821094332],[-121.94697894558,37.2353542166488],[-121.94720172777,37.2353077286519],[-121.947225982283,37.2353012918501],[-121.9472798812,37.2348900505937],[-121.946874741007,37.2348421319014],[-121.946614229574,37.2338673017423],[-121.943796214528,37.2338780299491],[-121.943508753637,37.2320177360699],[-121.943195241603,37.2316100530788],[-121.94313685111,37.2313911907742],[-121.943053307788,37.2312417060246],[-121.943346158571,37.2311558773263],[-121.943370413084,37.2309098345163],[-121.943329988896,37.2308297273816],[-121.943287768077,37.2307002683502],[-121.943259920304,37.2306101475672],[-121.942940120062,37.2287411899086],[-121.941385136306,37.2287233083449],[-121.941008742202,37.2287776682855],[-121.940190376978,37.2286997046743],[-121.940130189854,37.2286796773115],[-121.939584912476,37.2287726614505],[-121.937770315602,37.2287898277405],[-121.937739772883,37.2287869666925],[-121.937086697671,37.2287397593836],[-121.936870203688,37.2287247388701],[-121.936535132087,37.2286997046743],[-121.935694308981,37.2286403378336],[-121.935583816201,37.2287597867304],[-121.935531713914,37.2288170076918],[-121.932804428712,37.2288577776002],[-121.931094934726,37.2288463334177],[-121.929848073112,37.2288706523036],[-121.929134810776,37.228884957527],[-121.927990357104,37.2288820964826],[-121.923065792717,37.228944324175],[-121.922028238563,37.2289457546961],[-121.921965356494,37.223840052233],[-121.921941101981,37.2227592126618],[-121.921935712089,37.2222620641772],[-121.921927627252,37.2216611896926],[-121.921136211486,37.2216540363961],[-121.919942350474,37.2216647663406],[-121.916052645293,37.2217191313692],[-121.912789964182,37.2217720657017],[-121.911661680185,37.2217749270159],[-121.911514356478,37.2218800802377],[-121.911412846851,37.221943029035],[-121.91129876081,37.2218092627779],[-121.908919123622,37.2218357299171],[-121.908970327593,37.2217799343154],[-121.909060159122,37.2216597590333],[-121.909040396186,37.2215996713204],[-121.90887959775,37.2214902257204],[-121.908619984633,37.2213700499766],[-121.908314557436,37.2215531748431],[-121.907967807736,37.2217599051151],[-121.907649804126,37.2218099781061],[-121.907380309541,37.2218900948226],[-121.90710991664,37.2220302988716],[-121.90698235587,37.2219251458593],[-121.906092125423,37.2214008092626],[-121.90608314227,37.2214580358078],[-121.906038226506,37.2217692043873],[-121.906011277048,37.2219079780066],[-121.905384252979,37.2217856569432],[-121.904893772834,37.2217749270159],[-121.904210154903,37.2216197005634],[-121.904158052616,37.2217699197159],[-121.904122120005,37.2218729269619],[-121.903899337815,37.2218271459811],[-121.903418739138,37.2217191313692],[-121.902718951531,37.2215617588103],[-121.90262013685,37.2218321532772],[-121.902289556825,37.2217591897864],[-121.902137741542,37.2217570438003],[-121.901993112782,37.2217928102272],[-121.901858365489,37.2216146932531],[-121.901791890158,37.2215581821574],[-121.901697567053,37.221613262593],[-121.901619413623,37.221676211613],[-121.901548446716,37.2217527518279],[-121.901225053214,37.2215259922738],[-121.901107373912,37.2215360069058],[-121.901030118797,37.2215360069058],[-121.900995084501,37.2216619050221],[-121.898386376916,37.2216712043065],[-121.894838929859,37.2216740656246],[-121.894852404588,37.2166487085258],[-121.894830845021,37.215529134975],[-121.89471496235,37.213667673036],[-121.893110571252,37.2136526495208],[-121.892888687377,37.2136526495208],[-121.890368913005,37.2136490724929],[-121.884608017088,37.2136390568138],[-121.88085126257,37.2136369105967],[-121.880793770392,37.2110020253525],[-121.876230328748,37.2110957467153],[-121.876230328748,37.2107709408839],[-121.876291414188,37.2098122547257],[-121.876287820927,37.209674174298],[-121.876278837774,37.2092620778402],[-121.876277041143,37.2091247118541],[-121.876268956306,37.2086410671215],[-121.876245600108,37.2071901143247],[-121.876239311901,37.2067071726644],[-121.87617103994,37.2038588272075],[-121.876169243309,37.2037457783726],[-121.875950952695,37.2037457783726],[-121.875845849807,37.2037457783726],[-121.868263170494,37.2037450628731],[-121.866414437639,37.20374935587],[-121.863235299848,37.203757941863],[-121.863232604903,37.2037958633204],[-121.863229909957,37.2039139205657],[-121.863229011641,37.2039532729397],[-121.862522935828,37.2039568504273],[-121.862568749908,37.2037500713694],[-121.862566953277,37.2029279580237],[-121.862564258331,37.2006447398753],[-121.862546292025,37.2004100460351],[-121.858898233657,37.200379278191],[-121.858685332934,37.2003757005339],[-121.858479618734,37.2000758922659],[-121.85845177096,37.2000207961062],[-121.858453567591,37.1999642688357],[-121.858466144005,37.1997567633023],[-121.858527229444,37.1994991694329],[-121.85846524569,37.1993231464499],[-121.858376312477,37.1991642960885],[-121.858252344967,37.1989710992525],[-121.858176886483,37.1985432022776],[-121.85818317469,37.1983507194027],[-121.858230785401,37.1981797026076],[-121.858245158445,37.1979221033566],[-121.858217310671,37.1977303344544],[-121.858141852187,37.1975807829949],[-121.858057410551,37.1974519824574],[-121.857982850382,37.1971693360631],[-121.857982850382,37.1967020727413],[-121.857956799239,37.1965818575138],[-121.85982529503,37.1950719952022],[-121.859978008628,37.1949417592186],[-121.860801763744,37.1942547964659],[-121.861209598883,37.1939141751164],[-121.861806080231,37.1934848182848],[-121.863958443652,37.1917408888555],[-121.866398267964,37.1897042259874],[-121.868582970735,37.1878907912448],[-121.870958116346,37.1859628061548],[-121.870982370859,37.1857130375958],[-121.871095558584,37.1853287216094],[-121.871190780005,37.1851140190896],[-121.871250068813,37.184882855361],[-121.871268933434,37.1846080344038],[-121.871305764361,37.1845271624213],[-121.871270730065,37.1844613196813],[-121.871085677116,37.1842959968964],[-121.870948234878,37.1842251441636],[-121.870735334155,37.1841922226691],[-121.870508958704,37.1841922226691],[-121.870296057982,37.1842251441636],[-121.869472302866,37.1842967125803],[-121.869107586861,37.1841428404005],[-121.868792278196,37.1840612522338],[-121.868297306474,37.1840233208631],[-121.867926302262,37.1839080952618],[-121.867637943056,37.1838687324385],[-121.86754182332,37.1838687324385],[-121.867328922598,37.1837978793048],[-121.867163632586,37.1836547414582],[-121.867012715618,37.1835452408224],[-121.866462946664,37.1832382087814],[-121.866250045942,37.1831559039429],[-121.866057806471,37.1831229819823],[-121.865988636194,37.1830950698741],[-121.865914076026,37.1830127648796],[-121.865797295039,37.1827880360031],[-121.865701175303,37.1826720928181],[-121.865191830537,37.1822992126028],[-121.864863047143,37.182128875155],[-121.864628586854,37.1820458534024],[-121.864333939441,37.1820186566016],[-121.864190208995,37.1819642629706],[-121.863977308273,37.1818096703316],[-121.863735661462,37.1817230696873],[-121.863309860017,37.1816243018891],[-121.862664869643,37.1814589728944],[-121.862466341965,37.1813602047508],[-121.862293865431,37.1811963066045],[-121.862045930412,37.1808720878265],[-121.861989336549,37.1808098204846],[-121.861885131976,37.1806960214169],[-121.861799792024,37.1806029780266],[-121.861655163264,37.1803388773175],[-121.861637196958,37.1803116799021],[-121.861551857006,37.1801849970748],[-121.861454838955,37.1800969631206],[-121.861160191542,37.1799538182605],[-121.860755051349,37.1796911467368],[-121.860363385885,37.1795480011077],[-121.859992381673,37.1792187651314],[-121.85984056639,37.1790369689992],[-121.859766006221,37.1789002637454],[-121.859713903935,37.1787828831206],[-121.85962137746,37.1785703092079],[-121.859497409951,37.1784278771944],[-121.859448900926,37.1783448513741],[-121.859256661455,37.1781909670695],[-121.859030286003,37.1780821742556],[-121.858761689733,37.1780270620468],[-121.858591009829,37.1780098842072],[-121.858323311875,37.1779390255777],[-121.85815083534,37.1778237906949],[-121.858020579624,37.1776699053288],[-121.857937934618,37.1774716432555],[-121.857828340153,37.1773506816629],[-121.85710699298,37.1770271621319],[-121.856825820296,37.1769892272289],[-121.856419781788,37.1768131517693],[-121.856214067588,37.1766492437573],[-121.855946369633,37.1764667256834],[-121.855596026672,37.176314269072],[-121.855348989969,37.1761596648702],[-121.855183699957,37.1760723419867],[-121.855012121738,37.1759506623907],[-121.854819882267,37.1758418663506],[-121.854606981544,37.1756879769475],[-121.854463251099,37.1755118984552],[-121.853993432205,37.1752026864512],[-121.851829390686,37.1737360595021],[-121.85098856758,37.1731798933752],[-121.849938437013,37.1718370609871],[-121.849633009816,37.1715077914065],[-121.849032036891,37.170766213792],[-121.848226248081,37.1703088085264],[-121.84722462654,37.1701012214988],[-121.847221931594,37.1698449581057],[-121.847204863603,37.1689072271083],[-121.84613676673,37.1677010445556],[-121.846123292001,37.1675399801464],[-121.846225699944,37.1669823367183],[-121.846019087428,37.1665793132967],[-121.845969680088,37.1656730396352],[-121.846234683096,37.1647431314305],[-121.845963391881,37.163997192176],[-121.845693897295,37.1632612679238],[-121.845593285984,37.1624730765125],[-121.845318401507,37.1623148645303],[-121.845021059148,37.1622461388602],[-121.844920447836,37.162205332964],[-121.84483959946,37.1621559363234],[-121.844797378642,37.1621172780603],[-121.844757852769,37.1620557111562],[-121.844738988148,37.1619927124117],[-121.844704852168,37.1618402265968],[-121.844685987547,37.1617808071584],[-121.844647359989,37.1617256830593],[-121.844602444225,37.1616870245762],[-121.844534172264,37.1616519455653],[-121.844510816066,37.161644070683],[-121.843935894284,37.1615130611578],[-121.843759824489,37.1614822774659],[-121.843583754693,37.1614357439544],[-121.843442719193,37.1613870627117],[-121.843357379241,37.161334801931],[-121.843281022442,37.1612696548797],[-121.843222631949,37.1612009282593],[-121.843155258302,37.1611171676062],[-121.84306991835,37.1610377022854],[-121.842964815462,37.1609646800251],[-121.842868695727,37.160915998479],[-121.84275191474,37.1608701805246],[-121.842786949036,37.1606682948325],[-121.842845339529,37.160273112768],[-121.842850729421,37.1601972261206],[-121.842865102466,37.1600297024972],[-121.842845339529,37.1597762686178],[-121.842812101864,37.1596030167197],[-121.84271957539,37.1592901600136],[-121.842674659625,37.1590796790297],[-121.842677354571,37.1589873249435],[-121.842698015823,37.1588928229712],[-121.842734846749,37.1588061960595],[-121.842786050721,37.1587288760875],[-121.842872288988,37.1586501241828],[-121.8429729003,37.1585778155436],[-121.843213648796,37.1584267546978],[-121.843266649398,37.1583952538199],[-121.843688857581,37.1581561330915],[-121.843796655415,37.158076664658],[-121.843857740855,37.1580172422612],[-121.84390624988,37.1579499445507],[-121.843935894284,37.1578826467802],[-121.843977216787,37.1577680972459],[-121.844008657822,37.1576829009173],[-121.844021234236,37.1576506837932],[-121.844058963478,37.1575060645336],[-121.843482245066,37.1572239845878],[-121.841761971297,37.156412819894],[-121.84148708682,37.1562588909246],[-121.840662433389,37.1557978180898],[-121.840388447227,37.1556453197787],[-121.832610833497,37.1518807334407],[-121.8262633377,37.1487883055924],[-121.82288207897,37.1470519367667],[-121.817326897253,37.1442600585281],[-121.816815755857,37.1439908183483],[-121.808453338877,37.1395489331244],[-121.803358094585,37.1368613334442],[-121.803366179423,37.1364137489504],[-121.803338331649,37.1317859281391],[-121.803297907461,37.1314801181871],[-121.803236822022,37.12465027934],[-121.803175736583,37.1193742079956],[-121.80316675343,37.1169717044972],[-121.80316675343,37.1165132574814],[-121.803020328039,37.1164967819901],[-121.802876597593,37.1161371855912],[-121.803163160169,37.1157238625211],[-121.803138905656,37.1119737658831],[-121.803140702287,37.1113347624164],[-121.80313621071,37.1109027872874],[-121.803138905656,37.1097587218484],[-121.799510610223,37.1097587218484],[-121.799470186036,37.1026561030143],[-121.798260155348,37.1026596852978],[-121.795976637896,37.1026682827775],[-121.795990112625,37.1012697465889],[-121.795959569905,37.0990099670577],[-121.803091294946,37.0989118077002],[-121.803116447774,37.0999062922426],[-121.815103566925,37.0997852065662],[-121.819470277521,37.0997637120472],[-121.827941390651,37.099643342628],[-121.83225599896,37.0996082348448],[-121.834976097641,37.0995616632704],[-121.842476131948,37.0994807003116],[-121.842783355775,37.0945812055349],[-121.842723168651,37.0945769063363],[-121.842680049517,37.0945697410048],[-121.842550692116,37.0945611426061],[-121.842509369613,37.0945446623391],[-121.842564166845,37.0945288986021],[-121.842699812453,37.0945597095395],[-121.842727660227,37.0945597095395],[-121.84278425409,37.0945597095395],[-121.842866000781,37.092786985465],[-121.842885763717,37.0923771177311],[-121.84298996829,37.0901951796327],[-121.843096867809,37.0879486851186],[-121.843119325691,37.0874721474187],[-121.843204665643,37.0857021240157],[-121.843284615703,37.0841362996267],[-121.84352716083,37.0794393490655],[-121.843608009206,37.0778741120036],[-121.843611602467,37.0778010094828],[-121.843624178881,37.0775817014977],[-121.843627772142,37.0775093153896],[-121.843714908724,37.0757161245899],[-121.843740061552,37.0752258923854],[-121.843850554332,37.0729431173546],[-121.843890080205,37.0721418004368],[-121.843928707762,37.0713419085573],[-121.843977216787,37.0703398815568],[-121.843996979724,37.0699449445308],[-121.844065251685,37.0685479547724],[-121.844068844946,37.0685128325844],[-121.844083217991,37.0684110498253],[-121.844087709567,37.0683766443546],[-121.844173049519,37.0684239518727],[-121.844293423767,37.0680232705969],[-121.844720123527,37.0681981657254],[-121.844886311855,37.0682662600311],[-121.845382181892,37.0682232531083],[-121.845770254095,37.0679967495791],[-121.84610442738,37.06794729144],[-121.84681499477,37.0682712775038],[-121.847440222208,37.0685551225639],[-121.847488731233,37.0685780594921],[-121.847836379248,37.0686017131919],[-121.848121145193,37.0683952806531],[-121.84822085819,37.0681952985954],[-121.848366385266,37.0679021339806],[-121.849113783582,37.0677637942945],[-121.849769553739,37.0675143521503],[-121.850106421971,37.0684812942793],[-121.850428018843,37.0686619225766],[-121.850464849769,37.0687608378905],[-121.850425323897,37.0689880559128],[-121.850607681899,37.0690819533826],[-121.850522341947,37.069225308074],[-121.850421730636,37.0693041530388],[-121.850162117519,37.0693708128088],[-121.850108218602,37.0693751134371],[-121.849962691525,37.0693872985493],[-121.849661755905,37.0694052178284],[-121.84947041475,37.0695600402235],[-121.849594382259,37.069807325338],[-121.849716553138,37.0699607133807],[-121.849685112103,37.0701599740196],[-121.849668942428,37.0705119043007],[-121.849800096459,37.0706409211027],[-121.849972572994,37.0706753255461],[-121.850225897904,37.0707068629389],[-121.850560969505,37.0706609903633],[-121.850530426785,37.0715712690987],[-121.855781977936,37.0729381001909],[-121.856603038106,37.0737121729451],[-121.858806605498,37.0757899458315],[-121.858997946653,37.0759813073562],[-121.859572868435,37.076556105736],[-121.859765107906,37.0767481820287],[-121.860001364826,37.0766808120412],[-121.860710135585,37.0764808518319],[-121.86094729082,37.0764149150165],[-121.861133242084,37.0766127252908],[-121.862121388896,37.0766800953389],[-121.862121388896,37.077041312448],[-121.862135761941,37.0848708436996],[-121.862140253517,37.0866817331688],[-121.862830159655,37.0869182133643],[-121.863213740282,37.0869067476748],[-121.863584744494,37.0869182133643],[-121.863914426203,37.0870156716544],[-121.864167751113,37.0870708501895],[-121.864510907552,37.0872077214475],[-121.864846877468,37.087394754547],[-121.865011269165,37.0874549490096],[-121.865142423197,37.0874879126236],[-121.865456833546,37.0875208762233],[-121.86564278481,37.087581787185],[-121.865847600695,37.0876907101944],[-121.866027263751,37.0878182645723],[-121.866252740888,37.0879157217051],[-121.866376708397,37.087988097877],[-121.866692017062,37.0882510879397],[-121.866986664475,37.0883779247828],[-121.867638841371,37.0884488673312],[-121.867920014055,37.0883829409247],[-121.868078117545,37.088377208191],[-121.868379951481,37.0884316691437],[-121.868853363635,37.0885907522289],[-121.869044704791,37.0887061230862],[-121.869162384093,37.0887562842738],[-121.869284554972,37.0887613003908],[-121.869483980965,37.0886903581347],[-121.869723831146,37.0885577890945],[-121.870005003829,37.0884746646051],[-121.870170293842,37.088463915742],[-121.870429906959,37.0885083443661],[-121.870835047152,37.0886616945781],[-121.871012913578,37.0886889249572],[-121.871116219836,37.0886889249572],[-121.871445901545,37.0887713326236],[-121.871741447274,37.0888859866192],[-121.871850143423,37.0889082008107],[-121.872132214422,37.0889031847035],[-121.872357691559,37.0889296984093],[-121.872445726456,37.0889562121058],[-121.872811340777,37.0890672828956],[-121.873345838371,37.0892808249892],[-121.873990828745,37.0894621203212],[-121.87414803392,37.0895667411454],[-121.874251340178,37.0896978752623],[-121.874360934642,37.0898139610125],[-121.874553174113,37.0899243139682],[-121.874890042345,37.0900110197492],[-121.875561982177,37.0900769447395],[-121.876067733682,37.0901786984163],[-121.877213983985,37.0903829219327],[-121.877378375682,37.0903936705236],[-121.877865262566,37.0902962165772],[-121.878112299269,37.0902740027924],[-121.878325199991,37.0903119811947],[-121.878846222856,37.090483242055],[-121.87938072045,37.0905878614697],[-121.879476840185,37.0906373048414],[-121.879854132605,37.0907419240434],[-121.880182915999,37.0907419240434],[-121.880444325746,37.090812864379],[-121.880607819128,37.0909339643944],[-121.880758736096,37.0911159723376],[-121.880903364856,37.0912643013224],[-121.881395641632,37.0914900187857],[-121.881642678335,37.0915666909139],[-121.881827731284,37.0915717068448],[-121.882198735496,37.0915401781306],[-121.882398161489,37.0915451940633],[-121.882672147651,37.0916548279374],[-121.882815878096,37.0916992546909],[-121.882932659083,37.0916992546909],[-121.883336900961,37.0915903374424],[-121.883477038145,37.09153229595],[-121.88417143586,37.0916347642337],[-121.884614305295,37.0915838883899],[-121.884969139832,37.0914219453358],[-121.885406619376,37.0912227405734],[-121.885926743925,37.0911589662761],[-121.886339070641,37.0912800657385],[-121.886795414805,37.0916920890872],[-121.887232894348,37.0916347642337],[-121.887328115768,37.0917809425244],[-121.88737931974,37.092053234667],[-121.887650610955,37.092223775037],[-121.891613977989,37.0926486911802],[-121.892906653683,37.0926680380643],[-121.893331556812,37.0924079295434],[-121.893737595321,37.0920912121776],[-121.894714064034,37.0915709902832],[-121.895024881123,37.0915401781306],[-121.895306053807,37.0912872313811],[-121.895464157297,37.0910178027533],[-121.895573751761,37.0908529922162],[-121.895780364277,37.0906939138796],[-121.895993264999,37.0905892946113],[-121.896554712052,37.0904359482996],[-121.897171854652,37.0903212966489],[-121.897446739129,37.0902109442712],[-121.897680301103,37.0900346667632],[-121.897851879322,37.0898540893787],[-121.898063881729,37.0895567090179],[-121.898140238528,37.0894026440348],[-121.898291155496,37.0892500119054],[-121.898504056218,37.0891511233196],[-121.898785228902,37.0890851975239],[-121.899155334799,37.089019271671],[-121.899662882935,37.0890027901987],[-121.899751816148,37.088986308723],[-121.899924292682,37.0889210993706],[-121.900087786064,37.0888050122528],[-121.900238703032,37.0886179826334],[-121.900294398579,37.0884760977867],[-121.900362670541,37.0883549938438],[-121.900492926257,37.0882231408102],[-121.900651029747,37.0881407325477],[-121.90094567716,37.0880418425144],[-121.901405614586,37.0878612603816],[-121.90152868378,37.0877838679072],[-121.901631990037,37.0876957263819],[-121.901679600748,37.0875638722013],[-121.901646363082,37.0873990541531],[-121.901597854057,37.0873109121802],[-121.901597854057,37.0871460935818],[-121.901679600748,37.0870149550498],[-121.901837704238,37.0868501358079],[-121.902250030953,37.0865806914057],[-121.902531203637,37.0864538515551],[-121.902716256585,37.0864158712195],[-121.902874360075,37.0864051220645],[-121.903141159715,37.086526229123],[-121.903354060437,37.0866580851087],[-121.90360109714,37.086779191763],[-121.903771777044,37.0868229047682],[-121.904314359476,37.0867677260525],[-121.904718601354,37.0866136554],[-121.905391439501,37.0864882488237],[-121.905616916638,37.0864058386749],[-121.905789393172,37.0862911809275],[-121.905953784869,37.0861371093063],[-121.906002293895,37.0860819300913],[-121.90635173854,37.0858017337178],[-121.906454146483,37.0856856418221],[-121.906551164533,37.0855330022073],[-121.906585300514,37.0855050540755],[-121.906647284269,37.0854061606034],[-121.906770353463,37.0852628365018],[-121.907072187398,37.0850550160731],[-121.90733269883,37.0849389230338],[-121.907428818566,37.0849009419391],[-121.907936366701,37.084807780683],[-121.908176216882,37.084731101717],[-121.908367558038,37.0846099917903],[-121.908683765018,37.0842860755325],[-121.908863428075,37.0840610532466],[-121.909041294501,37.0838897778743],[-121.909219160927,37.0837751163209],[-121.909424875127,37.0837041693979],[-121.90993871147,37.0836647544119],[-121.910130950941,37.0836540048668],[-121.910687008101,37.0836052735762],[-121.911043639269,37.0835938073857],[-121.911585323386,37.0836489884118],[-121.912392908826,37.0837091858492],[-121.912606707864,37.0837256684725],[-121.912860931089,37.0837378512787],[-121.913176239754,37.0836547215032],[-121.913614617612,37.0834461800272],[-121.914150013522,37.083077827015],[-121.914583001489,37.0828420514821],[-121.915145346856,37.0826277746018],[-121.915323213283,37.0825066613146],[-121.915460655521,37.0823038498738],[-121.915570249986,37.0821669697607],[-121.915707692224,37.0820902881233],[-121.916077798121,37.0819799237615],[-121.916722788495,37.081903241935],[-121.917092894392,37.0818258433772],[-121.917360592347,37.0817061621185],[-121.917586967799,37.0815298648303],[-121.917757647703,37.081337083993],[-121.917848377546,37.0811729690649],[-121.917888801734,37.0810683366546],[-121.917888801734,37.0804419724933],[-121.917922937715,37.0803538224305],[-121.917977734947,37.0802656722652],[-121.918169974418,37.0801560219166],[-121.918478994876,37.0799467541444],[-121.918945220508,37.079743935855],[-121.919131171772,37.0796887519863],[-121.919397971412,37.0795633339534],[-121.919603685612,37.0794149820695],[-121.919726754806,37.0792551630485],[-121.919830061063,37.0791691616421],[-121.919857908837,37.0791447945592],[-121.920139081521,37.0790079087424],[-121.920378931702,37.0788817729017],[-121.920543323399,37.0787499033893],[-121.920714901618,37.078514114396],[-121.920858632063,37.0783600269677],[-121.921112855289,37.0780360840043],[-121.921517995482,37.0777228900445],[-121.921641064676,37.0776677047048],[-121.921818931102,37.0776182528726],[-121.922048899815,37.0776032023087],[-121.9224594299,37.0773817436643],[-121.922642686218,37.0772419878763],[-121.922915774064,37.0767030298097],[-121.923214014738,37.0763611621354],[-121.923260727133,37.0761203487603],[-121.923479916063,37.0757333256623],[-121.923986565883,37.0753018642504],[-121.92446896119,37.075030228647],[-121.924900152527,37.0747191724336],[-121.92489386432,37.0743127906196],[-121.924823795728,37.0739322088506],[-121.92453184326,37.073705005641],[-121.924253365522,37.0736283154451],[-121.923948836641,37.0735272562833],[-121.923809597772,37.0733810427896],[-121.923815885979,37.0731466705718],[-121.924088973825,37.0720686923895],[-121.923936260227,37.0715433158199],[-121.923986565883,37.071485258977],[-121.924132991274,37.0714917097395],[-121.924221924487,37.0715361483108],[-121.9247986429,37.0720120694417],[-121.925026814982,37.0719102913786],[-121.924925305355,37.0716307593759],[-121.924684556859,37.0713211227239],[-121.924525555053,37.0709147226996],[-121.924424943741,37.0707749549923],[-121.924354875149,37.0705090372582],[-121.924506690432,37.0703893381357],[-121.925078018953,37.0701219855209],[-121.925001662154,37.0698811523319],[-121.924837270457,37.0696532202164],[-121.924328824006,37.0693607780085],[-121.924520165162,37.0690317791765],[-121.924839067087,37.0688726550465],[-121.924845355294,37.0688547356416],[-121.924900152527,37.0687450687911],[-121.925002560469,37.0686898769175],[-121.925167850481,37.0686461534567],[-121.925708636282,37.0686189158782],[-121.926113776476,37.0685472379933],[-121.92623684567,37.0684490391809],[-121.926915073709,37.0684748432607],[-121.928461074313,37.0684920459757],[-121.93140665013,37.0685006473317],[-121.93458578792,37.0684748432607],[-121.934654059882,37.0684741264808],[-121.935889243397,37.0684626580019],[-121.938673122463,37.0684468888405],[-121.938736004533,37.0684662419017],[-121.939195043643,37.0686088809783],[-121.93918426386,37.0686311011119],[-121.939150127879,37.0686440031219],[-121.939140246411,37.0686540380171],[-121.939382791537,37.0686483037914],[-121.940175105618,37.0688841234634],[-121.940562279505,37.0686232165491],[-121.94068894196,37.0686203494352],[-121.941705834862,37.0693629283229],[-121.941845972046,37.0692926846854],[-121.941465984681,37.068735033908],[-121.942517911879,37.0687099466944],[-121.946092308394,37.0687457855684],[-121.946416600212,37.0687486526776],[-121.946801079154,37.0687429184591],[-121.946783112848,37.0692532622073],[-121.946670823437,37.0723976780472],[-121.946572008756,37.0756666714849],[-121.951019567728,37.0756609377896],[-121.951017771097,37.0761368330336],[-121.953521375794,37.0762350218914],[-121.953466578562,37.0763547117871],[-121.953433340896,37.0764098980825],[-121.953384831871,37.076553238922],[-121.953399204915,37.0766786619342],[-121.953439629103,37.0767890340134],[-121.953542935361,37.0768721713175],[-121.953658818033,37.0769316574361],[-121.954222061716,37.0771409335306],[-121.954352317432,37.0772513049368],[-121.954385555097,37.0773057738833],[-121.95437926689,37.0773659763576],[-121.954241824652,37.0775530337404],[-121.954063958226,37.0777451075077],[-121.953982211535,37.0778719619305],[-121.953913041258,37.0780690517143],[-121.953893278322,37.0782338900492],[-121.953940889032,37.0783772274404],[-121.954033415506,37.0785277314095],[-121.954105280729,37.0786459843185],[-121.954242722967,37.0789928584542],[-121.954558031632,37.0796959187247],[-121.95466133789,37.0799983544706],[-121.954701762077,37.0802778556275],[-121.9547089486,37.0808992045078],[-121.954612828864,37.0811736857247],[-121.954516709129,37.0813722002415],[-121.954482573148,37.0814710989764],[-121.95448975967,37.0815972305091],[-121.954558031632,37.0817398448871],[-121.954729609851,37.0819541242771],[-121.954991019599,37.0821519200996],[-121.95521739505,37.0822888002399],[-121.955395261477,37.0824156470602],[-121.955627925135,37.0825310273169],[-121.955744706122,37.0826299245401],[-121.955813876399,37.0827288216342],[-121.955922572549,37.0830032962267],[-121.956013302392,37.0831459079595],[-121.956218118277,37.083370932962],[-121.956814599626,37.0838489297158],[-121.956979889638,37.0840861353816],[-121.957083195896,37.0843111575931],[-121.957137993128,37.0844809987561],[-121.957219739819,37.085113062526],[-121.957295198303,37.0853488309953],[-121.957453301793,37.085525119402],[-121.957693151974,37.0857336551586],[-121.957802746438,37.0858597795988],[-121.958083919122,37.0860847965451],[-121.958132428147,37.0861141776893],[-121.958462109857,37.0863112460458],[-121.958536670025,37.0863771742543],[-121.958592365573,37.0864918318716],[-121.958605840302,37.0866351536494],[-121.958687586993,37.0866953487152],[-121.958763943792,37.0867283126596],[-121.958975946199,37.0867060978291],[-121.959134049689,37.0866681176199],[-121.959408035851,37.0866681176199],[-121.959593088799,37.0867390617688],[-121.959744005767,37.0868601682937],[-121.959867973276,37.0870300037453],[-121.960045839703,37.0871568426318],[-121.96032072418,37.0872392519641],[-121.960722271112,37.087260750036],[-121.960813899271,37.0872657662519],[-121.961004342111,37.0873359932398],[-121.961171428754,37.0873983375521],[-121.961513686877,37.0875631556019],[-121.961658315638,37.0876778114251],[-121.96171311287,37.0877989164501],[-121.961711316239,37.0878089488103],[-121.961705926348,37.0878598271883],[-121.961580162208,37.0880697897108],[-121.961528059921,37.0879723327761],[-121.961236107454,37.0883012494284],[-121.961482245842,37.0889246823035],[-121.961767910102,37.0891210267678],[-121.961987099032,37.0891848027799],[-121.962357204929,37.0893732641652],[-121.962810854147,37.0893481837798],[-121.96269407316,37.0895516929536],[-121.962529681463,37.0897831481455],[-121.962516206734,37.0898096615435],[-121.96223503405,37.0900296507306],[-121.962111066541,37.0901887304615],[-121.96202931985,37.0904037025404],[-121.96202931985,37.0907440737515],[-121.962057167624,37.0909418466372],[-121.96202931985,37.0910350003539],[-121.961968234411,37.0911783135405],[-121.961829893857,37.0913209098922],[-121.961563094218,37.0915186812726],[-121.961234310824,37.0916670094691],[-121.960918103844,37.091821069849],[-121.960466251256,37.0920912121776],[-121.960108721773,37.0923319748207],[-121.959917380617,37.0926400925635],[-121.959868871592,37.0927891351151],[-121.959779938379,37.0929639731193],[-121.959738615875,37.0931022668287],[-121.959738615875,37.0931681891299],[-121.959738615875,37.0933000335601],[-121.959841922133,37.0936131631626],[-121.959828447404,37.0938216766653],[-121.959760175442,37.0939040787504],[-121.959621834889,37.0939313072459],[-121.959060387836,37.0939592522704],[-121.958737892649,37.0940137092118],[-121.958579789159,37.0941183237525],[-121.958551941385,37.0942172058568],[-121.958621111662,37.0944429145246],[-121.958675908894,37.094551827673],[-121.958703756668,37.0946456934845],[-121.95872441792,37.0946729217134],[-121.958792689881,37.0949151092137],[-121.958779215152,37.0952669245881],[-121.958737892649,37.0953772696032],[-121.958603145356,37.0956151557125],[-121.958409109255,37.0959590861164],[-121.958333650771,37.0961790574519],[-121.958332752456,37.0963051645094],[-121.958388448003,37.09640404376],[-121.958490855946,37.0965086550005],[-121.958567212745,37.0966462257271],[-121.958560026223,37.096755852221],[-121.95847109301,37.0968597464643],[-121.958286040061,37.0970087807162],[-121.957880899868,37.0972939512081],[-121.957839577365,37.0973878136226],[-121.957873713346,37.0974759438755],[-121.957860238616,37.0976127963414],[-121.957791966655,37.0976629516334],[-121.957339215752,37.0977281534635],[-121.957228722972,37.0978220153402],[-121.957229621287,37.0979703311982],[-121.957312266293,37.0980971517742],[-121.957455996739,37.0982182401486],[-121.957915934164,37.0983773026895],[-121.958053376402,37.0984919421515],[-121.958073139339,37.0985643082226],[-121.958039003358,37.0986517206124],[-121.957942883623,37.0987943029006],[-121.957895272912,37.0988931789027],[-121.957895272912,37.0990250133714],[-121.957950070145,37.0990909305197],[-121.957991392648,37.0992292130467],[-121.958035410097,37.0993639128821],[-121.958135123093,37.0996848987586],[-121.958132428147,37.099841092287],[-121.95831478615,37.1001097730617],[-121.958323769303,37.1000789643813],[-121.958341735609,37.1001498959757],[-121.958348023816,37.1001842870278],[-121.958348023816,37.1003598244467],[-121.958319277727,37.1004042460964],[-121.95845582165,37.1005733347181],[-121.958484567739,37.1007438559121],[-121.958462109857,37.100882135422],[-121.958384854742,37.1009616639378],[-121.958252802396,37.1010591041676],[-121.957912340903,37.1013120182968],[-121.957756034043,37.1015441540349],[-121.957674287353,37.1018679965305],[-121.957713813225,37.1021029964127],[-121.957861136932,37.1022391240598],[-121.95795096846,37.1023709527059],[-121.958054274718,37.1025973535411],[-121.958088410699,37.1027607056222],[-121.95815668266,37.1029871052926],[-121.958245615873,37.1031132010181],[-121.958383058112,37.1032170865434],[-121.958560924538,37.1033381667344],[-121.95861572177,37.1034699934679],[-121.95861572177,37.1038769354153],[-121.958684892047,37.104086137115],[-121.958754062324,37.1041678115943],[-121.958842995537,37.1043218465569],[-121.958966064731,37.1044536715785],[-121.959378391447,37.1050848523342],[-121.959576919124,37.1053656938401],[-121.95962542815,37.1054036646781],[-121.959646089401,37.105453098382],[-121.95972064957,37.1055469506877],[-121.959782633324,37.105635071449],[-121.960229096021,37.1061129277757],[-121.960229096021,37.1061401518835],[-121.960318029234,37.1063106605463],[-121.960325215756,37.1066287513114],[-121.960311741027,37.1069153184244],[-121.960415047284,37.1072226604481],[-121.960489607453,37.1074196739099],[-121.960523743434,37.1074640914196],[-121.960523743434,37.1074920314527],[-121.96055877773,37.1075300012247],[-121.960730355949,37.1078982353846],[-121.960785153181,37.1081131572186],[-121.960798627911,37.1083209144117],[-121.96071688122,37.1085687894896],[-121.960641422736,37.108739292685],[-121.960592913711,37.1088818559864],[-121.960592913711,37.1090802979241],[-121.960662083988,37.1095137162326],[-121.960731254264,37.1097229023634],[-121.960778864974,37.1099593106514],[-121.96092259542,37.1103432934494],[-121.96100074885,37.1105317022073],[-121.9610330882,37.1106069223029],[-121.961383431161,37.1111893382285],[-121.961500212148,37.1114586951246],[-121.961519975084,37.1115518236158],[-121.961623281342,37.1117660187108],[-121.961623281342,37.1119637367223],[-121.96150739867,37.112200138015],[-121.961534348128,37.1123978548931],[-121.961567585794,37.1124702076795],[-121.961643942593,37.1127768107997],[-121.961643942593,37.1129480208804],[-121.961609806612,37.1142940481549],[-121.96155500938,37.1143929039248],[-121.961431940186,37.1145189806614],[-121.961288209741,37.1146457735315],[-121.961199276527,37.1147611047148],[-121.961130106251,37.1150247181883],[-121.961115733206,37.1152109662848],[-121.96109597027,37.1153098208576],[-121.961075309018,37.1156901948579],[-121.961110343314,37.1160626873189],[-121.961411278934,37.1163212819689],[-121.961501110463,37.1164752922134],[-121.961590043676,37.1168377522968],[-121.961624179657,37.1171070891006],[-121.961627772918,37.1173126726651],[-121.961614298189,37.1173957655153],[-121.961607111666,37.1175941851422],[-121.961635857756,37.1177181076057],[-121.961600823459,37.1178291362302],[-121.961493923941,37.1183298374881],[-121.961413075565,37.1188849744967],[-121.961454398068,37.1188878397094],[-121.961358278333,37.1189938525035],[-121.961290904686,37.1190762272072],[-121.960901934168,37.1195411053767],[-121.960613574962,37.1201821884623],[-121.960613574962,37.120329027958],[-121.960777966659,37.1203648424259],[-121.961001647165,37.1205589565473],[-121.961879301198,37.1209650903868],[-121.962032014796,37.1227063555722],[-121.962426375206,37.1229591974128],[-121.962364391451,37.1232750694605],[-121.962163168827,37.1233402492427],[-121.961917928755,37.1234856500933],[-121.961678976889,37.1239390410998],[-121.96286744801,37.1246330893706],[-121.962880024424,37.1259767601958],[-121.962596156794,37.1262439157846],[-121.962385052702,37.1263928922181],[-121.961292701317,37.1261601164119],[-121.961137292773,37.1261271696245],[-121.960789644758,37.1273161098269],[-121.960420437176,37.1276040310909],[-121.96014914596,37.1291689571128],[-121.96180833429,37.1279979514437],[-121.963567235616,37.1292921444234],[-121.963806187482,37.1291617950536],[-121.966555930567,37.1276699233654],[-121.966845188088,37.1275438685293],[-121.967482093625,37.127268839067],[-121.965521969675,37.1260920741179],[-121.96558575006,37.1257368207265],[-121.965709717569,37.1246839430185],[-121.965841769916,37.1244841094733],[-121.96756114537,37.1233889549775],[-121.9677686562,37.124302181701],[-121.971115778949,37.1247992589102],[-121.971684412524,37.1251903288871],[-121.971192135748,37.1256508720748],[-121.972120993752,37.1271069723017],[-121.972587219384,37.1268183329187],[-121.97278035717,37.1271220130334],[-121.972633033464,37.127624801488],[-121.972871087014,37.1279442351527],[-121.973626570168,37.1280910595912],[-121.97592535898,37.1313827170999],[-121.97777499015,37.1338119773757],[-121.978205283171,37.1338957682756],[-121.978554727817,37.1338642571788],[-121.978601440211,37.1339867206859],[-121.978624796409,37.1341027385624],[-121.978629287985,37.1342101623635],[-121.978605931788,37.1342989659239],[-121.978576287383,37.1344343195373],[-121.97858077896,37.1345360136272],[-121.97858077896,37.1346369914263],[-121.978651745867,37.1347680475178],[-121.978699356577,37.1348532696631],[-121.978799967889,37.1350129714082],[-121.978876324688,37.1351139485708],[-121.978923037083,37.135164795176],[-121.982716622528,37.13494278862],[-121.983220577402,37.1349198717772],[-121.983360714587,37.1349177233228],[-121.983294239256,37.1348547019673],[-121.983109186307,37.1346842575839],[-121.983217882456,37.1346849737375],[-121.98354666585,37.1346899868131],[-121.98365715863,37.1346921352739],[-121.983757769942,37.1346928514275],[-121.984064095454,37.1346957160418],[-121.984167401712,37.134697148349],[-121.985079191725,37.1347028775772],[-121.987818155026,37.1347229298726],[-121.988730843355,37.1347300914054],[-121.988717368626,37.1346448691213],[-121.988776657435,37.1345410267126],[-121.988917692934,37.1343813239715],[-121.989059626749,37.1342889397207],[-121.989260849373,37.1341406949895],[-121.989311155029,37.1340748083491],[-121.989486326509,37.1338098288898],[-121.989513275968,37.1337711561344],[-121.989538428796,37.1337203085925],[-121.989538428796,37.1336658802],[-121.989527649012,37.1336300720257],[-121.98948991977,37.1335921153424],[-121.989395596665,37.1335469969959],[-121.98923479823,37.1334868391589],[-121.989108135774,37.1334503147345],[-121.988870082224,37.1333923053183],[-121.988658079817,37.1333307150253],[-121.988599689324,37.1333278503592],[-121.988553875244,37.1333357281905],[-121.988479315076,37.133370820338],[-121.988365229034,37.1333973184795],[-121.988311330117,37.1333901568205],[-121.988237668264,37.1333672395074],[-121.987886426988,37.1331416468358],[-121.987814561765,37.133110135425],[-121.987680712788,37.1330929473772],[-121.987627712186,37.133070746143],[-121.987593576205,37.1330370861949],[-121.987562135171,37.1329926836872],[-121.987554948648,37.1329318092391],[-121.987556745279,37.1328258159657],[-121.987595372836,37.1326209907058],[-121.987617830718,37.132497808814],[-121.987654661645,37.1324047060883],[-121.987674424581,37.1321647869979],[-121.987663644798,37.1320050792414],[-121.987651966699,37.1319556628718],[-121.987610644196,37.1318632756594],[-121.98754506718,37.1317687397905],[-121.987526202559,37.1317229041752],[-121.98751272783,37.1316749199856],[-121.98751272783,37.1311907792962],[-121.987517219406,37.131142078582],[-121.987510032884,37.1310761893306],[-121.98748218511,37.1309981248171],[-121.98743277777,37.1309157630872],[-121.987233351777,37.1307052031267],[-121.985602011221,37.130587747656],[-121.985250769944,37.1305018045132],[-121.985207650811,37.1302962567675],[-121.985079191725,37.1273662454492],[-121.985087276563,37.127180743481],[-121.986002659837,37.1271571080625],[-121.986368274158,37.1271520944879],[-121.987657356591,37.1259882199723],[-121.988279889082,37.1254531898056],[-121.988271804245,37.1253636596225],[-121.988234973318,37.1249468056957],[-121.987862172475,37.1245242194745],[-121.988028360803,37.1242928704252],[-121.988282584028,37.1241481873787],[-121.988288872235,37.1240228429317],[-121.988304143595,37.1239197022024],[-121.988390381862,37.1239791513899],[-121.988452365617,37.1240206941679],[-121.988695809059,37.1234999752851],[-121.987439065977,37.1235250443643],[-121.987917868023,37.1211649332222],[-121.989768397508,37.1219693132065],[-121.990206775367,37.1209880114556],[-121.990249894501,37.1208941782861],[-121.990282233851,37.1208289963976],[-121.991544366825,37.1198369354528],[-121.990111553947,37.1198992530211],[-121.990104367425,37.1192882521193],[-121.990091791011,37.1176980508046],[-121.990078316281,37.1162646920795],[-121.990195097268,37.1162546634871],[-121.990190605692,37.1161056671003],[-121.990149283189,37.1145576632545],[-121.990099875848,37.1129043229468],[-121.99005765503,37.1113397770386],[-121.990036095463,37.1105388660291],[-121.991121260326,37.1101677791658],[-121.991540773564,37.1096512633426],[-121.991568621338,37.1095681619935],[-121.991951303649,37.1094320475179],[-121.991900099678,37.1093847655901],[-121.991865963697,37.1093532442885],[-121.99192435419,37.1093038131301],[-121.992100423986,37.1092457852074],[-121.992070779581,37.1091970703736],[-121.99345777838,37.1091891900299],[-121.994680385482,37.1091748621302],[-121.99469026695,37.1092479343904],[-121.996016180309,37.1092479343904],[-121.998819822311,37.1092550983337],[-121.998888992588,37.109255814728],[-122.001832771774,37.1092622622764],[-122.003895303666,37.1092636950648],[-122.003908778396,37.1108440442105],[-122.003933032908,37.1121886761512],[-122.002811037118,37.112200138015],[-122.002131012448,37.1122137489761],[-122.001918111726,37.112354873007],[-122.00096679584,37.1122302253993],[-122.000355941447,37.1122359563283],[-122.000347856609,37.1128147779221],[-122.004843026291,37.112791138018],[-122.006219245306,37.1127868398528],[-122.007971858426,37.1127796762436],[-122.010452106925,37.1127710799116],[-122.012864981778,37.1127538872449],[-122.012873066616,37.1149738580515],[-122.012874863246,37.1162560961432],[-122.012876659877,37.1168019361603],[-122.013333004041,37.1166242878728],[-122.013632143031,37.1167453466301],[-122.013967214632,37.1174838724897],[-122.013976197785,37.1178241220378],[-122.013986977568,37.1182338520958],[-122.013835162285,37.1184666522772],[-122.013709398145,37.1186622038765],[-122.013499192369,37.1188520245428],[-122.012889236291,37.1187058984871],[-122.012880253138,37.1204343224454],[-122.012876659877,37.1210746816845],[-122.012838930635,37.1243716581066],[-122.012924270587,37.1258822169734],[-122.012863185148,37.126167278755],[-122.012868575039,37.1266600463381],[-122.012985356026,37.1267151959988],[-122.01313896794,37.1272881771087],[-122.01283982895,37.1275467334142],[-122.01283803232,37.1277379642409],[-122.012830845797,37.1283009106111],[-122.014914038941,37.1282206945903],[-122.015284144838,37.1281927622059],[-122.01579438792,37.128235018886],[-122.016484294058,37.1281863162696],[-122.018003345203,37.1281390460532],[-122.017926988404,37.1280323298499],[-122.018343806696,37.1280180055159],[-122.018787574446,37.1280058298299],[-122.018801947491,37.1281039514794],[-122.019410106938,37.1280917758072],[-122.021626250744,37.1280201541662],[-122.021612776015,37.1277508561894],[-122.0237453765,37.1277658967931],[-122.023942107547,37.1277680454505],[-122.026414271209,37.1277838022699],[-122.029632036556,37.1278060050552],[-122.030572572659,37.1278117348052],[-122.032849801904,37.127828207834],[-122.034758721883,37.1278410997671],[-122.040486380134,37.1278812079893],[-122.042396198428,37.1278948161313],[-122.043687975807,37.1279026945281],[-122.047566002889,37.1279277621491],[-122.048858678582,37.1279370729777],[-122.050258253795,37.1279456675876],[-122.054456081118,37.127972883846],[-122.05585565633,37.1279829108861],[-122.055982318785,37.1279707351943],[-122.056026336234,37.1279678703254],[-122.056195219508,37.1279528297618],[-122.056276966199,37.1279456675876],[-122.056363204466,37.1279492486748],[-122.056490765236,37.1279542621966],[-122.058323328416,37.1280086946973],[-122.058308955371,37.1297397710442],[-122.058289192435,37.1320630897211],[-122.058264039607,37.1350967609781],[-122.058202055853,37.1404340369792],[-122.058160733349,37.1439986950693],[-122.058112224324,37.1484517753676],[-122.058110427694,37.1485520185699],[-122.058061918668,37.1529038774882],[-122.058046647308,37.1542542059615],[-122.058032274264,37.1556037943638],[-122.057970290509,37.1611858943028],[-122.057957714095,37.1622132077878],[-122.057947832627,37.163045070916],[-122.059368069091,37.1632541090923],[-122.05944262926,37.1632648473392],[-122.060560133473,37.1634302161484],[-122.060531387384,37.163529007732],[-122.060688592559,37.1634488290653],[-122.064220768256,37.1639678412487],[-122.06652494696,37.1643078817812],[-122.069475912668,37.1647431314305],[-122.069861289925,37.1688649931483],[-122.064094105801,37.1677511534128],[-122.064129140097,37.171622320119],[-122.067547229753,37.1724941642525],[-122.067728689441,37.1725406909556],[-122.067868826625,37.1720496538453],[-122.068113168382,37.1712042894788],[-122.068882126265,37.1714269053987],[-122.068685395218,37.1719487259973],[-122.068672818804,37.1719838002293],[-122.068998008937,37.1720947492232],[-122.069250435532,37.1721799293081],[-122.070112818205,37.1723882264218],[-122.070104733367,37.1726509233376],[-122.070117309781,37.1727969452065],[-122.070146954185,37.1731347986449],[-122.06998615575,37.173706712357],[-122.06995561303,37.1738298271331],[-122.069888239384,37.1738090694232],[-122.069493878974,37.1737439331245],[-122.069033043233,37.1736072182926],[-122.068802176205,37.1743752518092],[-122.068701564893,37.1746651412747],[-122.067955963207,37.1744360929003],[-122.067868826625,37.1743902831421],[-122.067647841065,37.1742456959106],[-122.06758585731,37.174227801432],[-122.067513992088,37.1742149174048],[-122.067381041426,37.1742371065615],[-122.067102563688,37.1743287262358],[-122.067024410258,37.1743480522467],[-122.066955239981,37.1743587889173],[-122.066815102797,37.1743609362512],[-122.066645321208,37.1743552100272],[-122.065885346478,37.1742750428463],[-122.065664360918,37.1742700323947],[-122.065401154539,37.1743129791122],[-122.065251135887,37.1743680940305],[-122.06518016898,37.1744003040291],[-122.065104710496,37.1744683028699],[-122.0650696762,37.1745241334514],[-122.06505620147,37.1745842586468],[-122.06505620147,37.1746973511466],[-122.065079557668,37.1747560446558],[-122.065126270063,37.1748140223457],[-122.065185558871,37.1749142305937],[-122.065207118438,37.174957176945],[-122.06522777969,37.1749850920602],[-122.065366120243,37.1750717004291],[-122.065430798944,37.1751218043988],[-122.065508952374,37.1751926656707],[-122.065562851291,37.175277842263],[-122.06562393673,37.1754109752319],[-122.065678733962,37.1755820435948],[-122.066153044432,37.1759470835761],[-122.066598608813,37.1759370628942],[-122.067178920487,37.1762613028533],[-122.067289413267,37.1763550673503],[-122.067398109416,37.1764402426321],[-122.067424160559,37.1765261335755],[-122.067414279091,37.1766120244211],[-122.067366668381,37.176660695857],[-122.067248090764,37.1767007781924],[-122.067128614831,37.17673083993],[-122.066974104602,37.1767523125924],[-122.066818696058,37.1767830900645],[-122.066653406046,37.1768711278806],[-122.06622401134,37.1769541553205],[-122.066071297741,37.1770522134725],[-122.066012907248,37.1771767542996],[-122.06602009377,37.1775017046864],[-122.065878159955,37.177581152696],[-122.065579919281,37.1776326864955],[-122.065257424094,37.1776462856867],[-122.065127168378,37.1776870832457],[-122.064923250808,37.177689230485],[-122.064837012541,37.1775317661053],[-122.064003375957,37.1766098771512],[-122.063918934321,37.1765776680946],[-122.063740169579,37.1765032293335],[-122.063662914465,37.1764788935687],[-122.063529065487,37.176460283861],[-122.063396114825,37.1764516947636],[-122.063326944548,37.1764552735543],[-122.063263164163,37.1764703044734],[-122.06317243432,37.1765247020606],[-122.06309607752,37.1765848256639],[-122.063070924692,37.1766198977438],[-122.063034992081,37.1767523125924],[-122.062967618435,37.1769362614834],[-122.062902041419,37.1770772648048],[-122.062785260432,37.1772118261047],[-122.062590326015,37.1774007841212],[-122.062487918073,37.1774508865463],[-122.062345085943,37.1775031361828],[-122.062295678602,37.177513872405],[-122.062206745389,37.1775238928777],[-122.062158236364,37.1775253243737],[-122.062121405437,37.1775188826415],[-122.062070201466,37.1774966944487],[-122.062012709288,37.1774916842107],[-122.061938149119,37.177468064513],[-122.061868080527,37.1774222565932],[-122.061813283295,37.1773649966544],[-122.061794418674,37.1773220516718],[-122.061780045629,37.1772468978935],[-122.061753096171,37.1766893260988],[-122.061788130467,37.1764302220157],[-122.061857300744,37.1762133469206],[-122.061872572103,37.1761668224791],[-122.061879758626,37.1760866572204],[-122.061869877158,37.1760057761144],[-122.061842927699,37.1759277579742],[-122.06179891025,37.1758547501004],[-122.061739621441,37.1757888998007],[-122.061667756219,37.1757323543889],[-122.06162373877,37.1757058710802],[-122.061117987265,37.1754439005536],[-122.060778424087,37.1752313172455],[-122.060656253209,37.1751332567301],[-122.06056642168,37.1750681215729],[-122.060272672582,37.1747581919784],[-122.059882803749,37.1742986635424],[-122.059642055253,37.1739178683906],[-122.059573783291,37.1738341218309],[-122.059478561871,37.1737496593947],[-122.059330339849,37.1736451548938],[-122.058838063074,37.1731999354689],[-122.05873206187,37.1731040196866],[-122.058615280883,37.1730503354269],[-122.058544313976,37.1730553459595],[-122.058468855492,37.1730761038763],[-122.05830536211,37.1731448196984],[-122.058073596767,37.1732020828357],[-122.057967595563,37.1732543354107],[-122.057852611207,37.1732972827055],[-122.057755593156,37.1733387984006],[-122.057649591953,37.173396777178],[-122.057510353084,37.1734848189401],[-122.057495980039,37.1735027135947],[-122.057463640689,37.1735499554624],[-122.057454657536,37.1735571133185],[-122.057439386176,37.1735721448142],[-122.057834644901,37.1749099359572],[-122.05801969785,37.1755326556972],[-122.058023291111,37.1764402426321],[-122.058103241171,37.1801892914114],[-122.058146360305,37.1821317379724],[-122.058124800738,37.1830900600074],[-122.058133783891,37.1832790033203],[-122.058164326611,37.1842902714256],[-122.058174208079,37.1854282002367],[-122.059386933712,37.1854253375442],[-122.059777700861,37.1854081613871],[-122.06099132481,37.1854203278321],[-122.065382289918,37.1854210435053],[-122.067823012545,37.1854646995563],[-122.07318236153,37.1854947578062],[-122.075429048056,37.1854668465746],[-122.075457794145,37.1874499496999],[-122.075515286323,37.1912578483449],[-122.075537744205,37.1926811988534],[-122.07564733867,37.1991170702409],[-122.086039948192,37.1992351348045],[-122.087349691876,37.1993388883594],[-122.094165209937,37.1995721544519],[-122.093972970466,37.2045063504992],[-122.093894817036,37.2065032630354],[-122.094767081177,37.2065676556093],[-122.100936710549,37.206636340961],[-122.105704968077,37.2066900013484],[-122.116627583616,37.2069697502172],[-122.116440734037,37.2095718658387],[-122.116294308646,37.2118991701111],[-122.116112848959,37.2147922819746],[-122.123444898308,37.2149203375272],[-122.125025933208,37.2149482378702],[-122.131663584842,37.21505697757],[-122.135122997001,37.2151821711092],[-122.135122997001,37.2227549207465],[-122.13518228581,37.2290680641466],[-122.13562605356,37.2291202780621],[-122.1358928532,37.229254031352],[-122.1361632461,37.2292039633034],[-122.136400401335,37.2292647602152],[-122.136430944055,37.2292740585621],[-122.136758829133,37.2292783501065],[-122.137313089664,37.2292847874225],[-122.138458441651,37.2292990925673],[-122.14457327379,37.2293591741459],[-122.147770377886,37.2292998078245],[-122.150291050573,37.2293427232423],[-122.150830039744,37.229346299526],[-122.150809378492,37.2300408106076],[-122.151295367061,37.2300272208537],[-122.151457063812,37.230022929352],[-122.151507369468,37.2307253018819],[-122.151660083066,37.2328316649915],[-122.151711287038,37.233534726574],[-122.151801118566,37.2348049412535],[-122.152073308097,37.2386183175591],[-122.152155953103,37.2397690153183],[-122.152174817724,37.2398877314275],[-122.152210750336,37.2401130054579],[-122.152315853224,37.240773090248],[-122.15233381953,37.2408846533034],[-122.152347294259,37.2410248220364],[-122.1526024158,37.2437208739791],[-122.152632958519,37.2440348111592],[-122.15263655178,37.244320857565],[-122.152674281022,37.2471419320853],[-122.152675179338,37.2472398990622],[-122.152668891131,37.247568838345],[-122.15265182314,37.2485878259222],[-122.152652721455,37.2488781454745],[-122.152656314717,37.2496268215229],[-122.152649128194,37.2496597144738],[-122.152639246726,37.2509932970217],[-122.152607805691,37.255211981805],[-122.152577262972,37.259431145326],[-122.152576364656,37.2597171332841],[-122.15257366971,37.2600016902246],[-122.152474855029,37.271842738438],[-122.152474855029,37.2718999266901],[-122.152474855029,37.2729950733363],[-122.152474855029,37.2814740573069],[-122.152474855029,37.2819608086304],[-122.15244610894,37.2827792013365],[-122.152372447087,37.2848476581625],[-122.152341904367,37.2852371849628],[-122.152278123982,37.2860548273211],[-122.152349989205,37.2865000956032],[-122.152403888122,37.2869053374799],[-122.152426346004,37.2870690059789],[-122.152509889325,37.287690085385],[-122.152555703405,37.2881010384454],[-122.152570076449,37.2882196783897],[-122.152700332165,37.288639919579],[-122.152790163694,37.2888500392935],[-122.152940182346,37.2891402036488],[-122.153100082467,37.2893803388208],[-122.153279745524,37.2895997473704],[-122.153390238304,37.2897098087471],[-122.153541155271,37.2898327342503],[-122.153550138424,37.2898398810757],[-122.153739682949,37.2899792440354],[-122.153809751541,37.2900299863822],[-122.154119670314,37.2902300967122],[-122.154381080062,37.2904230597407],[-122.155890249739,37.2914050194849],[-122.156084285841,37.2915608168688],[-122.156213643242,37.2916451474284],[-122.156439120378,37.2917709284262],[-122.156519968754,37.2918102349449],[-122.156560392941,37.2918288162012],[-122.157014940475,37.2920532202411],[-122.157500929044,37.292241175976],[-122.158307616169,37.2925549109284],[-122.159546392946,37.2930151484457],[-122.159592207025,37.2930337294043],[-122.159708988012,37.2930773231739],[-122.159832057206,37.2931237755235],[-122.160030584884,37.2931816622576],[-122.160326130612,37.2932316877943],[-122.160356673332,37.2932409782474],[-122.160510285246,37.2932931476938],[-122.160608201612,37.2931187729642],[-122.161193004862,37.2930008553974],[-122.161286429651,37.2931001920265],[-122.161416685367,37.2932381196466],[-122.161459804501,37.2932767107489],[-122.161489448905,37.2932938623435],[-122.161681688376,37.29344393863],[-122.161717620987,37.2934732392034],[-122.161755350229,37.2935132594804],[-122.16188470763,37.2936168833127],[-122.162721937475,37.2938491431082],[-122.162904295478,37.2938927364053],[-122.162949211242,37.2939020267768],[-122.163024669726,37.293924180735],[-122.163007601735,37.2937319413318],[-122.163539404384,37.2939549104082],[-122.163703796081,37.2940127965027],[-122.164039765997,37.2940806875444],[-122.164132292471,37.2941621567135],[-122.164222124,37.2942407672317],[-122.164358667923,37.2943937001862],[-122.164663196804,37.2944787422087],[-122.165640563833,37.2948639313418],[-122.165660326769,37.2948646459766],[-122.165716920632,37.2948696484199],[-122.165736683569,37.294871792324],[-122.166322385134,37.2950483068894],[-122.166838018107,37.2952369697726],[-122.165822023521,37.2957808021782],[-122.165748361667,37.2958558378782],[-122.165655835193,37.2959423074968],[-122.165426764796,37.2961609822871],[-122.165396222076,37.2962188666841],[-122.16536298441,37.2962953311894],[-122.165344119789,37.2963332061026],[-122.165259678153,37.2964889932806],[-122.165264169729,37.296569745223],[-122.165304593917,37.2972672097193],[-122.165295610764,37.2973736868244],[-122.165274949513,37.2976416654487],[-122.165138405589,37.2979918227457],[-122.164832080078,37.2982669451927],[-122.164788062629,37.2982926708765],[-122.164297582483,37.2985949470028],[-122.164038867682,37.2988393395783],[-122.163902323758,37.2992202188221],[-122.163779254565,37.2994867616859],[-122.163351656489,37.300127746958],[-122.163268113168,37.3002077804099],[-122.162954601134,37.3005100488395],[-122.162727327367,37.3007308540876],[-122.162774938077,37.3008030265363],[-122.16272283579,37.3008530470046],[-122.162671631819,37.300903782017],[-122.162809074058,37.3009409400326],[-122.16287914265,37.3009602336103],[-122.163233977187,37.3010509848171],[-122.163351656489,37.3010817115789],[-122.163627439282,37.3012567824237],[-122.163627439282,37.3014790146233],[-122.163534912807,37.3016619448159],[-122.163358843012,37.3018077169945],[-122.163169298487,37.3019670656704],[-122.163074975382,37.3020420951991],[-122.162824345418,37.3023393543104],[-122.162802785851,37.3023636494742],[-122.162666241928,37.302736650711],[-122.162666241928,37.3030431963194],[-122.162605156488,37.3032940054332],[-122.162509036753,37.3034383453418],[-122.162375187775,37.3036419927614],[-122.162312305706,37.3037720410004],[-122.16237428946,37.303905661759],[-122.162491070447,37.3041471788915],[-122.162582698606,37.3043108098806],[-122.162598868281,37.304340106221],[-122.162668038558,37.304440856963],[-122.162871956128,37.3045401784845],[-122.163501675142,37.3046730833366],[-122.163882560822,37.3048510039807],[-122.164257158296,37.3051711171718],[-122.164311057213,37.3052168475164],[-122.164691942893,37.3054840836617],[-122.16496682737,37.3055298138161],[-122.165592054808,37.305507663276],[-122.166172366481,37.3054247773265],[-122.166583794882,37.3056169868456],[-122.167026664317,37.3062043303617],[-122.167285379118,37.3067230751992],[-122.167543195605,37.3071053435537],[-122.167863894161,37.3074340213326],[-122.168230406797,37.3078069974198],[-122.168287898976,37.3079170321572],[-122.168611292478,37.3085186478096],[-122.1688241932,37.3090530956817],[-122.168766701022,37.3095482425259],[-122.168778379121,37.3095811093006],[-122.168568173344,37.3094810799416],[-122.168424442899,37.3093960548819],[-122.168308560227,37.3093088862335],[-122.168196270817,37.3091967100371],[-122.168124405594,37.3091052541609],[-122.168056133632,37.3089916486597],[-122.168013014499,37.3088909040151],[-122.167889945305,37.3085700921551],[-122.167799215461,37.3083157281038],[-122.167730045184,37.308119952939],[-122.167599789468,37.3078398649556],[-122.167369820755,37.3074497406686],[-122.167239565039,37.3072896890936],[-122.167110207638,37.3071496436859],[-122.167009596326,37.3070303190766],[-122.166845204629,37.3068909877064],[-122.166560438684,37.3066501939092],[-122.166120264195,37.3063701004509],[-122.165680089706,37.3061600296725],[-122.165249796685,37.3060199821608],[-122.164910233507,37.305869930966],[-122.164708112568,37.3057863308848],[-122.164809622195,37.3136557635555],[-122.164841961546,37.3165699739957],[-122.150528205808,37.317162947332],[-122.150300033726,37.3172258165199],[-122.150292847204,37.3196876754156],[-122.150197625784,37.3248468871121],[-122.150142828552,37.3273370694192],[-122.150134743714,37.3277899508489],[-122.150108692571,37.3302257489377],[-122.15008982795,37.3310043304982],[-122.146220784021,37.3310493308372],[-122.145704252733,37.3310471879645],[-122.133073041523,37.3311000454726],[-122.132219642003,37.3311021883438],[-122.132062436828,37.3392610842375],[-122.132030995793,37.3402166948812],[-122.131678856202,37.340123134137],[-122.131105731051,37.3400759966186],[-122.130659268354,37.3399117292779],[-122.129954090856,37.3398331665096],[-122.129074640193,37.3396917533197],[-122.128375750902,37.3396310455555],[-122.127640929,37.3395039161962],[-122.127029176291,37.3394332093245],[-122.12636262635,37.3391896629238],[-122.125237037299,37.3387161378959],[-122.124860643195,37.3386490013758],[-122.124284823098,37.3385511533613],[-122.123477237658,37.3384997295362],[-122.122649889281,37.3384533052194],[-122.122242952457,37.338511157056],[-122.121862066777,37.3384261648363],[-122.120837987353,37.3381983280756],[-122.120059148002,37.3378690705951],[-122.119321631153,37.3372098370718],[-122.118505960875,37.3366463056702],[-122.117251912739,37.336442033421],[-122.116263765926,37.3363948935924],[-122.115369942219,37.3365827384914],[-122.1147105788,37.3366927311039],[-122.114083554732,37.3367091585583],[-122.113159188304,37.3367562981897],[-122.112358789386,37.3366298782022],[-122.111606001178,37.3365991659697],[-122.110869382645,37.3365677394863],[-122.110164205147,37.3364727457178],[-122.109692589623,37.33650488648],[-122.108798765915,37.3367398707457],[-122.107153052315,37.3366463056702],[-122.106118193107,37.3362070482235],[-122.105449846536,37.3358927811568],[-122.104597345331,37.3354856605018],[-122.103843658808,37.3352192452647],[-122.103310957845,37.3348106924489],[-122.102558169636,37.3340592923079],[-122.101828737626,37.3331493166751],[-122.101578107662,37.3327957517407],[-122.10119362872,37.3325300412403],[-122.100715724989,37.3324200425322],[-122.100213566745,37.3322471870942],[-122.099813816444,37.3320507599772],[-122.09921823341,37.3318243324451],[-122.098904721376,37.331620047083],[-122.098262425948,37.3314157611653],[-122.097823149774,37.3314243326135],[-122.097488976488,37.3314829041506],[-122.097090124502,37.3314900470178],[-122.096958970471,37.3315593327948],[-122.096690374201,37.3317000470112],[-122.096553830277,37.3318150467589],[-122.096379557112,37.3319800460894],[-122.096180131119,37.332140045094],[-122.096059756871,37.3322200444686],[-122.096030112467,37.3322600441239],[-122.096030112467,37.332320043567],[-122.096049875403,37.3324000427498],[-122.096109164212,37.3324978987773],[-122.096143300193,37.3325521838179],[-122.096011247846,37.3327771806073],[-122.095957348929,37.3330821751792],[-122.095870212346,37.3334043109586],[-122.095681566137,37.3336307337285],[-122.095485733405,37.3337878721582],[-122.095239595017,37.3340407214868],[-122.09523330681,37.3350406822445],[-122.095269239421,37.3350456820148],[-122.095365359157,37.3379512065442],[-122.095215340504,37.3379669194982],[-122.094291872392,37.3379869177984],[-122.093310013786,37.3380262001585],[-122.092910263485,37.3380397704235],[-122.092826720164,37.3377890772366],[-122.092833008371,37.3377419382533],[-122.092811448804,37.3377397955716],[-122.092611124495,37.3378290739265],[-122.092585971667,37.3380133441156],[-122.0926407689,37.3381211919623],[-122.092524886228,37.3383718840407],[-122.092605734604,37.3385497249222],[-122.092615616072,37.3386247179388],[-122.092623700909,37.3387682757903],[-122.09254734411,37.3389039769897],[-122.092535666012,37.3389232608245],[-122.092426071547,37.3389996818987],[-122.092364087792,37.3390518195963],[-122.092334443388,37.3390768171097],[-122.092329951812,37.3390882445416],[-122.092317375398,37.3391382395358],[-122.092283239417,37.3392732258541],[-122.09218172979,37.339691039111],[-122.09215118707,37.3398181681536],[-122.092213170825,37.3399117292779],[-122.09230929056,37.3399717226092],[-122.092337138334,37.3400988511766],[-122.092329951812,37.3401652721965],[-122.092282341101,37.3402202658997],[-122.092239221968,37.3402638323113],[-122.092164661799,37.3403402520215],[-122.092124237611,37.340411672241],[-122.092075728586,37.340471665173],[-122.092029914507,37.3405288012541],[-122.092264374796,37.3408337643518],[-122.092087406685,37.3411508675241],[-122.092220357347,37.3415158201935],[-122.091799047479,37.3417157935069],[-122.091622079368,37.3415950953921],[-122.091607706323,37.3416100933933],[-122.091481043868,37.3417286489159],[-122.091413670222,37.3417943543057],[-122.091387619078,37.3418193509063],[-122.091278024614,37.3419007683476],[-122.091083090197,37.3420521759862],[-122.090887257465,37.3420850285467],[-122.091004038452,37.3422907138165],[-122.091006733398,37.3423671314641],[-122.091007631713,37.3423899853249],[-122.090983377201,37.342382129311],[-122.090921393446,37.3425356785242],[-122.090677950004,37.3427220797052],[-122.090839646755,37.3428220648224],[-122.090676153373,37.3430991657371],[-122.090712085985,37.343237715811],[-122.090306945792,37.3434426837505],[-122.090383302591,37.3435626647238],[-122.090526134721,37.3437883427017],[-122.090480320641,37.3439768832772],[-122.090527033036,37.3440911500623],[-122.090594406683,37.3442546940959],[-122.090380607645,37.3443382513904],[-122.090232385623,37.3444796558309],[-122.090214419317,37.3446210600051],[-122.090186571544,37.3448160259298],[-122.090071587187,37.344853162239],[-122.08990539886,37.3449088666684],[-122.08987485614,37.3449210073719],[-122.089719447596,37.3449688560077],[-122.089584700303,37.3450052780831],[-122.089426596813,37.3450288452991],[-122.089412223769,37.3451559653057],[-122.088905573948,37.3456037402441],[-122.088828318834,37.3458022743703],[-122.088512111854,37.3458708327956],[-122.08813571775,37.3459322496651],[-122.08805756432,37.3461322112177],[-122.088014445187,37.3462529020399],[-122.087973122684,37.3462643283799],[-122.087673085379,37.3463243166362],[-122.087612898255,37.3463893038599],[-122.087576067328,37.3464300101142],[-122.087549117869,37.3464592900378],[-122.087504202105,37.346509280125],[-122.087498812214,37.346797079551],[-122.087531151564,37.3468242169089],[-122.08750330379,37.3469327662426],[-122.087481744223,37.347017034696],[-122.087456591395,37.3471170140944],[-122.087428743621,37.3472262771418],[-122.087410777316,37.3472962625397],[-122.087293098013,37.3472826939472],[-122.087212249638,37.3472741243086],[-122.086975094403,37.3472469871133],[-122.08679093977,37.3473469662055],[-122.08669571835,37.3476347624205],[-122.086595107038,37.3479482662232],[-122.086449579962,37.3479411249211],[-122.086189966845,37.3479282705756],[-122.086195356736,37.3482160645624],[-122.086083965641,37.348350320437],[-122.085641994521,37.3485438484295],[-122.085625824846,37.3486459681655],[-122.085854895244,37.3488487789774],[-122.086012998734,37.3491751318452],[-122.085909692476,37.3493572318441],[-122.085829742416,37.3494979127172],[-122.085785724967,37.3495821782917],[-122.085726436158,37.3496950083195],[-122.085651875989,37.3498256909879],[-122.085989642536,37.35019488615],[-122.085968082969,37.350274866294],[-122.085914184052,37.350474102175],[-122.085739012572,37.3507868800185],[-122.08566894398,37.3508889967035],[-122.085597977072,37.3509846863382],[-122.085537789948,37.3510682361433],[-122.085519823643,37.3511332192609],[-122.085516230381,37.3511932036271],[-122.08551263712,37.3512481892541],[-122.08551263712,37.3513388797456],[-122.085514433751,37.3514081472126],[-122.085219786338,37.3518758794662],[-122.085454246627,37.3519679973833],[-122.085703079961,37.3523521778656],[-122.085606960225,37.352350749689],[-122.085439873582,37.3523500356006],[-122.084751764075,37.3523500356006],[-122.08446699813,37.3523500356006],[-122.084279250235,37.3523500356006],[-122.084210079958,37.3523500356006],[-122.083716904867,37.3523421806289],[-122.083530055288,37.3523400383637],[-122.083335120872,37.3523343256562],[-122.082753012568,37.352315759354],[-122.082559874781,37.3523100466447],[-122.082429619065,37.3523000494024],[-122.08206490306,37.3523000494024],[-122.081349844094,37.3523000494024],[-122.080972551674,37.3522893380699],[-122.0806096323,37.3522800549138],[-122.080429969243,37.3522750562908],[-122.079890980072,37.3522600604199],[-122.079712215331,37.3522550617955],[-122.079549620264,37.3522500631708],[-122.079321448182,37.3522450645459],[-122.078629745413,37.3522300686689],[-122.078149146736,37.352202933265],[-122.07807997646,37.352200076906],[-122.077809583559,37.3521700851312],[-122.077760176218,37.3521700851312],[-122.07755985191,37.3521700851312],[-122.077387375375,37.3521736555812],[-122.07715022014,37.3521800823908],[-122.076270769477,37.3521800823908],[-122.076160276697,37.3521800823908],[-122.075899765265,37.3521700851312],[-122.075694051065,37.3521636583207],[-122.075076010149,37.3521458060666],[-122.074870295949,37.3521400933443],[-122.074689734577,37.3521336665313],[-122.07423967862,37.3521200988131],[-122.074149847091,37.3521200988131],[-122.073970184035,37.3521200988131],[-122.07389113229,37.3521179565416],[-122.073655773685,37.3521122438172],[-122.073577620255,37.3521101015455],[-122.073441974648,37.3521058170018],[-122.073210209304,37.3521001042765],[-122.073035037824,37.3521001042765],[-122.072900290531,37.3521001042765],[-122.072778119653,37.3520972479137],[-122.072415200278,37.3520908210971],[-122.072293927714,37.3520886788247],[-122.072116959604,37.3520851083707],[-122.071780091372,37.3520801097347],[-122.071586055271,37.3520736829165],[-122.071409985475,37.3520701124617],[-122.071197983068,37.3520658279158],[-122.070561975847,37.3520536883676],[-122.07034997344,37.3520501179118],[-122.070152344077,37.3520479756384],[-122.069557659359,37.3520422629087],[-122.069360029997,37.3520401206349],[-122.069261215315,37.3520386924524],[-122.068966567902,37.3520358360873],[-122.068868651536,37.3520358360873],[-122.068264983665,37.352030837448],[-122.06806016778,37.3520301233567],[-122.066453081737,37.3520301233567],[-122.065850312182,37.3520301233567],[-122.065390374756,37.3520301233567],[-122.065351747199,37.3520301233567],[-122.063859645512,37.3520658279158],[-122.063720406643,37.3520701124617],[-122.06336287716,37.3520608292785],[-122.063158061275,37.352055830641],[-122.06307900953,37.3520536883676],[-122.062543613621,37.3520408347262],[-122.062469951767,37.3520401206349],[-122.062339696051,37.3520401206349],[-122.06209804924,37.3520401206349],[-122.06137221049,37.3520401206349],[-122.061129665363,37.3520401206349],[-122.061026359106,37.3520401206349],[-122.060713745387,37.3520401206349],[-122.060610439129,37.3520401206349],[-122.060571811572,37.3520401206349],[-122.060457725531,37.3520401206349],[-122.060419996289,37.3520401206349],[-122.060330164761,37.3520401206349],[-122.06005977186,37.3520401206349],[-122.059969940332,37.3520401206349],[-122.05998161843,37.3520701124617],[-122.060016652726,37.3521600878702],[-122.060030127456,37.3521900796491],[-122.06009031458,37.3523200438857],[-122.060269977637,37.3525599772699],[-122.060290638888,37.3525971097489],[-122.060470301945,37.3529098787472],[-122.061035342259,37.3538531764412],[-122.061310226736,37.3542551990323],[-122.060984138287,37.3544529962131],[-122.060852984256,37.3545579641804],[-122.06077033925,37.3546450803411],[-122.060721830224,37.3547657574787],[-122.060731711693,37.3548071732563],[-122.060951798937,37.3549921158466],[-122.061217700261,37.3550956549356],[-122.061256327819,37.3551177908603],[-122.061403651525,37.3552063344935],[-122.061534805557,37.3553013045648],[-122.061583314582,37.355337007568],[-122.06163901013,37.3554048432273],[-122.061669552849,37.3557197426956],[-122.061647094967,37.3558318494437],[-122.061548280286,37.3559510965652],[-122.061409041417,37.3560803402375],[-122.061135055255,37.3562003010159],[-122.061011087746,37.3563538219704],[-122.060956290514,37.356463785624],[-122.060914968011,37.3568872155905],[-122.060914968011,37.3570850058356],[-122.060922154533,37.3572992185095],[-122.060956290514,37.3574041824966],[-122.06103893552,37.3575298534716],[-122.061114394004,37.3576069696476],[-122.061616552247,37.3579197177712],[-122.061815978241,37.3580632387341],[-122.062001929504,37.35820604539],[-122.062202253813,37.3584088303746],[-122.062352272465,37.3585552065194],[-122.062422341057,37.3586230392702],[-122.062539122044,37.3587829815136],[-122.06257415634,37.3589150764129],[-122.062539122044,37.359025036314],[-122.062504986063,37.359162128952],[-122.062457375353,37.359304933517],[-122.062373832032,37.3594198909944],[-122.062291187026,37.3595077155324],[-122.06216093131,37.3596340970043],[-122.062022590756,37.3597933230755],[-122.061932759227,37.3598982835744],[-122.061895928301,37.3599696851905],[-122.061858199059,37.3600460848445],[-122.061815978241,37.3601510449899],[-122.061753994486,37.3604152297403],[-122.061712671983,37.3605680280634],[-122.061710875352,37.3606008725221],[-122.061708180406,37.360665133378],[-122.061627332031,37.360775090715],[-122.061485398216,37.3611356639688],[-122.061833944546,37.3619089271051],[-122.061602179203,37.3625186783824],[-122.062107930708,37.362869247424],[-122.062157338049,37.3636067936447],[-122.061983064883,37.3642772190116],[-122.061992946352,37.3646163562927],[-122.062316339854,37.3650368843926],[-122.062619072105,37.3657986839639],[-122.062990974632,37.3663427197858],[-122.063258672587,37.3667232569335],[-122.062310949962,37.3682482419723],[-122.06209984587,37.3686123489848],[-122.061380295328,37.3697831909297],[-122.060348131066,37.3714573203817],[-122.05978937896,37.3723639761737],[-122.059374357298,37.3730621650553],[-122.058462567285,37.3745991571477],[-122.058409566683,37.3745777408463],[-122.058309853687,37.3745413331198],[-122.05824068341,37.3745142057828],[-122.05803676584,37.3744356792254],[-122.057970290509,37.374409979607],[-122.057660371736,37.3742900479378],[-122.057635218908,37.3742800536234],[-122.057345063071,37.3741686883155],[-122.056879735754,37.373990217926],[-122.05673959857,37.3739302517797],[-122.056631800736,37.373895985389],[-122.056361407835,37.3738117471118],[-122.056290440928,37.3737903305855],[-122.055969742371,37.3736796784359],[-122.055607721312,37.3735683122366],[-122.055579873538,37.3735597455991],[-122.055320260421,37.373479790268],[-122.054940273056,37.3733798459843],[-122.054560285691,37.3732799015674],[-122.053538901213,37.3729929175731],[-122.05284989339,37.3728001665128],[-122.052140224315,37.3726002760012],[-122.051990205663,37.372561011731],[-122.050949956564,37.372289730757],[-122.050340000486,37.3721498065027],[-122.049384193024,37.3719563393742],[-122.048510132252,37.3717800054314],[-122.048449945128,37.3717700107825],[-122.048389758004,37.3717500214808],[-122.047699851866,37.3716100962198],[-122.046988386161,37.3714501813162],[-122.046320039589,37.3713002607845],[-122.044149709863,37.3708297939325],[-122.042436622616,37.3703971617194],[-122.042130297104,37.3703200586868],[-122.041140353661,37.3700701872033],[-122.040930147885,37.3700102179235],[-122.040869960761,37.3700002230388],[-122.040819655105,37.3699802332656],[-122.040163884947,37.3698038946777],[-122.039659930073,37.3696696771752],[-122.039279942708,37.3695597328719],[-122.039100279651,37.3695197530852],[-122.039032007689,37.3695019049593],[-122.038943074476,37.3694797732773],[-122.038280117797,37.369309858856],[-122.037862401189,37.3692091950887],[-122.037280292885,37.3690699790178],[-122.037089850045,37.3690299989701],[-122.037042239335,37.369017148236],[-122.03698025558,37.3690000139205],[-122.036897610574,37.3689871631812],[-122.036849999864,37.3689800238807],[-122.036634404196,37.3689300487579],[-122.036409825375,37.3688800736019],[-122.0359822273,37.3687986854193],[-122.035764835001,37.3687587052272],[-122.035654342221,37.3687380011907],[-122.035499831992,37.3687101578223],[-122.035320168935,37.3686801726448],[-122.035210574471,37.3686573267872],[-122.034966232713,37.3686059235822],[-122.034839570258,37.3685802219665],[-122.034570075673,37.3685202514956],[-122.034235004072,37.3684531416262],[-122.034120019716,37.3684302956994],[-122.033994255576,37.3683910292466],[-122.033811897573,37.368335342242],[-122.03330973933,37.3681797039841],[-122.033271111772,37.3681611416016],[-122.033100431868,37.3680797526391],[-122.032950413216,37.3680197817682],[-122.032912683974,37.3679997914673],[-122.032440170135,37.3677399170701],[-122.032385372902,37.3676970805446],[-122.03222008289,37.3675799939167],[-122.03210959011,37.3675000322122],[-122.032040419833,37.367460051328],[-122.031760145464,37.367270141837],[-122.03143136207,37.3670016975261],[-122.031160070855,37.3667796590857],[-122.030419859061,37.3661499516387],[-122.030160245943,37.365940047982],[-122.029483814535,37.3653910114909],[-122.028829841008,37.3648598202167],[-122.028644788059,37.364702032837],[-122.02821988493,37.3643400487709],[-122.028086934268,37.3642322385833],[-122.027971051596,37.3641379937892],[-122.027899186373,37.3640787337444],[-122.027849779033,37.3640387510371],[-122.027704251957,37.3639202307439],[-122.027655742931,37.3638809619308],[-122.027629691788,37.3638602565483],[-122.027212873496,37.3635082641722],[-122.027120347022,37.3634297260942],[-122.025471938476,37.3620909962137],[-122.025039848824,37.3617397095374],[-122.024990441483,37.3616897295922],[-122.024930254359,37.3616397496136],[-122.02489971164,37.361729713551],[-122.024870067235,37.3617996854279],[-122.024790117175,37.3620160266343],[-122.024747896357,37.362128837973],[-122.024686810917,37.3622987686569],[-122.024439774214,37.3629799155186],[-122.024390366874,37.3631527002174],[-122.024279874094,37.3635396793804],[-122.024240348221,37.3636710519266],[-122.024122668919,37.3640637402316],[-122.024084041362,37.364195825836],[-122.024029244129,37.3643821732392],[-122.023950192384,37.3646499129509],[-122.023852276018,37.3649362148923],[-122.023790292264,37.3651197045895],[-122.02373190177,37.3652853447091],[-122.023562120182,37.3657808349527],[-122.023504628003,37.3659471875718],[-122.023449830771,37.3661099700351],[-122.023412101529,37.3662227752192],[-122.023140810313,37.3670531018302],[-122.023079724874,37.367240156084],[-122.023059961938,37.3672901323324],[-122.02305008047,37.3673301133071],[-122.022898265187,37.3677763280975],[-122.022441921022,37.3691142426171],[-122.022290105739,37.3695597328719],[-122.022153561816,37.3699880863914],[-122.021779862658,37.3711803241434],[-122.021746624992,37.3712752740001],[-122.021600199601,37.3717000482033],[-122.021555283837,37.371837117685],[-122.02142323149,37.3722511802232],[-122.021380112356,37.3723896764931],[-122.021338789853,37.3725053278216],[-122.021259738108,37.3727302048943],[-122.021223805497,37.3728522807372],[-122.021189669516,37.3729700730288],[-122.021160923427,37.3730628789465],[-122.021150143644,37.3731000012815],[-122.021083668313,37.3733448654535],[-122.021060312115,37.3734398125705],[-122.021039650864,37.3735497511873],[-122.021018989612,37.3736546924441],[-122.020959700803,37.3739602348588],[-122.020851902969,37.3742900479378],[-122.020799800683,37.3744499567874],[-122.020789919215,37.374499928233],[-122.020732427037,37.374656981131],[-122.020630019094,37.3749396755187],[-122.020579713438,37.3750603200214],[-122.020556357241,37.3751259962372],[-122.020470118974,37.3752701981613],[-122.019840399959,37.3750681726155],[-122.019659838587,37.3750103489492],[-122.017958429439,37.374444959641],[-122.017580238705,37.3743200308731],[-122.017326015479,37.3742543539516],[-122.016618143035,37.374068031068],[-122.015859964936,37.3738702855856],[-122.014475661083,37.3735883010538],[-122.013940265173,37.373479790268],[-122.013759703801,37.3734398125705],[-122.013260240503,37.3733348710132],[-122.012370010057,37.3731499736264],[-122.011761850609,37.3730271843764],[-122.011262387311,37.3729272394896],[-122.01097492642,37.3728687002799],[-122.010115238694,37.3726952240606],[-122.009828676118,37.3726381124603],[-122.009128888512,37.3724967610626],[-122.007032220638,37.3720741330727],[-122.006333331347,37.3719342084163],[-122.005860817508,37.3718378315879],[-122.004341766363,37.371532280528],[-122.001350376466,37.3709297416137],[-122.00094972785,37.3708597782508],[-122.000000208594,37.3707398409055],[-121.998328443851,37.3706249007696],[-121.998110153237,37.370609908565],[-121.996689916772,37.370559934528],[-121.996479710996,37.3705499397166]]]},"properties":{"FID":3,"area":"Area 2","SHAPE_Leng":212378.266285,"SHAPE_Area":793772756.165,"Shape__Area":793772756.1367188,"Shape__Length":212378.26628480607}},{"type":"Feature","id":4,"geometry":{"type":"Polygon","coordinates":[[[-121.864174937636,37.4846252157163],[-121.863422149427,37.4846166617781],[-121.863388911762,37.4846166617781],[-121.862522935828,37.4846066821822],[-121.859925906342,37.4845803075294],[-121.859060828723,37.4845710407573],[-121.858726655437,37.4845667637852],[-121.857726830526,37.4845567841826],[-121.857393555556,37.4845539328673],[-121.855762215,37.4845368249734],[-121.850650801033,37.4844370288476],[-121.850608580215,37.4844370288476],[-121.846240072988,37.4844363160177],[-121.846196953854,37.4844348903578],[-121.837875859378,37.484372874125],[-121.833049211356,37.4843372325886],[-121.832865955038,37.4843358069268],[-121.832726716169,37.4843258272933],[-121.831763722185,37.4842616724752],[-121.831443921943,37.4842410003554],[-121.831365768514,37.4842360105325],[-121.830388401485,37.4842360105325],[-121.827220941793,37.4842360105325],[-121.827017024223,37.4842360105325],[-121.826592121094,37.4842360105325],[-121.826166319649,37.4842360105325],[-121.825659669829,37.4842360105325],[-121.824142415314,37.4842360105325],[-121.823865734207,37.4842360105325],[-121.823636663809,37.4842338720369],[-121.822833569945,37.4842253180538],[-121.820426084984,37.4841989432664],[-121.819623889435,37.4841911021116],[-121.815844677035,37.4841511834925],[-121.80450973478,37.4840307146737],[-121.801833653548,37.4840029141494],[-121.80073231901,37.4839907959689],[-121.799669612029,37.4839922216374],[-121.796486880977,37.4839936473057],[-121.795426868942,37.4839957858082],[-121.786235306955,37.4842360105325],[-121.769829374921,37.4840763360244],[-121.769746729915,37.4840749103576],[-121.769717983826,37.4840741975242],[-121.769630847243,37.4840741975242],[-121.769602101154,37.4840741975242],[-121.769423336412,37.484072059024],[-121.768888838818,37.4840663563563],[-121.768710972392,37.4840649306894],[-121.768059693811,37.4840578023541],[-121.766107654699,37.4840399815128],[-121.765458172748,37.4840342788427],[-121.760632423042,37.484015032328],[-121.759098100537,37.4840093296559],[-121.746154275608,37.4839580055884],[-121.741327627586,37.4839401847234],[-121.741280915192,37.4839401847234],[-121.741256660679,37.4839380462193],[-121.741185693771,37.4839351948804],[-121.741163235889,37.4839351948804],[-121.73686569557,37.4838852964324],[-121.736813593284,37.4838838707619],[-121.735765259347,37.4838731782328],[-121.734592957901,37.4838603471959],[-121.72500793382,37.4837498576197],[-121.719574024666,37.4836871279812],[-121.714961175682,37.4836350908547],[-121.714177844754,37.4836101415347],[-121.712556385667,37.4835581043546],[-121.6909411233,37.4828616580586],[-121.690929445201,37.4828552424536],[-121.690138029436,37.4828367084803],[-121.690059876006,37.4828338570994],[-121.689078915716,37.4828281543372],[-121.688886676245,37.4828267286466],[-121.681798968654,37.4827910863726],[-121.67940136516,37.4827789679956],[-121.670858386808,37.4827340586989],[-121.670399347698,37.4827397614682],[-121.661736893413,37.4828331442541],[-121.661052377167,37.4828310057184],[-121.660996681619,37.4828310057184],[-121.660943681017,37.4828310057184],[-121.656623682816,37.4828153231208],[-121.655896945751,37.4828117588936],[-121.650444171977,37.4827910863726],[-121.640600433093,37.4827540183896],[-121.635500697225,37.4827347715451],[-121.635416255589,37.4827340586989],[-121.635162930679,37.4827333458527],[-121.635082980618,37.4827333458527],[-121.635027285071,37.4827333458527],[-121.628963656903,37.4826677639735],[-121.628223445109,37.4826592098111],[-121.626001013096,37.4826349730123],[-121.625260801302,37.4826278445406],[-121.625090121398,37.4826278445406],[-121.624578980001,37.4826306959293],[-121.624409198412,37.4826328344708],[-121.624357994441,37.4826328344708],[-121.624207975789,37.4826328344708],[-121.624157670133,37.4826342601651],[-121.623455187581,37.4826342601651],[-121.623179404788,37.4826342601651],[-121.620644359057,37.4826342601651],[-121.620557222474,37.4826342601651],[-121.620320965554,37.4826342601651],[-121.608634782023,37.4826342601651],[-121.608364389123,37.4826328344708],[-121.608284439062,37.4826328344708],[-121.598882671299,37.482590063629],[-121.586199357802,37.4825330358018],[-121.564355025038,37.4824332369995],[-121.559754752468,37.4825330358018],[-121.533039754234,37.4824332369995],[-121.532233067109,37.4824318113014],[-121.532215999118,37.4824318113014],[-121.52724202739,37.4824218314137],[-121.52686293834,37.4824218314137],[-121.526686868545,37.4824211185645],[-121.526387729555,37.4824211185645],[-121.525765197063,37.4824196928661],[-121.525732857713,37.4824196928661],[-121.525419345679,37.4824189800169],[-121.525027680215,37.4824196928661],[-121.51928924218,37.4824090001275],[-121.518426859507,37.4824068615796],[-121.51777288598,37.4824082872781],[-121.516922181406,37.4824047230316],[-121.516766772862,37.4824047230316],[-121.516611364318,37.4824061487302],[-121.516426311369,37.4824061487302],[-121.516241258421,37.4824040101823],[-121.516217902224,37.4824040101823],[-121.501066916642,37.4823797733006],[-121.487635306513,37.482356249261],[-121.487514932265,37.4823569621108],[-121.487423304106,37.4823569621108],[-121.487329879317,37.4823569621108],[-121.485828794477,37.4823541107116],[-121.484180385931,37.4823512593122],[-121.483253324557,37.4823491207627],[-121.475526914799,37.482337002314],[-121.472952343194,37.482332725214],[-121.472891257755,37.4822999341057],[-121.472708001437,37.4822022735459],[-121.472647814313,37.482170195232],[-121.472974801077,37.480676043395],[-121.473721301078,37.4800779465714],[-121.474527089888,37.4793436852835],[-121.475322997229,37.4795283205971],[-121.476341686761,37.4802939463341],[-121.477699939471,37.4802789760736],[-121.478432066428,37.4799417879843],[-121.478884817331,37.4797136683294],[-121.47930792383,37.4793009125589],[-121.479720250545,37.478985106518],[-121.480143357044,37.478607278124],[-121.480596107947,37.4782123384776],[-121.480968010475,37.4778687250295],[-121.481235708429,37.4773497374072],[-121.481731578466,37.476782268794],[-121.482040598924,37.4764286680822],[-121.482584079671,37.4759068188137],[-121.483409631417,37.4754227504559],[-121.484268420829,37.4755261231962],[-121.48520536367,37.4755567785331],[-121.485929405789,37.4755332523454],[-121.486774720471,37.4756523090371],[-121.486463005068,37.4749258463915],[-121.486251900976,37.4743326940292],[-121.486206985212,37.4741459070943],[-121.484252251153,37.4660323447137],[-121.48310240759,37.4651603338891],[-121.479674436466,37.4640729798962],[-121.477714312516,37.4634191338488],[-121.477197781227,37.4632480063492],[-121.475849409986,37.4626019965084],[-121.475032841393,37.4620536681029],[-121.474509123582,37.4615260140853],[-121.474015948491,37.4609299031752],[-121.473451806492,37.4601690705049],[-121.473370958117,37.4598096866829],[-121.473370958117,37.4589768222971],[-121.473163447286,37.4572597232948],[-121.473088887118,37.4567641246812],[-121.472675662087,37.4563811922801],[-121.472533728272,37.4563968804244],[-121.47205402791,37.4562970467225],[-121.469554016475,37.4557429672545],[-121.468933280613,37.4538753255287],[-121.468346680733,37.4536970449569],[-121.467228278204,37.4533561713206],[-121.467178870863,37.453341195665],[-121.465331934639,37.4545492222511],[-121.464686944265,37.4544829025256],[-121.464022190955,37.4538382432048],[-121.464051835359,37.4524768813168],[-121.463652085058,37.4519398889069],[-121.462917263156,37.4514891831383],[-121.462790600701,37.4500329285325],[-121.474778618167,37.4491186542982],[-121.474742685556,37.4466417850427],[-121.479812777019,37.4466389322811],[-121.486792686777,37.4466382190906],[-121.516960808964,37.4463037320295],[-121.518160059868,37.4463001660613],[-121.525845147123,37.4462060244394],[-121.54519934992,37.4460640985885],[-121.545425725371,37.4460476950809],[-121.54572306773,37.4458501395106],[-121.545928781931,37.4457510049304],[-121.546121919717,37.4457460125379],[-121.546211751245,37.4457681217018],[-121.546308769296,37.4458408679367],[-121.546342905277,37.4458672562593],[-121.546577365566,37.4459927789639],[-121.546626772906,37.4460526874532],[-121.563690271728,37.4461247202161],[-121.591910846379,37.4457210505709],[-121.591749149628,37.4440129190433],[-121.591731183322,37.439568741536],[-121.591669199567,37.4239688806657],[-121.591486841565,37.4131350195731],[-121.59134490775,37.4045609964288],[-121.59436414542,37.4044960595869],[-121.597045616543,37.4044396857995],[-121.603832388514,37.4045089042415],[-121.612896389731,37.4046016711253],[-121.621355824762,37.4046530496577],[-121.630160212861,37.4047229814925],[-121.636346011908,37.4047629425116],[-121.638599884956,37.4047500979006],[-121.640641755596,37.4047051417449],[-121.645402826602,37.4046423457997],[-121.651832069091,37.4043590498019],[-121.658490381977,37.4039301790113],[-121.666790815202,37.4033478812967],[-121.669343827239,37.4032722393497],[-121.676697436155,37.4031459314001],[-121.679937659385,37.4031216688317],[-121.700754319464,37.4027420299741],[-121.700797438597,37.3994486535318],[-121.700871998766,37.3873550473497],[-121.700835167839,37.386529228043],[-121.699033147379,37.3779571575607],[-121.700596215974,37.3793648460031],[-121.701873620308,37.3805376615816],[-121.703292958457,37.3818218129283],[-121.705182115499,37.3835399287801],[-121.70698593259,37.3851366633907],[-121.708462762917,37.3865106702014],[-121.710325868816,37.3881658688648],[-121.712019193127,37.3897582225689],[-121.71533487484,37.3926609156933],[-121.717481848369,37.39458503881],[-121.71849514801,37.3955299535916],[-121.722445938629,37.3968352581179],[-121.725401395914,37.3978486554694],[-121.727702879672,37.3986386677026],[-121.729506696763,37.3992566841136],[-121.733629065601,37.400648986476],[-121.737184597496,37.4018343142314],[-121.74129079666,37.4032601080869],[-121.744070184149,37.4042041998994],[-121.74725111857,37.4052867153274],[-121.749485228681,37.4060431110245],[-121.750739276818,37.4064548439631],[-121.752730841803,37.4054929409491],[-121.755204802095,37.4042562922986],[-121.759366696807,37.4021739953094],[-121.764653282254,37.4055100669268],[-121.766749051812,37.4067987855154],[-121.768621140864,37.4079668905765],[-121.768642700431,37.4079390617733],[-121.768730735328,37.4077656666903],[-121.768739718481,37.4076457883736],[-121.768725345437,37.4075772863922],[-121.768730735328,37.4074367144217],[-121.768852906207,37.4072269263204],[-121.769065806929,37.4072140821318],[-121.769070298506,37.407127740585],[-121.769187977808,37.4070442532095],[-121.769267927868,37.4069036802389],[-121.769319131839,37.4067980719453],[-121.769844646281,37.406908675222],[-121.769986580096,37.4068037805056],[-121.770563298508,37.4066318099383],[-121.770832793093,37.4068059212155],[-121.771131932083,37.4066318099383],[-121.771556835212,37.4068622932227],[-121.77151910597,37.4069029666698],[-121.771333154707,37.4071091878429],[-121.771625107174,37.4072511875594],[-121.771935025947,37.4070920622308],[-121.772303335213,37.4073068456664],[-121.77257642306,37.4074816689384],[-121.773201650497,37.4075751457042],[-121.773343584312,37.4078819770166],[-121.773619367105,37.4079611821049],[-121.773615773843,37.4079947193692],[-121.773755911028,37.408106034437],[-121.774123321979,37.4082737202845],[-121.774747651101,37.4084349837667],[-121.775251605976,37.4084970629794],[-121.775555236542,37.4084428328654],[-121.775807663137,37.4082780016203],[-121.776228973005,37.4082052188772],[-121.776818267831,37.407767093812],[-121.776963794907,37.4077242801503],[-121.776911692621,37.4075608744498],[-121.777191068674,37.4073460917425],[-121.777251255798,37.4068908359949],[-121.777994162538,37.4065732970411],[-121.778208859891,37.4065262012615],[-121.778543931492,37.4060431110245],[-121.77880534124,37.4060959157219],[-121.778844867112,37.406107332949],[-121.778926613803,37.4061123279852],[-121.779260787089,37.4061822584579],[-121.779685690218,37.406107332949],[-121.779797979629,37.4061351624324],[-121.779844692024,37.4060359752517],[-121.780105203456,37.4056841808108],[-121.780910093951,37.4052959919246],[-121.781160723915,37.4053923257513],[-121.781449083121,37.4050676445815],[-121.781629644493,37.4049770190368],[-121.781724865913,37.4049827277357],[-121.781785951353,37.4049791597989],[-121.781846138477,37.4049613201123],[-121.781892850871,37.404932776605],[-121.781944953158,37.4048899613236],[-121.782016818381,37.4048542819038],[-121.782069818982,37.4048400101311],[-121.782170430294,37.4048200296448],[-121.782526163147,37.4050098440498],[-121.782644740764,37.4050833434836],[-121.782772301534,37.4051411439585],[-121.78364187073,37.4045588556548],[-121.784009281681,37.4046658942854],[-121.784383879154,37.4044111420934],[-121.784656967001,37.4045681323421],[-121.784869867723,37.4044560984255],[-121.785679249794,37.4043340740328],[-121.786278426088,37.4046787389107],[-121.786739261829,37.4046901563537],[-121.786822805151,37.4047522386693],[-121.786927908039,37.4048128937555],[-121.787031214297,37.4048507139609],[-121.787139910446,37.4048771167345],[-121.787251301541,37.4049413396584],[-121.788042717306,37.4051240178965],[-121.788334669774,37.4054836643762],[-121.788559248595,37.4054401358267],[-121.788635605394,37.4054908002016],[-121.788693097572,37.4055207706608],[-121.789013796129,37.4053537922355],[-121.789118899017,37.4052239198696],[-121.789213222122,37.4050990423824],[-121.789488106599,37.4052431866634],[-121.789959722123,37.404969169575],[-121.789957925492,37.4047579473854],[-121.790107045829,37.4047386804668],[-121.790160944746,37.4049763054494],[-121.790735866528,37.4042077678731],[-121.790789765445,37.4038688096125],[-121.790839172786,37.4036283267168],[-121.791222753412,37.4035262818126],[-121.791782403834,37.4039587229005],[-121.792091424292,37.4041777968887],[-121.792395054858,37.404212763036],[-121.792818161357,37.403890217548],[-121.793233183018,37.403442076822],[-121.793427219119,37.4040493496769],[-121.793721866533,37.4049898636088],[-121.794176414066,37.4064127431253],[-121.795337037413,37.405298846262],[-121.796267692048,37.4043918750857],[-121.797169600593,37.4034970241571],[-121.798058932724,37.4026328477661],[-121.79831495258,37.4023709525401],[-121.798948264856,37.4019420703704],[-121.799453118045,37.4015838341309],[-121.799965157757,37.4011877741437],[-121.800443959804,37.4008359569399],[-121.801064695665,37.4004006433063],[-121.801775263055,37.4001387402789],[-121.802708612635,37.399813322708],[-121.803470383996,37.3995949495985],[-121.804268986283,37.3993708667265],[-121.805360439354,37.3990590050538],[-121.807579278105,37.3984309959169],[-121.809487299769,37.3977787172192],[-121.811097979073,37.3972413323639],[-121.81386838341,37.396332836322],[-121.814725376191,37.3960388038225],[-121.81620939304,37.3962122260431],[-121.817526323247,37.3959617271511],[-121.81861328474,37.3957833086264],[-121.820032622889,37.3954628678897],[-121.820410813624,37.3957126547733],[-121.821051312421,37.3960737737676],[-121.821492385226,37.396300721178],[-121.821565148764,37.3964042032596],[-121.821622640942,37.3965062578624],[-121.82216971495,37.3968259804732],[-121.823272846119,37.3974746991688],[-121.824282552498,37.3980499059887],[-121.824802677048,37.3979278711639],[-121.82650139125,37.3975310781962],[-121.826847242635,37.3974447254914],[-121.82640616983,37.3965497916016],[-121.826368440588,37.3965162492146],[-121.825939944198,37.3957668941009],[-121.825605770912,37.3951666909348],[-121.825527617482,37.3951352889721],[-121.82544227753,37.3950988912262],[-121.825215902079,37.394552922917],[-121.824773930959,37.3942610245032],[-121.825101816037,37.3939819714115],[-121.824835016398,37.3937828510512],[-121.824870949009,37.3936679462298],[-121.824661641548,37.3934781030954],[-121.824414604845,37.3933560608266],[-121.824791897264,37.39309270578],[-121.824835016398,37.3930199082869],[-121.824880830478,37.3929449696171],[-121.82534705611,37.3926031055921],[-121.825395565135,37.3927287176071],[-121.827748252865,37.3916160447624],[-121.832102387047,37.3897410929913],[-121.8322407276,37.3896811394393],[-121.832079030849,37.3894370423394],[-121.832067352751,37.3894213401596],[-121.832006267311,37.3893371193207],[-121.831955961655,37.3892700280763],[-121.831902961054,37.3891950856578],[-121.831603822064,37.388764700604],[-121.831505007383,37.3886219521135],[-121.831372056721,37.388419962535],[-121.831278631931,37.3882793546273],[-121.830966018212,37.3878232692944],[-121.830830372604,37.3876248463273],[-121.830782761894,37.387556326044],[-121.83064442134,37.3873521923289],[-121.830597708946,37.3872836717964],[-121.830585132532,37.3872651141414],[-121.830539318452,37.387197307286],[-121.830400977898,37.3869931725934],[-121.830383909908,37.3869681910368],[-121.8306596927,37.3868432831295],[-121.830842949018,37.386761200677],[-121.83102171376,37.3866826869428],[-121.831157359368,37.386619162134],[-121.831271445409,37.3865713400515],[-121.831371158405,37.3865228041753],[-121.831517583797,37.386459279231],[-121.831533753472,37.3864578517036],[-121.83166939908,37.3863971817616],[-121.831789773328,37.3863422218894],[-121.83193799535,37.3862772692613],[-121.832024233617,37.3862372983852],[-121.832129336505,37.3861909035916],[-121.83222365961,37.3861487913696],[-121.832388949622,37.3860752733658],[-121.832511120501,37.3860210270256],[-121.83255513795,37.3860010415219],[-121.832580290778,37.3859889074635],[-121.832625206542,37.3859703494881],[-121.832714139755,37.3859289509109],[-121.832787801608,37.3858968313094],[-121.832874938191,37.3858568602305],[-121.832893802812,37.3858540051526],[-121.833050109671,37.3857833419405],[-121.833208213161,37.3857141062034],[-121.833297146375,37.3856741350271],[-121.833452554919,37.3856041854174],[-121.83356664096,37.3855542213705],[-121.833699591622,37.3854942644701],[-121.833810982717,37.3854457278967],[-121.833861288373,37.3854221733719],[-121.83391518729,37.3853993326134],[-121.833987052513,37.3853693541073],[-121.834095748662,37.3853186761293],[-121.834222411117,37.3852622879163],[-121.834440701731,37.3851659282138],[-121.834614076581,37.3850909816928],[-121.834717382839,37.3850438724128],[-121.834835062141,37.3849910528817],[-121.834924893669,37.384951795098],[-121.835286914729,37.3847919086395],[-121.835421662021,37.3847298097892],[-121.83556090089,37.3846691384489],[-121.835694749868,37.3846113221849],[-121.835862734826,37.3845420853656],[-121.836074737233,37.3844478660861],[-121.836281349748,37.3843572156069],[-121.836372079592,37.3843172437073],[-121.836965865995,37.3840952565198],[-121.837636907512,37.3837933243386],[-121.839518878032,37.3829517622677],[-121.839526064555,37.3829282069593],[-121.839615896083,37.3828860929048],[-121.841054098853,37.3822436721908],[-121.840895097048,37.3820452344578],[-121.840786400898,37.3819081836305],[-121.840758553124,37.3818717794624],[-121.840680399695,37.3817647082773],[-121.840654348551,37.381729731657],[-121.840630992354,37.3816997516839],[-121.840563618708,37.3816112393121],[-121.840542059141,37.3815819731017],[-121.84049085517,37.3815148749176],[-121.840876232427,37.3812529059008],[-121.841245440008,37.381003070836],[-121.841295745664,37.381070169478],[-121.841319101862,37.3811001497029],[-121.841332576591,37.3811179950692],[-121.841397255291,37.3811872350501],[-121.84142420475,37.3812157876009],[-121.841576020033,37.3811108569232],[-121.841871565761,37.3809102747428],[-121.842177891273,37.3807018400225],[-121.842948645787,37.3801800368638],[-121.843219038688,37.3799980116519],[-121.84366819633,37.3796939214889],[-121.843619687304,37.3796446673324],[-121.843476855174,37.3794997599886],[-121.843556805234,37.3794319461109],[-121.843797553731,37.3792627680644],[-121.844050878641,37.379095017304],[-121.844327559748,37.3789072787739],[-121.844588969496,37.3787309611714],[-121.844842294406,37.3785567846712],[-121.845154908125,37.3783540541369],[-121.845442369016,37.3781520368975],[-121.845687609088,37.3779721482969],[-121.84562832028,37.3779128991792],[-121.846356853975,37.3774003566654],[-121.846981183098,37.3769991719198],[-121.847453696937,37.3766807924626],[-121.848272960476,37.3761411147802],[-121.848600845555,37.3759362361246],[-121.84872930464,37.3758569971914],[-121.848638574797,37.375772047251],[-121.848710440019,37.3757256459824],[-121.848773322089,37.3756842417493],[-121.849177563967,37.3754222523652],[-121.849313209575,37.3753358741934],[-121.849332074196,37.3753337325845],[-121.849412922572,37.3752801923438],[-121.849703078408,37.3750903026488],[-121.849800994774,37.3750267680194],[-121.849847707169,37.3749960714938],[-121.849988742669,37.3749018402205],[-121.850036353379,37.3748718575178],[-121.850221406327,37.3747490710864],[-121.850252847362,37.3747290825786],[-121.850366035088,37.3746598366352],[-121.850781056749,37.3743842799797],[-121.850795429794,37.3743742856779],[-121.850967008013,37.37426220663],[-121.851002940624,37.3742372208322],[-121.851110738459,37.3741651189119],[-121.851147569385,37.3741422747246],[-121.851208654825,37.3742022407013],[-121.851225722815,37.3742186599485],[-121.851717999591,37.3738867049055],[-121.851841068785,37.3738103193435],[-121.851805136173,37.3737731973601],[-121.852043189724,37.3736318481013],[-121.853008878654,37.3730421760979],[-121.85410302667,37.3723161450002],[-121.855514279981,37.3713909270466],[-121.855942776372,37.3711039358256],[-121.856020031486,37.3711831797799],[-121.856126931005,37.3712909799798],[-121.856449426192,37.37161723527],[-121.856557224026,37.3717257487502],[-121.856674903328,37.3718449706164],[-121.857029737866,37.3722040628772],[-121.857149213798,37.3723239978815],[-121.857373792619,37.3725517310823],[-121.858926979746,37.3715001547602],[-121.860393928605,37.3728637030281],[-121.860613117534,37.372717354794],[-121.861002986367,37.3724482160768],[-121.861364109112,37.3722012072795],[-121.861588687933,37.3720912666862],[-121.861622823913,37.3720677079667],[-121.862557970124,37.3714180555132],[-121.862944245696,37.371151767772],[-121.863037670486,37.3710868019866],[-121.863250571208,37.3709397363745],[-121.863308961702,37.3708811956138],[-121.863404183122,37.3708019513404],[-121.863561388297,37.3706991478341],[-121.864552230055,37.3700559088077],[-121.864793876866,37.3698988462765],[-121.864881911764,37.3698410186254],[-121.865087625964,37.3697039454965],[-121.865196322114,37.3696332670666],[-121.864803758334,37.3692298989951],[-121.864640264953,37.3690606979372],[-121.866839340768,37.3675849915204],[-121.866858205389,37.3675271620858],[-121.868786888304,37.3661970727871],[-121.868827312492,37.3661620889071],[-121.868971042937,37.3663113057512],[-121.869080637402,37.3664341059936],[-121.869142621157,37.3665040734837],[-121.869190231867,37.3665569060351],[-121.869288148233,37.3666761361156],[-121.869316894322,37.3667261127397],[-121.869365403347,37.3668082171213],[-121.869555846187,37.3666668547389],[-121.869852290231,37.3664726595167],[-121.870407449077,37.3661128258646],[-121.870696706598,37.365929338596],[-121.871029083253,37.3657258599718],[-121.871224915985,37.3656073423434],[-121.871350680125,37.3655259506107],[-121.87174414222,37.3652760631603],[-121.871848346792,37.3652046665931],[-121.872136705999,37.3650147513935],[-121.872389132594,37.3648512525848],[-121.872497828743,37.3647827114934],[-121.872635270981,37.3646913232743],[-121.872999986987,37.3644392911245],[-121.873284752932,37.3642429482115],[-121.873301820922,37.3642308106328],[-121.873353923209,37.364195825836],[-121.873371889514,37.364185116201],[-121.873600061597,37.3640323252428],[-121.873971964124,37.3637852887364],[-121.874024964726,37.3637410219933],[-121.874280086267,37.3635696666123],[-121.874509156664,37.3634183023669],[-121.87465288711,37.3633197726469],[-121.874722057386,37.3632747916448],[-121.874830753536,37.3632026791883],[-121.875369742706,37.3628606795646],[-121.875435319722,37.3628206962084],[-121.875579948483,37.362715025807],[-121.875978800469,37.362445851207],[-121.876253684946,37.3622623549713],[-121.876553722251,37.3620538684313],[-121.876754944874,37.3618860791857],[-121.876825911782,37.361814679393],[-121.876965150651,37.3616611696085],[-121.877072948485,37.3615212255313],[-121.877302917198,37.3612477626273],[-121.877330764971,37.3612149184517],[-121.877539174117,37.3612763227683],[-121.878406946682,37.3615040895039],[-121.878772561002,37.3615840575983],[-121.880299696985,37.3618618032638],[-121.883185983993,37.3622116613796],[-121.88447237148,37.3623573161143],[-121.885872845008,37.3625151084244],[-121.885950998438,37.3625158224161],[-121.887053231291,37.3626329169465],[-121.887620966551,37.362692892123],[-121.88870702973,37.3628107003659],[-121.891499891948,37.3631148589744],[-121.891842150071,37.3631527002174],[-121.894307127211,37.3633661815891],[-121.894596384732,37.3633911710077],[-121.896210657298,37.3635296836337],[-121.896357082689,37.3635432492895],[-121.896584356456,37.3635632407779],[-121.898198629022,37.3637281703532],[-121.899073588108,37.363818131787],[-121.899615272225,37.3638731081657],[-121.900824404597,37.3640230435391],[-121.901243019519,37.364120144383],[-121.901665227703,37.364245090137],[-121.901687685585,37.3642008236651],[-121.901714635044,37.3641487034309],[-121.901738889556,37.3641058648551],[-121.901767635645,37.3640508886469],[-121.901780212059,37.3640287553569],[-121.901925739135,37.3637610134288],[-121.901984129629,37.3636660540622],[-121.902029943708,37.3635910860563],[-121.902172775839,37.3633918849909],[-121.902190742144,37.3633683235396],[-121.902373998462,37.3630970093248],[-121.902483592927,37.3629456441261],[-121.90276117235,37.3625807956232],[-121.902777342025,37.3625622318555],[-121.902928258992,37.3623987277029],[-121.902992039378,37.3623423222576],[-121.903019887151,37.3623187604767],[-121.903183380533,37.3621959534992],[-121.903293873313,37.3621038481341],[-121.903344178969,37.3620567244153],[-121.903368433482,37.3620381605179],[-121.903749319162,37.3616518876115],[-121.90429639317,37.3610871116316],[-121.904367360078,37.3610157110786],[-121.904487734326,37.3609093241287],[-121.904626074879,37.3607772327394],[-121.904787771631,37.3606280048902],[-121.904932400391,37.3604973410274],[-121.905016842028,37.3604109456708],[-121.905141707853,37.3602881355711],[-121.905268370308,37.3601753214653],[-121.905431863689,37.3600289484803],[-121.907020983427,37.3583952637906],[-121.907204239745,37.3582117576507],[-121.907337190407,37.3580789474796],[-121.907847433488,37.3575662694534],[-121.908038774644,37.3573763349225],[-121.908257065258,37.3571592662984],[-121.908913733731,37.3565080566598],[-121.909132024345,37.3562916995754],[-121.909480570675,37.355948240349],[-121.909558724105,37.3558718365235],[-121.909600046608,37.3558332775541],[-121.910109391374,37.3553098732871],[-121.91038068259,37.3550278189969],[-121.910817263818,37.3545922394032],[-121.910827145286,37.3545829565319],[-121.911247556839,37.3541759371998],[-121.911259234937,37.354165940206],[-121.911400270437,37.3540166992114],[-121.911554780666,37.3538531764412],[-121.911649103771,37.3537567763879],[-121.911712884156,37.3536910814659],[-121.911776664541,37.3536261005626],[-121.911843139872,37.3535632618333],[-121.911908716888,37.353499708974],[-121.912379434097,37.353046268473],[-121.913049577299,37.3524600051197],[-121.913379259008,37.3521986487266],[-121.913726008708,37.3519380055158],[-121.914448254196,37.351425285545],[-121.918086431097,37.3488323541786],[-121.918108888979,37.3488137870103],[-121.918220280074,37.3489209052257],[-121.918321789701,37.3489908890439],[-121.918417011121,37.3490808681429],[-121.918563436513,37.3492122659985],[-121.919459056851,37.3499128126405],[-121.919652194637,37.3501020519474],[-121.919681839041,37.3501249034541],[-121.919901926286,37.3502948613167],[-121.919952231942,37.3503312808086],[-121.920017808958,37.3503769836754],[-121.920394203062,37.3505940719129],[-121.920457983447,37.3506283489457],[-121.920557696443,37.3506833349863],[-121.920731969608,37.350771169747],[-121.922295936518,37.3515616779683],[-121.922819654329,37.3518258929522],[-121.925311580927,37.3530869711181],[-121.926083233756,37.3534761444171],[-121.926336558666,37.3535989656632],[-121.926662647114,37.3537367822873],[-121.927000413661,37.3539031616052],[-121.928541024373,37.3546829258548],[-121.928570668778,37.3546979212418],[-121.929231828827,37.3550321033738],[-121.931215308974,37.3560339267896],[-121.93137610741,37.3561160428701],[-121.931875570708,37.3563688170236],[-121.93203906409,37.3564066616682],[-121.932110929312,37.3564237988595],[-121.932127098987,37.3564280831567],[-121.932164828229,37.3564366517504],[-121.932180099589,37.3564402219975],[-121.932410068302,37.3565301921679],[-121.932620274078,37.3566001688925],[-121.932679562887,37.3566201622304],[-121.932930192851,37.3566801422123],[-121.933129618845,37.3567201288401],[-121.933419774681,37.3567501187971],[-121.933550030398,37.3567601154467],[-121.934709755429,37.3567801087421],[-121.934769942553,37.3567901053877],[-121.934981046645,37.3568200953166],[-121.935327796345,37.3568579397338],[-121.935761682627,37.3569300582871],[-121.93610394075,37.3570207419142],[-121.936439910667,37.3571449854459],[-121.936678862532,37.357269228772],[-121.936851339067,37.3573613400706],[-121.937228631486,37.3575662694534],[-121.937823316204,37.3578797317824],[-121.937922130885,37.3579397107576],[-121.938040708503,37.3579982616157],[-121.938218574929,37.3580639527681],[-121.938356017168,37.3580839457161],[-121.938618325231,37.3581196473957],[-121.938857277096,37.3581453525945],[-121.939215704894,37.3581881945729],[-121.939434893824,37.3582103295855],[-121.939704388409,37.3582667381365],[-121.939875966628,37.3583067239192],[-121.940040358325,37.3583702727084],[-121.940077189252,37.3583888375131],[-121.940122105016,37.3583667025531],[-121.940253259048,37.3582960134438],[-121.940377226557,37.3582017611943],[-121.940520957002,37.3580560983942],[-121.940655704295,37.3578511703488],[-121.940791349903,37.3576076836859],[-121.940930588772,37.3573841893675],[-121.941040183237,37.3572320986041],[-121.941174930529,37.3570750092292],[-121.941307881191,37.3569257740185],[-121.941580070722,37.3566501522273],[-121.941860345091,37.3563502517192],[-121.941926820422,37.3562731342521],[-121.941940295151,37.3562602813331],[-121.942138822829,37.3560532062253],[-121.942209789736,37.3559796587219],[-121.942246620663,37.3559439560243],[-121.942360706704,37.3558347056644],[-121.942400232577,37.3557997169534],[-121.942514318618,37.3557083177947],[-121.942840407066,37.3554498289465],[-121.943109901651,37.355589784345],[-121.943320107428,37.3556497651501],[-121.943610263264,37.3556997491179],[-121.943760281917,37.3557197426956],[-121.94399025063,37.3557097459074],[-121.944329813807,37.3556497651501],[-121.944479832459,37.355589784345],[-121.944629851112,37.3555198066784],[-121.944856226563,37.3554098416419],[-121.944960431136,37.3553598574811],[-121.945420368562,37.3551199330462],[-121.945820118863,37.3549699798849],[-121.945970137516,37.3549199954313],[-121.946089613449,37.3548700109443],[-121.946650162186,37.3546700726637],[-121.94719993114,37.3544801308038],[-121.948380317423,37.3540502606092],[-121.94931995521,37.353709647428],[-121.949559805391,37.3536296709433],[-121.950699767487,37.353229787242],[-121.950740191674,37.353209793001],[-121.950789599015,37.3531997958785],[-121.95184961105,37.3528099070629],[-121.952379617068,37.3526399548942],[-121.952729960029,37.3525499800608],[-121.953170134518,37.3524799995604],[-121.953450408887,37.3524500078973],[-121.954300215145,37.3524300134486],[-121.954460115266,37.3524300134486],[-121.954610133918,37.3524300134486],[-121.955909996135,37.3524300134486],[-121.956500189276,37.3524300134486],[-121.957090382418,37.3524300134486],[-121.957149671227,37.3524300134486],[-121.958059664609,37.3524200162223],[-121.959211304804,37.3524200162223],[-121.959360425141,37.3524200162223],[-121.95957961407,37.3524200162223],[-121.959726937777,37.3524200162223],[-121.95981587099,37.3524221584852],[-121.960150044276,37.3524300134486],[-121.961880199513,37.3524300134486],[-121.962390442594,37.3524300134486],[-121.964900335498,37.3524200162223],[-121.966110366186,37.3524300134486],[-121.967640197115,37.3524300134486],[-121.967810877019,37.3524550065087],[-121.968429816249,37.3524300134486],[-121.968690327682,37.3524300134486],[-121.96938023382,37.3524400106736],[-121.969520371004,37.3524400106736],[-121.970590264508,37.3524400106736],[-121.970799571969,37.3524400106736],[-121.971079846337,37.3524400106736],[-121.971299933582,37.3524400106736],[-121.971619733823,37.3524400106736],[-121.971759871008,37.3524400106736],[-121.971900008192,37.3524400106736],[-121.972539608674,37.3524300134486],[-121.973328329494,37.3524378684113],[-121.973579857773,37.3524400106736],[-121.977550411329,37.3524400106736],[-121.977669887262,37.3524400106736],[-121.977880093038,37.3524300134486],[-121.978129824687,37.3524400106736],[-121.978799967889,37.3524400106736],[-121.980339680286,37.3524500078973],[-121.980540004595,37.3524400106736],[-121.981159842141,37.3524400106736],[-121.981549710974,37.3524300134486],[-121.982430059952,37.3524300134486],[-121.983049897498,37.3524300134486],[-121.983739803637,37.3524300134486],[-121.983897008811,37.3524350120613],[-121.984070383661,37.3524400106736],[-121.984704594252,37.3524400106736],[-121.986270357792,37.3524400106736],[-121.986759939622,37.3524400106736],[-121.987420201356,37.3524300134486],[-121.988509857795,37.3524300134486],[-121.989160238061,37.3524300134486],[-121.990590355993,37.3524200162223],[-121.991600062373,37.3524200162223],[-121.99205011833,37.3524200162223],[-121.992800211592,37.3524300134486],[-121.993550304854,37.3524200162223],[-121.994139599681,37.3524200162223],[-121.995060372847,37.3524300134486],[-121.995849991982,37.3524500078973],[-121.996329692344,37.3524400106736],[-121.996329692344,37.353069833165],[-121.996300047939,37.3534697177184],[-121.996229979347,37.3542002156078],[-121.996120384882,37.3550599518176],[-121.996089842163,37.3553798511494],[-121.996086248901,37.355406985405],[-121.996073672488,37.3554876740545],[-121.996070977542,37.3555162363875],[-121.996060197758,37.355589784345],[-121.996027858408,37.3560967634506],[-121.99601977357,37.3562402878994],[-121.995980247698,37.3571799735298],[-121.995957789816,37.3578461720968],[-121.99593982351,37.3584302512916],[-121.995929942042,37.3585202190766],[-121.995923653835,37.3586273234418],[-121.995893111115,37.3592206788565],[-121.995883229647,37.3594191769733],[-121.995878738071,37.3594912930656],[-121.995869754918,37.3596598016844],[-121.995866161657,37.3597069269084],[-121.99585987345,37.3597797567417],[-121.995855381873,37.3599632590479],[-121.995841907144,37.3605109072314],[-121.995839212198,37.3606658473872],[-121.995838313883,37.3606951217587],[-121.995832025676,37.3609221762515],[-121.995814957686,37.3616019076077],[-121.995809567794,37.3618296733551],[-121.995809567794,37.3619903227612],[-121.995840110514,37.3633597557373],[-121.995840110514,37.3634097345703],[-121.995850890297,37.3634789908982],[-121.995833822307,37.3644200138431],[-121.996016180309,37.3668881795631],[-121.99601797694,37.3669110259594],[-121.996166198962,37.3677477704304],[-121.996202131573,37.3680147841935],[-121.996310827723,37.3694762036506],[-121.996290166471,37.3702201101933],[-121.996291963102,37.3702836488939],[-121.996298251309,37.3704756925045],[-121.996300047939,37.3705399449038],[-121.996259623751,37.3705378031581],[-121.996140147819,37.3705320918357],[-121.996099723631,37.3705306640051],[-121.995954196555,37.3705242387669],[-121.995905687529,37.3705220970206],[-121.995372986566,37.3704978238927],[-121.994739674291,37.3704699811774],[-121.994365975132,37.3704571306899],[-121.992969993181,37.3704100122171],[-121.991343144201,37.3704007313023],[-121.991120362011,37.3704000173857],[-121.990336132768,37.3704092983007],[-121.989727973321,37.3704150096323],[-121.987902596663,37.3704349992898],[-121.987296233846,37.3704421384518],[-121.986957568984,37.3704449941165],[-121.98594696429,37.3704557028579],[-121.985610096058,37.3704599863541],[-121.985001936611,37.370462842018],[-121.983178356584,37.3704742646728],[-121.982571095452,37.370477834252],[-121.982569298821,37.3705827798062],[-121.982402212179,37.3705827798062],[-121.982402212179,37.3706763025913],[-121.982404907124,37.371365226385],[-121.982560315669,37.3713702237366],[-121.982527078003,37.3714337614631],[-121.98243994142,37.3716100962198],[-121.982434551529,37.371628657749],[-121.982420178484,37.3717000482033],[-121.98243994142,37.371740026828],[-121.982437246475,37.3718399732965],[-121.982430059952,37.3720998334915],[-121.982430059952,37.3722597470102],[-121.982430059952,37.3722747388851],[-121.982430059952,37.3723397036417],[-121.982430059952,37.372419660188],[-121.982423771745,37.372737343838],[-121.982420178484,37.3729500840469],[-121.982432754898,37.3736911006008],[-121.98243994142,37.3740102066307],[-121.98243994142,37.3740601783692],[-121.982449822889,37.3741101500745],[-121.983969772349,37.3740901613964],[-121.984669559956,37.3740901613964],[-121.985113327706,37.3740823087],[-121.985220227225,37.3740801670553],[-121.986229933604,37.3740801670553],[-121.986520089441,37.3740701727129],[-121.98689558523,37.3740701727129],[-121.986939602679,37.3740701727129],[-121.987023146,37.374068031068],[-121.987839714593,37.3740501840242],[-121.989119813873,37.3740301953301],[-121.989895059963,37.3740259120378],[-121.991060174887,37.374020200981],[-121.991150006415,37.3740102066307],[-121.991660249497,37.374020200981],[-121.992570242879,37.3740102066307],[-121.992969993181,37.3740102066307],[-121.993925800643,37.3739930734555],[-121.994164752509,37.373990217926],[-121.994729792822,37.3739802235715],[-121.995579599081,37.3739802235715],[-121.99597036623,37.3739802235715],[-121.996200334943,37.3739802235715],[-121.996309929407,37.373990217926],[-121.996580322308,37.3739802235715],[-121.996884851189,37.3739688014507],[-121.997459772971,37.3739502405005],[-121.997679860216,37.3739502405005],[-121.999129741084,37.3739502405005],[-121.999959784407,37.3739502405005],[-122.000000208594,37.3739402461408],[-122.000719759137,37.3739302517797],[-122.002282827731,37.3739302517797],[-122.002749951679,37.3739302517797],[-122.002967343978,37.3739281101308],[-122.004705584053,37.37391169082],[-122.004855602705,37.3739102630537],[-122.00482416167,37.3740073511018],[-122.004177374666,37.3766700846099],[-122.004146831946,37.3767871570504],[-122.004092034714,37.3770191598226],[-122.004062390309,37.3771647858115],[-122.004053407156,37.3772069030791],[-122.003965372259,37.3780399634946],[-122.003909676711,37.3782020058766],[-122.003847692956,37.3794476503828],[-122.003625809081,37.3799123525758],[-122.003358111126,37.3804362990603],[-122.003299720633,37.3804898356203],[-122.003147007035,37.3804748453874],[-122.003119159261,37.3805569347215],[-122.002891885494,37.3812250671777],[-122.00221455577,37.3832308564185],[-122.001989976949,37.383899678839],[-122.001733957093,37.3848996892807],[-122.001096153241,37.3867290814321],[-122.000895828933,37.3873057982252],[-122.000488892109,37.3884763483731],[-122.000310127367,37.3884799170956],[-122.000249940243,37.3884799170956],[-122.00003344626,37.3884970469613],[-122.000000208594,37.3884999019385],[-121.999790002818,37.388509894358],[-121.999586983564,37.3884849133068],[-121.999380371048,37.3884599322474],[-121.999222267558,37.3883892714913],[-121.999199809676,37.3883799928012],[-121.999030028088,37.3882700759236],[-121.9989896039,37.3882400985653],[-121.998780296439,37.3883999776708],[-121.998650040722,37.3885198867761],[-121.998470377666,37.3885698488467],[-121.998209866233,37.3885698488467],[-121.997689741684,37.3885798412569],[-121.995991925797,37.3886376544607],[-121.995980247698,37.3886376544607],[-121.995840110514,37.388646219376],[-121.995825737469,37.3884256724952],[-121.995828432415,37.3879367555755],[-121.995771838552,37.3870188678999],[-121.99576644866,37.3869196554176],[-121.995755668877,37.3867797584568],[-121.995741295832,37.3865592060854],[-121.995743990778,37.3859810560129],[-121.995750278985,37.3852001894556],[-121.995740397517,37.3842401549836],[-121.995760160453,37.3836698387227],[-121.99576465203,37.3834549875421],[-121.99577992339,37.3828696755551],[-121.995778126759,37.3828132855004],[-121.995772736867,37.3825998594665],[-121.995770041922,37.382489934115],[-121.995761058769,37.3821630123123],[-121.995760160453,37.382110190752],[-121.995758363823,37.3820538001261],[-121.995746685724,37.3817589978098],[-121.995740397517,37.3815698383282],[-121.99573231268,37.3808738700903],[-121.995729617734,37.380579776955],[-121.995729617734,37.3804398681655],[-121.995729617734,37.380339933156],[-121.995731414364,37.3802971038255],[-121.995760160453,37.3794512195351],[-121.995770041922,37.3791699698178],[-121.995771838552,37.3791000141406],[-121.99577992339,37.3789201278138],[-121.99577992339,37.3788901467174],[-121.99578172002,37.3788209046156],[-121.995786211597,37.3786660019502],[-121.995797889695,37.3782012920343],[-121.995802381272,37.3780456742453],[-121.995803279587,37.3779971328505],[-121.995804177902,37.3779500191138],[-121.995809567794,37.3777101669044],[-121.995900297638,37.3777001730457],[-121.995990129166,37.3777001730457],[-121.995990129166,37.3775702527614],[-121.995920060574,37.3775702527614],[-121.995809567794,37.3775702527614],[-121.99571704132,37.3775688250647],[-121.995437665266,37.3775659696713],[-121.995345138792,37.3775659696713],[-121.995062169478,37.3775631142778],[-121.994540248298,37.377560258884],[-121.994213261534,37.377560258884],[-121.99393029222,37.377560258884],[-121.993868308465,37.3775588311872],[-121.993682357201,37.3775559757934],[-121.993621271762,37.3775559757934],[-121.993415557562,37.3775531203994],[-121.993190080426,37.3775502650054],[-121.99310923205,37.3775502650054],[-121.992801109907,37.3775531203994],[-121.992597192338,37.3775552619449],[-121.989274324102,37.3775802466374],[-121.987870257313,37.3775802466374],[-121.987800188721,37.3775802466374],[-121.986969247083,37.3775802466374],[-121.986970145398,37.3777801238781],[-121.986970145398,37.3779221791646],[-121.986969247083,37.3781791629188],[-121.986965653822,37.3799773107175],[-121.986965653822,37.3804498616591],[-121.986965653822,37.3805769216762],[-121.986964755507,37.3809166990914],[-121.986970145398,37.3820987698691],[-121.986973738659,37.3828782411292],[-121.986946789201,37.3847298097892],[-121.986962060561,37.3862522874662],[-121.986963857191,37.3866648429008],[-121.986973738659,37.3881879950332],[-121.986973738659,37.3882386710718],[-121.986974636975,37.3883956951992],[-121.986976433605,37.388447798587],[-121.986976433605,37.3885370166326],[-121.986977331921,37.3886783377997],[-121.986978230236,37.3888046701326],[-121.986979128551,37.3888953152347],[-121.986983620128,37.3897860581239],[-121.987000688118,37.3924589369973],[-121.987006976325,37.3933503512419],[-121.987009671271,37.3938370917753],[-121.987018654424,37.3952987217701],[-121.987022247685,37.3957868770011],[-121.987023146,37.3959303255216],[-121.987023146,37.3959731459223],[-121.987027637576,37.3963599557664],[-121.987030332522,37.3965041168581],[-121.987031230838,37.3966418546719],[-121.987036620729,37.3970579212458],[-121.987039315675,37.3971970853648],[-121.987039315675,37.3972341957529],[-121.987041112306,37.3973448131469],[-121.987042010621,37.3973833507813],[-121.987051892089,37.3981912092218],[-121.987057281981,37.3985972761211],[-121.987075248286,37.3999032408623],[-121.987077044917,37.4000737996046],[-121.988005004606,37.4000309815468],[-121.988643706773,37.4000017225265],[-121.989750431203,37.3999403499104],[-121.993776680306,37.3997548044862],[-121.995512225435,37.3997198362586],[-121.995584090658,37.3997191226211],[-121.995660447457,37.3997191226211],[-121.995869754918,37.3996827271013],[-121.995869754918,37.3997840636028],[-121.996785138193,37.3997298271824],[-121.998040084644,37.3996827271013],[-121.999912173697,37.3996142178396],[-122.003155091872,37.3995000355976],[-122.004638210406,37.3994821946065],[-122.004866382488,37.3994821946065],[-122.00482416167,37.4001151903705],[-122.004800805473,37.4029347040708],[-122.00479361895,37.4032936474556],[-122.004798110527,37.4036268995162],[-122.004800805473,37.4039979707305],[-122.004792720635,37.4076350849431],[-122.004789127374,37.4078170430531],[-122.004862789227,37.4078020582842],[-122.004789127374,37.4078313142587],[-122.004790025689,37.4079761668419],[-122.004860992597,37.4079611821049],[-122.00510982593,37.4079048109246],[-122.005359557579,37.4078498668219],[-122.005859020877,37.407742119179],[-122.006108752526,37.4076893156417],[-122.006095277797,37.4077278479563],[-122.006055751925,37.4078441583414],[-122.006043175511,37.4078841176958],[-122.005591322923,37.4092619888251],[-122.00423756179,37.4133968771735],[-122.003836913173,37.4146262399913],[-122.003788404148,37.4147760738943],[-122.003545859021,37.4154603115748],[-122.002820020271,37.4175151275151],[-122.0026277808,37.4180587881346],[-122.00257837346,37.4182000536338],[-122.002447219428,37.4182000536338],[-122.002350201378,37.4182000536338],[-122.002079808477,37.4181800767107],[-122.00205824891,37.4181772228641],[-122.001928891509,37.4181608132441],[-122.001070102098,37.4180502265806],[-122.000864387898,37.4180216880603],[-122.000549977548,37.4179803071865],[-122.000119684527,37.4179296512582],[-121.997660097279,37.4179503417119],[-121.997130091262,37.4179403532177],[-121.997050141201,37.4179503417119],[-121.997019598482,37.4178996857633],[-121.996869579829,37.4177598466288],[-121.996639611117,37.4175301103409],[-121.996420422187,37.4174102476501],[-121.996280285003,37.4173702933772],[-121.996000010634,37.4173702933772],[-121.995743990778,37.4173767146011],[-121.996150927602,37.4176699499044],[-121.996211114726,37.4177127578819],[-121.996577627362,37.4179760264052],[-121.996595593668,37.417988155285],[-121.996656679107,37.4180181207445],[-121.996671052151,37.4180402380997],[-121.996846223632,37.4181301343796],[-121.997040259733,37.4182300190085],[-121.997234295835,37.4183313304245],[-121.997571164066,37.418504701051],[-121.999205199568,37.4193480042997],[-122.000274194756,37.419900212957],[-122.001176103301,37.4203646643726],[-122.00128300282,37.4204203127361],[-122.001606396322,37.4205858307009],[-122.001714194157,37.4206421923382],[-122.00670613219,37.4232169464573],[-122.011697171909,37.4257923254317],[-122.012209211621,37.4260562789366],[-122.012281975159,37.4260940884165],[-122.012355637012,37.4261318978773],[-122.01242840055,37.4261689939335],[-122.012501164088,37.4262060899714],[-122.012725742909,37.4263216582791],[-122.012993440864,37.4264579145115],[-122.013050933042,37.4264878765817],[-122.013109323536,37.4265178386399],[-122.013420140624,37.4266769227005],[-122.015109871673,37.4275429618367],[-122.016801399353,37.4284089909547],[-122.017289184553,37.4286579546379],[-122.017355659884,37.4286929093581],[-122.017423931845,37.428727864062],[-122.017747325347,37.4288926503032],[-122.020359626194,37.4302309008882],[-122.02297192704,37.4315691275495],[-122.02409571946,37.4321440725949],[-122.026116030534,37.4331791052119],[-122.028137239924,37.4342141235165],[-122.028400446302,37.434348225461],[-122.028519922235,37.4344102831945],[-122.028640296483,37.4344709142637],[-122.028837925845,37.4345729170104],[-122.029031961947,37.4346720664003],[-122.030683065439,37.4355137609663],[-122.03354779288,37.4369767177254],[-122.036217585904,37.4383397882192],[-122.038063623813,37.4392820113426],[-122.039217060638,37.4398697357311],[-122.041335288078,37.440951735671],[-122.042677371112,37.4416371606299],[-122.043830807937,37.442226292986],[-122.044756970995,37.4427647815784],[-122.045571742958,37.4432390762678],[-122.045588810948,37.4442397212158],[-122.045590607579,37.4443802241035],[-122.045595099155,37.4445792099753],[-122.045610370515,37.4455120829202],[-122.045612167146,37.4455819766021],[-122.045630133451,37.446584016598],[-122.045638218289,37.4470718376177],[-122.045642709865,37.4473378556347],[-122.045656184595,37.4480931134285],[-122.045663371117,37.4485359947639],[-122.04567235427,37.4490252293907],[-122.045383995063,37.4556730830661],[-122.045270807338,37.4602760296423],[-122.044587189406,37.4606660726668],[-122.044474001681,37.460730247741],[-122.044399441512,37.4607730310932],[-122.043394226709,37.4613448995507],[-122.043295412028,37.4613990913472],[-122.042540827189,37.4618112329356],[-122.04176737773,37.4622918242373],[-122.040698382541,37.46297491457],[-122.038369949325,37.4641599687976],[-122.038075301912,37.4643097035547],[-122.037265919841,37.4646990125198],[-122.036181653293,37.464965680861],[-122.034809027539,37.4650498166642],[-122.033756202026,37.4651261092176],[-122.031650551,37.465240904408],[-122.02989614125,37.4653171967664],[-122.027775218864,37.4654690682386],[-122.026858937274,37.465529674139],[-122.025425226081,37.4656302085243],[-122.023808258569,37.4654241485395],[-122.023486661698,37.4653549864103],[-122.022526362659,37.4651503516948],[-122.022471565427,37.4651389434712],[-122.022201172526,37.4651246831892],[-122.02115283859,37.4650733461516],[-122.020871665906,37.4651389434712],[-122.016214799473,37.4655396562827],[-122.00379559067,37.4666098769464],[-122.002433744699,37.4667268088554],[-122.001072797044,37.4668437405814],[-121.999972360821,37.4669392822218],[-121.999822342168,37.4669528291609],[-121.998247595475,37.4670947153758],[-121.997770590059,37.4671389210762],[-121.997171413765,37.4671389210762],[-121.996671052151,37.4672387403035],[-121.996470727843,37.4670391017156],[-121.995502343967,37.4667439208267],[-121.9943111779,37.4660487438387],[-121.992975383073,37.4649228999077],[-121.992669057561,37.4646391189648],[-121.989435122538,37.4636808155595],[-121.980170797013,37.4609391728789],[-121.980013591838,37.4608921112946],[-121.979071259105,37.4608393452408],[-121.978473879441,37.4608086838681],[-121.975071061145,37.4606389765078],[-121.974771922155,37.4607388044134],[-121.974706345139,37.4607402305254],[-121.974470986535,37.4607388044134],[-121.970821131536,37.4615067617738],[-121.968524139354,37.4619531289084],[-121.968111812639,37.4621499289072],[-121.968074083397,37.4621677549685],[-121.967064377017,37.4624871972661],[-121.96595136438,37.462813055525],[-121.964157428758,37.4631510339257],[-121.959312814431,37.4635146798657],[-121.959260712144,37.4635046974517],[-121.957623981697,37.4631988071206],[-121.955889334883,37.4627303432787],[-121.95557941611,37.4626397875247],[-121.955378193486,37.4625820314354],[-121.954451132113,37.4622041201203],[-121.954401724773,37.4621927114471],[-121.954387351728,37.4621862940677],[-121.95410887399,37.4621121376433],[-121.953391120078,37.4619452854194],[-121.952818893242,37.4616743280233],[-121.951920577958,37.461461126645],[-121.951766067729,37.4614547092028],[-121.950733005152,37.4614183436865],[-121.949602026209,37.4614076479431],[-121.949374752443,37.461496066043],[-121.948978595402,37.4615381359086],[-121.948126094198,37.4618447460791],[-121.947842226568,37.4619780854587],[-121.947040929334,37.4626019965084],[-121.94640941369,37.4633620913925],[-121.946174055085,37.4639460614814],[-121.946166868563,37.4644872458067],[-121.946275564712,37.4648031131084],[-121.946624111043,37.4654077492776],[-121.946772333064,37.4656637199561],[-121.946989725363,37.4662519500884],[-121.946987030417,37.4664772588284],[-121.947086743414,37.4674241185149],[-121.946914266879,37.467647997742],[-121.946911571934,37.4677827527497],[-121.946796587577,37.467918220502],[-121.946781316217,37.4679652776638],[-121.946678908275,37.4682768523664],[-121.946448939562,37.4685898517327],[-121.945934204904,37.4689912590246],[-121.945893780717,37.4690062315462],[-121.945478759055,37.4691680771834],[-121.944913718742,37.469163086354],[-121.944522053278,37.4688893032026],[-121.94424357554,37.4685256834045],[-121.944136676021,37.4681192827135],[-121.944143862543,37.4676230430842],[-121.944317237393,37.4673998767749],[-121.944331610438,37.4663089903399],[-121.944335203699,37.4660929501575],[-121.944225609234,37.4658220077923],[-121.943779146538,37.4654569470526],[-121.943471024395,37.4653478562903],[-121.943364124877,37.4652808331287],[-121.943257225358,37.4652138099069],[-121.943100918498,37.4651161270187],[-121.943045222951,37.4651040057755],[-121.942357113443,37.4649628287981],[-121.941578274092,37.4649450034033],[-121.941491137509,37.4649442903874],[-121.941278236787,37.4649442903874],[-121.941182117051,37.4649457164191],[-121.941085099001,37.4649478554668],[-121.940792248218,37.4647089947744],[-121.94059372054,37.4644501687447],[-121.940514668795,37.4643460676647],[-121.940461668194,37.4640751189687],[-121.940178698879,37.4634633417225],[-121.940023290335,37.4631246517004],[-121.939513945569,37.4627096652028],[-121.939240857722,37.4624871972661],[-121.938903091176,37.4623937890568],[-121.938799784918,37.4624151802601],[-121.938697376976,37.4624358584174],[-121.938328169394,37.4625100145208],[-121.937958063497,37.462584883589],[-121.937884401643,37.4625991443554],[-121.936477639908,37.4628829330412],[-121.936024889005,37.4629292803373],[-121.935379898631,37.4626690220715],[-121.934987334852,37.4624636669648],[-121.934975656753,37.4623759630495],[-121.934960385394,37.4622347809209],[-121.93494960561,37.4621449376093],[-121.934946910664,37.4621199811148],[-121.935213710304,37.4615859101342],[-121.935255032807,37.4615039095791],[-121.93529635531,37.4614211958845],[-121.935276592374,37.4613270732932],[-121.935241558078,37.4610682355563],[-121.935137353505,37.4608400582958],[-121.934940622457,37.4606639334967],[-121.934732213311,37.4605241742516],[-121.934115969027,37.4603309352733],[-121.933577878171,37.4602710382192],[-121.932896056871,37.4602660467959],[-121.932374135691,37.4603523270668],[-121.932495408254,37.4604193546464],[-121.932615782502,37.4604856691076],[-121.932778377568,37.4605762274704],[-121.932940972635,37.4606667857235],[-121.933069431721,37.4607380913574],[-121.933377553863,37.4607623352575],[-121.932669681419,37.4609741125207],[-121.932084878169,37.4609990693977],[-121.931933961201,37.4609769647356],[-121.93147132883,37.4609106507101],[-121.931199139299,37.4606439679063],[-121.931199139299,37.4604129371148],[-121.931128172392,37.4601576615213],[-121.931389582139,37.4595950538543],[-121.931369819203,37.4591001837888],[-121.931520736171,37.4588313553056],[-121.931450667579,37.4583992311031],[-121.931410243391,37.4581867334672],[-121.931179376363,37.4579107708709],[-121.931128172392,37.4573902184986],[-121.931244953378,37.4573531379174],[-121.931881858915,37.4571577514743],[-121.932195370949,37.4570607711524],[-121.932507086353,37.4569652168887],[-121.932581646521,37.4569416848498],[-121.93265620669,37.4569188658959],[-121.932711902237,37.4568418518751],[-121.932876293934,37.4562392857341],[-121.932884378772,37.4558442279014],[-121.932898751817,37.4554470286625],[-121.93262566397,37.4551468102438],[-121.932068708494,37.4552773091345],[-121.931462345677,37.4557600817397],[-121.931374310779,37.4558292527439],[-121.930952102596,37.4561579924156],[-121.930530792728,37.4564888699318],[-121.930282857709,37.456615087909],[-121.930134635687,37.4566906759741],[-121.92948066216,37.4568397125956],[-121.929372864326,37.4568646708525],[-121.929206675999,37.4568532613647],[-121.929127624254,37.4569088826014],[-121.929048572509,37.4569652168887],[-121.92892640163,37.4570522140591],[-121.928802434121,37.4571399242187],[-121.928609296335,37.4572761243438],[-121.928444006323,37.4573937839381],[-121.928296682616,37.4573317452661],[-121.9281664269,37.4573032217214],[-121.9280253914,37.4572497400458],[-121.927792727742,37.4571242362302],[-121.927560962398,37.4569252837274],[-121.927461249402,37.4567049378646],[-121.927418130268,37.4565430652475],[-121.927419926899,37.4563719220114],[-121.92744058815,37.4562792192617],[-121.927495385383,37.4561230505235],[-121.927559165768,37.4559996841207],[-121.927726252411,37.4556830665256],[-121.927796321003,37.4555497159211],[-121.927866389595,37.4554156519721],[-121.92789962726,37.4553521854443],[-121.927888847477,37.4553329315432],[-121.927860101388,37.4552787353506],[-121.92785021992,37.4552623338635],[-121.927786439535,37.4552138424893],[-121.927655285503,37.4551482364624],[-121.927632827621,37.4551361136034],[-121.927622047838,37.4551311218373],[-121.927383994287,37.4550362782185],[-121.927363333036,37.4550291471144],[-121.927075872145,37.4551789001561],[-121.927039939534,37.4551931623349],[-121.926970769257,37.4552202604671],[-121.926900700664,37.4552487848062],[-121.926860276477,37.4552459323728],[-121.926755173588,37.455240940614],[-121.926604256621,37.4550598108569],[-121.926580900423,37.4550319995561],[-121.926571018955,37.4550213028992],[-121.926429983456,37.4548679839822],[-121.926417407042,37.4548408857223],[-121.926356321602,37.4547082467297],[-121.926294337848,37.4545727550428],[-121.926197319797,37.4545456566759],[-121.925944893202,37.4544793369473],[-121.925783196451,37.4544358368782],[-121.925712229544,37.4544172958575],[-121.925640364321,37.4543973285993],[-121.925620601385,37.4543951892499],[-121.925565804152,37.4543901974343],[-121.925547837847,37.4543887712013],[-121.925393327618,37.4542953528759],[-121.925353801745,37.4542939266411],[-121.925224444344,37.4542932135236],[-121.925041188026,37.4541862458292],[-121.924745642298,37.4543538284826],[-121.9245929287,37.4544408286907],[-121.924479740974,37.4545057222227],[-121.924397994283,37.454547082906],[-121.924374638086,37.4545592058606],[-121.923567052645,37.4549856473652],[-121.923261625449,37.4551532282274],[-121.923001114016,37.455295849942],[-121.922961588144,37.4553172431757],[-121.922836722319,37.4553857014826],[-121.922569024364,37.4555383062327],[-121.922304919671,37.4556787879002],[-121.921075126047,37.4563419719048],[-121.919017984046,37.4574508309475],[-121.918928152518,37.4574978946975],[-121.917353405825,37.4583450371325],[-121.917265370927,37.458390674163],[-121.917097385969,37.4584726781321],[-121.916358970805,37.4588399121953],[-121.915804710275,37.4590987576456],[-121.915335789697,37.459309113481],[-121.914883937109,37.4595479914241],[-121.914397050225,37.4597740334318],[-121.913902976819,37.4600207535814],[-121.913459209068,37.4602467941599],[-121.913177138069,37.4604022412275],[-121.913030712678,37.4604706948796],[-121.912830388369,37.4605662446641],[-121.912651623628,37.4606496723612],[-121.912014718091,37.4609598514444],[-121.91088733241,37.4614860833595],[-121.911331998475,37.4622362070043],[-121.909161668749,37.4629777667086],[-121.909129329399,37.462994879538],[-121.908922716883,37.4630127053978],[-121.908727782467,37.4630312442875],[-121.908581357075,37.4630426528328],[-121.908124114596,37.4631988071206],[-121.908086385354,37.4632102156403],[-121.907600396785,37.4634098644526],[-121.907467446123,37.4634369596075],[-121.907388394378,37.4634697589923],[-121.907338987037,37.4633528219892],[-121.907311139264,37.4632857970391],[-121.907291376327,37.4632922143242],[-121.907223104366,37.4633143183018],[-121.907068594137,37.4633642304854],[-121.907076678975,37.4634098644526],[-121.907093746965,37.4635018453332],[-121.907108120009,37.4635888348991],[-121.907011101959,37.4636280514736],[-121.906835032163,37.4637200320857],[-121.906720047807,37.4637457010736],[-121.90666614889,37.4637592485914],[-121.906372399792,37.4638262731171],[-121.906354433486,37.4638312643028],[-121.906001395579,37.463926809793],[-121.905519000272,37.4641157613357],[-121.905239624218,37.464226992964],[-121.90519560677,37.4642341231909],[-121.905065351053,37.4642590789799],[-121.90502223192,37.4642669222261],[-121.904951265012,37.4642833217383],[-121.904741059236,37.464333233275],[-121.904670990644,37.4643503457942],[-121.904520073676,37.4643881359269],[-121.904399699428,37.4644187958318],[-121.904353885348,37.4644323432276],[-121.904338613989,37.4644351953106],[-121.90429639317,37.464445890621],[-121.904067322773,37.4645022192304],[-121.90391730412,37.4645400092863],[-121.903760098946,37.4645777993231],[-121.903575045997,37.4646241455686],[-121.903333399186,37.4646683527298],[-121.903286686791,37.4646683527298],[-121.90312678667,37.4646683527298],[-121.903034260196,37.4646576574513],[-121.902816867897,37.4646348408519],[-121.902755782458,37.4646369799084],[-121.902664154299,37.46464197104],[-121.902575221086,37.4646462491525],[-121.902379388354,37.4647018645927],[-121.902231166332,37.4647446456724],[-121.902064978004,37.4647938438838],[-121.901569107968,37.4648929532259],[-121.901524192203,37.4649036484708],[-121.901306799905,37.464957837688],[-121.901231341421,37.4649920624366],[-121.901011254176,37.4650897454869],[-121.900777692202,37.4652102448403],[-121.900379738531,37.4654291396185],[-121.900132701828,37.4655218310253],[-121.899892851647,37.4656423296823],[-121.899603594126,37.4657193346394],[-121.899253251165,37.4657742362734],[-121.898972976796,37.4658448240293],[-121.898841822765,37.4659539140664],[-121.89838188534,37.4665506979228],[-121.898306426856,37.466661212929],[-121.89821030712,37.4667096968801],[-121.89805220363,37.4667588937984],[-121.898037830586,37.4667681627794],[-121.897852777637,37.4668801034589],[-121.897653351644,37.4669727930668],[-121.897341636241,37.467022702808],[-121.896984106757,37.4670448056827],[-121.896825104952,37.4670718995203],[-121.896646340211,37.4671210962002],[-121.896507999657,37.4672038035891],[-121.896301387141,37.4672922148347],[-121.896087588104,37.4673128916432],[-121.895888162111,37.4673521062643],[-121.895652803506,37.4674119976459],[-121.894991643457,37.4675439011147],[-121.894618842614,37.4675816896331],[-121.894295449112,37.4676201911228],[-121.894060988823,37.4676373028897],[-121.893792392553,37.4676701004318],[-121.893606441289,37.4676750913609],[-121.893233640446,37.4676636835226],[-121.892957857654,37.4676750913609],[-121.892488937076,37.4677406863977],[-121.892199679554,37.4677456773221],[-121.891944558014,37.4678119852854],[-121.891385805907,37.4678497736684],[-121.891130684366,37.4679096646513],[-121.890855799889,37.4679816763648],[-121.890758781838,37.4680380023101],[-121.890634814329,37.4681078749429],[-121.890406642247,37.4683217703515],[-121.89024225055,37.4685691752774],[-121.890027553197,37.4689099795694],[-121.889937721669,37.4691131780418],[-121.889793092908,37.4693819695584],[-121.88968978665,37.4695958613214],[-121.889670922029,37.4696272320619],[-121.889523598323,37.4698767715738],[-121.889352020104,37.470102069389],[-121.889178645254,37.470254644106],[-121.88899269399,37.4703651536365],[-121.888662113965,37.4705348389201],[-121.888386331173,37.4706510517283],[-121.888027005059,37.4708207363629],[-121.887737747538,37.4709362357678],[-121.887414354036,37.4710132352719],[-121.887041553193,37.471083818081],[-121.886311222867,37.4712870106442],[-121.885966269798,37.4713747041061],[-121.885413805898,37.4714067870543],[-121.885158684357,37.4714132036422],[-121.884932308906,37.4713846854692],[-121.884731984597,37.4713297879555],[-121.884560406378,37.4712748904015],[-121.884414879302,37.4712043077729],[-121.884369065223,37.4711729376942],[-121.884290911793,37.471120891853],[-121.884022315523,37.4708349955583],[-121.883891161491,37.4707686902764],[-121.883740244524,37.470730903369],[-121.88360190397,37.4707530051473],[-121.883463563416,37.4707636995539],[-121.8833333077,37.4707530051473],[-121.883085372682,37.4706703016851],[-121.882602977374,37.470554088907],[-121.882416127795,37.4705982925617],[-121.882272397349,37.4706481998824],[-121.882107107337,37.470683134987],[-121.881995716242,37.4707080886232],[-121.881637288444,37.4708670787381],[-121.881154893136,37.47107597555],[-121.880864737299,37.47124565922],[-121.88071022707,37.47131909363],[-121.880541343797,37.4713996575114],[-121.88025118796,37.4715479518625],[-121.879899946684,37.4717561338206],[-121.879858624181,37.4717889295557],[-121.879686147646,37.47193223249],[-121.879465162087,37.4721682183155],[-121.879319635011,37.4723493066309],[-121.879257651256,37.4725418016034],[-121.879095056189,37.4729082536252],[-121.879077988199,37.4729481782505],[-121.8790016314,37.4731898643665],[-121.878918986394,37.4733317387432],[-121.878795018885,37.4734422437243],[-121.878623440665,37.4735577390784],[-121.87839976016,37.4737630637117],[-121.878236266778,37.4739149180255],[-121.878112299269,37.4740460970904],[-121.877994619966,37.4742057930327],[-121.877904788438,37.4744196709923],[-121.877822143432,37.4746727591204],[-121.877726023696,37.4749030329261],[-121.877587683143,37.475062014118],[-121.877450240904,37.475183210315],[-121.877236441867,37.4752266983143],[-121.877168169905,37.4752209949716],[-121.877111576042,37.4752160045464],[-121.876959760759,37.475183210315],[-121.87678818254,37.4751333060224],[-121.87656719698,37.4751169088904],[-121.87650431491,37.4751211864035],[-121.876261769783,37.4749237076294],[-121.875779374476,37.4749992771858],[-121.875205351009,37.4752152916284],[-121.874611564606,37.4757670880633],[-121.874289967735,37.4763616548555],[-121.874215407566,37.4766368364458],[-121.874008795051,37.4774067691903],[-121.873900098901,37.4775700224289],[-121.873692588071,37.4778451995697],[-121.873644977361,37.4778779926328],[-121.873521009852,37.4779271822007],[-121.873438364845,37.4779656783616],[-121.873330567011,37.4780013229374],[-121.873307210814,37.478009877633],[-121.873141920802,37.4780540768783],[-121.872975732474,37.4781360592801],[-121.872866138009,37.4781966549106],[-121.8727421705,37.4782522602695],[-121.872556219236,37.4783777286196],[-121.871708209608,37.4788667680189],[-121.871495308886,37.478998651274],[-121.871047049559,37.4792410307034],[-121.870908709005,37.4793351307406],[-121.870883556177,37.4793579428529],[-121.870784741496,37.4794499041104],[-121.870729944264,37.4795383008713],[-121.870660773987,37.4796259846518],[-121.870640112735,37.4797136683294],[-121.870647299258,37.4798070548973],[-121.870647299258,37.4799389364929],[-121.870613163277,37.4800658277543],[-121.870564654251,37.4801763227784],[-121.870556569414,37.4801920059298],[-121.870517043541,37.4802561642424],[-121.870489195768,37.4803288769301],[-121.870407449077,37.4804229755974],[-121.870391279402,37.4804386586971],[-121.870339177115,37.4804928366525],[-121.870316719233,37.4805156484115],[-121.870214311291,37.4805933509132],[-121.870130767969,37.4806981422324],[-121.870114598294,37.4807287954477],[-121.870075970737,37.4808079234568],[-121.870048122963,37.4809611891822],[-121.870045428017,37.4810267725594],[-121.870041834756,37.4811151674549],[-121.870056207801,37.4811857407238],[-121.870075970737,37.4812912440722],[-121.870056207801,37.4814452216648],[-121.870001410568,37.481537893211],[-121.869978054371,37.481584228941],[-121.869939426814,37.4816647817571],[-121.869934036922,37.4816797517399],[-121.869345640411,37.4820490103662],[-121.867784368447,37.4830327406571],[-121.867584044139,37.4831589138225],[-121.866997444258,37.4835288779773],[-121.866333589263,37.4839523029121],[-121.865292441849,37.4846202259191],[-121.865267289021,37.4846373337939],[-121.864174937636,37.4846252157163]]]},"properties":{"FID":4,"area":"Area 5","SHAPE_Leng":186683.602099,"SHAPE_Area":675437772.905,"Shape__Area":675437772.9140625,"Shape__Length":186683.60209901}},{"type":"Feature","id":5,"geometry":{"type":"Polygon","coordinates":[[[-121.931215308974,37.3560339267896],[-121.929231828827,37.3550321033738],[-121.928570668778,37.3546979212418],[-121.928541024373,37.3546829258548],[-121.927000413661,37.3539031616052],[-121.926662647114,37.3537367822873],[-121.926336558666,37.3535989656632],[-121.926083233756,37.3534761444171],[-121.925311580927,37.3530869711181],[-121.922819654329,37.3518258929522],[-121.922295936518,37.3515616779683],[-121.920731969608,37.350771169747],[-121.920557696443,37.3506833349863],[-121.920457983447,37.3506283489457],[-121.920394203062,37.3505940719129],[-121.920017808958,37.3503769836754],[-121.919952231942,37.3503312808086],[-121.919901926286,37.3502948613167],[-121.919681839041,37.3501249034541],[-121.919652194637,37.3501020519474],[-121.919459056851,37.3499128126405],[-121.918563436513,37.3492122659985],[-121.918417011121,37.3490808681429],[-121.918321789701,37.3489908890439],[-121.918220280074,37.3489209052257],[-121.918108888979,37.3488137870103],[-121.918148414851,37.3487837938825],[-121.918223873335,37.3487259499595],[-121.918726929894,37.348350320437],[-121.918788913649,37.348311757604],[-121.919032357091,37.3481482224068],[-121.919205731941,37.3480239639839],[-121.919270410641,37.3479782596847],[-121.920219929896,37.3472812656742],[-121.920571171173,37.3470098933053],[-121.920976311366,37.3467120967087],[-121.921795574905,37.3461122150863],[-121.921818931102,37.346095075541],[-121.921886304749,37.3460429427332],[-121.921908762631,37.3460272314689],[-121.921962661548,37.3459879532939],[-121.922146816181,37.3458529790451],[-121.922859180201,37.3453316476572],[-121.923098132067,37.3451588219326],[-121.923250845665,37.3450488417188],[-121.923682037001,37.3447438957383],[-121.923710783091,37.3447189001112],[-121.923857208482,37.3445989209853],[-121.923974887784,37.3445117931666],[-121.924272230143,37.3442832607028],[-121.924409672382,37.3441497117223],[-121.924496808964,37.344056870045],[-121.924681861913,37.3438633304873],[-121.924917220517,37.3435926599371],[-121.925256783695,37.3431998645275],[-121.925440040013,37.3430041802294],[-121.925633177799,37.3428113521376],[-121.925792179604,37.3426506616829],[-121.925814637486,37.3426278079013],[-121.925823620639,37.3426199519123],[-121.925853265043,37.3425920988538],[-121.925903570699,37.3425442487036],[-121.925949384779,37.3425042545247],[-121.926070657342,37.342397127155],[-121.926139827619,37.3423378499447],[-121.92625571029,37.3422378641828],[-121.926359914863,37.3421507336247],[-121.926553950965,37.3419828998876],[-121.927244755418,37.3414408300638],[-121.927419926899,37.3413072760281],[-121.927429808367,37.3413022766746],[-121.927619352892,37.3411730075604],[-121.927663370341,37.3411430113806],[-121.928124206081,37.3408201945915],[-121.92827691968,37.3407137790184],[-121.928382022568,37.3406380738881],[-121.928699127863,37.3404088154336],[-121.928805129067,37.3403331099958],[-121.928985690439,37.3401952687669],[-121.929528272871,37.3397860288092],[-121.929709732558,37.3396503292036],[-121.929831903437,37.3395481972334],[-121.93011307612,37.3393167928151],[-121.930201111018,37.3392418004895],[-121.930323281897,37.3391396679638],[-121.930336756626,37.3391296689678],[-121.930351129671,37.3391196699705],[-121.930691591163,37.338858981356],[-121.931572838457,37.3381340479867],[-121.931790230756,37.3379562061208],[-121.932129793933,37.3376826573687],[-121.932157641707,37.3376612305314],[-121.933064041829,37.3369027165533],[-121.933151178411,37.3368327214688],[-121.933267061083,37.3367412992193],[-121.935073573119,37.3353856656174],[-121.935158014756,37.335322811622],[-121.935435594179,37.3351042507283],[-121.935585612831,37.3349492578138],[-121.935660173,37.3348678328365],[-121.935699698872,37.334839976903],[-121.935822768066,37.3347549805292],[-121.935864090569,37.3347278388097],[-121.935919786117,37.3346821264179],[-121.935995244601,37.334624985889],[-121.936092262652,37.3345492746213],[-121.93614975483,37.3345057048949],[-121.936190179018,37.3344728490189],[-121.936313248211,37.3343821381563],[-121.936353672399,37.3343507107453],[-121.936562081545,37.3341942877541],[-121.937189105613,37.3337250168257],[-121.937398413075,37.3335700210654],[-121.9374469221,37.3335357362457],[-121.937597839068,37.3334343102292],[-121.937648144724,37.3334000253476],[-121.938333559285,37.3328743218699],[-121.939104313799,37.3322843296186],[-121.939334282512,37.3320757598206],[-121.939589404053,37.3317800468544],[-121.939784338469,37.3315379042108],[-121.940004425714,37.3312250461883],[-121.940070901045,37.3311157598597],[-121.94011941007,37.3310279021077],[-121.940196665185,37.3308879009248],[-121.940406870961,37.3304371810586],[-121.940482329445,37.3302457492989],[-121.940511973849,37.3301700336176],[-121.940549703091,37.3300521741504],[-121.940606296954,37.3298828847741],[-121.940685348699,37.329612878144],[-121.940707806581,37.3294593025114],[-121.940735654355,37.3292900117991],[-121.94073655267,37.329257153642],[-121.940740145932,37.329164293555],[-121.940276615245,37.3291392927427],[-121.940203851707,37.3291842941988],[-121.940075392621,37.3292671539522],[-121.939916390816,37.3292700111834],[-121.939839135702,37.3292721541068],[-121.939282180226,37.3292728684146],[-121.937614008743,37.3292771542611],[-121.937488244603,37.3292778685688],[-121.937322954591,37.3292650110287],[-121.937063341474,37.329220009621],[-121.937011239187,37.3292100093044],[-121.93700315435,37.3289792873473],[-121.936915119452,37.3289792873473],[-121.936891763254,37.3287849946233],[-121.936553098392,37.3287857089357],[-121.936544115239,37.3286392747506],[-121.93611741548,37.3283942647197],[-121.936106635696,37.3284156942004],[-121.936074296346,37.328445695463],[-121.935982668187,37.3285099838426],[-121.935924277693,37.3284292662016],[-121.935333186237,37.3284299805174],[-121.933434147726,37.3284349807277],[-121.933380248809,37.3284399809377],[-121.933268857714,37.3284592674589],[-121.933224840265,37.3284728394522],[-121.933003854705,37.3285478425293],[-121.932561883585,37.3287071345304],[-121.932505289722,37.3286049876807],[-121.932488221732,37.3285778437392],[-121.932351677809,37.3283592632215],[-121.932253761443,37.3281999704829],[-121.932207049048,37.3281242527398],[-121.932179201274,37.3280728217765],[-121.932032775883,37.3278056659284],[-121.93199325001,37.3270527670638],[-121.931986961803,37.3269127584735],[-121.931898926905,37.3269127584735],[-121.931635720527,37.3269163301244],[-121.931548583945,37.3269170444545],[-121.931449769263,37.3269170444545],[-121.931424616435,37.3269170444545],[-121.9313931754,37.3269177587847],[-121.931115595978,37.3269213304354],[-121.931055408854,37.3269191874451],[-121.93093233966,37.3269170444545],[-121.930840711501,37.3269213304354],[-121.930795795736,37.3269213304354],[-121.930425689839,37.326924902086],[-121.930390655543,37.326924902086],[-121.930351129671,37.3269263307462],[-121.930255908251,37.3269263307462],[-121.930184043028,37.3269263307462],[-121.92997024399,37.3269270450763],[-121.929899277083,37.3269277594063],[-121.929848971427,37.3269241877559],[-121.929692664568,37.326924902086],[-121.929363881174,37.3269277594063],[-121.929198591161,37.3269277594063],[-121.929074623652,37.3269291880664],[-121.928868909452,37.3269299023965],[-121.928537431112,37.3269327597166],[-121.928397293928,37.3269327597166],[-121.927978679005,37.3269363313666],[-121.927840338452,37.3269370456966],[-121.927790931111,37.3269399030165],[-121.927690319799,37.3269399030165],[-121.927242958788,37.3269420460063],[-121.927093838451,37.3269427603362],[-121.927037244588,37.326944188996],[-121.926941124852,37.3269463319857],[-121.926892615827,37.3269463319857],[-121.926868361314,37.3269370456966],[-121.926851293324,37.3269313310565],[-121.92682344555,37.3269063295013],[-121.926809072506,37.326876327624],[-121.92680817419,37.3268313247855],[-121.926807275875,37.3267941795653],[-121.926807275875,37.326449156738],[-121.926807275875,37.3264262980269],[-121.92680637756,37.3263798662484],[-121.926804580929,37.3263348631126],[-121.926802784299,37.3262927172943],[-121.926802784299,37.3262520001255],[-121.926802784299,37.3262227123236],[-121.926801885983,37.3261691370469],[-121.926801885983,37.3261277054733],[-121.926800089353,37.3260441279193],[-121.926797394407,37.3257926803585],[-121.926797394407,37.3257098167734],[-121.926795597776,37.3256762427086],[-121.926795597776,37.3256590984995],[-121.926795597776,37.3256398112596],[-121.926794699461,37.3255769491101],[-121.926794699461,37.3255440893291],[-121.926794699461,37.3255169442819],[-121.926793801146,37.3254998000364],[-121.92679290283,37.3254262226054],[-121.9267911062,37.3253676463466],[-121.9267911062,37.3253247856406],[-121.926624917872,37.3253247856406],[-121.92612814952,37.3253276430217],[-121.925962859508,37.3253290717123],[-121.925689771661,37.3253290717123],[-121.925640364321,37.3253297860576],[-121.925590058665,37.325331214748],[-121.925672703671,37.3252619232275],[-121.925875722925,37.3250961947954],[-121.925865841457,37.3241032452408],[-121.925028611612,37.3241096744528],[-121.924928898616,37.3241039595977],[-121.924931593562,37.3239560875718],[-121.924931593562,37.3239396573287],[-121.924930695246,37.3238489337479],[-121.924928898616,37.3235939070327],[-121.924931593562,37.3235310431716],[-121.924936085138,37.32348103779],[-121.924935186823,37.3234253174685],[-121.924707913056,37.3234253174685],[-121.924497707279,37.3234253174685],[-121.924029685016,37.3234267461952],[-121.923805106195,37.3234281749219],[-121.92366137575,37.323433175465],[-121.923595798734,37.323433175465],[-121.922969672981,37.3234338898283],[-121.922762162151,37.3234353185549],[-121.922666042415,37.3234353185549],[-121.922380378155,37.3234367472814],[-121.922285156735,37.3234381760079],[-121.922225867926,37.3234381760079],[-121.922162087541,37.3234381760079],[-121.921797371535,37.3234403190976],[-121.921675200657,37.3234410334608],[-121.921444333629,37.3234410334608],[-121.921079617623,37.323441747824],[-121.920750834229,37.3234438909136],[-121.920520865517,37.3234453196399],[-121.920412169367,37.3234453196399],[-121.920085182604,37.3234481770926],[-121.91997738477,37.3234488914557],[-121.919933367321,37.3234488914557],[-121.919865095359,37.3234488914557],[-121.919776162146,37.3234488914557],[-121.919176087536,37.3234517489082],[-121.918975763228,37.3234531776344],[-121.918734116417,37.3234531776344],[-121.918115177186,37.3234560350867],[-121.918008277667,37.3234560350867],[-121.917766630856,37.3234581781759],[-121.917692070687,37.3234581781759],[-121.917469288497,37.323458892539],[-121.917394728328,37.323460321265],[-121.917185420867,37.323458892539],[-121.917040792106,37.323460321265],[-121.916853044212,37.3234617499911],[-121.91660960077,37.3234660361691],[-121.916466768639,37.323468179258],[-121.916413768038,37.323468179258],[-121.916322139879,37.3234688936209],[-121.916258359494,37.3234703223468],[-121.916207155522,37.3234710367097],[-121.916064323392,37.3234717510726],[-121.915637623632,37.3234767516129],[-121.915495689817,37.3234788947015],[-121.915146245172,37.32348103779],[-121.914096114605,37.323491038869],[-121.913873332414,37.3234931819572],[-121.913746669959,37.3234888957808],[-121.913746669959,37.323441747824],[-121.913746669959,37.3233038755989],[-121.913746669959,37.3232581562559],[-121.913745771644,37.3231017101689],[-121.913745771644,37.3226359418079],[-121.913745771644,37.322560218458],[-121.913744873329,37.3224809231702],[-121.913744873329,37.3224080571563],[-121.913743076698,37.3221873155653],[-121.913743076698,37.3221658843083],[-121.913743076698,37.3221137348908],[-121.913742178383,37.3220387253913],[-121.913741280067,37.3219179956586],[-121.913740381752,37.3218172683368],[-121.913738585122,37.3217422585413],[-121.913737686806,37.3217001101472],[-121.913737686806,37.3215986681526],[-121.913737686806,37.3215736648231],[-121.913737686806,37.3215322307158],[-121.91373499186,37.3211407487124],[-121.913734093545,37.3208549941377],[-121.91373319523,37.3207528366136],[-121.913732296915,37.3203863542832],[-121.913731398599,37.3196712442394],[-121.913728703653,37.3195812299055],[-121.913719720501,37.3192883253748],[-121.91371792387,37.3192211714923],[-121.913729601969,37.3189232647153],[-121.913740381752,37.3187246595414],[-121.913740381752,37.3184381813697],[-121.913740381752,37.3182231434211],[-121.913749364905,37.318063114781],[-121.913768229526,37.3178959416413],[-121.913803263822,37.3177623457453],[-121.913849976217,37.3176430379797],[-121.913902078503,37.3175237300247],[-121.914132945531,37.3170657857564],[-121.914353032776,37.3166342725354],[-121.914424897999,37.3164921012462],[-121.913803263822,37.3164878146705],[-121.913752059851,37.3161698929574],[-121.913770924472,37.3153790122109],[-121.91373319523,37.3151646799521],[-121.913760144688,37.3150317936448],[-121.91373499186,37.3148153170605],[-121.91375026322,37.314691717939],[-121.913724212077,37.3144109399889],[-121.913729601969,37.3141608824074],[-121.91373499186,37.3139451177685],[-121.913718822185,37.3135928913817],[-121.913692771042,37.311475926019],[-121.91368738115,37.3109986539092],[-121.912938186203,37.3109986539092],[-121.912013819776,37.3109986539092],[-121.911996751786,37.3089630686324],[-121.911993158525,37.3080806549431],[-121.911993158525,37.3067716626866],[-121.912028192821,37.3067809514674],[-121.912068617008,37.30679166929],[-121.912150363699,37.3068281098753],[-121.912143177177,37.3068752682535],[-121.912622877539,37.3070210303266],[-121.913043289092,37.3071539307941],[-121.913628990657,37.30715893242],[-121.913628092342,37.3071132032564],[-121.913628092342,37.3070667595462],[-121.913626295711,37.3069688704016],[-121.913621804135,37.3066752022029],[-121.913620905819,37.306578027072],[-121.913618210873,37.3061450245944],[-121.913609227721,37.3048488603609],[-121.91360563446,37.3045087385926],[-121.91360563446,37.3044172770143],[-121.913361292702,37.3044287097176],[-121.913162765024,37.3044387133317],[-121.912949864302,37.3044508605755],[-121.912945372726,37.3041293152248],[-121.912941779465,37.3038849398388],[-121.913073831811,37.3038842252897],[-121.913169053231,37.3038827961915],[-121.913469090536,37.3038827961915],[-121.913602041198,37.3038827961915],[-121.913601142883,37.3036462800695],[-121.913600244568,37.3032847162217],[-121.91360743109,37.3029360126823],[-121.913609227721,37.302888137275],[-121.913603837829,37.302700208143],[-121.913602939514,37.3026080298038],[-121.913602939514,37.3023329232362],[-121.913602939514,37.3022421735763],[-121.913031610993,37.3022557503041],[-121.911320320377,37.3022993387292],[-121.910749890171,37.3023143445746],[-121.910675330003,37.3022478900936],[-121.910561243962,37.3020456680319],[-121.910551362494,37.3020278038661],[-121.910519921459,37.3019592054297],[-121.910337563456,37.3015390386418],[-121.910277376332,37.3014261362817],[-121.909775218088,37.3010216871954],[-121.909679098353,37.3010066810921],[-121.909508418449,37.3009816709132],[-121.909391637462,37.3009680939554],[-121.909297314357,37.3009566607259],[-121.909279348051,37.300715133347],[-121.909038599555,37.3006100901326],[-121.908997277052,37.300572217373],[-121.908908343839,37.3004450219277],[-121.908892174164,37.3004042907564],[-121.908859834813,37.3003192554331],[-121.908825698833,37.300164905357],[-121.908825698833,37.3001377511441],[-121.908762816763,37.2999491005528],[-121.908813122419,37.2997997518323],[-121.909026023141,37.2996268213645],[-121.909114058039,37.2995532186067],[-121.909202991252,37.2994531759079],[-121.909297314357,37.2993688541012],[-121.909459011108,37.2990658664904],[-121.909493147089,37.2989072262639],[-121.909556029159,37.2986999930316],[-121.909701556235,37.2980389866652],[-121.90963777585,37.2978610499051],[-121.909423976812,37.2972822165687],[-121.908683765018,37.2962560270141],[-121.908593035174,37.2960109114211],[-121.908434931684,37.2956650326657],[-121.908426846847,37.2955049560091],[-121.908672086919,37.2949261045421],[-121.908593933489,37.2949339655178],[-121.908770003285,37.2948031873609],[-121.909220957558,37.2944687372698],[-121.909125736138,37.2944587323297],[-121.909250601962,37.2943272387068],[-121.90935570485,37.2942321915428],[-121.909732098954,37.2939077439279],[-121.909715030964,37.2937440903049],[-121.909668318569,37.2935211206037],[-121.908771799916,37.2928407730717],[-121.908655018929,37.2928100429434],[-121.90818609835,37.2926542481463],[-121.908022604969,37.2926592507366],[-121.907962417845,37.2926428136531],[-121.907797127832,37.2925499083312],[-121.907603091731,37.2924091208171],[-121.907569854065,37.2923848224378],[-121.907438700034,37.2922440346147],[-121.907391089324,37.2921382649094],[-121.907340783668,37.2920868093232],[-121.90720513806,37.2918602613936],[-121.906881744558,37.2914979262206],[-121.906980559239,37.2914350355197],[-121.907367733127,37.2912620858213],[-121.907467446123,37.291217061661],[-121.907623752983,37.2914107368257],[-121.907754008699,37.2915708221944],[-121.908488830601,37.2911827575208],[-121.908554407617,37.2911541707254],[-121.908678375126,37.2910498288298],[-121.908767308339,37.2909240466263],[-121.909019734934,37.2906567587458],[-121.909128431083,37.2905109649562],[-121.909226347449,37.2903530213653],[-121.909352111589,37.2902108003821],[-121.909600046608,37.2899242135641],[-121.909758150098,37.2898141525011],[-121.909847083311,37.2897148115331],[-121.910033034575,37.2895561515857],[-121.91017676502,37.2894818242881],[-121.910385174166,37.2893403163453],[-121.91046063265,37.2892888588456],[-121.910625024347,37.2891938053161],[-121.910892722301,37.2891502092963],[-121.911058012314,37.2891387742705],[-121.911181081508,37.2891180482818],[-121.911869191015,37.289000839135],[-121.911994955155,37.288970822129],[-121.912612996071,37.2884369462363],[-121.912623775854,37.2883661913157],[-121.912462079103,37.2881860875811],[-121.911437101364,37.2881303410996],[-121.911250251785,37.2878380287453],[-121.911319422061,37.2875342799858],[-121.91136343951,37.2874942565284],[-121.911464949137,37.2874013448488],[-121.911493695227,37.2873763301462],[-121.9116625785,37.2872391064871],[-121.91180541063,37.2871569151131],[-121.911940157923,37.2870940207836],[-121.911962615805,37.2870840148627],[-121.912103651304,37.287028982274],[-121.912198872725,37.2869968203529],[-121.912294094145,37.2869739496451],[-121.912863626035,37.2868381546742],[-121.913063950343,37.2867816924825],[-121.913075628442,37.2867788336362],[-121.913143900403,37.286765254115],[-121.913387343845,37.2867180831273],[-121.913469090536,37.2867030741705],[-121.913618210873,37.2866680532595],[-121.913707144087,37.2866401794617],[-121.913772721102,37.2866201674979],[-121.913940706061,37.2865501255826],[-121.91407994493,37.2864772247444],[-121.914228166951,37.286382167663],[-121.914318896795,37.2863099813781],[-121.91435033783,37.2862821074476],[-121.914427592944,37.2862163535193],[-121.914532695833,37.2861170078013],[-121.914635103775,37.286021235546],[-121.914668341441,37.2859912173514],[-121.914760867915,37.2859233190099],[-121.914865072488,37.2858661414116],[-121.914968378746,37.2858232581843],[-121.914998921465,37.2858146815359],[-121.915068091742,37.2857996723989],[-121.915138160334,37.2857918104688],[-121.915573843247,37.2858782916548],[-121.91563043711,37.2858897271761],[-121.915747218097,37.2858997332558],[-121.915870287291,37.285898303816],[-121.915999644692,37.2858797210951],[-121.916175714487,37.2858318348317],[-121.916367953958,37.2857567891338],[-121.916683262623,37.2856109858496],[-121.916808128447,37.285548090228],[-121.916834179591,37.2855330810378],[-121.917058758412,37.2854130074085],[-121.917205183803,37.2852922188619],[-121.917245607991,37.2852593414725],[-121.917409101372,37.2851421263149],[-121.917483661541,37.2850899512166],[-121.918013667559,37.284683984832],[-121.918051396801,37.2846561102991],[-121.918162787896,37.2845903549501],[-121.918232856488,37.2845589067193],[-121.918276873937,37.2845403236677],[-121.91838107851,37.2845053017503],[-121.918397248185,37.2845002986178],[-121.918480791506,37.2844810008183],[-121.918627216898,37.2844631324811],[-121.918733218101,37.2844588440795],[-121.918851795719,37.2844617030139],[-121.918883236754,37.2844631324811],[-121.919009899209,37.2844788566181],[-121.919232681399,37.2845317468731],[-121.919263224119,37.2845410384005],[-121.919444683806,37.2845967875411],[-121.919616262026,37.2846568250309],[-121.919752805949,37.2846846995634],[-121.919900129655,37.2846982794602],[-121.920024097165,37.2846961352661],[-121.92004206347,37.2846961352661],[-121.920145369728,37.2846832701005],[-121.92024777767,37.2846532513721],[-121.92027832039,37.2846396714673],[-121.920351083928,37.2846089379893],[-121.920440915456,37.2845531888577],[-121.920487627851,37.284348775022],[-121.919951333627,37.2835561301075],[-121.918532893793,37.281458332542],[-121.918178059256,37.2809537087982],[-121.917229438316,37.2795248761911],[-121.916661703056,37.278754338895],[-121.916264647701,37.2782139573842],[-121.916171222911,37.2780817205771],[-121.916046357086,37.2779058810034],[-121.915895440119,37.2776857235598],[-121.915804710275,37.2775542006239],[-121.915717573692,37.2774269662607],[-121.915457960575,37.2770459766847],[-121.915371722308,37.2769201710728],[-121.915265721105,37.2767657729891],[-121.91495041244,37.27630400646],[-121.914845309552,37.276150321925],[-121.914740206663,37.2759959222622],[-121.914424897999,37.2755362954656],[-121.91431979511,37.2753833241831],[-121.914236251789,37.2752618047184],[-121.913987418455,37.2748986747961],[-121.913904773449,37.2747778693746],[-121.91381314529,37.2746470561848],[-121.913688279466,37.2744669196169],[-121.91354275239,37.2742517559293],[-121.913453819176,37.2741202269935],[-121.913362191018,37.2739872681618],[-121.913089103171,37.2735891050945],[-121.912998373327,37.2734568601628],[-121.912894168754,37.2733053143338],[-121.912581555036,37.2728521047043],[-121.912479147093,37.2727012725033],[-121.912379434097,37.2725561587735],[-121.912081193422,37.2721222456073],[-121.911982378741,37.2719778456136],[-121.911855716286,37.2717440886011],[-121.91182068199,37.2716797516812],[-121.911222404011,37.2708540896635],[-121.911043639269,37.2704880790155],[-121.910981655515,37.270510239867],[-121.910810077295,37.2701549505898],[-121.91074629691,37.2701742520624],[-121.910621431086,37.2698039488729],[-121.910520819774,37.2698539899509],[-121.910372597752,37.2694979827014],[-121.91019203638,37.2695437347313],[-121.909651250579,37.2696852798979],[-121.909470689207,37.2697317466875],[-121.909413197029,37.2696009247296],[-121.90924341544,37.2691862962575],[-121.909186821577,37.2690497543126],[-121.909132024345,37.268916071645],[-121.908969429278,37.2685178817582],[-121.908914632046,37.2683849130326],[-121.90878617296,37.2680710773135],[-121.908398999073,37.26712884741],[-121.908271438302,37.2668150064559],[-121.908187894981,37.266609114641],[-121.908126809542,37.2664711382139],[-121.908108843236,37.2664282439364],[-121.90763004119,37.2652672295434],[-121.907471039384,37.264879744155],[-121.907417140467,37.2647489137673],[-121.907257240347,37.2643557063161],[-121.907204239745,37.2642263048695],[-121.907015593535,37.2637701808703],[-121.906455044798,37.2624046520694],[-121.906268195219,37.2619499469319],[-121.906231364292,37.2618612934093],[-121.906122668143,37.261595332215],[-121.906086735531,37.2615066782749],[-121.906031938299,37.2613751270747],[-121.905870241548,37.2609790421824],[-121.905816342631,37.2608482050183],[-121.905759748768,37.2607109329954],[-121.905592662125,37.2603026902405],[-121.905537864893,37.2601668471519],[-121.905482169345,37.2600317187838],[-121.905315981018,37.2596277621638],[-121.905261183785,37.2594940627699],[-121.90522974275,37.2594197057851],[-121.905139911222,37.2591980643371],[-121.905110266818,37.25912370706],[-121.905079724098,37.2590500646844],[-121.90498989257,37.2588298521026],[-121.90496114648,37.2587569244174],[-121.904169730715,37.2589621227241],[-121.90179728005,37.2595769993203],[-121.901163967774,37.2597421571788],[-121.901002271023,37.2597292877482],[-121.900933100746,37.2597421571788],[-121.900777692202,37.2597743307454],[-121.900730081492,37.2597922049432],[-121.900665402792,37.2598172288129],[-121.900591740938,37.2598451125436],[-121.900393213261,37.2598830058022],[-121.900365365487,37.2598887255377],[-121.900324941299,37.2599001650074],[-121.899361947315,37.2601689920446],[-121.899155334799,37.2602519278518],[-121.898955908806,37.2602948256473],[-121.898769957542,37.2603563124448],[-121.898548073667,37.260401355067],[-121.898502259588,37.260410649573],[-121.897429671138,37.2607066432407],[-121.897010157901,37.2608610742577],[-121.896584356456,37.2609540186986],[-121.895498293277,37.2612500102309],[-121.895298867284,37.2613329448478],[-121.894934151279,37.2614258887064],[-121.894734725286,37.2614637811697],[-121.893298319147,37.261869872787],[-121.893211182564,37.2618770222677],[-121.893112367883,37.2618870315395],[-121.892796160903,37.2618870315395],[-121.892853653081,37.2619828345025],[-121.892868026126,37.2620371704573],[-121.892989298689,37.2623631853625],[-121.892938094718,37.2623353025639],[-121.892873416017,37.2623188588574],[-121.892294002659,37.2623338726765],[-121.892064932262,37.2623581807583],[-121.891873591106,37.2623903532075],[-121.891607689782,37.2624511233518],[-121.891553790865,37.2624682819719],[-121.891517858254,37.2623810589459],[-121.891410958735,37.2621229639902],[-121.891375924439,37.2620378854038],[-121.891363348025,37.2620071426976],[-121.891323822152,37.2619141995563],[-121.891312144054,37.2618841717477],[-121.89128429628,37.2618162516602],[-121.891199854643,37.2616117760796],[-121.891172905184,37.2615452856488],[-121.891101039962,37.2613686924993],[-121.890888139239,37.2608439152715],[-121.890866579673,37.2607917233309],[-121.890812680756,37.2606708952749],[-121.890706679552,37.260410649573],[-121.890663560418,37.2603048351294],[-121.89060427161,37.2601511179363],[-121.890391370887,37.2596313370107],[-121.890285369684,37.2593718026887],[-121.89057372889,37.259246682517],[-121.890801900972,37.2591330017236],[-121.891375026123,37.2588498714548],[-121.892331731901,37.2583701205144],[-121.892841974982,37.2581148717493],[-121.892949772816,37.2580598179806],[-121.893275861265,37.2578960864051],[-121.893384557414,37.2578417474629],[-121.893322573659,37.2576951751207],[-121.893136622396,37.257256886367],[-121.893074638641,37.2571117428734],[-121.892924619989,37.2567592503675],[-121.892478157292,37.2557017629531],[-121.892329036955,37.2553499788594],[-121.892269748146,37.2552098367711],[-121.892092780035,37.2547922690028],[-121.892034389542,37.2546528408936],[-121.891975999048,37.2545148425621],[-121.891801725883,37.2541022760947],[-121.891744233705,37.2539649917779],[-121.891684046581,37.2538227020396],[-121.89150528184,37.2534001213835],[-121.891445993031,37.2532592606381],[-121.891392094114,37.2531341303134],[-121.891232193993,37.2527587380923],[-121.891179193391,37.2526350370078],[-121.891121701213,37.2525013252025],[-121.890951021309,37.2521023334853],[-121.890931258373,37.2520551407768],[-121.890784832982,37.2516318351611],[-121.890748002055,37.2514459231594],[-121.890735425641,37.2513801388027],[-121.890721052597,37.2513093490504],[-121.890662662103,37.2511477479525],[-121.890587203619,37.2511670542966],[-121.890481202416,37.2509132112292],[-121.890386879311,37.2509410982559],[-121.890243148865,37.2505521090542],[-121.890370709636,37.2505192164929],[-121.890233267397,37.250165978081],[-121.890205419623,37.2501738437317],[-121.89006707907,37.2498148832008],[-121.889969162704,37.2494451949701],[-121.889875737914,37.249235680332],[-121.88981375416,37.2490948118007],[-121.889751770405,37.2489532279353],[-121.889567615772,37.2485291898177],[-121.889507428648,37.2483883199656],[-121.889443648263,37.2482488800049],[-121.889263985206,37.2478491506875],[-121.889257696999,37.2478348490626],[-121.889200204821,37.2476961231603],[-121.889140017697,37.2475552517509],[-121.889046592907,37.2473371508258],[-121.888905557407,37.2473707598619],[-121.888779793268,37.2470239424915],[-121.888900167516,37.2469939087472],[-121.888824709032,37.2468072702108],[-121.888600130211,37.2462459216352],[-121.888525570042,37.2460592812462],[-121.888458196396,37.2458948084896],[-121.888256973772,37.2454056786924],[-121.888191396756,37.245243349827],[-121.888141989416,37.2452798202193],[-121.887426032134,37.2435778497733],[-121.886756787248,37.2419866871774],[-121.886435190376,37.2412772681276],[-121.885465908184,37.2389630281155],[-121.885409314322,37.2388257162156],[-121.886574429245,37.2382507199178],[-121.886703786646,37.2381677598908],[-121.886663362458,37.2379796691468],[-121.886657074251,37.2379517773235],[-121.886648989414,37.2378888418894],[-121.886790923229,37.2378681017917],[-121.886910399161,37.2378430706317],[-121.886931060413,37.2378387795748],[-121.887135876298,37.237782280637],[-121.887276013482,37.2377322182516],[-121.887488015889,37.2376256567777],[-121.887645221064,37.2375419808839],[-121.887742239114,37.2374919183389],[-121.887878783038,37.2374161092789],[-121.888174328766,37.2372523328419],[-121.888324347419,37.2371672261687],[-121.88847077281,37.2370656701807],[-121.888610909994,37.2369490951808],[-121.888671097118,37.2368890196504],[-121.888840878707,37.236672318232],[-121.888978320945,37.236476356677],[-121.889034914808,37.2364076984935],[-121.889108576662,37.2363197301044],[-121.889127441283,37.2362997047657],[-121.889257696999,37.2361688247426],[-121.889438258371,37.236010767144],[-121.88954515789,37.2359177919312],[-121.889599056807,37.2358698738922],[-121.889652057408,37.2358276773848],[-121.889740990622,37.2357590186105],[-121.88952988653,37.2355430291417],[-121.889466106145,37.2354901044755],[-121.889182238515,37.2351310740021],[-121.88905737269,37.2349308172184],[-121.888875014688,37.2345410301675],[-121.888822912401,37.2344037102127],[-121.888718707828,37.2344223056379],[-121.888097073652,37.2345932402931],[-121.887915613964,37.2342377816002],[-121.887848240318,37.2342606683271],[-121.887659594108,37.2339087841335],[-121.887710798079,37.2329217831192],[-121.888194990018,37.2329332266832],[-121.889439156686,37.2329246440103],[-121.889660142246,37.2329296505697],[-121.889666430453,37.2319147426802],[-121.889526293269,37.2319111665184],[-121.889555937673,37.2315099200771],[-121.889526293269,37.2315049134235],[-121.889565819141,37.2311151086603],[-121.889520005062,37.2311129629405],[-121.889572107348,37.2307181494451],[-121.889500242125,37.2303097441795],[-121.889643074256,37.2299242247451],[-121.889582887132,37.229916356981],[-121.889669125399,37.2295208219649],[-121.889500242125,37.2294986490545],[-121.889467902775,37.2294943575227],[-121.88937357967,37.2294821981813],[-121.889343036951,37.2294779066485],[-121.889372681355,37.2293148282235],[-121.88941939375,37.2290787930363],[-121.889456224677,37.2289128527048],[-121.889470597721,37.2288277366172],[-121.889502038756,37.2286660873124],[-121.889646667517,37.2286839688897],[-121.890083248745,37.2287411899086],[-121.890229674136,37.2287540646319],[-121.890465931056,37.2287690851396],[-121.890516236712,37.2287726614505],[-121.890963597723,37.228781244596],[-121.89117560013,37.228781244596],[-121.891412755365,37.2287826751201],[-121.891652605546,37.2287826751201],[-121.892373054404,37.2287848209064],[-121.892612904585,37.2287862514304],[-121.89278717775,37.2287876819545],[-121.892920128412,37.2287898277405],[-121.893099791469,37.2288077092885],[-121.893304607354,37.2288463334177],[-121.893476185573,37.2288842422659],[-121.893740290266,37.228944324175],[-121.894115786055,37.2290308706505],[-121.894306228895,37.2290916677019],[-121.894518231303,37.2291717766831],[-121.894739216862,37.2292568923823],[-121.894741911808,37.2277927459156],[-121.894732928655,37.2272677348354],[-121.894723945503,37.2267677549456],[-121.89477784442,37.225269941273],[-121.894805692193,37.2232942695278],[-121.894805692193,37.2218872335127],[-121.894838929859,37.2216740656246],[-121.898386376916,37.2216712043065],[-121.900995084501,37.2216619050221],[-121.901030118797,37.2215360069058],[-121.901107373912,37.2215360069058],[-121.901225053214,37.2215259922738],[-121.901548446716,37.2217527518279],[-121.901619413623,37.221676211613],[-121.901697567053,37.221613262593],[-121.901791890158,37.2215581821574],[-121.901858365489,37.2216146932531],[-121.901993112782,37.2217928102272],[-121.902137741542,37.2217570438003],[-121.902289556825,37.2217591897864],[-121.90262013685,37.2218321532772],[-121.902718951531,37.2215617588103],[-121.903418739138,37.2217191313692],[-121.903899337815,37.2218271459811],[-121.904122120005,37.2218729269619],[-121.904158052616,37.2217699197159],[-121.904210154903,37.2216197005634],[-121.904893772834,37.2217749270159],[-121.905384252979,37.2217856569432],[-121.906011277048,37.2219079780066],[-121.906038226506,37.2217692043873],[-121.90608314227,37.2214580358078],[-121.906092125423,37.2214008092626],[-121.90698235587,37.2219251458593],[-121.90710991664,37.2220302988716],[-121.907380309541,37.2218900948226],[-121.907649804126,37.2218099781061],[-121.907967807736,37.2217599051151],[-121.908314557436,37.2215531748431],[-121.908619984633,37.2213700499766],[-121.90887959775,37.2214902257204],[-121.909040396186,37.2215996713204],[-121.909060159122,37.2216597590333],[-121.908970327593,37.2217799343154],[-121.908919123622,37.2218357299171],[-121.91129876081,37.2218092627779],[-121.911412846851,37.221943029035],[-121.911514356478,37.2218800802377],[-121.911661680185,37.2217749270159],[-121.912789964182,37.2217720657017],[-121.916052645293,37.2217191313692],[-121.919942350474,37.2216647663406],[-121.921136211486,37.2216540363961],[-121.921927627252,37.2216611896926],[-121.921935712089,37.2222620641772],[-121.921941101981,37.2227592126618],[-121.921965356494,37.223840052233],[-121.922028238563,37.2289457546961],[-121.923065792717,37.228944324175],[-121.927990357104,37.2288820964826],[-121.929134810776,37.228884957527],[-121.929848073112,37.2288706523036],[-121.931094934726,37.2288463334177],[-121.932804428712,37.2288577776002],[-121.935531713914,37.2288170076918],[-121.935583816201,37.2287597867304],[-121.935694308981,37.2286403378336],[-121.936535132087,37.2286997046743],[-121.936870203688,37.2287247388701],[-121.937086697671,37.2287397593836],[-121.937739772883,37.2287869666925],[-121.937770315602,37.2287898277405],[-121.939584912476,37.2287726614505],[-121.940130189854,37.2286796773115],[-121.940190376978,37.2286997046743],[-121.941008742202,37.2287776682855],[-121.941385136306,37.2287233083449],[-121.942940120062,37.2287411899086],[-121.943259920304,37.2306101475672],[-121.943287768077,37.2307002683502],[-121.943329988896,37.2308297273816],[-121.943370413084,37.2309098345163],[-121.943346158571,37.2311558773263],[-121.943053307788,37.2312417060246],[-121.94313685111,37.2313911907742],[-121.943195241603,37.2316100530788],[-121.943508753637,37.2320177360699],[-121.943796214528,37.2338780299491],[-121.946614229574,37.2338673017423],[-121.946874741007,37.2348421319014],[-121.9472798812,37.2348900505937],[-121.947225982283,37.2353012918501],[-121.94720172777,37.2353077286519],[-121.94697894558,37.2353542166488],[-121.946845096602,37.2353821094332],[-121.946445346301,37.2354622117311],[-121.94620369949,37.2355086996327],[-121.945782389621,37.2355880865985],[-121.945563200692,37.2354507685509],[-121.945457199489,37.235384970231],[-121.945370961221,37.235500117253],[-121.945331435349,37.2355172820114],[-121.945175128489,37.2355837954133],[-121.944996363748,37.2356152640991],[-121.945309875782,37.2364599073263],[-121.945440131498,37.2364498946762],[-121.945589251835,37.2364262934244],[-121.945609913087,37.2364999579132],[-121.945661117058,37.2364899452684],[-121.945817423917,37.236459192137],[-121.945870424519,37.2364498946762],[-121.945929713328,37.2364398820248],[-121.94612734269,37.2363869579882],[-121.946270174821,37.2363497681024],[-121.94639414233,37.236313293389],[-121.947231372175,37.2379253158406],[-121.947361627891,37.2384123486735],[-121.947435289744,37.2386762462068],[-121.94761315617,37.2385611040362],[-121.947655376989,37.2385432248014],[-121.947791920912,37.2384888719016],[-121.947997635112,37.2384731381601],[-121.948307553885,37.2384431010081],[-121.948407266882,37.238436664474],[-121.948480928735,37.2384316582804],[-121.948663286738,37.2384152093563],[-121.94873515196,37.2383908935489],[-121.948847441371,37.2383780204712],[-121.949143885415,37.2382707447381],[-121.949623585776,37.2378781142534],[-121.95010867603,37.2376871620763],[-121.95017335473,37.2379181640869],[-121.950547952204,37.239317749366],[-121.951060890231,37.2410963365957],[-121.951324096609,37.242025304555],[-121.951189349317,37.2420510494624],[-121.951242349918,37.2422541478681],[-121.951370809004,37.2422312635681],[-121.951448064118,37.2425130260284],[-121.95148399673,37.2425709516829],[-121.951552268691,37.2428527128733],[-121.951561251844,37.24289419032],[-121.951702287344,37.242869160829],[-121.951749898054,37.2428598641589],[-121.951765169414,37.2428570036447],[-121.951955612254,37.2428291136262],[-121.952020290954,37.2428198169511],[-121.952479330065,37.2447349078142],[-121.953155761473,37.2469552939155],[-121.953567189874,37.2486650538925],[-121.953725293364,37.249267858386],[-121.953806141739,37.2493472308603],[-121.953739666408,37.2494201676549],[-121.953663309609,37.2495109810162],[-121.953630071943,37.2495503096033],[-121.953526765686,37.2496518487695],[-121.953897769898,37.2501409510052],[-121.95371271695,37.250374060018],[-121.954308299983,37.2506550769795],[-121.954433165807,37.2506951200236],[-121.954432267492,37.2508331253517],[-121.954432267492,37.2508838940875],[-121.954467301788,37.2509432434114],[-121.95452030239,37.250861012408],[-121.954684694087,37.2505942973184],[-121.954708050284,37.2506071683095],[-121.954744881211,37.2506279049018],[-121.956191168818,37.251320789823],[-121.956533426942,37.2514866808298],[-121.957448810216,37.251947169469],[-121.957564692888,37.2520036577884],[-121.95788808639,37.2521652570505],[-121.957922222371,37.2521817029738],[-121.957847662202,37.2523132702299],[-121.957795559916,37.2524119455212],[-121.957402097821,37.2531663067024],[-121.957391318038,37.2531863275598],[-121.957267350529,37.2534158520088],[-121.957235011179,37.2534701941436],[-121.957227824656,37.2534852097265],[-121.957215248242,37.2535159559108],[-121.957212553297,37.2535252512665],[-121.957207163405,37.2535338315936],[-121.95719099373,37.2535610026234],[-121.957185603838,37.2535710130003],[-121.95712811166,37.2536718317221],[-121.956955635125,37.2539750021011],[-121.956899041262,37.2540772503264],[-121.956777768699,37.2542888965617],[-121.956710395053,37.2543861392273],[-121.956182185666,37.2551411956531],[-121.956079777723,37.2552598875468],[-121.956074387832,37.2552677526657],[-121.955999827663,37.255380009273],[-121.955859690479,37.2555601915032],[-121.955680027422,37.2557997188006],[-121.955629721766,37.2558597792572],[-121.955621636928,37.2558726493488],[-121.955510245833,37.256029950291],[-121.955344057506,37.2562637560845],[-121.955187750646,37.256486836165],[-121.955106003955,37.2565990909557],[-121.954939815628,37.2568243150312],[-121.954781712138,37.2570388135247],[-121.954717033437,37.2571260427374],[-121.953843870981,37.2582092495447],[-121.953821413099,37.2582643032041],[-121.954011855939,37.2583829901771],[-121.954204993725,37.2585031069232],[-121.9543621989,37.2585760348542],[-121.954417894448,37.2586346631396],[-121.954466403473,37.2586932913795],[-121.954504132715,37.2587361900626],[-121.954575099622,37.2588198424245],[-121.954650558106,37.2589077845509],[-121.955498567734,37.2599259038078],[-121.9555318054,37.2599659419243],[-121.956206440178,37.2607752792873],[-121.95622710143,37.2607988729139],[-121.956416645955,37.2607109329954],[-121.956906227785,37.260480715812],[-121.958987624298,37.259504787329],[-121.9602102314,37.2589278038825],[-121.960486014192,37.2587890984049],[-121.960772576767,37.258661117351],[-121.963704677855,37.2588563062455],[-121.963928358361,37.2588748956376],[-121.964049630924,37.2586696970933],[-121.964056817446,37.2586582574367],[-121.964129580984,37.2585502955925],[-121.964189768108,37.25845019838],[-121.96437032948,37.2585002470029],[-121.964659587002,37.2586003441488],[-121.964751215161,37.2586217935199],[-121.966319673647,37.259012885982],[-121.966963765706,37.2590479197598],[-121.967232361976,37.2591079776266],[-121.967442567752,37.2591351466459],[-121.967618637548,37.2591587407862],[-121.968018387849,37.2592109338583],[-121.968076778343,37.2592059290448],[-121.968289679065,37.2591901996285],[-121.968325611676,37.2591980643371],[-121.96843340951,37.2592216584577],[-121.968470240437,37.2592302381361],[-121.968519647778,37.2592402477597],[-121.968657090016,37.259245967544],[-121.969221232015,37.2592709915952],[-121.969409878224,37.2592802862407],[-121.969973121907,37.2593367690615],[-121.969959647178,37.2593103150874],[-121.970089902894,37.2593188947557],[-121.970105174254,37.2593203247004],[-121.970292023833,37.2593317642564],[-121.970409703136,37.2580140589735],[-121.970604637552,37.2581477609944],[-121.972329402898,37.2582128244589],[-121.973122615294,37.2582550084333],[-121.97326814237,37.258274312956],[-121.975366606873,37.258400864705],[-121.975619033468,37.2578667719806],[-121.975816662831,37.2572111268721],[-121.975849002181,37.2571053079337],[-121.975878646585,37.2568858046618],[-121.975963986537,37.256218710988],[-121.976732046105,37.2562551760682],[-121.978872731427,37.2563760112076],[-121.980045032873,37.2566491408085],[-121.980294764522,37.2567149205644],[-121.980534614703,37.2567778402771],[-121.980388189312,37.2561279057118],[-121.980295662837,37.2557232131495],[-121.979978557542,37.2543167823389],[-121.979674028661,37.2528910193741],[-121.97963989268,37.2527387171213],[-121.979576112295,37.2524276763528],[-121.979329075592,37.2495460192129],[-121.97954467126,37.249560320513],[-121.979667740454,37.2495703314215],[-121.98008366043,37.2496067997197],[-121.980823872224,37.2496690103051],[-121.982508213382,37.2498070175127],[-121.982758843346,37.2498320446994],[-121.983774837933,37.2499171370721],[-121.985040564168,37.2500229661073],[-121.985042360799,37.2499557503859],[-121.985025292808,37.2493486609942],[-121.985028886069,37.2493229185797],[-121.985019902916,37.2492900254818],[-121.985048649006,37.2491720392514],[-121.985101649607,37.249097672078],[-121.985116920967,37.2490140089202],[-121.985084581617,37.2489289155276],[-121.98378112614,37.248599982182],[-121.984594101472,37.2479042119179],[-121.985312753699,37.2472613516679],[-121.986132017238,37.2465469766142],[-121.986851567781,37.2450466954468],[-121.9868821105,37.2449487256187],[-121.987048298828,37.2449637428999],[-121.987453439021,37.2450180911306],[-121.987554948648,37.2450338235059],[-121.987270182703,37.2457761018423],[-121.987103994376,37.2461729817681],[-121.988474823499,37.2462838217343],[-121.989082982947,37.2463260123883],[-121.988870082224,37.2472978210836],[-121.988780250696,37.2472599214944],[-121.988641011827,37.2479406810225],[-121.988630232043,37.2480000326646],[-121.988570044919,37.2482302879906],[-121.988540400515,37.2483096615579],[-121.988503569588,37.2484247888358],[-121.988399365015,37.2487708846864],[-121.988369720611,37.2488702796886],[-121.988364330719,37.2488867263309],[-121.988295160442,37.2490762199951],[-121.988393975124,37.2490962419394],[-121.989031778975,37.2491841954171],[-121.988947337339,37.2495009700998],[-121.989973213393,37.2495810573934],[-121.989974111708,37.249466646948],[-121.990019027473,37.2489911266728],[-121.990024417364,37.2489432169448],[-121.990012739266,37.2487980574338],[-121.990029807256,37.2487158240892],[-121.990053163453,37.2486650538925],[-121.990036095463,37.2486171439573],[-121.989958840349,37.2485878259222],[-121.989958840349,37.2485570777267],[-121.990115147208,37.2484183531541],[-121.990213961889,37.2482567458556],[-121.990216656835,37.2481938190262],[-121.990284928797,37.2481737968423],[-121.99032804793,37.248063674735],[-121.990381946847,37.2480207699744],[-121.990690967305,37.2478226926793],[-121.990738578015,37.2478141117017],[-121.99108622603,37.2478477205251],[-121.99107095467,37.2478899103035],[-121.992645701363,37.248147338948],[-121.992660074408,37.248120165966],[-121.99269960028,37.2480801215535],[-121.992705888487,37.2480272056901],[-121.992732837946,37.2478148267832],[-121.992864890293,37.2473171284141],[-121.992911602687,37.2473207038451],[-121.992932263939,37.2471540885784],[-121.994269855397,37.247266357275],[-121.99430938127,37.247124769974],[-121.994663317491,37.2470790043249],[-121.994805251306,37.246556987923],[-121.995160984159,37.2465813010959],[-121.995236442643,37.2465598482966],[-121.995302917974,37.2466192010264],[-121.995245425796,37.2466427990867],[-121.995210391499,37.2467250346936],[-121.995503242282,37.247033238648],[-121.9956218199,37.2472413292361],[-121.995722431211,37.2474372628042],[-121.995782618335,37.2475988718601],[-121.995794296434,37.247754044831],[-121.995756567192,37.247884189657],[-121.99563888789,37.2481037191563],[-121.99551132712,37.2484798496456],[-121.995437665266,37.248600697256],[-121.99546371641,37.2488359562494],[-121.995344240477,37.2489861211802],[-121.995331664063,37.2493622472649],[-121.995238239273,37.2494830934602],[-121.995245425796,37.2496532788976],[-121.995283155037,37.2499443094061],[-121.995330765748,37.250156682311],[-121.995425088852,37.2502882531033],[-121.995537378263,37.2502782422902],[-121.995567920983,37.250276812174],[-121.99571883795,37.2502868229873],[-121.995753872246,37.2503261511694],[-121.996743815689,37.2503311565729],[-121.996740222428,37.2503583287576],[-121.999182741686,37.250313995188],[-121.999399235669,37.2503361619761],[-122.001734855408,37.2503468878389],[-122.001858822917,37.2503497480688],[-122.003693182727,37.250374060018],[-122.004532209203,37.2503869310468],[-122.004534904149,37.2504891841417],[-122.004304935436,37.250587861822],[-122.004189052764,37.2509646949627],[-122.003766844581,37.251427331934],[-122.003694979358,37.2514916861562],[-122.003474892113,37.2516940440747],[-122.003412010044,37.2518241820955],[-122.003234143617,37.2519857817426],[-122.003126345783,37.2542703060378],[-122.003073345181,37.2544361905503],[-122.002519982966,37.254790123957],[-122.002269353002,37.2547522281364],[-122.001277612928,37.2547357827743],[-122.000732335551,37.2547171923607],[-122.000729640605,37.2547701035258],[-122.000729640605,37.2549202566299],[-122.000706284408,37.2550868547236],[-122.000690114733,37.2552098367711],[-122.000610164672,37.2554100396746],[-122.000549079233,37.2555037058504],[-122.000479010641,37.2556116720612],[-122.000409840364,37.2557203531237],[-122.000283177909,37.2559470098351],[-122.000220295839,37.2560599804335],[-122.000530214612,37.256100020605],[-122.000754793433,37.2561321957273],[-122.001079983566,37.2561801008839],[-122.001249765155,37.2562401610373],[-122.001409665275,37.2563302511776],[-122.001590226647,37.2565097161359],[-122.001760008236,37.2565097161359],[-122.002254979958,37.2566019509482],[-122.002560407154,37.2566598657726],[-122.002790375867,37.2566798857015],[-122.002938597889,37.2567227855313],[-122.003030226048,37.2567499554109],[-122.003395840368,37.2568200250551],[-122.003550350597,37.2568500548827],[-122.003844099695,37.2569101145019],[-122.003889913775,37.2569201244338],[-122.004020169491,37.256960164148],[-122.004209714016,37.2570502534272],[-122.004419919792,37.257199686994],[-122.004390275388,37.2572497364477],[-122.00438039392,37.257279766104],[-122.004369614136,37.2575800620082],[-122.004353444461,37.2576172414178],[-122.004410936639,37.2576007966813],[-122.004444174305,37.2575922168172],[-122.004440581044,37.2580726876964],[-122.004451360827,37.2592988755282],[-122.004468428818,37.2612607345399],[-122.004470225448,37.261370122405],[-122.00442800463,37.2619699654549],[-122.004442377674,37.2621787297342],[-122.004444174305,37.2622537989397],[-122.004462140611,37.2642463227874],[-122.004484598493,37.2653580238019],[-122.004499869853,37.2658963528649],[-122.004487293439,37.2660357601622],[-122.00455376877,37.26773078927],[-122.004480106916,37.26773078927],[-122.004260917987,37.2677336488397],[-122.004230375267,37.2677350786246],[-122.004189052764,37.2677329339473],[-122.004135153847,37.2677286445926],[-122.004021067806,37.2677229254524],[-122.003976152042,37.2677172063119],[-122.00392315144,37.2677122020636],[-122.003857574424,37.2677043382442],[-122.003664436638,37.2676821765668],[-122.003599757938,37.2676750276372],[-122.002999683328,37.267605682985],[-122.002062740487,37.2674998786503],[-122.001749228453,37.267462704119],[-122.001759109921,37.2680896644313],[-122.001061118945,37.2679931543469],[-122.001072797044,37.2681289833191],[-122.000754793433,37.2681747361809],[-122.000675741688,37.2685257454927],[-122.000608368042,37.2685493366912],[-122.000482603902,37.2687587976146],[-122.000312822313,37.2687466446077],[-122.000011886693,37.2688953400871],[-121.999921156849,37.268798116153],[-121.99957620378,37.2689060633074],[-121.999309404141,37.2688660299437],[-121.999376777787,37.2695423049808],[-121.999400133985,37.2698647130347],[-121.999534881277,37.2698339735237],[-121.9998771394,37.2698218206903],[-122.00009632833,37.2698296842886],[-122.000679334949,37.2699133243288],[-122.001070102098,37.2701456572864],[-122.001097949872,37.2701570951981],[-122.001152747104,37.2701956981373],[-122.001208442652,37.2702557471145],[-122.001318037116,37.2704137328851],[-122.001337800052,37.270443042426],[-122.001379122556,37.2704601992251],[-122.00148871702,37.2705202479914],[-122.001530937839,37.2705638548034],[-122.001585735071,37.2706081764555],[-122.001689041329,37.2706360561909],[-122.001887569006,37.2706467791634],[-122.002005248309,37.270625333217],[-122.002122029296,37.2705917345554],[-122.002377150836,37.2705366899071],[-122.002624187539,37.270525966919],[-122.002844274784,37.270525966919],[-122.003015853003,37.2705088101348],[-122.003040107516,37.2712587009265],[-122.003034717624,37.2720307446534],[-122.00303741257,37.2721236753089],[-122.003023039525,37.2724160487],[-122.003012259742,37.2727112803365],[-122.003091311487,37.2727727569964],[-122.003034717624,37.2737456541998],[-122.00303741257,37.2738950546405],[-122.003041904146,37.2740523179421],[-122.003032022678,37.2741766986843],[-122.003032920994,37.2744190260919],[-122.003031124363,37.2746720751185],[-122.002999683328,37.2747499911729],[-122.003012259742,37.2752489379401],[-122.003008666481,37.275431931914],[-122.002995191752,37.2777178894603],[-122.002982615338,37.2784476943074],[-122.002978123761,37.2790852849153],[-122.002864936035,37.2790852849153],[-122.002907156854,37.2791103023739],[-122.003340144821,37.2793697686682],[-122.003560232065,37.2794998588703],[-122.003974355411,37.2797528908172],[-122.004150425207,37.2798601074873],[-122.004240256735,37.2799201487559],[-122.004339969732,37.2799401625014],[-122.004748703186,37.2795491787233],[-122.005160131586,37.2791481859382],[-122.005629052165,37.2786993002148],[-122.006050362033,37.2782689964192],[-122.006491434837,37.2777922283776],[-122.00705288189,37.2772811468384],[-122.00719391739,37.2772110962311],[-122.007355614141,37.2772639915936],[-122.007642176716,37.277461991472],[-122.009316636406,37.2786657051566],[-122.009197160473,37.278727891742],[-122.008838732675,37.2788958667448],[-122.008834241098,37.2789501904953],[-122.008820766369,37.279116020649],[-122.00883963099,37.2791581929143],[-122.008921377681,37.2793661947584],[-122.008977073229,37.2794691232934],[-122.009021090678,37.2796206567138],[-122.008818071423,37.2797979218373],[-122.008605170701,37.2799172896489],[-122.008387778402,37.28003522772],[-122.008041028703,37.2801881895491],[-122.007793093684,37.2802711033078],[-122.007725720038,37.280356161293],[-122.007393343383,37.2807871679249],[-122.007333156259,37.2808422050784],[-122.007174154453,37.2809401282258],[-122.007121153852,37.2809837290023],[-122.006714217028,37.2811967291538],[-122.006451908965,37.2818300079232],[-122.0063423145,37.2820437204362],[-122.006300093682,37.2821487895763],[-122.00627943243,37.2822409929866],[-122.006272245908,37.282268868414],[-122.006265957701,37.2822938848143],[-122.00624529645,37.2824396945255],[-122.006239906558,37.2825211762998],[-122.006534553971,37.2829021381619],[-122.006108752526,37.2835940114341],[-122.006092582851,37.283664770842],[-122.006051260348,37.2838020010193],[-122.006017124367,37.2839399456849],[-122.005962327135,37.2840878964182],[-122.005878783814,37.2842422794821],[-122.005844647833,37.284390229621],[-122.005809613537,37.2846482482496],[-122.005782664078,37.2847540284842],[-122.005726968531,37.2849841714541],[-122.005700019072,37.285142841042],[-122.005714392117,37.285225034616],[-122.005747629782,37.2853186637082],[-122.005785359024,37.2853722680979],[-122.005800630384,37.2853951392926],[-122.005809613537,37.2854072896118],[-122.005859020877,37.2854601792143],[-122.005878783814,37.2854823356583],[-122.005926394524,37.2855330810378],[-122.006101566004,37.2858139668152],[-122.006149176714,37.2860098000448],[-122.005431422802,37.2866573325693],[-122.005116114137,37.2867881248863],[-122.005017299456,37.2869232052372],[-122.004963400539,37.2869560818997],[-122.004817873463,37.2870761530668],[-122.00472894025,37.2872248123415],[-122.004701990792,37.2872927095087],[-122.00488704374,37.2873127212937],[-122.005470050359,37.2875993180586],[-122.005579644824,37.2874499448186],[-122.005592221238,37.2874370801238],[-122.005606594283,37.2874199271939],[-122.006080904753,37.2876872265732],[-122.006303686943,37.2874570918703],[-122.006365670698,37.2874642389214],[-122.006710623767,37.2877222470098],[-122.006953168894,37.2875228447144],[-122.007343936042,37.2878430316558],[-122.007604447474,37.2876107533184],[-122.007987129786,37.2878423169543],[-122.008050011855,37.2877801378998],[-122.008219793444,37.2876000327624],[-122.008398558186,37.2877122411725],[-122.008730036525,37.2879202193753],[-122.00898066649,37.2876950883053],[-122.009102837368,37.2875878827972],[-122.009392993205,37.2877458321926],[-122.009563673109,37.2877679879637],[-122.009899643025,37.2878108700826],[-122.009893354818,37.2879059253592],[-122.009875388513,37.288193949261],[-122.009869100306,37.2882911481453],[-122.009855625576,37.288471966324],[-122.00982059128,37.2890179917045],[-122.009809811497,37.2892002375137],[-122.009804421605,37.2892781385288],[-122.009787353615,37.2895132704614],[-122.009781963723,37.2895918858373],[-122.009640928224,37.2896190438572],[-122.008779443866,37.2895911711524],[-122.008615052169,37.2895761627687],[-122.007734703191,37.2895339963412],[-122.007633193564,37.2895532928449],[-122.007426581048,37.2930280121868],[-122.00741490295,37.2931709424954],[-122.007749974551,37.293183091559],[-122.007744584659,37.2932802839981],[-122.007769737487,37.2932931476938],[-122.007852382493,37.2933381706117],[-122.007699668895,37.2933703298222],[-122.007629600302,37.2941299978415],[-122.007716736885,37.2942321915428],[-122.007707753732,37.294240052591],[-122.007609837366,37.2943701170874],[-122.007567616548,37.2946931334353],[-122.007500242902,37.2952198186209],[-122.0074472423,37.2956650326657],[-122.007410411373,37.2959901873256],[-122.007412208004,37.2960580765827],[-122.007419394526,37.2962631732293],[-122.007420292841,37.2962910434622],[-122.007422089472,37.2963317768609],[-122.007410411373,37.296411099732],[-122.005541915582,37.2963317768609],[-122.004855602705,37.2963053358853],[-122.004668753126,37.2962981896741],[-122.004323800057,37.2962831826284],[-122.004014779599,37.2962681755796],[-122.003482078636,37.2962467369333],[-122.003138023882,37.2971107095395],[-122.003113769369,37.297165734754],[-122.003007768166,37.2974758761191],[-122.002903563593,37.2977202723307],[-122.0027688163,37.2980940112007],[-122.002392422196,37.297956092484],[-122.000893133987,37.2974037004778],[-122.000529316297,37.2972672097193],[-121.999912173697,37.2970192389641],[-121.999816053961,37.2969670721017],[-121.999581593672,37.2969677867165],[-121.999395642408,37.2970006589899],[-121.999093808473,37.2971107095395],[-121.998620396318,37.2972979380268],[-121.998552124356,37.2973300955446],[-121.998440733261,37.2973858352093],[-121.99821435781,37.2975401909886],[-121.99805625432,37.2977702948493],[-121.998022118339,37.2978689105741],[-121.998022118339,37.2980840067427],[-121.998091288616,37.2982319296644],[-121.997961032899,37.2982069185628],[-121.997571164066,37.2981333144156],[-121.997441806665,37.2981090178852],[-121.997451688133,37.2982247836362],[-121.997483129168,37.2985756528182],[-121.997489417375,37.2986421105441],[-121.997490315691,37.2986942762448],[-121.997495705582,37.298990119397],[-121.997485824114,37.2991709118616],[-121.99744090835,37.2995167744962],[-121.997387907748,37.2997761704283],[-121.997323229048,37.3000227029231],[-121.997286398121,37.3001263177884],[-121.997228007628,37.3002899575264],[-121.997095955281,37.300592940206],[-121.99646174469,37.3019427703784],[-121.996337777181,37.3022457463997],[-121.99625603049,37.3024836960512],[-121.996168893908,37.3027816679765],[-121.99611319836,37.3030310488482],[-121.996061096074,37.3033197293976],[-121.996026960093,37.3036191271136],[-121.996011688733,37.3038527851236],[-121.996009892102,37.3041493225312],[-121.996012587048,37.3042486444376],[-121.996016180309,37.3043479662128],[-121.99605031629,37.3046930904983],[-121.996120384882,37.3053068790511],[-121.996184165267,37.3056941563285],[-121.996299149624,37.306244343865],[-121.996347658649,37.3064787082422],[-121.996453659853,37.3070617579142],[-121.996468032897,37.3073211278227],[-121.99646174469,37.3075912145451],[-121.996441981754,37.3078620148086],[-121.996433896916,37.3079163176465],[-121.996403354197,37.308144960744],[-121.996360235063,37.3083628855491],[-121.996333285605,37.3084700614511],[-121.996247047337,37.308472919473],[-121.995629006422,37.3085000706762],[-121.993517965504,37.3085936708016],[-121.992814584637,37.3086251089855],[-121.992746312675,37.3086029593573],[-121.99261785359,37.3085758081913],[-121.992489394504,37.3085629471092],[-121.992246849377,37.3085622326046],[-121.990522084032,37.3085586600813],[-121.989948060565,37.3085586600813],[-121.989819601479,37.3085586600813],[-121.989436919168,37.3085600890906],[-121.989310256713,37.3085608035953],[-121.989006626147,37.3085629471092],[-121.988705690527,37.308565090623],[-121.988190955869,37.3085708066596],[-121.988098429395,37.3085750936867],[-121.987795697144,37.3085900982799],[-121.987769646001,37.3085908127843],[-121.987226165254,37.3085900982799],[-121.98590115021,37.3085900982799],[-121.985897556949,37.3089987936649],[-121.985886777166,37.3093460400959],[-121.985892167057,37.3100591048997],[-121.985897556949,37.3104370693729],[-121.985699927587,37.3104392128333],[-121.985890370427,37.3105628189465],[-121.985890370427,37.3109043422954],[-121.985922709777,37.3109779339436],[-121.985943371028,37.3110608137717],[-121.985882285589,37.3113337449738],[-121.985772691125,37.3116816950958],[-121.986598242871,37.3118403083747],[-121.986866839141,37.3118953228122],[-121.987091417962,37.3119360477594],[-121.987238741668,37.3119639121844],[-121.987665441428,37.3120339304372],[-121.987793002199,37.3120510777545],[-121.988092141188,37.3120918026174],[-121.987883732042,37.312892720438],[-121.987519914352,37.314298056955],[-121.987106689321,37.3158819761782],[-121.986842584628,37.3158841194834],[-121.986721312065,37.3158848339184],[-121.986671904724,37.3158812617431],[-121.986637768743,37.3158819761782],[-121.986570395097,37.3158848339184],[-121.98639073204,37.3158848339184],[-121.986308985349,37.3158862627885],[-121.986205679091,37.3158862627885],[-121.985896658634,37.3158869772235],[-121.985795149007,37.3158876916585],[-121.985661300029,37.3158876916585],[-121.985262448043,37.3158898349635],[-121.985128599066,37.3158912638334],[-121.985024394493,37.3158912638334],[-121.984712679089,37.3158919782684],[-121.984609372832,37.3158926927034],[-121.98452582951,37.3158926927034],[-121.984276996176,37.3158941215733],[-121.984259928186,37.3158948360082],[-121.984238368619,37.3158912638334],[-121.984195249486,37.3158948360082],[-121.984053315671,37.3158948360082],[-121.983626615911,37.3158976937479],[-121.983485580411,37.3158991226178],[-121.983090321686,37.3158998370527],[-121.98281903047,37.3159019803573],[-121.981902748881,37.3159026947922],[-121.981508388471,37.3159041236619],[-121.981379929385,37.3159041236619],[-121.980996348759,37.3159062669664],[-121.980868787989,37.3159069814013],[-121.980669361995,37.3159076958361],[-121.980072880647,37.3159112680101],[-121.979874352969,37.3159119824449],[-121.97976565682,37.3159119824449],[-121.979444958263,37.315914840184],[-121.979338058744,37.3159162690534],[-121.979232955856,37.3159162690534],[-121.978921240453,37.3159176979229],[-121.97881703588,37.3159191267923],[-121.978401115903,37.315919841227],[-121.97744171518,37.3159241278351],[-121.977447105071,37.3160420094621],[-121.977451596648,37.3170779309602],[-121.976246955852,37.3170850751968],[-121.975026145381,37.3170857896205],[-121.974962364995,37.3171636617549],[-121.974919245862,37.3172158146071],[-121.974888703142,37.3172508212959],[-121.974848278954,37.3172986875582],[-121.974800668244,37.3173558412643],[-121.974771922155,37.3173922767293],[-121.974761142372,37.3174051363009],[-121.974689277149,37.3174887234631],[-121.97456710627,37.3176323217041],[-121.974440443815,37.3177787773389],[-121.974357798809,37.317876652409],[-121.974291323478,37.3179538093087],[-121.9740927958,37.3181881371852],[-121.974027218785,37.3182660081775],[-121.973972421552,37.3183303052664],[-121.97393289568,37.3183760276072],[-121.973897861384,37.3184153202217],[-121.973519670649,37.318858253727],[-121.973385821672,37.3190161374583],[-121.973195378832,37.3192418891858],[-121.97262225368,37.3199227122832],[-121.97243181084,37.3201513188656],[-121.972914206148,37.3201448893149],[-121.972996851154,37.3201448893149],[-121.973200768723,37.3201427461313],[-121.974002964272,37.3201391741584],[-121.974144898087,37.3201420317367],[-121.974308391469,37.3201577484157],[-121.97436139207,37.3201670355426],[-121.974474579796,37.3201891817637],[-121.974632683286,37.32023418858],[-121.974823126126,37.3203070567017],[-121.97489678798,37.3203520634474],[-121.975033331903,37.320439219291],[-121.975157299412,37.3205370908967],[-121.975264198931,37.3206428206632],[-121.975368403504,37.3207728394964],[-121.975445658618,37.3209000005553],[-121.975516625526,37.3210578799976],[-121.975523812048,37.3210893129691],[-121.975548964876,37.3212393337886],[-121.975554354768,37.3213829248638],[-121.975569626128,37.3225187848946],[-121.975564236236,37.3226466573701],[-121.975537286777,37.3227881026482],[-121.975495065959,37.3229109740879],[-121.975432183889,37.3230409889971],[-121.975479794599,37.323060276904],[-121.975430387258,37.323220294904],[-121.975350437198,37.3234403190976],[-121.97531001301,37.3236303394736],[-121.975169875826,37.324449707547],[-121.975130349954,37.3247497354699],[-121.975109688702,37.3248597454082],[-121.97504141674,37.3252262059239],[-121.974980331301,37.3255598048783],[-121.974862651999,37.3263291484268],[-121.974830312649,37.3265498778513],[-121.974830312649,37.3266998877698],[-121.974820431181,37.3269599042524],[-121.974826719388,37.3277570920357],[-121.974787193515,37.3281178238713],[-121.974769227209,37.3284421238847],[-121.974850075585,37.3284799826057],[-121.974850075585,37.328644274947],[-121.974850075585,37.3291357211974],[-121.974850075585,37.3293000121049],[-121.974850075585,37.3294000150901],[-121.97484917727,37.3294300159597],[-121.974841990747,37.3298200261744],[-121.974840194117,37.3299500291293],[-121.974840194117,37.3300500312493],[-121.974830312649,37.3303500368106],[-121.974817736235,37.3304300380913],[-121.974789888461,37.3306300409202],[-121.974719819869,37.3308000429062],[-121.974559919748,37.3310900454063],[-121.974429664032,37.3312500463065],[-121.974209576787,37.3314900470178],[-121.974102677269,37.3316543327769],[-121.974029913731,37.331820046744],[-121.973969726606,37.3320000459836],[-121.973959845138,37.3321100453066],[-121.97394996367,37.332180044792],[-121.973949065355,37.3322271872658],[-121.973941878833,37.3325807548761],[-121.973940082202,37.3327000389268],[-121.973942777148,37.332862179219],[-121.973955353562,37.3333478837268],[-121.973959845138,37.3335100226207],[-121.973959845138,37.3336657327709],[-121.973959845138,37.3339100113469],[-121.974000269326,37.3340200078733],[-121.974053269928,37.3341128619584],[-121.974129626727,37.3342500000896],[-121.974206881841,37.3343907092662],[-121.974370375223,37.3346899832372],[-121.974444935392,37.3348121209592],[-121.974530275344,37.3349499720676],[-121.974608428773,37.3350778233876],[-121.974841990747,37.3354620902911],[-121.974920144177,37.3355899407394],[-121.975000094237,37.3357220764491],[-121.975089925766,37.3358699253189],[-121.975247130941,37.3361177679405],[-121.975329775947,37.3362499027216],[-121.975408827692,37.3363798945497],[-121.975469913131,37.3364798881106],[-121.975642389666,37.3367770110488],[-121.97571964478,37.3369098589053],[-121.975793306633,37.3370362784215],[-121.97583013756,37.3370998452165],[-121.975919969088,37.3371998378189],[-121.976095140569,37.337346969549],[-121.976110411929,37.3373598257059],[-121.976200243457,37.3374498187425],[-121.976309837922,37.337549810879],[-121.976358346947,37.3376119487825],[-121.976379906514,37.337639803688],[-121.976539806634,37.3378997823083],[-121.97659011229,37.3379997738458],[-121.976699706755,37.3381997565213],[-121.976750012411,37.3382897485516],[-121.976810199535,37.3383997386644],[-121.976929675468,37.3386197184067],[-121.97695213335,37.3386618573098],[-121.977180305432,37.3390996719718],[-121.977289899897,37.3393296486348],[-121.977349188705,37.3394660630308],[-121.977468664638,37.339741033704],[-121.977490224205,37.339790314056],[-121.977539631546,37.339970294197],[-121.977580055733,37.3401531307241],[-121.97759981867,37.3402402636],[-121.977619581606,37.3404602379515],[-121.977630361389,37.3405402284651],[-121.977638446227,37.3409108976791],[-121.977640242857,37.3409801747666],[-121.977640242857,37.3414322597584],[-121.977640242857,37.3418600596379],[-121.977640242857,37.3419800431398],[-121.977644734434,37.3422000123954],[-121.977650124326,37.3424199810067],[-121.977650124326,37.3428077812423],[-121.977650124326,37.3437397791435],[-121.977669887262,37.3445903510404],[-121.97767976873,37.3451202574604],[-121.97767976873,37.3452502339357],[-121.977689650198,37.3456501601408],[-121.977689650198,37.3461100726434],[-121.977700429981,37.3464899982382],[-121.977700429981,37.3465999763411],[-121.977700429981,37.3467599442031],[-121.977700429981,37.3472398457445],[-121.977700429981,37.3473998122433],[-121.977695938405,37.3475697762748],[-121.977684260306,37.3480789519321],[-121.97767976873,37.3482503426809],[-121.977674378838,37.3484253036668],[-121.977660005794,37.3489201911048],[-121.977660005794,37.3489530406605],[-121.977660005794,37.3491301423657],[-121.977660005794,37.3492979601282],[-121.977660005794,37.3498021252777],[-121.977660005794,37.3499699415382],[-121.977660005794,37.3501377574235],[-121.977660005794,37.3502798650501],[-121.977672582208,37.3506419169334],[-121.97767976873,37.3508097313167],[-121.977672582208,37.3511039411599],[-121.977669887262,37.3512903210708],[-121.977669887262,37.351540255091],[-121.97767976873,37.3518401748168],[-121.977676175469,37.3519851355881],[-121.977669887262,37.3522800549138],[-121.977669887262,37.3524400106736],[-121.977550411329,37.3524400106736],[-121.973579857773,37.3524400106736],[-121.973328329494,37.3524378684113],[-121.972539608674,37.3524300134486],[-121.971900008192,37.3524400106736],[-121.971759871008,37.3524400106736],[-121.971619733823,37.3524400106736],[-121.971299933582,37.3524400106736],[-121.971079846337,37.3524400106736],[-121.970799571969,37.3524400106736],[-121.970590264508,37.3524400106736],[-121.969520371004,37.3524400106736],[-121.96938023382,37.3524400106736],[-121.968690327682,37.3524300134486],[-121.968429816249,37.3524300134486],[-121.967810877019,37.3524550065087],[-121.967640197115,37.3524300134486],[-121.966110366186,37.3524300134486],[-121.964900335498,37.3524200162223],[-121.962390442594,37.3524300134486],[-121.961880199513,37.3524300134486],[-121.960150044276,37.3524300134486],[-121.95981587099,37.3524221584852],[-121.959726937777,37.3524200162223],[-121.95957961407,37.3524200162223],[-121.959360425141,37.3524200162223],[-121.959211304804,37.3524200162223],[-121.958059664609,37.3524200162223],[-121.957149671227,37.3524300134486],[-121.957090382418,37.3524300134486],[-121.956500189276,37.3524300134486],[-121.955909996135,37.3524300134486],[-121.954610133918,37.3524300134486],[-121.954460115266,37.3524300134486],[-121.954300215145,37.3524300134486],[-121.953450408887,37.3524500078973],[-121.953170134518,37.3524799995604],[-121.952729960029,37.3525499800608],[-121.952379617068,37.3526399548942],[-121.95184961105,37.3528099070629],[-121.950789599015,37.3531997958785],[-121.950740191674,37.353209793001],[-121.950699767487,37.353229787242],[-121.949559805391,37.3536296709433],[-121.94931995521,37.353709647428],[-121.948380317423,37.3540502606092],[-121.94719993114,37.3544801308038],[-121.946650162186,37.3546700726637],[-121.946089613449,37.3548700109443],[-121.945970137516,37.3549199954313],[-121.945820118863,37.3549699798849],[-121.945420368562,37.3551199330462],[-121.944960431136,37.3553598574811],[-121.944856226563,37.3554098416419],[-121.944629851112,37.3555198066784],[-121.944479832459,37.355589784345],[-121.944329813807,37.3556497651501],[-121.94399025063,37.3557097459074],[-121.943760281917,37.3557197426956],[-121.943610263264,37.3556997491179],[-121.943320107428,37.3556497651501],[-121.943109901651,37.355589784345],[-121.942840407066,37.3554498289465],[-121.942514318618,37.3557083177947],[-121.942400232577,37.3557997169534],[-121.942360706704,37.3558347056644],[-121.942246620663,37.3559439560243],[-121.942209789736,37.3559796587219],[-121.942138822829,37.3560532062253],[-121.941940295151,37.3562602813331],[-121.941926820422,37.3562731342521],[-121.941860345091,37.3563502517192],[-121.941580070722,37.3566501522273],[-121.941307881191,37.3569257740185],[-121.941174930529,37.3570750092292],[-121.941040183237,37.3572320986041],[-121.940930588772,37.3573841893675],[-121.940791349903,37.3576076836859],[-121.940655704295,37.3578511703488],[-121.940520957002,37.3580560983942],[-121.940377226557,37.3582017611943],[-121.940253259048,37.3582960134438],[-121.940122105016,37.3583667025531],[-121.940077189252,37.3583888375131],[-121.940040358325,37.3583702727084],[-121.939875966628,37.3583067239192],[-121.939704388409,37.3582667381365],[-121.939434893824,37.3582103295855],[-121.939215704894,37.3581881945729],[-121.938857277096,37.3581453525945],[-121.938618325231,37.3581196473957],[-121.938356017168,37.3580839457161],[-121.938218574929,37.3580639527681],[-121.938040708503,37.3579982616157],[-121.937922130885,37.3579397107576],[-121.937823316204,37.3578797317824],[-121.937228631486,37.3575662694534],[-121.936851339067,37.3573613400706],[-121.936678862532,37.357269228772],[-121.936439910667,37.3571449854459],[-121.93610394075,37.3570207419142],[-121.935761682627,37.3569300582871],[-121.935327796345,37.3568579397338],[-121.934981046645,37.3568200953166],[-121.934769942553,37.3567901053877],[-121.934709755429,37.3567801087421],[-121.933550030398,37.3567601154467],[-121.933419774681,37.3567501187971],[-121.933129618845,37.3567201288401],[-121.932930192851,37.3566801422123],[-121.932679562887,37.3566201622304],[-121.932620274078,37.3566001688925],[-121.932410068302,37.3565301921679],[-121.932180099589,37.3564402219975],[-121.932164828229,37.3564366517504],[-121.932127098987,37.3564280831567],[-121.932110929312,37.3564237988595],[-121.93203906409,37.3564066616682],[-121.931875570708,37.3563688170236],[-121.93137610741,37.3561160428701],[-121.931215308974,37.3560339267896]]]},"properties":{"FID":5,"area":"Area 3","SHAPE_Leng":81994.143273,"SHAPE_Area":145237946.785,"Shape__Area":145237946.81640625,"Shape__Length":81994.14327303832}},{"type":"Feature","id":6,"geometry":{"type":"Polygon","coordinates":[[[-121.900492027942,37.3552298985074],[-121.900227923248,37.3548750093945],[-121.90001232758,37.3549778345817],[-121.899363743945,37.3552870233587],[-121.899149046592,37.3553912761004],[-121.898931654293,37.3554926724636],[-121.898283070658,37.3558011450644],[-121.898066576675,37.3559046830374],[-121.897856370898,37.3560046506],[-121.897223058623,37.3563038384383],[-121.897012852847,37.3564052335688],[-121.89693020784,37.3564466484418],[-121.89680085044,37.356507342611],[-121.89645589737,37.3566680034103],[-121.896163046588,37.3568079565373],[-121.895951942496,37.3569100650317],[-121.895889958741,37.3569407689574],[-121.895742635035,37.3570071750793],[-121.895619565841,37.3570628704911],[-121.895348274625,37.3571928262912],[-121.895118305912,37.3573020746743],[-121.894909896766,37.3574013263356],[-121.894889235515,37.3574113228985],[-121.894826353445,37.3574398844995],[-121.894805692193,37.3574513091369],[-121.894743708439,37.3574798707226],[-121.89455865549,37.3575691256082],[-121.894497570051,37.3575998292642],[-121.894370009281,37.3576590944253],[-121.89398732697,37.3578390317362],[-121.893946902782,37.3578590247441],[-121.89386156283,37.3579032949569],[-121.893701662709,37.357687655932],[-121.893221962348,37.3570443053585],[-121.893062062227,37.356830091957],[-121.892901263791,37.3566151638965],[-121.892419766799,37.3559732322376],[-121.892259866678,37.3557590157793],[-121.891940964752,37.3553291529087],[-121.891484620588,37.354715772889],[-121.891329212044,37.3545086935202],[-121.890980665714,37.3540438339597],[-121.890660865473,37.3536168175718],[-121.890450659696,37.3537160741061],[-121.889820940682,37.3540138429215],[-121.889611633221,37.3541138130023],[-121.889424783642,37.3542030718906],[-121.88886513322,37.3544722760548],[-121.888679181956,37.3545622485841],[-121.888492332377,37.3546500788063],[-121.887931783639,37.354915711048],[-121.887745832376,37.3550049689827],[-121.887558982796,37.3550927986868],[-121.886996637429,37.3553598574811],[-121.886810686165,37.3554491148877],[-121.886624734901,37.3555362300142],[-121.88606688111,37.3557997169534],[-121.885881828161,37.3558882597822],[-121.885639283034,37.3555669345018],[-121.885560231289,37.3554612538868],[-121.884601728881,37.3541766512708],[-121.884282826955,37.3537489215634],[-121.883963026714,37.3533211894186],[-121.883713295065,37.3529848574229],[-121.883006320937,37.3520372642699],[-121.882687419011,37.3516088082768],[-121.882366720454,37.3511789216395],[-121.881408218046,37.3498921034044],[-121.88108931612,37.3494629210526],[-121.88077310914,37.3490387350862],[-121.879825386515,37.3477683052027],[-121.879510077851,37.3473448237977],[-121.879323228272,37.3474326624643],[-121.878762679534,37.3476983202448],[-121.878576728271,37.3477868726295],[-121.878389878691,37.3478747107789],[-121.877830228269,37.3481410811237],[-121.877644277006,37.3482303471137],[-121.877455630796,37.3483160423642],[-121.877389155465,37.3483467498052],[-121.876896878689,37.3485802687708],[-121.876710927425,37.3486688201153],[-121.876524077846,37.3487580854778],[-121.875962630794,37.3490251668086],[-121.87577667953,37.3491151458665],[-121.875590728266,37.3492022683436],[-121.875034671105,37.3494650633999],[-121.874849618157,37.3495543278157],[-121.874661870262,37.3496428780113],[-121.874098626579,37.349912098529],[-121.873911777,37.3500027906346],[-121.873840810093,37.3500392102682],[-121.873591976759,37.3501463267353],[-121.873512026699,37.3501820321903],[-121.873485975555,37.3501398997515],[-121.873327872065,37.3499592298732],[-121.873245227059,37.3498156934148],[-121.873211091079,37.3496842966153],[-121.873217379285,37.3495571842753],[-121.873223667492,37.3494100764669],[-121.873312600706,37.349123715295],[-121.873725825736,37.3485252811899],[-121.873759961717,37.3484260177924],[-121.87380128422,37.348146080022],[-121.873791402752,37.3475519229283],[-121.873786911176,37.3472826939472],[-121.87373840215,37.347002751914],[-121.873742893727,37.3468392138657],[-121.873744690357,37.3467670856176],[-121.873862369659,37.34650285283],[-121.873924353414,37.3463978735995],[-121.873963879287,37.3463057488477],[-121.874026761356,37.3461622054046],[-121.87426032333,37.3452937974293],[-121.874245950286,37.3449588577878],[-121.874103118156,37.3446303441082],[-121.874086948481,37.3445910652025],[-121.874017778204,37.3443932420378],[-121.873874946073,37.3440947208965],[-121.873780622969,37.3438990389303],[-121.873688096494,37.3437062131363],[-121.873618926217,37.3436126567394],[-121.873549755941,37.3434919616734],[-121.873432076638,37.3433569829379],[-121.873363804677,37.3432777095992],[-121.873276668094,37.3432077204558],[-121.873170666891,37.3431241619033],[-121.872853561595,37.342971328071],[-121.872510405157,37.3428670580816],[-121.872089993604,37.3427399342002],[-121.871815109127,37.3426249511782],[-121.871463867851,37.3424271228339],[-121.871133287826,37.3421307364331],[-121.870995845588,37.3419550465928],[-121.870836843783,37.3415929528203],[-121.87073443584,37.3414001211048],[-121.870694909968,37.3412901353861],[-121.870677841977,37.3412408560183],[-121.870643705996,37.3410323110893],[-121.8706086717,37.3405537982759],[-121.870571840774,37.3404580953473],[-121.870506263758,37.3402852584061],[-121.870243955695,37.3398788757666],[-121.870120886501,37.3396553286671],[-121.870072377476,37.339566052483],[-121.869981647632,37.3394282098462],[-121.869954698174,37.3392689405779],[-121.869919663877,37.3391696649438],[-121.869899002626,37.3389718274974],[-121.869919663877,37.3386097193415],[-121.869953799858,37.3384118804202],[-121.869946613336,37.3379169237242],[-121.869878341374,37.3377747926993],[-121.869801984575,37.337681228913],[-121.869561236079,37.3375112424993],[-121.869193825128,37.3373362560832],[-121.8691686723,37.3373241141535],[-121.868597343779,37.3371162725818],[-121.868320662672,37.3370391353573],[-121.867909234272,37.336924143607],[-121.867578654247,37.3367698686842],[-121.867330719229,37.3365720249166],[-121.867228311286,37.3364463188585],[-121.867151954487,37.3362591878597],[-121.867137581443,37.3361663364277],[-121.867116920191,37.3361491946122],[-121.867106140408,37.3360142026793],[-121.867089970733,37.3358199281491],[-121.867054936436,37.3356277958584],[-121.867040563392,37.3353749518719],[-121.867000139204,37.3350671095982],[-121.866992054367,37.3346442708224],[-121.867068411166,37.3342478573083],[-121.86708098758,37.3341221473606],[-121.867150157857,37.3339128684016],[-121.867204955089,37.3336607329086],[-121.867190582044,37.3331943157293],[-121.867087275787,37.3328693219551],[-121.867025292032,37.3327707521369],[-121.86695702007,37.3325507552647],[-121.866901324523,37.3321000453748],[-121.86690761273,37.331705047004],[-121.866956121755,37.3315229041984],[-121.86706571622,37.3313257608994],[-121.867335210805,37.3310521880007],[-121.867423245703,37.3309629015909],[-121.867795148231,37.3306707557166],[-121.867918217424,37.3305293252765],[-121.868022421997,37.330357894083],[-121.868111355211,37.3301771766096],[-121.868200288424,37.3299350287998],[-121.868206576631,37.3298143117536],[-121.868212864838,37.3297950255803],[-121.868259577232,37.3296600222286],[-121.868261373863,37.3295128754421],[-121.868761735476,37.3292578679499],[-121.869366301662,37.3290042882128],[-121.870025665081,37.3287421358666],[-121.870582620557,37.3285428423265],[-121.871102745107,37.3284142655685],[-121.871746837165,37.3282199713834],[-121.87187170299,37.3281921129848],[-121.873537179527,37.3279642451827],[-121.875639237291,37.3277078037891],[-121.876975032119,37.3275806542498],[-121.877602954503,37.3275249369681],[-121.878524625984,37.3274377893422],[-121.879549603723,37.3273349264406],[-121.880368867262,37.3271520587122],[-121.880882703605,37.3269927634142],[-121.881305810104,37.3267927509026],[-121.881970563414,37.3265470205167],[-121.882480806495,37.326306289679],[-121.88304944007,37.3260777018197],[-121.88330096835,37.3259712653604],[-121.88401333237,37.3256698136307],[-121.884717611553,37.3254090783393],[-121.885711148257,37.3250947661004],[-121.88665168436,37.3248883193918],[-121.887599406984,37.3247583076787],[-121.887620068236,37.3247533072237],[-121.88774493406,37.3247268762418],[-121.887868003254,37.324701873953],[-121.887984784241,37.3246811577646],[-121.888233617575,37.324623295277],[-121.888279431654,37.3246140087008],[-121.888797759573,37.3244847108664],[-121.88968799002,37.3242496882661],[-121.890168588697,37.3241368200084],[-121.890431795075,37.3240739566015],[-121.890574627205,37.3240489540955],[-121.891047141045,37.3239582306467],[-121.891160328771,37.3239360855363],[-121.891313042369,37.3239082255494],[-121.891619367881,37.3238539342631],[-121.891762200011,37.3238260742458],[-121.89188616752,37.3238039290964],[-121.891928388338,37.3237982142181],[-121.89202720302,37.3237753547005],[-121.892047864271,37.3237710685401],[-121.891991270408,37.3236882027257],[-121.891940066437,37.3236131947977],[-121.891914913609,37.3235760479866],[-121.891664283645,37.3231631456574],[-121.891358856448,37.3227216662629],[-121.89087286788,37.3219908621477],[-121.890862986411,37.3219751458521],[-121.890518033342,37.3212821968248],[-121.890297946098,37.3208092733049],[-121.890193741525,37.3205070864764],[-121.890109299888,37.3201748938799],[-121.890042824557,37.3198841348538],[-121.889707752956,37.3186067821217],[-121.88959456523,37.3182210001826],[-121.889509225278,37.3179280903509],[-121.889381664508,37.3175701672752],[-121.88916606884,37.3171422290654],[-121.888848065229,37.316600694416],[-121.888546231294,37.3161863248991],[-121.88790124092,37.315414019755],[-121.886955314926,37.3144266578662],[-121.885738996031,37.313179219745],[-121.885290736704,37.3126976716566],[-121.885065259568,37.3124347479563],[-121.884150774609,37.3113687544019],[-121.883231798073,37.3101562755318],[-121.883177000841,37.3100841120597],[-121.883152746328,37.3100526744858],[-121.881823239707,37.3083107265548],[-121.881651661488,37.3081106643236],[-121.88137318375,37.3077891346225],[-121.880901568226,37.3071867986154],[-121.878847121171,37.3046337835392],[-121.878611762567,37.3043422498552],[-121.878300047163,37.3039270982223],[-121.877413409978,37.3027588020672],[-121.876700147642,37.3018741718645],[-121.876628282419,37.3017719885454],[-121.876523179531,37.3016133540269],[-121.875845849807,37.300798739066],[-121.875454184343,37.3002756658604],[-121.875150553777,37.2998462000307],[-121.874927771586,37.2994810449588],[-121.874729243909,37.2991430426958],[-121.874484003836,37.2986556879217],[-121.874411240298,37.2984827548234],[-121.874154322127,37.2979132161475],[-121.873770741501,37.2970506819869],[-121.87305837748,37.295214816201],[-121.872982918996,37.2950218654627],[-121.872864341379,37.2947152871605],[-121.872849968334,37.2946788407059],[-121.872832002029,37.2946331039534],[-121.872790679526,37.2945337693485],[-121.872681983376,37.2942693528543],[-121.872121434639,37.2929050919042],[-121.871630056178,37.2916430034322],[-121.871433325131,37.2911363039727],[-121.871360561593,37.2909669269466],[-121.870895234276,37.2898563187715],[-121.871015608524,37.2898377370281],[-121.871056032712,37.2898320195677],[-121.871099151846,37.2898248727415],[-121.870791928018,37.2891537827415],[-121.870446076634,37.2885262831623],[-121.869985240893,37.2878087259772],[-121.869165079039,37.2866308881934],[-121.868128423201,37.2852607709245],[-121.867219328133,37.2840307174253],[-121.866616558578,37.2831987581639],[-121.866321911165,37.28273774585],[-121.866169197566,37.2824182519386],[-121.866022772175,37.2821151960577],[-121.866150332945,37.2820322843306],[-121.865992229455,37.2817270826168],[-121.865144219827,37.2797121484426],[-121.864497432823,37.2783318981243],[-121.864186615734,37.2775563450214],[-121.864076122954,37.2767800691213],[-121.863839866035,37.275660673756],[-121.863697033904,37.2749858833231],[-121.863673677707,37.2747206833087],[-121.863677270968,37.2744869348125],[-121.863329622953,37.2744511933882],[-121.863173316094,37.2744511933882],[-121.862938855805,37.2744497637309],[-121.862733141605,37.2744368968137],[-121.860826018256,37.2743210944606],[-121.86030140213,37.2743210944606],[-121.860016636185,37.2744190260919],[-121.859887278784,37.2744190260919],[-121.859477647015,37.2744218854076],[-121.85909765965,37.2744261743811],[-121.858865894306,37.2744383264713],[-121.85805561392,37.2744597713315],[-121.857861577819,37.2744619158173],[-121.857591184918,37.2744647751314],[-121.857380979142,37.2744712085879],[-121.857324385279,37.2744712085879],[-121.857303724027,37.2744712085879],[-121.857244435219,37.2744712085879],[-121.857224672282,37.2744712085879],[-121.857024347974,37.2744740679016],[-121.85648985038,37.2744826458424],[-121.856423375049,37.2744840754991],[-121.856223050741,37.2744912237822],[-121.856029912954,37.27449622758],[-121.85596972583,37.2744976572364],[-121.855451397911,37.274509094487],[-121.855259158441,37.2745140982835],[-121.855135190931,37.2745162427677],[-121.855002240269,37.2745198169078],[-121.85476598335,37.2745191020798],[-121.854642914156,37.2745191020798],[-121.854147044119,37.2745248207036],[-121.852661230639,37.274546980367],[-121.852166258917,37.2745548434718],[-121.852062054344,37.2745562731271],[-121.852006358797,37.2745562731271],[-121.851529353381,37.2745619917482],[-121.851370351576,37.2745648510585],[-121.851064026064,37.2745677103687],[-121.850787344956,37.2745719993339],[-121.850145947843,37.2745741438164],[-121.849839622332,37.2745762882989],[-121.849677027265,37.2745741438164],[-121.848917052535,37.2745877255375],[-121.848628693329,37.2745941589834],[-121.847854345554,37.2746198927617],[-121.847371950246,37.2746299003398],[-121.846976691521,37.2746449117044],[-121.846744027862,37.2746642120259],[-121.846455668656,37.2746978088701],[-121.846154733036,37.2747399836108],[-121.846118800425,37.2747457022179],[-121.845890628343,37.2747893065826],[-121.845654371423,37.2748493518959],[-121.845260909328,37.2749658682603],[-121.845142331711,37.2750051835572],[-121.84480726011,37.275143859168],[-121.844541358786,37.2752682381067],[-121.844499137967,37.2752882530892],[-121.844299711974,37.2753940464794],[-121.844069743262,37.275527717645],[-121.842556082008,37.2765098717641],[-121.84218238285,37.2767543360814],[-121.841896718589,37.2769280339297],[-121.841750293198,37.2770331102113],[-121.841445764317,37.277231110697],[-121.84093282629,37.2775663522091],[-121.840241123521,37.2780338293518],[-121.840088409922,37.278131756153],[-121.839845864796,37.2782882958116],[-121.839631167443,37.2784262505833],[-121.839219739043,37.2786900079662],[-121.837989047103,37.279484133693],[-121.837841723397,37.2795799142676],[-121.83778962111,37.2796077906805],[-121.837576720388,37.2797457430338],[-121.837508448426,37.2797900592802],[-121.837353938198,37.2798901281276],[-121.83665055733,37.2791982208052],[-121.836584081999,37.2791317459032],[-121.836293926162,37.2788472612507],[-121.835888785969,37.2784541274235],[-121.835240202334,37.2778229646392],[-121.834189173452,37.276860842217],[-121.833828050707,37.276491286725],[-121.833611556724,37.2762689807098],[-121.832175150585,37.2748250478463],[-121.831791569958,37.2744712085879],[-121.831172630728,37.2738893359689],[-121.83108639246,37.2738207118746],[-121.830584234216,37.2734318408253],[-121.829500865984,37.2727048467296],[-121.829049911711,37.2724031814353],[-121.829208913516,37.2722530631844],[-121.829261914118,37.2722037385509],[-121.829399356357,37.2720800694002],[-121.829496374407,37.2719921426551],[-121.830197958644,37.2713552068253],[-121.830433317249,37.2711443234048],[-121.830558183073,37.2710270862647],[-121.830904932773,37.2707082575092],[-121.830933678862,37.270678233207],[-121.831056748056,37.2705588507444],[-121.83117981725,37.2704580546255],[-121.831273242039,37.2703822787309],[-121.831425057322,37.2702771931661],[-121.831575075975,37.2701899791846],[-121.831595737226,37.2701792561471],[-121.831717908105,37.2701199219788],[-121.831782586805,37.2700927569222],[-121.831912842522,37.2700398565208],[-121.831982012799,37.27001698066],[-121.83205028476,37.2699948196633],[-121.832166167432,37.2699619355916],[-121.832249710753,37.2699397745786],[-121.832519205338,37.2698768658612],[-121.832573104256,37.2698647130347],[-121.832635986325,37.2698468412275],[-121.832714139755,37.2698182463272],[-121.832803971284,37.2697867919242],[-121.832945006783,37.2697210235847],[-121.833022261898,37.2696867096457],[-121.833082449022,37.2696531105652],[-121.833191145171,37.2695923462326],[-121.833259417133,37.269545879357],[-121.833316909311,37.2695079909603],[-121.833442673451,37.2694100529407],[-121.833521725196,37.2693399950092],[-121.833624133138,37.269229188964],[-121.833722049504,37.2690962214944],[-121.833750795593,37.2690440352729],[-121.833798406303,37.2689611091478],[-121.833825355762,37.2689017740195],[-121.833225281152,37.2687209088218],[-121.833007888853,37.268647990714],[-121.832988125917,37.2686386972247],[-121.832815649382,37.2685679236909],[-121.832616223389,37.2684721291049],[-121.832432068756,37.2683699004198],[-121.832257795591,37.2682576631721],[-121.832090708948,37.2681347024283],[-121.831931707143,37.2680003032463],[-121.831780790175,37.2678537506732],[-121.831647839513,37.2677029084587],[-121.83152656695,37.2675449170001],[-121.83141607417,37.2673719123982],[-121.831343310632,37.2672396565461],[-121.831282225192,37.2671138345468],[-121.831222038068,37.2669558418522],[-121.831190597033,37.2668471770011],[-121.831160054314,37.2667356523855],[-121.831117833495,37.2665233262187],[-121.831093578983,37.2662981311451],[-121.831087290776,37.2659799972743],[-121.831072917731,37.265621826971],[-121.831072019416,37.2655882260766],[-121.831060341317,37.265300830581],[-121.831015425553,37.2647603524988],[-121.830998357562,37.2645523102984],[-121.830993865986,37.2641948481307],[-121.83098937441,37.2638459634189],[-121.830981289572,37.263113157276],[-121.830972306419,37.262849345319],[-121.830968713158,37.262799299586],[-121.830950746852,37.2624511233518],[-121.8309417637,37.2622981254831],[-121.830915712556,37.2618398449607],[-121.830907627719,37.2616882757499],[-121.830913915926,37.2615552949647],[-121.830910322665,37.2613322298946],[-121.830910322665,37.2607817139135],[-121.830906729403,37.2590421999605],[-121.830905831088,37.2587719389466],[-121.829420017608,37.258781948631],[-121.829332881026,37.258781948631],[-121.829074166224,37.2587840935633],[-121.828987927957,37.2587848085407],[-121.828959181867,37.2587848085407],[-121.828873841915,37.2587869534728],[-121.828845994142,37.2587876684502],[-121.828812756476,37.2587876684502],[-121.828713941795,37.2587898133822],[-121.828681602445,37.2587912433369],[-121.828484871397,37.2587890984049],[-121.828274665621,37.2587898133822],[-121.827054753465,37.2587991080871],[-121.826648714957,37.2588026829733],[-121.826459170432,37.2588026829733],[-121.825889638542,37.2588069728364],[-121.825700992332,37.2588076878136],[-121.825621940587,37.2588076878136],[-121.825384785352,37.2588098327451],[-121.825306631922,37.2588112626994],[-121.825199732403,37.2588119776765],[-121.825096426146,37.2588126926536],[-121.824881728793,37.2588262772177],[-121.824776625905,37.2588327120104],[-121.824681404485,37.2588341419643],[-121.824482876807,37.2588370018719],[-121.823601629513,37.2588520163851],[-121.82330877873,37.2588570212222],[-121.823236015192,37.2588541613153],[-121.823142590403,37.2588548762921],[-121.822660195095,37.2588627410356],[-121.822646720366,37.2588620260589],[-121.822482328669,37.2588620260589],[-121.822257749848,37.2588627410356],[-121.822001729992,37.2588648859655],[-121.821586708331,37.258867745872],[-121.82136392614,37.2588698908018],[-121.821206720966,37.2588698908018],[-121.820736902072,37.258872750708],[-121.820580595213,37.2588741806611],[-121.820336253455,37.2588748956376],[-121.819602329868,37.2588820454026],[-121.819357988111,37.258884190332],[-121.819322953815,37.2587991080871],[-121.819281631312,37.2586968662706],[-121.819234020602,37.2585402858772],[-121.819225037449,37.2585102567234],[-121.819210664404,37.2584523433217],[-121.819180121685,37.2583801302522],[-121.819172935162,37.2583636856821],[-121.819131612659,37.2582828927423],[-121.819066933959,37.2581827951746],[-121.819018424933,37.2581170167005],[-121.818925000144,37.2579961843538],[-121.818889067532,37.257958290146],[-121.818852236606,37.2579182509623],[-121.81877138823,37.2578403174902],[-121.818675268495,37.2577588090019],[-121.818488418916,37.2576236763138],[-121.818413858747,37.2575721971308],[-121.818294382814,37.2574878283936],[-121.81824767042,37.2574549388603],[-121.818136279324,37.2573719999734],[-121.817884751045,37.257106022927],[-121.817854208325,37.257066698284],[-121.817826360551,37.2570316635848],[-121.817776953211,37.2569530142006],[-121.817723952609,37.2568579198356],[-121.817717664402,37.2568457649081],[-121.817691613259,37.2567907102119],[-121.81764759581,37.2566791707042],[-121.817624239612,37.2566019509482],[-121.817603578361,37.2565032811448],[-121.8175999851,37.2564818311705],[-121.817589205316,37.2563838762099],[-121.817574832272,37.2562337260232],[-121.817573933957,37.2559412898004],[-121.817579323848,37.2558061538518],[-121.817606273307,37.2555787817087],[-121.817617951405,37.2553993145326],[-121.817620646351,37.2553556989391],[-121.817622442982,37.255141910665],[-121.817618849721,37.2550067732824],[-121.817623341297,37.25484589513],[-121.81761525646,37.2546649961749],[-121.817611663198,37.2543639736307],[-121.817602680046,37.2540879756567],[-121.817594595208,37.2533557896037],[-121.817588307001,37.2528938795074],[-121.817591900262,37.2527952048473],[-121.817602680046,37.2526886646706],[-121.817608069937,37.2525721138349],[-121.817596391839,37.2524376868803],[-121.817588307001,37.2523297161207],[-121.817553272705,37.2521109139745],[-121.817522729985,37.2519693357766],[-121.817509255256,37.2518728050346],[-121.817493983896,37.2514587940051],[-121.816907384016,37.2514630842865],[-121.81515027932,37.2514781002694],[-121.814563679439,37.2514838206431],[-121.81421872637,37.2514852507365],[-121.813184765478,37.2514916861562],[-121.812840710725,37.251493831296],[-121.812811964635,37.251493831296],[-121.812726624683,37.251493831296],[-121.81269877691,37.2514952613892],[-121.812617030219,37.2514981215754],[-121.81257301277,37.251500266715],[-121.812370891831,37.251500266715],[-121.812290043455,37.251500266715],[-121.81206636295,37.2514916861562],[-121.811707935151,37.2514616541927],[-121.811617205308,37.2514552187704],[-121.811471678232,37.2514373425944],[-121.811361185452,37.2514187513669],[-121.810882383405,37.2513329456419],[-121.810469158374,37.2512793170142],[-121.810380225161,37.2512707364302],[-121.810078391226,37.2512528602104],[-121.809975084968,37.2512507150638],[-121.809801710118,37.2512500000149],[-121.809527723957,37.2512621558453],[-121.809393874979,37.2512771718683],[-121.80933278954,37.2512828922572],[-121.80914414333,37.2513043437119],[-121.809092939359,37.2513093490504],[-121.809028260659,37.2514559338173],[-121.808862072331,37.2515431694944],[-121.808836021188,37.2515431694944],[-121.808813563306,37.2515431694944],[-121.808677917698,37.2515531801394],[-121.80855934008,37.2515717713338],[-121.808297032017,37.2516368404779],[-121.808120063907,37.251688323717],[-121.807875722149,37.2517898600019],[-121.80775175464,37.2518492086122],[-121.807542447179,37.251975771155],[-121.807422072931,37.2518649395613],[-121.80722983346,37.2517047697443],[-121.807167849705,37.2516690175065],[-121.807051068718,37.2516168192088],[-121.80693069447,37.2515767766546],[-121.806795048862,37.251546744725],[-121.806659403255,37.2515310137095],[-121.805979378584,37.2515331588481],[-121.805926377983,37.2515302986632],[-121.805843732977,37.2515152826906],[-121.805767376177,37.2514866808298],[-121.805699104216,37.2514473532535],[-121.8053631343,37.2514516435355],[-121.805350557886,37.2514530736294],[-121.80452680277,37.2514580789581],[-121.804357919497,37.2514637993333],[-121.804023746211,37.2514759551292],[-121.804095611434,37.2517448122304],[-121.804095611434,37.2521280749502],[-121.804071356921,37.2524698635668],[-121.804013864743,37.2526657835391],[-121.803907863539,37.2529353514274],[-121.80375335331,37.2532206490172],[-121.803586266668,37.253475914366],[-121.803386840674,37.253694712548],[-121.803320365343,37.2537690751841],[-121.803203584356,37.2538870542158],[-121.802200166184,37.2549081013897],[-121.802246878579,37.2549367019516],[-121.80289815716,37.255329958577],[-121.802731968832,37.2554393550551],[-121.802490322021,37.2556252572025],[-121.802355574728,37.2557589634634],[-121.80166387196,37.2553306735872],[-121.801368326231,37.2551433406889],[-121.801276698072,37.2550847096861],[-121.800685606615,37.2547221974725],[-121.797843337056,37.2529067501057],[-121.797714877971,37.2528288114489],[-121.797332195659,37.2525971401031],[-121.797204634889,37.2525199161629],[-121.796536288318,37.2521159192595],[-121.794528553658,37.2509067757601],[-121.793860207086,37.2505042003188],[-121.793569152934,37.2503290114],[-121.792697787109,37.2498041572623],[-121.792459733558,37.2496611446018],[-121.792407631272,37.2496311119086],[-121.792005186025,37.2493901348657],[-121.791609028984,37.2491527323962],[-121.790798748598,37.2486671991128],[-121.790398099981,37.2484269340629],[-121.790243589753,37.248334689242],[-121.789782754012,37.2480586691809],[-121.789630040413,37.2479671389892],[-121.789483615022,37.2478791840909],[-121.789142255214,37.2476746706784],[-121.789046135479,37.2476203243636],[-121.788898811772,37.2475366595654],[-121.788682317789,37.2474136649927],[-121.788333771458,37.2472048597932],[-121.788240346669,37.2471490829638],[-121.787871139087,37.246916679064],[-121.787395930302,37.2466342179747],[-121.786874009122,37.2463231520058],[-121.786654820192,37.246190859193],[-121.786370054247,37.2460192357385],[-121.78609516977,37.2458540477944],[-121.78547623054,37.2454857703385],[-121.785220210684,37.2453348833271],[-121.783623006109,37.2443780667158],[-121.783005863508,37.2440090669294],[-121.782695944735,37.2438231361199],[-121.781768883362,37.2432682014378],[-121.781625152917,37.243181671306],[-121.78146076122,37.2430829839269],[-121.781323318981,37.2430000292185],[-121.780910093951,37.242753309934],[-121.780824753999,37.2427018205901],[-121.780772651712,37.242671069993],[-121.780413325598,37.2424551003294],[-121.780383681194,37.2424379371508],[-121.77921676964,37.2417428251322],[-121.778828697437,37.2415118348427],[-121.778670593947,37.2414081392812],[-121.778361573489,37.2412050385958],[-121.77829869142,37.2411678510871],[-121.778195385162,37.2411063486285],[-121.778033688411,37.2410112342625],[-121.777990569277,37.2409847738536],[-121.777862110191,37.2409089683064],[-121.777819889373,37.2408839381561],[-121.777691430288,37.2408081325076],[-121.777587225715,37.2407451994583],[-121.776891031369,37.2403246909173],[-121.776659266026,37.2401859511901],[-121.776484094546,37.2400801083398],[-121.776368211874,37.2400107382831],[-121.776307126435,37.2399771259646],[-121.776110395387,37.2398691373504],[-121.775250707661,37.2393556529493],[-121.774901263015,37.2391468254234],[-121.774857245566,37.239121079524],[-121.774797058442,37.2390838909871],[-121.774621886962,37.2389759010933],[-121.774515885758,37.2389058148543],[-121.7744889363,37.2388886508674],[-121.774384731727,37.2388271465492],[-121.774362273845,37.2388121280452],[-121.774294001883,37.2387699331848],[-121.774272442316,37.2387570601718],[-121.774032592135,37.2386090203646],[-121.773986778056,37.2385811287742],[-121.773312143277,37.2381770571397],[-121.773072293097,37.2380333072395],[-121.773102835816,37.237978953972],[-121.773198955552,37.2378201849923],[-121.773232193217,37.2377672619248],[-121.773298668548,37.2376278023122],[-121.773375923663,37.2374347039611],[-121.773436110787,37.2372308773871],[-121.77347743329,37.2370113162155],[-121.77349270465,37.2368110644264],[-121.773490009704,37.2367238116948],[-121.773486416443,37.2365628945068],[-121.773458568669,37.2363640719068],[-121.773417246166,37.2361802678138],[-121.773354364096,37.2359878809485],[-121.772400353264,37.2337006567338],[-121.772389573481,37.2336763394056],[-121.772348250978,37.233564050465],[-121.77229255543,37.2333788091082],[-121.772253927873,37.2331949977368],[-121.772228775045,37.232993305366],[-121.772224283468,37.2328059169352],[-121.772234164936,37.2326120910073],[-121.772264707656,37.2323989534338],[-121.772270995863,37.2323732052297],[-121.772316809943,37.2321886761769],[-121.772385081904,37.2319948486621],[-121.772471320171,37.2318053120496],[-121.77252881235,37.231700887901],[-121.772573728114,37.231622212077],[-121.772658169751,37.2314970458244],[-121.772677034372,37.2314698668392],[-121.772804595142,37.2313139451033],[-121.772907003084,37.2312016526442],[-121.772956410425,37.2311487249303],[-121.77389065832,37.2301409455603],[-121.774203272039,37.2298047776929],[-121.774432342437,37.2295551542004],[-121.774504207659,37.2294779066485],[-121.775110570476,37.2287976956221],[-121.775337844243,37.2285459230029],[-121.775637881548,37.228209032757],[-121.775891206458,37.2279272168304],[-121.776538891778,37.2271969224345],[-121.776668249179,37.2270538668763],[-121.776844318975,37.2268643178436],[-121.776928760611,37.2267770536004],[-121.776964693223,37.2267412895372],[-121.777179390576,37.2265102532799],[-121.777262035582,37.2264208427737],[-121.777352765425,37.2263207028808],[-121.777629446533,37.2260231435575],[-121.777721973007,37.2259251490041],[-121.777782160131,37.2258593423713],[-121.777965416449,37.2256633527115],[-121.778025603573,37.2255982611424],[-121.778084892382,37.2255331695172],[-121.778263657123,37.2253407554834],[-121.778323844248,37.2252770942266],[-121.778454099964,37.2251361809164],[-121.778845765428,37.2247141547069],[-121.778890681192,37.2246669448485],[-121.778986800927,37.224584685176],[-121.7790263268,37.2245510659798],[-121.77907573414,37.2245102937428],[-121.779137717895,37.2244430552689],[-121.779173650506,37.2244058594916],[-121.779230244369,37.2243457739665],[-121.779399127643,37.2241648017981],[-121.779455721506,37.2241061466937],[-121.780080948943,37.2234373322178],[-121.780092627042,37.2234251718997],[-121.781273013325,37.2221519042134],[-121.781925190222,37.2214651891229],[-121.781955732941,37.2214301378724],[-121.782175820186,37.2211883553338],[-121.782380636071,37.2209837695034],[-121.782542332822,37.220824964735],[-121.782588146901,37.2207691683857],[-121.782610604783,37.2207398395188],[-121.782678876745,37.2206547142066],[-121.782703131258,37.2206268159741],[-121.78272558914,37.2205989177313],[-121.782733673977,37.220588902975],[-121.782831590343,37.2204823172715],[-121.782864828009,37.2204472655643],[-121.782914235349,37.2203650012896],[-121.782295296119,37.2189951090933],[-121.782270143291,37.2189092664564],[-121.780723244371,37.2189550492082],[-121.780769058451,37.217333321354],[-121.78079780454,37.2168089528377],[-121.780834635467,37.2165328173381],[-121.780879551231,37.2152909104718],[-121.78071785448,37.2152859027414],[-121.780118678185,37.2144760768297],[-121.781254148704,37.2124328731766],[-121.781222707669,37.2121989314129],[-121.78120743631,37.212085179651],[-121.780658565671,37.2117117292647],[-121.780241747379,37.2106478863271],[-121.779424280471,37.2086782706725],[-121.778772103574,37.2084121217884],[-121.778225029566,37.2081881839624],[-121.777565666148,37.2079241797294],[-121.775591169153,37.2071350233582],[-121.77493270405,37.2068717309106],[-121.775551643281,37.2060560908674],[-121.777410257604,37.2036112643485],[-121.77803009515,37.2027970200844],[-121.778137892984,37.2027998821183],[-121.778464879747,37.2028113302528],[-121.778573575897,37.2028149077944],[-121.778957156523,37.2028270714349],[-121.779335347257,37.2023526880073],[-121.785956829217,37.2019469912176],[-121.787685187823,37.2020557496538],[-121.789842941136,37.201556318174],[-121.792634006724,37.2023691447976],[-121.795220256427,37.2014597228789],[-121.796339557271,37.2010318400111],[-121.794421654139,37.1985253135553],[-121.793720968217,37.1976079741914],[-121.789181781087,37.191557691633],[-121.789071288307,37.1916507215281],[-121.789052423686,37.1915941879901],[-121.788994033192,37.1914782583242],[-121.788885337043,37.1913236851594],[-121.78868591105,37.191063200036],[-121.788594282891,37.1909622975902],[-121.78846492549,37.1908342013832],[-121.788368805755,37.1907511892],[-121.788206210688,37.1906209457632],[-121.788108294322,37.1905500989642],[-121.7879600723,37.1904513427093],[-121.787816341855,37.1903661832264],[-121.787662729941,37.1902853174099],[-121.787474982047,37.1901987264839],[-121.787359099375,37.1901607981958],[-121.787233335235,37.1901328886886],[-121.787103079519,37.1901178604882],[-121.787033010927,37.1901178604882],[-121.786951264236,37.1901178604882],[-121.786823703466,37.190130741803],[-121.786697041011,37.1901572200544],[-121.786520971215,37.1902130390405],[-121.786393410445,37.1902430954006],[-121.786256866522,37.190260270458],[-121.785540010925,37.1902609860854],[-121.785454670973,37.1902581235761],[-121.785345974823,37.1902416641456],[-121.785233685413,37.1902087452738],[-121.785142057254,37.1901658075935],[-121.785053124041,37.1901092729437],[-121.784981258818,37.1900441506998],[-121.784921970009,37.1899711564695],[-121.784877054245,37.1898888589684],[-121.784849206471,37.1898022675878],[-121.784839325003,37.1897056572525],[-121.784844714895,37.1896226438287],[-121.784870766038,37.1895389146795],[-121.784931851477,37.1894330007509],[-121.784967784089,37.1893456932116],[-121.78498844534,37.1892490822922],[-121.78498844534,37.188094035506],[-121.785241770251,37.1880861633793],[-121.78522470226,37.1859012586783],[-121.785237278674,37.1851133034136],[-121.785402568686,37.1850181184336],[-121.785498688422,37.1842358794304],[-121.785411551839,37.184255918591],[-121.785237278674,37.1843239085608],[-121.785071090347,37.1812750350161],[-121.784947122837,37.1789983193713],[-121.784786324401,37.1761782746519],[-121.784694696242,37.175179781808],[-121.784777341249,37.1748118750246],[-121.784709069287,37.1741168555702],[-121.78465517037,37.1723187941144],[-121.786393410445,37.1722293193973],[-121.787778612613,37.1721577395473],[-121.787846884574,37.1719830844288],[-121.787901681807,37.1719107885444],[-121.787992411651,37.171905777936],[-121.788081344864,37.1719501575989],[-121.788266397812,37.1720210218454],[-121.788637402025,37.1720489380455],[-121.788973371941,37.1721040546153],[-121.789124288909,37.172112644207],[-121.789233883373,37.1720868754291],[-121.789322816586,37.1720761384356],[-121.789577039812,37.1721856556968],[-121.789770177598,37.1722028348607],[-121.789955230546,37.172240772167],[-121.790017214301,37.1722736988702],[-121.79003068903,37.172318078317],[-121.790113334036,37.1723288152761],[-121.79061369565,37.1724827115212],[-121.791114955578,37.1726036809079],[-121.791349415867,37.1726036809079],[-121.791595554255,37.1725328172078],[-121.791856964003,37.1724777009507],[-121.791932422487,37.1724512165012],[-121.792386071705,37.1723789210647],[-121.79274899108,37.1722636777011],[-121.792838822608,37.172242203763],[-121.793038248601,37.172242203763],[-121.793332896015,37.1721820767039],[-121.793785646918,37.172171339724],[-121.794506994091,37.1719129359479],[-121.794685758832,37.1718800090875],[-121.794823201071,37.1718692720646],[-121.795056763045,37.1719236729645],[-121.795214866535,37.171968052617],[-121.795314579531,37.1720389168466],[-121.795386444754,37.1720890228275],[-121.795565209496,37.1721663291328],[-121.795970349689,37.1722479301472],[-121.796250624057,37.1723581629563],[-121.796485084347,37.1723416996249],[-121.796588390604,37.1722758462634],[-121.796643187837,37.1721341181819],[-121.798683261847,37.1720768542352],[-121.79894736654,37.1720696962388],[-121.801443784715,37.1719258203677],[-121.802041164379,37.1718277555621],[-121.802455287725,37.1718277555621],[-121.80285234308,37.1718148711257],[-121.802819105415,37.1711727939259],[-121.802822698676,37.171044664155],[-121.802778681227,37.1698957813617],[-121.80266010361,37.1673488499355],[-121.802672680024,37.1671033149104],[-121.80264662888,37.1664318477066],[-121.802640340673,37.1662478732418],[-121.802582848495,37.1650130135891],[-121.803007751625,37.165005139057],[-121.812450841891,37.1648412054299],[-121.812721234792,37.1647882311687],[-121.815154770896,37.1648240245925],[-121.816169867167,37.1647939581176],[-121.816606448396,37.1648182976458],[-121.816672025411,37.1647867994314],[-121.816750178841,37.1647667551063],[-121.816901994124,37.1647581646796],[-121.817194844907,37.1647581646796],[-121.817488594005,37.1647667551063],[-121.817609866568,37.1647710503193],[-121.817714969456,37.1647610281552],[-121.817818275714,37.1647359727395],[-121.819967045873,37.164695884057],[-121.819967045873,37.1645476989211],[-121.821713370786,37.1645219275634],[-121.822650313627,37.1644868498681],[-121.822650313627,37.1646622381821],[-121.827607217365,37.1645727543993],[-121.827961153587,37.1645519941465],[-121.828066256475,37.1645476989211],[-121.828904384635,37.1645197799499],[-121.828948402084,37.1641468101407],[-121.829079556116,37.1638711978708],[-121.830688438789,37.1628668153021],[-121.831154664422,37.1625747329055],[-121.831258868995,37.1625103028131],[-121.831363073568,37.162445156775],[-121.831317259488,37.1623578180424],[-121.83117981725,37.1620986648155],[-121.831134901486,37.1620127574724],[-121.831451108466,37.1621766972342],[-121.831999979104,37.1621766972342],[-121.832556036265,37.1620779038832],[-121.83282373422,37.1620342343174],[-121.833103110273,37.1618967824044],[-121.8331399412,37.1618803167939],[-121.833221687891,37.1618251927674],[-121.8333456554,37.1617808071584],[-121.833421113884,37.1617922615116],[-121.833557657807,37.1618910552359],[-121.833750795593,37.1620886422972],[-121.833908899083,37.162170970087],[-121.834066104258,37.1622812175954],[-121.834244868999,37.1622812175954],[-121.835102760096,37.1621437661316],[-121.835391119302,37.1620277912645],[-121.835549222792,37.1619132480113],[-121.835803446017,37.1616927517602],[-121.835947176463,37.1615782079993],[-121.836071143972,37.1615388335414],[-121.836214874417,37.1615502879312],[-121.836372977907,37.1615782079993],[-121.83674398212,37.1615610264201],[-121.83693622159,37.16162116193],[-121.837121274539,37.1617643415226],[-121.837354836513,37.1618409424933],[-121.837690806429,37.1619232705529],[-121.838027674661,37.1619118162195],[-121.838741835312,37.1617972727906],[-121.838766089824,37.1617929774086],[-121.839284417743,37.1617142286961],[-121.839922221595,37.1615438448371],[-121.840765739647,37.1613398132403],[-121.84095169091,37.1612302802611],[-121.841151116904,37.1610219523921],[-121.841321796808,37.160752055983],[-121.841332576591,37.1607112492802],[-121.841356831104,37.1606260562684],[-121.841365814256,37.1602702491223],[-121.840562720392,37.1582950236665],[-121.840463007396,37.1567836800307],[-121.840388447227,37.1556453197787],[-121.840662433389,37.1557978180898],[-121.84148708682,37.1562588909246],[-121.841761971297,37.156412819894],[-121.843482245066,37.1572239845878],[-121.844058963478,37.1575060645336],[-121.844021234236,37.1576506837932],[-121.844008657822,37.1576829009173],[-121.843977216787,37.1577680972459],[-121.843935894284,37.1578826467802],[-121.84390624988,37.1579499445507],[-121.843857740855,37.1580172422612],[-121.843796655415,37.158076664658],[-121.843688857581,37.1581561330915],[-121.843266649398,37.1583952538199],[-121.843213648796,37.1584267546978],[-121.8429729003,37.1585778155436],[-121.842872288988,37.1586501241828],[-121.842786050721,37.1587288760875],[-121.842734846749,37.1588061960595],[-121.842698015823,37.1588928229712],[-121.842677354571,37.1589873249435],[-121.842674659625,37.1590796790297],[-121.84271957539,37.1592901600136],[-121.842812101864,37.1596030167197],[-121.842845339529,37.1597762686178],[-121.842865102466,37.1600297024972],[-121.842850729421,37.1601972261206],[-121.842845339529,37.160273112768],[-121.842786949036,37.1606682948325],[-121.84275191474,37.1608701805246],[-121.842868695727,37.160915998479],[-121.842964815462,37.1609646800251],[-121.84306991835,37.1610377022854],[-121.843155258302,37.1611171676062],[-121.843222631949,37.1612009282593],[-121.843281022442,37.1612696548797],[-121.843357379241,37.161334801931],[-121.843442719193,37.1613870627117],[-121.843583754693,37.1614357439544],[-121.843759824489,37.1614822774659],[-121.843935894284,37.1615130611578],[-121.844510816066,37.161644070683],[-121.844534172264,37.1616519455653],[-121.844602444225,37.1616870245762],[-121.844647359989,37.1617256830593],[-121.844685987547,37.1617808071584],[-121.844704852168,37.1618402265968],[-121.844738988148,37.1619927124117],[-121.844757852769,37.1620557111562],[-121.844797378642,37.1621172780603],[-121.84483959946,37.1621559363234],[-121.844920447836,37.162205332964],[-121.845021059148,37.1622461388602],[-121.845318401507,37.1623148645303],[-121.845593285984,37.1624730765125],[-121.845693897295,37.1632612679238],[-121.845963391881,37.163997192176],[-121.846234683096,37.1647431314305],[-121.845969680088,37.1656730396352],[-121.846019087428,37.1665793132967],[-121.846225699944,37.1669823367183],[-121.846123292001,37.1675399801464],[-121.84613676673,37.1677010445556],[-121.847204863603,37.1689072271083],[-121.847221931594,37.1698449581057],[-121.84722462654,37.1701012214988],[-121.848226248081,37.1703088085264],[-121.849032036891,37.170766213792],[-121.849633009816,37.1715077914065],[-121.849938437013,37.1718370609871],[-121.85098856758,37.1731798933752],[-121.851829390686,37.1737360595021],[-121.853993432205,37.1752026864512],[-121.854463251099,37.1755118984552],[-121.854606981544,37.1756879769475],[-121.854819882267,37.1758418663506],[-121.855012121738,37.1759506623907],[-121.855183699957,37.1760723419867],[-121.855348989969,37.1761596648702],[-121.855596026672,37.176314269072],[-121.855946369633,37.1764667256834],[-121.856214067588,37.1766492437573],[-121.856419781788,37.1768131517693],[-121.856825820296,37.1769892272289],[-121.85710699298,37.1770271621319],[-121.857828340153,37.1773506816629],[-121.857937934618,37.1774716432555],[-121.858020579624,37.1776699053288],[-121.85815083534,37.1778237906949],[-121.858323311875,37.1779390255777],[-121.858591009829,37.1780098842072],[-121.858761689733,37.1780270620468],[-121.859030286003,37.1780821742556],[-121.859256661455,37.1781909670695],[-121.859448900926,37.1783448513741],[-121.859497409951,37.1784278771944],[-121.85962137746,37.1785703092079],[-121.859713903935,37.1787828831206],[-121.859766006221,37.1789002637454],[-121.85984056639,37.1790369689992],[-121.859992381673,37.1792187651314],[-121.860363385885,37.1795480011077],[-121.860755051349,37.1796911467368],[-121.861160191542,37.1799538182605],[-121.861454838955,37.1800969631206],[-121.861551857006,37.1801849970748],[-121.861637196958,37.1803116799021],[-121.861655163264,37.1803388773175],[-121.861799792024,37.1806029780266],[-121.861885131976,37.1806960214169],[-121.861989336549,37.1808098204846],[-121.862045930412,37.1808720878265],[-121.862293865431,37.1811963066045],[-121.862466341965,37.1813602047508],[-121.862664869643,37.1814589728944],[-121.863309860017,37.1816243018891],[-121.863735661462,37.1817230696873],[-121.863977308273,37.1818096703316],[-121.864190208995,37.1819642629706],[-121.864333939441,37.1820186566016],[-121.864628586854,37.1820458534024],[-121.864863047143,37.182128875155],[-121.865191830537,37.1822992126028],[-121.865701175303,37.1826720928181],[-121.865797295039,37.1827880360031],[-121.865914076026,37.1830127648796],[-121.865988636194,37.1830950698741],[-121.866057806471,37.1831229819823],[-121.866250045942,37.1831559039429],[-121.866462946664,37.1832382087814],[-121.867012715618,37.1835452408224],[-121.867163632586,37.1836547414582],[-121.867328922598,37.1837978793048],[-121.86754182332,37.1838687324385],[-121.867637943056,37.1838687324385],[-121.867926302262,37.1839080952618],[-121.868297306474,37.1840233208631],[-121.868792278196,37.1840612522338],[-121.869107586861,37.1841428404005],[-121.869472302866,37.1842967125803],[-121.870296057982,37.1842251441636],[-121.870508958704,37.1841922226691],[-121.870735334155,37.1841922226691],[-121.870948234878,37.1842251441636],[-121.871085677116,37.1842959968964],[-121.871270730065,37.1844613196813],[-121.871305764361,37.1845271624213],[-121.871268933434,37.1846080344038],[-121.871250068813,37.184882855361],[-121.871190780005,37.1851140190896],[-121.871095558584,37.1853287216094],[-121.870982370859,37.1857130375958],[-121.870958116346,37.1859628061548],[-121.868582970735,37.1878907912448],[-121.866398267964,37.1897042259874],[-121.863958443652,37.1917408888555],[-121.861806080231,37.1934848182848],[-121.861209598883,37.1939141751164],[-121.860801763744,37.1942547964659],[-121.859978008628,37.1949417592186],[-121.85982529503,37.1950719952022],[-121.857956799239,37.1965818575138],[-121.857982850382,37.1967020727413],[-121.857982850382,37.1971693360631],[-121.858057410551,37.1974519824574],[-121.858141852187,37.1975807829949],[-121.858217310671,37.1977303344544],[-121.858245158445,37.1979221033566],[-121.858230785401,37.1981797026076],[-121.85818317469,37.1983507194027],[-121.858176886483,37.1985432022776],[-121.858252344967,37.1989710992525],[-121.858376312477,37.1991642960885],[-121.85846524569,37.1993231464499],[-121.858527229444,37.1994991694329],[-121.858466144005,37.1997567633023],[-121.858453567591,37.1999642688357],[-121.85845177096,37.2000207961062],[-121.858479618734,37.2000758922659],[-121.858685332934,37.2003757005339],[-121.858898233657,37.200379278191],[-121.862546292025,37.2004100460351],[-121.862564258331,37.2006447398753],[-121.862566953277,37.2029279580237],[-121.862568749908,37.2037500713694],[-121.862522935828,37.2039568504273],[-121.863229011641,37.2039532729397],[-121.863229909957,37.2039139205657],[-121.863232604903,37.2037958633204],[-121.863235299848,37.203757941863],[-121.866414437639,37.20374935587],[-121.868263170494,37.2037450628731],[-121.875845849807,37.2037457783726],[-121.875950952695,37.2037457783726],[-121.876169243309,37.2037457783726],[-121.87617103994,37.2038588272075],[-121.876239311901,37.2067071726644],[-121.876245600108,37.2071901143247],[-121.876268956306,37.2086410671215],[-121.876277041143,37.2091247118541],[-121.876278837774,37.2092620778402],[-121.876287820927,37.209674174298],[-121.876291414188,37.2098122547257],[-121.876230328748,37.2107709408839],[-121.876230328748,37.2110957467153],[-121.880793770392,37.2110020253525],[-121.88085126257,37.2136369105967],[-121.884608017088,37.2136390568138],[-121.890368913005,37.2136490724929],[-121.892888687377,37.2136526495208],[-121.893110571252,37.2136526495208],[-121.89471496235,37.213667673036],[-121.894830845021,37.215529134975],[-121.894852404588,37.2166487085258],[-121.894838929859,37.2216740656246],[-121.894805692193,37.2218872335127],[-121.894805692193,37.2232942695278],[-121.89477784442,37.225269941273],[-121.894723945503,37.2267677549456],[-121.894732928655,37.2272677348354],[-121.894741911808,37.2277927459156],[-121.894739216862,37.2292568923823],[-121.894518231303,37.2291717766831],[-121.894306228895,37.2290916677019],[-121.894115786055,37.2290308706505],[-121.893740290266,37.228944324175],[-121.893476185573,37.2288842422659],[-121.893304607354,37.2288463334177],[-121.893099791469,37.2288077092885],[-121.892920128412,37.2287898277405],[-121.89278717775,37.2287876819545],[-121.892612904585,37.2287862514304],[-121.892373054404,37.2287848209064],[-121.891652605546,37.2287826751201],[-121.891412755365,37.2287826751201],[-121.89117560013,37.228781244596],[-121.890963597723,37.228781244596],[-121.890516236712,37.2287726614505],[-121.890465931056,37.2287690851396],[-121.890229674136,37.2287540646319],[-121.890083248745,37.2287411899086],[-121.889646667517,37.2286839688897],[-121.889502038756,37.2286660873124],[-121.889470597721,37.2288277366172],[-121.889456224677,37.2289128527048],[-121.88941939375,37.2290787930363],[-121.889372681355,37.2293148282235],[-121.889343036951,37.2294779066485],[-121.88937357967,37.2294821981813],[-121.889467902775,37.2294943575227],[-121.889500242125,37.2294986490545],[-121.889669125399,37.2295208219649],[-121.889582887132,37.229916356981],[-121.889643074256,37.2299242247451],[-121.889500242125,37.2303097441795],[-121.889572107348,37.2307181494451],[-121.889520005062,37.2311129629405],[-121.889565819141,37.2311151086603],[-121.889526293269,37.2315049134235],[-121.889555937673,37.2315099200771],[-121.889526293269,37.2319111665184],[-121.889666430453,37.2319147426802],[-121.889660142246,37.2329296505697],[-121.889439156686,37.2329246440103],[-121.888194990018,37.2329332266832],[-121.887710798079,37.2329217831192],[-121.887659594108,37.2339087841335],[-121.887848240318,37.2342606683271],[-121.887915613964,37.2342377816002],[-121.888097073652,37.2345932402931],[-121.888718707828,37.2344223056379],[-121.888822912401,37.2344037102127],[-121.888875014688,37.2345410301675],[-121.88905737269,37.2349308172184],[-121.889182238515,37.2351310740021],[-121.889466106145,37.2354901044755],[-121.88952988653,37.2355430291417],[-121.889740990622,37.2357590186105],[-121.889652057408,37.2358276773848],[-121.889599056807,37.2358698738922],[-121.88954515789,37.2359177919312],[-121.889438258371,37.236010767144],[-121.889257696999,37.2361688247426],[-121.889127441283,37.2362997047657],[-121.889108576662,37.2363197301044],[-121.889034914808,37.2364076984935],[-121.888978320945,37.236476356677],[-121.888840878707,37.236672318232],[-121.888671097118,37.2368890196504],[-121.888610909994,37.2369490951808],[-121.88847077281,37.2370656701807],[-121.888324347419,37.2371672261687],[-121.888174328766,37.2372523328419],[-121.887878783038,37.2374161092789],[-121.887742239114,37.2374919183389],[-121.887645221064,37.2375419808839],[-121.887488015889,37.2376256567777],[-121.887276013482,37.2377322182516],[-121.887135876298,37.237782280637],[-121.886931060413,37.2378387795748],[-121.886910399161,37.2378430706317],[-121.886790923229,37.2378681017917],[-121.886648989414,37.2378888418894],[-121.886657074251,37.2379517773235],[-121.886663362458,37.2379796691468],[-121.886703786646,37.2381677598908],[-121.886574429245,37.2382507199178],[-121.885409314322,37.2388257162156],[-121.885465908184,37.2389630281155],[-121.886435190376,37.2412772681276],[-121.886756787248,37.2419866871774],[-121.887426032134,37.2435778497733],[-121.888141989416,37.2452798202193],[-121.888191396756,37.245243349827],[-121.888256973772,37.2454056786924],[-121.888458196396,37.2458948084896],[-121.888525570042,37.2460592812462],[-121.888600130211,37.2462459216352],[-121.888824709032,37.2468072702108],[-121.888900167516,37.2469939087472],[-121.888779793268,37.2470239424915],[-121.888905557407,37.2473707598619],[-121.889046592907,37.2473371508258],[-121.889140017697,37.2475552517509],[-121.889200204821,37.2476961231603],[-121.889257696999,37.2478348490626],[-121.889263985206,37.2478491506875],[-121.889443648263,37.2482488800049],[-121.889507428648,37.2483883199656],[-121.889567615772,37.2485291898177],[-121.889751770405,37.2489532279353],[-121.88981375416,37.2490948118007],[-121.889875737914,37.249235680332],[-121.889969162704,37.2494451949701],[-121.89006707907,37.2498148832008],[-121.890205419623,37.2501738437317],[-121.890233267397,37.250165978081],[-121.890370709636,37.2505192164929],[-121.890243148865,37.2505521090542],[-121.890386879311,37.2509410982559],[-121.890481202416,37.2509132112292],[-121.890587203619,37.2511670542966],[-121.890662662103,37.2511477479525],[-121.890721052597,37.2513093490504],[-121.890735425641,37.2513801388027],[-121.890748002055,37.2514459231594],[-121.890784832982,37.2516318351611],[-121.890931258373,37.2520551407768],[-121.890951021309,37.2521023334853],[-121.891121701213,37.2525013252025],[-121.891179193391,37.2526350370078],[-121.891232193993,37.2527587380923],[-121.891392094114,37.2531341303134],[-121.891445993031,37.2532592606381],[-121.89150528184,37.2534001213835],[-121.891684046581,37.2538227020396],[-121.891744233705,37.2539649917779],[-121.891801725883,37.2541022760947],[-121.891975999048,37.2545148425621],[-121.892034389542,37.2546528408936],[-121.892092780035,37.2547922690028],[-121.892269748146,37.2552098367711],[-121.892329036955,37.2553499788594],[-121.892478157292,37.2557017629531],[-121.892924619989,37.2567592503675],[-121.893074638641,37.2571117428734],[-121.893136622396,37.257256886367],[-121.893322573659,37.2576951751207],[-121.893384557414,37.2578417474629],[-121.893275861265,37.2578960864051],[-121.892949772816,37.2580598179806],[-121.892841974982,37.2581148717493],[-121.892331731901,37.2583701205144],[-121.891375026123,37.2588498714548],[-121.890801900972,37.2591330017236],[-121.89057372889,37.259246682517],[-121.890285369684,37.2593718026887],[-121.890391370887,37.2596313370107],[-121.89060427161,37.2601511179363],[-121.890663560418,37.2603048351294],[-121.890706679552,37.260410649573],[-121.890812680756,37.2606708952749],[-121.890866579673,37.2607917233309],[-121.890888139239,37.2608439152715],[-121.891101039962,37.2613686924993],[-121.891172905184,37.2615452856488],[-121.891199854643,37.2616117760796],[-121.89128429628,37.2618162516602],[-121.891312144054,37.2618841717477],[-121.891323822152,37.2619141995563],[-121.891363348025,37.2620071426976],[-121.891375924439,37.2620378854038],[-121.891410958735,37.2621229639902],[-121.891517858254,37.2623810589459],[-121.891553790865,37.2624682819719],[-121.891607689782,37.2624511233518],[-121.891873591106,37.2623903532075],[-121.892064932262,37.2623581807583],[-121.892294002659,37.2623338726765],[-121.892873416017,37.2623188588574],[-121.892938094718,37.2623353025639],[-121.892989298689,37.2623631853625],[-121.892868026126,37.2620371704573],[-121.892853653081,37.2619828345025],[-121.892796160903,37.2618870315395],[-121.893112367883,37.2618870315395],[-121.893211182564,37.2618770222677],[-121.893298319147,37.261869872787],[-121.894734725286,37.2614637811697],[-121.894934151279,37.2614258887064],[-121.895298867284,37.2613329448478],[-121.895498293277,37.2612500102309],[-121.896584356456,37.2609540186986],[-121.897010157901,37.2608610742577],[-121.897429671138,37.2607066432407],[-121.898502259588,37.260410649573],[-121.898548073667,37.260401355067],[-121.898769957542,37.2603563124448],[-121.898955908806,37.2602948256473],[-121.899155334799,37.2602519278518],[-121.899361947315,37.2601689920446],[-121.900324941299,37.2599001650074],[-121.900365365487,37.2598887255377],[-121.900393213261,37.2598830058022],[-121.900591740938,37.2598451125436],[-121.900665402792,37.2598172288129],[-121.900730081492,37.2597922049432],[-121.900777692202,37.2597743307454],[-121.900933100746,37.2597421571788],[-121.901002271023,37.2597292877482],[-121.901163967774,37.2597421571788],[-121.90179728005,37.2595769993203],[-121.904169730715,37.2589621227241],[-121.90496114648,37.2587569244174],[-121.90498989257,37.2588298521026],[-121.905079724098,37.2590500646844],[-121.905110266818,37.25912370706],[-121.905139911222,37.2591980643371],[-121.90522974275,37.2594197057851],[-121.905261183785,37.2594940627699],[-121.905315981018,37.2596277621638],[-121.905482169345,37.2600317187838],[-121.905537864893,37.2601668471519],[-121.905592662125,37.2603026902405],[-121.905759748768,37.2607109329954],[-121.905816342631,37.2608482050183],[-121.905870241548,37.2609790421824],[-121.906031938299,37.2613751270747],[-121.906086735531,37.2615066782749],[-121.906122668143,37.261595332215],[-121.906231364292,37.2618612934093],[-121.906268195219,37.2619499469319],[-121.906455044798,37.2624046520694],[-121.907015593535,37.2637701808703],[-121.907204239745,37.2642263048695],[-121.907257240347,37.2643557063161],[-121.907417140467,37.2647489137673],[-121.907471039384,37.264879744155],[-121.90763004119,37.2652672295434],[-121.908108843236,37.2664282439364],[-121.908126809542,37.2664711382139],[-121.908187894981,37.266609114641],[-121.908271438302,37.2668150064559],[-121.908398999073,37.26712884741],[-121.90878617296,37.2680710773135],[-121.908914632046,37.2683849130326],[-121.908969429278,37.2685178817582],[-121.909132024345,37.268916071645],[-121.909186821577,37.2690497543126],[-121.90924341544,37.2691862962575],[-121.909413197029,37.2696009247296],[-121.909470689207,37.2697317466875],[-121.909651250579,37.2696852798979],[-121.91019203638,37.2695437347313],[-121.910372597752,37.2694979827014],[-121.910520819774,37.2698539899509],[-121.910621431086,37.2698039488729],[-121.91074629691,37.2701742520624],[-121.910810077295,37.2701549505898],[-121.910981655515,37.270510239867],[-121.911043639269,37.2704880790155],[-121.911222404011,37.2708540896635],[-121.91182068199,37.2716797516812],[-121.911855716286,37.2717440886011],[-121.911982378741,37.2719778456136],[-121.912081193422,37.2721222456073],[-121.912379434097,37.2725561587735],[-121.912479147093,37.2727012725033],[-121.912581555036,37.2728521047043],[-121.912894168754,37.2733053143338],[-121.912998373327,37.2734568601628],[-121.913089103171,37.2735891050945],[-121.913362191018,37.2739872681618],[-121.913453819176,37.2741202269935],[-121.91354275239,37.2742517559293],[-121.913688279466,37.2744669196169],[-121.91381314529,37.2746470561848],[-121.913904773449,37.2747778693746],[-121.913987418455,37.2748986747961],[-121.914236251789,37.2752618047184],[-121.91431979511,37.2753833241831],[-121.914424897999,37.2755362954656],[-121.914740206663,37.2759959222622],[-121.914845309552,37.276150321925],[-121.91495041244,37.27630400646],[-121.915265721105,37.2767657729891],[-121.915371722308,37.2769201710728],[-121.915457960575,37.2770459766847],[-121.915717573692,37.2774269662607],[-121.915804710275,37.2775542006239],[-121.915895440119,37.2776857235598],[-121.916046357086,37.2779058810034],[-121.916171222911,37.2780817205771],[-121.916264647701,37.2782139573842],[-121.916661703056,37.278754338895],[-121.917229438316,37.2795248761911],[-121.918178059256,37.2809537087982],[-121.918532893793,37.281458332542],[-121.919951333627,37.2835561301075],[-121.920487627851,37.284348775022],[-121.920440915456,37.2845531888577],[-121.920351083928,37.2846089379893],[-121.92027832039,37.2846396714673],[-121.92024777767,37.2846532513721],[-121.920145369728,37.2846832701005],[-121.92004206347,37.2846961352661],[-121.920024097165,37.2846961352661],[-121.919900129655,37.2846982794602],[-121.919752805949,37.2846846995634],[-121.919616262026,37.2846568250309],[-121.919444683806,37.2845967875411],[-121.919263224119,37.2845410384005],[-121.919232681399,37.2845317468731],[-121.919009899209,37.2844788566181],[-121.918883236754,37.2844631324811],[-121.918851795719,37.2844617030139],[-121.918733218101,37.2844588440795],[-121.918627216898,37.2844631324811],[-121.918480791506,37.2844810008183],[-121.918397248185,37.2845002986178],[-121.91838107851,37.2845053017503],[-121.918276873937,37.2845403236677],[-121.918232856488,37.2845589067193],[-121.918162787896,37.2845903549501],[-121.918051396801,37.2846561102991],[-121.918013667559,37.284683984832],[-121.917483661541,37.2850899512166],[-121.917409101372,37.2851421263149],[-121.917245607991,37.2852593414725],[-121.917205183803,37.2852922188619],[-121.917058758412,37.2854130074085],[-121.916834179591,37.2855330810378],[-121.916808128447,37.285548090228],[-121.916683262623,37.2856109858496],[-121.916367953958,37.2857567891338],[-121.916175714487,37.2858318348317],[-121.915999644692,37.2858797210951],[-121.915870287291,37.285898303816],[-121.915747218097,37.2858997332558],[-121.91563043711,37.2858897271761],[-121.915573843247,37.2858782916548],[-121.915138160334,37.2857918104688],[-121.915068091742,37.2857996723989],[-121.914998921465,37.2858146815359],[-121.914968378746,37.2858232581843],[-121.914865072488,37.2858661414116],[-121.914760867915,37.2859233190099],[-121.914668341441,37.2859912173514],[-121.914635103775,37.286021235546],[-121.914532695833,37.2861170078013],[-121.914427592944,37.2862163535193],[-121.91435033783,37.2862821074476],[-121.914318896795,37.2863099813781],[-121.914228166951,37.286382167663],[-121.91407994493,37.2864772247444],[-121.913940706061,37.2865501255826],[-121.913772721102,37.2866201674979],[-121.913707144087,37.2866401794617],[-121.913618210873,37.2866680532595],[-121.913469090536,37.2867030741705],[-121.913387343845,37.2867180831273],[-121.913143900403,37.286765254115],[-121.913075628442,37.2867788336362],[-121.913063950343,37.2867816924825],[-121.912863626035,37.2868381546742],[-121.912294094145,37.2869739496451],[-121.912198872725,37.2869968203529],[-121.912103651304,37.287028982274],[-121.911962615805,37.2870840148627],[-121.911940157923,37.2870940207836],[-121.91180541063,37.2871569151131],[-121.9116625785,37.2872391064871],[-121.911493695227,37.2873763301462],[-121.911464949137,37.2874013448488],[-121.91136343951,37.2874942565284],[-121.911319422061,37.2875342799858],[-121.911250251785,37.2878380287453],[-121.911437101364,37.2881303410996],[-121.912462079103,37.2881860875811],[-121.912623775854,37.2883661913157],[-121.912612996071,37.2884369462363],[-121.911994955155,37.288970822129],[-121.911869191015,37.289000839135],[-121.911181081508,37.2891180482818],[-121.911058012314,37.2891387742705],[-121.910892722301,37.2891502092963],[-121.910625024347,37.2891938053161],[-121.91046063265,37.2892888588456],[-121.910385174166,37.2893403163453],[-121.91017676502,37.2894818242881],[-121.910033034575,37.2895561515857],[-121.909847083311,37.2897148115331],[-121.909758150098,37.2898141525011],[-121.909600046608,37.2899242135641],[-121.909352111589,37.2902108003821],[-121.909226347449,37.2903530213653],[-121.909128431083,37.2905109649562],[-121.909019734934,37.2906567587458],[-121.908767308339,37.2909240466263],[-121.908678375126,37.2910498288298],[-121.908554407617,37.2911541707254],[-121.908488830601,37.2911827575208],[-121.907754008699,37.2915708221944],[-121.907623752983,37.2914107368257],[-121.907467446123,37.291217061661],[-121.907367733127,37.2912620858213],[-121.906980559239,37.2914350355197],[-121.906881744558,37.2914979262206],[-121.90720513806,37.2918602613936],[-121.907340783668,37.2920868093232],[-121.907391089324,37.2921382649094],[-121.907438700034,37.2922440346147],[-121.907569854065,37.2923848224378],[-121.907603091731,37.2924091208171],[-121.907797127832,37.2925499083312],[-121.907962417845,37.2926428136531],[-121.908022604969,37.2926592507366],[-121.90818609835,37.2926542481463],[-121.908655018929,37.2928100429434],[-121.908771799916,37.2928407730717],[-121.909668318569,37.2935211206037],[-121.909715030964,37.2937440903049],[-121.909732098954,37.2939077439279],[-121.90935570485,37.2942321915428],[-121.909250601962,37.2943272387068],[-121.909125736138,37.2944587323297],[-121.909220957558,37.2944687372698],[-121.908770003285,37.2948031873609],[-121.908593933489,37.2949339655178],[-121.908672086919,37.2949261045421],[-121.908426846847,37.2955049560091],[-121.908434931684,37.2956650326657],[-121.908593035174,37.2960109114211],[-121.908683765018,37.2962560270141],[-121.909423976812,37.2972822165687],[-121.90963777585,37.2978610499051],[-121.909701556235,37.2980389866652],[-121.909556029159,37.2986999930316],[-121.909493147089,37.2989072262639],[-121.909459011108,37.2990658664904],[-121.909297314357,37.2993688541012],[-121.909202991252,37.2994531759079],[-121.909114058039,37.2995532186067],[-121.909026023141,37.2996268213645],[-121.908813122419,37.2997997518323],[-121.908762816763,37.2999491005528],[-121.908825698833,37.3001377511441],[-121.908825698833,37.300164905357],[-121.908859834813,37.3003192554331],[-121.908892174164,37.3004042907564],[-121.908908343839,37.3004450219277],[-121.908997277052,37.300572217373],[-121.909038599555,37.3006100901326],[-121.909279348051,37.300715133347],[-121.909297314357,37.3009566607259],[-121.909391637462,37.3009680939554],[-121.909508418449,37.3009816709132],[-121.909679098353,37.3010066810921],[-121.909775218088,37.3010216871954],[-121.910277376332,37.3014261362817],[-121.910337563456,37.3015390386418],[-121.910519921459,37.3019592054297],[-121.910551362494,37.3020278038661],[-121.910561243962,37.3020456680319],[-121.910675330003,37.3022478900936],[-121.910749890171,37.3023143445746],[-121.911320320377,37.3022993387292],[-121.913031610993,37.3022557503041],[-121.913602939514,37.3022421735763],[-121.913602939514,37.3023329232362],[-121.913602939514,37.3026080298038],[-121.913603837829,37.302700208143],[-121.913609227721,37.302888137275],[-121.91360743109,37.3029360126823],[-121.913600244568,37.3032847162217],[-121.913601142883,37.3036462800695],[-121.913602041198,37.3038827961915],[-121.913469090536,37.3038827961915],[-121.913169053231,37.3038827961915],[-121.913073831811,37.3038842252897],[-121.912941779465,37.3038849398388],[-121.912945372726,37.3041293152248],[-121.912949864302,37.3044508605755],[-121.913162765024,37.3044387133317],[-121.913361292702,37.3044287097176],[-121.91360563446,37.3044172770143],[-121.91360563446,37.3045087385926],[-121.913609227721,37.3048488603609],[-121.913618210873,37.3061450245944],[-121.913620905819,37.306578027072],[-121.913621804135,37.3066752022029],[-121.913626295711,37.3069688704016],[-121.913628092342,37.3070667595462],[-121.913628092342,37.3071132032564],[-121.913628990657,37.30715893242],[-121.913043289092,37.3071539307941],[-121.912622877539,37.3070210303266],[-121.912143177177,37.3068752682535],[-121.912150363699,37.3068281098753],[-121.912068617008,37.30679166929],[-121.912028192821,37.3067809514674],[-121.911993158525,37.3067716626866],[-121.911993158525,37.3080806549431],[-121.911996751786,37.3089630686324],[-121.912013819776,37.3109986539092],[-121.912938186203,37.3109986539092],[-121.91368738115,37.3109986539092],[-121.913692771042,37.311475926019],[-121.913718822185,37.3135928913817],[-121.91373499186,37.3139451177685],[-121.913729601969,37.3141608824074],[-121.913724212077,37.3144109399889],[-121.91375026322,37.314691717939],[-121.91373499186,37.3148153170605],[-121.913760144688,37.3150317936448],[-121.91373319523,37.3151646799521],[-121.913770924472,37.3153790122109],[-121.913752059851,37.3161698929574],[-121.913803263822,37.3164878146705],[-121.914424897999,37.3164921012462],[-121.914353032776,37.3166342725354],[-121.914132945531,37.3170657857564],[-121.913902078503,37.3175237300247],[-121.913849976217,37.3176430379797],[-121.913803263822,37.3177623457453],[-121.913768229526,37.3178959416413],[-121.913749364905,37.318063114781],[-121.913740381752,37.3182231434211],[-121.913740381752,37.3184381813697],[-121.913740381752,37.3187246595414],[-121.913729601969,37.3189232647153],[-121.91371792387,37.3192211714923],[-121.913719720501,37.3192883253748],[-121.913728703653,37.3195812299055],[-121.913731398599,37.3196712442394],[-121.913732296915,37.3203863542832],[-121.91373319523,37.3207528366136],[-121.913734093545,37.3208549941377],[-121.91373499186,37.3211407487124],[-121.913737686806,37.3215322307158],[-121.913737686806,37.3215736648231],[-121.913737686806,37.3215986681526],[-121.913737686806,37.3217001101472],[-121.913738585122,37.3217422585413],[-121.913740381752,37.3218172683368],[-121.913741280067,37.3219179956586],[-121.913742178383,37.3220387253913],[-121.913743076698,37.3221137348908],[-121.913743076698,37.3221658843083],[-121.913743076698,37.3221873155653],[-121.913744873329,37.3224080571563],[-121.913744873329,37.3224809231702],[-121.913745771644,37.322560218458],[-121.913745771644,37.3226359418079],[-121.913745771644,37.3231017101689],[-121.913746669959,37.3232581562559],[-121.913746669959,37.3233038755989],[-121.913746669959,37.323441747824],[-121.913746669959,37.3234888957808],[-121.913873332414,37.3234931819572],[-121.914096114605,37.323491038869],[-121.915146245172,37.32348103779],[-121.915495689817,37.3234788947015],[-121.915637623632,37.3234767516129],[-121.916064323392,37.3234717510726],[-121.916207155522,37.3234710367097],[-121.916258359494,37.3234703223468],[-121.916322139879,37.3234688936209],[-121.916413768038,37.323468179258],[-121.916466768639,37.323468179258],[-121.91660960077,37.3234660361691],[-121.916853044212,37.3234617499911],[-121.917040792106,37.323460321265],[-121.917185420867,37.323458892539],[-121.917394728328,37.323460321265],[-121.917469288497,37.323458892539],[-121.917692070687,37.3234581781759],[-121.917766630856,37.3234581781759],[-121.918008277667,37.3234560350867],[-121.918115177186,37.3234560350867],[-121.918734116417,37.3234531776344],[-121.918975763228,37.3234531776344],[-121.919176087536,37.3234517489082],[-121.919776162146,37.3234488914557],[-121.919865095359,37.3234488914557],[-121.919933367321,37.3234488914557],[-121.91997738477,37.3234488914557],[-121.920085182604,37.3234481770926],[-121.920412169367,37.3234453196399],[-121.920520865517,37.3234453196399],[-121.920750834229,37.3234438909136],[-121.921079617623,37.323441747824],[-121.921444333629,37.3234410334608],[-121.921675200657,37.3234410334608],[-121.921797371535,37.3234403190976],[-121.922162087541,37.3234381760079],[-121.922225867926,37.3234381760079],[-121.922285156735,37.3234381760079],[-121.922380378155,37.3234367472814],[-121.922666042415,37.3234353185549],[-121.922762162151,37.3234353185549],[-121.922969672981,37.3234338898283],[-121.923595798734,37.323433175465],[-121.92366137575,37.323433175465],[-121.923805106195,37.3234281749219],[-121.924029685016,37.3234267461952],[-121.924497707279,37.3234253174685],[-121.924707913056,37.3234253174685],[-121.924935186823,37.3234253174685],[-121.924936085138,37.32348103779],[-121.924931593562,37.3235310431716],[-121.924928898616,37.3235939070327],[-121.924930695246,37.3238489337479],[-121.924931593562,37.3239396573287],[-121.924931593562,37.3239560875718],[-121.924928898616,37.3241039595977],[-121.925028611612,37.3241096744528],[-121.925865841457,37.3241032452408],[-121.925875722925,37.3250961947954],[-121.925672703671,37.3252619232275],[-121.925590058665,37.325331214748],[-121.925640364321,37.3253297860576],[-121.925689771661,37.3253290717123],[-121.925962859508,37.3253290717123],[-121.92612814952,37.3253276430217],[-121.926624917872,37.3253247856406],[-121.9267911062,37.3253247856406],[-121.9267911062,37.3253676463466],[-121.92679290283,37.3254262226054],[-121.926793801146,37.3254998000364],[-121.926794699461,37.3255169442819],[-121.926794699461,37.3255440893291],[-121.926794699461,37.3255769491101],[-121.926795597776,37.3256398112596],[-121.926795597776,37.3256590984995],[-121.926795597776,37.3256762427086],[-121.926797394407,37.3257098167734],[-121.926797394407,37.3257926803585],[-121.926800089353,37.3260441279193],[-121.926801885983,37.3261277054733],[-121.926801885983,37.3261691370469],[-121.926802784299,37.3262227123236],[-121.926802784299,37.3262520001255],[-121.926802784299,37.3262927172943],[-121.926804580929,37.3263348631126],[-121.92680637756,37.3263798662484],[-121.926807275875,37.3264262980269],[-121.926807275875,37.326449156738],[-121.926807275875,37.3267941795653],[-121.92680817419,37.3268313247855],[-121.926809072506,37.326876327624],[-121.92682344555,37.3269063295013],[-121.926851293324,37.3269313310565],[-121.926868361314,37.3269370456966],[-121.926892615827,37.3269463319857],[-121.926941124852,37.3269463319857],[-121.927037244588,37.326944188996],[-121.927093838451,37.3269427603362],[-121.927242958788,37.3269420460063],[-121.927690319799,37.3269399030165],[-121.927790931111,37.3269399030165],[-121.927840338452,37.3269370456966],[-121.927978679005,37.3269363313666],[-121.928397293928,37.3269327597166],[-121.928537431112,37.3269327597166],[-121.928868909452,37.3269299023965],[-121.929074623652,37.3269291880664],[-121.929198591161,37.3269277594063],[-121.929363881174,37.3269277594063],[-121.929692664568,37.326924902086],[-121.929848971427,37.3269241877559],[-121.929899277083,37.3269277594063],[-121.92997024399,37.3269270450763],[-121.930184043028,37.3269263307462],[-121.930255908251,37.3269263307462],[-121.930351129671,37.3269263307462],[-121.930390655543,37.326924902086],[-121.930425689839,37.326924902086],[-121.930795795736,37.3269213304354],[-121.930840711501,37.3269213304354],[-121.93093233966,37.3269170444545],[-121.931055408854,37.3269191874451],[-121.931115595978,37.3269213304354],[-121.9313931754,37.3269177587847],[-121.931424616435,37.3269170444545],[-121.931449769263,37.3269170444545],[-121.931548583945,37.3269170444545],[-121.931635720527,37.3269163301244],[-121.931898926905,37.3269127584735],[-121.931986961803,37.3269127584735],[-121.93199325001,37.3270527670638],[-121.932032775883,37.3278056659284],[-121.932179201274,37.3280728217765],[-121.932207049048,37.3281242527398],[-121.932253761443,37.3281999704829],[-121.932351677809,37.3283592632215],[-121.932488221732,37.3285778437392],[-121.932505289722,37.3286049876807],[-121.932561883585,37.3287071345304],[-121.933003854705,37.3285478425293],[-121.933224840265,37.3284728394522],[-121.933268857714,37.3284592674589],[-121.933380248809,37.3284399809377],[-121.933434147726,37.3284349807277],[-121.935333186237,37.3284299805174],[-121.935924277693,37.3284292662016],[-121.935982668187,37.3285099838426],[-121.936074296346,37.328445695463],[-121.936106635696,37.3284156942004],[-121.93611741548,37.3283942647197],[-121.936544115239,37.3286392747506],[-121.936553098392,37.3287857089357],[-121.936891763254,37.3287849946233],[-121.936915119452,37.3289792873473],[-121.93700315435,37.3289792873473],[-121.937011239187,37.3292100093044],[-121.937063341474,37.329220009621],[-121.937322954591,37.3292650110287],[-121.937488244603,37.3292778685688],[-121.937614008743,37.3292771542611],[-121.939282180226,37.3292728684146],[-121.939839135702,37.3292721541068],[-121.939916390816,37.3292700111834],[-121.940075392621,37.3292671539522],[-121.940203851707,37.3291842941988],[-121.940276615245,37.3291392927427],[-121.940740145932,37.329164293555],[-121.94073655267,37.329257153642],[-121.940735654355,37.3292900117991],[-121.940707806581,37.3294593025114],[-121.940685348699,37.329612878144],[-121.940606296954,37.3298828847741],[-121.940549703091,37.3300521741504],[-121.940511973849,37.3301700336176],[-121.940482329445,37.3302457492989],[-121.940406870961,37.3304371810586],[-121.940196665185,37.3308879009248],[-121.94011941007,37.3310279021077],[-121.940070901045,37.3311157598597],[-121.940004425714,37.3312250461883],[-121.939784338469,37.3315379042108],[-121.939589404053,37.3317800468544],[-121.939334282512,37.3320757598206],[-121.939104313799,37.3322843296186],[-121.938333559285,37.3328743218699],[-121.937648144724,37.3334000253476],[-121.937597839068,37.3334343102292],[-121.9374469221,37.3335357362457],[-121.937398413075,37.3335700210654],[-121.937189105613,37.3337250168257],[-121.936562081545,37.3341942877541],[-121.936353672399,37.3343507107453],[-121.936313248211,37.3343821381563],[-121.936190179018,37.3344728490189],[-121.93614975483,37.3345057048949],[-121.936092262652,37.3345492746213],[-121.935995244601,37.334624985889],[-121.935919786117,37.3346821264179],[-121.935864090569,37.3347278388097],[-121.935822768066,37.3347549805292],[-121.935699698872,37.334839976903],[-121.935660173,37.3348678328365],[-121.935585612831,37.3349492578138],[-121.935435594179,37.3351042507283],[-121.935158014756,37.335322811622],[-121.935073573119,37.3353856656174],[-121.933267061083,37.3367412992193],[-121.933151178411,37.3368327214688],[-121.933064041829,37.3369027165533],[-121.932157641707,37.3376612305314],[-121.932129793933,37.3376826573687],[-121.931790230756,37.3379562061208],[-121.931572838457,37.3381340479867],[-121.930691591163,37.338858981356],[-121.930351129671,37.3391196699705],[-121.930336756626,37.3391296689678],[-121.930323281897,37.3391396679638],[-121.930201111018,37.3392418004895],[-121.93011307612,37.3393167928151],[-121.929831903437,37.3395481972334],[-121.929709732558,37.3396503292036],[-121.929528272871,37.3397860288092],[-121.928985690439,37.3401952687669],[-121.928805129067,37.3403331099958],[-121.928699127863,37.3404088154336],[-121.928382022568,37.3406380738881],[-121.92827691968,37.3407137790184],[-121.928124206081,37.3408201945915],[-121.927663370341,37.3411430113806],[-121.927619352892,37.3411730075604],[-121.927429808367,37.3413022766746],[-121.927419926899,37.3413072760281],[-121.927244755418,37.3414408300638],[-121.926553950965,37.3419828998876],[-121.926359914863,37.3421507336247],[-121.92625571029,37.3422378641828],[-121.926139827619,37.3423378499447],[-121.926070657342,37.342397127155],[-121.925949384779,37.3425042545247],[-121.925903570699,37.3425442487036],[-121.925853265043,37.3425920988538],[-121.925823620639,37.3426199519123],[-121.925814637486,37.3426278079013],[-121.925792179604,37.3426506616829],[-121.925633177799,37.3428113521376],[-121.925440040013,37.3430041802294],[-121.925256783695,37.3431998645275],[-121.924917220517,37.3435926599371],[-121.924681861913,37.3438633304873],[-121.924496808964,37.344056870045],[-121.924409672382,37.3441497117223],[-121.924272230143,37.3442832607028],[-121.923974887784,37.3445117931666],[-121.923857208482,37.3445989209853],[-121.923710783091,37.3447189001112],[-121.923682037001,37.3447438957383],[-121.923250845665,37.3450488417188],[-121.923098132067,37.3451588219326],[-121.922859180201,37.3453316476572],[-121.922146816181,37.3458529790451],[-121.921962661548,37.3459879532939],[-121.921908762631,37.3460272314689],[-121.921886304749,37.3460429427332],[-121.921818931102,37.346095075541],[-121.921795574905,37.3461122150863],[-121.920976311366,37.3467120967087],[-121.920571171173,37.3470098933053],[-121.920219929896,37.3472812656742],[-121.919270410641,37.3479782596847],[-121.919205731941,37.3480239639839],[-121.919032357091,37.3481482224068],[-121.918788913649,37.348311757604],[-121.918726929894,37.348350320437],[-121.918223873335,37.3487259499595],[-121.918148414851,37.3487837938825],[-121.918108888979,37.3488137870103],[-121.918086431097,37.3488323541786],[-121.914448254196,37.351425285545],[-121.913726008708,37.3519380055158],[-121.913379259008,37.3521986487266],[-121.913049577299,37.3524600051197],[-121.912379434097,37.353046268473],[-121.911908716888,37.353499708974],[-121.911843139872,37.3535632618333],[-121.911776664541,37.3536261005626],[-121.911712884156,37.3536910814659],[-121.911649103771,37.3537567763879],[-121.911554780666,37.3538531764412],[-121.911400270437,37.3540166992114],[-121.911259234937,37.354165940206],[-121.911247556839,37.3541759371998],[-121.910827145286,37.3545829565319],[-121.910817263818,37.3545922394032],[-121.91038068259,37.3550278189969],[-121.910109391374,37.3553098732871],[-121.909600046608,37.3558332775541],[-121.909558724105,37.3558718365235],[-121.909480570675,37.355948240349],[-121.909132024345,37.3562916995754],[-121.908913733731,37.3565080566598],[-121.908257065258,37.3571592662984],[-121.908038774644,37.3573763349225],[-121.907847433488,37.3575662694534],[-121.907337190407,37.3580789474796],[-121.907204239745,37.3582117576507],[-121.907020983427,37.3583952637906],[-121.905431863689,37.3600289484803],[-121.905268370308,37.3601753214653],[-121.905141707853,37.3602881355711],[-121.905016842028,37.3604109456708],[-121.904932400391,37.3604973410274],[-121.904787771631,37.3606280048902],[-121.904626074879,37.3607772327394],[-121.904598227106,37.3607386762901],[-121.904522768622,37.3606437130988],[-121.904397004482,37.3604737786673],[-121.903656792688,37.3594798687388],[-121.9034106543,37.3591492765278],[-121.903336992447,37.3590500271781],[-121.903116006887,37.3587529923689],[-121.903043243349,37.3586537424951],[-121.902744104359,37.3582531715269],[-121.90184668739,37.3570521598382],[-121.901580786066,37.3566958512471],[-121.901552039977,37.3566501522273],[-121.901464005079,37.3565380467014],[-121.901284342023,37.3562959838802],[-121.900492027942,37.3552298985074]]]},"properties":{"FID":6,"area":"Area 4","SHAPE_Leng":103514.885142,"SHAPE_Area":205330720.445,"Shape__Area":205330720.40625,"Shape__Length":103514.88514169445}},{"type":"Feature","id":7,"geometry":{"type":"Polygon","coordinates":[[[-121.772303335213,37.4073068456664],[-121.771935025947,37.4070920622308],[-121.771625107174,37.4072511875594],[-121.771333154707,37.4071091878429],[-121.77151910597,37.4069029666698],[-121.771556835212,37.4068622932227],[-121.771131932083,37.4066318099383],[-121.770832793093,37.4068059212155],[-121.770563298508,37.4066318099383],[-121.769986580096,37.4068037805056],[-121.769844646281,37.406908675222],[-121.769319131839,37.4067980719453],[-121.769267927868,37.4069036802389],[-121.769187977808,37.4070442532095],[-121.769070298506,37.407127740585],[-121.769065806929,37.4072140821318],[-121.768852906207,37.4072269263204],[-121.768730735328,37.4074367144217],[-121.768725345437,37.4075772863922],[-121.768739718481,37.4076457883736],[-121.768730735328,37.4077656666903],[-121.768642700431,37.4079390617733],[-121.768621140864,37.4079668905765],[-121.766749051812,37.4067987855154],[-121.764653282254,37.4055100669268],[-121.759366696807,37.4021739953094],[-121.755204802095,37.4042562922986],[-121.752730841803,37.4054929409491],[-121.750739276818,37.4064548439631],[-121.749485228681,37.4060431110245],[-121.74725111857,37.4052867153274],[-121.744070184149,37.4042041998994],[-121.74129079666,37.4032601080869],[-121.737184597496,37.4018343142314],[-121.733629065601,37.400648986476],[-121.729506696763,37.3992566841136],[-121.727702879672,37.3986386677026],[-121.725401395914,37.3978486554694],[-121.722445938629,37.3968352581179],[-121.71849514801,37.3955299535916],[-121.717481848369,37.39458503881],[-121.71533487484,37.3926609156933],[-121.712019193127,37.3897582225689],[-121.710325868816,37.3881658688648],[-121.708462762917,37.3865106702014],[-121.70698593259,37.3851366633907],[-121.705182115499,37.3835399287801],[-121.703292958457,37.3818218129283],[-121.701873620308,37.3805376615816],[-121.700596215974,37.3793648460031],[-121.699033147379,37.3779571575607],[-121.69649001681,37.3756892388132],[-121.693621696108,37.3730443177722],[-121.691663368789,37.3712231586801],[-121.689687973479,37.3682846527531],[-121.684387014987,37.3607822307963],[-121.684122011978,37.3604009495073],[-121.681321963238,37.3566730017407],[-121.679579231587,37.3542880462537],[-121.678952207518,37.3534261589686],[-121.676569875385,37.3498899610693],[-121.676620181041,37.349490057447],[-121.676480043856,37.3494400693444],[-121.67634978814,37.3492601118996],[-121.67586020631,37.3484203047871],[-121.675790137718,37.3483603182053],[-121.67570030619,37.3483303248964],[-121.675550287537,37.3482903337993],[-121.67179532965,37.3426992259454],[-121.670978761056,37.3414922518751],[-121.663721271876,37.341465826782],[-121.663783255631,37.3419271932876],[-121.663738339866,37.3522800549138],[-121.659306052255,37.3523828836557],[-121.659327611821,37.3573527715824],[-121.659341086551,37.3614869534726],[-121.658635010737,37.3614948074875],[-121.649455126849,37.3616361796138],[-121.649093105789,37.3616418916134],[-121.643090563061,37.361711863572],[-121.638851413235,37.3616940135888],[-121.635455781461,37.3616590276093],[-121.634056206248,37.3616240416135],[-121.631646924656,37.3616011936074],[-121.630487199625,37.3615833435978],[-121.624887102143,37.361484097467],[-121.623950159302,37.3614598214151],[-121.623696834392,37.3614726734436],[-121.623060827171,37.3614669614312],[-121.622660178554,37.3614698174374],[-121.622128375906,37.3614612494183],[-121.621980153884,37.3615197975292],[-121.621910085292,37.3615297935435],[-121.621849898168,37.3615197975292],[-121.621779829576,37.3614998054965],[-121.621680116579,37.3614398293664],[-121.621166280237,37.3614548234034],[-121.616062052792,37.3614262633303],[-121.612276552185,37.361414125296],[-121.60413422245,37.3614319753458],[-121.598598803669,37.3614376873609],[-121.597016870454,37.3614019872597],[-121.596130233268,37.3614598214151],[-121.594987576227,37.3614491113897],[-121.591097871047,37.3614491113897],[-121.588368789213,37.3614476833862],[-121.586605396311,37.3614648194264],[-121.586625159247,37.3599489787288],[-121.586645820499,37.3584138285891],[-121.586638633976,37.3573342065215],[-121.586665583435,37.3568272357742],[-121.586679058164,37.3555969249196],[-121.58669702447,37.3540159851389],[-121.586707804253,37.3528341859128],[-121.586708702568,37.3525756871671],[-121.586711397514,37.352372172335],[-121.586730262135,37.350821871066],[-121.586748228441,37.349235117776],[-121.586760804855,37.3476147666894],[-121.586768889692,37.3459872391451],[-121.586773381269,37.3440697250533],[-121.586797635782,37.3403131123202],[-121.586805720619,37.338391168012],[-121.587813630368,37.3380297712811],[-121.60170158466,37.3327107530538],[-121.603341010054,37.3320793312261],[-121.603365264567,37.3320721884149],[-121.607272936052,37.3305778973768],[-121.617516425237,37.3267277467217],[-121.633189331999,37.3208157027987],[-121.648607117221,37.315146818903],[-121.648545133466,37.3151146690038],[-121.649181140687,37.3148703293209],[-121.649445245381,37.3147731647818],[-121.652440228538,37.3136321864965],[-121.655336397014,37.312544775921],[-121.657660338654,37.3116781227208],[-121.658847013144,37.3112301455504],[-121.660254673195,37.3107021435126],[-121.663532625666,37.3094560725811],[-121.665767634093,37.3086136769201],[-121.667344177417,37.3080170635969],[-121.668576665987,37.3075569178722],[-121.670776640117,37.3067187880665],[-121.671920195474,37.3062979333449],[-121.672950563105,37.305899226699],[-121.673874929532,37.3055548224824],[-121.674605259858,37.3052840139096],[-121.676771098008,37.3044601496429],[-121.677372070933,37.3042229207909],[-121.680022999337,37.3042021989581],[-121.680745244825,37.3041971971356],[-121.685405704519,37.3041850498507],[-121.687273301995,37.3041643280075],[-121.687705391647,37.3041593261824],[-121.689380749652,37.3041593261824],[-121.690389557716,37.3041421770652],[-121.691545689486,37.3041421770652],[-121.693909156999,37.3041200261164],[-121.695950129324,37.3041200261164],[-121.697514096234,37.3041028769903],[-121.699468830292,37.3040893005961],[-121.69968262933,37.3040900151432],[-121.701702940404,37.3040771532938],[-121.703292060141,37.3040692932737],[-121.706154092637,37.3040471423035],[-121.708061215985,37.3040428550182],[-121.709513791799,37.3040257058745],[-121.711142437409,37.3040207040401],[-121.711880852573,37.3049789065129],[-121.712512368218,37.3057963343182],[-121.714128437414,37.3079098870493],[-121.714193116114,37.3079849106487],[-121.715301637175,37.3094382101756],[-121.716800027069,37.3113851873931],[-121.721835982552,37.3180016751233],[-121.726287134784,37.3237417797713],[-121.728346073416,37.3234131732903],[-121.735420306278,37.3224209158697],[-121.736552183536,37.3270377661559],[-121.740007104119,37.3263820092541],[-121.741942973556,37.3320007602654],[-121.741919617359,37.3320550456653],[-121.741904345999,37.3321050453409],[-121.7423040963,37.3333150273444],[-121.744575935654,37.3328978928927],[-121.745015211828,37.334325711659],[-121.746437244922,37.338893263746],[-121.751022246133,37.3380097729922],[-121.75382678645,37.3373812526291],[-121.756826261183,37.336837006884],[-121.757576354446,37.3367041588986],[-121.758563602943,37.3365348845123],[-121.759143016301,37.3364291771071],[-121.759223864677,37.3364163207909],[-121.759588580682,37.3363498964555],[-121.760332385737,37.3362163333669],[-121.760540794883,37.3361763358182],[-121.760585710647,37.3361691933965],[-121.760609066845,37.3361663364277],[-121.760629728096,37.3361627652164],[-121.760651287663,37.3361320527929],[-121.760777051803,37.3361541943088],[-121.760910002465,37.3361563370358],[-121.76102139356,37.3361391952181],[-121.761145361069,37.3361077685422],[-121.761252260588,37.3360713421515],[-121.761313346027,37.3360377727169],[-121.761360956738,37.3359942038539],[-121.761394194403,37.3359442067668],[-121.761440906798,37.3359163512325],[-121.762343713658,37.3357377898694],[-121.762568292479,37.3356920780921],[-121.762809040976,37.3356477947815],[-121.7643092275,37.3353770946212],[-121.764606569859,37.3353249543727],[-121.765309052411,37.3351521056189],[-121.766845171547,37.3348456909415],[-121.768173779852,37.3346549846721],[-121.768184559636,37.3346842691869],[-121.768198034365,37.3347128394342],[-121.768289662524,37.33491783064],[-121.768984060239,37.3347142679463],[-121.769312843633,37.334615700549],[-121.769608389361,37.3345342752102],[-121.769950647484,37.334427136472],[-121.770447415836,37.3342549999126],[-121.771795787078,37.3338628699292],[-121.772128163733,37.33377215833],[-121.77222787673,37.3337621586195],[-121.772316809943,37.3337657299448],[-121.772525219089,37.3337850150987],[-121.772534202241,37.33377215833],[-121.772677034372,37.3339707237352],[-121.772696797308,37.3339921516253],[-121.772801001881,37.3340907198409],[-121.77284501933,37.3341257186689],[-121.773257346045,37.3344557068171],[-121.773922099355,37.3349671141566],[-121.77396881175,37.3349992555631],[-121.77436317216,37.3352649573296],[-121.774477258201,37.335340667876],[-121.77474405784,37.3355199444316],[-121.774824007901,37.3355692275531],[-121.774942585518,37.3356406523096],[-121.775038705254,37.3356992205591],[-121.775205791896,37.3358127856936],[-121.777447986846,37.3373248283847],[-121.778435235343,37.3379962027217],[-121.779151192624,37.3384818740331],[-121.779205989857,37.338526155673],[-121.779255397197,37.3385761510414],[-121.779435958569,37.338696854008],[-121.779982134262,37.3390611043879],[-121.780044118017,37.3391032430434],[-121.780169882156,37.3391732360121],[-121.7801959333,37.3391882344968],[-121.780364816573,37.3392632268759],[-121.780527411639,37.3393196496641],[-121.78062442969,37.3393482181483],[-121.780516631856,37.3394210677338],[-121.780461834624,37.3394639203982],[-121.780442071687,37.3394803472464],[-121.780413325598,37.3395039161962],[-121.78037110478,37.3395353414511],[-121.780030643287,37.339870305283],[-121.780462732939,37.3401467028851],[-121.780896619221,37.3404252420751],[-121.780965789498,37.3403238253613],[-121.781038553036,37.3402159806776],[-121.781107723313,37.340128133569],[-121.781236182399,37.3399902919639],[-121.781398777465,37.3398181681536],[-121.781449981436,37.3397567462835],[-121.781581135468,37.3395767656307],[-121.781636831015,37.3394717767173],[-121.781682645095,37.3393982129695],[-121.781891952556,37.3393589313271],[-121.782318652316,37.3392739400668],[-121.782538739561,37.3392296588679],[-121.782700436312,37.3391968050582],[-121.782861234748,37.3391646654479],[-121.783187323196,37.3391018146148],[-121.783349918262,37.3390718176077],[-121.78345322452,37.3390518195963],[-121.783552937516,37.3390311073645],[-121.784164690225,37.3389039769897],[-121.784242843655,37.3388882642318],[-121.784368607794,37.3388632666556],[-121.784535694437,37.3388289842519],[-121.784762968204,37.3387839885734],[-121.785035157735,37.3387211374216],[-121.785202244378,37.33868399808],[-121.785282194438,37.3386911402625],[-121.785449281081,37.3386918544806],[-121.785616367724,37.3386782843334],[-121.786070915258,37.3385882927687],[-121.786954857497,37.3384161657453],[-121.787798375549,37.3382490378846],[-121.788658063276,37.3380790527559],[-121.789521344264,37.3379090672425],[-121.789623752206,37.337886212018],[-121.789775567489,37.3378576429777],[-121.790501406239,37.3377147976131],[-121.790746646312,37.3376669443553],[-121.790932597575,37.3376298044923],[-121.791492247997,37.3375198132521],[-121.791521892402,37.3375148136464],[-121.791679995892,37.3374898156131],[-121.791761742583,37.3374791021677],[-121.791874930308,37.3374526756625],[-121.792130950164,37.3373948230107],[-121.792456140297,37.3373119722219],[-121.792644786507,37.3372569763891],[-121.792818161357,37.3372098370718],[-121.792834331032,37.3372041232132],[-121.7933966764,37.3370227079752],[-121.793508067495,37.336987710497],[-121.793586220925,37.336966997696],[-121.793708391803,37.3369327144268],[-121.794077599385,37.3368341499406],[-121.794116226942,37.3368241506376],[-121.794201566894,37.3368048662639],[-121.79423480456,37.3367970096658],[-121.794337212502,37.3367762968123],[-121.794371348483,37.3367691544477],[-121.794622876763,37.3367220148243],[-121.794858235367,37.3366748751713],[-121.794922914067,37.3366627331347],[-121.796318896019,37.3363877511915],[-121.796639594575,37.336326326516],[-121.796730324419,37.336302756569],[-121.796805782903,37.3362913287133],[-121.796980056068,37.3362563308942],[-121.797504672194,37.3361541943088],[-121.797679843674,37.3361199106686],[-121.797856811785,37.3360841985267],[-121.798391309379,37.3359799189752],[-121.798569175806,37.3359463494998],[-121.798729974242,37.3359142084986],[-121.798968926107,37.3358670683386],[-121.79921596281,37.3358199281491],[-121.799377659561,37.3357899298312],[-121.799566305771,37.3357499320555],[-121.799580678816,37.3357456465782],[-121.799937309983,37.335677793156],[-121.800194228155,37.3356242246215],[-121.800399044039,37.335582798262],[-121.800442163173,37.3355749415361],[-121.80057421552,37.3355542283456],[-121.800618232969,37.3355470858648],[-121.800825743799,37.3355128019475],[-121.801232680623,37.3354149498474],[-121.801321613836,37.3353892368656],[-121.801403360527,37.3353670951242],[-121.801548887603,37.3353192403707],[-121.801759991695,37.3352356730412],[-121.801982773885,37.3351328208159],[-121.802189386401,37.3350206831597],[-121.802383422502,37.3348992600312],[-121.80255140746,37.334777122451],[-121.803164956799,37.3342849988434],[-121.803729997113,37.3338342993586],[-121.803812642119,37.33376930127],[-121.803950084358,37.3336693041008],[-121.804108187848,37.3335671639976],[-121.80428874922,37.3334650237557],[-121.804488175213,37.3333678832568],[-121.804708262457,37.3332757425205],[-121.804906790135,37.3332057440562],[-121.805161013361,37.3331343169845],[-121.805372117452,37.3330871750799],[-121.805631730569,37.3330457473212],[-121.805876970642,37.3330221763449],[-121.806103346094,37.3330121765345],[-121.806274025998,37.33301074799],[-121.806538130691,37.3330250334333],[-121.80677079435,37.3330500329525],[-121.806998068117,37.3330878893515],[-121.807272054278,37.3331478881333],[-121.807317868358,37.3331778875063],[-121.80740320831,37.3332228865433],[-121.807573888214,37.3333043133036],[-121.807711330452,37.3333600262992],[-121.807827213124,37.3334000253476],[-121.807977231776,37.3334443099834],[-121.808120962222,37.3334771663092],[-121.80828894718,37.3335057370157],[-121.808490169804,37.3335250222363],[-121.808608747421,37.3335300221076],[-121.808712951994,37.3335293078403],[-121.808874648745,37.3335200223648],[-121.808919564509,37.3335143082254],[-121.80911180398,37.333450024128],[-121.809345365954,37.3333850257069],[-121.809532215533,37.3333028847646],[-121.809698403861,37.3331828874006],[-121.809745116255,37.3331228886467],[-121.809795421911,37.3330600327578],[-121.809954423717,37.3329978910888],[-121.810210443573,37.3329007499859],[-121.810329919505,37.3328507508398],[-121.810428734187,37.332802180209],[-121.810452988699,37.3327907518206],[-121.810576956209,37.3327157529793],[-121.810658702899,37.3326657537101],[-121.810910231179,37.3324928988374],[-121.811012639121,37.3324243281992],[-121.811642358136,37.3320079030834],[-121.811837292552,37.3318743322743],[-121.812320586175,37.3315443327867],[-121.812756269088,37.3312493320175],[-121.812776032024,37.3312343319475],[-121.812838015779,37.331192903167],[-121.81285867703,37.331179331665],[-121.812946711928,37.3311193313109],[-121.813232376188,37.3309250441211],[-121.81333119087,37.3308579006373],[-121.814328320835,37.3301893196946],[-121.814484627694,37.3300800318593],[-121.814867310006,37.3298157403588],[-121.815030803387,37.3297028804618],[-121.815049668008,37.3296900229944],[-121.815603928538,37.3293207270199],[-121.815697353328,37.3292600108736],[-121.815786286541,37.3291928659017],[-121.81625700375,37.3288771408676],[-121.81641510724,37.3287721369989],[-121.816822044064,37.3285049836373],[-121.817671850323,37.3279349580483],[-121.817864089793,37.3278078088935],[-121.818139872586,37.3276149417872],[-121.818252161996,37.3275377948061],[-121.818575555498,37.3273170682836],[-121.818857626498,37.3271263429022],[-121.819173833478,37.3269227590957],[-121.819896078966,37.3264398703875],[-121.820046995934,37.3263398634623],[-121.820330863563,37.3261391348752],[-121.820611137932,37.3259426917886],[-121.820727918919,37.3258648287503],[-121.82084200496,37.325789822995],[-121.821837338295,37.3251161965221],[-121.821927169823,37.3250519052387],[-121.82201161146,37.3249933286882],[-121.822326920125,37.3247811668973],[-121.822610787755,37.3245882920221],[-121.82346688222,37.324011093142],[-121.823751648165,37.3238189306499],[-121.823848666216,37.3237532095361],[-121.824179246241,37.3235289000845],[-121.825463837097,37.3226602304134],[-121.825893231803,37.3223709097494],[-121.826054928554,37.322278041152],[-121.826175302802,37.3221987455664],[-121.826193269108,37.3221851724398],[-121.827019719169,37.3215936674874],[-121.82705385515,37.3215679497752],[-121.827151771516,37.321495082876],[-121.827342214356,37.3213643509093],[-121.82741767284,37.3213250598366],[-121.827521877413,37.32125719339],[-121.827659319651,37.3211593227221],[-121.827932407498,37.3209657241644],[-121.828592669232,37.3205149447781],[-121.828906181266,37.3203020559504],[-121.830677659006,37.3192140274587],[-121.83098937441,37.3189989917298],[-121.831373853351,37.3187318036215],[-121.831499617491,37.3186446457978],[-121.831530160211,37.3186232135306],[-121.831762823869,37.3184567560473],[-121.831584957443,37.3182738667136],[-121.831455600042,37.3181402714893],[-121.831045069957,37.317705906766],[-121.830180890654,37.3168378842149],[-121.829879056718,37.3164928156755],[-121.828728314839,37.3152997093463],[-121.828456125308,37.3150289358722],[-121.827314366582,37.3138672422997],[-121.827035888844,37.3135800311578],[-121.826806818447,37.3133378298644],[-121.826381915317,37.3128870047299],[-121.825810586797,37.3123218619549],[-121.82526710605,37.3117331372769],[-121.824962577168,37.3114173388873],[-121.824692184268,37.3111636989486],[-121.824080431559,37.3105142339089],[-121.821801405684,37.3081328140969],[-121.820459322649,37.3067102138002],[-121.819819722167,37.3060828606677],[-121.81896003444,37.3052411417507],[-121.816886722764,37.3031139374362],[-121.816815755857,37.303030334291],[-121.816774433354,37.3029810298285],[-121.816757365363,37.3029610222113],[-121.815885999538,37.302075679821],[-121.815345213737,37.3015083120669],[-121.814308557899,37.3004178678159],[-121.814179200498,37.300295674192],[-121.812955695081,37.2990522891869],[-121.812357417102,37.2984427371903],[-121.811829207715,37.2979053554832],[-121.811512102419,37.2975309010664],[-121.811267760662,37.2971900315891],[-121.811000062707,37.2967998520524],[-121.8107233816,37.2962960458106],[-121.810528447183,37.2958972861376],[-121.810332614451,37.2953691764353],[-121.810243681238,37.2950683166116],[-121.810160137917,37.294668121157],[-121.810143968242,37.2945123302079],[-121.810039763669,37.2938662945723],[-121.810016407471,37.2936461838188],[-121.80985471072,37.2907689625974],[-121.809843930937,37.2905738564295],[-121.809828659577,37.2903129994073],[-121.809813388217,37.2900492827586],[-121.809797218542,37.2899142080196],[-121.809781947182,37.2896619249212],[-121.809566351514,37.2860326710456],[-121.809544791947,37.2856760255848],[-121.809528622272,37.2852443322247],[-121.809526825641,37.2847290129016],[-121.80947562167,37.2842458531603],[-121.809357942368,37.2836940752238],[-121.809154024799,37.2830093503457],[-121.808916869563,37.2823639306912],[-121.808664442969,37.2819193526931],[-121.808581797963,37.2817742567331],[-121.808459627084,37.281556969649],[-121.807791280513,37.2805591564321],[-121.806953152352,37.2792439669403],[-121.806816608429,37.2789480461375],[-121.805914699884,37.2775842221838],[-121.806100651148,37.2776549872421],[-121.806333314806,37.2777550589281],[-121.806463570523,37.2778122426889],[-121.806855235986,37.2780066671508],[-121.807187612642,37.2781789325228],[-121.808887225159,37.2782511266071],[-121.808872852115,37.2784691380255],[-121.809548385208,37.2784877225762],[-121.810133188458,37.2784062364351],[-121.810167324439,37.2784040920618],[-121.810482633104,37.2783890814468],[-121.810979401456,37.2784441203538],[-121.811363880397,37.2785163141838],[-121.811754647546,37.2785713529977],[-121.812092414093,37.2786421171279],[-121.812249619268,37.278714310768],[-121.812422095802,37.2788401133812],[-121.812538876789,37.278972348856],[-121.812573911085,37.2790602674484],[-121.812642183047,37.2792132312588],[-121.812751777511,37.2794062225387],[-121.812806574744,37.2795213022887],[-121.812995220953,37.2798179356153],[-121.813082357536,37.2799551728071],[-121.813199138523,37.280181041807],[-121.813253935755,37.2803232817471],[-121.813392276309,37.2805870324824],[-121.813481209522,37.2808636481142],[-121.813559362952,37.2811502694406],[-121.81358631241,37.2812503364796],[-121.813600685455,37.2813032290036],[-121.813642007958,37.2814533292071],[-121.813797416502,37.2818128537152],[-121.813847722158,37.2818993394739],[-121.814033673422,37.2821252026393],[-121.814179200498,37.2823582126629],[-121.814192675227,37.2823582126629],[-121.814410965841,37.2823746519932],[-121.814524153567,37.2823817995269],[-121.814990379199,37.2824182519386],[-121.815064939368,37.2823939503328],[-121.815159262473,37.2823696487191],[-121.815523978478,37.2823996683584],[-121.816440260068,37.2824389797727],[-121.817403254053,37.2824790059188],[-121.817635917711,37.282489012452],[-121.818713896052,37.282534041835],[-121.818749828663,37.2825719236761],[-121.819257376799,37.2825719236761],[-121.819250190277,37.2824983042317],[-121.819249291961,37.282486868195],[-121.819248393646,37.2823782257601],[-121.819248393646,37.2822760159578],[-121.819248393646,37.282203110979],[-121.819352598219,37.2822066847541],[-121.819629279327,37.2822188355882],[-121.81967060183,37.2822188355882],[-121.819776603033,37.2822216946078],[-121.819882604237,37.2822317011752],[-121.819983215549,37.2822431372506],[-121.820200607847,37.2822803044837],[-121.82030301579,37.2823153274366],[-121.820451237812,37.2823610716771],[-121.820549154178,37.2823918060731],[-121.820700071145,37.2824261142211],[-121.820911175237,37.2824382650198],[-121.821066583781,37.2824482715585],[-121.821245348523,37.2824547043326],[-121.821683726381,37.2824740026517],[-121.821781642747,37.2824697141368],[-121.821824761881,37.2824689993842],[-121.821960407489,37.2824511305692],[-121.822041255864,37.2824311174914],[-121.82210503625,37.2824168224326],[-121.822287394252,37.2823782257601],[-121.822370039258,37.2823646454448],[-121.822449091003,37.2823610716771],[-121.822573956828,37.2823560684022],[-121.822686246238,37.2823610716771],[-121.822765297983,37.2823646454448],[-121.822907231798,37.282371078226],[-121.82322882867,37.2823860880469],[-121.823333033243,37.2823860880469],[-121.823475865373,37.2823882323067],[-121.82346508559,37.2820158449255],[-121.823458797383,37.2817678239008],[-121.823447119284,37.2813961482125],[-121.823430949609,37.2809029603308],[-121.82341927151,37.2805327099133],[-121.823412983303,37.2803440101581],[-121.823395016998,37.2797800523881],[-121.823389627106,37.2795920655258],[-121.823388728791,37.2794491094226],[-121.823387830475,37.2791803512137],[-121.823377050692,37.2790230986251],[-121.823352796179,37.2788837153742],[-121.82332225346,37.2786957262732],[-121.823315965253,37.2786099516224],[-121.82330877873,37.2784991592205],[-121.823305185469,37.278313313535],[-121.823299795578,37.2780802909887],[-121.823295304001,37.2780231074315],[-121.823289914109,37.2778072391116],[-121.823273744434,37.2776499836543],[-121.823238710138,37.2775313270464],[-121.823177624699,37.2775120274599],[-121.82276978956,37.2773776450171],[-121.822686246238,37.2773519121815],[-121.822467955624,37.2772718544146],[-121.822398785348,37.2772268218833],[-121.822351174638,37.2772339699059],[-121.822166121689,37.2770581283519],[-121.822158935167,37.2765977932328],[-121.822140968861,37.2757107109412],[-121.822140070546,37.2756092069022],[-121.822130189078,37.2752467934768],[-121.82215264696,37.2739472374998],[-121.822116714348,37.2734697272474],[-121.822104137934,37.2733153220867],[-121.822123900871,37.2729893545963],[-121.822192172832,37.2730100850269],[-121.822298174036,37.2730429677673],[-121.822419446599,37.2730701317594],[-121.822474243831,37.2730672723923],[-121.822608991124,37.2731423307434],[-121.822774281136,37.2732016625299],[-121.823633968863,37.2735169065389],[-121.825191647566,37.2740823408987],[-121.826192370792,37.2743561211171],[-121.826834666221,37.2745248207036],[-121.82721195864,37.2746170334534],[-121.828038408701,37.2746613527193],[-121.829519730605,37.2753390053422],[-121.831001950824,37.2740337322964],[-121.831172630728,37.2738893359689],[-121.831791569958,37.2744712085879],[-121.832175150585,37.2748250478463],[-121.833611556724,37.2762689807098],[-121.833828050707,37.276491286725],[-121.834189173452,37.276860842217],[-121.835240202334,37.2778229646392],[-121.835888785969,37.2784541274235],[-121.836293926162,37.2788472612507],[-121.836584081999,37.2791317459032],[-121.83665055733,37.2791982208052],[-121.837353938198,37.2798901281276],[-121.837508448426,37.2797900592802],[-121.837576720388,37.2797457430338],[-121.83778962111,37.2796077906805],[-121.837841723397,37.2795799142676],[-121.837989047103,37.279484133693],[-121.839219739043,37.2786900079662],[-121.839631167443,37.2784262505833],[-121.839845864796,37.2782882958116],[-121.840088409922,37.278131756153],[-121.840241123521,37.2780338293518],[-121.84093282629,37.2775663522091],[-121.841445764317,37.277231110697],[-121.841750293198,37.2770331102113],[-121.841896718589,37.2769280339297],[-121.84218238285,37.2767543360814],[-121.842556082008,37.2765098717641],[-121.844069743262,37.275527717645],[-121.844299711974,37.2753940464794],[-121.844499137967,37.2752882530892],[-121.844541358786,37.2752682381067],[-121.84480726011,37.275143859168],[-121.845142331711,37.2750051835572],[-121.845260909328,37.2749658682603],[-121.845654371423,37.2748493518959],[-121.845890628343,37.2747893065826],[-121.846118800425,37.2747457022179],[-121.846154733036,37.2747399836108],[-121.846455668656,37.2746978088701],[-121.846744027862,37.2746642120259],[-121.846976691521,37.2746449117044],[-121.847371950246,37.2746299003398],[-121.847854345554,37.2746198927617],[-121.848628693329,37.2745941589834],[-121.848917052535,37.2745877255375],[-121.849677027265,37.2745741438164],[-121.849839622332,37.2745762882989],[-121.850145947843,37.2745741438164],[-121.850787344956,37.2745719993339],[-121.851064026064,37.2745677103687],[-121.851370351576,37.2745648510585],[-121.851529353381,37.2745619917482],[-121.852006358797,37.2745562731271],[-121.852062054344,37.2745562731271],[-121.852166258917,37.2745548434718],[-121.852661230639,37.274546980367],[-121.854147044119,37.2745248207036],[-121.854642914156,37.2745191020798],[-121.85476598335,37.2745191020798],[-121.855002240269,37.2745198169078],[-121.855135190931,37.2745162427677],[-121.855259158441,37.2745140982835],[-121.855451397911,37.274509094487],[-121.85596972583,37.2744976572364],[-121.856029912954,37.27449622758],[-121.856223050741,37.2744912237822],[-121.856423375049,37.2744840754991],[-121.85648985038,37.2744826458424],[-121.857024347974,37.2744740679016],[-121.857224672282,37.2744712085879],[-121.857244435219,37.2744712085879],[-121.857303724027,37.2744712085879],[-121.857324385279,37.2744712085879],[-121.857380979142,37.2744712085879],[-121.857591184918,37.2744647751314],[-121.857861577819,37.2744619158173],[-121.85805561392,37.2744597713315],[-121.858865894306,37.2744383264713],[-121.85909765965,37.2744261743811],[-121.859477647015,37.2744218854076],[-121.859887278784,37.2744190260919],[-121.860016636185,37.2744190260919],[-121.86030140213,37.2743210944606],[-121.860826018256,37.2743210944606],[-121.862733141605,37.2744368968137],[-121.862938855805,37.2744497637309],[-121.863173316094,37.2744511933882],[-121.863329622953,37.2744511933882],[-121.863677270968,37.2744869348125],[-121.863673677707,37.2747206833087],[-121.863697033904,37.2749858833231],[-121.863839866035,37.275660673756],[-121.864076122954,37.2767800691213],[-121.864186615734,37.2775563450214],[-121.864497432823,37.2783318981243],[-121.865144219827,37.2797121484426],[-121.865992229455,37.2817270826168],[-121.866150332945,37.2820322843306],[-121.866022772175,37.2821151960577],[-121.866169197566,37.2824182519386],[-121.866321911165,37.28273774585],[-121.866616558578,37.2831987581639],[-121.867219328133,37.2840307174253],[-121.868128423201,37.2852607709245],[-121.869165079039,37.2866308881934],[-121.869985240893,37.2878087259772],[-121.870446076634,37.2885262831623],[-121.870791928018,37.2891537827415],[-121.871099151846,37.2898248727415],[-121.871056032712,37.2898320195677],[-121.871015608524,37.2898377370281],[-121.870895234276,37.2898563187715],[-121.871360561593,37.2909669269466],[-121.871433325131,37.2911363039727],[-121.871630056178,37.2916430034322],[-121.872121434639,37.2929050919042],[-121.872681983376,37.2942693528543],[-121.872790679526,37.2945337693485],[-121.872832002029,37.2946331039534],[-121.872849968334,37.2946788407059],[-121.872864341379,37.2947152871605],[-121.872982918996,37.2950218654627],[-121.87305837748,37.295214816201],[-121.873770741501,37.2970506819869],[-121.874154322127,37.2979132161475],[-121.874411240298,37.2984827548234],[-121.874484003836,37.2986556879217],[-121.874729243909,37.2991430426958],[-121.874927771586,37.2994810449588],[-121.875150553777,37.2998462000307],[-121.875454184343,37.3002756658604],[-121.875845849807,37.300798739066],[-121.876523179531,37.3016133540269],[-121.876628282419,37.3017719885454],[-121.876700147642,37.3018741718645],[-121.877413409978,37.3027588020672],[-121.878300047163,37.3039270982223],[-121.878611762567,37.3043422498552],[-121.878847121171,37.3046337835392],[-121.880901568226,37.3071867986154],[-121.88137318375,37.3077891346225],[-121.881651661488,37.3081106643236],[-121.881823239707,37.3083107265548],[-121.883152746328,37.3100526744858],[-121.883177000841,37.3100841120597],[-121.883231798073,37.3101562755318],[-121.884150774609,37.3113687544019],[-121.885065259568,37.3124347479563],[-121.885290736704,37.3126976716566],[-121.885738996031,37.313179219745],[-121.886955314926,37.3144266578662],[-121.88790124092,37.315414019755],[-121.888546231294,37.3161863248991],[-121.888848065229,37.316600694416],[-121.88916606884,37.3171422290654],[-121.889381664508,37.3175701672752],[-121.889509225278,37.3179280903509],[-121.88959456523,37.3182210001826],[-121.889707752956,37.3186067821217],[-121.890042824557,37.3198841348538],[-121.890109299888,37.3201748938799],[-121.890193741525,37.3205070864764],[-121.890297946098,37.3208092733049],[-121.890518033342,37.3212821968248],[-121.890862986411,37.3219751458521],[-121.89087286788,37.3219908621477],[-121.891358856448,37.3227216662629],[-121.891664283645,37.3231631456574],[-121.891914913609,37.3235760479866],[-121.891940066437,37.3236131947977],[-121.891991270408,37.3236882027257],[-121.892047864271,37.3237710685401],[-121.89202720302,37.3237753547005],[-121.891928388338,37.3237982142181],[-121.89188616752,37.3238039290964],[-121.891762200011,37.3238260742458],[-121.891619367881,37.3238539342631],[-121.891313042369,37.3239082255494],[-121.891160328771,37.3239360855363],[-121.891047141045,37.3239582306467],[-121.890574627205,37.3240489540955],[-121.890431795075,37.3240739566015],[-121.890168588697,37.3241368200084],[-121.88968799002,37.3242496882661],[-121.888797759573,37.3244847108664],[-121.888279431654,37.3246140087008],[-121.888233617575,37.324623295277],[-121.887984784241,37.3246811577646],[-121.887868003254,37.324701873953],[-121.88774493406,37.3247268762418],[-121.887620068236,37.3247533072237],[-121.887599406984,37.3247583076787],[-121.88665168436,37.3248883193918],[-121.885711148257,37.3250947661004],[-121.884717611553,37.3254090783393],[-121.88401333237,37.3256698136307],[-121.88330096835,37.3259712653604],[-121.88304944007,37.3260777018197],[-121.882480806495,37.326306289679],[-121.881970563414,37.3265470205167],[-121.881305810104,37.3267927509026],[-121.880882703605,37.3269927634142],[-121.880368867262,37.3271520587122],[-121.879549603723,37.3273349264406],[-121.878524625984,37.3274377893422],[-121.877602954503,37.3275249369681],[-121.876975032119,37.3275806542498],[-121.875639237291,37.3277078037891],[-121.873537179527,37.3279642451827],[-121.87187170299,37.3281921129848],[-121.871746837165,37.3282199713834],[-121.871102745107,37.3284142655685],[-121.870582620557,37.3285428423265],[-121.870025665081,37.3287421358666],[-121.869366301662,37.3290042882128],[-121.868761735476,37.3292578679499],[-121.868261373863,37.3295128754421],[-121.868259577232,37.3296600222286],[-121.868212864838,37.3297950255803],[-121.868206576631,37.3298143117536],[-121.868200288424,37.3299350287998],[-121.868111355211,37.3301771766096],[-121.868022421997,37.330357894083],[-121.867918217424,37.3305293252765],[-121.867795148231,37.3306707557166],[-121.867423245703,37.3309629015909],[-121.867335210805,37.3310521880007],[-121.86706571622,37.3313257608994],[-121.866956121755,37.3315229041984],[-121.86690761273,37.331705047004],[-121.866901324523,37.3321000453748],[-121.86695702007,37.3325507552647],[-121.867025292032,37.3327707521369],[-121.867087275787,37.3328693219551],[-121.867190582044,37.3331943157293],[-121.867204955089,37.3336607329086],[-121.867150157857,37.3339128684016],[-121.86708098758,37.3341221473606],[-121.867068411166,37.3342478573083],[-121.866992054367,37.3346442708224],[-121.867000139204,37.3350671095982],[-121.867040563392,37.3353749518719],[-121.867054936436,37.3356277958584],[-121.867089970733,37.3358199281491],[-121.867106140408,37.3360142026793],[-121.867116920191,37.3361491946122],[-121.867137581443,37.3361663364277],[-121.867151954487,37.3362591878597],[-121.867228311286,37.3364463188585],[-121.867330719229,37.3365720249166],[-121.867578654247,37.3367698686842],[-121.867909234272,37.336924143607],[-121.868320662672,37.3370391353573],[-121.868597343779,37.3371162725818],[-121.8691686723,37.3373241141535],[-121.869193825128,37.3373362560832],[-121.869561236079,37.3375112424993],[-121.869801984575,37.337681228913],[-121.869878341374,37.3377747926993],[-121.869946613336,37.3379169237242],[-121.869953799858,37.3384118804202],[-121.869919663877,37.3386097193415],[-121.869899002626,37.3389718274974],[-121.869919663877,37.3391696649438],[-121.869954698174,37.3392689405779],[-121.869981647632,37.3394282098462],[-121.870072377476,37.339566052483],[-121.870120886501,37.3396553286671],[-121.870243955695,37.3398788757666],[-121.870506263758,37.3402852584061],[-121.870571840774,37.3404580953473],[-121.8706086717,37.3405537982759],[-121.870643705996,37.3410323110893],[-121.870677841977,37.3412408560183],[-121.870694909968,37.3412901353861],[-121.87073443584,37.3414001211048],[-121.870836843783,37.3415929528203],[-121.870995845588,37.3419550465928],[-121.871133287826,37.3421307364331],[-121.871463867851,37.3424271228339],[-121.871815109127,37.3426249511782],[-121.872089993604,37.3427399342002],[-121.872510405157,37.3428670580816],[-121.872853561595,37.342971328071],[-121.873170666891,37.3431241619033],[-121.873276668094,37.3432077204558],[-121.873363804677,37.3432777095992],[-121.873432076638,37.3433569829379],[-121.873549755941,37.3434919616734],[-121.873618926217,37.3436126567394],[-121.873688096494,37.3437062131363],[-121.873780622969,37.3438990389303],[-121.873874946073,37.3440947208965],[-121.874017778204,37.3443932420378],[-121.874086948481,37.3445910652025],[-121.874103118156,37.3446303441082],[-121.874245950286,37.3449588577878],[-121.87426032333,37.3452937974293],[-121.874026761356,37.3461622054046],[-121.873963879287,37.3463057488477],[-121.873924353414,37.3463978735995],[-121.873862369659,37.34650285283],[-121.873744690357,37.3467670856176],[-121.873742893727,37.3468392138657],[-121.87373840215,37.347002751914],[-121.873786911176,37.3472826939472],[-121.873791402752,37.3475519229283],[-121.87380128422,37.348146080022],[-121.873759961717,37.3484260177924],[-121.873725825736,37.3485252811899],[-121.873312600706,37.349123715295],[-121.873223667492,37.3494100764669],[-121.873217379285,37.3495571842753],[-121.873211091079,37.3496842966153],[-121.873245227059,37.3498156934148],[-121.873327872065,37.3499592298732],[-121.873485975555,37.3501398997515],[-121.873512026699,37.3501820321903],[-121.873591976759,37.3501463267353],[-121.873840810093,37.3500392102682],[-121.873911777,37.3500027906346],[-121.874098626579,37.349912098529],[-121.874661870262,37.3496428780113],[-121.874849618157,37.3495543278157],[-121.875034671105,37.3494650633999],[-121.875590728266,37.3492022683436],[-121.87577667953,37.3491151458665],[-121.875962630794,37.3490251668086],[-121.876524077846,37.3487580854778],[-121.876710927425,37.3486688201153],[-121.876896878689,37.3485802687708],[-121.877389155465,37.3483467498052],[-121.877455630796,37.3483160423642],[-121.877644277006,37.3482303471137],[-121.877830228269,37.3481410811237],[-121.878389878691,37.3478747107789],[-121.878576728271,37.3477868726295],[-121.878762679534,37.3476983202448],[-121.879323228272,37.3474326624643],[-121.879510077851,37.3473448237977],[-121.879825386515,37.3477683052027],[-121.88077310914,37.3490387350862],[-121.88108931612,37.3494629210526],[-121.881408218046,37.3498921034044],[-121.882366720454,37.3511789216395],[-121.882687419011,37.3516088082768],[-121.883006320937,37.3520372642699],[-121.883713295065,37.3529848574229],[-121.883963026714,37.3533211894186],[-121.884282826955,37.3537489215634],[-121.884601728881,37.3541766512708],[-121.885560231289,37.3554612538868],[-121.885639283034,37.3555669345018],[-121.885881828161,37.3558882597822],[-121.88606688111,37.3557997169534],[-121.886624734901,37.3555362300142],[-121.886810686165,37.3554491148877],[-121.886996637429,37.3553598574811],[-121.887558982796,37.3550927986868],[-121.887745832376,37.3550049689827],[-121.887931783639,37.354915711048],[-121.888492332377,37.3546500788063],[-121.888679181956,37.3545622485841],[-121.88886513322,37.3544722760548],[-121.889424783642,37.3542030718906],[-121.889611633221,37.3541138130023],[-121.889820940682,37.3540138429215],[-121.890450659696,37.3537160741061],[-121.890660865473,37.3536168175718],[-121.890980665714,37.3540438339597],[-121.891329212044,37.3545086935202],[-121.891484620588,37.354715772889],[-121.891940964752,37.3553291529087],[-121.892259866678,37.3557590157793],[-121.892419766799,37.3559732322376],[-121.892901263791,37.3566151638965],[-121.893062062227,37.356830091957],[-121.893221962348,37.3570443053585],[-121.893701662709,37.357687655932],[-121.89386156283,37.3579032949569],[-121.893946902782,37.3578590247441],[-121.89398732697,37.3578390317362],[-121.894370009281,37.3576590944253],[-121.894497570051,37.3575998292642],[-121.89455865549,37.3575691256082],[-121.894743708439,37.3574798707226],[-121.894805692193,37.3574513091369],[-121.894826353445,37.3574398844995],[-121.894889235515,37.3574113228985],[-121.894909896766,37.3574013263356],[-121.895118305912,37.3573020746743],[-121.895348274625,37.3571928262912],[-121.895619565841,37.3570628704911],[-121.895742635035,37.3570071750793],[-121.895889958741,37.3569407689574],[-121.895951942496,37.3569100650317],[-121.896163046588,37.3568079565373],[-121.89645589737,37.3566680034103],[-121.89680085044,37.356507342611],[-121.89693020784,37.3564466484418],[-121.897012852847,37.3564052335688],[-121.897223058623,37.3563038384383],[-121.897856370898,37.3560046506],[-121.898066576675,37.3559046830374],[-121.898283070658,37.3558011450644],[-121.898931654293,37.3554926724636],[-121.899149046592,37.3553912761004],[-121.899363743945,37.3552870233587],[-121.90001232758,37.3549778345817],[-121.900227923248,37.3548750093945],[-121.900492027942,37.3552298985074],[-121.901284342023,37.3562959838802],[-121.901464005079,37.3565380467014],[-121.901552039977,37.3566501522273],[-121.901580786066,37.3566958512471],[-121.90184668739,37.3570521598382],[-121.902744104359,37.3582531715269],[-121.903043243349,37.3586537424951],[-121.903116006887,37.3587529923689],[-121.903336992447,37.3590500271781],[-121.9034106543,37.3591492765278],[-121.903656792688,37.3594798687388],[-121.904397004482,37.3604737786673],[-121.904522768622,37.3606437130988],[-121.904598227106,37.3607386762901],[-121.904626074879,37.3607772327394],[-121.904487734326,37.3609093241287],[-121.904367360078,37.3610157110786],[-121.90429639317,37.3610871116316],[-121.903749319162,37.3616518876115],[-121.903368433482,37.3620381605179],[-121.903344178969,37.3620567244153],[-121.903293873313,37.3621038481341],[-121.903183380533,37.3621959534992],[-121.903019887151,37.3623187604767],[-121.902992039378,37.3623423222576],[-121.902928258992,37.3623987277029],[-121.902777342025,37.3625622318555],[-121.90276117235,37.3625807956232],[-121.902483592927,37.3629456441261],[-121.902373998462,37.3630970093248],[-121.902190742144,37.3633683235396],[-121.902172775839,37.3633918849909],[-121.902029943708,37.3635910860563],[-121.901984129629,37.3636660540622],[-121.901925739135,37.3637610134288],[-121.901780212059,37.3640287553569],[-121.901767635645,37.3640508886469],[-121.901738889556,37.3641058648551],[-121.901714635044,37.3641487034309],[-121.901687685585,37.3642008236651],[-121.901665227703,37.364245090137],[-121.901243019519,37.364120144383],[-121.900824404597,37.3640230435391],[-121.899615272225,37.3638731081657],[-121.899073588108,37.363818131787],[-121.898198629022,37.3637281703532],[-121.896584356456,37.3635632407779],[-121.896357082689,37.3635432492895],[-121.896210657298,37.3635296836337],[-121.894596384732,37.3633911710077],[-121.894307127211,37.3633661815891],[-121.891842150071,37.3631527002174],[-121.891499891948,37.3631148589744],[-121.88870702973,37.3628107003659],[-121.887620966551,37.362692892123],[-121.887053231291,37.3626329169465],[-121.885950998438,37.3625158224161],[-121.885872845008,37.3625151084244],[-121.88447237148,37.3623573161143],[-121.883185983993,37.3622116613796],[-121.880299696985,37.3618618032638],[-121.878772561002,37.3615840575983],[-121.878406946682,37.3615040895039],[-121.877539174117,37.3612763227683],[-121.877330764971,37.3612149184517],[-121.877302917198,37.3612477626273],[-121.877072948485,37.3615212255313],[-121.876965150651,37.3616611696085],[-121.876825911782,37.361814679393],[-121.876754944874,37.3618860791857],[-121.876553722251,37.3620538684313],[-121.876253684946,37.3622623549713],[-121.875978800469,37.362445851207],[-121.875579948483,37.362715025807],[-121.875435319722,37.3628206962084],[-121.875369742706,37.3628606795646],[-121.874830753536,37.3632026791883],[-121.874722057386,37.3632747916448],[-121.87465288711,37.3633197726469],[-121.874509156664,37.3634183023669],[-121.874280086267,37.3635696666123],[-121.874024964726,37.3637410219933],[-121.873971964124,37.3637852887364],[-121.873600061597,37.3640323252428],[-121.873371889514,37.364185116201],[-121.873353923209,37.364195825836],[-121.873301820922,37.3642308106328],[-121.873284752932,37.3642429482115],[-121.872999986987,37.3644392911245],[-121.872635270981,37.3646913232743],[-121.872497828743,37.3647827114934],[-121.872389132594,37.3648512525848],[-121.872136705999,37.3650147513935],[-121.871848346792,37.3652046665931],[-121.87174414222,37.3652760631603],[-121.871350680125,37.3655259506107],[-121.871224915985,37.3656073423434],[-121.871029083253,37.3657258599718],[-121.870696706598,37.365929338596],[-121.870407449077,37.3661128258646],[-121.869852290231,37.3664726595167],[-121.869555846187,37.3666668547389],[-121.869365403347,37.3668082171213],[-121.869316894322,37.3667261127397],[-121.869288148233,37.3666761361156],[-121.869190231867,37.3665569060351],[-121.869142621157,37.3665040734837],[-121.869080637402,37.3664341059936],[-121.868971042937,37.3663113057512],[-121.868827312492,37.3661620889071],[-121.868786888304,37.3661970727871],[-121.866858205389,37.3675271620858],[-121.866839340768,37.3675849915204],[-121.864640264953,37.3690606979372],[-121.864803758334,37.3692298989951],[-121.865196322114,37.3696332670666],[-121.865087625964,37.3697039454965],[-121.864881911764,37.3698410186254],[-121.864793876866,37.3698988462765],[-121.864552230055,37.3700559088077],[-121.863561388297,37.3706991478341],[-121.863404183122,37.3708019513404],[-121.863308961702,37.3708811956138],[-121.863250571208,37.3709397363745],[-121.863037670486,37.3710868019866],[-121.862944245696,37.371151767772],[-121.862557970124,37.3714180555132],[-121.861622823913,37.3720677079667],[-121.861588687933,37.3720912666862],[-121.861364109112,37.3722012072795],[-121.861002986367,37.3724482160768],[-121.860613117534,37.372717354794],[-121.860393928605,37.3728637030281],[-121.858926979746,37.3715001547602],[-121.857373792619,37.3725517310823],[-121.857149213798,37.3723239978815],[-121.857029737866,37.3722040628772],[-121.856674903328,37.3718449706164],[-121.856557224026,37.3717257487502],[-121.856449426192,37.37161723527],[-121.856126931005,37.3712909799798],[-121.856020031486,37.3711831797799],[-121.855942776372,37.3711039358256],[-121.855514279981,37.3713909270466],[-121.85410302667,37.3723161450002],[-121.853008878654,37.3730421760979],[-121.852043189724,37.3736318481013],[-121.851805136173,37.3737731973601],[-121.851841068785,37.3738103193435],[-121.851717999591,37.3738867049055],[-121.851225722815,37.3742186599485],[-121.851208654825,37.3742022407013],[-121.851147569385,37.3741422747246],[-121.851110738459,37.3741651189119],[-121.851002940624,37.3742372208322],[-121.850967008013,37.37426220663],[-121.850795429794,37.3743742856779],[-121.850781056749,37.3743842799797],[-121.850366035088,37.3746598366352],[-121.850252847362,37.3747290825786],[-121.850221406327,37.3747490710864],[-121.850036353379,37.3748718575178],[-121.849988742669,37.3749018402205],[-121.849847707169,37.3749960714938],[-121.849800994774,37.3750267680194],[-121.849703078408,37.3750903026488],[-121.849412922572,37.3752801923438],[-121.849332074196,37.3753337325845],[-121.849313209575,37.3753358741934],[-121.849177563967,37.3754222523652],[-121.848773322089,37.3756842417493],[-121.848710440019,37.3757256459824],[-121.848638574797,37.375772047251],[-121.84872930464,37.3758569971914],[-121.848600845555,37.3759362361246],[-121.848272960476,37.3761411147802],[-121.847453696937,37.3766807924626],[-121.846981183098,37.3769991719198],[-121.846356853975,37.3774003566654],[-121.84562832028,37.3779128991792],[-121.845687609088,37.3779721482969],[-121.845442369016,37.3781520368975],[-121.845154908125,37.3783540541369],[-121.844842294406,37.3785567846712],[-121.844588969496,37.3787309611714],[-121.844327559748,37.3789072787739],[-121.844050878641,37.379095017304],[-121.843797553731,37.3792627680644],[-121.843556805234,37.3794319461109],[-121.843476855174,37.3794997599886],[-121.843619687304,37.3796446673324],[-121.84366819633,37.3796939214889],[-121.843219038688,37.3799980116519],[-121.842948645787,37.3801800368638],[-121.842177891273,37.3807018400225],[-121.841871565761,37.3809102747428],[-121.841576020033,37.3811108569232],[-121.84142420475,37.3812157876009],[-121.841397255291,37.3811872350501],[-121.841332576591,37.3811179950692],[-121.841319101862,37.3811001497029],[-121.841295745664,37.381070169478],[-121.841245440008,37.381003070836],[-121.840876232427,37.3812529059008],[-121.84049085517,37.3815148749176],[-121.840542059141,37.3815819731017],[-121.840563618708,37.3816112393121],[-121.840630992354,37.3816997516839],[-121.840654348551,37.381729731657],[-121.840680399695,37.3817647082773],[-121.840758553124,37.3818717794624],[-121.840786400898,37.3819081836305],[-121.840895097048,37.3820452344578],[-121.841054098853,37.3822436721908],[-121.839615896083,37.3828860929048],[-121.839526064555,37.3829282069593],[-121.839518878032,37.3829517622677],[-121.837636907512,37.3837933243386],[-121.836965865995,37.3840952565198],[-121.836372079592,37.3843172437073],[-121.836281349748,37.3843572156069],[-121.836074737233,37.3844478660861],[-121.835862734826,37.3845420853656],[-121.835694749868,37.3846113221849],[-121.83556090089,37.3846691384489],[-121.835421662021,37.3847298097892],[-121.835286914729,37.3847919086395],[-121.834924893669,37.384951795098],[-121.834835062141,37.3849910528817],[-121.834717382839,37.3850438724128],[-121.834614076581,37.3850909816928],[-121.834440701731,37.3851659282138],[-121.834222411117,37.3852622879163],[-121.834095748662,37.3853186761293],[-121.833987052513,37.3853693541073],[-121.83391518729,37.3853993326134],[-121.833861288373,37.3854221733719],[-121.833810982717,37.3854457278967],[-121.833699591622,37.3854942644701],[-121.83356664096,37.3855542213705],[-121.833452554919,37.3856041854174],[-121.833297146375,37.3856741350271],[-121.833208213161,37.3857141062034],[-121.833050109671,37.3857833419405],[-121.832893802812,37.3858540051526],[-121.832874938191,37.3858568602305],[-121.832787801608,37.3858968313094],[-121.832714139755,37.3859289509109],[-121.832625206542,37.3859703494881],[-121.832580290778,37.3859889074635],[-121.83255513795,37.3860010415219],[-121.832511120501,37.3860210270256],[-121.832388949622,37.3860752733658],[-121.83222365961,37.3861487913696],[-121.832129336505,37.3861909035916],[-121.832024233617,37.3862372983852],[-121.83193799535,37.3862772692613],[-121.831789773328,37.3863422218894],[-121.83166939908,37.3863971817616],[-121.831533753472,37.3864578517036],[-121.831517583797,37.386459279231],[-121.831371158405,37.3865228041753],[-121.831271445409,37.3865713400515],[-121.831157359368,37.386619162134],[-121.83102171376,37.3866826869428],[-121.830842949018,37.386761200677],[-121.8306596927,37.3868432831295],[-121.830383909908,37.3869681910368],[-121.830400977898,37.3869931725934],[-121.830539318452,37.387197307286],[-121.830585132532,37.3872651141414],[-121.830597708946,37.3872836717964],[-121.83064442134,37.3873521923289],[-121.830782761894,37.387556326044],[-121.830830372604,37.3876248463273],[-121.830966018212,37.3878232692944],[-121.831278631931,37.3882793546273],[-121.831372056721,37.388419962535],[-121.831505007383,37.3886219521135],[-121.831603822064,37.388764700604],[-121.831902961054,37.3891950856578],[-121.831955961655,37.3892700280763],[-121.832006267311,37.3893371193207],[-121.832067352751,37.3894213401596],[-121.832079030849,37.3894370423394],[-121.8322407276,37.3896811394393],[-121.832102387047,37.3897410929913],[-121.827748252865,37.3916160447624],[-121.825395565135,37.3927287176071],[-121.82534705611,37.3926031055921],[-121.824880830478,37.3929449696171],[-121.824835016398,37.3930199082869],[-121.824791897264,37.39309270578],[-121.824414604845,37.3933560608266],[-121.824661641548,37.3934781030954],[-121.824870949009,37.3936679462298],[-121.824835016398,37.3937828510512],[-121.825101816037,37.3939819714115],[-121.824773930959,37.3942610245032],[-121.825215902079,37.394552922917],[-121.82544227753,37.3950988912262],[-121.825527617482,37.3951352889721],[-121.825605770912,37.3951666909348],[-121.825939944198,37.3957668941009],[-121.826368440588,37.3965162492146],[-121.82640616983,37.3965497916016],[-121.826847242635,37.3974447254914],[-121.82650139125,37.3975310781962],[-121.824802677048,37.3979278711639],[-121.824282552498,37.3980499059887],[-121.823272846119,37.3974746991688],[-121.82216971495,37.3968259804732],[-121.821622640942,37.3965062578624],[-121.821565148764,37.3964042032596],[-121.821492385226,37.396300721178],[-121.821051312421,37.3960737737676],[-121.820410813624,37.3957126547733],[-121.820032622889,37.3954628678897],[-121.81861328474,37.3957833086264],[-121.817526323247,37.3959617271511],[-121.81620939304,37.3962122260431],[-121.814725376191,37.3960388038225],[-121.81386838341,37.396332836322],[-121.811097979073,37.3972413323639],[-121.809487299769,37.3977787172192],[-121.807579278105,37.3984309959169],[-121.805360439354,37.3990590050538],[-121.804268986283,37.3993708667265],[-121.803470383996,37.3995949495985],[-121.802708612635,37.399813322708],[-121.801775263055,37.4001387402789],[-121.801064695665,37.4004006433063],[-121.800443959804,37.4008359569399],[-121.799965157757,37.4011877741437],[-121.799453118045,37.4015838341309],[-121.798948264856,37.4019420703704],[-121.79831495258,37.4023709525401],[-121.798058932724,37.4026328477661],[-121.797169600593,37.4034970241571],[-121.796267692048,37.4043918750857],[-121.795337037413,37.405298846262],[-121.794176414066,37.4064127431253],[-121.793721866533,37.4049898636088],[-121.793427219119,37.4040493496769],[-121.793233183018,37.403442076822],[-121.792818161357,37.403890217548],[-121.792395054858,37.404212763036],[-121.792091424292,37.4041777968887],[-121.791782403834,37.4039587229005],[-121.791222753412,37.4035262818126],[-121.790839172786,37.4036283267168],[-121.790789765445,37.4038688096125],[-121.790735866528,37.4042077678731],[-121.790160944746,37.4049763054494],[-121.790107045829,37.4047386804668],[-121.789957925492,37.4047579473854],[-121.789959722123,37.404969169575],[-121.789488106599,37.4052431866634],[-121.789213222122,37.4050990423824],[-121.789118899017,37.4052239198696],[-121.789013796129,37.4053537922355],[-121.788693097572,37.4055207706608],[-121.788635605394,37.4054908002016],[-121.788559248595,37.4054401358267],[-121.788334669774,37.4054836643762],[-121.788042717306,37.4051240178965],[-121.787251301541,37.4049413396584],[-121.787139910446,37.4048771167345],[-121.787031214297,37.4048507139609],[-121.786927908039,37.4048128937555],[-121.786822805151,37.4047522386693],[-121.786739261829,37.4046901563537],[-121.786278426088,37.4046787389107],[-121.785679249794,37.4043340740328],[-121.784869867723,37.4044560984255],[-121.784656967001,37.4045681323421],[-121.784383879154,37.4044111420934],[-121.784009281681,37.4046658942854],[-121.78364187073,37.4045588556548],[-121.782772301534,37.4051411439585],[-121.782644740764,37.4050833434836],[-121.782526163147,37.4050098440498],[-121.782170430294,37.4048200296448],[-121.782069818982,37.4048400101311],[-121.782016818381,37.4048542819038],[-121.781944953158,37.4048899613236],[-121.781892850871,37.404932776605],[-121.781846138477,37.4049613201123],[-121.781785951353,37.4049791597989],[-121.781724865913,37.4049827277357],[-121.781629644493,37.4049770190368],[-121.781449083121,37.4050676445815],[-121.781160723915,37.4053923257513],[-121.780910093951,37.4052959919246],[-121.780105203456,37.4056841808108],[-121.779844692024,37.4060359752517],[-121.779797979629,37.4061351624324],[-121.779685690218,37.406107332949],[-121.779260787089,37.4061822584579],[-121.778926613803,37.4061123279852],[-121.778844867112,37.406107332949],[-121.77880534124,37.4060959157219],[-121.778543931492,37.4060431110245],[-121.778208859891,37.4065262012615],[-121.777994162538,37.4065732970411],[-121.777251255798,37.4068908359949],[-121.777191068674,37.4073460917425],[-121.776911692621,37.4075608744498],[-121.776963794907,37.4077242801503],[-121.776818267831,37.407767093812],[-121.776228973005,37.4082052188772],[-121.775807663137,37.4082780016203],[-121.775555236542,37.4084428328654],[-121.775251605976,37.4084970629794],[-121.774747651101,37.4084349837667],[-121.774123321979,37.4082737202845],[-121.773755911028,37.408106034437],[-121.773615773843,37.4079947193692],[-121.773619367105,37.4079611821049],[-121.773343584312,37.4078819770166],[-121.773201650497,37.4075751457042],[-121.77257642306,37.4074816689384],[-121.772303335213,37.4073068456664]]]},"properties":{"FID":7,"area":"Area 6","SHAPE_Leng":120935.683789,"SHAPE_Area":302401968.89,"Shape__Area":302401968.9609375,"Shape__Length":120935.68378866428}}]}