{"type":"FeatureCollection","crs":{"type":"name","properties":{"name":"urn:ogc:def:crs:OGC:1.3:CRS84"}},"features":[{"type":"Feature","id":1,"geometry":{"type":"Polygon","coordinates":[[[-95.0315991846874,29.4450112555154],[-95.0301926831545,29.4434926491255],[-95.0284367879232,29.4415937974023],[-95.0217889076241,29.4344125883035],[-95.0201507810301,29.4326428351131],[-95.0201384903862,29.4326296054251],[-95.0198097816037,29.4322757958323],[-95.0171878060377,29.429453483634],[-95.014915279895,29.4270071517793],[-95.006143172065,29.4175626752902],[-95.0061420260636,29.4175614420565],[-95.0061359112952,29.4175548563009],[-95.0020902789547,29.4131983463448],[-95.0020761039463,29.4131830811899],[-94.9944886169332,29.4050112048092],[-94.9908940943302,29.4011810616423],[-94.9898561370502,29.4000465735185],[-94.9863210722485,29.396339165439],[-94.9853658190565,29.396370367845],[-94.9852493766746,29.3963741700375],[-94.9811535409537,29.3965078739903],[-94.9808711829191,29.3965111529149],[-94.9806780321143,29.3965097616606],[-94.9804849394973,29.3965054177909],[-94.9802919617224,29.3964981230113],[-94.9800991595273,29.3964878800537],[-94.979906590525,29.3964746924588],[-94.9797143133937,29.3964585628971],[-94.9795223877349,29.3964394967756],[-94.9793308710549,29.3964175003415],[-94.9791398218898,29.3963925798733],[-94.9789492997344,29.3963647434843],[-94.9787593599642,29.3963339991643],[-94.9785700630678,29.39630035596],[-94.978381464314,29.3962638245669],[-94.9781936240847,29.3962244167378],[-94.9780065966183,29.396182143138],[-94.9778204411599,29.3961370181951],[-94.9776352691561,29.3960890922177],[-94.9774559269707,29.3960425189442],[-94.9772748589114,29.3959983897697],[-94.9770929386595,29.3959570343697],[-94.9769102234429,29.3959184653001],[-94.9767267664055,29.3958826940908],[-94.9765426248101,29.3958497323962],[-94.9763578539659,29.3958195891039],[-94.9761725111705,29.3957922749672],[-94.9759866528688,29.3957677961996],[-94.975800334334,29.3957461625914],[-94.9756136131111,29.3957273785844],[-94.9754265466388,29.395711451326],[-94.9752391904026,29.3956983851964],[-94.9750516029768,29.3956881846697],[-94.9748638409829,29.3956808514526],[-94.9746759609709,29.3956763890555],[-94.9744880206273,29.3956747983151],[-94.9743000776385,29.3956760800684],[-94.9741121886964,29.3956802342198],[-94.9739244115938,29.3956872589015],[-94.9736195527927,29.3957047705064],[-94.9693723841615,29.3956999296512],[-94.9652210901056,29.3956950670665],[-94.9649438811809,29.3956947373435],[-94.9646458537195,29.3957094420688],[-94.9643488306033,29.395719536783],[-94.9640516503344,29.3957250902034],[-94.9637544058085,29.3957261006224],[-94.9634571858022,29.3957225662083],[-94.9631600820036,29.3957144897328],[-94.9628631840414,29.3957018739059],[-94.962566583639,29.395684720599],[-94.962270369217,29.3956630370014],[-94.9619746333861,29.3956368286242],[-94.9616794645308,29.3956061035601],[-94.9614917647098,29.3955695788951],[-94.9613093787845,29.3955370509074],[-94.9611263735255,29.3955073144824],[-94.9610845801227,29.3955011819049],[-94.9609428021456,29.3954803793537],[-94.9607587230771,29.3954562536073],[-94.9605741906688,29.3954349443032],[-94.9603892613289,29.395416458564],[-94.9602039925662,29.3954008017402],[-94.9600184398654,29.3953879782184],[-94.9598326597412,29.395377992417],[-94.9596467097731,29.3953708478838],[-94.9594606445584,29.3953665453682],[-94.9592745227775,29.3953650866464],[-94.9590884000218,29.3953664734013],[-94.9569051689957,29.395375825787],[-94.9556263998971,29.3953812867629],[-94.9556644955709,29.3955423149477],[-94.957091229583,29.4015672413916],[-94.9574923380777,29.4032609422615],[-94.9582667826858,29.4065309128589],[-94.9582728708331,29.4065566214365],[-94.9585379872649,29.4076759850344],[-94.9585388605901,29.4076796679832],[-94.958628108945,29.4080564840507],[-94.9567975092615,29.4080610713915],[-94.9557940359271,29.4080364565978],[-94.9554576421534,29.4080281896418],[-94.9549474600416,29.4080330304544],[-94.9540543807127,29.4080415012553],[-94.9537471041961,29.4080420591774],[-94.9509760584567,29.4080470552937],[-94.9494733637441,29.4080498159821],[-94.9488238738565,29.4080508963617],[-94.9482612750887,29.4080518947475],[-94.9469586296407,29.4080541965263],[-94.9454739865665,29.408056805653],[-94.945120452934,29.4080574241694],[-94.9429135355174,29.4080612655751],[-94.9408505666907,29.4080648235373],[-94.9406263002476,29.3998793180949],[-94.9406071745805,29.3991812009861],[-94.9405871102904,29.3984488056676],[-94.9405899813408,29.398018714316],[-94.9405946675953,29.397316849223],[-94.9389163872808,29.3973201374768],[-94.9371966137024,29.3973234853142],[-94.9371960933903,29.3970557392251],[-94.9371945561003,29.3962651026847],[-94.9371927425722,29.3953319454143],[-94.9372119687509,29.3953321468297],[-94.938939938709,29.3953502291071],[-94.9406076810634,29.395367660197],[-94.9406134317214,29.3945694714497],[-94.9406130314787,29.3942822998489],[-94.9406118626018,29.3934431486164],[-94.9406113842311,29.3930996800969],[-94.9406106035832,29.3925397874542],[-94.9406101539794,29.3922169661287],[-94.9406095981985,29.3918180926994],[-94.9406087830374,29.3912329922159],[-94.9406084458114,29.3909913449745],[-94.9406075298699,29.3903339826335],[-94.9406065921523,29.389660451315],[-94.9406056883785,29.3890117267671],[-94.9406056286731,29.3889691095103],[-94.9406046710044,29.3882817295102],[-94.9406034125414,29.3873784867587],[-94.9406030365479,29.3871090610786],[-94.9406027572729,29.3867542801122],[-94.9406027307836,29.386721277404],[-94.940602451475,29.3863664973166],[-94.9406023865286,29.3862839973506],[-94.9406023550086,29.3862433473405],[-94.9384262442186,29.386251389472],[-94.9383962684821,29.3862515003147],[-94.9382163460685,29.3862521640637],[-94.9380778430025,29.3862526750064],[-94.9371738292408,29.3862560077915],[-94.9371714423866,29.3851102784988],[-94.9371689593979,29.3839184708119],[-94.9356232040311,29.3839064281522],[-94.9351132201721,29.3839024515022],[-94.9350569568647,29.3839020129331],[-94.9348915925563,29.383900722861],[-94.9348883541662,29.3850700260062],[-94.9348850737975,29.3862548982404],[-94.9338062575392,29.3862543608488],[-94.9338051981974,29.3863785033162],[-94.9338049036575,29.3863598585632],[-94.9328391090471,29.386359603453],[-94.9327713021818,29.3863595850795],[-94.9322307378712,29.3863594384889],[-94.9306580421428,29.3863590004334],[-94.9306812281147,29.3869581266312],[-94.9306909632494,29.3875752464695],[-94.9321931501709,29.3875717021269],[-94.9325835932573,29.3875707766061],[-94.9328423874533,29.3875701634773],[-94.9337569996911,29.3875679950768],[-94.9338153745196,29.3875678565244],[-94.9338153317639,29.3875617429111],[-94.933824288608,29.3875852795489],[-94.9338449008062,29.3888882095951],[-94.9338450822971,29.3888997075294],[-94.9338455409179,29.3889286795813],[-94.9338424434666,29.3890066693058],[-94.933842385662,29.3890081247485],[-94.9338412639513,29.389036367911],[-94.9338258388942,29.3890753373406],[-94.933828478698,29.3894554923308],[-94.9338316466658,29.3899119282021],[-94.9338317348978,29.3899671502248],[-94.9338317755161,29.3899921108072],[-94.9338321148753,29.3902034508183],[-94.9338330770888,29.3908023815705],[-94.9322463514958,29.3908079959481],[-94.9322466971022,29.3916832152401],[-94.9306681641512,29.391691768586],[-94.9306643017657,29.3917225925083],[-94.9306659922882,29.3950371298419],[-94.9306664224032,29.3958798479285],[-94.9306664292744,29.3958950557773],[-94.9306665012404,29.396035251024],[-94.9298299840615,29.3960352908315],[-94.9291113989645,29.396035324744],[-94.9283104410001,29.3960353550565],[-94.9282962688158,29.396035356169],[-94.9276578989114,29.3960353766855],[-94.9276581025705,29.3956727186548],[-94.9275996189012,29.3956736341097],[-94.9265848732136,29.395681137118],[-94.9251135414657,29.3956911191008],[-94.9250748532157,29.395692104106],[-94.9250792300765,29.3961371639185],[-94.9250796422656,29.3961790002847],[-94.9250796462304,29.3961794446096],[-94.9250891523877,29.39714590438],[-94.9236518699518,29.3971546106568],[-94.9227064199904,29.3971603300358],[-94.9226629646561,29.3971605927427],[-94.9222496047809,29.3971630908471],[-94.9212285786108,29.3971692557812],[-94.9211658334921,29.39716963467],[-94.9203964487049,29.397174274231],[-94.9202800129436,29.3971749765566],[-94.9202735727078,29.3971750153868],[-94.9199077343415,29.3971772196073],[-94.9188886054172,29.3971833551262],[-94.9161793248994,29.397199628698],[-94.916067220403,29.3972003009471],[-94.9145170046467,29.3972110120683],[-94.913969333127,29.3972147921418],[-94.9139600454077,29.3971454176913],[-94.913976870711,29.3966481374042],[-94.9139768706217,29.3947811366277],[-94.913963870187,29.3940961367575],[-94.9139638703664,29.3935362680228],[-94.9139557883797,29.3933408590999],[-94.9136660054559,29.3933428908921],[-94.9133714405087,29.3933449562345],[-94.912481234151,29.3933511945619],[-94.9115983589823,29.3933573752125],[-94.91071981093,29.393363519165],[-94.9098499604673,29.3933695969968],[-94.909777467506,29.3933701033619],[-94.9094385898464,29.3933724698619],[-94.9094327322495,29.3933725106672],[-94.9093421116753,29.3933731429749],[-94.9093798688238,29.3952381374339],[-94.9082788691831,29.3952641376584],[-94.9082808690234,29.3953271371955],[-94.9082172888481,29.3953275872987],[-94.9081287990183,29.3953338583922],[-94.9074926334755,29.3953375263917],[-94.9074913114042,29.3953375346159],[-94.9071264233013,29.3953396370613],[-94.9071175976256,29.3943819319646],[-94.9071084453495,29.3933887153858],[-94.9071084037146,29.3933840318839],[-94.9071078648616,29.3933235247294],[-94.9071063495358,29.3931532677236],[-94.9071039051609,29.3928785476464],[-94.9071030293402,29.3927802057871],[-94.9071029896346,29.3927756803441],[-94.9070996245691,29.3923976296148],[-94.9086135378064,29.3923868259083],[-94.9086358684011,29.392386960478],[-94.9086358656974,29.3923866669661],[-94.9086309520146,29.3918443281554],[-94.9086307675049,29.3918239215082],[-94.9086271584135,29.3914256005937],[-94.9086270931291,29.3914183856552],[-94.9086226084023,29.3909234112286],[-94.9086226080006,29.3909233696847],[-94.90861939416,29.3909234300854],[-94.9071198682437,29.3909321363873],[-94.9056108683563,29.3909401362097],[-94.9055637785099,29.3909413444612],[-94.9055682926325,29.3914459123227],[-94.9055769050609,29.3924084783169],[-94.9055796779962,29.3928652530603],[-94.9042202741402,29.3928689828144],[-94.904104635575,29.3928688051313],[-94.9041032608032,29.392699695258],[-94.9041030934832,29.3926791906956],[-94.904100976813,29.3924189775672],[-94.9025771738534,29.3924297994703],[-94.9025678357389,29.3924298658611],[-94.9010505386633,29.3924406253737],[-94.8995338858472,29.3924513621668],[-94.8980057650333,29.3924621627239],[-94.8965187790239,29.3924726564593],[-94.896503974188,29.3924727602332],[-94.8950043394012,29.3924833259072],[-94.8950120449449,29.3934308358249],[-94.8950123180066,29.3934643422079],[-94.8936124601361,29.3934724651547],[-94.8935903682072,29.3934725927372],[-94.8934841993926,29.3934732082006],[-94.893483383146,29.3933716507942],[-94.8934543618186,29.3933826803291],[-94.8934616965059,29.3924941217925],[-94.8898238497376,29.392505964777],[-94.8898106416965,29.3924971614708],[-94.8876665191872,29.3910682413061],[-94.8876631414838,29.3910659893364],[-94.8873786604177,29.3877535060193],[-94.8873276282739,29.3877436526469],[-94.8873273128269,29.387743575213],[-94.8864989863278,29.3875388890574],[-94.8864989742279,29.3875387026943],[-94.8864947855114,29.3874751473319],[-94.8864907853815,29.3873951466728],[-94.8864987857128,29.3873341473514],[-94.8865237853591,29.3872121470363],[-94.8865407856436,29.3871501465993],[-94.8866147854369,29.387009146769],[-94.886635785814,29.3869551470855],[-94.886639785581,29.3869121467869],[-94.8866567850322,29.3868621471952],[-94.8866894698397,29.3868259292517],[-94.8867677857831,29.3867391466831],[-94.8871077852678,29.3864621464075],[-94.8872277857778,29.3863351468672],[-94.8873247852358,29.3862361469558],[-94.8874427849787,29.3859901466453],[-94.8875127856004,29.3857881465523],[-94.8878487854039,29.3848151460534],[-94.8879867853727,29.3843651459904],[-94.8881217853634,29.3840361465703],[-94.8883817851856,29.3832201457518],[-94.8884327852019,29.3830021461931],[-94.8885657853431,29.382591146103],[-94.8886277851551,29.3824791458203],[-94.8886567858886,29.3824181458688],[-94.8886977856326,29.3823711460576],[-94.8887887853236,29.3822921457367],[-94.8888637856193,29.3822521457088],[-94.8889307854588,29.382216145404],[-94.88898378564,29.3821941461894],[-94.8890087861338,29.3821691457014],[-94.8890087852791,29.3821331457258],[-94.8890036425402,29.3821260524249],[-94.8889797857588,29.3820931458511],[-94.8889592940277,29.3820488846504],[-94.8889547853349,29.382039145617],[-94.8889442870725,29.3819800917846],[-94.8874988453646,29.380365183901],[-94.8867308626428,29.3795071345476],[-94.886011460832,29.3788451661946],[-94.8854055321209,29.37828760156],[-94.884174862119,29.3771551340655],[-94.8841748217853,29.377155137336],[-94.8833012215908,29.3772226171824],[-94.8831463693799,29.3773515899148],[-94.8826288578826,29.3778356824681],[-94.8822696563096,29.3780794708495],[-94.8822482671817,29.3780939872767],[-94.8819008621616,29.3783297672567],[-94.8809606257327,29.3782596962741],[-94.8799444514473,29.3778693809288],[-94.8799441605055,29.377869130882],[-94.8792285484636,29.3772553630848],[-94.8792285138219,29.3772553529866],[-94.8784575981355,29.3770204478885],[-94.8779198950822,29.3769056826659],[-94.8773027811505,29.3767411854248],[-94.876668659767,29.3765809053305],[-94.8755404537151,29.3763602863441],[-94.8744447491966,29.3761047063989],[-94.8736088213797,29.3760262313003],[-94.8730203226897,29.3758877759984],[-94.872506102959,29.3755613649186],[-94.8720512365924,29.3756021179347],[-94.8714710371934,29.3754177449275],[-94.8705711375194,29.3751529044793],[-94.8699173802652,29.3748012245095],[-94.8685405474722,29.3746046432797],[-94.8671985588366,29.3742783139702],[-94.8663061876594,29.3738863098468],[-94.8663058625598,29.3738860388476],[-94.8653258448074,29.3730671038072],[-94.8648477443673,29.3724471561288],[-94.8644939304213,29.3715845678256],[-94.8643772489907,29.3704506103921],[-94.8647390061196,29.3693010032036],[-94.8656400402069,29.3679605641014],[-94.8661680910168,29.3674704959767],[-94.8678236087943,29.3666003867063],[-94.8686820545084,29.3662383798742],[-94.8699314992909,29.3656645832065],[-94.8708567940731,29.3651602053667],[-94.8712650732527,29.3650381546947],[-94.8725099380658,29.3643975989312],[-94.8736909581428,29.3638530917927],[-94.8745144852831,29.3634980668346],[-94.8753851769244,29.3631174771469],[-94.8761001810145,29.3628194400867],[-94.8768446109577,29.3624279638134],[-94.8783029624867,29.3616897341565],[-94.8791041962898,29.3613401779128],[-94.8817276397216,29.3602026785627],[-94.8831420197819,29.3594938296292],[-94.8843597150128,29.3588207574361],[-94.8860504781858,29.3580273274156],[-94.8865555324344,29.3577275893365],[-94.8869760343253,29.3575598539912],[-94.8874601087073,29.3574063411527],[-94.8879870293977,29.3572579958245],[-94.8900105960332,29.3561309071302],[-94.8900108743288,29.3561307522823],[-94.8900454867596,29.3564062489108],[-94.8900455390787,29.3564066658419],[-94.8901017844468,29.3563761404521],[-94.890462784715,29.3562061401994],[-94.8907807848672,29.3560691401285],[-94.8911398026701,29.3559547380002],[-94.891352785089,29.3559211407423],[-94.8913523706251,29.3559208878181],[-94.8818692991083,29.3501437202995],[-94.8818336518598,29.3501234313942],[-94.8575752334161,29.335342573903],[-94.8561684057597,29.3354610482854],[-94.8566808567426,29.3348068042601],[-94.8566809818386,29.3348066411121],[-94.8566857500015,29.3348004392319],[-94.854591099737,29.3335243026057],[-94.8545805298759,29.3335178625704],[-94.8534824005297,29.332848815567],[-94.8534258723715,29.3328143760928],[-94.8492526402272,29.3302727067424],[-94.8491344804396,29.3302007380439],[-94.8476761592964,29.3293124979786],[-94.8476248914352,29.3292812704823],[-94.846033264854,29.3283117982711],[-94.8436565661865,29.3268640627391],[-94.8431399346285,29.3265493522119],[-94.841051502202,29.3252771258786],[-94.8251082684275,29.3155627341251],[-94.8250822119647,29.3155468583413],[-94.8217337655723,29.3135061337781],[-94.821778822962,29.3135313355257],[-94.822082227034,29.3130178103066],[-94.8224118212315,29.3124599564638],[-94.8224209371235,29.3124445262153],[-94.8224211583786,29.312444153027],[-94.8225054128724,29.312301547041],[-94.8225066709844,29.3122994185978],[-94.8225540636325,29.3122192046117],[-94.822561434326,29.3122067308451],[-94.8227338823347,29.3119148585873],[-94.8175130480717,29.3115769122917],[-94.8169982179188,29.3115435756333],[-94.8163997480242,29.3115048209396],[-94.81581609261,29.3114670230649],[-94.8084540861591,29.3109900316389],[-94.8088595078111,29.3100851119557],[-94.8088883329277,29.3100207707441],[-94.8091107059679,29.3095244181197],[-94.8092840380849,29.309137523797],[-94.809620039076,29.3083875195225],[-94.8087597622813,29.3083781334732],[-94.8071847619147,29.3082701327461],[-94.8064347612216,29.3082231335236],[-94.8062187612842,29.3082231327075],[-94.8052887610693,29.3082071329717],[-94.8039797601472,29.3082231327269],[-94.8028147599741,29.3082781329462],[-94.8023441811933,29.3083395807584],[-94.8022097598781,29.3083571335259],[-94.8019027595365,29.3084511337197],[-94.8017227601715,29.3084751337239],[-94.8012795691173,29.3084478036407],[-94.7998727592961,29.3083721331471],[-94.7993037597078,29.3084351335177],[-94.7989067597225,29.308420132957],[-94.798166758986,29.3085061330368],[-94.7977341111245,29.3085857477285],[-94.7973955082959,29.3086480551271],[-94.7973954148646,29.3086477460999],[-94.7973802891848,29.308650528974],[-94.7969654272623,29.3087268679128],[-94.7949504269816,29.309285867895],[-94.7948254268745,29.3093468681023],[-94.7947714275947,29.3093418681981],[-94.7947297187673,29.309316048431],[-94.794729427436,29.3093158676944],[-94.7947004273182,29.3092538675615],[-94.7945914269609,29.3089028679781],[-94.7945627227759,29.3088771331421],[-94.7945624266946,29.3088768673826],[-94.7945204268125,29.3088768676644],[-94.7943704272175,29.3089078676202],[-94.7938484264486,29.3090748675943],[-94.793722427222,29.3091328674374],[-94.7936624267879,29.3091848676119],[-94.7936194270363,29.309262867548],[-94.793563426592,29.3094978675221],[-94.7935904271414,29.3097738674716],[-94.7935454269044,29.3098208681808],[-94.7933014266701,29.3099728680791],[-94.7925374270329,29.3102538684453],[-94.791652426291,29.3106148677417],[-94.7907874265585,29.3110438680023],[-94.7902014259393,29.3113628687013],[-94.7901784005611,29.3113704044261],[-94.7894757568062,29.3118076628583],[-94.7894754259155,29.3118078682065],[-94.7894754258985,29.3117708681668],[-94.7893494263087,29.3115538688241],[-94.7893027504151,29.3114469038056],[-94.788890202224,29.3102398926273],[-94.7888900918824,29.3102395695159],[-94.7818724657426,29.312065594398],[-94.7816934703905,29.3175527992965],[-94.7816924239165,29.3175848707551],[-94.7816695192655,29.3175898491543],[-94.7816694236397,29.3175898696058],[-94.7815404237795,29.3174328696929],[-94.78135942382,29.3171048700621],[-94.7811474677441,29.3166809569947],[-94.7811474239419,29.3166808698334],[-94.781089423991,29.3166448694766],[-94.7810174242028,29.3166148694101],[-94.7808204243612,29.316505869699],[-94.7807004242288,29.3164258697016],[-94.7803684232555,29.3164728698228],[-94.7803066129785,29.316454924943],[-94.7803064236447,29.3164548692937],[-94.7802694242045,29.316399869461],[-94.7801954231804,29.3160868696832],[-94.7798454236874,29.3149848693932],[-94.7798194230449,29.314713869675],[-94.7798144270718,29.3145240230535],[-94.7798144230973,29.314523869434],[-94.779779424001,29.3145118694434],[-94.7793434236115,29.3145208695598],[-94.7793237436759,29.3145080783823],[-94.7793234236338,29.3145078696162],[-94.7790874592156,29.3132750568122],[-94.7790874236928,29.3132748687867],[-94.7790684233545,29.3132698694683],[-94.7782514229283,29.3134568691735],[-94.7782334230118,29.3134788693778],[-94.7784534234706,29.3143348695186],[-94.7785104234335,29.314462868966],[-94.7788564228582,29.3162988698147],[-94.7789644237046,29.3166518696958],[-94.7789624230124,29.3167688697883],[-94.7789184236549,29.3168338698179],[-94.7787364231521,29.316910869604],[-94.778692423521,29.3169648694667],[-94.7786784236137,29.3169978700061],[-94.778678423029,29.3170638696175],[-94.7786964231588,29.3171508698221],[-94.7788024234423,29.317350869765],[-94.7788034232782,29.3174128695602],[-94.7787204235309,29.3175338695504],[-94.778610423508,29.3176428695561],[-94.778494423693,29.3176828701286],[-94.7783804234669,29.3177048703751],[-94.7782934231618,29.3176938697468],[-94.7782356698716,29.3176649935467],[-94.778235423572,29.3176648701794],[-94.7781984227077,29.3176028703975],[-94.7780514231352,29.3171688701994],[-94.7776484233333,29.3160688699871],[-94.7774434653502,29.3153040290355],[-94.7774434224671,29.3153038696695],[-94.7774367114168,29.3153013972473],[-94.777436427266,29.3153012925441],[-94.7773479983012,29.3149966825675],[-94.7761368449191,29.3153095155918],[-94.7737348801104,29.315946853545],[-94.7737347698477,29.3159465295197],[-94.7737345490057,29.3159465884346],[-94.7737696421223,29.3160503111159],[-94.7743972025789,29.3179050914456],[-94.7743972255868,29.3179051580866],[-94.7734061913907,29.3181592350939],[-94.7725139639135,29.3183879731612],[-94.7724793414569,29.3182866875841],[-94.7724768943006,29.3182795285319],[-94.7723907429708,29.3180274975285],[-94.772156681602,29.3173427610109],[-94.7695143193519,29.3180436781359],[-94.7695163463994,29.3180645237364],[-94.769522106768,29.3181136214251],[-94.7695288436181,29.3181626245782],[-94.769536554572,29.3182115159649],[-94.7695452391604,29.3182602820266],[-94.7695548928361,29.3183089081722],[-94.7695655141381,29.3183573799087],[-94.7695770985935,29.3184056808416],[-94.7695896436753,29.3184537973469],[-94.7696107994446,29.3185273961004],[-94.76968374921,29.3187395181602],[-94.769805847899,29.3190945534302],[-94.7698076406801,29.3190997658831],[-94.7699175054506,29.3194192240433],[-94.7701497488118,29.3200945230473],[-94.7703815206243,29.3207684404342],[-94.7706155814951,29.3214490011858],[-94.770843189584,29.3221107930281],[-94.7710720866031,29.3227763243934],[-94.7712984099937,29.323434361667],[-94.7715328085544,29.3241158707885],[-94.7717606786733,29.3247783892567],[-94.7718714461332,29.3251004344096],[-94.7722015730412,29.3260019694978],[-94.7719987744495,29.3269885348785],[-94.7719918700368,29.3270995016166],[-94.771912610647,29.3268913835587],[-94.7718825768964,29.3268069300565],[-94.7718785525826,29.3267956155088],[-94.7692320656114,29.3193532296854],[-94.7692211788502,29.3193226135252],[-94.7667931126371,29.3124934588634],[-94.7669600409256,29.3114556217186],[-94.7667655992844,29.3116926283798],[-94.7666843335651,29.3117913934351],[-94.7666793321355,29.3117974719908],[-94.7665783988901,29.3119201402826],[-94.7665630855025,29.3119387498638],[-94.7664720322939,29.3120494105738],[-94.7663795536764,29.3121618020042],[-94.7641308261814,29.314894646177],[-94.7634457135214,29.3160649940022],[-94.7633770561871,29.3161822763315],[-94.7633025399278,29.3163095672816],[-94.7528586793599,29.3341464923332],[-94.7519436599079,29.3343398895953],[-94.750681078535,29.3342027204886],[-94.750679518275,29.3342029732668],[-94.7505820660929,29.3342187174779],[-94.7504703009981,29.3342367749343],[-94.7504794941243,29.3342668638062],[-94.7505434947911,29.3343808641935],[-94.7506054946536,29.3344788644471],[-94.7506604945179,29.3345898639237],[-94.7506884941734,29.3347228641659],[-94.7505554944469,29.3347068638597],[-94.7504494941185,29.334683864507],[-94.7504294946354,29.3349658645686],[-94.7504184945435,29.3351308641389],[-94.7502004943085,29.3383358646525],[-94.7502004952858,29.3432404802292],[-94.7501866809501,29.3432420979399],[-94.7161301235138,29.3458508322051],[-94.7087592376601,29.3427799423622],[-94.7062547758553,29.3417363873079],[-94.706014431004,29.341636237239],[-94.7005606525122,29.3393635159593],[-94.6930155533999,29.3362187562745],[-94.684750090188,29.332773039662],[-94.6760430608348,29.3291424358348],[-94.672813946755,29.3277957688673],[-94.672211937708,29.3275446950034],[-94.638424476169,29.3134469577602],[-94.6371287418962,29.312906067741],[-94.635212299805,29.3119971451725],[-94.5850936784001,29.2882115196085],[-94.5835856690951,29.2874953745667],[-94.5840096214563,29.2863824268433],[-94.584507980693,29.2850962900537],[-94.5850141183312,29.2838124913802],[-94.5855280211685,29.2825310682318],[-94.586049673036,29.2812520552095],[-94.5865790597469,29.2799754887844],[-94.5871161650597,29.2787014053586],[-94.5876609748316,29.2774298404994],[-94.5882134728266,29.2761608306067],[-94.5887736438785,29.2748944112117],[-94.5893414708059,29.2736306168747],[-94.5899169373424,29.2723694848942],[-94.5905000283688,29.2711110498964],[-94.5910907256451,29.2698553473064],[-94.5916890129905,29.2686024126162],[-94.5922948731991,29.2673522812828],[-94.5929082890677,29.2661049887623],[-94.593529243435,29.264860569608],[-94.5941577170469,29.2636190592061],[-94.5947936927482,29.2623804921081],[-94.5954371523191,29.2611449037324],[-94.5960880785717,29.2599123295303],[-94.5967464502851,29.258682803013],[-94.5974122513443,29.2574563587625],[-94.5980854614858,29.2562330321255],[-94.5987660604877,29.2550128575463],[-94.5994540312551,29.2537958686687],[-94.6001493525442,29.2525820999014],[-94.6008520041045,29.2513715865878],[-94.6015619678609,29.2501643614337],[-94.6022792215515,29.2489604588114],[-94.603003745013,29.2477599122589],[-94.603735519036,29.2465627571505],[-94.604474521446,29.2453690260531],[-94.6052207321284,29.2441787516008],[-94.6059741287996,29.242991969064],[-94.6067346903236,29.2418087110415],[-94.607502394501,29.2406290109991],[-94.6082772211922,29.2394529024698],[-94.6090591461874,29.2382804179487],[-94.6098481493539,29.2371115909675],[-94.6106442064888,29.2359464540201],[-94.6114472964773,29.2347850397013],[-94.6122573950851,29.2336273814058],[-94.6130744802148,29.2324735107918],[-94.6138985276397,29.2313234612525],[-94.6147295152695,29.2301772644454],[-94.6155674188847,29.2290349537626],[-94.6164122143466,29.2278965607928],[-94.6172638775587,29.2267621162222],[-94.6181223843125,29.2256316534421],[-94.61898771147,29.2245052049749],[-94.6198598329281,29.2233828005365],[-94.6207387245285,29.222264472615],[-94.6216243610884,29.2211502536641],[-94.6225167185721,29.2200401734662],[-94.6234157708151,29.2189342635389],[-94.6243214916566,29.2178325553995],[-94.6252338559678,29.2167350805991],[-94.6261528376725,29.2156418688508],[-94.6270784116494,29.214552951705],[-94.6280105507639,29.2134683597426],[-94.628949228913,29.2123881235777],[-94.6298944190084,29.2113122728891],[-94.6308460949548,29.2102408382906],[-94.6318042296333,29.2091738503622],[-94.6327687949779,29.2081113378467],[-94.6337397648667,29.207053332259],[-94.6347171112033,29.2059998632433],[-94.6357008069996,29.2049509586739],[-94.6366908230624,29.2039066499645],[-94.6376871324115,29.2028669649891],[-94.6386897069279,29.2018319342933],[-94.6396985175457,29.2008015865855],[-94.6407135352028,29.199775950574],[-94.6417347328965,29.1987550550346],[-94.6427620805451,29.1977389286419],[-94.6437955490985,29.1967276001045],[-94.6448351095109,29.1957210981307],[-94.6458807327784,29.1947194505275],[-94.6469323887973,29.1937226868716],[-94.6479900486485,29.1927308331665],[-94.6490536812466,29.1917439180542],[-94.6501232565766,29.190761969308],[-94.651198745655,29.1897850147357],[-94.6522801174468,29.1888130820777],[-94.652309319886,29.1887869771958],[-94.6532289133401,29.1880959200339],[-94.6542990293977,29.1873005919758],[-94.6553744316772,29.1865107836281],[-94.6564550851374,29.1857265217113],[-94.6575409506304,29.1849478328129],[-94.6586319920954,29.1841747436209],[-94.6597281714201,29.1834072807574],[-94.6608294505344,29.1826454699432],[-94.661935793351,29.1818893387702],[-94.6630471587252,29.1811389128603],[-94.6637001618569,29.180703310448],[-94.6641440314452,29.1804072113091],[-94.6641635106918,29.1803942171014],[-94.6652848111963,29.1796552772172],[-94.6664110191059,29.1789221188315],[-94.6675420984289,29.1781947677365],[-94.6686780091437,29.1774732477876],[-94.6698187111566,29.1767575846446],[-94.6709641665465,29.1760478013298],[-94.6721143362169,29.1753439244398],[-94.6732691791718,29.1746459768983],[-94.6744286575019,29.17395398173],[-94.6755927290776,29.1732679645324],[-94.6767613559966,29.172587948332],[-94.6779344962891,29.1719139551211],[-94.6791121119843,29.1712460097316],[-94.6802941600921,29.1705841341243],[-94.6814806006704,29.1699283512629],[-94.6826713938188,29.1692786832104],[-94.6838664985369,29.1686351538007],[-94.6850658729526,29.1679977832289],[-94.6862694761488,29.1673665935276],[-94.6874772661466,29.1667416075991],[-94.6881732903243,29.1663852290343],[-94.6952122826121,29.1615859239679],[-94.6969058198852,29.1604459008383],[-94.6986153537552,29.1593244093428],[-94.7074893992261,29.1539477764234],[-94.7083427643583,29.1534678826223],[-94.7091993855108,29.1529923828928],[-94.7117198269323,29.1516024992554],[-94.7130718060996,29.1508645394914],[-94.7144315299862,29.1501376177029],[-94.717503203228,29.1482655731689],[-94.7199924555399,29.1468111359274],[-94.7225101381608,29.1453949798767],[-94.7231776062505,29.1450267098607],[-94.7259467546201,29.1434987741572],[-94.7292015567841,29.1416134847655],[-94.7338415817041,29.1390185167774],[-94.7364023243694,29.1376634015504],[-94.739509192931,29.136089724914],[-94.7421271555627,29.1348217949546],[-94.7432397002497,29.1342940085057],[-94.7439852278913,29.1339168953238],[-94.7446139317411,29.133547164085],[-94.7446258138624,29.1335401759027],[-94.7470515917724,29.1321135556735],[-94.7502031982641,29.1302599441267],[-94.7596833006509,29.1245664739774],[-94.7613252867794,29.1235924133471],[-94.7614640319398,29.1235121412327],[-94.7623505738547,29.1272237589901],[-94.7926493460619,29.2218397290303],[-94.792543455149,29.2218934986248],[-94.8057209772151,29.2612157497549],[-94.8064054615987,29.2632574117715],[-94.8099241358005,29.2737514862359],[-94.8099327007168,29.2737770294141],[-94.8104829205897,29.27541779268],[-94.8104941514762,29.2754512847473],[-94.8105804101912,29.2755553240415],[-94.8106327252101,29.2756291231302],[-94.8093860205163,29.2763375914736],[-94.8084831908363,29.2768506318237],[-94.807515553703,29.2774004867764],[-94.8066144892943,29.2779125005613],[-94.8067589803953,29.278027586925],[-94.8067628969791,29.2780307068262],[-94.8070308917931,29.2782441627646],[-94.8070752667363,29.2783736654904],[-94.8070780599267,29.2783818162369],[-94.8072577285882,29.2789061486254],[-94.807558280802,29.2797832466262],[-94.8078563806889,29.2806531724914],[-94.8090043579009,29.2803531217618],[-94.8090621636917,29.2805221667145],[-94.809062744124,29.2805238643534],[-94.8090629695337,29.2805245224296],[-94.809151755194,29.2807841629733],[-94.8091601063799,29.2807820499147],[-94.8093638382918,29.2807311169386],[-94.8101128389625,29.2805401161796],[-94.8102937968166,29.2804911839245],[-94.8101446104876,29.2800550776844],[-94.8100092795005,29.2796594710107],[-94.8100080100752,29.2796557581208],[-94.8098520417196,29.2791998200831],[-94.8098518696958,29.279199317179],[-94.8098463106668,29.2791830654351],[-94.8109800209382,29.2788856595967],[-94.8109806091022,29.2788855056207],[-94.8109973414533,29.2788811158992],[-94.811127845286,29.2792878308529],[-94.8122735521646,29.2790139991282],[-94.8134248367903,29.2787144675023],[-94.8135647864818,29.2791240333781],[-94.8135663447729,29.2791285940941],[-94.8135763919072,29.2791579964605],[-94.8124257234286,29.2794587975804],[-94.8124264271822,29.2794608557218],[-94.8124265605888,29.2794612454498],[-94.8125752822053,29.2798959582811],[-94.8125958391729,29.2798901165162],[-94.8134478396246,29.2796671161583],[-94.8137269933748,29.2795987332685],[-94.8138687089298,29.280013460039],[-94.8138690658723,29.2800145041622],[-94.8138699029978,29.2800169538258],[-94.8134438923999,29.2801289112324],[-94.8132272368289,29.2801858488199],[-94.8127200591852,29.2803191370626],[-94.8130194959423,29.281194369333],[-94.8133150211212,29.2820581554929],[-94.8136132076202,29.2829297007454],[-94.8139100014404,29.2837971644881],[-94.8139325882226,29.2838631793437],[-94.8142082872585,29.2846689701394],[-94.8145107268042,29.2855529020552],[-94.8148048381215,29.28641247688],[-94.8149270859598,29.2867697550582],[-94.8149297266704,29.2867774737479],[-94.8149527500065,29.2868447598016],[-94.8140468403463,29.2870871175249],[-94.8138178394918,29.2871471180137],[-94.8134818394676,29.28723611791],[-94.8128828397752,29.2873861178547],[-94.8127095489924,29.2874277744257],[-94.8126715925191,29.2874415101882],[-94.8128206456993,29.2878771631843],[-94.8131186492852,29.2887481528505],[-94.813413093399,29.2896087250583],[-94.813708862306,29.2904739246727],[-94.813744333283,29.2905776859938],[-94.8137573517454,29.2906157690069],[-94.8140084267288,29.2913502136293],[-94.8147738617817,29.2911492234532],[-94.8149628965362,29.2910995844426],[-94.815141581042,29.2910526640337],[-94.816288432223,29.2907515068922],[-94.8165881786576,29.2916291141491],[-94.8171233731839,29.2914886744801],[-94.8177287604473,29.291329812833],[-94.8182004606732,29.291206028762],[-94.8182062889061,29.291204499633],[-94.8188838957126,29.2910266812401],[-94.8189766829754,29.2910023310354],[-94.8190115585853,29.2909931793016],[-94.8191329892289,29.2909613120261],[-94.819197054876,29.2909444987747],[-94.8193889934195,29.2908941283883],[-94.8194762916008,29.2908712192393],[-94.8194832921212,29.290869381899],[-94.8200210627469,29.2907282531645],[-94.8206762273077,29.2905563108374],[-94.8207155680032,29.2905459857914],[-94.8211625354883,29.2904286828502],[-94.8210218528847,29.2900149615475],[-94.8216801480632,29.2898425952155],[-94.8221615421775,29.2897165451149],[-94.8220029185416,29.289252302863],[-94.8218608601392,29.2888365376086],[-94.8218476631214,29.2887979162582],[-94.8217762415007,29.2885888835972],[-94.8217272212652,29.288445413252],[-94.8217228827187,29.2884327162179],[-94.8217078106971,29.2883886024682],[-94.8214558004675,29.2876510283401],[-94.8214508317209,29.2876364858894],[-94.8214211453755,29.2875495989993],[-94.8214201286773,29.2875466218919],[-94.8211819298817,29.2876091285185],[-94.8211647040805,29.2876136494464],[-94.820941096811,29.2876723268586],[-94.8207736219572,29.2871805125886],[-94.8211229169553,29.2870885686417],[-94.8211241881285,29.2870882346781],[-94.8212520160118,29.2870545869475],[-94.8211146000309,29.2866523948474],[-94.8220111619655,29.2864173687967],[-94.822019613271,29.2864151533295],[-94.8222614539341,29.2863517553766],[-94.8220144916112,29.2856268326965],[-94.8220126924653,29.2856215494575],[-94.8219635349203,29.285477254975],[-94.8218247411194,29.2850698377442],[-94.8218247006769,29.2850697181975],[-94.8218163558746,29.2850452238808],[-94.8216248421237,29.2850991175811],[-94.8211508413144,29.2852231170427],[-94.8207938414427,29.2853151173657],[-94.8206808419614,29.285348116979],[-94.8206700368191,29.28535120392],[-94.8204778416819,29.2854061174988],[-94.8199118411414,29.2855481175855],[-94.8195378411743,29.285648117698],[-94.819528897755,29.2856504548204],[-94.8195092998822,29.2855931023504],[-94.819509194062,29.2855927929507],[-94.8193792188407,29.2852124365097],[-94.8193578839869,29.2851500013158],[-94.8193243598659,29.2850518969208],[-94.8190862215843,29.2843550023787],[-94.8189350890386,29.2839127194591],[-94.8189349823035,29.2839124073214],[-94.8189333814258,29.2839077216485],[-94.8189408416154,29.2839061172638],[-94.8195208413716,29.2837591168246],[-94.8199618411562,29.2836341167746],[-94.8200737644985,29.2836059227089],[-94.8200340654874,29.2834897240688],[-94.8200306999017,29.2834798726919],[-94.8199243685523,29.2831686342513],[-94.8196263626708,29.2822963421351],[-94.8193296056404,29.2814276926161],[-94.8204519776152,29.2811327501657],[-94.8204809642166,29.2811251326733],[-94.8203486913264,29.2807368225677],[-94.8203485708536,29.2807364684671],[-94.8203356902981,29.280698662179],[-94.8203378413017,29.2806981165359],[-94.8203431411383,29.2806966998826],[-94.8203431755221,29.2806966901256],[-94.8214635963217,29.2803971918186],[-94.8215845104324,29.2807508418984],[-94.8215845306711,29.2807509012209],[-94.8216109519436,29.2808281783875],[-94.8223224756524,29.2806411866353],[-94.8223382409141,29.2806370441942],[-94.8227580121985,29.2805267249411],[-94.8238896929687,29.2802293027704],[-94.8236869115665,29.2796365445059],[-94.8236841986418,29.2796286151661],[-94.8235919698091,29.2793590160911],[-94.8232972147849,29.2784973917629],[-94.8244425820352,29.2781967781864],[-94.8243970406771,29.2780637773663],[-94.8243967534265,29.2780629413172],[-94.8242939321705,29.2777626564778],[-94.8243208422007,29.2777571157295],[-94.8244868419085,29.2777121158109],[-94.8249778428127,29.2775871156048],[-94.825431492596,29.2774627121014],[-94.825277581192,29.2770133980955],[-94.8254107926867,29.2769768093646],[-94.8254907567227,29.2769555360241],[-94.8254957425953,29.2769542104684],[-94.8255992222802,29.2769266812584],[-94.8256064872075,29.2769247480712],[-94.8257654894883,29.276882448417],[-94.8257954181563,29.2768739871097],[-94.8258195011535,29.2768676325396],[-94.8258437060676,29.276861647455],[-94.8258680266175,29.276856034368],[-94.8258924555671,29.2768507939549],[-94.8258988935939,29.276849516553],[-94.8259169856436,29.2768459277936],[-94.8259416074803,29.2768414382997],[-94.8259663158981,29.2768373262138],[-94.8259911026325,29.27683359218],[-94.8260159593452,29.276830238646],[-94.8260408788369,29.2768272653864],[-94.8260658538348,29.2768246739792],[-94.8260908771027,29.2768224651008],[-94.8261159403762,29.2768206393953],[-94.8261410364189,29.2768191975391],[-94.8261661569664,29.2768181401763],[-94.8261912948191,29.2768174670816],[-94.8262164417126,29.2768171788991],[-94.826241591476,29.2768172754356],[-94.8262667348161,29.2768177573032],[-94.8262918645702,29.2768186233747],[-94.826316973539,29.2768198734248],[-94.8263420534578,29.2768215080977],[-94.8263670982293,29.2768235253967],[-94.826392097495,29.2768259268035],[-94.8264170462228,29.2768287094517],[-94.8264419351196,29.2768318739535],[-94.8264667580878,29.2768354183122],[-94.826491505871,29.2768393422382],[-94.8265161723719,29.2768436437347],[-94.8265407483339,29.2768483225122],[-94.8265601377409,29.2768523261004],[-94.8265555733665,29.2768398866873],[-94.8265589843396,29.2768297157802],[-94.8265621935005,29.2768194934113],[-94.8265651986085,29.2768092240252],[-94.826567998525,29.2767989102948],[-94.8265705931032,29.2767885558272],[-94.8265729802126,29.2767781623615],[-94.8265751606984,29.2767677344387],[-94.8265771334217,29.2767572747318],[-94.8265788972441,29.2767467859138],[-94.8265804519819,29.2767362724936],[-94.8265817975619,29.2767257362745],[-94.8265829328086,29.2767151808314],[-94.8265838586039,29.2767046098036],[-94.8265845727438,29.2766940267335],[-94.8265850771752,29.2766834343909],[-94.8265853697311,29.2766728354166],[-94.8265854512933,29.2766622334498],[-94.8265853227432,29.2766516321296],[-94.8265849818773,29.2766410349987],[-94.8265844317075,29.2766304439571],[-94.8265836689649,29.276619863417],[-94.8265826966616,29.2766092952785],[-94.8265815146141,29.2765987440502],[-94.8265801226756,29.2765882133392],[-94.8265785207727,29.276577704949],[-94.8265767097871,29.2765672225187],[-94.8265746906373,29.2765567687858],[-94.8265724641682,29.2765463482911],[-94.8265700292413,29.2765359637078],[-94.8265673898604,29.2765256178698],[-94.8265645438585,29.2765153134179],[-94.8265614931091,29.2765050549253],[-94.826558238604,29.276494843326],[-94.8265547811516,29.2764846840624],[-94.8265511227354,29.2764745790027],[-94.8265472632086,29.2764645317536],[-94.8265432045182,29.2764545450848],[-94.826534978048,29.2764420307723],[-94.8275637332196,29.2760208784908],[-94.8284350551878,29.2756641662136],[-94.8284377299034,29.2756630716163],[-94.8285801347633,29.2756047710758],[-94.8283759719796,29.2752217197137],[-94.8283756486042,29.2752211127819],[-94.8283624004312,29.2751962559828],[-94.8298438433305,29.2745921145568],[-94.830256274045,29.2744120643286],[-94.8302573874795,29.2744115781783],[-94.8302949243547,29.274395191647],[-94.8304446957851,29.2746795933325],[-94.8304578438087,29.2746761148169],[-94.8324911322744,29.2739362898357],[-94.8325123439081,29.2739285712584],[-94.8325218443249,29.2739251148705],[-94.8343456821679,29.2732073708034],[-94.8343459594819,29.2732072620911],[-94.8346175682617,29.27310037122],[-94.8345759293338,29.2730220019939],[-94.834575794505,29.273021746777],[-94.8344210843768,29.2727305602799],[-94.8352865922828,29.2723751101351],[-94.8360306690765,29.2720695230722],[-94.8364433470757,29.2719000367329],[-94.836773141209,29.2717645897486],[-94.8374413792333,29.2714901387949],[-94.8380471031196,29.2725950534763],[-94.8380259258262,29.2726137369227],[-94.8380028938168,29.2726333601678],[-94.8379026027728,29.2727152712652],[-94.837504314934,29.2728797994313],[-94.8370589060887,29.273064876806],[-94.8360439384998,29.2734866103759],[-94.8350436169272,29.2739022470751],[-94.8353387796431,29.2744542707083],[-94.8353680078199,29.2745089338499],[-94.8355316714311,29.2748150201307],[-94.8349883738308,29.2750384907915],[-94.8340511822588,29.2754239702813],[-94.8335211772005,29.2756419653966],[-94.8329771733073,29.275865714835],[-94.831608726282,29.2764285433056],[-94.8320085591975,29.2771605043727],[-94.830838117594,29.2776354033589],[-94.830087574179,29.2779399228597],[-94.8300744567826,29.2779452451181],[-94.8300333307304,29.2779619319981],[-94.830031503503,29.2779626730135],[-94.8298580536512,29.2780330465594],[-94.8296939544002,29.2777191700372],[-94.8292038439837,29.2779201154126],[-94.8281218433498,29.2783521152884],[-94.8277239327572,29.2785194522691],[-94.8277892259272,29.2786354290642],[-94.8279467021563,29.2789248887442],[-94.8279634690929,29.278955706424],[-94.8278070212141,29.2789955903731],[-94.8277401132895,29.2790126481289],[-94.8277394015048,29.2790128290084],[-94.8272375769406,29.2791407611032],[-94.8272857837053,29.279281322],[-94.8272866822009,29.2792839414291],[-94.8273026634386,29.2793305379961],[-94.8274425281204,29.2797383485857],[-94.8276014684496,29.2802017783457],[-94.827822963194,29.2808716791503],[-94.8278584198472,29.2809789167241],[-94.8278924956427,29.2810819767202],[-94.8281753674528,29.2819374957257],[-94.8281756077945,29.2819382201442],[-94.8281867327342,29.2819718669871],[-94.8293135592068,29.2816767434861],[-94.829314167159,29.2816765837284],[-94.8294090958925,29.2816517211247],[-94.8294160839608,29.2816498910227],[-94.8296433361779,29.2820798587007],[-94.8296462757331,29.2820854203743],[-94.8299657413511,29.2826898530042],[-94.8299668516237,29.282691952646],[-94.83002089838,29.2827942099607],[-94.8300366515712,29.2828225857962],[-94.8300368369541,29.282822940111],[-94.8300455845588,29.2828396788572],[-94.830054175295,29.2828569065806],[-94.8300624209508,29.2828742625578],[-94.8300703206808,29.282891742248],[-94.8300778716196,29.2829093401442],[-94.830085070901,29.2829270507395],[-94.8300919156228,29.2829448694287],[-94.830098405013,29.2829627898675],[-94.8301045372344,29.2829808065811],[-94.8301103094211,29.2829989140626],[-94.8301157207281,29.2830171077711],[-94.8301207683259,29.283035381298],[-94.8301254514062,29.2830537292006],[-94.8301297691602,29.2830721460364],[-94.8301337197506,29.2830906263305],[-94.8301373013771,29.2831091637064],[-94.8301405131942,29.2831277536232],[-94.8301433544299,29.2831463897366],[-94.8301458243124,29.2831650657022],[-94.8301479219595,29.2831837778808],[-94.8301496477014,29.2832025181568],[-94.8301515729802,29.2832217964775],[-94.8301537270103,29.2832396291937],[-94.8301562357549,29.2832574260516],[-94.8301590984058,29.2832751816085],[-94.830162314118,29.2832928913236],[-94.8301658810913,29.2833105488201],[-94.8301697995461,29.2833281486877],[-94.8301740686373,29.2833456863853],[-94.830178684471,29.2833631563738],[-94.8301836493612,29.2833805524052],[-94.830188958312,29.2833978707117],[-94.8301946116171,29.2834151040793],[-94.8302006073661,29.2834322488366],[-94.8302069437222,29.2834492995088],[-94.83021361782,29.2834662505888],[-94.830220628851,29.2834830966339],[-94.8302279739132,29.2834998330389],[-94.8302356511695,29.2835164543288],[-94.8302436577178,29.2835329558984],[-94.8302519927498,29.2835493323051],[-94.8302606513428,29.2835655779773],[-94.8302696326151,29.283581689276],[-94.8302889460172,29.2835979737795],[-94.8307119596575,29.2843862264337],[-94.8309804305752,29.2848864891893],[-94.830998053369,29.2849193276555],[-94.8311154375472,29.2851380597281],[-94.8311578433385,29.2852170786143],[-94.8311740396599,29.2852490092895],[-94.8311841784971,29.2852702436086],[-94.831193894039,29.2852916299232],[-94.8312031813992,29.2853131617601],[-94.831212038777,29.2853348327429],[-94.8312204644082,29.2853566355935],[-94.8312284534065,29.2853785638389],[-94.8312360060283,29.2854006111669],[-94.8312431173871,29.2854227711046],[-94.8312497867474,29.285445036406],[-94.8312560123452,29.2854673997927],[-94.8312617913145,29.285489855758],[-94.8312671229565,29.285512396154],[-94.8312720044419,29.285535014572],[-94.8312764349985,29.2855577046678],[-94.831280412899,29.2855804582611],[-94.8312817810929,29.2855893087661],[-94.8312839383631,29.2856032699419],[-94.8312870075695,29.2856261323672],[-94.8312890669709,29.2856441706619],[-94.8312896228686,29.2856490383876],[-94.8312917804757,29.2856719797588],[-94.8312934816027,29.2856949520041],[-94.8312951957087,29.2857317587991],[-94.8312961669958,29.2857683184542],[-94.8312964107978,29.285804886968],[-94.831295925497,29.2858414534551],[-94.8312947136265,29.2858780062571],[-94.8312927734952,29.2859145362923],[-94.8312901056526,29.2859510300343],[-94.8312867125585,29.2859874776283],[-94.8312825946524,29.2860238682532],[-94.8312777524104,29.2860601901861],[-94.8312721883291,29.2860964326706],[-94.8312659039132,29.2861325840157],[-94.8312588996021,29.2861686334005],[-94.8312511788845,29.2862045710021],[-94.8312427443304,29.2862403842603],[-94.8312335983997,29.2862760633199],[-94.8312237435893,29.2863115974242],[-94.8312131824326,29.2863469749148],[-94.8312063790823,29.2864042630365],[-94.8311903540275,29.2865392223518],[-94.8311883359165,29.286582200221],[-94.831187702959,29.2865956841169],[-94.8311869912996,29.286630117209],[-94.8311869663916,29.2866645555183],[-94.8311876266187,29.2866989881596],[-94.8311889723117,29.286733407017],[-94.8311910029564,29.2867677994341],[-94.8311937179647,29.2868021545574],[-94.831197116639,29.2868364642393],[-94.8312011974363,29.2868707157907],[-94.8312023700655,29.286879133112],[-94.8312059607241,29.2869049001943],[-94.8312114028286,29.2869390065004],[-94.8312175231254,29.2869730247574],[-94.8312243190062,29.2870069431461],[-94.8312317908018,29.2870407535507],[-94.8312399328178,29.2870744440553],[-94.8312487454584,29.2871080047408],[-94.83125822505,29.2871414246573],[-94.8312683678086,29.2871746955604],[-94.831279171126,29.2872078056306],[-94.8312906333122,29.2872407457861],[-94.8314906167588,29.2878201959497],[-94.8320388557838,29.287677862613],[-94.8320419550535,29.2876768453118],[-94.8320450583311,29.2876758814064],[-94.8320481802375,29.2876749659366],[-94.8320513198176,29.2876740970667],[-94.8320544759326,29.2876732774698],[-94.8320576486558,29.2876725053424],[-94.8320608358568,29.2876717824236],[-94.8320640365435,29.2876711077797],[-94.8320672506425,29.2876704832141],[-94.8320704771987,29.2876699068911],[-94.8320737140813,29.2876693805499],[-94.8320769602618,29.2876689041584],[-94.8320802168055,29.2876684768471],[-94.8320834805897,29.287668099421],[-94.8320867516146,29.2876677718804],[-94.8320900277861,29.2876674950626],[-94.8320933101696,29.2876672680981],[-94.8320965956425,29.287667091792],[-94.8320998852701,29.2876669652748],[-94.8321031759299,29.287666889352],[-94.8321064676585,29.2876668631216],[-94.8321097603826,29.2876668883871],[-94.8321130510896,29.2876669632487],[-94.8321163397429,29.287667088608],[-94.8321196263425,29.2876672644652],[-94.8321229078391,29.2876674898219],[-94.8321261851881,29.2876677665138],[-94.8321294564055,29.2876680926732],[-94.8321327204627,29.2876684682678],[-94.8321359762944,29.2876688941673],[-94.8321392239005,29.2876693703717],[-94.832142460232,29.2876698958828],[-94.8321456863174,29.2876704707327],[-94.8321489011281,29.2876710948893],[-94.8321521026068,29.2876717682883],[-94.8321552897616,29.2876724899958],[-94.8321584625557,29.2876732609135],[-94.8321616189687,29.2876740800753],[-94.8321647590005,29.2876749474815],[-94.8321678805939,29.2876758630675],[-94.8321709848141,29.2876768259637],[-94.8321740685752,29.2876778360739],[-94.8321771318774,29.2876788933979],[-94.8321801737285,29.2876799970018],[-94.8321831930634,29.2876811477553],[-94.8321861889267,29.2876823438227],[-94.8321891602531,29.2876835860737],[-94.8321921070793,29.2876848736063],[-94.8321950273847,29.2876862054548],[-94.8321979211694,29.2876875816189],[-94.8322007863392,29.2876890029362],[-94.8322036230044,29.2876904667015],[-94.8322064310915,29.2876919747182],[-94.832209207588,29.2876935250863],[-94.8322119535592,29.2876951169364],[-94.8322146668745,29.2876967520075],[-94.8322173476807,29.2876984266928],[-94.8322199938103,29.2877001436331],[-94.832222606402,29.2877019001554],[-94.8322251833987,29.2877036961953],[-94.8322277237716,29.2877055317208],[-94.8322302275941,29.2877074049282],[-94.8322326937642,29.2877093175891],[-94.8322351213633,29.2877112669659],[-94.8322375093628,29.2877132530265],[-94.8322398577627,29.287715275771],[-94.8322421656077,29.2877173333637],[-94.8322444328611,29.2877194267064],[-94.8322466575389,29.2877215539311],[-94.8322488386126,29.2877237150059],[-94.8322509771109,29.2877259099629],[-94.832253072115,29.2877281360646],[-94.8322551215309,29.2877303941485],[-94.8322571264243,29.2877326833451],[-94.8322590847375,29.2877350035899],[-94.8322609975726,29.2877373531118],[-94.8322628629091,29.2877397309446],[-94.8322646797184,29.2877421370562],[-94.8322664490656,29.287744570577],[-94.8322681699222,29.2877470314749],[-94.8322698413329,29.2877495179141],[-94.8322714632977,29.2877520298948],[-94.8322730348613,29.2877545655812],[-94.832274554995,29.2877571249413],[-94.8322760247276,29.2877597080071],[-94.832277442075,29.2877623129109],[-94.8322788081025,29.2877649387831],[-94.8322801218183,29.2877675846898],[-94.8322813821569,29.2877702515005],[-94.8322825892285,29.2877729365101],[-94.8322837420043,29.2877756396864],[-94.8322848415864,29.2877783592581],[-94.8322858869094,29.2877810960948],[-94.8322868780466,29.2877838483928],[-94.8322878129409,29.2877866160881],[-94.8322886937594,29.2877893965395],[-94.8322895184083,29.2877921905847],[-94.8322902879894,29.2877949964522],[-94.8322910004457,29.2877978140777],[-94.8322916578709,29.2878006426238],[-94.8322922582811,29.2878034802226],[-94.832292801713,29.2878063259726],[-94.8324858639312,29.2883476970429],[-94.8324858805399,29.2883477445124],[-94.8325311174798,29.2884745927274],[-94.8325433601653,29.2885044105608],[-94.8327031986091,29.2893996919244],[-94.8328599941562,29.2893585107443],[-94.8330400960881,29.289311209209],[-94.8330407727775,29.2893110317174],[-94.8330920259601,29.2892975702786],[-94.8331162361467,29.2892912119787],[-94.8334818144472,29.2891951958496],[-94.8349275134458,29.2888859905308],[-94.834934533902,29.2888844879879],[-94.8353966642809,29.2887856442287],[-94.8356002869794,29.2887495952621],[-94.8356067822211,29.2887484455658],[-94.8358176085332,29.2887144676452],[-94.8360290779921,29.2886837192609],[-94.8362411283856,29.2886562111072],[-94.8364536935337,29.2886319501434],[-94.8366667092041,29.2886109460988],[-94.8366674150287,29.2886108877776],[-94.8368801103923,29.2885932023585],[-94.8370898083879,29.2885815545733],[-94.8379653358425,29.2885420414111],[-94.8395897296208,29.2884687153745],[-94.839704770393,29.2884686179411],[-94.8403306763192,29.2884680820358],[-94.8405966792015,29.2884732173089],[-94.8407836605788,29.2884768273243],[-94.8412364008322,29.2884924994719],[-94.841498839992,29.288505608095],[-94.8416887613902,29.2885150942468],[-94.842140602558,29.2885446045858],[-94.843029521148,29.288587757108],[-94.8455867651728,29.2887118658681],[-94.8465782603545,29.288759971644],[-94.8472934830142,29.2887747548858],[-94.8477139683896,29.2887747529601],[-94.8480032159207,29.2887703241369],[-94.8481343889387,29.2887683164113],[-94.8485546178394,29.2887554467118],[-94.8490193826397,29.2887201465051],[-94.849262618153,29.2886962104719],[-94.8493882125883,29.2886819002755],[-94.8495053398114,29.2886685561614],[-94.8497474731242,29.2886371911905],[-94.8499889455127,29.288602126848],[-94.8502296834061,29.288563373489],[-94.8503450444819,29.2885429717838],[-94.8503837084132,29.2885361337951],[-94.8504696122053,29.2885209414375],[-94.8507086591867,29.2884748455906],[-94.8509467527649,29.2884250981726],[-94.8511838191155,29.2883717158532],[-94.8514197865445,29.2883147135631],[-94.851510500974,29.2882912995267],[-94.8516545821841,29.2882541098083],[-94.8518881362529,29.2881899231913],[-94.8521211922227,29.288122054955],[-94.8525811916827,29.2879875618708],[-94.8527264580946,29.2879450889667],[-94.8527432855462,29.2879401687922],[-94.853587159295,29.2876934325243],[-94.8545485041281,29.2874123412475],[-94.8546169843665,29.2873886339314],[-94.8545748022545,29.2873347122867],[-94.854410850865,29.2871611168067],[-94.854809850687,29.2870431162165],[-94.8554518503969,29.2868161161255],[-94.8566848510963,29.2864111165265],[-94.8567658509605,29.2866171160028],[-94.8567739200232,29.2866418873174],[-94.8571936358543,29.28649657362],[-94.8571948078387,29.2864961676156],[-94.8577383200117,29.2863079900483],[-94.8586178341014,29.2860034751307],[-94.8592751693573,29.285775879675],[-94.8595884478004,29.285691465003],[-94.8596365190534,29.2856796598701],[-94.8597569426611,29.2856500859657],[-94.859926235147,29.2856112920688],[-94.8600962744305,29.2855750925659],[-94.8602670084735,29.2855415011871],[-94.8604383844279,29.2855105262207],[-94.8606103514304,29.2854821778226],[-94.8607828556048,29.2854564642493],[-94.8608181791885,29.2854517533453],[-94.860955846161,29.2854333938538],[-94.8611292692597,29.2854129739915],[-94.8613030731917,29.2853952102786],[-94.8614772031985,29.2853801073339],[-94.861651607535,29.285367671676],[-94.8618262336092,29.2853579052827],[-94.8620010266632,29.2853508127738],[-94.8620941790249,29.2853484603368],[-94.8621759341417,29.285346395226],[-94.8623509034896,29.2853446537165],[-94.8625258811231,29.2853455892906],[-94.8627008124662,29.2853492020604],[-94.8628756461017,29.2853554904304],[-94.8629034855801,29.2853569184476],[-94.8630259599197,29.285363201956],[-94.8630503275628,29.285364451808],[-94.863224804367,29.2853760854679],[-94.8633990221567,29.2853903861129],[-94.8635729296234,29.2854073494434],[-94.8637464734015,29.285426971096],[-94.8639195992057,29.2854492439708],[-94.8640922557636,29.2854741628671],[-94.8642643898548,29.2855017198156],[-94.8644359493596,29.2855319050754],[-94.8646068820859,29.2855647107095],[-94.8647771349216,29.2856001260442],[-94.8649466578039,29.2856381414032],[-94.8651153987581,29.2856787434397],[-94.8652833046713,29.2857219214805],[-94.8653022995589,29.2857271232865],[-94.8654503256618,29.2857676613416],[-94.8656164118113,29.2858159497405],[-94.8657815101878,29.2858667714961],[-94.8659455730025,29.2859201115868],[-94.8661085484241,29.2859759530603],[-94.8662703876706,29.2860342799618],[-94.8664310410764,29.2860950726979],[-94.8665904608874,29.2861583153461],[-94.8667485964814,29.2862239864781],[-94.8669054012774,29.2862920665964],[-94.8693953213791,29.2874731941562],[-94.872421140811,29.2889084325933],[-94.8725537108388,29.2889713116968],[-94.8747930341206,29.2900334184754],[-94.8754153818964,29.2903285857111],[-94.8772924564625,29.2912188179402],[-94.8772936733031,29.2912193954814],[-94.8778401406594,29.2914870192076],[-94.8778591420889,29.2914963238667],[-94.8778611844413,29.2914973241871],[-94.8778617985653,29.2914976248687],[-94.880736361816,29.2929054092365],[-94.8820037916937,29.2935260850918],[-94.88202205144,29.2935350258442],[-94.8823588921433,29.2936999571001],[-94.8865388950324,29.29574660498],[-94.8865386496677,29.295746944117],[-94.8865771748278,29.2957658071215],[-94.8873311924306,29.2961350110429],[-94.8873312752669,29.2961350515184],[-94.8883776314765,29.2966473865433],[-94.8883883018906,29.2966526109122],[-94.8929120713365,29.2988674630438],[-94.8945104832156,29.2996499905024],[-94.8961808740713,29.3004677228099],[-94.8962186409097,29.300486213774],[-94.8994119209566,29.3020496251104],[-94.8996500753416,29.3021662245763],[-94.8996533193506,29.3021678122448],[-94.8996746037462,29.3021782338899],[-94.8996808563135,29.3021812954478],[-94.8996935044893,29.3021874735212],[-94.9017907358511,29.3032119161989],[-94.9019854062979,29.303307018526],[-94.9022887479005,29.30345518959],[-94.9026538184192,29.3036335117029],[-94.9031611385712,29.3038804841174],[-94.9031803743203,29.3038907122372],[-94.9034725715297,29.3040460762518],[-94.9035271310087,29.3040750864627],[-94.9037048118361,29.3041818477043],[-94.9038786589074,29.3042947451509],[-94.904048461415,29.3044136414263],[-94.9040793521155,29.3044377758303],[-94.9043745590052,29.3046684168475],[-94.9043758569784,29.3046694977162],[-94.9045315454046,29.3048048345983],[-94.9048297206105,29.3050927806562],[-94.9051070856971,29.305400824231],[-94.9052375354283,29.3055619180205],[-94.9054773802226,29.3059336404062],[-94.9054774025526,29.305933674498],[-94.9061262623148,29.3069795562695],[-94.9064096892961,29.307436397203],[-94.906939689801,29.3082906648133],[-94.9074403352026,29.3090976045435],[-94.9078437555969,29.3097338953323],[-94.9082048821929,29.3102704608644],[-94.908407961189,29.3105608662155],[-94.9086464186443,29.3108526155242],[-94.9089882332122,29.3112300856437],[-94.9089909750046,29.3112329614103],[-94.9093383909482,29.3115754960541],[-94.9093538824926,29.311590770087],[-94.9093664268427,29.3116018104647],[-94.9097224376017,29.3119151397447],[-94.9097377944866,29.3119286544213],[-94.9097745601256,29.3119579631027],[-94.9100261616052,29.3121585292708],[-94.9106194256991,29.3125720241441],[-94.9111854462043,29.3129665261998],[-94.9131112534835,29.3144925506471],[-94.9134018299196,29.3147227995536],[-94.9139556850741,29.3151616615694],[-94.9147926744429,29.3158250511913],[-94.9152891255164,29.3162200240919],[-94.91647543667,29.3171638241741],[-94.9173224077572,29.3178376360804],[-94.9180499865412,29.3184164538995],[-94.9185570037164,29.3188198005535],[-94.9197851289246,29.3198117007869],[-94.9203145523825,29.320239482706],[-94.9205469523357,29.3204272633531],[-94.9208458927455,29.3206688061937],[-94.9214125368111,29.321126650297],[-94.9219100460326,29.321528628058],[-94.9226018968762,29.3220876222756],[-94.9228532048572,29.3222875783405],[-94.9228537081537,29.3222879792462],[-94.9252054758867,29.3241591514539],[-94.925208285179,29.3241613860802],[-94.9259387002776,29.3247410893383],[-94.9260531963969,29.3248319596642],[-94.9266221104252,29.325283476868],[-94.927118487022,29.3256774205429],[-94.927369661627,29.3258767602752],[-94.9275072242608,29.3259859329518],[-94.9277119327358,29.3261483935487],[-94.9286889824083,29.3269237901024],[-94.9286925920442,29.3269266557986],[-94.9287522306776,29.3269739846358],[-94.9291378675449,29.3272592795321],[-94.9297873605079,29.3277331645343],[-94.930484014547,29.3282414509844],[-94.9306278239879,29.3283463750043],[-94.9314188547724,29.3289235080228],[-94.9325908538157,29.3297783536836],[-94.9330891886535,29.3301421388562],[-94.9331115466335,29.3301581600284],[-94.9339167484407,29.3307455431795],[-94.9343094467284,29.3310493401037],[-94.9348235529275,29.3314470562746],[-94.9360350271844,29.3323842386406],[-94.9370600265599,29.3331771668718],[-94.9377194433134,29.3337666259688],[-94.937958806206,29.3339805946807],[-94.9385366210229,29.3344971030307],[-94.9390612474344,29.3349660622069],[-94.9396723630526,29.3355122283298],[-94.9400913554906,29.3358856473885],[-94.9409556066401,29.3365720124012],[-94.9411467497676,29.3367230449414],[-94.9431875727487,29.3383355681215],[-94.9438280215399,29.3388369237202],[-94.9438540319707,29.3388572847885],[-94.94430845396,29.3392130097825],[-94.9457321677452,29.340327476723],[-94.9481268721121,29.3422019254387],[-94.9487386212993,29.3426807526657],[-94.9505505099363,29.3440989062082],[-94.9514435975676,29.3449042822288],[-94.9520902942979,29.3453938102375],[-94.9526000256014,29.3457343536294],[-94.9529508618648,29.3459481940814],[-94.9533100209798,29.346151179075],[-94.9536770306641,29.3463430540651],[-94.9542291884657,29.3465979896081],[-94.9543356537347,29.3466448552712],[-94.954588744677,29.3467562602245],[-94.9547968535987,29.3468478683477],[-94.955257358051,29.347050582416],[-94.9556005371617,29.3472016329268],[-94.9558643076739,29.3473177126238],[-94.9563585481713,29.3475352146278],[-94.9570492369798,29.3478391599984],[-94.9575995818526,29.3480813455592],[-94.958454876923,29.3484577211926],[-94.9593552859946,29.3488539449562],[-94.9614278824959,29.3497659407988],[-94.9624398789929,29.350211227909],[-94.9631553384775,29.3505260244699],[-94.9640323925125,29.3509119197395],[-94.9652376966448,29.3514422321455],[-94.9661424242648,29.3518402769216],[-94.9670504165227,29.3522397538236],[-94.9670680518351,29.3522475123125],[-94.9671358114,29.3522773227801],[-94.9675527335629,29.3524607468554],[-94.9683320529794,29.3528036026069],[-94.9683487909476,29.3528109663493],[-94.9696385297799,29.3533783576469],[-94.9703782557018,29.3537037791515],[-94.9703911819416,29.3537094655963],[-94.9704600496327,29.3537397619063],[-94.9707707136072,29.3538764260956],[-94.9715350609945,29.354211267963],[-94.9715059301458,29.3538707663006],[-94.9715057548202,29.35386872599],[-94.971502047167,29.3538253830243],[-94.9715017490871,29.3538039052206],[-94.9715122818495,29.3538115976518],[-94.9733498836398,29.3546071266352],[-94.9742238841095,29.3549901265265],[-94.9749048841185,29.355249126481],[-94.9749268845011,29.3552591264133],[-94.9753128845855,29.3554431266098],[-94.9761628844576,29.3557931271712],[-94.9762398844487,29.3558251264181],[-94.9770558852406,29.3562011270987],[-94.9759408844427,29.3558121269729],[-94.9749238843747,29.3554371268336],[-94.9742438837606,29.3551711267082],[-94.9731028841892,29.3548401265392],[-94.9721198835041,29.3544141263836],[-94.972437756629,29.354597665087],[-94.9725743322789,29.3546561249682],[-94.9731411824355,29.3548987574729],[-94.9733477402755,29.3549871703201],[-94.9734847690003,29.3550458225729],[-94.9738615027246,29.3552070756248],[-94.974025160349,29.3552771247212],[-94.9741189660551,29.3553172757468],[-94.9742173316981,29.355359378088],[-94.9742181313478,29.3553597209169],[-94.9743114304665,29.3553996542817],[-94.9744580036828,29.3554623899009],[-94.974698897043,29.3555654973231],[-94.9748731928301,29.355640097877],[-94.9748855264873,29.3556453768691],[-94.9748882660696,29.355646549239],[-94.9750137484497,29.3557002551987],[-94.9750127240868,29.3562215925983],[-94.9750144818178,29.3563610576732],[-94.9750162156172,29.3564985619445],[-94.975017948392,29.3566360661817],[-94.9750196412205,29.3567703388283],[-94.9750196822362,29.3567735695452],[-94.9750214150203,29.3569110737766],[-94.975023147809,29.3570485780048],[-94.9750248816317,29.3571860822612],[-94.9750252240418,29.3572132953341],[-94.9750253780515,29.3572254775639],[-94.9750266144298,29.3573235864835],[-94.9750283482618,29.3574610907339],[-94.9750338460548,29.3578972967554],[-94.9750338778012,29.3578998455436],[-94.9750345874476,29.3579561052084],[-94.9750364841452,29.3580665732247],[-94.9749749131904,29.3580671908458],[-94.9745583681225,29.3580713697054],[-94.9737045175433,29.3580812134306],[-94.9736696312142,29.3580816153429],[-94.9735998038915,29.3580824201996],[-94.9735684128821,29.3580827821886],[-94.9735214480635,29.3580832836879],[-94.9733722960425,29.358084875686],[-94.9733487522953,29.3580851268095],[-94.9731760565209,29.3580869697077],[-94.9729798159264,29.3580890643117],[-94.9727835753593,29.3580911577254],[-94.9725873357782,29.3580932517835],[-94.9723910951951,29.3580953446203],[-94.9721948555979,29.3580974381015],[-94.9719986149988,29.3580995303613],[-94.9716821841395,29.3581029048438],[-94.971586482411,29.358105620779],[-94.9716009464351,29.3589587300779],[-94.9716945446611,29.3589569256862],[-94.9718831808794,29.3589549148668],[-94.9720718181552,29.3589529029102],[-94.9722604553881,29.3589508915888],[-94.9724490916196,29.358948879068],[-94.9726377288376,29.3589468672135],[-94.9728263650189,29.3589448550614],[-94.9730150022576,29.358942841772],[-94.973203638424,29.3589408290868],[-94.9733765480467,29.3589389835339],[-94.9733922756479,29.3589388152644],[-94.9734874432916,29.3589378000142],[-94.9734876838194,29.3590202560709],[-94.9734917162808,29.3592952916308],[-94.9734957487639,29.3595703271786],[-94.9734975686589,29.3596538465819],[-94.9734636369158,29.3596538619497],[-94.9735412349685,29.3597760813397],[-94.9736974589292,29.3600218366243],[-94.9737139066793,29.3600477100551],[-94.9738197934478,29.3602235784541],[-94.9738232482673,29.36022931554],[-94.9738418949638,29.3602602868531],[-94.973863180927,29.3602956407513],[-94.9738670251006,29.3603018030857],[-94.9738700420871,29.3603063821526],[-94.9738730062775,29.3603107050241],[-94.9738760558001,29.3603149808134],[-94.973877538562,29.3603169811112],[-94.9730681409331,29.3604711046162],[-94.9729085223068,29.3604669082168],[-94.9727842182944,29.3604679250138],[-94.9725958544971,29.3604694650966],[-94.9724074845176,29.3604710047274],[-94.9722505165411,29.3604722883634],[-94.9720935485961,29.3604735709132],[-94.9718888512559,29.3604752435826],[-94.9718838015909,29.360475285274],[-94.9717168240425,29.3604766489575],[-94.9716231039417,29.3604819356168],[-94.9716243094727,29.3605602578076],[-94.9716303349115,29.3609515851858],[-94.9716305720801,29.3609816869176],[-94.9716369512973,29.3614244411323],[-94.9716370347329,29.3614302065178],[-94.9716380939043,29.3615037084969],[-94.9716440635508,29.3619030071623],[-94.9716448908843,29.3619580362269],[-94.9716457211282,29.362013017528],[-94.9716486522292,29.3622055178447],[-94.971658441823,29.3628500517362],[-94.9716725438519,29.3638016101745],[-94.9716726103225,29.3638060776562],[-94.971674779665,29.3639528618968],[-94.971677829612,29.3641591124669],[-94.9716853565891,29.3646682548283],[-94.971685681458,29.3646905992303],[-94.9716865656617,29.3647516772458],[-94.9717074146925,29.366170992005],[-94.971711895203,29.3664650738504],[-94.9717146928636,29.3666487103725],[-94.9717193341134,29.3669637818795],[-94.9717240552785,29.3672843161901],[-94.9717252927826,29.3673828693096],[-94.9717335752335,29.3679653361952],[-94.9717335850504,29.3679660036941],[-94.9717420317231,29.3685427261612],[-94.9718364654328,29.3685414431906],[-94.9724182127554,29.3685357656434],[-94.9727321682443,29.3685327001722],[-94.972932378347,29.3685304009867],[-94.9731328338845,29.3685280980725],[-94.9732276917917,29.3685270083898],[-94.9733218515625,29.3685259273701],[-94.9735223070825,29.3685236238712],[-94.9737227625936,29.3685213200712],[-94.9741390935437,29.368516829117],[-94.9742331939792,29.3685158142815],[-94.9743274645977,29.3685147963874],[-94.9744612074829,29.3685133538289],[-94.9747126826976,29.3685106390813],[-94.9749052917358,29.3685085600115],[-94.9750750237236,29.368506727893],[-94.9750979007661,29.3685064806638],[-94.975192009454,29.3685054644991],[-94.9752862707172,29.3685044474522],[-94.9754788797321,29.3685023675549],[-94.9756714887392,29.3685002873797],[-94.9757339502033,29.3684994360819],[-94.9760367460594,29.3684954692946],[-94.9761226029886,29.3684943445211],[-94.9762065624306,29.3684932446431],[-94.9766911390058,29.3684868957825],[-94.9766924672206,29.3684868789435],[-94.9771884646706,29.368481166898],[-94.9776836618705,29.3684754622986],[-94.9778723150378,29.3684734547428],[-94.9780609692272,29.3684714469514],[-94.9782496223797,29.3684694388625],[-94.9783590943439,29.368468273104],[-94.9783516809409,29.3679642847747],[-94.9783473636115,29.3676707838279],[-94.9783433175033,29.3673957821772],[-94.9783392724463,29.3671207805453],[-94.9783352274111,29.3668457789012],[-94.9783311814034,29.3665707763121],[-94.9781641467692,29.3661335370396],[-94.9783870242642,29.366131302588],[-94.9785000843586,29.3661301699768],[-94.9786072373939,29.3661290949197],[-94.9788372097836,29.3661267891059],[-94.9790630547281,29.3661245237617],[-94.9796443402721,29.3661186919954],[-94.9796449591267,29.3661603443557],[-94.9796485680989,29.3664034343925],[-94.9796520753321,29.3666396651628],[-94.979655633811,29.3668792903521],[-94.9796593339708,29.3671285125086],[-94.9796637494536,29.3674259355247],[-94.9796653043132,29.3675353970202],[-94.9796670224183,29.3676563999606],[-94.9796787644872,29.3684538882517],[-94.9797571475209,29.3684528176906],[-94.9802049640047,29.3684470470122],[-94.9804488961258,29.3684439028726],[-94.980652956764,29.3684412729192],[-94.9809200003809,29.3684381811232],[-94.9810058148378,29.3684371873601],[-94.9813124349719,29.3684336361656],[-94.9815491506241,29.3684308947796],[-94.9816433671046,29.3684299341963],[-94.9817375062654,29.3684289739271],[-94.9819857089791,29.3684267870794],[-94.9819899291242,29.3684267498144],[-94.982209700243,29.3684248134668],[-94.9824294713535,29.3684228767576],[-94.9826770975974,29.3684217465571],[-94.9828961021769,29.3684192226334],[-94.9829038009139,29.3684191338511],[-94.983142294661,29.3684163844774],[-94.9833841046147,29.3684135972496],[-94.9836197976404,29.3684108801035],[-94.9836330204456,29.3684106993072],[-94.9836826621868,29.368410020067],[-94.9839066440978,29.368407439327],[-94.9841443540337,29.3684046988867],[-94.9843273128049,29.3684025903234],[-94.9843806728748,29.3684019748526],[-94.9846145859753,29.368399278236],[-94.9848559204045,29.3683964957063],[-94.9850908945589,29.3683937859381],[-94.98513477605,29.3683932804674],[-94.9853294654355,29.3683910340784],[-94.9855555374363,29.3683884267742],[-94.9857524128602,29.3683861552396],[-94.9858003839887,29.3683856019212],[-94.9860314355098,29.3683829359301],[-94.9860984420826,29.3683821623156],[-94.9862678491403,29.3683802068954],[-94.9865075707394,29.3683774396889],[-94.9868375775457,29.3683736302192],[-94.9869449884794,29.368372390035],[-94.9871405119871,29.3683701317809],[-94.987486534889,29.3683661359753],[-94.9875801572156,29.3683663902349],[-94.9876896311158,29.3683666876186],[-94.9882024222181,29.3683623938689],[-94.9884849309788,29.3683600271963],[-94.988767440756,29.3683576599568],[-94.9890499494906,29.3683552920886],[-94.9893324592416,29.3683529236536],[-94.9896149689796,29.3683505546208],[-94.989897477675,29.3683481849593],[-94.9901799873868,29.3683458147309],[-94.9905733784777,29.3683425127188],[-94.9915836254962,29.3683340291865],[-94.9921771963461,29.3683290414471],[-94.9927770403496,29.368323541529],[-94.9928165472394,29.3683228814216],[-94.992791985126,29.3667521030804],[-94.9927845298296,29.3662753468408],[-94.992775139472,29.3656748108894],[-94.9927577836707,29.3645648664165],[-94.9927553052605,29.3644063498806],[-94.9927423035673,29.3635748282922],[-94.9927341811939,29.3630553420007],[-94.9927198519753,29.3621388880785],[-94.99270493612,29.3611849133036],[-94.9926828555369,29.3597726516217],[-94.992664120244,29.3585743794085],[-94.9926635495542,29.3585378676334],[-94.9926548959268,29.3579843585358],[-94.9926300304076,29.3553790195764],[-94.9926268124288,29.3550417730498],[-94.9926180777059,29.3541265142422],[-94.9926159380236,29.3539023042042],[-94.9926150980308,29.3538591646787],[-94.9926150345021,29.3538161188923],[-94.9926158271722,29.3537730780527],[-94.9926174775339,29.3537300566501],[-94.9926199851276,29.3536870664076],[-94.9926233483583,29.3536441217229],[-94.9926275667661,29.353601234319],[-94.9926326387915,29.3535584176916],[-94.9926385628393,29.3535156862383],[-94.9926453374559,29.3534730507494],[-94.9926529599817,29.3534305264932],[-94.9926614289629,29.3533881242602],[-94.9926707407458,29.3533458583859],[-94.9926808938062,29.3533037414641],[-94.9926918845611,29.353261786027],[-94.9927037083981,29.3532200045755],[-94.9927163637577,29.3531784106054],[-94.9927298449983,29.3531370165868],[-94.9927441495663,29.3530958350824],[-94.9927554656999,29.3530651848641],[-94.9927592718201,29.3530548785626],[-94.9927752071476,29.3530141595283],[-94.9927919519658,29.3529736905115],[-94.9928094996393,29.3529334830494],[-94.9928443308732,29.3528592906986],[-94.9928912864204,29.3527668187399],[-94.9929201867802,29.3527099047169],[-94.9932795790504,29.352002138218],[-94.9932111456016,29.3519625342038],[-94.9931487606769,29.3519456566362],[-94.9929230989599,29.3519388804177],[-94.9928200227881,29.3519493304335],[-94.9927363488675,29.3519565584546],[-94.9926825694633,29.3519724079972],[-94.9925745555741,29.3520157364015],[-94.9925022227391,29.3520479037002],[-94.9923994878605,29.3520745154881],[-94.9923120676937,29.3521009975993],[-94.992231511072,29.3521218651734],[-94.9921186800461,29.3521184763367],[-94.9920651280414,29.3521285100373],[-94.9919912094978,29.3521495768459],[-94.9918907414422,29.3521698452535],[-94.991804231301,29.352173068269],[-94.9917044577268,29.3521712449893],[-94.99162480145,29.3521735000711],[-94.9915648397839,29.3521775204116],[-94.9915117417818,29.3521759253807],[-94.9914659646683,29.3521570856684],[-94.991360908672,29.3521248221195],[-94.9911827733859,29.3520429466791],[-94.9911327063528,29.3520131781708],[-94.9910940206602,29.3519829083154],[-94.991002466776,29.3519452285874],[-94.9909434156507,29.3519259898914],[-94.9908984984031,29.3519023275474],[-94.9907528877467,29.3518711256442],[-94.990416887684,29.3515671258434],[-94.9902248881727,29.3512951253747],[-94.9900168877268,29.3510391251365],[-94.9897128881753,29.3509271256696],[-94.989376888315,29.3507991250366],[-94.9889768875545,29.3505911254832],[-94.9886248876199,29.3502871256133],[-94.9883528875378,29.3500311252643],[-94.9881448873731,29.3499351255615],[-94.9877608872826,29.349999125283],[-94.9873768871176,29.3500951252016],[-94.9873265115446,29.3500783333216],[-94.9872178477515,29.350146129307],[-94.9871533170539,29.350149692434],[-94.9870184716696,29.3501841633224],[-94.9869366551521,29.3501679434205],[-94.9868894773406,29.3501682462866],[-94.98685241196,29.3501704973473],[-94.9867883389036,29.3501854977437],[-94.9867094747599,29.3501941333051],[-94.9866013434337,29.3501881292158],[-94.9864413882362,29.3501434404399],[-94.9864328874527,29.3501431251636],[-94.9860488871862,29.3500791256336],[-94.9856328864378,29.3499031250978],[-94.985296886575,29.3498231253671],[-94.9852614788149,29.3498127977748],[-94.9852174812687,29.3498135225598],[-94.9850363475439,29.34976679454],[-94.9849762840564,29.3497296165556],[-94.9849128870257,29.3497111255233],[-94.9847368864107,29.349583124914],[-94.9844968869442,29.3493911248925],[-94.9841448864312,29.3490871252514],[-94.9838248860316,29.3488471252743],[-94.9834780673353,29.3485475998093],[-94.9834343872975,29.3485462849933],[-94.9832993466978,29.3485257088087],[-94.98316206099,29.3485023130293],[-94.9830075490042,29.3484976616199],[-94.9828536848899,29.3484765183067],[-94.9827660567398,29.3484683764353],[-94.9826063790521,29.3484553134241],[-94.9824468378012,29.3484587655597],[-94.9823581315191,29.3484781096772],[-94.9823048273947,29.3484957678188],[-94.9822237381548,29.3484410406507],[-94.9821427439104,29.3484217746324],[-94.9820353215526,29.3484000605626],[-94.981897479829,29.3483706744045],[-94.9818014888661,29.3483154982354],[-94.9816749390921,29.3482786648411],[-94.9816075661693,29.3482546209403],[-94.9814564859988,29.3482225523436],[-94.9814247705878,29.3482070983988],[-94.9811108476638,29.3481346549751],[-94.9810080618647,29.3481237387037],[-94.9809145125247,29.3481264247521],[-94.9808612498897,29.3480770554121],[-94.9808066995813,29.3480644671116],[-94.9807835516899,29.348061938899],[-94.9806921889253,29.3480289162976],[-94.9805990711225,29.3480206076273],[-94.9805417868524,29.3479996189451],[-94.9804789035037,29.3479812134472],[-94.9804083443813,29.3479983510515],[-94.9803349715898,29.3480071482371],[-94.980242186555,29.3479178658826],[-94.9801611549663,29.3478498140455],[-94.9800841306471,29.3477959519271],[-94.9800258370696,29.3477452064097],[-94.9799547612672,29.3476798360827],[-94.9799121319052,29.3476366651239],[-94.9798860572118,29.3475657771724],[-94.9798408848316,29.3475351251747],[-94.9795688851553,29.3471511248165],[-94.979408885353,29.3469271252919],[-94.9791563591302,29.346871007834],[-94.9791441668578,29.346882965187],[-94.9791045034636,29.3469154046002],[-94.979039986255,29.3469941838897],[-94.9789918633364,29.3470465496674],[-94.978958446132,29.3470929935242],[-94.9788862641824,29.3471896402205],[-94.9788235910214,29.3472764037796],[-94.9787886832331,29.3474367969426],[-94.9786814734274,29.3476027304723],[-94.9784631535759,29.3475188634983],[-94.9782924632954,29.3471966537896],[-94.9780058351422,29.3471495026308],[-94.9777547655057,29.3471082015051],[-94.9776438144463,29.3470914045068],[-94.9774736285497,29.3470677341714],[-94.9774234590654,29.3470209484891],[-94.9771688845862,29.346975124761],[-94.9769288842578,29.3467831248641],[-94.9767848844575,29.3466391253451],[-94.9764968844849,29.3462231246532],[-94.9762819618343,29.3461045471222],[-94.9760583314828,29.3465976112456],[-94.9759318582475,29.346876458668],[-94.9758193450003,29.3468577847582],[-94.9759173620575,29.3465887608328],[-94.9761252754102,29.346018099946],[-94.9760328837387,29.345967125112],[-94.9757908833106,29.3457691246595],[-94.9756808841576,29.3456791247393],[-94.9756970641888,29.3455227186392],[-94.9757288841685,29.3452151248464],[-94.9757681135043,29.3449797511621],[-94.9757928836905,29.3448311248371],[-94.9758728839389,29.3443671248326],[-94.9758888845028,29.3439511247774],[-94.9757768841305,29.3436951247375],[-94.9755048843541,29.3434071239215],[-94.9748968840727,29.3431831241737],[-94.9745448833534,29.3429911246012],[-94.9743848832719,29.3426391243192],[-94.9745128835938,29.3422231238827],[-94.9746248840397,29.3417431243574],[-94.9746078833728,29.341392124007],[-94.9744478833041,29.3411201241262],[-94.9741438834821,29.3408961235968],[-94.9736798829514,29.3408481238393],[-94.9731998831486,29.340880124032],[-94.9726718834111,29.3407841240745],[-94.9721438828344,29.3408161242771],[-94.971615883254,29.3408641236242],[-94.9711078822294,29.3407401234887],[-94.9707678822955,29.3407041243007],[-94.9705758823257,29.3403681242347],[-94.9706544111472,29.3400670977763],[-94.9706268606784,29.3400063003081],[-94.9706294556468,29.3399403334359],[-94.9706548746494,29.3398530398606],[-94.9707389219741,29.339712480018],[-94.9707436247964,29.3396988066372],[-94.9707518826004,29.3396641238682],[-94.9707925930476,29.3394334311236],[-94.970801354241,29.3393700493294],[-94.9708158822678,29.3391521230816],[-94.9707843535009,29.339117966855],[-94.9707409740425,29.3390709726497],[-94.9710198042679,29.3386931339708],[-94.9715288051702,29.3384271340588],[-94.9719547742766,29.3376868064027],[-94.9719851867585,29.3376339490561],[-94.9722158041797,29.3372331339651],[-94.9728878057546,29.3368901334134],[-94.9732768053853,29.3363681333942],[-94.9731868052718,29.3359591330977],[-94.9729578053345,29.3358641338572],[-94.9728928054845,29.3357881337486],[-94.9727238056751,29.3355241332316],[-94.9726688056693,29.3354821337049],[-94.9726068047663,29.3354691336151],[-94.9724588051251,29.3354201338118],[-94.9723397788817,29.3353577407713],[-94.9723348047465,29.3353551330535],[-94.9723251375896,29.3353461223983],[-94.9722318045784,29.3352591330141],[-94.9722128055239,29.3352091329428],[-94.9722150926394,29.3351382046023],[-94.9722664684806,29.3351537624072],[-94.9722681394154,29.3351542687901],[-94.9771753961398,29.3366402335095],[-94.9813038897495,29.3236099086643],[-94.9860842737956,29.3085177610567],[-94.9861407897296,29.3085502272933],[-94.9861635279301,29.3085666437004],[-94.9862612204852,29.3086323956323],[-94.9863898876535,29.3087189945986],[-94.986462798463,29.3087680671798],[-94.9866226994336,29.3088044187018],[-94.98662653127,29.3088052905863],[-94.9870061762756,29.3088915982564],[-94.987232276092,29.3092444346331],[-94.9875784998513,29.3095649462541],[-94.9879435413265,29.3103683734823],[-94.988268786513,29.3105931929448],[-94.988620215304,29.3107988171588],[-94.9891641610258,29.3113305121454],[-94.9895715606449,29.3118799446741],[-94.9897806098977,29.312096853426],[-94.9901779776037,29.3123745997217],[-94.9905958555577,29.3125675256817],[-94.9909942123638,29.3126426459593],[-94.9911724896867,29.31267158819],[-94.9912523063616,29.3126832221948],[-94.9913716088603,29.3127006121113],[-94.9915395057428,29.3127171753314],[-94.9918477599576,29.3127475848488],[-94.9923395526144,29.3127960984095],[-94.9925009446223,29.3128969886238],[-94.9926989521723,29.3132152601967],[-94.9927587403043,29.3133683338008],[-94.9930128094338,29.3134341285522],[-94.9932429442965,29.3135408341437],[-94.9932605618328,29.3135490032303],[-94.9933018101122,29.313568128538],[-94.9934468102608,29.313620128053],[-94.9938304909739,29.3136918284813],[-94.9939189509601,29.3137047451771],[-94.9939225472948,29.3137052703008],[-94.9942263583886,29.3137496296906],[-94.9946308098892,29.3138451285167],[-94.9948648105768,29.3139411284987],[-94.9950508097478,29.3140411283041],[-94.9952688100726,29.3142281280506],[-94.9953788099745,29.3143591281702],[-94.9954335166735,29.3144423075001],[-94.9956478092198,29.3147681279301],[-94.9958018099542,29.3149221285837],[-94.99643681103,29.3150891282609],[-94.9966371509474,29.3151735631364],[-94.9967468857845,29.3152360380093],[-94.9969830200654,29.315419385257],[-94.9973958106577,29.3157801288834],[-94.9976887197709,29.3159897538336],[-94.9978618111107,29.3160701288953],[-94.9980068107125,29.3160741288894],[-94.9981902085908,29.3160138921174],[-94.998532810363,29.3158851280361],[-94.9987508114501,29.3158621281015],[-94.9992408116707,29.3158671287275],[-94.999365804241,29.31583909374],[-94.9994548108811,29.3158191288262],[-94.9996258118184,29.3157131286959],[-94.9998165784487,29.3155745641138],[-95.0000017464793,29.3154400666331],[-95.0001228114115,29.3153521285976],[-95.0003988109411,29.3152401283327],[-95.000540811614,29.31523512822],[-95.0008549561431,29.3152762881026],[-95.0010598110432,29.3153031282058],[-95.0011508116062,29.3153451282077],[-95.0012318115266,29.3153971280011],[-95.0013508120495,29.3155161284859],[-95.0017338123054,29.3159621281532],[-95.0019608119862,29.3163011281101],[-95.0022168117578,29.316892128264],[-95.0024893415393,29.3176265568945],[-95.0026558118366,29.3180551291412],[-95.0027158124862,29.3181261291915],[-95.0027908122161,29.3181611290512],[-95.0030038112788,29.3182381291442],[-95.00332981225,29.3183851290961],[-95.0035163670041,29.3185123602475],[-95.0038438121159,29.318735129053],[-95.0039168125245,29.3189101291659],[-95.0039588129073,29.3191751286564],[-95.0046228128349,29.3197091291871],[-95.0047053971525,29.319726364119],[-95.0047378115985,29.3197331293829],[-95.0049198126767,29.3197331288263],[-95.0049898134787,29.3197471292222],[-95.0052488127791,29.3198411286799],[-95.0055078127864,29.3199951287709],[-95.0059678135522,29.3200741290855],[-95.0061450227942,29.3201496271384],[-95.0064014053274,29.3202926777374],[-95.0069310426139,29.3206075296569],[-95.0077188142343,29.3211011293554],[-95.0078488136917,29.3212241290632],[-95.0085248128228,29.3214701293123],[-95.0095239095401,29.3219908819348],[-95.0101488130589,29.3222961289995],[-95.0104418146155,29.3223451297882],[-95.0115154850216,29.3220169871291],[-95.0119162032769,29.3219293705018],[-95.0123018152792,29.3218781289052],[-95.0126458144754,29.3218981296782],[-95.0128378153952,29.3219611293183],[-95.0129442936311,29.3220176524861],[-95.0137458148854,29.3224431295669],[-95.0143396065011,29.3229078732851],[-95.0145628153256,29.3231161298507],[-95.0147378157672,29.323387129641],[-95.0148898153092,29.323549129267],[-95.0150078160905,29.3237601295271],[-95.015818202486,29.3245348508349],[-95.0162917414623,29.3249412860941],[-95.0163165962723,29.3249626193578],[-95.0163397073997,29.3249824551019],[-95.0164640316336,29.3250891607398],[-95.0164628938176,29.3250931191195],[-95.0164378934483,29.3251781188531],[-95.0162528935363,29.3260721194605],[-95.0163368940158,29.3264941194117],[-95.0162018935194,29.3268481197919],[-95.0158078932519,29.3280181194989],[-95.01560689899,29.3286022818961],[-95.0155943594582,29.3286387269737],[-95.0155088932061,29.3288871203368],[-95.0153188939924,29.3291591200648],[-95.0150738935123,29.3291311199658],[-95.0150283229368,29.329116004928],[-95.0150167644437,29.3291022732792],[-95.0147829278858,29.3290360982091],[-95.0147734379291,29.3290315921468],[-95.0147670658593,29.3290287230765],[-95.0147606374817,29.3290259507333],[-95.0147541547492,29.329023277884],[-95.0147476186908,29.3290207045595],[-95.014741033423,29.3290182308826],[-95.0147343999047,29.3290158586877],[-95.0147277201591,29.329013588938],[-95.0147209962793,29.3290114207933],[-95.0147142302534,29.3290093561186],[-95.0147074231105,29.3290073949446],[-95.0147005788968,29.3290055391979],[-95.0146936987117,29.3290037871057],[-95.014686784508,29.3290021414346],[-95.0146798394081,29.3290006013754],[-95.0146728633768,29.3289991678296],[-95.0146658605307,29.3289978409203],[-95.0146588328928,29.3289966216107],[-95.014651780463,29.3289955099009],[-95.014644708387,29.3289945059444],[-95.0146376166295,29.3289936106432],[-95.0146305082779,29.3289928240895],[-95.0146233853903,29.3289921463447],[-95.0146162510892,29.3289915765993],[-95.0146091052693,29.3289911175586],[-95.014601951123,29.3289907666095],[-95.0145947916675,29.3289905256478],[-95.0145876289611,29.3289903947349],[-95.0145804640678,29.328990373],[-95.0145733000751,29.328990460535],[-95.0145661390409,29.3289906574017],[-95.0145589829885,29.3289909645632],[-95.0145518340462,29.3289913802774],[-95.014544694202,29.3289919064094],[-95.0145375666486,29.3289925403461],[-95.0145304523446,29.3289932839218],[-95.0145233533835,29.3289941362961],[-95.0145162728877,29.3289950966596],[-95.0145092128801,29.3289961659755],[-95.0145021754893,29.3289973425017],[-95.0144951617442,29.3289986262689],[-95.0144881757613,29.3290000174003],[-95.0144812175756,29.3290015149938],[-95.0144742903094,29.3290031182401],[-95.014467395986,29.3290048281023],[-95.0144605377628,29.3290066428692],[-95.0144537156397,29.3290085625408],[-95.0144469338033,29.3290105854364],[-95.0144401922185,29.3290127124578],[-95.0144334940428,29.3290149418937],[-95.0144268423635,29.3290172738363],[-95.0144202372507,29.3290197064821],[-95.0144136817917,29.3290222399232],[-95.0144071780798,29.3290248733195],[-95.0143988447331,29.329029382326],[-95.0143940783601,29.3290318238577],[-95.0143892633033,29.3290341926105],[-95.014384401691,29.3290364868423],[-95.0143794955817,29.3290387066146],[-95.0143745460393,29.3290408510563],[-95.0143695541283,29.3290429192964],[-95.0143645219417,29.3290449104946],[-95.0143594505088,29.3290468246816],[-95.0143543419228,29.3290486610172],[-95.014349198242,29.3290504195627],[-95.0143440195366,29.3290520985147],[-95.0143388088939,29.3290536979653],[-95.0143335663138,29.3290552179146],[-95.0143282949189,29.3290566575529],[-95.0143229947442,29.3290580159786],[-95.014317669906,29.3290592933145],[-95.0143123194105,29.3290604886281],[-95.0143069453159,29.3290616019809],[-95.0143015507094,29.3290626334652],[-95.0142961366553,29.3290635822099],[-95.0142907041827,29.3290644482458],[-95.0142852553848,29.3290652307324],[-95.0142797912909,29.3290659297007],[-95.0142743150234,29.3290665443409],[-95.014268826512,29.3290670764568],[-95.0142633289493,29.3290675234352],[-95.0142578222653,29.3290678870795],[-95.0142523096174,29.3290681656786],[-95.0142467929936,29.3290683610975],[-95.0142412724992,29.3290684706307],[-95.0142357511163,29.329068497076],[-95.0142302299443,29.3290684386604],[-95.0142247110412,29.3290682954456],[-95.0142191954362,29.329068067462],[-95.0142136851526,29.3290677556733],[-95.0142081822483,29.3290673601406],[-95.0142026877879,29.3290668799932],[-95.0141972037942,29.3290663161941],[-95.0141917323256,29.3290656688049],[-95.0141862734171,29.3290649369239],[-95.0141808311151,29.3290641224776],[-95.0141754054545,29.3290632245642],[-95.0141699984586,29.329062244147],[-95.0141646111916,29.3290611803549],[-95.0141592466705,29.3290600350838],[-95.0141539059597,29.3290588074626],[-95.014148590018,29.3290574993257],[-95.014143300974,29.3290561089309],[-95.0141380408154,29.3290546381434],[-95.0141328105365,29.3290530878957],[-95.0141276122305,29.3290514573474],[-95.0141224468915,29.3290497474312],[-95.0141173165426,29.3290479591104],[-95.0141122222129,29.3290460924156],[-95.0141071659606,29.3290441474084],[-95.0141021487447,29.3290421259231],[-95.0140971736174,29.3290400289537],[-95.0140922406488,29.3290378546967],[-95.0140873517921,29.3290356059189],[-95.014082508041,29.3290332835529],[-95.0140777114891,29.3290308867584],[-95.0140729631302,29.329028416468],[-95.0140682649524,29.3290258745465],[-95.014063617985,29.329023261025],[-95.0140590242509,29.3290205768667],[-95.0115175911395,29.328194972451],[-95.0101516628073,29.3321249448969],[-95.0095648766373,29.3338208142142],[-95.00949149482,29.3340328930829],[-95.0087545736504,29.3361625728183],[-95.0098244688858,29.3364409990748],[-95.0120564286484,29.3370455533851],[-95.0114609249664,29.3387243501397],[-95.0111763442864,29.3395713527677],[-95.0108860367685,29.3404129101206],[-95.0120074913015,29.3407210263462],[-95.0131027314987,29.34100803216],[-95.0128186028363,29.3418266696716],[-95.0125220602991,29.3426810608812],[-95.0122241467707,29.3435393865922],[-95.0119350026822,29.344372434305],[-95.0116609531942,29.3451619770497],[-95.0127732845194,29.3455461165115],[-95.0149569426948,29.3463002009376],[-95.0167361046227,29.3469286136715],[-95.0165794073352,29.3472953627001],[-95.0164165891478,29.347716552221],[-95.0161524779056,29.3483813370368],[-95.0161307714568,29.3483748223398],[-95.0155423131305,29.3481982002086],[-95.0155383265224,29.3481969986655],[-95.0147068540754,29.3479464162468],[-95.0138587903109,29.3502368137495],[-95.0152081798867,29.3506418181943],[-95.0152102772273,29.3506424478068],[-95.015298167118,29.3506688268926],[-95.0150384323702,29.3513621273055],[-95.0150297099501,29.3513854100808],[-95.0150195486949,29.3513805436969],[-95.0150118984842,29.3513772753855],[-95.0150118680605,29.35137726274],[-95.0150051200238,29.3513743797963],[-95.0149075729704,29.3513420305839],[-95.0148952991124,29.3513379596958],[-95.0147966105906,29.3513052323302],[-95.014796096815,29.3513050616984],[-95.0140996262542,29.3510740946855],[-95.0138030821039,29.3509422060073],[-95.0124359104221,29.3501760728171],[-95.0121591210956,29.3500707191032],[-95.0119314148793,29.3500425048532],[-95.0114980174884,29.3499888052263],[-95.0113370203519,29.3499688577077],[-95.0108247260794,29.34983439149],[-95.0105878475512,29.3498034395748],[-95.0103496875611,29.3497870550261],[-95.0098823956988,29.3498569291783],[-95.0097794996833,29.3498303839292],[-95.0094101984661,29.3495885865009],[-95.0084964942359,29.3488892837551],[-95.0082472226248,29.3487448700707],[-95.0080510959657,29.3487005481901],[-95.0079151001194,29.3487227747584],[-95.0077968831417,29.3487882355556],[-95.0076642692639,29.3489610481556],[-95.0076374673953,29.3489962234633],[-95.0073725969161,29.3497766532453],[-95.0073061270155,29.3499725060313],[-95.0071805830792,29.3502322103382],[-95.0069936187722,29.3504319591],[-95.0068059497572,29.3505591561049],[-95.0066541521658,29.3507837637356],[-95.0064765320678,29.3509056661401],[-95.0059845042071,29.350933345382],[-95.0056660867432,29.3509419884614],[-95.0053696342777,29.3510966805666],[-95.0050269577261,29.3511954657338],[-95.0047538809699,29.3514599003126],[-95.0047538875948,29.3514794912095],[-95.0047538883445,29.3514802116973],[-95.0047538980656,29.3515098413512],[-95.0047539028986,29.3515225038096],[-95.0047540660275,29.351986952413],[-95.0047861262009,29.3524059139631],[-95.0049870083899,29.352652189808],[-95.0051151802651,29.3528337679166],[-95.005234609311,29.3531402428398],[-95.0050375795171,29.3535310127252],[-95.0050345435055,29.353535530824],[-95.004768085418,29.3539319907205],[-95.0044228622022,29.3542730183926],[-95.0040680127272,29.3543290314875],[-95.0035875970196,29.3542358900656],[-95.0031218124351,29.3540991365145],[-95.0031228143166,29.3542901358935],[-95.0031538142708,29.3543641365573],[-95.0033638140938,29.3545041366403],[-95.0035248141541,29.3546721366511],[-95.0036278138079,29.3550541363597],[-95.0036458140182,29.3551591365558],[-95.0036738141356,29.3552221364277],[-95.0037368143233,29.3553061362709],[-95.0038048143744,29.355350136581],[-95.0039288145815,29.3554801362201],[-95.0040228138699,29.3557581361794],[-95.003979684609,29.3558807926514],[-95.0039396734074,29.3559945836164],[-95.0038818136592,29.3561591366517],[-95.0038258145351,29.3562411365758],[-95.0037878147148,29.3562821368018],[-95.0037508138313,29.3563471363878],[-95.0037688139395,29.35718213726],[-95.0037598128951,29.3572481369417],[-95.0036848141837,29.357330136635],[-95.0036938145667,29.3574121365001],[-95.0037128138722,29.3574441368739],[-95.0038136321482,29.3574286116945],[-95.0041045409713,29.3573708396681],[-95.0041088891764,29.3573831446409],[-95.0042596504771,29.3587292282688],[-95.0043262165709,29.3593235579227],[-95.0044145670331,29.3601123735298],[-95.004506365609,29.3609319552448],[-95.0046270350444,29.3620092808894],[-95.0047673692868,29.3632621385209],[-95.0042614074746,29.3635362235778],[-95.004315055682,29.3659554603088],[-95.004354472297,29.3677328858449],[-95.0045355494152,29.3678193256672],[-95.0045444281089,29.3682776202752],[-95.0045670318057,29.3694442523238],[-95.003836310116,29.3694540411292],[-95.0030478929341,29.3694645989497],[-95.0024017427516,29.3694732471093],[-95.0008703703699,29.3694937316195],[-95.0008978264979,29.3711005092307],[-95.0008988062228,29.3711577938001],[-95.0009163901715,29.3721867981692],[-95.0009164419229,29.3721898278346],[-95.0009167788381,29.3722095730398],[-95.0009169676096,29.3722206014307],[-95.0009169920491,29.37222200788],[-95.0009170699174,29.3722265857902],[-95.0009185212616,29.3723115158001],[-95.0009341909661,29.3723261273469],[-95.0015668918314,29.3728281298809],[-95.0040928923658,29.3748931297231],[-95.0032528928847,29.3743361299054],[-95.0009276648635,29.372846551725],[-95.0009278361049,29.3728565774407],[-95.0022709732596,29.3742479788277],[-95.0024128920637,29.3743801298296],[-95.0027798925582,29.3747331301557],[-95.0023848925976,29.3744371295986],[-95.0012378862982,29.3735203305958],[-95.0009356836854,29.3732824910494],[-95.0009503952574,29.3740809102964],[-95.0009569562924,29.3744369969087],[-95.0009619732103,29.3747092350527],[-95.0009679019039,29.3750309723257],[-95.0009724619382,29.3752784617444],[-95.00097550234,29.3754434540937],[-95.0009801640414,29.3756964439108],[-95.000980223641,29.3756996950044],[-95.0009870550056,29.3760704282018],[-95.0009959226926,29.3765516573071],[-95.0010062095256,29.3771098839305],[-95.0010118847606,29.3774178479327],[-95.0010122681255,29.3774386481212],[-95.0010149033057,29.3775816875463],[-95.0004582401152,29.3775895727016],[-95.0002281665375,29.3775928307591],[-94.9998844422032,29.3775993489872],[-94.9998932950641,29.3780790077206],[-94.9999018644269,29.3785432862287],[-94.9999022736887,29.3785654495791],[-95.0009533791425,29.378555749402],[-95.0010328373985,29.3785548825205],[-95.0010598419548,29.3786921398732],[-95.0010661097908,29.3791208902717],[-95.001066412425,29.3791416465046],[-95.0010701286444,29.379395892563],[-95.0010741485492,29.3796708948729],[-95.0010775796802,29.3799056518819],[-95.0010781684755,29.3799458971701],[-95.0010817910264,29.3802008274447],[-95.0010942955305,29.3810808852981],[-95.0011093571378,29.382140780458],[-95.0011235890094,29.3831423238022],[-95.0011238709911,29.3831906104572],[-95.0011294506151,29.3841444468239],[-95.0011459744301,29.3845028481991],[-95.0028939616265,29.3844925493246],[-95.0028901114248,29.3839655966767],[-95.0028926863261,29.3835077271787],[-95.0028716411666,29.3814382022856],[-95.0025650178964,29.3814381331061],[-95.0025380840084,29.380205158767],[-95.0025336372587,29.3800016104938],[-95.002529769105,29.3797266074884],[-95.0025258999777,29.3794516035379],[-95.0025220319007,29.3791765996057],[-95.0025213737015,29.3791297741985],[-95.0025181638445,29.378901595661],[-95.0025105077894,29.3784994294422],[-95.0025868278434,29.378490175107],[-95.0029083178036,29.3784534342017],[-95.0030387052499,29.3784385317958],[-95.0031361855842,29.3784248648525],[-95.003229705075,29.3784167029968],[-95.0038725813844,29.3783432277905],[-95.0038848121285,29.3783400241573],[-95.0039849406913,29.3783138025137],[-95.0040605036179,29.3782940147735],[-95.0042402116357,29.3782735302792],[-95.0046794550445,29.3782234605967],[-95.0047018932826,29.3782209027999],[-95.0047396799234,29.3782186139201],[-95.0054903382699,29.3782128782358],[-95.0056016846982,29.3782118840708],[-95.0057097396584,29.3782109195172],[-95.0065268324571,29.378203601677],[-95.0075731752528,29.3781942234454],[-95.0076952797609,29.3782939092718],[-95.0081205708857,29.3786410895174],[-95.0086761686673,29.3790966959093],[-95.0115088560153,29.3813657563588],[-95.0124876380632,29.3821497576264],[-95.0133211613388,29.3828899915661],[-95.0141398185272,29.3836428480435],[-95.0141895455406,29.3836902789149],[-95.0150199977777,29.3844824993746],[-95.015310744085,29.3847786891166],[-95.015399134968,29.3848687316679],[-95.0169709762211,29.3864699173689],[-95.0181266488136,29.3876471295903],[-95.0205546434458,29.3901202562577],[-95.0208349274745,29.3904057329055],[-95.0209034631497,29.3904755376431],[-95.0229735186211,29.392583930476],[-95.0232401123559,29.3928497752029],[-95.0265901737776,29.3962253158941],[-95.0267586043442,29.3963950215624],[-95.0273649628667,29.3970059563118],[-95.0274451178258,29.3970867167342],[-95.0291823148716,29.3988369585853],[-95.0293107902041,29.398966395311],[-95.0300057614247,29.3996665595028],[-95.0308415908033,29.4005086163131],[-95.0309914674015,29.4006596077781],[-95.031070736472,29.4007394826871],[-95.0330695933116,29.402778233004],[-95.0354576727733,29.4052138271162],[-95.0366803998499,29.406460821612],[-95.0368604115205,29.406644402071],[-95.0372474278634,29.4070390886902],[-95.0375844283211,29.407382765428],[-95.0378839489815,29.4076882158073],[-95.039187199675,29.4090172413392],[-95.0404058753696,29.410260955177],[-95.0408878540761,29.4107603648326],[-95.0418763445094,29.4117597440405],[-95.044186659588,29.4140954049341],[-95.0444549893686,29.4143666795098],[-95.0444814809406,29.414393461875],[-95.0446484401598,29.4145622540611],[-95.04823432685,29.41818752529],[-95.0490496875685,29.4190167873319],[-95.0493040313664,29.4192754646663],[-95.0514956255574,29.4215043195878],[-95.0556320169498,29.4257106752131],[-95.0570400295078,29.4271747542],[-95.0589819800597,29.4291939379616],[-95.0594314822884,29.429661300994],[-95.0597451677402,29.4299874484121],[-95.0601768091152,29.4304445592949],[-95.0629921697332,29.4332232449315],[-95.0632156045845,29.4334550892326],[-95.0632566937572,29.4334977259382],[-95.0646981373854,29.4349933904814],[-95.0674753756507,29.4378749264113],[-95.0703915122532,29.4409003392397],[-95.0704790814645,29.4410089739438],[-95.0705251894701,29.4410663244495],[-95.0705254297001,29.4410666222214],[-95.0718026656597,29.4426552719428],[-95.0721979148281,29.4431468770669],[-95.0721991936105,29.4431484675014],[-95.0722840095505,29.4432539593811],[-95.0717151690628,29.443291115119],[-95.0716546746689,29.4432158536864],[-95.0713311572788,29.4428133640282],[-95.0712324664638,29.4426905817668],[-95.0711852406238,29.4426935062133],[-95.0703373214216,29.4427460097347],[-95.070315628396,29.4427473531452],[-95.0700606480468,29.4427631405785],[-95.0699030934164,29.4427663834024],[-95.0698899876072,29.4427706120117],[-95.0694152737442,29.4429237947583],[-95.0694125646552,29.4429246683982],[-95.0686136718564,29.4431824533911],[-95.0681349219191,29.4433368761294],[-95.06761139993,29.4435057384343],[-95.0666080697694,29.4438280993068],[-95.0641853583551,29.4445897649765],[-95.063379153858,29.4448432123753],[-95.0622986373888,29.4450033474843],[-95.0608010217178,29.4452252830795],[-95.0599689209954,29.4453485864928],[-95.0568956683249,29.4458009144313],[-95.0568956268005,29.4458009213308],[-95.0568955687219,29.4458009295471],[-95.0560328961065,29.4459265689327],[-95.0555628881944,29.4459951027313],[-95.0555076252059,29.4460031605818],[-95.0554688396543,29.4460088160333],[-95.0546315578864,29.4461308980348],[-95.0541737052867,29.4461976536096],[-95.0535204150593,29.4462929021176],[-95.0528671225511,29.4463881483012],[-95.0519761508573,29.4465180399133],[-95.051853238312,29.4465359577814],[-95.0509621011746,29.4466658667039],[-95.0502462478677,29.4467702169852],[-95.0495005577531,29.4468789155039],[-95.0481639779909,29.4470672469431],[-95.0475325640758,29.4471461110617],[-95.0474352369806,29.4471582546809],[-95.0463484612095,29.4473406689665],[-95.0462855198042,29.4473564820454],[-95.0462229048971,29.4473732680616],[-95.0461606347337,29.4473910085966],[-95.0460987271063,29.4474096969552],[-95.0460372027937,29.4474293292389],[-95.045976078558,29.4474498987219],[-95.0459153742525,29.4474713987701],[-95.0458551076696,29.4474938226885],[-95.0457952975975,29.4475171647139],[-95.0457359628941,29.4475414172801],[-95.0456771203566,29.4475665727596],[-95.0456187888429,29.4475926235862],[-95.0455609862158,29.4476195612612],[-95.0455037292726,29.4476473781574],[-95.0454470358411,29.4476760666779],[-95.0454445888864,29.4476773547707],[-95.0453909228236,29.4477056164902],[-95.0453354080829,29.4477360190957],[-95.0452805084865,29.4477672650637],[-95.045226240867,29.4477993458653],[-95.0451726200662,29.4478322511068],[-95.0451196650822,29.4478659696149],[-95.0450673906524,29.4479004937017],[-95.0450158117233,29.4479358102681],[-95.0449649461933,29.4479719099141],[-95.044914807909,29.4480087813139],[-95.0448348914719,29.4480703376987],[-95.0445894589001,29.4482664322101],[-95.0429350849128,29.4495862615321],[-95.0429265180237,29.449593095726],[-95.0421596426438,29.4502048757892],[-95.041677899582,29.4505891846611],[-95.0410674287953,29.4510761770465],[-95.0410669711297,29.4510765417609],[-95.0408645566971,29.4512380133765],[-95.0408420493852,29.4512559676927],[-95.0407549352992,29.4513254617194],[-95.0407451036647,29.4513333037501],[-95.0398000345017,29.4521068907559],[-95.0396412436189,29.4522368357525],[-95.0402276418168,29.4525382576537],[-95.0422329545546,29.4535689999836],[-95.0429805029779,29.4539378707527],[-95.0429763770509,29.4539441584997],[-95.0429763572836,29.4539441895126],[-95.0423989996812,29.4548240810285],[-95.0423980536437,29.4548255236819],[-95.0423871981958,29.454842067508],[-95.043458906517,29.4554001453685],[-95.0437627463018,29.4557039860304],[-95.0439269066739,29.455868145538],[-95.0439529058257,29.4558691457421],[-95.0443889061061,29.4560311452092],[-95.0444519062287,29.4563011450971],[-95.0443839065135,29.45632514511],[-95.0442972557412,29.4563539256877],[-95.0447334292852,29.4563691742604],[-95.0447508630532,29.4563697834586],[-95.0450759069476,29.4563811454035],[-95.0459079073093,29.4564451458132],[-95.0463706969052,29.45636415713],[-95.0463707322174,29.4563641509526],[-95.0464500342422,29.4563502727395],[-95.046459456376,29.4563486241023],[-95.0464771145239,29.4563455354798],[-95.046478269452,29.4563453331253],[-95.0464788388957,29.4563459467374],[-95.0465912449544,29.4564695885283],[-95.0467988936552,29.4566979916439],[-95.0467079071703,29.4567171451747],[-95.0462759066684,29.4567171450978],[-95.0457159070252,29.4567171455241],[-95.0451399065136,29.4567171456551],[-95.044643906793,29.4567801459356],[-95.0442439063678,29.4567801451929],[-95.0438279063003,29.4567321453651],[-95.0436611644099,29.4567228824897],[-95.0436601546014,29.4567228264],[-95.0435399061364,29.456716145647],[-95.0435252899268,29.4567147530451],[-95.0435294471453,29.4567212897552],[-95.0437573587312,29.4570068762698],[-95.0440441152657,29.4573143368351],[-95.0440530997949,29.4573339077394],[-95.0445301627023,29.4578354720829],[-95.0448015448022,29.4581264425541],[-95.0450332454592,29.458374864424],[-95.0456391933657,29.4590245365766],[-95.0456703523593,29.4590556706273],[-95.0457062883657,29.4590294812314],[-95.0457070027511,29.4590289606916],[-95.0476383917527,29.4576213822729],[-95.0484110345921,29.457058268545],[-95.0484112012412,29.4570581470813],[-95.0484809390065,29.4570073206698],[-95.0484824706651,29.4570062049635],[-95.0484436833858,29.4575047905218],[-95.0482860629287,29.4578476106571],[-95.0482231562049,29.4581679610911],[-95.0482263554439,29.4582025142192],[-95.0482266700014,29.4582059081627],[-95.0482516249322,29.4584754154423],[-95.0482534276348,29.4584948859744],[-95.0482518671026,29.4584961877061],[-95.0481650886849,29.4585685312591],[-95.0476599689188,29.4589369549613],[-95.0481100050832,29.4594555762233],[-95.0485412664373,29.4591627116212],[-95.0485415842714,29.4591624953202],[-95.0485340134105,29.4600739520171],[-95.0485266541953,29.4609601063402],[-95.0485415466023,29.4609548988753],[-95.0485618148233,29.4609481675857],[-95.048582213366,29.4609417480061],[-95.0486027381087,29.4609356400148],[-95.0486233806687,29.4609298469748],[-95.0486441358592,29.4609243696356],[-95.0486649973933,29.4609192105196],[-95.0486859590187,29.4609143712474],[-95.0487070134878,29.4609098525073],[-95.0487281545833,29.4609056550182],[-95.0487493759834,29.4609017822044],[-95.0487706725361,29.4608982339135],[-95.048792034898,29.4608950116745],[-95.048813459978,29.4608921153961],[-95.0488349383977,29.4608895475093],[-95.0488564650053,29.4608873078616],[-95.0488780335833,29.460885397172],[-95.0488996358539,29.4608838160984],[-95.0489212676603,29.4608825654206],[-95.0489429207595,29.4608816448948],[-95.0489645878689,29.4608810561113],[-95.0489862649017,29.4608807980463],[-95.0490079425841,29.4608808704255],[-95.0490296157295,29.4608812739984],[-95.0490512781204,29.4608820094838],[-95.0490671698941,29.4608827918715],[-95.0490729226138,29.4608830748649],[-95.0490945419617,29.4608844708301],[-95.049116129982,29.4608861971966],[-95.0491376815921,29.4608882520084],[-95.0491591874487,29.4608906367949],[-95.0491806435348,29.4608933487288],[-95.049202041572,29.4608963884681],[-95.0492233754129,29.4608997549283],[-95.049244639975,29.4609034461534],[-95.0498194233852,29.4608490190087],[-95.0498194637813,29.4608490147864],[-95.0498196750009,29.4608489948507],[-95.0498499491406,29.4608461280545],[-95.049850035085,29.4608461197621],[-95.0498781773094,29.4608434553447],[-95.0500454137955,29.4608306024102],[-95.0504429611185,29.4608000483766],[-95.0510270580443,29.4607699305465],[-95.0517594145857,29.4607136582719],[-95.052198392397,29.4606913401854],[-95.0526419798368,29.4606666262992],[-95.05286841903,29.4606540097354],[-95.0531164301837,29.4606401911277],[-95.053273643526,29.460640605449],[-95.0532799779126,29.4606310512848],[-95.0532362138719,29.4598321046944],[-95.0532311833341,29.4597402839099],[-95.0544587544535,29.4596837436261],[-95.0544689744437,29.4598275830795],[-95.0545222218985,29.4605770011155],[-95.0545224283942,29.4605799124531],[-95.055383203947,29.460545588575],[-95.0562351498512,29.4605317730209],[-95.0570752762104,29.4605181430556],[-95.0572582312998,29.4605124998972],[-95.0587800870002,29.4621417426269],[-95.0588239428276,29.4621882779758],[-95.059273008684,29.4626647652081],[-95.0592733347497,29.4626651115738],[-95.0594443972432,29.4628466203191],[-95.059447028217,29.4628494514883],[-95.0590682703208,29.463153140634],[-95.0581616201567,29.4637992163534],[-95.0585269698779,29.4641941334498],[-95.0591532366515,29.4648606433372],[-95.0597987001293,29.4655475706802],[-95.060463886274,29.4662554759749],[-95.0611728952497,29.4670258275317],[-95.0613350126004,29.4669109547318],[-95.0617687700084,29.466597153067],[-95.0618463402652,29.4665410354301],[-95.0621334313007,29.466330268911],[-95.0624483764924,29.4661012121896],[-95.0624516659372,29.466098813788],[-95.0624605083475,29.466092353924],[-95.0624796813761,29.4660783477447],[-95.062923972071,29.4657537701032],[-95.0636704683794,29.4665341912046],[-95.0639933521036,29.4668717433686],[-95.0644940244175,29.4674149476786],[-95.0645279216079,29.4674518679431],[-95.0647355879254,29.467678052092],[-95.065173621813,29.4681551404609],[-95.0654852255352,29.468491462612],[-95.0655136974776,29.4685221938913],[-95.0656885979892,29.4687109670011],[-95.0677253635336,29.4672576792975],[-95.0680680338519,29.4670131671263],[-95.0681919434204,29.467412966205],[-95.0682909584664,29.4684654837609],[-95.0688466132697,29.4707032222951],[-95.0690499565059,29.4712519112213],[-95.0697835476678,29.470732177622],[-95.0717569978084,29.4693339843358],[-95.073372747349,29.4681891727439],[-95.0737670169694,29.4679098124538],[-95.07455991405,29.4673424494618],[-95.0749748578148,29.4670353687026],[-95.0759508422029,29.468100690193],[-95.0760163011115,29.4681714108865],[-95.0763967677105,29.4685824543537],[-95.0767248361133,29.4689368842738],[-95.0768328464744,29.4690535725701],[-95.077559998214,29.4698226500294],[-95.0775657419293,29.4698287247898],[-95.0776579646301,29.4699262644464],[-95.0775866444427,29.4699771144029],[-95.0760516335785,29.4710715280774],[-95.0744434919203,29.4722180380967],[-95.0737506202681,29.4727120014306],[-95.0730857344709,29.4731860041077],[-95.0728353142291,29.4733645285136],[-95.0712271005042,29.4745109993268],[-95.0711144196132,29.4745769902951],[-95.0712333948231,29.4746547335548],[-95.0715652941723,29.4748535504892],[-95.071647449727,29.474902764652],[-95.0721333391212,29.4751938230552],[-95.0729216689195,29.4756894454534],[-95.0729758606035,29.4757432102845],[-95.0730036773066,29.4758340949613],[-95.073032407057,29.4759279658483],[-95.073043425786,29.4759639666141],[-95.0730988367051,29.4761450080384],[-95.0730991391394,29.4761459991752],[-95.0731627893805,29.4763539595998],[-95.0732437139399,29.4767485834717],[-95.0732315163493,29.4770655559675],[-95.0734394764288,29.4774622718734],[-95.0736948541711,29.4777209387189],[-95.0766650259459,29.4807292291283],[-95.0771902121687,29.4812809094759],[-95.0772136938354,29.4813056991074],[-95.0781889281731,29.4823352734398],[-95.0783219158779,29.4826711494363],[-95.0789659160937,29.4833281493997],[-95.0797049169956,29.4840811498797],[-95.0804449168387,29.4848361504687],[-95.0811129168857,29.4855171505365],[-95.0817179170497,29.4861821499811],[-95.0828389176679,29.4875371508546],[-95.0833539175348,29.4881621503587],[-95.0843279177891,29.489378150869],[-95.0844909177981,29.4895821508413],[-95.0843329177136,29.4897641505981],[-95.0841238691818,29.4900037422193],[-95.0841649009558,29.4900311455873],[-95.0833703631904,29.4905908610495],[-95.0825748072837,29.4911553197317],[-95.0826546239169,29.4912481847967],[-95.0827408283363,29.4913484838093],[-95.0827294643651,29.4913497368891],[-95.082714891614,29.4913515702914],[-95.0827003578154,29.491353626019],[-95.0826858671267,29.4913559032911],[-95.0826714247015,29.4913584022588],[-95.0826570337358,29.4913611203074],[-95.0826426993486,29.4913640584897],[-95.0826284257665,29.4913672142213],[-95.082614217078,29.4913705885249],[-95.0826000785748,29.4913741779444],[-95.0825860133147,29.4913779834724],[-95.0825720254896,29.4913820034261],[-95.0825581203224,29.491386236153],[-95.0825443020051,29.4913906799706],[-95.0825305746606,29.4913953349997],[-95.0825169425501,29.491400197754],[-95.0825034087313,29.4914052692261],[-95.082489978496,29.4914105459599],[-95.0824766550054,29.4914160262427],[-95.0824634434135,29.4914217102253],[-95.0824503469504,29.4914275943914],[-95.0824373697737,29.4914336779603],[-95.0824245171409,29.4914399583776],[-95.0824117901171,29.4914464347717],[-95.082399195025,29.4914531037169],[-95.0823867349914,29.4914599644023],[-95.0823744132121,29.4914670142129],[-95.0823622338792,29.4914742514663],[-95.082350201254,29.4914816726761],[-95.082338318463,29.4914892770314],[-95.0823265897331,29.4914970619477],[-95.0823150172293,29.4915050247801],[-95.0818586002184,29.4918451399024],[-95.0812383323215,29.4922752638579],[-95.0812336859399,29.4922784860014],[-95.0810172374325,29.4924285802721],[-95.0812082198686,29.4926343798418],[-95.0812139449608,29.492640548622],[-95.0812140827441,29.4926406962072],[-95.0812262235978,29.4926537798695],[-95.0809459179167,29.4927981518411],[-95.0800599171694,29.4933101517066],[-95.0792269171773,29.4937271523025],[-95.0783409165097,29.4941331519303],[-95.0774869162254,29.4944741521133],[-95.0773792016631,29.4944950001846],[-95.0773629163322,29.4944981522901],[-95.0773509163299,29.4945011521247],[-95.0770369169485,29.4945851519465],[-95.0768610204404,29.4946284583846],[-95.0764120889039,29.4947029801864],[-95.0763935086209,29.4947071499551],[-95.0763541721785,29.4947153416374],[-95.0763146782093,29.4947229319342],[-95.0762750381913,29.4947299175709],[-95.0762352655945,29.4947362971376],[-95.0761953718965,29.4947420673597],[-95.076155368437,29.4947472285701],[-95.0761152687206,29.494751778457],[-95.0760750831597,29.4947557146174],[-95.076034826186,29.4947590374752],[-95.0759945092428,29.4947617446578],[-95.0759541437041,29.4947638355965],[-95.0759137429708,29.4947653106845],[-95.0758733195171,29.4947661675799],[-95.0758328846131,29.494766408419],[-95.0757924507328,29.4947660308598],[-95.0757520312426,29.4947650361977],[-95.0757116374819,29.4947634247654],[-95.0756712818211,29.4947611969265],[-95.0756309766302,29.494758353044],[-95.0755907342794,29.4947548934814],[-95.0755505670351,29.4947508213073],[-95.0755104883331,29.4947461360135],[-95.074549320905,29.4946833450392],[-95.0739249017998,29.4946547146856],[-95.0724212485647,29.4945799675801],[-95.0723911637494,29.4945784721556],[-95.0706545235421,29.4944921210143],[-95.0680411156745,29.4943621317445],[-95.0677290673755,29.4943611958413],[-95.0675646941581,29.4943643395864],[-95.0674004091851,29.4943699918981],[-95.0672362619914,29.4943781524293],[-95.0670723022506,29.4943888172262],[-95.0669085806326,29.4944019832669],[-95.0667451467765,29.4944176474998],[-95.0665820493945,29.4944358041378],[-95.0664193392264,29.4944564483562],[-95.0662570660849,29.4944795725954],[-95.0660952786482,29.4945051719704],[-95.0659340258026,29.4945332361863],[-95.0657733583578,29.4945637586159],[-95.0656133231042,29.4945967298056],[-95.0654539710251,29.4946321386198],[-95.0652953489462,29.4946699747037],[-95.0631351742832,29.4952250042215],[-95.0631320865502,29.4952157579554],[-95.0630220410035,29.4948862428846],[-95.0622131080109,29.4925700247969],[-95.061757175221,29.4915327674497],[-95.0614280246624,29.4909680690329],[-95.0611965595925,29.4906446916977],[-95.0604957790072,29.4898261802538],[-95.0597657473895,29.4890222283216],[-95.0590312826002,29.4882133789031],[-95.0590049537925,29.4881850479323],[-95.0583308252887,29.4874596448898],[-95.0581688423218,29.4872853390146],[-95.0579495150289,29.4870493255221],[-95.0576081114763,29.4866819460615],[-95.0568480647109,29.4858640569984],[-95.0563785424599,29.4853587933792],[-95.0563730160352,29.4853528460068],[-95.0563729565929,29.485352781959],[-95.0563700576176,29.4853496629769],[-95.0563182163726,29.4852938753013],[-95.0563171642339,29.4852927419242],[-95.0561367789682,29.4850986234307],[-95.0557374716203,29.484668911675],[-95.0557370544988,29.4846684633075],[-95.0554079460188,29.4843142919475],[-95.0546655057967,29.4835153007718],[-95.0539195661638,29.482712525434],[-95.0537629985322,29.4825440260095],[-95.0532022096649,29.4819404961097],[-95.0526664955421,29.4813639426176],[-95.0524729878197,29.4811556803091],[-95.0517371189146,29.4803363218159],[-95.0510067938507,29.4795551642015],[-95.050805315988,29.4793419302241],[-95.0507640876844,29.479370994452],[-95.0481277256805,29.4812294687989],[-95.0470375756657,29.4820086495707],[-95.0470231266457,29.4816435097013],[-95.0470048296072,29.4807224661545],[-95.0470044763436,29.4807046406068],[-95.0469867351097,29.4798115154903],[-95.0469866164826,29.4798055606739],[-95.046968428279,29.4788899142689],[-95.0469679247576,29.4788645765206],[-95.0469565601017,29.4782924452354],[-95.0469503239728,29.4779784862836],[-95.046949879719,29.4779584768499],[-95.0469323585996,29.477170134915],[-95.0469324164471,29.4771680773217],[-95.046933471195,29.4771300506604],[-95.046920011394,29.4764524037822],[-95.0469152091521,29.4762106521984],[-95.0469145427318,29.4761770886457],[-95.0469016820685,29.4755295996131],[-95.0457679073026,29.475563149159],[-95.0447769074097,29.4755931489948],[-95.044691169022,29.4753138078013],[-95.0446911574019,29.4753132811198],[-95.0446889106667,29.475204825182],[-95.0446741014236,29.4744898884326],[-95.0446723912701,29.4744073418266],[-95.044613938302,29.4744054713845],[-95.0446135456876,29.4744054588582],[-95.0445787061646,29.4744043443595],[-95.0444959720136,29.4744057788244],[-95.0433967485856,29.4744248341261],[-95.0433965131609,29.4744248388907],[-95.0422104810618,29.4744453889115],[-95.0409808770351,29.4744666839527],[-95.0409715922159,29.474466844877],[-95.039829482632,29.4744866133105],[-95.0398267806947,29.4744866605182],[-95.0398025941961,29.4735572262168],[-95.039809086909,29.4735571216466],[-95.0409591478758,29.4735385860167],[-95.0409592263384,29.4735385847306],[-95.0421921838195,29.4735187013396],[-95.0421745145283,29.4726238192285],[-95.0421564844524,29.4717106163719],[-95.0409312041289,29.4717317004306],[-95.0409170816867,29.4717319436896],[-95.0397694726828,29.4717516813635],[-95.0397660719153,29.4717517394513],[-95.0397648443601,29.4717517608435],[-95.0397647493752,29.4717517625419],[-95.0397645996666,29.4717517653267],[-95.0397619907603,29.4717518098717],[-95.0386190282201,29.4717714578355],[-95.0374674901074,29.4718037852958],[-95.0374760734918,29.4727058959542],[-95.0374883547603,29.4736153593794],[-95.0375133309189,29.4745252244283],[-95.0375369775334,29.4754482218759],[-95.0375500132796,29.4763423584833],[-95.0375669075649,29.4769911370243],[-95.0375734919594,29.4772439530895],[-95.0375743039291,29.477340324188],[-95.0375754509202,29.4773403067443],[-95.037660041369,29.4773390173093],[-95.038602765554,29.4773221221288],[-95.0386297304116,29.4773216387275],[-95.0388227351885,29.4773181794656],[-95.0389012620907,29.4773165884982],[-95.0389798231609,29.4773151808653],[-95.0390583831634,29.4773137740574],[-95.0391369442292,29.4773123663322],[-95.039215505258,29.4773109594625],[-95.039294065289,29.4773095516144],[-95.0393726263135,29.4773081446524],[-95.0394511873358,29.4773067376442],[-95.0395297473602,29.4773053296575],[-95.0396083083782,29.477303922557],[-95.039686869429,29.4773025145085],[-95.0397652959336,29.4773015168155],[-95.0399854725498,29.4772972073217],[-95.0400641277331,29.4772954994005],[-95.0401426877056,29.4772940919553],[-95.0401741119281,29.477293528249],[-95.0402212487415,29.4772926835927],[-95.0402998097403,29.4772912760858],[-95.0403783697412,29.4772898676003],[-95.0404569307357,29.4772884600009],[-95.0405354917279,29.4772870523554],[-95.040614052753,29.477285643762],[-95.0406926127103,29.4772842359935],[-95.040771173731,29.4772828273077],[-95.0408497347147,29.4772814194775],[-95.040862707564,29.4772812540862],[-95.040863973143,29.4772812383228],[-95.0409281612267,29.4772804202004],[-95.0410494719797,29.4772782440787],[-95.041072016572,29.478093177535],[-95.0422820424941,29.4780695896212],[-95.0422999500802,29.4789764679836],[-95.0423178539363,29.4798831041114],[-95.0423354210738,29.4807727428492],[-95.0423356703667,29.4807853408006],[-95.0423540356418,29.4817153495157],[-95.04115042189,29.481733842481],[-95.041113011483,29.4817353449612],[-95.0406354851908,29.4817422849055],[-95.0404562482757,29.4817448892913],[-95.0403555035281,29.4817463527943],[-95.0402929992346,29.4817472621533],[-95.0399395630415,29.4817524358035],[-95.0394099902842,29.4817605634106],[-95.0393802930441,29.481761019275],[-95.0388416645992,29.4817692842705],[-95.038776964389,29.4817702767839],[-95.0376659487754,29.4817906620679],[-95.0376607593495,29.4814388521104],[-95.0376606072447,29.4814285546674],[-95.0376523649678,29.4808696633624],[-95.0376288591627,29.4799536805643],[-95.0376141103283,29.4792848406157],[-95.0376102599569,29.479284725525],[-95.0371401233083,29.479276285689],[-95.0366148408726,29.4787989715442],[-95.0365759362966,29.4787636199218],[-95.0363249276484,29.4785355304411],[-95.0363065324852,29.478518814487],[-95.0358142035944,29.4780714348677],[-95.035029260537,29.4773790925494],[-95.0345121801375,29.4773869632321],[-95.033320479275,29.4774050959136],[-95.0330558550524,29.4774091202117],[-95.033019528052,29.4774096730014],[-95.0328727447974,29.4774119052605],[-95.0309488246528,29.4774516896905],[-95.0309322841709,29.4774520316204],[-95.030694331711,29.4774569501143],[-95.0295762183291,29.4774800569129],[-95.0295755499952,29.4774490281539],[-95.0295727456705,29.4773187448201],[-95.0295710261438,29.4772388787806],[-95.0295679616462,29.4770964782856],[-95.029565175374,29.4769670594702],[-95.0295404759303,29.4758195927498],[-95.0294318348895,29.4758198950311],[-95.0293958572733,29.4740525148068],[-95.0293843657146,29.4734574081309],[-95.0293468019508,29.4715120922372],[-95.0293312758422,29.4707080066272],[-95.0293149122839,29.4698605925302],[-95.0293059961832,29.4694362036444],[-95.0327979260702,29.4694007303503],[-95.0328031053476,29.4697291306856],[-95.0354207768157,29.4696714135915],[-95.0362322978229,29.4696535091194],[-95.0374135423233,29.469630342962],[-95.0374135884646,29.4691002565946],[-95.037404603056,29.4681652375994],[-95.0373870236877,29.4672743575032],[-95.0373795629235,29.4669466573421],[-95.0373732812169,29.4663584459262],[-95.0373593217578,29.4654317887902],[-95.0373579221565,29.4653629015045],[-95.0373411921916,29.4645399800379],[-95.0373236749526,29.4636783152459],[-95.0373237326961,29.4636429185727],[-95.0384377239027,29.4636282853611],[-95.0388277874105,29.4636153280422],[-95.0395796934414,29.4635978037065],[-95.0407708824905,29.4635623728292],[-95.0419611065627,29.4635455061032],[-95.0419804558235,29.4627941474374],[-95.0418421894816,29.462610448984],[-95.0417697565696,29.4625166060192],[-95.0417490620834,29.4615898279117],[-95.0417360882522,29.4610088414664],[-95.0417128010814,29.4599659360528],[-95.041219491564,29.4600229495681],[-95.0412073861458,29.460024348599],[-95.0404810500209,29.4596249403378],[-95.0397979829265,29.4591145531261],[-95.0397985723773,29.4591112112341],[-95.0398549302097,29.4587920484742],[-95.0398549908379,29.4587917081055],[-95.0399118634443,29.4584696309456],[-95.0398254587208,29.4581589357291],[-95.0398910767882,29.4579784360503],[-95.0397996932956,29.4578399022838],[-95.039787349843,29.4578279216549],[-95.0396925022106,29.4570957549284],[-95.0398408185952,29.4570863037753],[-95.0398648342724,29.4570847731586],[-95.0408290240532,29.4570233264547],[-95.0408294240371,29.4570232534453],[-95.0419525176729,29.456819314615],[-95.0417740324602,29.4566266732841],[-95.0398916397677,29.4545949276709],[-95.0390156940304,29.4536494454281],[-95.0386028139914,29.4532037811726],[-95.0365517732904,29.4509594101027],[-95.0365421090961,29.4509488348589],[-95.0365220415474,29.4509268742782],[-95.0365146790831,29.4509188184743],[-95.0364290552933,29.4508251204893],[-95.0365674091721,29.450825248073],[-95.0365902053892,29.4508254441958],[-95.0365905401969,29.4508252690533],[-95.0365942587142,29.4508252719555],[-95.0365969201764,29.450825348219],[-95.0365970881212,29.4508253532023],[-95.0366006810768,29.4508254552996],[-95.0366047191376,29.4508255706041],[-95.0369878418094,29.4508288823635],[-95.036987427929,29.4508284358298],[-95.0369014737066,29.4507356167229],[-95.0337951494574,29.4473821275935],[-95.0315991846874,29.4450112555154]]]},"properties":{"OBJECTID":1,"Id":0,"Commiss_Pr":"3","Area":120763,"Perimeter":714858,"Commiss_":"Honorable Stephen D. Holmes","Address":"9850-A Emmett F. Lowry Expressway Suite A100, Texas City, TX 77591","Phone_Numb":"(409) 770-5806","GlobalID":"1c797dd1-96cd-4e8c-9f30-0560b651189a","Shape__Area":5260404705.394531,"Shape__Length":714858.3634952204}},{"type":"Feature","id":2,"geometry":{"type":"Polygon","coordinates":[[[-95.0722840095505,29.4432539593811],[-95.0727751483983,29.4438648210197],[-95.0727845036219,29.4438764561129],[-95.0733881319004,29.444627216476],[-95.07393003553,29.4453011948904],[-95.0739301172382,29.4453012966009],[-95.074000639262,29.4453890034114],[-95.0740212000703,29.4454145748761],[-95.0740212975367,29.4454146960086],[-95.0748952596418,29.446501637627],[-95.0748998848118,29.4465073899007],[-95.0749270048555,29.446541116709],[-95.0749276900535,29.4465419692316],[-95.0769405954295,29.4490452921234],[-95.0770275212006,29.4491533920784],[-95.0786585007734,29.451153564733],[-95.0803880638849,29.4532745291602],[-95.0804644775766,29.4533705563992],[-95.082893419,29.4564475390866],[-95.0837307781298,29.4574750307639],[-95.0841932726899,29.4580425291351],[-95.0848436640709,29.4588405695752],[-95.0849166360749,29.4589301075401],[-95.0849166646806,29.4589301417821],[-95.0905955667229,29.4658975696318],[-95.0932530162335,29.4691975787288],[-95.1049834950033,29.4689632177697],[-95.1135004308098,29.4689101599699],[-95.1176570581917,29.4688709017793],[-95.1210798140929,29.4688195339765],[-95.122462499881,29.4687987580332],[-95.1243202585089,29.4687708220123],[-95.1256452456943,29.4687508806855],[-95.1290587485935,29.4686994484943],[-95.1364807974743,29.4685873161556],[-95.1361604686161,29.4766157238713],[-95.1361515378345,29.4768395187777],[-95.1360743667746,29.4787734769876],[-95.1360689936395,29.4789081308194],[-95.1360593808375,29.4791490145789],[-95.1360361633712,29.4797308296618],[-95.1359671648771,29.4814598781225],[-95.135941454774,29.4821041269357],[-95.1357489085158,29.4869287691836],[-95.1357596694348,29.4888593218504],[-95.1407524272302,29.4849969347471],[-95.1413303056292,29.4856277865752],[-95.1508973996014,29.489881136703],[-95.1511035137413,29.4903350396862],[-95.1513144269182,29.4908049585481],[-95.1532048541416,29.4900818048666],[-95.1547611213495,29.4894840933183],[-95.1549178440332,29.4894384880641],[-95.1550754535494,29.4893952824533],[-95.1552339008862,29.4893544904192],[-95.1553931371335,29.4893161231906],[-95.1555531143445,29.4892801938293],[-95.1557137836777,29.4892467117606],[-95.1558750962576,29.4892156873118],[-95.1560370031753,29.4891871317122],[-95.1561994556913,29.4891610516825],[-95.156362402937,29.4891374556877],[-95.1565221327549,29.4891168246616],[-95.1565257961398,29.4891163513507],[-95.15668958553,29.4890977453629],[-95.1568537214057,29.4890816426128],[-95.1570181530346,29.489068047959],[-95.1571828307154,29.4890569662904],[-95.1573477037834,29.4890484006626],[-95.1575127236699,29.489042353289],[-95.1576778387137,29.4890388262944],[-95.1578429983182,29.4890378209316],[-95.157941649183,29.4890387272678],[-95.1580081529517,29.4890393375816],[-95.1581732531499,29.4890433748219],[-95.1584793728446,29.4890575480058],[-95.1585477439014,29.4890679499886],[-95.1594393263211,29.4891308355855],[-95.1611534577294,29.4894382213472],[-95.1632235817316,29.4898917963641],[-95.164221332077,29.4901288110365],[-95.1663589798448,29.4905975980349],[-95.1676049466463,29.4890242490812],[-95.167741680811,29.4888515841743],[-95.1681330574151,29.48835735692],[-95.1686944964268,29.4876483677573],[-95.1687241567339,29.4876109107365],[-95.1687563091161,29.4875703085751],[-95.1745385874786,29.4802676642876],[-95.1757353765757,29.4788206657318],[-95.1779397259736,29.4788506229152],[-95.1791035832144,29.4787942171904],[-95.1791179778542,29.478794174734],[-95.17911184296,29.4787938169364],[-95.1791179806653,29.4787935194006],[-95.1791147118161,29.4787487494568],[-95.1790191476892,29.4774399547024],[-95.178904273847,29.4758666649371],[-95.1788296399415,29.4748444721335],[-95.1787884726796,29.4741069999474],[-95.1787115186639,29.4727284349344],[-95.17850242276,29.469637888157],[-95.1785021674629,29.4696341171836],[-95.178421813671,29.4684464012621],[-95.17837964023,29.4677550670614],[-95.1783788803276,29.4677398109822],[-95.1783787092904,29.4677398051868],[-95.1781978554007,29.4647750787769],[-95.1781976380921,29.4647715065936],[-95.1781630211769,29.4642094127457],[-95.1739765264486,29.4642745673487],[-95.1727911383349,29.4642929917017],[-95.1682708610987,29.4643631537908],[-95.1679610072111,29.4509817022063],[-95.159742911559,29.4511995109891],[-95.1595429260946,29.447091326045],[-95.1595206843263,29.4466344311803],[-95.1590507708496,29.4369812815421],[-95.1610161650419,29.4368046236053],[-95.1643385293198,29.4365059288002],[-95.1679766700628,29.4361787470953],[-95.1680543264376,29.4361725215407],[-95.1681652493435,29.4361636284212],[-95.1686293497146,29.4361265153502],[-95.1693689797327,29.4360639367792],[-95.1694294588112,29.4360588201931],[-95.1694641409918,29.4360558851054],[-95.1694650690202,29.4360558069994],[-95.1699588669288,29.4360140250864],[-95.1699668475885,29.4360133304037],[-95.1700590260843,29.4360053074244],[-95.1701762679259,29.4360015022837],[-95.1711826616732,29.4359688356826],[-95.1711886289792,29.4359686420305],[-95.1718043033692,29.4359486574972],[-95.1720896559676,29.4359393937646],[-95.1762320207893,29.4359142380922],[-95.1763258465304,29.4359164025248],[-95.1764205698052,29.4359185871702],[-95.1768267595059,29.4359161067019],[-95.1837915179433,29.4358733863402],[-95.1852641883955,29.4358120247848],[-95.1874655579898,29.4357000047964],[-95.1877515230388,29.4356854502194],[-95.1895878830259,29.43559197234],[-95.1899506275085,29.435574360268],[-95.1911676213246,29.4355152633515],[-95.1917152446227,29.4354752884518],[-95.1920259879552,29.4354526039387],[-95.1921544364528,29.4354432156761],[-95.194349460978,29.4353053008331],[-95.1965441855884,29.4351934363116],[-95.198897223126,29.4350685215112],[-95.1993745196887,29.4350475150675],[-95.1995862159936,29.435038165832],[-95.1996599289062,29.4350336721979],[-95.1997335412676,29.4350280535116],[-95.1998736888676,29.4350142114595],[-95.1998858917164,29.4350126465942],[-95.1999372149385,29.4350060658835],[-95.2000005686571,29.4349969512091],[-95.2000637303135,29.4349868704868],[-95.2001266822917,29.4349758259241],[-95.200189403818,29.4349638214442],[-95.2002518772431,29.4349508601564],[-95.2003140817598,29.4349369468859],[-95.2003459832756,29.434929198675],[-95.2003974696775,29.4349166930006],[-95.2004600252505,29.4348999341709],[-95.200522236669,29.4348822221209],[-95.2005840861833,29.4348635626658],[-95.2006455540166,29.43484396066],[-95.2007066213892,29.4348234218895],[-95.2007672704511,29.4348019548746],[-95.2008274814592,29.4347795635683],[-95.2008872376274,29.4347562556186],[-95.2009977792284,29.4347101762011],[-95.2011069904327,29.4346627606608],[-95.2011628436758,29.4346369329692],[-95.201218173563,29.4346102562041],[-95.2012729622784,29.4345827379845],[-95.2013271950298,29.4345543878208],[-95.2013808540348,29.4345252124301],[-95.2014339224073,29.4344952221661],[-95.2014863853888,29.4344644256376],[-95.2015382271572,29.4344328323259],[-95.2015894298299,29.4344004516535],[-95.2016399796453,29.4343672931604],[-95.2016898607145,29.4343333681315],[-95.2017390572156,29.4342986860481],[-95.2017875553537,29.434263257352],[-95.2018353392401,29.4342270933282],[-95.2018823950467,29.4341902053201],[-95.201928707982,29.4341526028385],[-95.2019742641176,29.4341142999324],[-95.2020190507227,29.4340753061712],[-95.2020630518754,29.4340356337416],[-95.2021062557415,29.4339952958494],[-95.2021486485266,29.4339543029366],[-95.2021941798892,29.4339084646903],[-95.2026870964912,29.4333637240041],[-95.2031147998744,29.4328910468583],[-95.2031369232716,29.4328658582503],[-95.2032065995185,29.4327878514009],[-95.2042636702112,29.4316165036576],[-95.2043152467143,29.4315547671372],[-95.2043627414705,29.4315000627662],[-95.204411319636,29.4314460924322],[-95.2044609661853,29.4313928719572],[-95.2045116660598,29.4313404180647],[-95.2045634042009,29.4312887474784],[-95.2046161645868,29.4312378750889],[-95.204669931196,29.431187815787],[-95.2047246869098,29.4311385862376],[-95.2047804168038,29.431090199557],[-95.204837101666,29.4310426732537],[-95.204894726639,29.4309960186403],[-95.2049252480687,29.4309721589517],[-95.2049532715141,29.4309502522941],[-95.2050127203372,29.4309053873022],[-95.2050730550605,29.4308614375949],[-95.2051342556096,29.4308184161423],[-95.2051963060304,29.4307763360314],[-95.2052591841885,29.4307352101738],[-95.20532287413,29.4306950516566],[-95.2053447072085,29.4306814478924],[-95.2054095561654,29.4306425148335],[-95.2054751714732,29.4306045785157],[-95.2055415331247,29.4305676501055],[-95.2056086210462,29.4305317425729],[-95.2056764152978,29.4304968652811],[-95.205744894809,29.430463030269],[-95.2058140386433,29.4304302459686],[-95.2058838257641,29.4303985235171],[-95.2059542341378,29.430367873121],[-95.2060252438586,29.4303383032414],[-95.2060968318964,29.4303098231536],[-95.206168977315,29.4302824412899],[-95.2062416571183,29.4302561660235],[-95.2063148514005,29.4302310058158],[-95.2063885351384,29.4302069680803],[-95.2064626874297,29.4301840603473],[-95.2065372843151,29.4301622891576],[-95.2066123049259,29.4301416611398],[-95.2066877253027,29.4301221828348],[-95.2067635225166,29.4301038608129],[-95.2068396737056,29.4300866998405],[-95.2069161560076,29.4300707046845],[-95.2069929444335,29.4300558818567],[-95.2070700172183,29.4300422343493],[-95.2071473515337,29.4300297660274],[-95.2072249213938,29.4300184824718],[-95.2073027050674,29.4300083857734],[-95.2073806776656,29.4299994797387],[-95.2074588163937,29.429991767331],[-95.2075370975269,29.4299852487792],[-95.2076154961431,29.4299799287916],[-95.2076939048395,29.4299758115405],[-95.2077705727532,29.4299730025858],[-95.2077712445338,29.4299729909673],[-95.2085629980223,29.4299559079101],[-95.2091027554814,29.429955061781],[-95.2093136815501,29.4299548522851],[-95.2093258699911,29.4299731453985],[-95.2104200177285,29.4316092707627],[-95.210430196929,29.4316244914809],[-95.2136198714916,29.43639414679],[-95.2143468718589,29.4374821469196],[-95.214530871721,29.4377341465714],[-95.2152998723171,29.4389091467427],[-95.2155662047562,29.4393072784126],[-95.2164451468547,29.440621155582],[-95.2164638728693,29.4406491474335],[-95.2180820227527,29.4430932807923],[-95.2181388731029,29.4431791478187],[-95.2184019725341,29.4435767733058],[-95.2195329337318,29.4452859726506],[-95.2196692238078,29.4454919456373],[-95.2205758736732,29.446862147971],[-95.2214398747499,29.4481451488864],[-95.2226878750465,29.4499991494314],[-95.2251368756735,29.4536381499876],[-95.2253884869824,29.454015565793],[-95.2253888636857,29.4540155601877],[-95.2253888759652,29.4540161500411],[-95.2261218754099,29.4550121502378],[-95.2267378760789,29.4559531505267],[-95.2275948764088,29.4572611505036],[-95.2298128769991,29.4606491508361],[-95.2298190985049,29.4606583567692],[-95.2304548770925,29.4615991512952],[-95.2304978773618,29.4616701509757],[-95.2316838774797,29.4634421513726],[-95.2317548772299,29.4635721514342],[-95.2330958779008,29.4655971517666],[-95.2330998775537,29.4656201522781],[-95.2330618783043,29.4658441521669],[-95.2329983368458,29.4662189496754],[-95.2327705826152,29.4671150895498],[-95.2325566728321,29.4682361345507],[-95.232274894175,29.4698106742627],[-95.2322121191093,29.4701495024683],[-95.2321748182262,29.47035082808],[-95.2320747422515,29.4708909817956],[-95.2319746641898,29.4714311353512],[-95.2318745850716,29.4719712887759],[-95.2317514297622,29.4726359817231],[-95.2317182363052,29.472631810931],[-95.2317094337734,29.4726866843816],[-95.231526162253,29.4738291634433],[-95.2312628679189,29.4754704490302],[-95.2309556552401,29.4773854443408],[-95.2307977047481,29.4783699858218],[-95.2307500647944,29.4786418272624],[-95.2302743725581,29.481355843989],[-95.2297915889323,29.4841078278107],[-95.2294523084467,29.4850015335513],[-95.2291880245082,29.4864946361079],[-95.228913455145,29.4880457993291],[-95.2288461034805,29.4884262894812],[-95.2285402395544,29.4901541809523],[-95.2284477054529,29.4906769147307],[-95.2283684740314,29.491124493627],[-95.2283683906018,29.4911249652209],[-95.2276840004919,29.4949909376835],[-95.2276780205954,29.4950256857807],[-95.2276600092839,29.4951303324837],[-95.2274924742233,29.4960182860429],[-95.2274576031628,29.4961996958815],[-95.2265869480661,29.5007289337127],[-95.2264641389381,29.5013677666444],[-95.2259492635641,29.5040459752955],[-95.2257654359344,29.5048709977547],[-95.2256452841293,29.5054102349081],[-95.2253513810147,29.5072101075835],[-95.2252940801205,29.5075526572467],[-95.2252436583413,29.5078540801686],[-95.2251999543359,29.5081153395597],[-95.2251585078362,29.5083631050861],[-95.2251196235748,29.5085955527615],[-95.2250833056783,29.508812655623],[-95.2250689121327,29.5088986997918],[-95.2250016582004,29.5092097426996],[-95.2248330286154,29.5099896324239],[-95.2245819688258,29.5111507250954],[-95.2242746844973,29.512571807974],[-95.2238900368404,29.5143506124764],[-95.2238897816545,29.5143517932941],[-95.2234327217368,29.5164653804259],[-95.2234226003049,29.5165250563967],[-95.2233508133288,29.5169483064116],[-95.2232802067934,29.5173645906566],[-95.2232620352845,29.5174717245139],[-95.2232204427807,29.5177087088858],[-95.2232204165635,29.517708859808],[-95.2231808024507,29.5179421843194],[-95.2224962462139,29.5219882671237],[-95.2224678953688,29.5221545297787],[-95.2221825281939,29.5238284373818],[-95.2221398418681,29.5240788522149],[-95.2219793349765,29.5250204524641],[-95.2219243284144,29.5253430724718],[-95.2214092326512,29.5283814372627],[-95.2212265628313,29.529389712707],[-95.2208724869645,29.5315789364568],[-95.2208656668365,29.531621102663],[-95.220385564023,29.5341866332432],[-95.2203095210763,29.5345929746566],[-95.2199157341288,29.5366971437987],[-95.2198707091127,29.5369377254341],[-95.2193370761619,29.5398201461534],[-95.2190993678262,29.5412424114255],[-95.2190725335876,29.5414029626436],[-95.2189998640625,29.5413628583518],[-95.2189624340386,29.5415901293164],[-95.2189622797194,29.5415910638145],[-95.218718843524,29.5430691530229],[-95.2186433551944,29.5435355562256],[-95.2186008418949,29.5437982227961],[-95.2185442272853,29.5441480095968],[-95.2184536437889,29.5447040216373],[-95.2184189929242,29.5449176653846],[-95.2183671403968,29.5449633088943],[-95.2181733208428,29.5460557117465],[-95.2181345360773,29.5462747425357],[-95.2181175249324,29.5463705696031],[-95.2179794971146,29.5471481149635],[-95.2177270956114,29.548569050998],[-95.2176737743336,29.548861962285],[-95.2176189591741,29.5491653266649],[-95.2175956179023,29.5492945027374],[-95.2175486420898,29.5495383140828],[-95.2172991069087,29.5508395349689],[-95.2172898947304,29.550887703322],[-95.2170672030446,29.5520520171267],[-95.2169273297324,29.5527833122279],[-95.2168805149096,29.5530280711743],[-95.2165218983655,29.5549029574756],[-95.216520880732,29.5549082738656],[-95.2163558624956,29.5557709840681],[-95.2163479553948,29.5557531603136],[-95.2162229554007,29.5555491603653],[-95.2161509545707,29.5554691605296],[-95.2161089548496,29.5554231604156],[-95.2160169550837,29.555362159876],[-95.2160089543511,29.5553571597229],[-95.2159079546549,29.5553131604887],[-95.2159459552586,29.5552081600154],[-95.216022954764,29.5551761599899],[-95.2160529548789,29.5551641601043],[-95.2161029551826,29.5551201603673],[-95.2161529544302,29.5550491602253],[-95.2161599552705,29.5549771599781],[-95.216102954371,29.5548841597566],[-95.2159199543723,29.5547351603057],[-95.2158449542952,29.5547131601571],[-95.2157319551957,29.5547021597523],[-95.2156499548863,29.5547301597203],[-95.2155619544098,29.5547851599017],[-95.2155119544275,29.5548671598283],[-95.2154299547083,29.5549501597543],[-95.2153419549231,29.5551261599736],[-95.2152159546252,29.555307160062],[-95.2151219545479,29.555406159925],[-95.2149879549015,29.5555241606324],[-95.2149149541424,29.5555881602198],[-95.2148199542727,29.5556371598272],[-95.2147449546875,29.5556591600538],[-95.2146759546153,29.5555881599052],[-95.2146429540429,29.5554831602306],[-95.2146379544264,29.5554671600782],[-95.2145809542469,29.5553791604452],[-95.214498954076,29.5552861604567],[-95.2144359541673,29.5552361600997],[-95.2143609548324,29.5551591599618],[-95.2142409538795,29.5551101600998],[-95.2141279538447,29.5551101601453],[-95.214014954446,29.555154160186],[-95.2139019545063,29.5552421601914],[-95.2138329542806,29.5553301601671],[-95.2138079546719,29.5554401602397],[-95.2138079541305,29.555555159837],[-95.2138199539534,29.5556651603543],[-95.2138889544566,29.5557751607029],[-95.2142419545961,29.5561051604451],[-95.2142519547664,29.5561291606282],[-95.21426095493,29.5561491603962],[-95.2142609546406,29.5561931604477],[-95.214171954003,29.5562971607207],[-95.2141089543338,29.5563301600262],[-95.2140319539064,29.5563511607476],[-95.2138679546472,29.5563271605258],[-95.2137419537995,29.5562721604133],[-95.2135799538418,29.556071159953],[-95.2135799546033,29.5560691603818],[-95.2135789538246,29.5560671604356],[-95.2135339545303,29.5559811603349],[-95.2135179537518,29.555951160208],[-95.2134929544972,29.5559131605674],[-95.2134869542388,29.5559031606029],[-95.2134809541324,29.5558941599874],[-95.213441954272,29.5558351603927],[-95.2133579544215,29.5557561607041],[-95.21326695412,29.5557261599243],[-95.2131339542044,29.5557751601114],[-95.2130219542462,29.5559131603991],[-95.2129819541812,29.5559731600394],[-95.2129459544773,29.5560281606862],[-95.2128579540054,29.556122160692],[-95.2127819541685,29.5562221607801],[-95.2127699538274,29.5562371604415],[-95.2127889536406,29.5567211604441],[-95.2127889536137,29.5569191607644],[-95.2127769541352,29.5569851604501],[-95.2127699536244,29.5571501610432],[-95.2127839544438,29.5571721604033],[-95.2128079542209,29.5572101607455],[-95.2128329543996,29.5572211610613],[-95.2129019537209,29.5572271604626],[-95.2130719545524,29.5571771609033],[-95.2131599540551,29.5571281610425],[-95.2133239545995,29.5569631604692],[-95.2134119537345,29.5569301607897],[-95.2135119547501,29.5569191606044],[-95.213688953926,29.5569301605041],[-95.21374495394,29.5569961601212],[-95.2137339546702,29.5570711606324],[-95.2137329540256,29.5570781602113],[-95.2137109543027,29.5571071610387],[-95.2136699539049,29.5571611608518],[-95.2135379546749,29.5572161605994],[-95.2133929538953,29.557315160428],[-95.2133239541654,29.5573971604877],[-95.2132419539769,29.5574741603439],[-95.213065954393,29.5576231609992],[-95.212914953754,29.5577331610489],[-95.2127829545896,29.5578761611049],[-95.2127449544562,29.5579861610871],[-95.2129399538032,29.5581671604219],[-95.2134689545736,29.558371160789],[-95.2136089548909,29.5584561604561],[-95.2136129542289,29.5584581604483],[-95.2136259545283,29.5585021611865],[-95.2136229546635,29.5585321612967],[-95.2136169544357,29.558580161244],[-95.21361395421,29.5586071606018],[-95.2135249545863,29.5586841610437],[-95.2134989545167,29.5586981613088],[-95.2134249542913,29.558739161349],[-95.213236953961,29.5588671611716],[-95.2131989538694,29.558893161251],[-95.2131901992347,29.5588970515378],[-95.2131178767719,29.5588831719897],[-95.2130048765848,29.5588231717077],[-95.2129108770923,29.5587501717999],[-95.2126578770199,29.5585081720954],[-95.212559876533,29.5584581717216],[-95.2124848764441,29.5584361715689],[-95.2124378766309,29.5584361718862],[-95.2123508771605,29.5584401722348],[-95.2122868769413,29.5584721719231],[-95.212203876288,29.5585191715143],[-95.2121308767385,29.5585831714902],[-95.2120858765973,29.558635171695],[-95.212038544218,29.5586962732511],[-95.2120366030991,29.5586987784647],[-95.2120308761546,29.558706172257],[-95.2119068770137,29.5589531719936],[-95.2118218767245,29.5590561719107],[-95.2117748770534,29.5590881718061],[-95.2117018762598,29.5591281719002],[-95.2116098763336,29.5591401720289],[-95.2115158770248,29.5591201716198],[-95.2114748770092,29.5591001723349],[-95.2114378767767,29.5590761716207],[-95.2113278764633,29.5589731720211],[-95.2111138761922,29.5587421720437],[-95.2109668759488,29.5586191722963],[-95.2108718767635,29.5585591719825],[-95.210765875835,29.5585201719848],[-95.2106248767448,29.5585041716334],[-95.2105468758169,29.5585081721404],[-95.2103548765172,29.5585321715142],[-95.2102088762475,29.5585871720909],[-95.2101398766232,29.5586191717182],[-95.2100118762022,29.5586911718813],[-95.2098528759932,29.5588181717651],[-95.2091468763852,29.5592001723817],[-95.208972875577,29.5593311721959],[-95.2088818758548,29.5594341717665],[-95.2087878756616,29.5595931723371],[-95.2087128761453,29.5596571724918],[-95.2086258758035,29.5597051723256],[-95.2085708762182,29.5597201720931],[-95.2085108756503,29.5597321719325],[-95.2084428761547,29.5597361722551],[-95.2083738758062,29.5597361720589],[-95.2082808756958,29.5597121723405],[-95.2082458760811,29.5596891726404],[-95.2081728753986,29.5596451725543],[-95.2080868757176,29.5595581722861],[-95.2078028751095,29.5592771717309],[-95.2076508750307,29.5591521722205],[-95.2075878759504,29.5591321725285],[-95.2075278753424,29.5591401718284],[-95.2073888754851,29.5591961722784],[-95.2072948758869,29.5592241717895],[-95.2071968751841,29.5592231724054],[-95.2071238755429,29.5592151716817],[-95.2070508754317,29.5592001718705],[-95.2069588748507,29.5591641721975],[-95.2068768750494,29.5591001720253],[-95.2068008749432,29.5590091718686],[-95.2067538751379,29.5589131724692],[-95.2067398748015,29.5588301717216],[-95.2067578756909,29.5587501722331],[-95.2067898752067,29.5586911724411],[-95.2068618758186,29.5586291718208],[-95.2071598749766,29.5585001716043],[-95.2072338758911,29.558448172242],[-95.2072788751956,29.5584091722993],[-95.2073428750804,29.558301172279],[-95.2073608749692,29.5582141718473],[-95.2073338759181,29.5581231715208],[-95.2072968758557,29.5580671715833],[-95.2072338756712,29.5580191719147],[-95.2071238754598,29.5579641716167],[-95.2070508756514,29.5579401722503],[-95.2069588753592,29.5579231718618],[-95.2063788754342,29.5578921715589],[-95.2056928745763,29.5578701720974],[-95.2056098751278,29.557892172303],[-95.205567874659,29.5579251722448],[-95.2055318748284,29.5579681716178],[-95.2055008752287,29.5580251719248],[-95.2054588752177,29.5581551716818],[-95.2054538753308,29.5582141718129],[-95.2054668745113,29.5582861722775],[-95.2055038744758,29.5584011721161],[-95.2055848746379,29.5585111716364],[-95.2058848752407,29.5587971720003],[-95.2059918748932,29.5589061720417],[-95.2060248750018,29.5589541724119],[-95.2060328747618,29.559021172339],[-95.2060298748392,29.5590531719331],[-95.2059918747445,29.5591161720168],[-95.2059428751455,29.5591681723214],[-95.2058778755025,29.5592121725302],[-95.2058108747083,29.5592361723307],[-95.205763875222,29.5592511722559],[-95.2056828751473,29.5592601718568],[-95.205576874679,29.5592711720707],[-95.2053898751136,29.559248171765],[-95.2051748749579,29.5592121722723],[-95.2050838747085,29.5591801717892],[-95.20497387478,29.5591361724922],[-95.2047778750355,29.5590211718834],[-95.2046178751349,29.5588861721686],[-95.2045288744479,29.5587511725375],[-95.2045048751971,29.5587111719668],[-95.2044988750454,29.5586591719328],[-95.2045128747071,29.5586121720845],[-95.2045408749234,29.5585681722567],[-95.2045868746356,29.5584971719277],[-95.2045918745077,29.5584251721819],[-95.2045688742224,29.5583701718514],[-95.2045368744515,29.5583221724019],[-95.2044818748922,29.5582821720969],[-95.2043368742672,29.5582271717512],[-95.2041848748933,29.5581951724142],[-95.2041028743504,29.5581871717939],[-95.2040298742262,29.5581991716292],[-95.2039838748716,29.5582271718735],[-95.2039198749737,29.5582861716807],[-95.203864874907,29.5583501718206],[-95.2038328749334,29.5584131719491],[-95.2038108741197,29.5584731717233],[-95.2037878744642,29.5585561723578],[-95.2037968750426,29.5587751720621],[-95.2037878742569,29.5588741723808],[-95.2037598747685,29.5589541720479],[-95.2036188748616,29.5591441724201],[-95.2035248745839,29.5593271719101],[-95.2035058743271,29.5595051725543],[-95.2035148742561,29.5596491724533],[-95.2034828741271,29.5599431724096],[-95.2034418742111,29.560212172385],[-95.2034198747347,29.5602681720309],[-95.2033828745324,29.560308172395],[-95.2033508747203,29.5603351724509],[-95.203295874286,29.5603631723982],[-95.2032138741165,29.5603951722553],[-95.2031678740471,29.5604431727001],[-95.2031318744479,29.5604901724626],[-95.2030728739976,29.5605741729356],[-95.2029618739712,29.560752172876],[-95.2029168748162,29.5609591727488],[-95.2029078739671,29.5612331724376],[-95.2028778740066,29.5613121726398],[-95.2028268746963,29.5613631725971],[-95.2027358743784,29.5614351730519],[-95.202648874809,29.5614861725813],[-95.2025378744334,29.5615241724332],[-95.2024118740145,29.5615321729482],[-95.2022388739355,29.5615181727546],[-95.2021108746505,29.561474172743],[-95.2018838740693,29.5613511729375],[-95.2017248745233,29.5612801727078],[-95.2015648741192,29.5612641729477],[-95.2014648744879,29.5612761727623],[-95.2013828740996,29.561320172716],[-95.2013098738832,29.5613911723386],[-95.2012138741378,29.5615341730036],[-95.2011138744626,29.5617801732877],[-95.201076874105,29.5620661731392],[-95.2010768744886,29.5623321728195],[-95.2011178742171,29.5626011734013],[-95.2012118745568,29.5631821731321],[-95.2010648742656,29.5632521727398],[-95.2008918736763,29.5633041729096],[-95.2008078742517,29.5633171730096],[-95.2007238737408,29.5633121730448],[-95.2005928741188,29.5632911733942],[-95.2004088740287,29.5632321730365],[-95.2002448737373,29.5631401727496],[-95.2001558737283,29.5630741730994],[-95.2000758740707,29.5629981729642],[-95.2000168735961,29.5629071735392],[-95.1999938739386,29.5628081731857],[-95.1999848742027,29.5627321728762],[-95.1999918736154,29.5626461733274],[-95.2000058732304,29.5625231729623],[-95.2000418734375,29.5623801725738],[-95.2000838737507,29.5622771730313],[-95.2001698742372,29.5620911725444],[-95.2002518739381,29.5619721725819],[-95.2002968734628,29.5619131726094],[-95.2003848742617,29.5618131727061],[-95.2005798739787,29.5616831730294],[-95.2006798740863,29.5616191726058],[-95.2007758737519,29.5615401729627],[-95.2007958738928,29.5615041724725],[-95.2008128743029,29.5614571724734],[-95.2008118734775,29.5613701728308],[-95.2007938742507,29.5612831723183],[-95.2007208741751,29.5611041731777],[-95.2005638737915,29.5608491723408],[-95.200446874103,29.5607111726021],[-95.2002908732275,29.5605621721726],[-95.2002028740011,29.5604791722573],[-95.2001178734431,29.5604161722251],[-95.1998588738117,29.5602931722081],[-95.1996828736686,29.5602371721523],[-95.1995948735328,29.5602201729861],[-95.1995328731603,29.5602611725351],[-95.1994648737017,29.5603761726771],[-95.199395873067,29.5604391728188],[-95.1993328730506,29.5604711723044],[-95.1992738735112,29.5604751728209],[-95.1992008733727,29.5604711723836],[-95.1991188737037,29.5604351725875],[-95.1990368734107,29.5603761723682],[-95.198995873677,29.5603201728236],[-95.1989828734505,29.5602571729659],[-95.1989868734634,29.5602021726592],[-95.1990128729494,29.5600471722537],[-95.1991048736797,29.5595721728789],[-95.1992118730702,29.559222172515],[-95.199286872966,29.5589281721416],[-95.1992778737582,29.5588771725719],[-95.1992648733831,29.5588291719705],[-95.1992458736499,29.5587941720237],[-95.199214873575,29.5587541718713],[-95.1991778729133,29.5587421724865],[-95.1991368730655,29.5587381724667],[-95.1991098733392,29.5587621720743],[-95.199086873286,29.558817172183],[-95.1990458736713,29.5588651725665],[-95.1989868736884,29.5588921723777],[-95.1989278728174,29.5589081720832],[-95.1988548737083,29.5589081724577],[-95.1987868735109,29.5588921727529],[-95.1986828736862,29.558841172696],[-95.1986238734698,29.5588211722669],[-95.1985688730998,29.5588171721829],[-95.1985098732091,29.5588341719842],[-95.1984208732807,29.5588981720635],[-95.1982738732228,29.5589571721099],[-95.1981948736296,29.5589671719554],[-95.1981218726438,29.5589571720717],[-95.1980228732611,29.5589261724482],[-95.197953873241,29.5588851728096],[-95.19791187299,29.5588341727733],[-95.1979018726595,29.5587931724176],[-95.1979118730563,29.5587521720107],[-95.1979488730701,29.5586611720034],[-95.1979858730648,29.5584431725355],[-95.1979908727341,29.5583601719357],[-95.1979728730586,29.5583231726381],[-95.1979438732312,29.5583011721835],[-95.1978708725085,29.5582601724783],[-95.1977708732351,29.5582331723011],[-95.1976608730864,29.5582281721602],[-95.1974668728293,29.5582781722682],[-95.1972258733079,29.5583651718899],[-95.1969688728877,29.5584791723898],[-95.1966758727189,29.5585931722169],[-95.196497872903,29.5586931728157],[-95.1964238730574,29.5587521727039],[-95.1963668726817,29.5588251721385],[-95.1963458730584,29.5588851722025],[-95.1963138724125,29.5589711728256],[-95.1962988728243,29.5590351721346],[-95.1963088731108,29.5591121726654],[-95.1963398725421,29.5591941723422],[-95.1964868725158,29.5594631721155],[-95.1968748732276,29.5599101729587],[-95.1968908727425,29.5599741728554],[-95.196890872386,29.5600421727978],[-95.1968798731651,29.560106173079],[-95.196858872741,29.560161172828],[-95.1968228731163,29.5602151727351],[-95.1967858726491,29.5602471729391],[-95.1967228732507,29.5602701725815],[-95.1966548732056,29.560288173149],[-95.1965818725402,29.5603021730805],[-95.1964658722464,29.5603161722476],[-95.1963608728886,29.5603061730595],[-95.1962508722794,29.560284172948],[-95.1961198722099,29.5602381723917],[-95.1959948724739,29.5601701725555],[-95.1956958721957,29.5599781726741],[-95.1955958727112,29.5599101723137],[-95.1954918725967,29.55987417264],[-95.195396872867,29.5598511722419],[-95.1953338728382,29.5598231728077],[-95.1952868727936,29.5597911725867],[-95.1952508719286,29.5597551728473],[-95.1952448720361,29.5597281722678],[-95.1952448720736,29.5596871727671],[-95.1952718719082,29.5595641724305],[-95.1952558725416,29.5595181723322],[-95.1952188726082,29.5594951727074],[-95.1951718725625,29.559486172821],[-95.1950778725667,29.5594861730259],[-95.1950038724935,29.5595041726454],[-95.1949408718006,29.5595321726748],[-95.1948368721518,29.5595911729736],[-95.1947158718575,29.5596551727431],[-95.1945748722784,29.5597411730427],[-95.1942858724004,29.5599331731094],[-95.1940978719886,29.5600741725892],[-95.1940348720251,29.5600971727702],[-95.1939818724221,29.5601061723624],[-95.1939198721367,29.5601101726772],[-95.1938458720924,29.560101172984],[-95.1936728716705,29.5600471731651],[-95.1935108723458,29.5599651731676],[-95.1934428714596,29.5599151729739],[-95.1934058720138,29.559874172824],[-95.1933538722426,29.5597911728782],[-95.1933218720043,29.5597001723873],[-95.1933008718505,29.5595641730436],[-95.1933238721213,29.5593481728941],[-95.1932868717335,29.559047172864],[-95.193287871719,29.5587641722219],[-95.1933108719975,29.5585311722565],[-95.1933438718702,29.5583071721418],[-95.1934148719017,29.5580061726511],[-95.193509871999,29.55770817188],[-95.1935988715416,29.5575141718846],[-95.1936568721241,29.5574041719196],[-95.1937088720845,29.5573611724459],[-95.1937588722478,29.5573451725119],[-95.1938138714735,29.5573371724371],[-95.1940938715023,29.5573741720298],[-95.1942548716928,29.5574071721724],[-95.1943308725071,29.5574231726351],[-95.1944028718636,29.5574111721614],[-95.1944688720336,29.5573651719702],[-95.1945208717279,29.5573031718939],[-95.1945398720786,29.5572251720145],[-95.1945488722321,29.5571461725566],[-95.1945398725418,29.5570761722728],[-95.1944068716456,29.5568821720919],[-95.1942888724857,29.5566801724002],[-95.194254871648,29.556584171639],[-95.1942498719483,29.5565021719916],[-95.194264871989,29.5563451718977],[-95.1943208722034,29.5561671715391],[-95.1943828720884,29.5560431723172],[-95.1944728719133,29.5559401718031],[-95.1945298724837,29.5558781714127],[-95.1946108721497,29.5558331721926],[-95.1946678724064,29.5558281717187],[-95.1948248719963,29.5558491717221],[-95.1949338724159,29.5558861719769],[-95.1950718721696,29.5559521714177],[-95.1952008717605,29.5560521714735],[-95.1952678719763,29.5561511719332],[-95.1952858725079,29.5562251720023],[-95.1952828724494,29.5563161719356],[-95.1952718724746,29.5564231721689],[-95.1951818717324,29.5568081722278],[-95.1951528723463,29.557130172309],[-95.195182872487,29.557258171769],[-95.1952208719536,29.5573241719221],[-95.1952678719957,29.5573941718837],[-95.1953098727284,29.5574391722217],[-95.1954678719591,29.5575511722537],[-95.1955678720222,29.5576011718966],[-95.1956578728936,29.557630172368],[-95.1957908719327,29.5576461722481],[-95.195894872703,29.5576421725268],[-95.1959898729221,29.5576341720519],[-95.1960988721407,29.5576091718508],[-95.1961798728539,29.5575551721457],[-95.1962468729754,29.5574811717169],[-95.1965138722182,29.5570971722647],[-95.1966328730189,29.556936171759],[-95.196699872516,29.5568861717346],[-95.1967608729863,29.55686117166],[-95.1968708725479,29.5568411716796],[-95.196974873026,29.5568491723551],[-95.1970408724708,29.5568691722098],[-95.1970828728323,29.5569111721159],[-95.1971408724616,29.5570471722589],[-95.1971788727838,29.5572491718277],[-95.1972118728516,29.5573161720877],[-95.1972568730429,29.5573571721284],[-95.1973258731715,29.557386171865],[-95.197406872675,29.5574111723516],[-95.1975068727739,29.5574151724768],[-95.1975588730522,29.5574111723592],[-95.197620872914,29.5573941716329],[-95.1976828732644,29.5573571721736],[-95.197715873352,29.557324172386],[-95.1977348730352,29.5572951718082],[-95.197781873001,29.5570841722715],[-95.1977818726141,29.5569071718997],[-95.1977778730201,29.5568121723554],[-95.1977318727304,29.5565681723249],[-95.1977598731028,29.556494171689],[-95.1977968730881,29.556456171516],[-95.1978648726667,29.5564281715083],[-95.1974798727442,29.5562381714388],[-95.1970618725853,29.5560101717887],[-95.1969288731423,29.5559441722153],[-95.1968858726892,29.5559031720325],[-95.1968578727709,29.5558661715825],[-95.1968388727067,29.5557631721093],[-95.1968388729662,29.5555851714059],[-95.1968058725904,29.5553211717952],[-95.1967868727468,29.5551891712976],[-95.1967578723878,29.5551551720053],[-95.1966918727049,29.5551181712794],[-95.1965448724994,29.5550811712642],[-95.1960648727491,29.5550231719381],[-95.1958698724428,29.5549741711942],[-95.1956708718696,29.5549121713207],[-95.1954808726797,29.5548371711939],[-95.1953718717243,29.55476717201],[-95.1952858718171,29.5546891715846],[-95.1952198718474,29.5545731717612],[-95.1951858720804,29.5544531714698],[-95.1951818724771,29.5543671712966],[-95.1951958722186,29.5541721718054],[-95.1952098720483,29.554074171603],[-95.1951958723875,29.5538721716455],[-95.1952048720959,29.5537271716229],[-95.1952338717637,29.5536571710975],[-95.195280872295,29.5536041716034],[-95.1953718720293,29.5535131713153],[-95.1957178723846,29.5532441708547],[-95.1959748726718,29.5530791708738],[-95.196064872541,29.5530421716169],[-95.1961548722036,29.5530091715027],[-95.1962078718895,29.5530041712584],[-95.1962638726294,29.5530091713296],[-95.1963248724889,29.5530211709173],[-95.1963878719409,29.5530421709573],[-95.1964638726175,29.5530911714349],[-95.1965348720985,29.5531621714926],[-95.1966348728178,29.5532851709318],[-95.1967818721422,29.5535581710374],[-95.196866872889,29.5536611709885],[-95.1969238723541,29.5537271712731],[-95.1969808727492,29.5537691709043],[-95.1970188727301,29.5537851715134],[-95.1970858728843,29.5538021711329],[-95.1971618726978,29.5538101716233],[-95.1972948721133,29.5537931717551],[-95.1974518722648,29.553740171737],[-95.1975508727765,29.5537321711691],[-95.1976128725211,29.5537481716105],[-95.1977198731216,29.5538071715997],[-95.1980358728842,29.5540781717037],[-95.1982348728937,29.5542431714916],[-95.1984438730954,29.5543751716019],[-95.1985528730713,29.554416171729],[-95.1986578725902,29.5544331711456],[-95.19877187301,29.5544241715405],[-95.1988898733493,29.554419171001],[-95.1989978727292,29.5542721716375],[-95.1990588731765,29.5541711712535],[-95.1991958734967,29.5540101710738],[-95.199351873061,29.5539001711682],[-95.1995058731846,29.5538071709048],[-95.1998378732924,29.5536121708068],[-95.2000658736095,29.5534661715678],[-95.2004658733983,29.5532111707267],[-95.2005918729891,29.5530931707525],[-95.2006788736266,29.5529831713441],[-95.2007238730712,29.5529111706613],[-95.2007378736368,29.5528381709144],[-95.2007238737541,29.5527331709547],[-95.2006868729674,29.552652170767],[-95.2006128736768,29.5525791711904],[-95.2005518736754,29.5525381707613],[-95.2004698737388,29.5524851708802],[-95.200193873037,29.552372171331],[-95.1999978737282,29.5522711710873],[-95.1998538733258,29.552166170471],[-95.1996678727214,29.5520201707945],[-95.1994648732722,29.5518171706939],[-95.1991988734245,29.5515131711666],[-95.1990778734348,29.551413171112],[-95.1989478732756,29.5513281707486],[-95.1988408725132,29.5512711703521],[-95.1987148728618,29.55122617082],[-95.1985198731445,29.5511941708251],[-95.198324872608,29.5511581704095],[-95.19824487323,29.5511291706516],[-95.1981898726469,29.5510891710991],[-95.1981618726401,29.5510481707471],[-95.1981478730974,29.5510081706103],[-95.1981618725333,29.5509191705864],[-95.19820387294,29.5508261703803],[-95.1982588725547,29.5507161707489],[-95.1983108722537,29.5505791710453],[-95.198328872387,29.5504411703321],[-95.1983148724285,29.550372170976],[-95.1982868729344,29.5503151702131],[-95.1982408723784,29.5502511704155],[-95.1981658729592,29.5501781707025],[-95.1980098730223,29.5500611703417],[-95.1979028726186,29.5499801702764],[-95.1976798728463,29.5498701708909],[-95.1975678721461,29.5498061707779],[-95.1974698723873,29.5497251708269],[-95.1974238725861,29.5496281704939],[-95.1974098724777,29.5495551699916],[-95.1974188724102,29.5494901702258],[-95.1974518729435,29.5494291706484],[-95.1975078720702,29.5493891705312],[-95.1975768723038,29.5493731706635],[-95.197665872566,29.5493891707717],[-95.1979218727892,29.5495511702965],[-95.1980978721423,29.5496111707301],[-95.1982468723724,29.5496361707564],[-95.1983448724055,29.5496321702607],[-95.198456873189,29.5496031705314],[-95.1985218723613,29.5495471699632],[-95.1985638730366,29.5494461703307],[-95.1985778727408,29.5493121705903],[-95.1985538722985,29.5491911707485],[-95.1982868724807,29.5488281698075],[-95.1979938722178,29.5485001699351],[-95.1978978723536,29.5484141698771],[-95.1978178723356,29.5483771704418],[-95.1977248725025,29.5483491700785],[-95.1976558726161,29.5483411702424],[-95.1974908729268,29.5483311705706],[-95.1973248722241,29.5483411698731],[-95.1972648728183,29.5483491698818],[-95.1972038721659,29.5483811700516],[-95.197166872726,29.5484221699249],[-95.1971388728063,29.5484741703574],[-95.197082871985,29.5486361705607],[-95.1970138718531,29.5487211705386],[-95.1969248724755,29.5487581699199],[-95.1968458726646,29.548758170738],[-95.1967858723964,29.5487541701747],[-95.1967068722179,29.5487371701925],[-95.1965948727027,29.5486891705873],[-95.1964788725764,29.5485881699973],[-95.1963468719466,29.5484281703609],[-95.1963158726136,29.5483731700465],[-95.1962878722534,29.5482761703342],[-95.196282872129,29.5481751703204],[-95.1962968721558,29.5481021699739],[-95.1963198718195,29.5480091704987],[-95.1963718721217,29.5479391704354],[-95.1964548718661,29.5478921697388],[-95.1965668717901,29.54785117035],[-95.196757872147,29.5478271699967],[-95.1968228721974,29.5478271700552],[-95.1969248726719,29.5478431703559],[-95.1970878723086,29.5478961699297],[-95.1971858726348,29.5479281704558],[-95.197255871901,29.5479281698525],[-95.1973068728391,29.5479001697466],[-95.1973798724513,29.5477961702136],[-95.1975188726924,29.54746917015],[-95.1976158721484,29.5473251703136],[-95.1977598720422,29.5471551697278],[-95.1978388729466,29.5470251697101],[-95.1978848725298,29.5468601702024],[-95.1978948726956,29.546783169596],[-95.1978848726017,29.5466981696582],[-95.1978298723595,29.5465841700054],[-95.19775987216,29.5464631698859],[-95.1977458725995,29.5464141700647],[-95.1977368724304,29.5463541696896],[-95.1977408727224,29.5462931695385],[-95.1977828724834,29.5462441697522],[-95.1978298727838,29.5462161694431],[-95.1978898723204,29.5461921696635],[-95.1979648725962,29.5461881699916],[-95.1980248722661,29.5462001693782],[-95.1982388727647,29.5462691694012],[-95.1984888726532,29.5463831694989],[-95.1988998722642,29.5465711700676],[-95.1990878733042,29.5466291697176],[-95.1991808730575,29.546649169853],[-95.1992628723916,29.5466551696315],[-95.199478873108,29.5466531694453],[-95.1995858731002,29.5466411700443],[-95.1996928731374,29.5466251695449],[-95.1998038729056,29.5465931693513],[-95.1998738734683,29.5465561697922],[-95.1999858727219,29.5464831694049],[-95.2000648730458,29.5464151694123],[-95.2001628733692,29.546293169352],[-95.2002318734413,29.5461641693041],[-95.2002788732273,29.546026170032],[-95.2002928732662,29.5459131700104],[-95.2002788726358,29.5458441698909],[-95.2002138731513,29.5457551696762],[-95.2001158731631,29.5456781698428],[-95.1999968725364,29.5456381692506],[-95.1999048728923,29.5456241698138],[-95.1997928729653,29.5456301693444],[-95.199661872986,29.5456621697623],[-95.1994388728222,29.5457271695775],[-95.1993178728307,29.5457511693236],[-95.1991688723159,29.5457671698889],[-95.19911987227,29.5457591696607],[-95.1990668728688,29.5457311698031],[-95.1990158725585,29.5456861691732],[-95.1989918723058,29.545642169918],[-95.1989688728285,29.5455121691312],[-95.1989758726663,29.5453751699159],[-95.1990198722323,29.5452611694683],[-95.1991178731465,29.5451081694996],[-95.1992618728336,29.5448281692029],[-95.1994038723594,29.5446011696072],[-95.1994268723807,29.544524169194],[-95.1994318728455,29.5444801692522],[-95.1994268723039,29.5444351691368],[-95.1993938724979,29.5444031690377],[-95.199207873118,29.544265169224],[-95.1991708728852,29.5442291689755],[-95.1987488720589,29.5437111693372],[-95.1985888727744,29.5435251688513],[-95.1984358721823,29.5433141693958],[-95.1983258729356,29.5431001693692],[-95.1982888720112,29.542987169066],[-95.1982418729033,29.542756169433],[-95.1982138722877,29.5426591691053],[-95.198195872582,29.5426061691669],[-95.1981348724158,29.5425131685314],[-95.1980488725567,29.5424311693274],[-95.1978678720876,29.542298169134],[-95.1977698721788,29.5422131689523],[-95.1977028722928,29.5421211692475],[-95.1977208719534,29.5420511685724],[-95.1977208724887,29.5420311689002],[-95.1977128720975,29.5420071690634],[-95.197697872148,29.5419811691609],[-95.1976478719183,29.5419601690686],[-95.1975088717144,29.5419241688565],[-95.1974498722026,29.5419371687752],[-95.1973958724066,29.5419541692547],[-95.197158872529,29.5420111693462],[-95.1969668718677,29.5420821688876],[-95.1967688725321,29.5421581685149],[-95.1965998719705,29.5422031687942],[-95.1963766164649,29.5422463193229],[-95.1963618721136,29.5422491687407],[-95.1961108718171,29.5422771693369],[-95.1959868722117,29.5422911692726],[-95.1958358715796,29.5423661693221],[-95.1956468714236,29.5424161693759],[-95.195572871585,29.542452169118],[-95.1955348713636,29.5424891688402],[-95.1955068720381,29.5425451691116],[-95.1955028721309,29.542574169232],[-95.1955068713671,29.5426221689206],[-95.1956548720833,29.5428591690411],[-95.1957368714988,29.5430381692514],[-95.1958088720394,29.5432691690077],[-95.1958278714564,29.5434031687758],[-95.1958228715288,29.5434921693118],[-95.1957998721199,29.5435691692103],[-95.1957388721908,29.5436581697143],[-95.1956558722417,29.5437101693867],[-95.195566871766,29.5437421691938],[-95.1954788715402,29.5437551690805],[-95.1953908717279,29.5437591693307],[-95.1952838714568,29.5437421696295],[-95.1952048712131,29.5437261688783],[-95.1951488713946,29.5437021696974],[-95.1951158718832,29.5436741695237],[-95.1950878713613,29.5436451696169],[-95.1950648711999,29.5436091693883],[-95.1950608718175,29.5435481690729],[-95.1951018718803,29.5434111697043],[-95.1951118721113,29.5433661692568],[-95.1951118713722,29.5433021691239],[-95.1950878713138,29.5431801690051],[-95.1950288711095,29.5430511694661],[-95.1950108718567,29.5430191690256],[-95.1949688717665,29.5429781693226],[-95.1949128716388,29.5429501689939],[-95.1948568718957,29.542934169013],[-95.1948148710822,29.542926169555],[-95.1947458712645,29.5429301693641],[-95.1947088711061,29.5429461693829],[-95.194652871519,29.5429821690833],[-95.1945918717662,29.5430391690364],[-95.1944248715589,29.5432571694282],[-95.1943638719206,29.543290169464],[-95.194317871538,29.5432981693371],[-95.1942618709502,29.5432941694495],[-95.1942108716054,29.5432861691434],[-95.1941378718682,29.5432421688887],[-95.1940948718757,29.5431971692101],[-95.1940758714811,29.5431641696734],[-95.1940668711798,29.5431281696636],[-95.194057870878,29.5430271692622],[-95.1940758712748,29.5429381695888],[-95.194103870999,29.5428571695263],[-95.1941458716109,29.542817169554],[-95.1942298715889,29.5427561689839],[-95.1943368718164,29.5427031687981],[-95.1944108715172,29.5426631686964],[-95.194470870977,29.5426021691201],[-95.194583871144,29.5424791690382],[-95.1946338712954,29.5424241688838],[-95.1946808712999,29.5423681688275],[-95.1947128713493,29.5422791694159],[-95.1947128714812,29.5421861690839],[-95.1946758717526,29.5421091687625],[-95.1946498716968,29.5420771689369],[-95.1946248718944,29.5420481685524],[-95.1944918716582,29.541943169326],[-95.1943658714062,29.5418541692838],[-95.194291871717,29.541785168509],[-95.1942728716626,29.5417331686401],[-95.1942728712368,29.5416721692475],[-95.1943008715688,29.5416241685819],[-95.1943338712908,29.5415831684726],[-95.194374870942,29.5415591693198],[-95.1944678711489,29.5415151691655],[-95.1946268716937,29.5414381685401],[-95.1946588712933,29.5413891685325],[-95.194672871284,29.5413201692671],[-95.1946728712856,29.5412481688753],[-95.1946388712809,29.541184168758],[-95.1945888711882,29.5411421684311],[-95.1945288716512,29.541114168714],[-95.1944498716677,29.5410941691372],[-95.1943848717381,29.5410941687098],[-95.1942918715907,29.5411261684343],[-95.1942168712059,29.541171169235],[-95.1941518715986,29.5412481685847],[-95.194091871503,29.5413281692601],[-95.1940498716644,29.5413491688762],[-95.1940168716916,29.5413611686987],[-95.1939438712649,29.5413661690867],[-95.1938498717301,29.541361168491],[-95.193770871152,29.5413491687449],[-95.1936238712635,29.5412931689795],[-95.1935338712872,29.5412271688812],[-95.1934238712766,29.5410831687711],[-95.1933428707792,29.5410041686546],[-95.1932868711967,29.5409601689153],[-95.1932178714193,29.5409521684338],[-95.1931388712429,29.5409681691821],[-95.1930738707961,29.5410041692176],[-95.1930368708845,29.5410651685914],[-95.1930318706891,29.5411261691604],[-95.1930968710725,29.5413201685924],[-95.1931018711155,29.5413601686634],[-95.1930878711081,29.5414001684765],[-95.1930548710658,29.5414251686912],[-95.1930178714516,29.5414371690338],[-95.1929718710319,29.5414411692042],[-95.192929870979,29.5414331691516],[-95.1928458710125,29.5413881687882],[-95.1927948712947,29.5413441685867],[-95.192734871078,29.5412751692453],[-95.1925768710197,29.5409761690984],[-95.1924888703984,29.5407821688471],[-95.1924468707047,29.5405641688472],[-95.1924328705655,29.5404471688751],[-95.1924418708307,29.5403821683568],[-95.1924618703336,29.5403261683374],[-95.192492870345,29.540289168711],[-95.19255987077,29.5402731687658],[-95.1927128713245,29.5402691690589],[-95.1928348709069,29.5402481685259],[-95.1929018707912,29.5402241690489],[-95.1929398711164,29.5401601685363],[-95.1930328710172,29.5399991682045],[-95.1931588713608,29.5399101690476],[-95.1932968710445,29.5398321685044],[-95.1933338706927,29.5397961682526],[-95.1933548713305,29.539720168908],[-95.1933498707837,29.5396431683401],[-95.1933178712176,29.5395581688338],[-95.1932158712921,29.5394251688517],[-95.193131870885,29.5393361681158],[-95.193034871113,29.5392881688068],[-95.192899870806,29.5392721680246],[-95.1927008711264,29.5392681685169],[-95.1924738705818,29.5392511686711],[-95.1923338704706,29.5392111686049],[-95.1922738702101,29.5391751684439],[-95.1922418702527,29.5391461685981],[-95.192223870792,29.5391101684816],[-95.1921958705863,29.5390011680645],[-95.1921908704267,29.5388921682174],[-95.1921998703826,29.5387801682242],[-95.1922418704832,29.5387351684427],[-95.1923898708852,29.538695168253],[-95.192524870427,29.5386711682874],[-95.1926738707503,29.5386471687864],[-95.1927898709819,29.5386181687634],[-95.1930398704461,29.5385741681729],[-95.1933078706681,29.5385331685712],[-95.1935028713273,29.5384811680523],[-95.1936918711118,29.5383761678459],[-95.193761870867,29.5383641679917],[-95.1938548709025,29.5383771685124],[-95.1939788710169,29.5384161680552],[-95.1941688709891,29.5384531680576],[-95.1943538711184,29.5384771683701],[-95.1943868714847,29.5384771679675],[-95.1944328717559,29.5384691681212],[-95.1944978716624,29.538441168602],[-95.1945308717187,29.5383931684648],[-95.1945618709101,29.5383121678892],[-95.1945848707782,29.5382231677632],[-95.1945898716343,29.5382031677499],[-95.1945908713189,29.5381431681526],[-95.1945808708268,29.5380911680508],[-95.194567871174,29.5380421682092],[-95.1945338715425,29.5379731685207],[-95.1944288715008,29.5378081678795],[-95.1944034817214,29.5377860127499],[-95.1942718716352,29.537671168307],[-95.1941448710978,29.5375031677799],[-95.1941138707971,29.5374191682406],[-95.1941058713312,29.5373501683184],[-95.1941098707696,29.5372661675833],[-95.1941278713684,29.5371901675627],[-95.1941888713651,29.5370601680291],[-95.1942858710739,29.5369301677246],[-95.1943078706352,29.5368731681424],[-95.1942938707702,29.5368271676356],[-95.1942108713598,29.5367131678902],[-95.1940868711751,29.5366251676155],[-95.1939868713945,29.5365791679759],[-95.193841871315,29.5365451676045],[-95.1935738713804,29.5365101675338],[-95.1933058706554,29.5365031677917],[-95.1931438706476,29.5365221674931],[-95.1929898702914,29.5365251676961],[-95.1928758703384,29.536495168066],[-95.1928178702548,29.5364571676584],[-95.1927478704756,29.5364031680308],[-95.1926428706934,29.5362921679993],[-95.1923878707685,29.5360251680634],[-95.1923228708757,29.535987167573],[-95.1922648710648,29.535964168077],[-95.1921818708387,29.5359341678566],[-95.1921068707721,29.5359221680884],[-95.1919928700712,29.5359371675325],[-95.1918528700093,29.5359761682357],[-95.1917518700745,29.5359831674115],[-95.1916508706984,29.5359831674284],[-95.1915588701101,29.5359601677162],[-95.1913958704097,29.5358841682453],[-95.1912028703826,29.5358081678761],[-95.1910368698669,29.5357581677163],[-95.1908738700043,29.5357351677376],[-95.1908128698104,29.5357541678938],[-95.1907908703128,29.5357811682389],[-95.19078587012,29.5358311677858],[-95.1908218701777,29.5359341675305],[-95.190847869932,29.5360711682605],[-95.1908608703567,29.5361671680684],[-95.1908568706091,29.536205167741],[-95.1908298697406,29.5362501674613],[-95.1907858702873,29.5362851677459],[-95.1907248701364,29.5363001677401],[-95.1906498698327,29.5362891683129],[-95.1905928703355,29.5362471682087],[-95.1905358702187,29.5361591679083],[-95.1904838701664,29.5360671681925],[-95.1903958705681,29.5359451676199],[-95.1903078701149,29.5358231678587],[-95.1901938697395,29.5357201677648],[-95.1900578702338,29.5356411679321],[-95.1899478695438,29.5356181677843],[-95.1898078700627,29.5356181680199],[-95.1897418696845,29.53562216755],[-95.1896718699243,29.5356561682522],[-95.1895308696058,29.5357661681447],[-95.1894168693988,29.535869167427],[-95.1893208700471,29.5359221675446],[-95.1892148701751,29.5359301678932],[-95.189162869463,29.5359301679495],[-95.188946869549,29.5358991675956],[-95.1888158691707,29.5358571678129],[-95.1886748699647,29.5358041679754],[-95.188509869904,29.5357011676968],[-95.1883898698078,29.5355951675068],[-95.1883458695724,29.5355451675256],[-95.188297869039,29.5354611674349],[-95.1882588692891,29.5352921681023],[-95.188185869449,29.5351881676854],[-95.1881308692355,29.5350851679394],[-95.1881158697255,29.535024167691],[-95.1881158692993,29.5349851674939],[-95.1881208693748,29.5349551677695],[-95.188150869811,29.5348521677238],[-95.1882078691189,29.5347611678311],[-95.1882828696688,29.5346811676432],[-95.1883928698487,29.5345491678061],[-95.1884698696845,29.5343991675445],[-95.1885178694231,29.5342931679482],[-95.1885268698684,29.5342431678384],[-95.1885178694317,29.5342051676889],[-95.1885008695725,29.5341671678689],[-95.1884538696795,29.5341461675319],[-95.1883818696503,29.5341211674352],[-95.1882898691868,29.5341251678928],[-95.1880848698648,29.5341591679356],[-95.187905869085,29.5341781675695],[-95.1878198691961,29.534167167907],[-95.1877568693457,29.5341561677558],[-95.1876648696711,29.5341371672516],[-95.1875948696693,29.5341101672693],[-95.1875198693501,29.5340491674836],[-95.1874668689134,29.5339871673761],[-95.1874498688282,29.5339541677983],[-95.1874408696787,29.5338931679427],[-95.1874548695575,29.533807167502],[-95.1874688695922,29.5337601672659],[-95.1874848695764,29.5337181675858],[-95.1875198687525,29.5336801673021],[-95.1875768687638,29.5336481676605],[-95.1878568690378,29.5335201675465],[-95.1881858693362,29.5333821675569],[-95.188284869719,29.5333221671663],[-95.1883448699134,29.5332751676065],[-95.1884078694438,29.5332151671069],[-95.1884868692945,29.5331051674285],[-95.1885878692309,29.5329261676549],[-95.1887588696753,29.5327251671736],[-95.1888358700151,29.5326441674773],[-95.1888778696138,29.5326131669278],[-95.1889328694899,29.5325951675106],[-95.1890518700279,29.5325761669047],[-95.1892708698131,29.5325341670698],[-95.1893478692945,29.532503167406],[-95.1894008693329,29.5324581669807],[-95.1894268694814,29.5324041673567],[-95.1894488693548,29.5323131668759],[-95.1894488697439,29.5322521673029],[-95.1894268694383,29.5321761668518],[-95.1893398699939,29.5320121667063],[-95.1893208694065,29.531957166914],[-95.1893138696903,29.5318981669223],[-95.1893258691119,29.5318031674266],[-95.1893468695285,29.5313541673423],[-95.1893648695661,29.531278166878],[-95.189381869699,29.5312171670831],[-95.1894018696959,29.5311841670867],[-95.1894258696909,29.5311521667146],[-95.1895268694278,29.5310951672575],[-95.189683869289,29.531030166631],[-95.1897768701626,29.5309971673157],[-95.1898688697914,29.5309731670153],[-95.1903558694885,29.530896167047],[-95.1904308698863,29.5308761668455],[-95.1904878700875,29.5308481670584],[-95.1905578701772,29.5307951664903],[-95.190607870339,29.530725166621],[-95.1906358697155,29.5306201671713],[-95.1906408695813,29.5305291668576],[-95.1906228703942,29.5304371663137],[-95.1905958696101,29.5303571669502],[-95.1905268700389,29.5302631669],[-95.1904738694305,29.5301941670107],[-95.1902408699714,29.5299621670535],[-95.1899308697455,29.5297261665377],[-95.1896278699829,29.5295551668378],[-95.1891898691104,29.5293011665752],[-95.1886698690376,29.5290231660914],[-95.188364869168,29.5288481667059],[-95.1877118692317,29.5285181661168],[-95.1875598686912,29.5283171662468],[-95.1875318687136,29.5282521659374],[-95.1875248693486,29.5281841661391],[-95.1875248685834,29.5281251660668],[-95.1875288693429,29.5280701665088],[-95.1875378687,29.5280281666534],[-95.187567869076,29.5279631666159],[-95.1876178688606,29.5279101659111],[-95.1876818692161,29.5278801660297],[-95.1877818689378,29.5278451659018],[-95.1879038687505,29.5278201664601],[-95.1879868691863,29.5278191660419],[-95.188733869803,29.5278451662839],[-95.1889958697848,29.5278641658942],[-95.1892798693936,29.5278341663812],[-95.1894278695485,29.5277961657943],[-95.1895458696558,29.5277541664929],[-95.1896468692695,29.5277051663742],[-95.1897378697974,29.5276521663099],[-95.1898128691547,29.527591165728],[-95.1898518694151,29.5275531660657],[-95.1898828695156,29.527507166492],[-95.1898998699696,29.5274541659943],[-95.1899038696545,29.5273671661539],[-95.1898558692458,29.5272571659547],[-95.1898038698426,29.5271881662504],[-95.1897478694259,29.5271201664895],[-95.1896858696302,29.5270821660126],[-95.1896068700182,29.5270521660009],[-95.1895028693684,29.5270331657242],[-95.1893668696057,29.5270291661902],[-95.1891358691031,29.527074165806],[-95.1888478697792,29.527165166141],[-95.1885018693005,29.5272101657164],[-95.1881268690534,29.5272421664235],[-95.1876888693114,29.5272841658419],[-95.1873388689924,29.5273441660291],[-95.186986869162,29.5274011661734],[-95.1869348691635,29.5273971660203],[-95.1868958691202,29.5273711662001],[-95.1868568691507,29.5273061661083],[-95.1868468686282,29.5272141664481],[-95.1868698690595,29.5270601656942],[-95.1869298683166,29.5268731662824],[-95.1869488686949,29.5267961663303],[-95.1869518685418,29.5267171662472],[-95.1869518692417,29.5266651662137],[-95.1869348685657,29.5265461656437],[-95.1868818682689,29.5263751663759],[-95.1868168682454,29.5261361662907],[-95.1867378683939,29.5258431661284],[-95.1867268684213,29.5257321654406],[-95.1867278683746,29.5256421658977],[-95.1867338691448,29.5255701656659],[-95.1867458692025,29.5254981659477],[-95.1867768686223,29.5254171659964],[-95.1868198683634,29.5253231655139],[-95.1869508683341,29.5250581659249],[-95.1870068683445,29.5249661657015],[-95.1870398689178,29.5249241652749],[-95.1870778688469,29.524887166114],[-95.1871288692434,29.5248531657065],[-95.1872118688963,29.5247921654563],[-95.1874298690782,29.5246781659017],[-95.1876788690817,29.5245421659594],[-95.1877548687328,29.5244971658345],[-95.1878258692521,29.5244441654497],[-95.1878528686895,29.5244131653843],[-95.1878618691222,29.5243671653748],[-95.187848869047,29.5243031651738],[-95.1878048690561,29.5242341652012],[-95.187755868962,29.5241741658002],[-95.1877118690842,29.5241301651169],[-95.1876558692283,29.5240981656648],[-95.187528868812,29.5240561653039],[-95.1872678686707,29.5239811655363],[-95.1870198682189,29.5239011655184],[-95.186866868746,29.523806165524],[-95.1867148686013,29.5236891655163],[-95.1865668681221,29.5235681655317],[-95.1864018686094,29.5234691655374],[-95.1862998688283,29.5234321653446],[-95.1860528683562,29.5233241656893],[-95.1858258687676,29.5232641656749],[-95.1855608683448,29.5232071649956],[-95.1854428678329,29.5231841653042],[-95.185381868125,29.5231731658171],[-95.185320867849,29.5231801655964],[-95.1851598681115,29.5232031657576],[-95.1850078680977,29.5232331653235],[-95.1848988685159,29.5232371655211],[-95.1848488681602,29.5232321653277],[-95.1848028679648,29.523218164978],[-95.1847218680372,29.5231751655183],[-95.1846718681209,29.523154165579],[-95.1846348682852,29.5231301657559],[-95.1846058682274,29.523105165597],[-95.1845808677366,29.5230551655909],[-95.1845738682705,29.5229961651531],[-95.1845758684136,29.5229381654694],[-95.1846288675452,29.5228211651257],[-95.1847288678785,29.5226771648986],[-95.1850548677928,29.522309165202],[-95.18513786805,29.522177164736],[-95.1851948683404,29.522078164839],[-95.1852138683256,29.5220271655494],[-95.1852208686532,29.5219721649003],[-95.1852248684816,29.5218541649714],[-95.1852168679776,29.5217711648897],[-95.1851898678255,29.5216681652959],[-95.1851028682475,29.5214991647802],[-95.1850078685376,29.5213431649785],[-95.1847708682051,29.520999164839],[-95.1845268677618,29.5206511646602],[-95.1844048679898,29.520514165109],[-95.1842918676481,29.520419165277],[-95.1842378673396,29.5203791650854],[-95.1841608683158,29.5203441650528],[-95.1840938673806,29.5203261650882],[-95.1840308674164,29.5203131650729],[-95.183921867885,29.5203101652533],[-95.183755868211,29.5203211648623],[-95.1834028680908,29.5203921644617],[-95.1830978678448,29.5204451649574],[-95.1830338670679,29.5204421647116],[-95.1829848678076,29.5204341644888],[-95.1829288676109,29.5204121646587],[-95.1828888679362,29.5203921645504],[-95.1828278677527,29.5203471647805],[-95.1827938669921,29.5202981648987],[-95.1827848676651,29.5202491648962],[-95.1827808677212,29.5201851646766],[-95.1827928670192,29.5201121648857],[-95.1828408674039,29.5200101644974],[-95.1829368678521,29.5198661650567],[-95.1831798670002,29.5195811650478],[-95.183245867147,29.5194951645322],[-95.1832648676827,29.5194561650507],[-95.1832718670498,29.5194241650768],[-95.183264867581,29.519377164957],[-95.1832548674303,29.5193251644998],[-95.1832238671974,29.5192341643719],[-95.1831458677566,29.519110164907],[-95.1831108672746,29.5190661649422],[-95.183048867311,29.5190231643034],[-95.182899867086,29.5189331647454],[-95.182718867024,29.5188251645131],[-95.1824378676064,29.5186981647852],[-95.1822808674407,29.5186351643376],[-95.1821308667331,29.5185881647322],[-95.1816008668634,29.5184641645165],[-95.1812478665412,29.518391164421],[-95.1809218670421,29.5183821645826],[-95.1805208664835,29.5183641643173],[-95.1801288671091,29.5183841647387],[-95.1800298669331,29.5184131643315],[-95.1799638661538,29.5184611649805],[-95.1799098669946,29.518531165059],[-95.1798868666364,29.5185911645917],[-95.1798648670688,29.5187041643421],[-95.1798688664714,29.5187871643264],[-95.1799038665807,29.5188821642466],[-95.1799598669604,29.5190141647567],[-95.1800688671081,29.5191621647563],[-95.1802078669903,29.5193701648724],[-95.1802818670033,29.5195441643956],[-95.1802908663099,29.519618164909],[-95.1802908665554,29.5196691648775],[-95.1802688663757,29.5197601651406],[-95.180233867038,29.5198351652438],[-95.1802038668405,29.519877164949],[-95.1801598669744,29.5199151652508],[-95.1800598671079,29.5199601649414],[-95.1798948661722,29.5199831652928],[-95.1797998670459,29.5199871650482],[-95.1796738666875,29.5199751645923],[-95.1795298670256,29.5199491649475],[-95.1794078664005,29.5198921646227],[-95.1793128667195,29.5198391651597],[-95.1792208668997,29.5197751645017],[-95.1791608663851,29.5197071647114],[-95.1791038660959,29.5196311645744],[-95.179055866641,29.5195441651091],[-95.1789858660985,29.5193221644351],[-95.1789478667869,29.5190821646489],[-95.1789218661033,29.5188101644197],[-95.1789548659066,29.5184011641825],[-95.1788048668255,29.5180431649391],[-95.1787368665893,29.5175131646764],[-95.1785678663333,29.5173351643749],[-95.1784028657435,29.517207164191],[-95.1782458657429,29.5171121647915],[-95.1780678657769,29.5170371640743],[-95.1778418657125,29.5169731647728],[-95.1775688662861,29.5169271646253],[-95.1773038662487,29.5168901639773],[-95.1769778659235,29.5168561639434],[-95.1765298661199,29.5168141640271],[-95.1762698653665,29.5168291647013],[-95.1760658659371,29.5168861640493],[-95.1759488651008,29.5169461639725],[-95.1758438652879,29.5170301641752],[-95.1757618651792,29.5171161647566],[-95.1756628654176,29.5172491644835],[-95.1755698653393,29.5174411646582],[-95.1754738651161,29.5177401643194],[-95.1754308657066,29.5179291642643],[-95.1753698659125,29.5180651649426],[-95.1753138654466,29.5181521646863],[-95.1752308651801,29.5182201649483],[-95.175126865076,29.5182691649411],[-95.1749658654696,29.5182951643328],[-95.1748318653156,29.5182951646158],[-95.174766865726,29.5182801646945],[-95.174696864997,29.5182501647683],[-95.174570865539,29.5181591645609],[-95.1744018650819,29.5179851644159],[-95.1742198653961,29.5177661645405],[-95.173991865564,29.5175111642431],[-95.1738548647274,29.5173731644569],[-95.1737238645432,29.5172021640755],[-95.1736458646142,29.5170031647728],[-95.1735938648732,29.5167841641067],[-95.1735808647367,29.5166361640594],[-95.1735888648101,29.5165421648335],[-95.1736068645335,29.5164511646861],[-95.1736848651011,29.5163071644777],[-95.1738018645474,29.516164164147],[-95.1741218651258,29.5159061642008],[-95.1742558653494,29.5157971644812],[-95.1743398649279,29.5157071640793],[-95.1743948654725,29.5155971642537],[-95.1744228647005,29.5155261639556],[-95.1744248646032,29.5154911639947],[-95.174411865132,29.5153931638605],[-95.174381865151,29.5152721639039],[-95.1743078647278,29.515102164353],[-95.1741948651994,29.5149621641959],[-95.1740518651867,29.5148341642263],[-95.1739388646626,29.5147401643696],[-95.1737038649578,29.5146041644078],[-95.1735348643504,29.5145211637155],[-95.1733568649327,29.5144341640946],[-95.1731838644502,29.5143701636515],[-95.1729968647527,29.5143051636124],[-95.172827865122,29.5142641642455],[-95.1726578647156,29.5142261638908],[-95.172458864771,29.5142001639335],[-95.1722758641324,29.5141991636392],[-95.1720928640712,29.514207163719],[-95.1719028640818,29.5142411641368],[-95.1717288648305,29.5142901643854],[-95.1715768646586,29.5143661644206],[-95.1714248645157,29.514452164264],[-95.171320864695,29.5145321641867],[-95.1712558640439,29.5145921645035],[-95.1711818637315,29.5146791643001],[-95.1710558636981,29.5148561637919],[-95.170973863689,29.514962164202],[-95.1708688641866,29.5150411637718],[-95.1707478639885,29.5150861642735],[-95.1706008643246,29.5151171644238],[-95.1704008636949,29.5151201640308],[-95.1702228638952,29.5151091643489],[-95.1700318641114,29.5150751640076],[-95.1699148640727,29.5150371640116],[-95.1697978636589,29.5149731641368],[-95.1696938633679,29.5149011644129],[-95.1695858633582,29.5148031639637],[-95.1694818642179,29.5146671640452],[-95.1694298641388,29.5145501644047],[-95.1693858642186,29.5143991636962],[-95.1693338637921,29.5141011640643],[-95.1692858634513,29.5138291641499],[-95.1692038633799,29.5135271638763],[-95.1691038639082,29.5133121639597],[-95.1690088635763,29.513207163521],[-95.1688738636924,29.51309316419],[-95.168639863132,29.5129731635554],[-95.1683408632211,29.5128591640685],[-95.1680288631696,29.5127691641736],[-95.1677468632605,29.5126971637041],[-95.1676298630123,29.5126481640313],[-95.1675048631167,29.5125541637703],[-95.1674438634333,29.5124751636723],[-95.1673918631792,29.5123501636323],[-95.1673828629842,29.5122521634767],[-95.1673918636365,29.5121541640098],[-95.1674178630361,29.5119921634544],[-95.1674528633707,29.5118521633189],[-95.1675388628248,29.5115991632262],[-95.1676088627461,29.51148616371],[-95.1677168631709,29.5113311635905],[-95.1677858636486,29.5112311632143],[-95.1679078627703,29.5110761634911],[-95.1679808631452,29.5110121637417],[-95.1681108630071,29.5109401637644],[-95.1682328631939,29.5108871633387],[-95.1685148630829,29.5107891631077],[-95.1686228636877,29.5107591635334],[-95.1687788631233,29.5107401632993],[-95.1690608635546,29.5107211634049],[-95.1693378632294,29.5107061633097],[-95.1696458638022,29.5107141635415],[-95.1698318637419,29.5106911631402],[-95.1700318639624,29.510657163486],[-95.1702558638677,29.510589163179],[-95.1704418642244,29.5105211633701],[-95.1705808636155,29.5104521633322],[-95.170749864253,29.5103481628648],[-95.1709578637465,29.5102011628945],[-95.1710578642182,29.5101141633002],[-95.171110864177,29.5100471631876],[-95.1711658638989,29.5099741627554],[-95.1711998639871,29.5098971626993],[-95.171230863873,29.5098161631801],[-95.1712698642883,29.5097101631244],[-95.1712878639492,29.5095971626267],[-95.1712958640005,29.5094761633068],[-95.1712618640589,29.5091561629673],[-95.17120486441,29.5088841630351],[-95.1710878639696,29.5083861625772],[-95.1710448643957,29.5080161625049],[-95.1710018633952,29.5078311626019],[-95.1709758640873,29.5076801624123],[-95.1709188638949,29.5075261624645],[-95.1708498642121,29.5073971621745],[-95.1707548638688,29.5072801622123],[-95.1706158634707,29.5071451623073],[-95.1704808635296,29.5070351626506],[-95.1703248633557,29.5069371628777],[-95.1701738639749,29.5068801629178],[-95.169875863864,29.5067971626655],[-95.1693898637763,29.5067111622382],[-95.1690218637783,29.5066431628393],[-95.1686358636299,29.5065411626093],[-95.1681978629094,29.5063861627387],[-95.1677298631473,29.5061601621587],[-95.1675348627328,29.5060501622964],[-95.1673698631726,29.5059301621234],[-95.167291862438,29.5058391620485],[-95.1672318633058,29.5057491620581],[-95.1672058628212,29.505579162028],[-95.1672008627445,29.5054201623688],[-95.167205862965,29.5052361619491],[-95.1672528631347,29.5050281624135],[-95.1672968626267,29.5049041618964],[-95.1673358623484,29.5048581619319],[-95.1673958623937,29.5048131623064],[-95.167527862946,29.5047321619789],[-95.1676578628167,29.504620162549],[-95.1677058629134,29.504560162187],[-95.1677268623874,29.5044961619756],[-95.1677318633178,29.5044131618789],[-95.167683862831,29.5043491619868],[-95.16763086287,29.5043121623609],[-95.16760986299,29.5042971618686],[-95.1675238629348,29.5042481623577],[-95.1673638628197,29.5041871616453],[-95.1672298624598,29.5041231616703],[-95.1671348632183,29.5040561616326],[-95.1671008628155,29.5040261623985],[-95.1670748621944,29.5039881620111],[-95.1670548631508,29.5039331621104],[-95.1670448627299,29.5038831623392],[-95.1670398625627,29.5037791622047],[-95.1670488626682,29.5036721619485],[-95.1670738622755,29.5035581618474],[-95.167142862984,29.5033641615166],[-95.1672208623551,29.5031421615429],[-95.1672398628054,29.5030401614391],[-95.1672468629527,29.5029351621265],[-95.1672468631831,29.5028391622174],[-95.1672378625115,29.5027361613648],[-95.1672158627975,29.5026201615351],[-95.167177862551,29.5025371613694],[-95.1671348630691,29.5024771612901],[-95.1670878628151,29.5024321615735],[-95.1670228624739,29.5023681613211],[-95.1669278627174,29.5023111619621],[-95.166732862255,29.5022291619079],[-95.1666338629317,29.5021841619186],[-95.1665258627947,29.5021541614336],[-95.1663868624672,29.5021241617473],[-95.1662148628483,29.5021131620464],[-95.1659688621412,29.5021131618751],[-95.1657268625349,29.5021281618668],[-95.1655268625366,29.502163161301],[-95.1651188619115,29.5022691616014],[-95.1649118616297,29.5023061620234],[-95.1646498624588,29.5023351614407],[-95.1643708615386,29.5023271615359],[-95.1642748622903,29.5023661613602],[-95.1640728622805,29.502340161336],[-95.1638488618529,29.5022601620514],[-95.1636238614543,29.5021581619746],[-95.1634548612781,29.5020521620028],[-95.1632968612025,29.501927161858],[-95.1631388613159,29.501746161565],[-95.1630098615749,29.5015241618552],[-95.1629468610223,29.5013031613812],[-95.1629418618526,29.5010281611379],[-95.1629618615746,29.5007501619122],[-95.1629798614132,29.5006631611012],[-95.1630208611204,29.5004631614012],[-95.1630478984493,29.5003825832915],[-95.1630908815257,29.500254483261],[-95.1631728610223,29.5000101611506],[-95.1635038616374,29.4996171611019],[-95.1639208620171,29.499201160736],[-95.1642068618801,29.4989751615088],[-95.1642998618999,29.4988611608289],[-95.1643518612541,29.4987191609981],[-95.1643518616184,29.4986041611537],[-95.1643038615649,29.4984241606156],[-95.1640108612686,29.4980951610966],[-95.1637118618992,29.4979531608259],[-95.162522860733,29.4975021609769],[-95.161913860594,29.4973951607932],[-95.1614418614038,29.4973991612405],[-95.1613958607047,29.4973731607662],[-95.1612528609086,29.4973921605867],[-95.1612038606957,29.4973921604682],[-95.1611128610511,29.4974081607475],[-95.1610368610823,29.4974261608806],[-95.1609958604402,29.4974371605929],[-95.1608408608624,29.4974801612956],[-95.160750800262,29.4975105361127],[-95.1606718603853,29.4975371606526],[-95.160447861207,29.4976321609122],[-95.1602648609469,29.4977541608865],[-95.1601598609229,29.4978051605913],[-95.1600848611394,29.4978631611084],[-95.1599728605871,29.4979311609976],[-95.1598078605585,29.4980301612064],[-95.1595918608183,29.4981521608417],[-95.1593778599795,29.4982291609763],[-95.1591598608838,29.4982961613779],[-95.1589948607603,29.4983181610998],[-95.1587788599095,29.4983401608053],[-95.1585398603274,29.4983401610645],[-95.1583088600779,29.4982961611721],[-95.1580418598384,29.4982401608072],[-95.1578128599476,29.4981961606775],[-95.1575848596996,29.4981631612276],[-95.1572928594399,29.4981521607096],[-95.1571908596052,29.4981611615071],[-95.1566248593165,29.4982241611722],[-95.1562288600835,29.498415161589],[-95.1555318595388,29.4989041616367],[-95.1552968595143,29.4991071611045],[-95.1550818596944,29.4992741614301],[-95.1548628597047,29.4994331614831],[-95.1545948595815,29.4996131617722],[-95.1543388591756,29.4997501618552],[-95.1540068591275,29.4999071618528],[-95.1537088587513,29.500055161206],[-95.1535998590994,29.5001061617562],[-95.1533498592165,29.5001981613891],[-95.1530278590382,29.5003041619306],[-95.1527538584021,29.5003781615585],[-95.1525128583571,29.5004231620044],[-95.1522878584225,29.5004541620108],[-95.1520258587243,29.5004651614633],[-95.1517828589868,29.5004541615644],[-95.1515448583349,29.5003911616928],[-95.1514118588289,29.5003271615698],[-95.1512598583378,29.5002271620482],[-95.1511318581208,29.5001161616906],[-95.1509678581638,29.4999461615616],[-95.150869857977,29.4997931620124],[-95.1508078580266,29.4996181613149],[-95.1507848585827,29.4995071614392],[-95.1507538580762,29.499337161205],[-95.1507288583492,29.4991421616588],[-95.1506988582964,29.4989991615851],[-95.1506378582874,29.4988511618399],[-95.1504948579939,29.498695161294],[-95.1504008576668,29.4986241611495],[-95.1502308586129,29.4985501618465],[-95.1500918580525,29.4984971610975],[-95.1499208575667,29.4984541610029],[-95.1497898581395,29.4984551616825],[-95.1496848577605,29.4984651617909],[-95.1494418581125,29.4985071613769],[-95.1491618574813,29.4985811612819],[-95.1489308582288,29.4986821619303],[-95.1487548576684,29.4988091618938],[-95.148615857569,29.4989411613697],[-95.1484638577963,29.4991371613371],[-95.1482148575261,29.4994751619547],[-95.1480718578112,29.4997181613212],[-95.1479508576538,29.4999401613934],[-95.1478528578468,29.5001681615626],[-95.1477988578356,29.5003371623217],[-95.1477438576909,29.5005221621461],[-95.1476888573542,29.5007451616631],[-95.1476408572542,29.5009831621787],[-95.1476038580633,29.5011731622216],[-95.1475608576923,29.5013431624545],[-95.1475248578407,29.5014641621882],[-95.1474638571726,29.5016021618347],[-95.1474088580019,29.5017031625926],[-95.1473428571676,29.5017931618],[-95.1472508579566,29.5018831625918],[-95.14710085786,29.5019911627109],[-95.146946857043,29.5020781624647],[-95.1467528569471,29.5021681624623],[-95.1466068570713,29.502221161898],[-95.1464428568206,29.5022681622846],[-95.1462718570483,29.5023001623025],[-95.1460478575037,29.5023261622735],[-95.1458048571178,29.5023471623039],[-95.1455978574578,29.5023791623484],[-95.1453848565571,29.5024321627417],[-95.1451848573286,29.5025221626258],[-95.1449598574115,29.502665162679],[-95.1447648566952,29.5028341629067],[-95.1446438571808,29.5029611626415],[-95.1445588567598,29.5030831630155],[-95.144502857042,29.5031821630246],[-95.144461857338,29.5032891628359],[-95.1443938566234,29.5034831625904],[-95.1443388564548,29.5036161629101],[-95.1442598563252,29.5037851624085],[-95.1441508564649,29.5039701629381],[-95.1439808565483,29.5042611625966],[-95.1438038570398,29.5045621632834],[-95.1435608568141,29.5049431629219],[-95.1433608566206,29.505228162963],[-95.1431908570015,29.5054481626972],[-95.1430358561057,29.5055931634567],[-95.142757856064,29.505811163464],[-95.1425288565846,29.5059631631676],[-95.1423058560858,29.5061071637035],[-95.1420658566219,29.5062141630308],[-95.1418238562665,29.5063161632723],[-95.1415568563538,29.5063961637715],[-95.1412878559932,29.5064421633309],[-95.1409888559308,29.5064611634139],[-95.1407218559906,29.5064651636706],[-95.1403618563125,29.5064561634501],[-95.1399918556639,29.5064321635378],[-95.1396588552928,29.5064131638292],[-95.1394174393883,29.5064101230111],[-95.1392618554192,29.5064081637241],[-95.1388928553414,29.5064181630398],[-95.1384998558213,29.5064281630683],[-95.1382438556377,29.5064281636149],[-95.1379608552628,29.5064141631532],[-95.1375688551734,29.5063661631874],[-95.1371658551737,29.5063091639082],[-95.136764854903,29.50625016377],[-95.1362438549384,29.5062021630507],[-95.1357968544338,29.5061881634808],[-95.1353448550649,29.5061931631166],[-95.1349308543035,29.5062211633867],[-95.1345658546185,29.5062401633409],[-95.1342038540727,29.5062381637186],[-95.1338498538581,29.5062141635828],[-95.1335398545934,29.5061721638101],[-95.1333158536893,29.5061151636636],[-95.1331308545087,29.5060481639108],[-95.1329728537035,29.5059721634508],[-95.1327718536108,29.5058591639524],[-95.1324768536087,29.5056741636877],[-95.1322488541699,29.5055041631771],[-95.1320418542475,29.5053621630913],[-95.1318948537944,29.505272163359],[-95.1317368535077,29.5051861630803],[-95.1315898531326,29.5051151638299],[-95.1313558537167,29.5050341638486],[-95.1310558539139,29.5049681637126],[-95.1307708535565,29.5049241636868],[-95.1305198536714,29.5049091634832],[-95.1302418530305,29.5049281633618],[-95.1299748527,29.5049801636997],[-95.129746852787,29.5050561630883],[-95.1295608526412,29.5051511632213],[-95.1293378534722,29.5052891635432],[-95.1291528534524,29.5054361634264],[-95.1290218530938,29.5055971638461],[-95.1289638525804,29.5057161632385],[-95.128896852601,29.5059101632309],[-95.1288668534584,29.5061011633823],[-95.1288668529604,29.5063111639028],[-95.1288748534853,29.5064511633726],[-95.1288988527176,29.5068421634411],[-95.1289038526279,29.507167164223],[-95.1289038533082,29.5074611640197],[-95.128870853056,29.5077191637805],[-95.1288188533696,29.5079401643183],[-95.1286908526938,29.5082201638671],[-95.1285818526691,29.5084401641452],[-95.1284128532028,29.5086561639328],[-95.1282618527037,29.508838164379],[-95.1280038530426,29.5090621642056],[-95.127773853136,29.5092331645],[-95.1274008530158,29.509446164907],[-95.1271438531565,29.5095721645009],[-95.1269548530773,29.5096531642441],[-95.1266418528437,29.5097651647599],[-95.1262718526744,29.5098971648316],[-95.1259188522572,29.5100091644198],[-95.1254358522534,29.5101571647636],[-95.1250668521978,29.510254164441],[-95.1246648515393,29.5103381649544],[-95.1242318522023,29.5104291647059],[-95.1239018514175,29.5104921648902],[-95.1236208513535,29.5105341648583],[-95.1233078512482,29.5105551645146],[-95.1229538513284,29.5105551652736],[-95.1226888516984,29.5105341645485],[-95.1223668510206,29.5104921647427],[-95.1220378509049,29.5104151651174],[-95.1216398508633,29.5102721650858],[-95.1213418516391,29.5101181648722],[-95.1211138509999,29.5099611651767],[-95.1209528506797,29.509814165185],[-95.120783851255,29.5095901646577],[-95.1205748507964,29.509283164619],[-95.1203988504756,29.5089891643446],[-95.1193708505364,29.5073101644329],[-95.1192588509558,29.5071631639177],[-95.1192018502012,29.5071071639092],[-95.1191138508611,29.5070441645373],[-95.1190018506419,29.5069881643842],[-95.1188408500696,29.5069531645246],[-95.1187778499075,29.5069441641767],[-95.1186798499259,29.5069461643273],[-95.1184958502352,29.5069881644449],[-95.1183108499526,29.5070511647055],[-95.1181338501876,29.5071421640247],[-95.117980849701,29.5072331641623],[-95.117820850032,29.5073451645151],[-95.1176758503985,29.5074771646499],[-95.117523850092,29.5076661643842],[-95.1174048496821,29.5077941645393],[-95.1173188498144,29.5079001645924],[-95.1172398497626,29.5079751641153],[-95.1172028498798,29.5080221642697],[-95.1170928502604,29.5081161640863],[-95.1170848340458,29.5081227445062],[-95.1170258495841,29.5081711642484],[-95.1168548499528,29.5082561648324],[-95.1166898497766,29.5083471642868],[-95.1164818501483,29.5084641646547],[-95.1162678500646,29.5085441648677],[-95.1160598497295,29.5086021649103],[-95.1158888494088,29.5086611649865],[-95.1156938491436,29.5087671650566],[-95.1155038492019,29.5089001644107],[-95.1151868494501,29.5092241648113],[-95.1149418494519,29.5095331650122],[-95.1146978499394,29.5098571647479],[-95.1144288496853,29.5101391646412],[-95.1141778489758,29.5103621649452],[-95.113902849132,29.5105481651352],[-95.1135788496087,29.5107021653589],[-95.1131208486465,29.5108301650305],[-95.1127538494842,29.5108891649168],[-95.1123818484665,29.5109311651289],[-95.1119778487792,29.5109051655727],[-95.1116298486901,29.5108511654799],[-95.111305848126,29.5107501649889],[-95.1109998484706,29.5106391655127],[-95.1106768481383,29.5104841653651],[-95.1103888487231,29.5102981648206],[-95.1100648482561,29.5101021656055],[-95.109747847752,29.509942164767],[-95.109362847846,29.5097831646919],[-95.1089288475587,29.5096551649863],[-95.1085128482047,29.5095911655666],[-95.1082748475632,29.5095801649484],[-95.1080548477475,29.5096021649228],[-95.1077428471945,29.5096821651836],[-95.1074188475186,29.5097831652556],[-95.1070528479864,29.509926164833],[-95.1067788471321,29.5100311655705],[-95.106345847164,29.510156165435],[-95.106120847478,29.51021916563],[-95.1059128467397,29.5102681655885],[-95.1057038470053,29.5103101657041],[-95.1055118474214,29.5103381657169],[-95.1052068473246,29.510408165372],[-95.1049838471541,29.5104671657332],[-95.1047418467764,29.5105261653884],[-95.1045258470818,29.5106101658751],[-95.1043488467678,29.5107011654548],[-95.1042048470032,29.5108191658117],[-95.104068846689,29.5109591653955],[-95.1039678463009,29.5111281651823],[-95.103875846526,29.5113201657685],[-95.1038238463547,29.5115761654031],[-95.1038238469305,29.5118201661719],[-95.1038718463871,29.5120781654235],[-95.1039678472564,29.512364166293],[-95.1041358465952,29.5128111661109],[-95.104263847048,29.5131321660638],[-95.1044008471903,29.513439165935],[-95.1045368465031,29.5136971657064],[-95.1046808474109,29.5139641663649],[-95.1048888469954,29.5142851660136],[-95.1051778470084,29.5146751666176],[-95.105465846924,29.5150241662265],[-95.1057548474142,29.5153591667991],[-95.1059868475004,29.5156791664912],[-95.1061148470836,29.5158881664071],[-95.1061788473413,29.5160701664029],[-95.1062108474177,29.5162301667328],[-95.1062208479212,29.5163881665693],[-95.106194847423,29.5165721668876],[-95.1061468480325,29.516725166552],[-95.1060908479487,29.516857166345],[-95.105996847492,29.5169991669211],[-95.1058348472901,29.5171291672109],[-95.1055538475599,29.5172761671967],[-95.1052498476345,29.5173871668084],[-95.104865846786,29.5174911670213],[-95.1045618473534,29.5175681671118],[-95.1042008474743,29.5176651666179],[-95.1038328470857,29.5177911671339],[-95.1035598466616,29.5179091667194],[-95.1033278466243,29.5180631670566],[-95.1031758464943,29.5182231673623],[-95.1030628469546,29.5183971674556],[-95.1030068470765,29.5186071667638],[-95.102998847152,29.5188231669973],[-95.1030548470645,29.5190531674712],[-95.1031428471474,29.5192691669543],[-95.1032558473914,29.5194991670426],[-95.1033518471796,29.5197081673435],[-95.1034078468388,29.51993216767],[-95.1034318473869,29.5200921674448],[-95.1034318469473,29.520273167802],[-95.1033918471531,29.520448167694],[-95.1033198474383,29.5206431675951],[-95.103178847409,29.5208621678558],[-95.1030508468869,29.5210091679467],[-95.1028588473586,29.5211481675889],[-95.1027998468009,29.521182167901],[-95.1027158471693,29.5212301673472],[-95.1026338469605,29.5212801678343],[-95.1025468471058,29.5213361677557],[-95.1024698472277,29.5213921676056],[-95.1022868467896,29.5214561681388],[-95.1020858471982,29.5214871676459],[-95.1020669494531,29.5214871672639],[-95.1020637413216,29.5214871676003],[-95.1018748462876,29.5214871678375],[-95.1018727548757,29.5214867385096],[-95.1016458466933,29.5214401673662],[-95.1013248462698,29.521312167383],[-95.1010778464425,29.5211611680974],[-95.1007938463964,29.5209131679855],[-95.1005558460799,29.520650167836],[-95.100270846274,29.5203401673836],[-95.1000878465893,29.520084167789],[-95.0999688458372,29.5198851675132],[-95.0998128462819,29.5195741675723],[-95.0996668461561,29.519255167089],[-95.0996298459514,29.5191601678154],[-95.0995388463669,29.5190081670987],[-95.0994468454733,29.5188491675735],[-95.0994101040859,29.5187833529406],[-95.0993318457545,29.5186431675928],[-95.0993308957969,29.5186016974399],[-95.0988314689,29.5181769225794],[-95.0987710284487,29.5181892880425],[-95.0982718063437,29.5182914169432],[-95.0982632997756,29.5182931574709],[-95.0980967191363,29.5183272355865],[-95.0975860459802,29.518949952204],[-95.0975601234562,29.5196291710785],[-95.0973858659058,29.5203887630485],[-95.0967785296055,29.5210063018221],[-95.095927545295,29.5216637787932],[-95.0949263906811,29.5223634319891],[-95.0948772436084,29.5223977772452],[-95.0943643707283,29.5231474726101],[-95.0939905905816,29.5239882863926],[-95.0937613736296,29.5249180259347],[-95.0936306002431,29.525805938593],[-95.0937884638677,29.5263322660033],[-95.0938883241204,29.5266652040964],[-95.0944003880524,29.5272754392233],[-95.0949559810171,29.5280139991654],[-95.0954507475582,29.5288383960827],[-95.0957661109051,29.529494347454],[-95.0960928119907,29.5301608945494],[-95.0963210144247,29.530947753018],[-95.096625036344,29.531901076556],[-95.0967891563679,29.5325218107838],[-95.0968928874635,29.5333033143817],[-95.0969604760227,29.5340699661634],[-95.0967426582011,29.5347012288956],[-95.0964377785237,29.5350758432981],[-95.0963040073717,29.5351546819002],[-95.0959385486551,29.5348510526124],[-95.0959457229303,29.5348461740302],[-95.0948997735504,29.5337325951422],[-95.0948990097093,29.5337317819895],[-95.0943325856848,29.533128719486],[-95.0942947712012,29.5330884590907],[-95.0920391760952,29.5306868671138],[-95.0919994350961,29.5306445527131],[-95.0917569705407,29.5303863848951],[-95.0887426527493,29.5278164632245],[-95.0865645097433,29.5259593161333],[-95.0854939588487,29.5250464969532],[-95.0853572790883,29.5249349332861],[-95.085217604103,29.5248216151994],[-95.0851960422176,29.5248044202502],[-95.0850536879244,29.5246929067294],[-95.0848983174218,29.52457540459],[-95.0847406260883,29.5244602925751],[-95.0845806611388,29.5243476045603],[-95.0844184738772,29.5242373754437],[-95.0842541105202,29.5241296381691],[-95.0840876234706,29.5240244258615],[-95.0838666577284,29.5238906274862],[-95.0837435261661,29.5238207318113],[-95.0836190186635,29.5237527258687],[-95.0834931736029,29.5236866315435],[-95.0834241493021,29.5236517990364],[-95.0833660284393,29.5236224679854],[-95.0832376216579,29.5235602543744],[-95.0831079948373,29.5235000099812],[-95.0829771844346,29.5234417530239],[-95.0828452320622,29.5233855018716],[-95.0827121773388,29.5233312730298],[-95.0826042098489,29.5232892591531],[-95.0825780608797,29.5232790839358],[-95.0824429234033,29.523228949322],[-95.0823068066244,29.5231808848528],[-95.0821697512954,29.523134904359],[-95.0820318001271,29.5230910244373],[-95.0818639524186,29.5230408151878],[-95.0817077548579,29.5229964190406],[-95.0817035911669,29.5229953057251],[-95.0815506957353,29.5229544142208],[-95.0813928220902,29.5229148120355],[-95.0812341829202,29.5228776265578],[-95.081074825333,29.5228428672913],[-95.0809147984297,29.5228105456043],[-95.0807541513451,29.5227806719632],[-95.0805929333179,29.5227532541297],[-95.0804311914897,29.5227283007064],[-95.0802689771263,29.5227058204176],[-95.0800561013293,29.5226801515919],[-95.0799627358986,29.5226817956978],[-95.0798693518164,29.5226820145871],[-95.0797759780258,29.5226808073031],[-95.0796826423351,29.5226781755639],[-95.0795893736528,29.5226741193147],[-95.0794961997871,29.5226686402738],[-95.0794031496119,29.5226617392883],[-95.079310251932,29.5226534190086],[-95.0792175334899,29.522643682025],[-95.0791250240867,29.5226325319204],[-95.0790327504994,29.5226199703832],[-95.07894074246,29.5226060027999],[-95.0788490266763,29.5225906326629],[-95.078757631849,29.5225738653284],[-95.0786665856821,29.522555705221],[-95.0785759158454,29.5225361576669],[-95.0784856499389,29.5225152297961],[-95.0783302134765,29.5224756972432],[-95.076956091197,29.5219169866208],[-95.0763858412448,29.5228740746113],[-95.0763492390263,29.5229358941228],[-95.0757152775468,29.522903394229],[-95.0738568726076,29.5232379417953],[-95.0711735620955,29.5237209377899],[-95.0709989283297,29.5237503150265],[-95.0686605115216,29.5241436613429],[-95.0681668848106,29.524190358308],[-95.0671479764482,29.5242867417169],[-95.0658815052571,29.5244065319644],[-95.0656298063337,29.5244303380084],[-95.0644978678956,29.5245373912668],[-95.0637516756263,29.524607956519],[-95.0633495454139,29.5246459837868],[-95.0613373912497,29.5248204737686],[-95.0611532383902,29.524836441982],[-95.0597817183156,29.5249553571322],[-95.0582260070789,29.5250902258993],[-95.0574751912679,29.5251578899682],[-95.0546278565839,29.5254321931089],[-95.0544371139434,29.5239475084385],[-95.0543042864384,29.5231461754493],[-95.0541658571529,29.5223308224348],[-95.0538311909643,29.5203595795189],[-95.0536599514631,29.5197780997947],[-95.0534428598121,29.5190409071926],[-95.0532110841733,29.5182538413735],[-95.0530643605488,29.5177555902321],[-95.0529835411327,29.5174720386407],[-95.052760094411,29.5166853357972],[-95.0525758187721,29.5160344083519],[-95.0525689192425,29.5160100366435],[-95.0525329774157,29.5158830770551],[-95.0523065776147,29.5151132105614],[-95.0522103307104,29.51475918141],[-95.0521975375466,29.5147302425694],[-95.0502758641301,29.5151447442176],[-95.0501814189773,29.5147243431118],[-95.050070502336,29.5141992006124],[-95.0501050839084,29.5141877043569],[-95.0501463584242,29.514173256916],[-95.0501873382514,29.5141581814328],[-95.0502280107739,29.5141424838546],[-95.0502683645458,29.5141261665518],[-95.0503083858852,29.5141092363428],[-95.0503480632766,29.5140916974016],[-95.0503873851349,29.5140735557058],[-95.050426338879,29.5140548163006],[-95.0504649129237,29.5140354851638],[-95.0505030946531,29.5140155682424],[-95.0505408735131,29.5139950715446],[-95.050578237919,29.5139740010479],[-95.0506151762509,29.5139523636318],[-95.0506516769238,29.5139301652739],[-95.0506877293493,29.5139074128841],[-95.050766083008,29.5138476849235],[-95.0508110818992,29.5138134983616],[-95.0508553917884,29.5137786305775],[-95.0508989988896,29.5137430910953],[-95.0509418903435,29.5137068921749],[-95.0509840523642,29.5136700433405],[-95.0510254731235,29.5136325568825],[-95.0510661398319,29.5135944432573],[-95.0511060396303,29.5135557147249],[-95.0511451606906,29.5135163835756],[-95.0511834912195,29.5134764611981],[-95.0512210194241,29.5134359589811],[-95.0512577334068,29.5133948910185],[-95.0512936224402,29.5133532678276],[-95.0513286746272,29.5133111035024],[-95.0513572350113,29.513278470538],[-95.0513822526531,29.5132509799792],[-95.0514078137587,29.5132238756195],[-95.0514339128597,29.5131971654225],[-95.051460540329,29.5131708581313],[-95.0514876886712,29.5131449607467],[-95.0515153492904,29.5131194820423],[-95.0515435146562,29.5130944299207],[-95.0515721752114,29.5130698113215],[-95.0516013234607,29.5130456332455],[-95.0516050714923,29.513042631113],[-95.0516103787908,29.513038380428],[-95.0516309487462,29.5130219044055],[-95.0516610425418,29.5129986317715],[-95.0516915973869,29.5129758214427],[-95.0517226016278,29.5129534811996],[-95.0517540477692,29.5129316180429],[-95.051785924227,29.5129102379498],[-95.0518182235408,29.512889347019],[-95.0518509340569,29.5128689530312],[-95.0518840462879,29.5128490611228],[-95.0519175506768,29.5128296782334],[-95.0519989602219,29.5127825616905],[-95.0520397699878,29.5127575931686],[-95.0520800762376,29.5127320048858],[-95.0521198641545,29.5127058063355],[-95.0521591242159,29.5126790035566],[-95.0521819034256,29.5126628852159],[-95.0521978436668,29.5126516061036],[-95.052236009857,29.5126236208256],[-95.0522736130898,29.5125950582704],[-95.0523106396842,29.5125659252567],[-95.0523470789473,29.5125362314],[-95.0523829212175,29.5125059863462],[-95.0525664744117,29.512313345923],[-95.0525831673245,29.5122937426092],[-95.052597436882,29.5122776391986],[-95.0526120272002,29.5122617556124],[-95.0526269308534,29.512246097048],[-95.0526421455708,29.5122306688551],[-95.0526576650274,29.5122154744579],[-95.0526734858866,29.5122005200774],[-95.0526896028543,29.5121858091683],[-95.0527060105669,29.512171346989],[-95.0527227037303,29.5121571369941],[-95.0527396790776,29.5121431836011],[-95.0527569291833,29.5121294920074],[-95.0527744508153,29.5121160657286],[-95.0527922365829,29.5121029090604],[-95.0528102832539,29.5120900255183],[-95.052828583403,29.5120774202999],[-95.0528471328366,29.5120650950867],[-95.0528659240945,29.5120530559779],[-95.0528849539795,29.5120413055874],[-95.0529042151705,29.5120298464073],[-95.052923702304,29.5120186836959],[-95.0529434090551,29.5120078208776],[-95.0529633291685,29.511997259573],[-95.0529834573156,29.5119870041387],[-95.0530037861753,29.5119770570668],[-95.0530243114499,29.5119674227444],[-95.0533845520973,29.5117548749168],[-95.0523370097341,29.5105654864757],[-95.0522704048053,29.5104898605665],[-95.0522626923073,29.5104811049054],[-95.0518254965312,29.5099846965336],[-95.0450773262177,29.5023217869957],[-95.0454870227033,29.502020527693],[-95.045948521438,29.501669676814],[-95.046071243295,29.5015811594845],[-95.0460833162294,29.5015724507229],[-95.0464521642348,29.5013064027428],[-95.0469764392365,29.500948293602],[-95.0473764783441,29.5007049721178],[-95.0474796466876,29.5006414083068],[-95.0474793143116,29.500641142983],[-95.0474394732422,29.4997902647553],[-95.0474236445183,29.4993975716725],[-95.0474234407941,29.4993925090426],[-95.047330424357,29.4970847654415],[-95.0473210975777,29.4966577429931],[-95.0473075926553,29.4959780626495],[-95.0472843883303,29.4948103081412],[-95.0472774825986,29.494462730791],[-95.0472750214315,29.4943388879691],[-95.0472406829227,29.4926106799676],[-95.0472398301832,29.492561532214],[-95.0472400336262,29.4925615283011],[-95.0472367520713,29.4923963542147],[-95.0472372931293,29.4923963458437],[-95.0472418635606,29.4923926080046],[-95.047259908746,29.4923751524908],[-95.0489989747681,29.490881624934],[-95.0499548915455,29.4900606452265],[-95.051063909179,29.4891081517188],[-95.0521208709197,29.4884390600657],[-95.0528380046603,29.4879850808973],[-95.0541079099264,29.4871811514119],[-95.0561299110502,29.4855571508254],[-95.0563785424599,29.4853587933792],[-95.0568480647109,29.4858640569984],[-95.0576081114763,29.4866819460615],[-95.0579495150289,29.4870493255221],[-95.0581688423218,29.4872853390146],[-95.0583308252887,29.4874596448898],[-95.0590049537925,29.4881850479323],[-95.0590312826002,29.4882133789031],[-95.0597657473895,29.4890222283216],[-95.0604957790072,29.4898261802538],[-95.0611965595925,29.4906446916977],[-95.0614280246624,29.4909680690329],[-95.061757175221,29.4915327674497],[-95.0622131080109,29.4925700247969],[-95.0630220410035,29.4948862428846],[-95.0631320865502,29.4952157579554],[-95.0631351742832,29.4952250042215],[-95.0652953489462,29.4946699747037],[-95.0654539710251,29.4946321386198],[-95.0656133231042,29.4945967298056],[-95.0657733583578,29.4945637586159],[-95.0659340258026,29.4945332361863],[-95.0660952786482,29.4945051719704],[-95.0662570660849,29.4944795725954],[-95.0664193392264,29.4944564483562],[-95.0665820493945,29.4944358041378],[-95.0667451467765,29.4944176474998],[-95.0669085806326,29.4944019832669],[-95.0670723022506,29.4943888172262],[-95.0672362619914,29.4943781524293],[-95.0674004091851,29.4943699918981],[-95.0675646941581,29.4943643395864],[-95.0677290673755,29.4943611958413],[-95.0680411156745,29.4943621317445],[-95.0706545235421,29.4944921210143],[-95.0723911637494,29.4945784721556],[-95.0724212485647,29.4945799675801],[-95.0739249017998,29.4946547146856],[-95.074549320905,29.4946833450392],[-95.0755104883331,29.4947461360135],[-95.0755505670351,29.4947508213073],[-95.0755907342794,29.4947548934814],[-95.0756309766302,29.494758353044],[-95.0756712818211,29.4947611969265],[-95.0757116374819,29.4947634247654],[-95.0757520312426,29.4947650361977],[-95.0757924507328,29.4947660308598],[-95.0758328846131,29.494766408419],[-95.0758733195171,29.4947661675799],[-95.0759137429708,29.4947653106845],[-95.0759541437041,29.4947638355965],[-95.0759945092428,29.4947617446578],[-95.076034826186,29.4947590374752],[-95.0760750831597,29.4947557146174],[-95.0761152687206,29.494751778457],[-95.076155368437,29.4947472285701],[-95.0761953718965,29.4947420673597],[-95.0762352655945,29.4947362971376],[-95.0762750381913,29.4947299175709],[-95.0763146782093,29.4947229319342],[-95.0763541721785,29.4947153416374],[-95.0763935086209,29.4947071499551],[-95.0764120889039,29.4947029801864],[-95.0768610204404,29.4946284583846],[-95.0770369169485,29.4945851519465],[-95.0773509163299,29.4945011521247],[-95.0773629163322,29.4944981522901],[-95.0773792016631,29.4944950001846],[-95.0774869162254,29.4944741521133],[-95.0783409165097,29.4941331519303],[-95.0792269171773,29.4937271523025],[-95.0800599171694,29.4933101517066],[-95.0809459179167,29.4927981518411],[-95.0812262235978,29.4926537798695],[-95.0812140827441,29.4926406962072],[-95.0812139449608,29.492640548622],[-95.0812082198686,29.4926343798418],[-95.0810172374325,29.4924285802721],[-95.0812336859399,29.4922784860014],[-95.0812383323215,29.4922752638579],[-95.0818586002184,29.4918451399024],[-95.0823150172293,29.4915050247801],[-95.0823265897331,29.4914970619477],[-95.082338318463,29.4914892770314],[-95.082350201254,29.4914816726761],[-95.0823622338792,29.4914742514663],[-95.0823744132121,29.4914670142129],[-95.0823867349914,29.4914599644023],[-95.082399195025,29.4914531037169],[-95.0824117901171,29.4914464347717],[-95.0824245171409,29.4914399583776],[-95.0824373697737,29.4914336779603],[-95.0824503469504,29.4914275943914],[-95.0824634434135,29.4914217102253],[-95.0824766550054,29.4914160262427],[-95.082489978496,29.4914105459599],[-95.0825034087313,29.4914052692261],[-95.0825169425501,29.491400197754],[-95.0825305746606,29.4913953349997],[-95.0825443020051,29.4913906799706],[-95.0825581203224,29.491386236153],[-95.0825720254896,29.4913820034261],[-95.0825860133147,29.4913779834724],[-95.0826000785748,29.4913741779444],[-95.082614217078,29.4913705885249],[-95.0826284257665,29.4913672142213],[-95.0826426993486,29.4913640584897],[-95.0826570337358,29.4913611203074],[-95.0826714247015,29.4913584022588],[-95.0826858671267,29.4913559032911],[-95.0827003578154,29.491353626019],[-95.082714891614,29.4913515702914],[-95.0827294643651,29.4913497368891],[-95.0827408283363,29.4913484838093],[-95.0826546239169,29.4912481847967],[-95.0825748072837,29.4911553197317],[-95.0833703631904,29.4905908610495],[-95.0841649009558,29.4900311455873],[-95.0841238691818,29.4900037422193],[-95.0843329177136,29.4897641505981],[-95.0844909177981,29.4895821508413],[-95.0843279177891,29.489378150869],[-95.0833539175348,29.4881621503587],[-95.0828389176679,29.4875371508546],[-95.0817179170497,29.4861821499811],[-95.0811129168857,29.4855171505365],[-95.0804449168387,29.4848361504687],[-95.0797049169956,29.4840811498797],[-95.0789659160937,29.4833281493997],[-95.0783219158779,29.4826711494363],[-95.0781889281731,29.4823352734398],[-95.0772136938354,29.4813056991074],[-95.0771902121687,29.4812809094759],[-95.0766650259459,29.4807292291283],[-95.0736948541711,29.4777209387189],[-95.0734394764288,29.4774622718734],[-95.0732315163493,29.4770655559675],[-95.0732437139399,29.4767485834717],[-95.0731627893805,29.4763539595998],[-95.0730991391394,29.4761459991752],[-95.0730988367051,29.4761450080384],[-95.073043425786,29.4759639666141],[-95.073032407057,29.4759279658483],[-95.0730036773066,29.4758340949613],[-95.0729758606035,29.4757432102845],[-95.0729216689195,29.4756894454534],[-95.0721333391212,29.4751938230552],[-95.071647449727,29.474902764652],[-95.0715652941723,29.4748535504892],[-95.0712333948231,29.4746547335548],[-95.0711144196132,29.4745769902951],[-95.0712271005042,29.4745109993268],[-95.0728353142291,29.4733645285136],[-95.0730857344709,29.4731860041077],[-95.0737506202681,29.4727120014306],[-95.0744434919203,29.4722180380967],[-95.0760516335785,29.4710715280774],[-95.0775866444427,29.4699771144029],[-95.0776579646301,29.4699262644464],[-95.0775657419293,29.4698287247898],[-95.077559998214,29.4698226500294],[-95.0768328464744,29.4690535725701],[-95.0767248361133,29.4689368842738],[-95.0763967677105,29.4685824543537],[-95.0760163011115,29.4681714108865],[-95.0759508422029,29.468100690193],[-95.0749748578148,29.4670353687026],[-95.07455991405,29.4673424494618],[-95.0737670169694,29.4679098124538],[-95.073372747349,29.4681891727439],[-95.0717569978084,29.4693339843358],[-95.0697835476678,29.470732177622],[-95.0690499565059,29.4712519112213],[-95.0688466132697,29.4707032222951],[-95.0682909584664,29.4684654837609],[-95.0681919434204,29.467412966205],[-95.0680680338519,29.4670131671263],[-95.0677253635336,29.4672576792975],[-95.0656885979892,29.4687109670011],[-95.0655136974776,29.4685221938913],[-95.0654852255352,29.468491462612],[-95.065173621813,29.4681551404609],[-95.0647355879254,29.467678052092],[-95.0645279216079,29.4674518679431],[-95.0644940244175,29.4674149476786],[-95.0639933521036,29.4668717433686],[-95.0636704683794,29.4665341912046],[-95.062923972071,29.4657537701032],[-95.0624796813761,29.4660783477447],[-95.0624605083475,29.466092353924],[-95.0624516659372,29.466098813788],[-95.0624483764924,29.4661012121896],[-95.0621334313007,29.466330268911],[-95.0618463402652,29.4665410354301],[-95.0617687700084,29.466597153067],[-95.0613350126004,29.4669109547318],[-95.0611728952497,29.4670258275317],[-95.060463886274,29.4662554759749],[-95.0597987001293,29.4655475706802],[-95.0591532366515,29.4648606433372],[-95.0585269698779,29.4641941334498],[-95.0581616201567,29.4637992163534],[-95.0590682703208,29.463153140634],[-95.059447028217,29.4628494514883],[-95.0594443972432,29.4628466203191],[-95.0592733347497,29.4626651115738],[-95.059273008684,29.4626647652081],[-95.0588239428276,29.4621882779758],[-95.0587800870002,29.4621417426269],[-95.0572582312998,29.4605124998972],[-95.0570752762104,29.4605181430556],[-95.0562351498512,29.4605317730209],[-95.055383203947,29.460545588575],[-95.0545224283942,29.4605799124531],[-95.0545222218985,29.4605770011155],[-95.0544689744437,29.4598275830795],[-95.0544587544535,29.4596837436261],[-95.0532311833341,29.4597402839099],[-95.0532362138719,29.4598321046944],[-95.0532799779126,29.4606310512848],[-95.053273643526,29.460640605449],[-95.0531164301837,29.4606401911277],[-95.05286841903,29.4606540097354],[-95.0526419798368,29.4606666262992],[-95.052198392397,29.4606913401854],[-95.0517594145857,29.4607136582719],[-95.0510270580443,29.4607699305465],[-95.0504429611185,29.4608000483766],[-95.0500454137955,29.4608306024102],[-95.0498781773094,29.4608434553447],[-95.049850035085,29.4608461197621],[-95.0498499491406,29.4608461280545],[-95.0498196750009,29.4608489948507],[-95.0498194637813,29.4608490147864],[-95.0498194233852,29.4608490190087],[-95.049244639975,29.4609034461534],[-95.0492233754129,29.4608997549283],[-95.049202041572,29.4608963884681],[-95.0491806435348,29.4608933487288],[-95.0491591874487,29.4608906367949],[-95.0491376815921,29.4608882520084],[-95.049116129982,29.4608861971966],[-95.0490945419617,29.4608844708301],[-95.0490729226138,29.4608830748649],[-95.0490671698941,29.4608827918715],[-95.0490512781204,29.4608820094838],[-95.0490296157295,29.4608812739984],[-95.0490079425841,29.4608808704255],[-95.0489862649017,29.4608807980463],[-95.0489645878689,29.4608810561113],[-95.0489429207595,29.4608816448948],[-95.0489212676603,29.4608825654206],[-95.0488996358539,29.4608838160984],[-95.0488780335833,29.460885397172],[-95.0488564650053,29.4608873078616],[-95.0488349383977,29.4608895475093],[-95.048813459978,29.4608921153961],[-95.048792034898,29.4608950116745],[-95.0487706725361,29.4608982339135],[-95.0487493759834,29.4609017822044],[-95.0487281545833,29.4609056550182],[-95.0487070134878,29.4609098525073],[-95.0486859590187,29.4609143712474],[-95.0486649973933,29.4609192105196],[-95.0486441358592,29.4609243696356],[-95.0486233806687,29.4609298469748],[-95.0486027381087,29.4609356400148],[-95.048582213366,29.4609417480061],[-95.0485618148233,29.4609481675857],[-95.0485415466023,29.4609548988753],[-95.0485266541953,29.4609601063402],[-95.0485340134105,29.4600739520171],[-95.0485415842714,29.4591624953202],[-95.0485412664373,29.4591627116212],[-95.0481100050832,29.4594555762233],[-95.0476599689188,29.4589369549613],[-95.0481650886849,29.4585685312591],[-95.0482518671026,29.4584961877061],[-95.0482534276348,29.4584948859744],[-95.0482516249322,29.4584754154423],[-95.0482266700014,29.4582059081627],[-95.0482263554439,29.4582025142192],[-95.0482231562049,29.4581679610911],[-95.0482860629287,29.4578476106571],[-95.0484436833858,29.4575047905218],[-95.0484824706651,29.4570062049635],[-95.0484809390065,29.4570073206698],[-95.0484112012412,29.4570581470813],[-95.0484110345921,29.457058268545],[-95.0476383917527,29.4576213822729],[-95.0457070027511,29.4590289606916],[-95.0457062883657,29.4590294812314],[-95.0456703523593,29.4590556706273],[-95.0456391933657,29.4590245365766],[-95.0450332454592,29.458374864424],[-95.0448015448022,29.4581264425541],[-95.0445301627023,29.4578354720829],[-95.0440530997949,29.4573339077394],[-95.0440441152657,29.4573143368351],[-95.0437573587312,29.4570068762698],[-95.0435294471453,29.4567212897552],[-95.0435252899268,29.4567147530451],[-95.0435399061364,29.456716145647],[-95.0436601546014,29.4567228264],[-95.0436611644099,29.4567228824897],[-95.0438279063003,29.4567321453651],[-95.0442439063678,29.4567801451929],[-95.044643906793,29.4567801459356],[-95.0451399065136,29.4567171456551],[-95.0457159070252,29.4567171455241],[-95.0462759066684,29.4567171450978],[-95.0467079071703,29.4567171451747],[-95.0467988936552,29.4566979916439],[-95.0465912449544,29.4564695885283],[-95.0464788388957,29.4563459467374],[-95.046478269452,29.4563453331253],[-95.0464771145239,29.4563455354798],[-95.046459456376,29.4563486241023],[-95.0464500342422,29.4563502727395],[-95.0463707322174,29.4563641509526],[-95.0463706969052,29.45636415713],[-95.0459079073093,29.4564451458132],[-95.0450759069476,29.4563811454035],[-95.0447508630532,29.4563697834586],[-95.0447334292852,29.4563691742604],[-95.0442972557412,29.4563539256877],[-95.0443839065135,29.45632514511],[-95.0444519062287,29.4563011450971],[-95.0443889061061,29.4560311452092],[-95.0439529058257,29.4558691457421],[-95.0439269066739,29.455868145538],[-95.0437627463018,29.4557039860304],[-95.043458906517,29.4554001453685],[-95.0423871981958,29.454842067508],[-95.0423980536437,29.4548255236819],[-95.0423989996812,29.4548240810285],[-95.0429763572836,29.4539441895126],[-95.0429763770509,29.4539441584997],[-95.0429805029779,29.4539378707527],[-95.0422329545546,29.4535689999836],[-95.0402276418168,29.4525382576537],[-95.0396412436189,29.4522368357525],[-95.0398000345017,29.4521068907559],[-95.0407451036647,29.4513333037501],[-95.0407549352992,29.4513254617194],[-95.0408420493852,29.4512559676927],[-95.0408645566971,29.4512380133765],[-95.0410669711297,29.4510765417609],[-95.0410674287953,29.4510761770465],[-95.041677899582,29.4505891846611],[-95.0421596426438,29.4502048757892],[-95.0429265180237,29.449593095726],[-95.0429350849128,29.4495862615321],[-95.0445894589001,29.4482664322101],[-95.0448348914719,29.4480703376987],[-95.044914807909,29.4480087813139],[-95.0449649461933,29.4479719099141],[-95.0450158117233,29.4479358102681],[-95.0450673906524,29.4479004937017],[-95.0451196650822,29.4478659696149],[-95.0451726200662,29.4478322511068],[-95.045226240867,29.4477993458653],[-95.0452805084865,29.4477672650637],[-95.0453354080829,29.4477360190957],[-95.0453909228236,29.4477056164902],[-95.0454445888864,29.4476773547707],[-95.0454470358411,29.4476760666779],[-95.0455037292726,29.4476473781574],[-95.0455609862158,29.4476195612612],[-95.0456187888429,29.4475926235862],[-95.0456771203566,29.4475665727596],[-95.0457359628941,29.4475414172801],[-95.0457952975975,29.4475171647139],[-95.0458551076696,29.4474938226885],[-95.0459153742525,29.4474713987701],[-95.045976078558,29.4474498987219],[-95.0460372027937,29.4474293292389],[-95.0460987271063,29.4474096969552],[-95.0461606347337,29.4473910085966],[-95.0462229048971,29.4473732680616],[-95.0462855198042,29.4473564820454],[-95.0463484612095,29.4473406689665],[-95.0474352369806,29.4471582546809],[-95.0475325640758,29.4471461110617],[-95.0481639779909,29.4470672469431],[-95.0495005577531,29.4468789155039],[-95.0502462478677,29.4467702169852],[-95.0509621011746,29.4466658667039],[-95.051853238312,29.4465359577814],[-95.0519761508573,29.4465180399133],[-95.0528671225511,29.4463881483012],[-95.0535204150593,29.4462929021176],[-95.0541737052867,29.4461976536096],[-95.0546315578864,29.4461308980348],[-95.0554688396543,29.4460088160333],[-95.0555076252059,29.4460031605818],[-95.0555628881944,29.4459951027313],[-95.0560328961065,29.4459265689327],[-95.0568955687219,29.4458009295471],[-95.0568956268005,29.4458009213308],[-95.0568956683249,29.4458009144313],[-95.0599689209954,29.4453485864928],[-95.0608010217178,29.4452252830795],[-95.0622986373888,29.4450033474843],[-95.063379153858,29.4448432123753],[-95.0641853583551,29.4445897649765],[-95.0666080697694,29.4438280993068],[-95.06761139993,29.4435057384343],[-95.0681349219191,29.4433368761294],[-95.0686136718564,29.4431824533911],[-95.0694125646552,29.4429246683982],[-95.0694152737442,29.4429237947583],[-95.0698899876072,29.4427706120117],[-95.0699030934164,29.4427663834024],[-95.0700606480468,29.4427631405785],[-95.070315628396,29.4427473531452],[-95.0703373214216,29.4427460097347],[-95.0711852406238,29.4426935062133],[-95.0712324664638,29.4426905817668],[-95.0713311572788,29.4428133640282],[-95.0716546746689,29.4432158536864],[-95.0717151690628,29.443291115119],[-95.0722840095505,29.4432539593811]]]},"properties":{"OBJECTID":2,"Id":0,"Commiss_Pr":"4","Area":28448,"Perimeter":334629,"Commiss_":"Honorable Ken Clark","Address":"174 Calder Road Rm.112, League City, TX 77573","Phone_Numb":"(281) 316-8744","GlobalID":"15fd0af9-9a89-4ee1-b1d9-8f8669dd4fc0","Shape__Area":1239198924.4726562,"Shape__Length":334628.5212488275}},{"type":"Feature","id":3,"geometry":{"type":"Polygon","coordinates":[[[-94.6070430465439,29.2986320806649],[-94.6077477289761,29.2989665368526],[-94.635212299805,29.3119971451725],[-94.6371287418962,29.312906067741],[-94.638424476169,29.3134469577602],[-94.672211937708,29.3275446950034],[-94.672813946755,29.3277957688673],[-94.6760430608348,29.3291424358348],[-94.684750090188,29.332773039662],[-94.6930155533999,29.3362187562745],[-94.7005606525122,29.3393635159593],[-94.706014431004,29.341636237239],[-94.7062547758553,29.3417363873079],[-94.7087592376601,29.3427799423622],[-94.7161301235138,29.3458508322051],[-94.7501866809501,29.3432420979399],[-94.7502004952858,29.3432404802292],[-94.7502004943085,29.3383358646525],[-94.7504184945435,29.3351308641389],[-94.7504294946354,29.3349658645686],[-94.7504494941185,29.334683864507],[-94.7505554944469,29.3347068638597],[-94.7506884941734,29.3347228641659],[-94.7506604945179,29.3345898639237],[-94.7506054946536,29.3344788644471],[-94.7505434947911,29.3343808641935],[-94.7504794941243,29.3342668638062],[-94.7504703009981,29.3342367749343],[-94.7505820660929,29.3342187174779],[-94.750679518275,29.3342029732668],[-94.750681078535,29.3342027204886],[-94.7519436599079,29.3343398895953],[-94.7528586793599,29.3341464923332],[-94.7633025399278,29.3163095672816],[-94.7633770561871,29.3161822763315],[-94.7634457135214,29.3160649940022],[-94.7641308261814,29.314894646177],[-94.7663795536764,29.3121618020042],[-94.7664720322939,29.3120494105738],[-94.7665630855025,29.3119387498638],[-94.7665783988901,29.3119201402826],[-94.7666793321355,29.3117974719908],[-94.7666843335651,29.3117913934351],[-94.7667655992844,29.3116926283798],[-94.7669600409256,29.3114556217186],[-94.7667931126371,29.3124934588634],[-94.7692211788502,29.3193226135252],[-94.7692320656114,29.3193532296854],[-94.7718785525826,29.3267956155088],[-94.7718825768964,29.3268069300565],[-94.771912610647,29.3268913835587],[-94.7719918700368,29.3270995016166],[-94.7719987744495,29.3269885348785],[-94.7722015730412,29.3260019694978],[-94.7718714461332,29.3251004344096],[-94.7717606786733,29.3247783892567],[-94.7715328085544,29.3241158707885],[-94.7712984099937,29.323434361667],[-94.7710720866031,29.3227763243934],[-94.770843189584,29.3221107930281],[-94.7706155814951,29.3214490011858],[-94.7703815206243,29.3207684404342],[-94.7701497488118,29.3200945230473],[-94.7699175054506,29.3194192240433],[-94.7698076406801,29.3190997658831],[-94.769805847899,29.3190945534302],[-94.76968374921,29.3187395181602],[-94.7696107994446,29.3185273961004],[-94.7695896436753,29.3184537973469],[-94.7695770985935,29.3184056808416],[-94.7695655141381,29.3183573799087],[-94.7695548928361,29.3183089081722],[-94.7695452391604,29.3182602820266],[-94.769536554572,29.3182115159649],[-94.7695288436181,29.3181626245782],[-94.769522106768,29.3181136214251],[-94.7695163463994,29.3180645237364],[-94.7695143193519,29.3180436781359],[-94.772156681602,29.3173427610109],[-94.7723907429708,29.3180274975285],[-94.7724768943006,29.3182795285319],[-94.7724793414569,29.3182866875841],[-94.7725139639135,29.3183879731612],[-94.7734061913907,29.3181592350939],[-94.7743972255868,29.3179051580866],[-94.7743972025789,29.3179050914456],[-94.7737696421223,29.3160503111159],[-94.7737345490057,29.3159465884346],[-94.7737347698477,29.3159465295197],[-94.7737348801104,29.315946853545],[-94.7761368449191,29.3153095155918],[-94.7773479983012,29.3149966825675],[-94.777436427266,29.3153012925441],[-94.7774367114168,29.3153013972473],[-94.7774434224671,29.3153038696695],[-94.7774434653502,29.3153040290355],[-94.7776484233333,29.3160688699871],[-94.7780514231352,29.3171688701994],[-94.7781984227077,29.3176028703975],[-94.778235423572,29.3176648701794],[-94.7782356698716,29.3176649935467],[-94.7782934231618,29.3176938697468],[-94.7783804234669,29.3177048703751],[-94.778494423693,29.3176828701286],[-94.778610423508,29.3176428695561],[-94.7787204235309,29.3175338695504],[-94.7788034232782,29.3174128695602],[-94.7788024234423,29.317350869765],[-94.7786964231588,29.3171508698221],[-94.778678423029,29.3170638696175],[-94.7786784236137,29.3169978700061],[-94.778692423521,29.3169648694667],[-94.7787364231521,29.316910869604],[-94.7789184236549,29.3168338698179],[-94.7789624230124,29.3167688697883],[-94.7789644237046,29.3166518696958],[-94.7788564228582,29.3162988698147],[-94.7785104234335,29.314462868966],[-94.7784534234706,29.3143348695186],[-94.7782334230118,29.3134788693778],[-94.7782514229283,29.3134568691735],[-94.7790684233545,29.3132698694683],[-94.7790874236928,29.3132748687867],[-94.7790874592156,29.3132750568122],[-94.7793234236338,29.3145078696162],[-94.7793237436759,29.3145080783823],[-94.7793434236115,29.3145208695598],[-94.779779424001,29.3145118694434],[-94.7798144230973,29.314523869434],[-94.7798144270718,29.3145240230535],[-94.7798194230449,29.314713869675],[-94.7798454236874,29.3149848693932],[-94.7801954231804,29.3160868696832],[-94.7802694242045,29.316399869461],[-94.7803064236447,29.3164548692937],[-94.7803066129785,29.316454924943],[-94.7803684232555,29.3164728698228],[-94.7807004242288,29.3164258697016],[-94.7808204243612,29.316505869699],[-94.7810174242028,29.3166148694101],[-94.781089423991,29.3166448694766],[-94.7811474239419,29.3166808698334],[-94.7811474677441,29.3166809569947],[-94.78135942382,29.3171048700621],[-94.7815404237795,29.3174328696929],[-94.7816694236397,29.3175898696058],[-94.7816695192655,29.3175898491543],[-94.7816924239165,29.3175848707551],[-94.7816934703905,29.3175527992965],[-94.7818724657426,29.312065594398],[-94.7888900918824,29.3102395695159],[-94.788890202224,29.3102398926273],[-94.7893027504151,29.3114469038056],[-94.7893494263087,29.3115538688241],[-94.7894754258985,29.3117708681668],[-94.7894754259155,29.3118078682065],[-94.7894757568062,29.3118076628583],[-94.7901784005611,29.3113704044261],[-94.7902014259393,29.3113628687013],[-94.7907874265585,29.3110438680023],[-94.791652426291,29.3106148677417],[-94.7925374270329,29.3102538684453],[-94.7933014266701,29.3099728680791],[-94.7935454269044,29.3098208681808],[-94.7935904271414,29.3097738674716],[-94.793563426592,29.3094978675221],[-94.7936194270363,29.309262867548],[-94.7936624267879,29.3091848676119],[-94.793722427222,29.3091328674374],[-94.7938484264486,29.3090748675943],[-94.7943704272175,29.3089078676202],[-94.7945204268125,29.3088768676644],[-94.7945624266946,29.3088768673826],[-94.7945627227759,29.3088771331421],[-94.7945914269609,29.3089028679781],[-94.7947004273182,29.3092538675615],[-94.794729427436,29.3093158676944],[-94.7947297187673,29.309316048431],[-94.7947714275947,29.3093418681981],[-94.7948254268745,29.3093468681023],[-94.7949504269816,29.309285867895],[-94.7969654272623,29.3087268679128],[-94.7973802891848,29.308650528974],[-94.7973954148646,29.3086477460999],[-94.7973955082959,29.3086480551271],[-94.7977341111245,29.3085857477285],[-94.798166758986,29.3085061330368],[-94.7989067597225,29.308420132957],[-94.7993037597078,29.3084351335177],[-94.7998727592961,29.3083721331471],[-94.8012795691173,29.3084478036407],[-94.8017227601715,29.3084751337239],[-94.8019027595365,29.3084511337197],[-94.8022097598781,29.3083571335259],[-94.8023441811933,29.3083395807584],[-94.8028147599741,29.3082781329462],[-94.8039797601472,29.3082231327269],[-94.8052887610693,29.3082071329717],[-94.8062187612842,29.3082231327075],[-94.8064347612216,29.3082231335236],[-94.8071847619147,29.3082701327461],[-94.8087597622813,29.3083781334732],[-94.809620039076,29.3083875195225],[-94.8092840380849,29.309137523797],[-94.8091107059679,29.3095244181197],[-94.8088883329277,29.3100207707441],[-94.8088595078111,29.3100851119557],[-94.8084540861591,29.3109900316389],[-94.81581609261,29.3114670230649],[-94.8163997480242,29.3115048209396],[-94.8169982179188,29.3115435756333],[-94.8175130480717,29.3115769122917],[-94.8227338823347,29.3119148585873],[-94.822561434326,29.3122067308451],[-94.8225540636325,29.3122192046117],[-94.8225066709844,29.3122994185978],[-94.8225054128724,29.312301547041],[-94.8224211583786,29.312444153027],[-94.8224209371235,29.3124445262153],[-94.8224118212315,29.3124599564638],[-94.822082227034,29.3130178103066],[-94.821778822962,29.3135313355257],[-94.8217337655723,29.3135061337781],[-94.8250822119647,29.3155468583413],[-94.8251082684275,29.3155627341251],[-94.841051502202,29.3252771258786],[-94.8431399346285,29.3265493522119],[-94.8436565661865,29.3268640627391],[-94.846033264854,29.3283117982711],[-94.8476248914352,29.3292812704823],[-94.8476761592964,29.3293124979786],[-94.8491344804396,29.3302007380439],[-94.8492526402272,29.3302727067424],[-94.8534258723715,29.3328143760928],[-94.8534824005297,29.332848815567],[-94.8545805298759,29.3335178625704],[-94.854591099737,29.3335243026057],[-94.8566857500015,29.3348004392319],[-94.8566809818386,29.3348066411121],[-94.8566808567426,29.3348068042601],[-94.8561684057597,29.3354610482854],[-94.8575752334161,29.335342573903],[-94.8818336518598,29.3501234313942],[-94.8818692991083,29.3501437202995],[-94.8913523706251,29.3559208878181],[-94.891352785089,29.3559211407423],[-94.8911398026701,29.3559547380002],[-94.8907807848672,29.3560691401285],[-94.890462784715,29.3562061401994],[-94.8901017844468,29.3563761404521],[-94.8900455390787,29.3564066658419],[-94.8900454867596,29.3564062489108],[-94.8900108743288,29.3561307522823],[-94.8900105960332,29.3561309071302],[-94.8879870293977,29.3572579958245],[-94.8874601087073,29.3574063411527],[-94.8869760343253,29.3575598539912],[-94.8865555324344,29.3577275893365],[-94.8860504781858,29.3580273274156],[-94.8843597150128,29.3588207574361],[-94.8831420197819,29.3594938296292],[-94.8817276397216,29.3602026785627],[-94.8791041962898,29.3613401779128],[-94.8783029624867,29.3616897341565],[-94.8768446109577,29.3624279638134],[-94.8761001810145,29.3628194400867],[-94.8753851769244,29.3631174771469],[-94.8745144852831,29.3634980668346],[-94.8736909581428,29.3638530917927],[-94.8725099380658,29.3643975989312],[-94.8712650732527,29.3650381546947],[-94.8708567940731,29.3651602053667],[-94.8699314992909,29.3656645832065],[-94.8686820545084,29.3662383798742],[-94.8678236087943,29.3666003867063],[-94.8661680910168,29.3674704959767],[-94.8656400402069,29.3679605641014],[-94.8647390061196,29.3693010032036],[-94.8643772489907,29.3704506103921],[-94.8644939304213,29.3715845678256],[-94.8648477443673,29.3724471561288],[-94.8653258448074,29.3730671038072],[-94.8663058625598,29.3738860388476],[-94.8663061876594,29.3738863098468],[-94.8671985588366,29.3742783139702],[-94.8685405474722,29.3746046432797],[-94.8699173802652,29.3748012245095],[-94.8705711375194,29.3751529044793],[-94.8714710371934,29.3754177449275],[-94.8720512365924,29.3756021179347],[-94.872506102959,29.3755613649186],[-94.8730203226897,29.3758877759984],[-94.8736088213797,29.3760262313003],[-94.8744447491966,29.3761047063989],[-94.8755404537151,29.3763602863441],[-94.876668659767,29.3765809053305],[-94.8773027811505,29.3767411854248],[-94.8779198950822,29.3769056826659],[-94.8784575981355,29.3770204478885],[-94.8792285138219,29.3772553529866],[-94.8792285484636,29.3772553630848],[-94.8799441605055,29.377869130882],[-94.8799444514473,29.3778693809288],[-94.8809606257327,29.3782596962741],[-94.8819008621616,29.3783297672567],[-94.8822482671817,29.3780939872767],[-94.8822696563096,29.3780794708495],[-94.8826288578826,29.3778356824681],[-94.8831463693799,29.3773515899148],[-94.8833012215908,29.3772226171824],[-94.8841748217853,29.377155137336],[-94.884174862119,29.3771551340655],[-94.8854055321209,29.37828760156],[-94.886011460832,29.3788451661946],[-94.8867308626428,29.3795071345476],[-94.8874988453646,29.380365183901],[-94.8889442870725,29.3819800917846],[-94.8889547853349,29.382039145617],[-94.8889592940277,29.3820488846504],[-94.8889797857588,29.3820931458511],[-94.8890036425402,29.3821260524249],[-94.8890087852791,29.3821331457258],[-94.8890087861338,29.3821691457014],[-94.88898378564,29.3821941461894],[-94.8889307854588,29.382216145404],[-94.8888637856193,29.3822521457088],[-94.8887887853236,29.3822921457367],[-94.8886977856326,29.3823711460576],[-94.8886567858886,29.3824181458688],[-94.8886277851551,29.3824791458203],[-94.8885657853431,29.382591146103],[-94.8884327852019,29.3830021461931],[-94.8883817851856,29.3832201457518],[-94.8881217853634,29.3840361465703],[-94.8879867853727,29.3843651459904],[-94.8878487854039,29.3848151460534],[-94.8875127856004,29.3857881465523],[-94.8874427849787,29.3859901466453],[-94.8873247852358,29.3862361469558],[-94.8872277857778,29.3863351468672],[-94.8871077852678,29.3864621464075],[-94.8867677857831,29.3867391466831],[-94.8866894698397,29.3868259292517],[-94.8866567850322,29.3868621471952],[-94.886639785581,29.3869121467869],[-94.886635785814,29.3869551470855],[-94.8866147854369,29.387009146769],[-94.8865407856436,29.3871501465993],[-94.8865237853591,29.3872121470363],[-94.8864987857128,29.3873341473514],[-94.8864907853815,29.3873951466728],[-94.8864947855114,29.3874751473319],[-94.8864989742279,29.3875387026943],[-94.8864989863278,29.3875388890574],[-94.8873273128269,29.387743575213],[-94.8873276282739,29.3877436526469],[-94.8873786604177,29.3877535060193],[-94.8876631414838,29.3910659893364],[-94.8876665191872,29.3910682413061],[-94.8898106416965,29.3924971614708],[-94.8898238497376,29.392505964777],[-94.8934616965059,29.3924941217925],[-94.8934543618186,29.3933826803291],[-94.893483383146,29.3933716507942],[-94.8934841993926,29.3934732082006],[-94.8935903682072,29.3934725927372],[-94.8936124601361,29.3934724651547],[-94.8950123180066,29.3934643422079],[-94.8950120449449,29.3934308358249],[-94.8950043394012,29.3924833259072],[-94.896503974188,29.3924727602332],[-94.8965187790239,29.3924726564593],[-94.8980057650333,29.3924621627239],[-94.8995338858472,29.3924513621668],[-94.9010505386633,29.3924406253737],[-94.9025678357389,29.3924298658611],[-94.9025771738534,29.3924297994703],[-94.904100976813,29.3924189775672],[-94.9041030934832,29.3926791906956],[-94.9041032608032,29.392699695258],[-94.904104635575,29.3928688051313],[-94.9042202741402,29.3928689828144],[-94.9055796779962,29.3928652530603],[-94.9055769050609,29.3924084783169],[-94.9055682926325,29.3914459123227],[-94.9055637785099,29.3909413444612],[-94.9056108683563,29.3909401362097],[-94.9071198682437,29.3909321363873],[-94.90861939416,29.3909234300854],[-94.9086226080006,29.3909233696847],[-94.9086226084023,29.3909234112286],[-94.9086270931291,29.3914183856552],[-94.9086271584135,29.3914256005937],[-94.9086307675049,29.3918239215082],[-94.9086309520146,29.3918443281554],[-94.9086358656974,29.3923866669661],[-94.9086358684011,29.392386960478],[-94.9086135378064,29.3923868259083],[-94.9070996245691,29.3923976296148],[-94.9071029896346,29.3927756803441],[-94.9071030293402,29.3927802057871],[-94.9071039051609,29.3928785476464],[-94.9071063495358,29.3931532677236],[-94.9071078648616,29.3933235247294],[-94.9071084037146,29.3933840318839],[-94.9071084453495,29.3933887153858],[-94.9071175976256,29.3943819319646],[-94.9071264233013,29.3953396370613],[-94.9074913114042,29.3953375346159],[-94.9074926334755,29.3953375263917],[-94.9081287990183,29.3953338583922],[-94.9082172888481,29.3953275872987],[-94.9082808690234,29.3953271371955],[-94.9082788691831,29.3952641376584],[-94.9093798688238,29.3952381374339],[-94.9093421116753,29.3933731429749],[-94.9094327322495,29.3933725106672],[-94.9094385898464,29.3933724698619],[-94.909777467506,29.3933701033619],[-94.9098499604673,29.3933695969968],[-94.91071981093,29.393363519165],[-94.9115983589823,29.3933573752125],[-94.912481234151,29.3933511945619],[-94.9133714405087,29.3933449562345],[-94.9136660054559,29.3933428908921],[-94.9139557883797,29.3933408590999],[-94.9139638703664,29.3935362680228],[-94.913963870187,29.3940961367575],[-94.9139768706217,29.3947811366277],[-94.913976870711,29.3966481374042],[-94.9139600454077,29.3971454176913],[-94.913969333127,29.3972147921418],[-94.9145170046467,29.3972110120683],[-94.916067220403,29.3972003009471],[-94.9161793248994,29.397199628698],[-94.9188886054172,29.3971833551262],[-94.9199077343415,29.3971772196073],[-94.9202735727078,29.3971750153868],[-94.9202800129436,29.3971749765566],[-94.9203964487049,29.397174274231],[-94.9211658334921,29.39716963467],[-94.9212285786108,29.3971692557812],[-94.9222496047809,29.3971630908471],[-94.9226629646561,29.3971605927427],[-94.9227064199904,29.3971603300358],[-94.9236518699518,29.3971546106568],[-94.9250891523877,29.39714590438],[-94.9250796462304,29.3961794446096],[-94.9250796422656,29.3961790002847],[-94.9250792300765,29.3961371639185],[-94.9250748532157,29.395692104106],[-94.9251135414657,29.3956911191008],[-94.9265848732136,29.395681137118],[-94.9275996189012,29.3956736341097],[-94.9276581025705,29.3956727186548],[-94.9276578989114,29.3960353766855],[-94.9282962688158,29.396035356169],[-94.9283104410001,29.3960353550565],[-94.9291113989645,29.396035324744],[-94.9298299840615,29.3960352908315],[-94.9306665012404,29.396035251024],[-94.9306664292744,29.3958950557773],[-94.9306664224032,29.3958798479285],[-94.9306659922882,29.3950371298419],[-94.9306643017657,29.3917225925083],[-94.9306681641512,29.391691768586],[-94.9322466971022,29.3916832152401],[-94.9322463514958,29.3908079959481],[-94.9338330770888,29.3908023815705],[-94.9338321148753,29.3902034508183],[-94.9338317755161,29.3899921108072],[-94.9338317348978,29.3899671502248],[-94.9338316466658,29.3899119282021],[-94.933828478698,29.3894554923308],[-94.9338258388942,29.3890753373406],[-94.9338412639513,29.389036367911],[-94.933842385662,29.3890081247485],[-94.9338424434666,29.3890066693058],[-94.9338455409179,29.3889286795813],[-94.9338450822971,29.3888997075294],[-94.9338449008062,29.3888882095951],[-94.933824288608,29.3875852795489],[-94.9338153317639,29.3875617429111],[-94.9338153745196,29.3875678565244],[-94.9337569996911,29.3875679950768],[-94.9328423874533,29.3875701634773],[-94.9325835932573,29.3875707766061],[-94.9321931501709,29.3875717021269],[-94.9306909632494,29.3875752464695],[-94.9306812281147,29.3869581266312],[-94.9306580421428,29.3863590004334],[-94.9322307378712,29.3863594384889],[-94.9327713021818,29.3863595850795],[-94.9328391090471,29.386359603453],[-94.9338049036575,29.3863598585632],[-94.9338051981974,29.3863785033162],[-94.9338062575392,29.3862543608488],[-94.9348850737975,29.3862548982404],[-94.9348883541662,29.3850700260062],[-94.9348915925563,29.383900722861],[-94.9350569568647,29.3839020129331],[-94.9351132201721,29.3839024515022],[-94.9356232040311,29.3839064281522],[-94.9371689593979,29.3839184708119],[-94.9371714423866,29.3851102784988],[-94.9371738292408,29.3862560077915],[-94.9380778430025,29.3862526750064],[-94.9382163460685,29.3862521640637],[-94.9383962684821,29.3862515003147],[-94.9384262442186,29.386251389472],[-94.9406023550086,29.3862433473405],[-94.9406023865286,29.3862839973506],[-94.940602451475,29.3863664973166],[-94.9406027307836,29.386721277404],[-94.9406027572729,29.3867542801122],[-94.9406030365479,29.3871090610786],[-94.9406034125414,29.3873784867587],[-94.9406046710044,29.3882817295102],[-94.9406056286731,29.3889691095103],[-94.9406056883785,29.3890117267671],[-94.9406065921523,29.389660451315],[-94.9406075298699,29.3903339826335],[-94.9406084458114,29.3909913449745],[-94.9406087830374,29.3912329922159],[-94.9406095981985,29.3918180926994],[-94.9406101539794,29.3922169661287],[-94.9406106035832,29.3925397874542],[-94.9406113842311,29.3930996800969],[-94.9406118626018,29.3934431486164],[-94.9406130314787,29.3942822998489],[-94.9406134317214,29.3945694714497],[-94.9406076810634,29.395367660197],[-94.938939938709,29.3953502291071],[-94.9372119687509,29.3953321468297],[-94.9371927425722,29.3953319454143],[-94.9371945561003,29.3962651026847],[-94.9371960933903,29.3970557392251],[-94.9371966137024,29.3973234853142],[-94.9389163872808,29.3973201374768],[-94.9405946675953,29.397316849223],[-94.9405899813408,29.398018714316],[-94.9405871102904,29.3984488056676],[-94.9406071745805,29.3991812009861],[-94.9406263002476,29.3998793180949],[-94.9408505666907,29.4080648235373],[-94.9429135355174,29.4080612655751],[-94.945120452934,29.4080574241694],[-94.9454739865665,29.408056805653],[-94.9469586296407,29.4080541965263],[-94.9482612750887,29.4080518947475],[-94.9488238738565,29.4080508963617],[-94.9494733637441,29.4080498159821],[-94.9509760584567,29.4080470552937],[-94.9537471041961,29.4080420591774],[-94.9540543807127,29.4080415012553],[-94.9549474600416,29.4080330304544],[-94.9554576421534,29.4080281896418],[-94.9557940359271,29.4080364565978],[-94.9567975092615,29.4080610713915],[-94.958628108945,29.4080564840507],[-94.9585388605901,29.4076796679832],[-94.9585379872649,29.4076759850344],[-94.9582728708331,29.4065566214365],[-94.9582667826858,29.4065309128589],[-94.9574923380777,29.4032609422615],[-94.957091229583,29.4015672413916],[-94.9556644955709,29.3955423149477],[-94.9556263998971,29.3953812867629],[-94.9569051689957,29.395375825787],[-94.9590884000218,29.3953664734013],[-94.9592745227775,29.3953650866464],[-94.9594606445584,29.3953665453682],[-94.9596467097731,29.3953708478838],[-94.9598326597412,29.395377992417],[-94.9600184398654,29.3953879782184],[-94.9602039925662,29.3954008017402],[-94.9603892613289,29.395416458564],[-94.9605741906688,29.3954349443032],[-94.9607587230771,29.3954562536073],[-94.9609428021456,29.3954803793537],[-94.9610845801227,29.3955011819049],[-94.9611263735255,29.3955073144824],[-94.9613093787845,29.3955370509074],[-94.9614917647098,29.3955695788951],[-94.9616794645308,29.3956061035601],[-94.9619746333861,29.3956368286242],[-94.962270369217,29.3956630370014],[-94.962566583639,29.395684720599],[-94.9628631840414,29.3957018739059],[-94.9631600820036,29.3957144897328],[-94.9634571858022,29.3957225662083],[-94.9637544058085,29.3957261006224],[-94.9640516503344,29.3957250902034],[-94.9643488306033,29.395719536783],[-94.9646458537195,29.3957094420688],[-94.9649438811809,29.3956947373435],[-94.9652210901056,29.3956950670665],[-94.9693723841615,29.3956999296512],[-94.9736195527927,29.3957047705064],[-94.9739244115938,29.3956872589015],[-94.9741121886964,29.3956802342198],[-94.9743000776385,29.3956760800684],[-94.9744880206273,29.3956747983151],[-94.9746759609709,29.3956763890555],[-94.9748638409829,29.3956808514526],[-94.9750516029768,29.3956881846697],[-94.9752391904026,29.3956983851964],[-94.9754265466388,29.395711451326],[-94.9756136131111,29.3957273785844],[-94.975800334334,29.3957461625914],[-94.9759866528688,29.3957677961996],[-94.9761725111705,29.3957922749672],[-94.9763578539659,29.3958195891039],[-94.9765426248101,29.3958497323962],[-94.9767267664055,29.3958826940908],[-94.9769102234429,29.3959184653001],[-94.9770929386595,29.3959570343697],[-94.9772748589114,29.3959983897697],[-94.9774559269707,29.3960425189442],[-94.9776352691561,29.3960890922177],[-94.9778204411599,29.3961370181951],[-94.9780065966183,29.396182143138],[-94.9781936240847,29.3962244167378],[-94.978381464314,29.3962638245669],[-94.9785700630678,29.39630035596],[-94.9787593599642,29.3963339991643],[-94.9789492997344,29.3963647434843],[-94.9791398218898,29.3963925798733],[-94.9793308710549,29.3964175003415],[-94.9795223877349,29.3964394967756],[-94.9797143133937,29.3964585628971],[-94.979906590525,29.3964746924588],[-94.9800991595273,29.3964878800537],[-94.9802919617224,29.3964981230113],[-94.9804849394973,29.3965054177909],[-94.9806780321143,29.3965097616606],[-94.9808711829191,29.3965111529149],[-94.9811535409537,29.3965078739903],[-94.9852493766746,29.3963741700375],[-94.9853658190565,29.396370367845],[-94.9863210722485,29.396339165439],[-94.9898561370502,29.4000465735185],[-94.9908940943302,29.4011810616423],[-94.9944886169332,29.4050112048092],[-95.0020761039463,29.4131830811899],[-95.0020902789547,29.4131983463448],[-95.0061359112952,29.4175548563009],[-95.0061420260636,29.4175614420565],[-95.006143172065,29.4175626752902],[-95.014915279895,29.4270071517793],[-95.0171878060377,29.429453483634],[-95.0198097816037,29.4322757958323],[-95.0201384903862,29.4326296054251],[-95.0201507810301,29.4326428351131],[-95.0217889076241,29.4344125883035],[-95.0284367879232,29.4415937974023],[-95.0301926831545,29.4434926491255],[-95.0315991846874,29.4450112555154],[-95.0337951494574,29.4473821275935],[-95.0369014737066,29.4507356167229],[-95.036987427929,29.4508284358298],[-95.0369878418094,29.4508288823635],[-95.0366047191376,29.4508255706041],[-95.0366006810768,29.4508254552996],[-95.0365970881212,29.4508253532023],[-95.0365969201764,29.450825348219],[-95.0365942587142,29.4508252719555],[-95.0365905401969,29.4508252690533],[-95.0365902053892,29.4508254441958],[-95.0365674091721,29.450825248073],[-95.0364290552933,29.4508251204893],[-95.0365146790831,29.4509188184743],[-95.0365220415474,29.4509268742782],[-95.0365421090961,29.4509488348589],[-95.0365517732904,29.4509594101027],[-95.0386028139914,29.4532037811726],[-95.0390156940304,29.4536494454281],[-95.0398916397677,29.4545949276709],[-95.0417740324602,29.4566266732841],[-95.0419525176729,29.456819314615],[-95.0408294240371,29.4570232534453],[-95.0408290240532,29.4570233264547],[-95.0398648342724,29.4570847731586],[-95.0398408185952,29.4570863037753],[-95.0396925022106,29.4570957549284],[-95.039787349843,29.4578279216549],[-95.0397996932956,29.4578399022838],[-95.0398910767882,29.4579784360503],[-95.0398254587208,29.4581589357291],[-95.0399118634443,29.4584696309456],[-95.0398549908379,29.4587917081055],[-95.0398549302097,29.4587920484742],[-95.0397985723773,29.4591112112341],[-95.0397979829265,29.4591145531261],[-95.0404810500209,29.4596249403378],[-95.0412073861458,29.460024348599],[-95.041219491564,29.4600229495681],[-95.0417128010814,29.4599659360528],[-95.0417360882522,29.4610088414664],[-95.0417490620834,29.4615898279117],[-95.0417697565696,29.4625166060192],[-95.0418421894816,29.462610448984],[-95.0419804558235,29.4627941474374],[-95.0419611065627,29.4635455061032],[-95.0407708824905,29.4635623728292],[-95.0395796934414,29.4635978037065],[-95.0388277874105,29.4636153280422],[-95.0384377239027,29.4636282853611],[-95.0373237326961,29.4636429185727],[-95.0373236749526,29.4636783152459],[-95.0373411921916,29.4645399800379],[-95.0373579221565,29.4653629015045],[-95.0373593217578,29.4654317887902],[-95.0373732812169,29.4663584459262],[-95.0373795629235,29.4669466573421],[-95.0373870236877,29.4672743575032],[-95.037404603056,29.4681652375994],[-95.0374135884646,29.4691002565946],[-95.0374135423233,29.469630342962],[-95.0362322978229,29.4696535091194],[-95.0354207768157,29.4696714135915],[-95.0328031053476,29.4697291306856],[-95.0327979260702,29.4694007303503],[-95.0293059961832,29.4694362036444],[-95.0293149122839,29.4698605925302],[-95.0293312758422,29.4707080066272],[-95.0293468019508,29.4715120922372],[-95.0293843657146,29.4734574081309],[-95.0293958572733,29.4740525148068],[-95.0294318348895,29.4758198950311],[-95.0295404759303,29.4758195927498],[-95.029565175374,29.4769670594702],[-95.0295679616462,29.4770964782856],[-95.0295710261438,29.4772388787806],[-95.0295727456705,29.4773187448201],[-95.0295755499952,29.4774490281539],[-95.0295762183291,29.4774800569129],[-95.030694331711,29.4774569501143],[-95.0309322841709,29.4774520316204],[-95.0309488246528,29.4774516896905],[-95.0328727447974,29.4774119052605],[-95.033019528052,29.4774096730014],[-95.0330558550524,29.4774091202117],[-95.033320479275,29.4774050959136],[-95.0345121801375,29.4773869632321],[-95.035029260537,29.4773790925494],[-95.0358142035944,29.4780714348677],[-95.0363065324852,29.478518814487],[-95.0363249276484,29.4785355304411],[-95.0365759362966,29.4787636199218],[-95.0366148408726,29.4787989715442],[-95.0371401233083,29.479276285689],[-95.0376102599569,29.479284725525],[-95.0376141103283,29.4792848406157],[-95.0376288591627,29.4799536805643],[-95.0376523649678,29.4808696633624],[-95.0376606072447,29.4814285546674],[-95.0376607593495,29.4814388521104],[-95.0376659487754,29.4817906620679],[-95.038776964389,29.4817702767839],[-95.0388416645992,29.4817692842705],[-95.0393802930441,29.481761019275],[-95.0394099902842,29.4817605634106],[-95.0399395630415,29.4817524358035],[-95.0402929992346,29.4817472621533],[-95.0403555035281,29.4817463527943],[-95.0404562482757,29.4817448892913],[-95.0406354851908,29.4817422849055],[-95.041113011483,29.4817353449612],[-95.04115042189,29.481733842481],[-95.0423540356418,29.4817153495157],[-95.0423356703667,29.4807853408006],[-95.0423354210738,29.4807727428492],[-95.0423178539363,29.4798831041114],[-95.0422999500802,29.4789764679836],[-95.0422820424941,29.4780695896212],[-95.041072016572,29.478093177535],[-95.0410494719797,29.4772782440787],[-95.0409281612267,29.4772804202004],[-95.040863973143,29.4772812383228],[-95.040862707564,29.4772812540862],[-95.0408497347147,29.4772814194775],[-95.040771173731,29.4772828273077],[-95.0406926127103,29.4772842359935],[-95.040614052753,29.477285643762],[-95.0405354917279,29.4772870523554],[-95.0404569307357,29.4772884600009],[-95.0403783697412,29.4772898676003],[-95.0402998097403,29.4772912760858],[-95.0402212487415,29.4772926835927],[-95.0401741119281,29.477293528249],[-95.0401426877056,29.4772940919553],[-95.0400641277331,29.4772954994005],[-95.0399854725498,29.4772972073217],[-95.0397652959336,29.4773015168155],[-95.039686869429,29.4773025145085],[-95.0396083083782,29.477303922557],[-95.0395297473602,29.4773053296575],[-95.0394511873358,29.4773067376442],[-95.0393726263135,29.4773081446524],[-95.039294065289,29.4773095516144],[-95.039215505258,29.4773109594625],[-95.0391369442292,29.4773123663322],[-95.0390583831634,29.4773137740574],[-95.0389798231609,29.4773151808653],[-95.0389012620907,29.4773165884982],[-95.0388227351885,29.4773181794656],[-95.0386297304116,29.4773216387275],[-95.038602765554,29.4773221221288],[-95.037660041369,29.4773390173093],[-95.0375754509202,29.4773403067443],[-95.0375743039291,29.477340324188],[-95.0375734919594,29.4772439530895],[-95.0375669075649,29.4769911370243],[-95.0375500132796,29.4763423584833],[-95.0375369775334,29.4754482218759],[-95.0375133309189,29.4745252244283],[-95.0374883547603,29.4736153593794],[-95.0374760734918,29.4727058959542],[-95.0374674901074,29.4718037852958],[-95.0386190282201,29.4717714578355],[-95.0397619907603,29.4717518098717],[-95.0397645996666,29.4717517653267],[-95.0397647493752,29.4717517625419],[-95.0397648443601,29.4717517608435],[-95.0397660719153,29.4717517394513],[-95.0397694726828,29.4717516813635],[-95.0409170816867,29.4717319436896],[-95.0409312041289,29.4717317004306],[-95.0421564844524,29.4717106163719],[-95.0421745145283,29.4726238192285],[-95.0421921838195,29.4735187013396],[-95.0409592263384,29.4735385847306],[-95.0409591478758,29.4735385860167],[-95.039809086909,29.4735571216466],[-95.0398025941961,29.4735572262168],[-95.0398267806947,29.4744866605182],[-95.039829482632,29.4744866133105],[-95.0409715922159,29.474466844877],[-95.0409808770351,29.4744666839527],[-95.0422104810618,29.4744453889115],[-95.0433965131609,29.4744248388907],[-95.0433967485856,29.4744248341261],[-95.0444959720136,29.4744057788244],[-95.0445787061646,29.4744043443595],[-95.0446135456876,29.4744054588582],[-95.044613938302,29.4744054713845],[-95.0446723912701,29.4744073418266],[-95.0446741014236,29.4744898884326],[-95.0446889106667,29.475204825182],[-95.0446911574019,29.4753132811198],[-95.044691169022,29.4753138078013],[-95.0447769074097,29.4755931489948],[-95.0457679073026,29.475563149159],[-95.0469016820685,29.4755295996131],[-95.0469145427318,29.4761770886457],[-95.0469152091521,29.4762106521984],[-95.046920011394,29.4764524037822],[-95.046933471195,29.4771300506604],[-95.0469324164471,29.4771680773217],[-95.0469323585996,29.477170134915],[-95.046949879719,29.4779584768499],[-95.0469503239728,29.4779784862836],[-95.0469565601017,29.4782924452354],[-95.0469679247576,29.4788645765206],[-95.046968428279,29.4788899142689],[-95.0469866164826,29.4798055606739],[-95.0469867351097,29.4798115154903],[-95.0470044763436,29.4807046406068],[-95.0470048296072,29.4807224661545],[-95.0470231266457,29.4816435097013],[-95.0470375756657,29.4820086495707],[-95.0481277256805,29.4812294687989],[-95.0507640876844,29.479370994452],[-95.050805315988,29.4793419302241],[-95.0510067938507,29.4795551642015],[-95.0517371189146,29.4803363218159],[-95.0524729878197,29.4811556803091],[-95.0526664955421,29.4813639426176],[-95.0532022096649,29.4819404961097],[-95.0537629985322,29.4825440260095],[-95.0539195661638,29.482712525434],[-95.0546655057967,29.4835153007718],[-95.0554079460188,29.4843142919475],[-95.0557370544988,29.4846684633075],[-95.0557374716203,29.484668911675],[-95.0557961325009,29.4847320393808],[-95.0558133120022,29.4847505267434],[-95.0561367789682,29.4850986234307],[-95.0563171642339,29.4852927419242],[-95.0563182163726,29.4852938753013],[-95.0563700576176,29.4853496629769],[-95.0563785424599,29.4853587933792],[-95.0561299110502,29.4855571508254],[-95.0541079099264,29.4871811514119],[-95.0528380046603,29.4879850808973],[-95.0521208709197,29.4884390600657],[-95.051063909179,29.4891081517188],[-95.0499548915455,29.4900606452265],[-95.0489989747681,29.490881624934],[-95.047259908746,29.4923751524908],[-95.0472418635606,29.4923926080046],[-95.0472372931293,29.4923963458437],[-95.0472367520713,29.4923963542147],[-95.0472400336262,29.4925615283011],[-95.0472398301832,29.492561532214],[-95.0472406829227,29.4926106799676],[-95.0472750214315,29.4943388879691],[-95.0472774825986,29.494462730791],[-95.0472843883303,29.4948103081412],[-95.0473075926553,29.4959780626495],[-95.0473210975777,29.4966577429931],[-95.047330424357,29.4970847654415],[-95.0474234407941,29.4993925090426],[-95.0474236445183,29.4993975716725],[-95.0474394732422,29.4997902647553],[-95.0474793143116,29.500641142983],[-95.0474796466876,29.5006414083068],[-95.0473764783441,29.5007049721178],[-95.0469764392365,29.500948293602],[-95.0464521642348,29.5013064027428],[-95.0460833162294,29.5015724507229],[-95.046071243295,29.5015811594845],[-95.045948521438,29.501669676814],[-95.0454870227033,29.502020527693],[-95.0450773262177,29.5023217869957],[-95.0518254965312,29.5099846965336],[-95.0522626923073,29.5104811049054],[-95.0522704048053,29.5104898605665],[-95.0523370097341,29.5105654864757],[-95.0533845520973,29.5117548749168],[-95.0530243114499,29.5119674227444],[-95.0530037861753,29.5119770570668],[-95.0529834573156,29.5119870041387],[-95.0529633291685,29.511997259573],[-95.0529434090551,29.5120078208776],[-95.052923702304,29.5120186836959],[-95.0529042151705,29.5120298464073],[-95.0528849539795,29.5120413055874],[-95.0528659240945,29.5120530559779],[-95.0528471328366,29.5120650950867],[-95.052828583403,29.5120774202999],[-95.0528102832539,29.5120900255183],[-95.0527922365829,29.5121029090604],[-95.0527744508153,29.5121160657286],[-95.0527569291833,29.5121294920074],[-95.0527396790776,29.5121431836011],[-95.0527227037303,29.5121571369941],[-95.0527060105669,29.512171346989],[-95.0526896028543,29.5121858091683],[-95.0526734858866,29.5122005200774],[-95.0526576650274,29.5122154744579],[-95.0526421455708,29.5122306688551],[-95.0526269308534,29.512246097048],[-95.0526120272002,29.5122617556124],[-95.052597436882,29.5122776391986],[-95.0525831673245,29.5122937426092],[-95.0525664744117,29.512313345923],[-95.0523829212175,29.5125059863462],[-95.0523470789473,29.5125362314],[-95.0523106396842,29.5125659252567],[-95.0522736130898,29.5125950582704],[-95.052236009857,29.5126236208256],[-95.0521978436668,29.5126516061036],[-95.0521819034256,29.5126628852159],[-95.0521591242159,29.5126790035566],[-95.0521198641545,29.5127058063355],[-95.0520800762376,29.5127320048858],[-95.0520397699878,29.5127575931686],[-95.0519989602219,29.5127825616905],[-95.0519175506768,29.5128296782334],[-95.0518840462879,29.5128490611228],[-95.0518509340569,29.5128689530312],[-95.0518182235408,29.512889347019],[-95.051785924227,29.5129102379498],[-95.0517540477692,29.5129316180429],[-95.0517226016278,29.5129534811996],[-95.0516915973869,29.5129758214427],[-95.0516610425418,29.5129986317715],[-95.0516309487462,29.5130219044055],[-95.0516103787908,29.513038380428],[-95.0516050714923,29.513042631113],[-95.0516013234607,29.5130456332455],[-95.0515721752114,29.5130698113215],[-95.0515435146562,29.5130944299207],[-95.0515153492904,29.5131194820423],[-95.0514876886712,29.5131449607467],[-95.051460540329,29.5131708581313],[-95.0514339128597,29.5131971654225],[-95.0514078137587,29.5132238756195],[-95.0513822526531,29.5132509799792],[-95.0513572350113,29.513278470538],[-95.0513286746272,29.5133111035024],[-95.0512936224402,29.5133532678276],[-95.0512577334068,29.5133948910185],[-95.0512210194241,29.5134359589811],[-95.0511834912195,29.5134764611981],[-95.0511451606906,29.5135163835756],[-95.0511060396303,29.5135557147249],[-95.0510661398319,29.5135944432573],[-95.0510254731235,29.5136325568825],[-95.0509840523642,29.5136700433405],[-95.0509418903435,29.5137068921749],[-95.0508989988896,29.5137430910953],[-95.0508553917884,29.5137786305775],[-95.0508110818992,29.5138134983616],[-95.050766083008,29.5138476849235],[-95.0506877293493,29.5139074128841],[-95.0506516769238,29.5139301652739],[-95.0506151762509,29.5139523636318],[-95.050578237919,29.5139740010479],[-95.0505408735131,29.5139950715446],[-95.0505030946531,29.5140155682424],[-95.0504649129237,29.5140354851638],[-95.050426338879,29.5140548163006],[-95.0503873851349,29.5140735557058],[-95.0503480632766,29.5140916974016],[-95.0503083858852,29.5141092363428],[-95.0502683645458,29.5141261665518],[-95.0502280107739,29.5141424838546],[-95.0501873382514,29.5141581814328],[-95.0501463584242,29.514173256916],[-95.0501050839084,29.5141877043569],[-95.050070502336,29.5141992006124],[-95.0501814189773,29.5147243431118],[-95.0502758641301,29.5151447442176],[-95.0521975375466,29.5147302425694],[-95.0522103307104,29.51475918141],[-95.0523065776147,29.5151132105614],[-95.0525329774157,29.5158830770551],[-95.0525689192425,29.5160100366435],[-95.0525758187721,29.5160344083519],[-95.052760094411,29.5166853357972],[-95.0529835411327,29.5174720386407],[-95.0530643605488,29.5177555902321],[-95.0532110841733,29.5182538413735],[-95.0534428598121,29.5190409071926],[-95.0536599514631,29.5197780997947],[-95.0538311909643,29.5203595795189],[-95.0541658571529,29.5223308224348],[-95.0543042864384,29.5231461754493],[-95.0544371139434,29.5239475084385],[-95.0546278565839,29.5254321931089],[-95.0574751912679,29.5251578899682],[-95.0582260070789,29.5250902258993],[-95.0597817183156,29.5249553571322],[-95.0611532383902,29.524836441982],[-95.0613373912497,29.5248204737686],[-95.0633495454139,29.5246459837868],[-95.0637516756263,29.524607956519],[-95.0644978678956,29.5245373912668],[-95.0656298063337,29.5244303380084],[-95.0658815052571,29.5244065319644],[-95.0671479764482,29.5242867417169],[-95.0681668848106,29.524190358308],[-95.0686605115216,29.5241436613429],[-95.0709989283297,29.5237503150265],[-95.0711735620955,29.5237209377899],[-95.0738568726076,29.5232379417953],[-95.0757152775468,29.522903394229],[-95.0763492390263,29.5229358941228],[-95.0763858412448,29.5228740746113],[-95.076956091197,29.5219169866208],[-95.0783302134765,29.5224756972432],[-95.0784856499389,29.5225152297961],[-95.0785759158454,29.5225361576669],[-95.0786665856821,29.522555705221],[-95.078757631849,29.5225738653284],[-95.0788490266763,29.5225906326629],[-95.07894074246,29.5226060027999],[-95.0790327504994,29.5226199703832],[-95.0791250240867,29.5226325319204],[-95.0792175334899,29.522643682025],[-95.079310251932,29.5226534190086],[-95.0794031496119,29.5226617392883],[-95.0794961997871,29.5226686402738],[-95.0795893736528,29.5226741193147],[-95.0796826423351,29.5226781755639],[-95.0797759780258,29.5226808073031],[-95.0798693518164,29.5226820145871],[-95.0799627358986,29.5226817956978],[-95.0800561013293,29.5226801515919],[-95.0802689771263,29.5227058204176],[-95.0804311914897,29.5227283007064],[-95.0805929333179,29.5227532541297],[-95.0807541513451,29.5227806719632],[-95.0809147984297,29.5228105456043],[-95.081074825333,29.5228428672913],[-95.0812341829202,29.5228776265578],[-95.0813928220902,29.5229148120355],[-95.0815506957353,29.5229544142208],[-95.0817035911669,29.5229953057251],[-95.0817077548579,29.5229964190406],[-95.0818639524186,29.5230408151878],[-95.0820318001271,29.5230910244373],[-95.0821697512954,29.523134904359],[-95.0823068066244,29.5231808848528],[-95.0824429234033,29.523228949322],[-95.0825780608797,29.5232790839358],[-95.0826042098489,29.5232892591531],[-95.0827121773388,29.5233312730298],[-95.0828452320622,29.5233855018716],[-95.0829771844346,29.5234417530239],[-95.0831079948373,29.5235000099812],[-95.0832376216579,29.5235602543744],[-95.0833660284393,29.5236224679854],[-95.0834241493021,29.5236517990364],[-95.0834931736029,29.5236866315435],[-95.0836190186635,29.5237527258687],[-95.0837435261661,29.5238207318113],[-95.0838666577284,29.5238906274862],[-95.0840876234706,29.5240244258615],[-95.0842541105202,29.5241296381691],[-95.0844184738772,29.5242373754437],[-95.0845806611388,29.5243476045603],[-95.0847406260883,29.5244602925751],[-95.0848983174218,29.52457540459],[-95.0850536879244,29.5246929067294],[-95.0851960422176,29.5248044202502],[-95.085217604103,29.5248216151994],[-95.0853572790883,29.5249349332861],[-95.0854939588487,29.5250464969532],[-95.0865645097433,29.5259593161333],[-95.0887426527493,29.5278164632245],[-95.0917569705407,29.5303863848951],[-95.0919994350961,29.5306445527131],[-95.0920391760952,29.5306868671138],[-95.0959457229303,29.5348461740302],[-95.0959385486551,29.5348510526124],[-95.0963040073717,29.5351546819002],[-95.0958900339102,29.5353986588724],[-95.0952035332039,29.5355503655022],[-95.0940419864086,29.5353893816757],[-95.0931804866438,29.5349806923415],[-95.0924716581973,29.5344494053466],[-95.0916209461646,29.5338292633144],[-95.091104014678,29.5333459310528],[-95.0910866287544,29.5332055919361],[-95.0910300005376,29.5327484948689],[-95.0910233954323,29.532518812535],[-95.0910258311552,29.5324863464332],[-95.0910258440656,29.5324861707674],[-95.0910308446158,29.532379170686],[-95.0910398440987,29.5320901702301],[-95.0910208445532,29.5319451706364],[-95.090976844461,29.5317701707454],[-95.0908398439057,29.531494170343],[-95.0907658441721,29.5314211701391],[-95.0906288440642,29.5313061697605],[-95.0905558440857,29.5312761704124],[-95.0902468439671,29.5311911702738],[-95.0899608438644,29.5311361700729],[-95.089767844469,29.5311361700004],[-95.0897038438572,29.5311401705612],[-95.0894978440751,29.5311681698371],[-95.0891898436246,29.5312981699344],[-95.0889618440562,29.5314071701557],[-95.088479843378,29.5317241702604],[-95.0875798434356,29.5324141706037],[-95.0871138438126,29.5328951705907],[-95.0869918431118,29.5331161706436],[-95.0868128437617,29.5335411706246],[-95.0865738433929,29.5341391709773],[-95.0863498428331,29.5345101708538],[-95.0861398428384,29.5347561713841],[-95.0859658426408,29.53483117151],[-95.0857778435823,29.534882170805],[-95.0855748431549,29.5348881708115],[-95.085234842659,29.5347691707932],[-95.0847208424639,29.5345231715055],[-95.0839468427911,29.5341331709266],[-95.0835998426931,29.5340271711562],[-95.0833248426118,29.5339801709336],[-95.0828968419715,29.5339691708615],[-95.0820718424598,29.53396917064],[-95.0816958416989,29.5339691708693],[-95.0812888423989,29.5339711710665],[-95.0811698417998,29.5342401714177],[-95.0809918416447,29.5343961715899],[-95.0808148421137,29.5344491710194],[-95.0806508417234,29.5344651713607],[-95.0805178417869,29.5344881715182],[-95.0803168420004,29.5345391711366],[-95.0802268413837,29.5345621714622],[-95.0801158420514,29.5346181713511],[-95.080008841738,29.5346541715691],[-95.0799028415731,29.5347191715251],[-95.0797138416792,29.5348561715193],[-95.0796188417827,29.5349701713113],[-95.0795448412955,29.5350811711988],[-95.0794758418613,29.5351821712663],[-95.079374841644,29.5353481716083],[-95.0792898411239,29.5355651711076],[-95.0792638415315,29.5357171713005],[-95.0792158414659,29.5358601718466],[-95.079157841819,29.536063171851],[-95.0790728419228,29.536349171373],[-95.0790358413645,29.536584171748],[-95.0789718415479,29.5369211717465],[-95.0789508415264,29.5371421714749],[-95.078950841379,29.5373081717259],[-95.078971841183,29.5376311716304],[-95.0790408416779,29.5378891720066],[-95.0791158417313,29.5380871720163],[-95.0792268414134,29.5382991719255],[-95.0794808414415,29.5385711720949],[-95.0800268415604,29.5391101722536],[-95.0801858415075,29.5393221721001],[-95.0803028423223,29.5394881720196],[-95.0804508415578,29.5396821723866],[-95.080503842276,29.5398341722028],[-95.0805628422414,29.5399581727676],[-95.0805998418551,29.5401111722605],[-95.0806208422011,29.5403091724955],[-95.0806578420198,29.5405581725817],[-95.0806318423739,29.5407381728099],[-95.0805998420609,29.5408901722986],[-95.0805468422936,29.5410931730179],[-95.0803928417763,29.5412961728761],[-95.0802288416,29.5414851723653],[-95.0799788414134,29.5416921722718],[-95.0791788414737,29.5417961724591],[-95.0790008414938,29.5422901730062],[-95.0793058788242,29.5433103409046],[-95.0793117114458,29.5433298478472],[-95.0793318419803,29.5433971731209],[-95.0793037258505,29.5434473687329],[-95.0799282838252,29.5444171271869],[-95.0809012391285,29.5457231554171],[-95.0807359332767,29.5462286973787],[-95.0790983282285,29.5470738641011],[-95.0778113671942,29.5474351811344],[-95.077623529918,29.5474879158502],[-95.0774145465273,29.5475465868618],[-95.0769446545104,29.547678504665],[-95.0764921895325,29.5478055281634],[-95.0742677995414,29.5481968485893],[-95.0741408409181,29.5483001742945],[-95.0737097793996,29.5487389285036],[-95.0736878047315,29.5487612943594],[-95.0732438408763,29.5492131748595],[-95.0728567731426,29.5497657636329],[-95.072345840633,29.5504951746894],[-95.0717868398369,29.5517911750191],[-95.0717958406641,29.5518901755332],[-95.0712928402071,29.5531611750693],[-95.0706768397137,29.5545541761338],[-95.0701078398459,29.5557711761646],[-95.069902840136,29.5560691763334],[-95.0694898398303,29.5566681760008],[-95.0686458391891,29.5573431759919],[-95.0685798394278,29.557375176713],[-95.0677260737235,29.557785941475],[-95.0672174389881,29.5580306515218],[-95.0668588388811,29.5582031767906],[-95.0648318382391,29.5587741771534],[-95.0636788386398,29.5589281765994],[-95.0631718385006,29.5589961772666],[-95.0628673732641,29.559011646089],[-95.0607308373797,29.5591201773031],[-95.0606740077376,29.5591209595966],[-95.0594483823963,29.5591378325222],[-95.0586238375361,29.5591491769772],[-95.0578151400251,29.5591317060852],[-95.0566338369438,29.5591061775165],[-95.0562458366758,29.5590991773181],[-95.0537978362824,29.558987177485],[-95.0516698352317,29.5587471770122],[-95.0502208351037,29.5585651776346],[-95.0501338344618,29.5585551768564],[-95.0498908348363,29.5584831772594],[-95.0481788344898,29.5579781768669],[-95.0478632523716,29.5578419713085],[-95.0477714593285,29.5578023520419],[-95.0467678339476,29.5573691770927],[-95.0451808330894,29.5559431770163],[-95.0449438114985,29.5558287908269],[-95.0447498339086,29.5557351769061],[-95.0437538334566,29.5552531765726],[-95.0418778327535,29.5545961766537],[-95.039921832503,29.5542601769909],[-95.0382708318268,29.5539881767054],[-95.037323831664,29.5536671768763],[-95.0354572788994,29.5530752323633],[-95.0340098308848,29.5526161767998],[-95.0329428303955,29.5522341767124],[-95.0318398302162,29.5521391768809],[-95.0313018295458,29.552791176676],[-95.0312728294075,29.552771176578],[-95.0312188299557,29.5527681762218],[-95.031137830052,29.5527771769699],[-95.0310618301947,29.5527871765245],[-95.0309178298631,29.5528231767228],[-95.0307278291803,29.5528461768461],[-95.0304878294822,29.5528621762492],[-95.0302508290467,29.552875176701],[-95.0300918295532,29.5528881769935],[-95.0299628298034,29.5528881764901],[-95.0298598291992,29.5528791768598],[-95.0297778291883,29.5528531762959],[-95.0296488292736,29.5528081763985],[-95.0294818297819,29.5527611767631],[-95.0293948293135,29.5527431770294],[-95.0292968289491,29.552743176484],[-95.0292398289319,29.5527481771],[-95.0291598293404,29.5527251768735],[-95.0290748289954,29.5526991770451],[-95.0289548295192,29.552644177135],[-95.028941829349,29.5526271768331],[-95.0289158295323,29.5526051762404],[-95.0288858289612,29.5525841762903],[-95.0288598289078,29.5525401762802],[-95.0288188288165,29.552458177038],[-95.0287848292307,29.5523861765528],[-95.0287458292546,29.5523361768045],[-95.0286878294323,29.5522941766693],[-95.0286438295501,29.5522511767438],[-95.028604829339,29.5521921769408],[-95.0285678287106,29.5521371763312],[-95.0284988287357,29.5520611767816],[-95.028443828785,29.5519761768492],[-95.0283938292064,29.5518821764558],[-95.0283378287169,29.5517451762249],[-95.0282918292484,29.5516291769298],[-95.0282398291893,29.5514761768993],[-95.0281818287763,29.5512321761005],[-95.0280978293701,29.550827175924],[-95.0280948286137,29.5507911761372],[-95.0280928291614,29.5507381765929],[-95.0281148288166,29.5505461763711],[-95.0281408290049,29.5503121757817],[-95.0281408292154,29.5501221762502],[-95.0281458290445,29.5500631760707],[-95.0281698287414,29.550016176063],[-95.0282188289474,29.5499611760028],[-95.0282528289302,29.5499151763272],[-95.0282718291889,29.5498901761683],[-95.0282818286256,29.5498561758567],[-95.0282818286084,29.5498181761277],[-95.02828182855,29.5497121757412],[-95.028266829169,29.5496281760931],[-95.0282528287459,29.5495861763587],[-95.0282478288267,29.5495441758567],[-95.0282528289985,29.5494971756889],[-95.0283348289795,29.5491761763949],[-95.028387829224,29.5485111759428],[-95.0283878290106,29.5483211754358],[-95.0283978286839,29.5482071753309],[-95.0283878287622,29.5481311758228],[-95.0283728291305,29.5480731758746],[-95.0283468288258,29.5480411756876],[-95.0283098284701,29.5480151755522],[-95.0282558288209,29.5480131760214],[-95.028208828488,29.5480191755552],[-95.0281638292714,29.5480391755531],[-95.0276518286906,29.5483541755012],[-95.0272008286895,29.5485911759117],[-95.0269608290407,29.5487311755178],[-95.0265778288867,29.548976175584],[-95.026476828069,29.5490291755598],[-95.0264368281821,29.5490511761165],[-95.0264148281678,29.549076176254],[-95.026416827961,29.5491041764443],[-95.0262378278299,29.5492521763568],[-95.0261968281211,29.5492591759963],[-95.0261608282708,29.5492731764782],[-95.025840828438,29.5494661759737],[-95.0257098280655,29.5495631763287],[-95.0256438284673,29.5496011760431],[-95.0255698284621,29.5496351759408],[-95.0253998279235,29.549690175819],[-95.0253278280658,29.5497191757525],[-95.0252838277277,29.5497501762378],[-95.025244827917,29.5497871764132],[-95.0251918276548,29.5498581760129],[-95.0251718276973,29.5499171761871],[-95.025165472059,29.5499177455952],[-95.0248368277109,29.549947176447],[-95.0244768277611,29.5499131760212],[-95.0244198318863,29.5498846789699],[-95.0244148275166,29.5498821765684],[-95.0243308283535,29.5498721766202],[-95.0242238276877,29.5498711760932],[-95.0241318281693,29.5498721761831],[-95.024054828093,29.5498761762706],[-95.02391482761,29.5498771761293],[-95.0238548273079,29.5498821763744],[-95.0238178273446,29.5499081763153],[-95.0236348273589,29.5499091763949],[-95.0232898271666,29.5499121759589],[-95.0232248280362,29.5499161759034],[-95.0231678278429,29.5499201762969],[-95.0231008273942,29.5499201759299],[-95.0230268275438,29.5499141758684],[-95.0226638273251,29.5495971760077],[-95.022464827751,29.5494701760814],[-95.022316827249,29.5493221763171],[-95.022055827548,29.5490611764788],[-95.0219608272931,29.5490301762683],[-95.0219078268494,29.5489931761324],[-95.021868826767,29.548938176293],[-95.0218448276655,29.5488621758303],[-95.0218328267028,29.5487741757117],[-95.0218138271607,29.5486561758136],[-95.0216878267268,29.5486431757241],[-95.0216658270141,29.548630176215],[-95.0216478272488,29.5485581757747],[-95.0214208267787,29.5485781765299],[-95.0212428273469,29.5485921761558],[-95.0210838269719,29.5485891760447],[-95.0209998273611,29.5485801760569],[-95.0208988264768,29.548551175849],[-95.0208508273512,29.5485351761237],[-95.0203468264371,29.5483391763379],[-95.0201838265281,29.5482711762461],[-95.0200908270285,29.5482351758199],[-95.0199888271047,29.5482091758723],[-95.0198868262249,29.5481971764686],[-95.0197918264199,29.5481941759862],[-95.019635826984,29.548208175659],[-95.0194978261449,29.5482291759631],[-95.0194428266638,29.5482261762051],[-95.0193198262665,29.5482091761908],[-95.0192908265429,29.5481961764149],[-95.0192808261885,29.5481661764852],[-95.0192428261712,29.5480331764092],[-95.0192298268556,29.5480151757045],[-95.0191888267793,29.5480141761651],[-95.0188968260681,29.5480361762169],[-95.0188608268945,29.5480331759122],[-95.0188343330788,29.5479940125096],[-95.0188208263702,29.5479571759363],[-95.0188138263804,29.5479441756949],[-95.0187878263316,29.5479351760648],[-95.0186608267973,29.5479481756371],[-95.0184788263694,29.5479601764008],[-95.0184558259459,29.5479661758122],[-95.0184508260574,29.5480261761227],[-95.0184168266849,29.5480261756781],[-95.0184168265853,29.5480731764664],[-95.018118825874,29.548096176114],[-95.0180858261009,29.5480931764539],[-95.0180708256803,29.5480741762164],[-95.0180598264201,29.5480301764696],[-95.0180418261992,29.5480171762893],[-95.0179818256742,29.5480261759945],[-95.0179398259309,29.5480391758489],[-95.0178108263622,29.5480641764945],[-95.0177688264834,29.5480841757198],[-95.0177588257519,29.5481181762215],[-95.0177148261762,29.548128176015],[-95.0176778264705,29.5481251762866],[-95.0177002568248,29.5481487331282],[-95.0176432942536,29.5481733053299],[-95.0175483870267,29.5482663840576],[-95.017427888192,29.5484253886427],[-95.017337693984,29.5487441980944],[-95.0173111409766,29.5489477438384],[-95.0173957407725,29.5494326419781],[-95.0175190353591,29.5497746134457],[-95.0175494186952,29.5499234145889],[-95.017661451214,29.5500781532215],[-95.017667698084,29.5500836901907],[-95.0178175087227,29.550227625155],[-95.0179358277412,29.5503823972828],[-95.0180730340323,29.5505317660677],[-95.0183422376783,29.5506763363774],[-95.0185427048702,29.5507654865717],[-95.0188121409833,29.5508770265916],[-95.0191692413289,29.5510330724298],[-95.0193695943844,29.5511387373987],[-95.0196137420937,29.5512721597022],[-95.0198890448459,29.5514442812555],[-95.0200577507725,29.551582808466],[-95.0202389850583,29.55172690307],[-95.0204388466793,29.551904129398],[-95.0205824965127,29.5520315107682],[-95.0206633442751,29.5521530523741],[-95.0207002085819,29.5522743601596],[-95.0207434323262,29.5523846904484],[-95.0207361549283,29.5525277826664],[-95.0207349359358,29.5527039378978],[-95.0207021802704,29.5528964413885],[-95.0205876597549,29.553099518966],[-95.0196914906521,29.553650756921],[-95.0191045294996,29.5540164666556],[-95.0184608141816,29.5544093952293],[-95.0180879159071,29.5547156903484],[-95.018018640759,29.5547373393775],[-95.0175949714131,29.554212094737],[-95.0171716528863,29.5536373069465],[-95.0169234022393,29.5531900715373],[-95.0166637394248,29.5525776186743],[-95.0164231239518,29.551937744853],[-95.0162710599237,29.5512157699941],[-95.0162510700074,29.550477983022],[-95.0162945697436,29.5496469520859],[-95.0164258821608,29.5488384125589],[-95.0164918057855,29.5485711148873],[-95.0165940167134,29.5481566842677],[-95.0167607214249,29.547787820081],[-95.0168877436735,29.5475965212429],[-95.0168418257374,29.5472291759648],[-95.0168247876407,29.5471121065841],[-95.0168097850026,29.5470090181561],[-95.0167098260505,29.5463221758717],[-95.0166088257488,29.545903175801],[-95.0165538260039,29.5457001759011],[-95.0163758259074,29.5450981753406],[-95.0163598260159,29.5450371755702],[-95.0163598257,29.5448951754113],[-95.0161808258783,29.5441171755534],[-95.0161188254332,29.5439681755875],[-95.0160418255306,29.5433601756087],[-95.0160418253433,29.5432921755141],[-95.0160578259068,29.5432111751658],[-95.016057825576,29.5431031754359],[-95.0160268252625,29.5430011755398],[-95.0158398251871,29.5419261746794],[-95.0157778254774,29.5415811747497],[-95.0156298250032,29.5411071748878],[-95.0155598254461,29.5408841742623],[-95.0154978247801,29.5407151748885],[-95.0152958251924,29.5402961745634],[-95.0150548250822,29.5397611745839],[-95.0148448251775,29.5393891741812],[-95.0146268250497,29.5391321743342],[-95.0145098244581,29.5389901744477],[-95.0143158250457,29.5386721746608],[-95.0142068252192,29.5385371741035],[-95.0140598243636,29.5384691742581],[-95.0139818247722,29.5383751742014],[-95.0139428249936,29.5383001745484],[-95.0136858244709,29.5380231739906],[-95.0134448240831,29.5378541741524],[-95.0132118248977,29.5377661738445],[-95.0131498242127,29.5377321741485],[-95.0128928240509,29.5375491738833],[-95.0128148245823,29.5374211743134],[-95.0127688238648,29.5372991739395],[-95.0127138245489,29.5371441739265],[-95.0126368238232,29.5370291737244],[-95.0125038243501,29.5369611743683],[-95.0123178245024,29.5369001742237],[-95.0115008241991,29.5366971742605],[-95.0113768240553,29.5366091742336],[-95.0112758235876,29.5365011743135],[-95.0112678241292,29.536359174262],[-95.0112598235611,29.5362841741487],[-95.0112288238049,29.536230174123],[-95.0111278238542,29.5360541737908],[-95.0107708239218,29.5355001733307],[-95.0104048239204,29.5350941738345],[-95.0102028235735,29.5349111734463],[-95.0099068233506,29.5347291733457],[-95.0096968236237,29.5346341737458],[-95.009541823412,29.5345731739739],[-95.0094638233747,29.5345461737237],[-95.0093318238399,29.534560173965],[-95.0092698237095,29.5345391736955],[-95.009203823388,29.5344821737077],[-95.0091688233861,29.5343301731466],[-95.0089428229696,29.5339581737328],[-95.0087178229731,29.5334031730156],[-95.0086328228955,29.5332411731467],[-95.0086408229665,29.5331661729127],[-95.0089518234658,29.5329631728839],[-95.0090678233374,29.5328621730371],[-95.0091698232837,29.5327401729394],[-95.0091768233177,29.5326051729188],[-95.0091068234453,29.5324761727701],[-95.009029822885,29.5323071732221],[-95.0087878229871,29.5319351731633],[-95.0086558228748,29.5317921734174],[-95.0085078228941,29.5317651733789],[-95.0083988231657,29.5317451734601],[-95.0082748228404,29.5316711727549],[-95.0081428228459,29.531596172882],[-95.0080178230574,29.5315761733463],[-95.0079168224998,29.5316031728523],[-95.0077768232102,29.5316771733466],[-95.0077308227205,29.531664173206],[-95.0074268223074,29.5313261729427],[-95.007185822259,29.5309941731815],[-95.006874822264,29.5306021730901],[-95.0065938228387,29.5301351728676],[-95.0064458227069,29.5299111730231],[-95.0058938225267,29.5291671721448],[-95.0056998225578,29.5289781728927],[-95.005030822384,29.5282811723544],[-95.0045478217994,29.5277191725561],[-95.0041358219169,29.5272861723382],[-95.0040278220568,29.5271241720852],[-95.0036538211518,29.5266971722652],[-95.0033818215022,29.5263721717449],[-95.0031638214087,29.5261761717833],[-95.0030398217893,29.5261151717327],[-95.0029308214471,29.5260541722795],[-95.0027908217919,29.5258921719037],[-95.0026738207637,29.5257771724071],[-95.0025498208893,29.5257161718663],[-95.0022618211285,29.5256481719937],[-95.0021608210566,29.5256211717577],[-95.0018268205295,29.5254381718507],[-95.0012198211499,29.5250521715473],[-95.0010744593996,29.5249495636605],[-95.0010737853615,29.5249490875759],[-95.0008798211229,29.5248121721393],[-95.0006358211594,29.5245631721714],[-95.000445820351,29.524436171951],[-95.000177820363,29.5241811715065],[-95.0001670351496,29.5241709873646],[-95.0000500214687,29.5240604981612],[-94.9998908200757,29.5239101719217],[-94.9998478199257,29.5239101716182],[-94.9997808209126,29.5238831713486],[-94.9996727031621,29.5237857381451],[-94.9994898135414,29.5236209210394],[-94.999274819753,29.5234271718535],[-94.9992120793972,29.5233769800118],[-94.9988898196823,29.5231191718241],[-94.99865953612,29.5229380320964],[-94.9982766702427,29.5226340411433],[-94.9980598200003,29.5224501715126],[-94.997520375293,29.5220035530721],[-94.9974438202089,29.5219401709622],[-94.9972128192096,29.5217501712294],[-94.9970990055579,29.5216664603843],[-94.9968044348477,29.5214492827988],[-94.9965042627725,29.5212149322602],[-94.995987683334,29.5208096844883],[-94.9956337096724,29.520557884823],[-94.9953708194294,29.5203901710454],[-94.9952689722008,29.5203175849069],[-94.994974932582,29.5201080196995],[-94.9947419577031,29.5199487069649],[-94.9946434476672,29.5198971971989],[-94.9944301982384,29.5198084042436],[-94.9943903138002,29.5197892791074],[-94.9940838185069,29.5195891710943],[-94.9938278182066,29.5193561713495],[-94.9937728183984,29.5192651713368],[-94.9935450156313,29.519110150802],[-94.9934428186762,29.5190581711692],[-94.9933938183732,29.5190641704432],[-94.9932658184999,29.5191911711788],[-94.9932238182191,29.5191861708848],[-94.9930408187949,29.5190211712233],[-94.992867054917,29.5189043794971],[-94.9927868100748,29.518855260327],[-94.992686818784,29.5188361707565],[-94.99238927656,29.51864755085],[-94.9919375134379,29.5183604906374],[-94.9915298183835,29.5181011703911],[-94.9914588176365,29.5180501707816],[-94.9913726170396,29.5180345994667],[-94.9911948174543,29.5180111709166],[-94.9909090836531,29.5178564304485],[-94.9904353619621,29.5176035278355],[-94.9899074105312,29.5172956165767],[-94.9892893793934,29.5169122719853],[-94.9892658711043,29.5168976911915],[-94.989263848838,29.516899037999],[-94.9888148171521,29.5166171702766],[-94.9884905848549,29.5164230094525],[-94.9884837472023,29.5164189149005],[-94.9879548173339,29.5161021708935],[-94.9878208165444,29.5160651704098],[-94.9877288170294,29.5160101708462],[-94.9875948165726,29.5159051699968],[-94.9870158169964,29.515549170397],[-94.9867748161982,29.5154441700302],[-94.9863228168159,29.5151861705288],[-94.9862658168752,29.5151741703194],[-94.9862168168394,29.5151801705442],[-94.9861248166599,29.5151981706836],[-94.9860688162741,29.5151741703698],[-94.9857858164083,29.5149581703191],[-94.9856518159911,29.5148851704661],[-94.9854958160311,29.5147251705652],[-94.9853898165096,29.5146941700067],[-94.9853118167696,29.5146941699256],[-94.98518481587,29.5147311705515],[-94.985121816512,29.5147121706485],[-94.9847258165967,29.5144601703326],[-94.984400815664,29.5143371703735],[-94.9840918156245,29.5142671699931],[-94.9840048156959,29.5142451705968],[-94.9834388154422,29.5139341698147],[-94.9828678156088,29.5136551701168],[-94.9827408151655,29.5136421703558],[-94.9826198156908,29.5135991705372],[-94.9822738153191,29.5133101701903],[-94.9819918149745,29.5130951703328],[-94.9814128148721,29.5127781695272],[-94.9808508153598,29.5125661695885],[-94.9804538148819,29.5124701700108],[-94.9801668146859,29.5123461697565],[-94.979528814654,29.5122031702571],[-94.9793838147854,29.5121871701163],[-94.9791978144369,29.5122041703758],[-94.9790898149591,29.5122641701007],[-94.9789728143392,29.5122891701786],[-94.9789038144218,29.512281169951],[-94.9788348149943,29.5122381700965],[-94.978648814644,29.5120161697696],[-94.9785408148241,29.5119311698869],[-94.9781878139805,29.5118281696495],[-94.9777368145841,29.5116751696591],[-94.9774428142525,29.5116061700781],[-94.976490813709,29.5114191701648],[-94.9760498135966,29.5112991700357],[-94.9756088135261,29.5111631695353],[-94.9752948130214,29.5110181701531],[-94.9748828138827,29.5108551695209],[-94.9744318130012,29.5106591702068],[-94.9739018128414,29.5105311698747],[-94.9735778130856,29.5103861693412],[-94.9727058123913,29.5101731699821],[-94.9724108124728,29.5100701693254],[-94.9722198127509,29.510025169469],[-94.9720868125413,29.5100321692935],[-94.9717438122143,29.5100121695431],[-94.9715418126825,29.5099711698078],[-94.9711048125624,29.5098081701046],[-94.9706608126049,29.5096521696336],[-94.9704008119074,29.5095581698542],[-94.9692238118781,29.5092251692762],[-94.9676528110649,29.5087361696797],[-94.9673098114178,29.5086201693386],[-94.9666158115227,29.5084241692379],[-94.9665458109704,29.5084101691707],[-94.9664748112526,29.5084241697766],[-94.9664128114933,29.5084711693261],[-94.9663118106574,29.5085051692641],[-94.9660618108708,29.5085051694349],[-94.9658748113766,29.5084711700252],[-94.9656258111118,29.5083761692213],[-94.9655708108645,29.5083561698698],[-94.9655088107406,29.5083631693921],[-94.9654468107142,29.5083961693123],[-94.9653298104697,29.5085321695718],[-94.965251810641,29.5085461694701],[-94.9652048110233,29.5085321697149],[-94.9651578109941,29.508498169673],[-94.9651038109233,29.5084171694285],[-94.9644958110082,29.508159169193],[-94.9643398105175,29.5081451694611],[-94.963762810634,29.507928169207],[-94.963450810222,29.507840169736],[-94.9629518102213,29.5076571693052],[-94.9623878096248,29.5075281693241],[-94.9622528636494,29.507459687549],[-94.9621153437489,29.5073898991197],[-94.9620873249774,29.5073756799328],[-94.9616838709874,29.5071709341072],[-94.9613688102549,29.5070261695408],[-94.961220809326,29.5069981693841],[-94.961135809327,29.5070191697969],[-94.961064628155,29.5070650489278],[-94.9609248094311,29.5071551694895],[-94.9608491792214,29.507169755744],[-94.9607848094599,29.5071821697229],[-94.9606890069532,29.5071762353018],[-94.9605588099334,29.507168169723],[-94.9598637677508,29.5070107179801],[-94.9596618091516,29.5069371696699],[-94.9587949864694,29.5067192903389],[-94.9584120948019,29.5066699212543],[-94.9578768088437,29.5066121699237],[-94.9578368089832,29.506691169894],[-94.9576867584322,29.5066633294937],[-94.9574661931823,29.5065847135093],[-94.9571036156894,29.5064554780698],[-94.9565813578386,29.5062593755419],[-94.9557454800366,29.506042611803],[-94.9557433242554,29.5058292067725],[-94.9555708081188,29.5057921695308],[-94.9554258079566,29.5057721696487],[-94.9552258081384,29.505666169247],[-94.9550818079584,29.5056471697881],[-94.9548708081004,29.5057051694014],[-94.9547488084609,29.5056851697808],[-94.953604807728,29.5053761695904],[-94.9530158078394,29.5051541692655],[-94.9528948074602,29.5050001688814],[-94.9527448076715,29.5049271694121],[-94.9525948073401,29.5048591696114],[-94.9525448077353,29.5048591693851],[-94.9524938077956,29.5048741691232],[-94.952417806967,29.5048791693995],[-94.9522898077273,29.5048261688845],[-94.9521948074593,29.504816169099],[-94.9521008075643,29.5048451692154],[-94.9519568069184,29.5049081692915],[-94.9519118072281,29.5049801691408],[-94.9519008076041,29.505024169328],[-94.9518788072482,29.5050531689501],[-94.9518338067412,29.5050481692529],[-94.9518008068541,29.5049321692108],[-94.951734807264,29.5049221691151],[-94.9516398068043,29.5049321692826],[-94.9516068069518,29.5049371689218],[-94.9515508075475,29.5049711694539],[-94.9514958076317,29.5050821690509],[-94.9514398068592,29.5051641692595],[-94.9513628066389,29.505183169521],[-94.9512348070275,29.5051591695335],[-94.9512068070072,29.5050631694802],[-94.9511898071164,29.5050141689666],[-94.9511628071075,29.5049711690323],[-94.9511178068735,29.5049711689633],[-94.951073806636,29.5049851695405],[-94.9510568065125,29.5050141697529],[-94.9510408065302,29.5050871698072],[-94.9510435972857,29.5051379490688],[-94.9509255625624,29.505106939583],[-94.9506464784479,29.5050336172286],[-94.9503162820386,29.5049470908471],[-94.9502968065762,29.5049711695771],[-94.9502528065457,29.5049951696223],[-94.950218806492,29.5050001693087],[-94.9501638064444,29.5050051691071],[-94.9500858063312,29.5049801696839],[-94.9500138065763,29.5049371690857],[-94.949957806978,29.504903169717],[-94.9490148069968,29.5046321691345],[-94.9481862458174,29.5043888994544],[-94.9438082156261,29.5032414811397],[-94.9421698414978,29.5028120426757],[-94.9420088046798,29.5027531689547],[-94.9419138050102,29.5027141691723],[-94.941819805041,29.502656168899],[-94.9417648040102,29.5025981692388],[-94.9416758043028,29.5025651693254],[-94.9412698039553,29.5024581693407],[-94.9410758047831,29.5024341691683],[-94.9409318045859,29.5024291688909],[-94.9407708045064,29.5024581691466],[-94.9406648047131,29.5025211693767],[-94.940614804322,29.5025161692634],[-94.9405988043011,29.5024681690298],[-94.9405928039992,29.5024201691942],[-94.9405768042351,29.5023911690544],[-94.9405318038776,29.5023761693514],[-94.9403598043168,29.5023181694705],[-94.9402768041247,29.5022411689815],[-94.9400938039763,29.5021491688712],[-94.9394998041491,29.5019561693408],[-94.9394108037429,29.501946169305],[-94.9393718043514,29.5019751695853],[-94.9393388042863,29.5020571687204],[-94.939304456559,29.5021167041635],[-94.9391204734475,29.5020916151028],[-94.9389748230386,29.5020916157053],[-94.938361803607,29.5019811694712],[-94.9382118032493,29.501952168968],[-94.938117803746,29.5018841689499],[-94.9380898038311,29.5018161688392],[-94.9379838033773,29.5017631692537],[-94.9377838038895,29.5017201695336],[-94.9377178030042,29.5017251692489],[-94.9375898029945,29.5017831692433],[-94.9374958029032,29.5018111687365],[-94.9373288035377,29.5018111694782],[-94.9372568030922,29.5018021687252],[-94.9372178032244,29.5017681687233],[-94.9371678034013,29.5016961690166],[-94.9371238034824,29.5016131692137],[-94.9370678034977,29.5015551687397],[-94.9369958031109,29.5015261691945],[-94.936086888725,29.5013419673691],[-94.9356324743329,29.5010996172684],[-94.9354724730849,29.5010356162898],[-94.9354084723159,29.5010196162017],[-94.93531247162,29.50100361603],[-94.9352484708961,29.5009876158652],[-94.9351524700037,29.5009876164851],[-94.9351204700618,29.5009876163863],[-94.9351044700909,29.500987616334],[-94.9349818642898,29.501035560571],[-94.9348468027695,29.5010281694341],[-94.9346138022771,29.5010381694009],[-94.9344308021462,29.501057169186],[-94.9341808023332,29.500985168705],[-94.9340588023015,29.5009021691118],[-94.933986802242,29.5008691692623],[-94.9338978029285,29.5008691689389],[-94.933864802715,29.5008981687192],[-94.9338258020962,29.5009651694597],[-94.9337918024382,29.5009891687135],[-94.9337368021627,29.5010041687183],[-94.9335698022324,29.5009561691647],[-94.9335198027551,29.5009021687012],[-94.9332318022764,29.5008061692728],[-94.9330688024553,29.5007481691338],[-94.9315468018216,29.5002971686416],[-94.9313168015159,29.5002071686445],[-94.9308328012358,29.5000551693482],[-94.9307618012142,29.5000411694214],[-94.9306498014964,29.500055169203],[-94.9305468011932,29.500069169383],[-94.929943801643,29.4999931694092],[-94.9298168017654,29.4999721691783],[-94.9297688014996,29.499952169293],[-94.9296738011296,29.499896169195],[-94.9295308009975,29.4998761692126],[-94.929379800827,29.4999031689395],[-94.9292608016629,29.4999101686419],[-94.929165800998,29.4998621690883],[-94.9290948012541,29.4998061692865],[-94.9287928007548,29.499703169056],[-94.9286178010849,29.4996541691983],[-94.9282608008286,29.4995371692676],[-94.9278878005031,29.4994821687551],[-94.9276498011237,29.4994201691598],[-94.9275528009816,29.4993491691421],[-94.9274818005993,29.4993201686234],[-94.9273128002477,29.4992781689628],[-94.9271828002244,29.4992491686168],[-94.9266508008227,29.4990731687802],[-94.9264758003008,29.4990321687604],[-94.9263787999307,29.4989801689288],[-94.9262958006823,29.4989141685169],[-94.9262058002617,29.4988881687437],[-94.9259918001091,29.4988711691998],[-94.9258177999624,29.4988521693145],[-94.9256877997614,29.4988431689109],[-94.9251617996194,29.4987581685327],[-94.924951799902,29.4986921686725],[-94.9247488004081,29.4986201686305],[-94.9246437995898,29.4985751687795],[-94.9245758004181,29.498561168544],[-94.9244408002824,29.498575168576],[-94.9243507995347,29.4985751692133],[-94.9240428000995,29.4984761686865],[-94.9238177991756,29.4984371692267],[-94.9236077998912,29.4984241691578],[-94.9235097996267,29.498431168664],[-94.9233217998548,29.4983851688416],[-94.9232397996664,29.4983131686852],[-94.9231417999801,29.498241168797],[-94.9230437995125,29.4982151692578],[-94.9223307988933,29.4980581686757],[-94.9218207994236,29.4978871685064],[-94.9215947987408,29.4978351690754],[-94.9211517987501,29.4977631686058],[-94.9208067991666,29.4977041688758],[-94.9203787985255,29.4976261692852],[-94.9200407985078,29.4975541691073],[-94.919589798068,29.497502168877],[-94.9192297983099,29.4974691691784],[-94.9191617982097,29.4975021687729],[-94.9191237980228,29.4975411692687],[-94.9190937987612,29.4975611691916],[-94.9190267985509,29.4975611689184],[-94.9189287979767,29.4975361684545],[-94.9187707978354,29.4974821690813],[-94.918725797927,29.4973841684597],[-94.9186727979531,29.4973711685787],[-94.9185377981811,29.4973391684413],[-94.9168627974468,29.4970771687444],[-94.9167277977214,29.497084168489],[-94.9166457973429,29.4970971690872],[-94.9163977980506,29.4970841691932],[-94.9155187970432,29.4968611686057],[-94.9152757976435,29.496738168513],[-94.9145857971435,29.4965491687283],[-94.9140367974923,29.4964271690138],[-94.9134107964288,29.4964161691819],[-94.9124397970087,29.4963051685193],[-94.9122097967189,29.4962941685289],[-94.9119287970375,29.4962821686122],[-94.9116227960058,29.4963051692166],[-94.9113027966603,29.4964051693224],[-94.9108817967734,29.496527168909],[-94.910638796332,29.4965381687968],[-94.9102937959315,29.4965721693958],[-94.9101147962683,29.4965161689687],[-94.9099747959965,29.4964491690956],[-94.9099107958434,29.4964711689059],[-94.9098727959633,29.4967381694166],[-94.909897795761,29.4969161694814],[-94.9098597961315,29.4970271690214],[-94.9096937960286,29.4970271692006],[-94.9096425320572,29.4968701353625],[-94.9096330801642,29.4967974373013],[-94.9094714669509,29.4968436127508],[-94.9093434659498,29.4968756131001],[-94.9091034640536,29.4969556131645],[-94.9089494701882,29.4970086146995],[-94.9086874696287,29.4970996142862],[-94.9082554667524,29.497323616777],[-94.9051354604411,29.4994356147833],[-94.9032474643278,29.5009556166223],[-94.9012954679669,29.5024916201939],[-94.8991834610899,29.5039956131188],[-94.8968474608676,29.5055156157784],[-94.8941594589873,29.5070356185041],[-94.8925854576796,29.5079136139276],[-94.8920954612798,29.5081876178756],[-94.889327457509,29.5095156196274],[-94.8863194623925,29.5108276202615],[-94.8837904646259,29.5117876188289],[-94.8835614617427,29.5118686156551],[-94.8822544619049,29.5123316229105],[-94.8821324587722,29.5123866175264],[-94.88190245868,29.5124916146071],[-94.8802017436022,29.5130265243952],[-94.8799184618531,29.5131156197978],[-94.8787814565318,29.5134766195061],[-94.8782544580301,29.5136436143883],[-94.8770404605021,29.5140476221362],[-94.8770064579532,29.514059618438],[-94.8769534563459,29.5140726194453],[-94.8752064619059,29.5146766195178],[-94.8739704570992,29.5148996150492],[-94.8713534589166,29.5153056161904],[-94.8679564588031,29.5159146175819],[-94.8639754544926,29.5162466158137],[-94.8579464524011,29.5167856187948],[-94.8484524543926,29.5170946226748],[-94.8373444455146,29.5170076188721],[-94.8333864447453,29.5169116187183],[-94.8329884145243,29.5169493129731],[-94.830334444617,29.5172006176469],[-94.8281234471551,29.5177796208477],[-94.8252304414827,29.5190836220976],[-94.8229464465331,29.5204046193355],[-94.8207754397288,29.5219996215962],[-94.8187444395363,29.5237226248657],[-94.8166624393318,29.525865626116],[-94.8149654391055,29.5278106195408],[-94.8136514449326,29.5295096218943],[-94.8125228954214,29.5311374029344],[-94.8123674396706,29.5313616231806],[-94.8112294372782,29.533228626868],[-94.8100484457644,29.5352416254486],[-94.8095554411211,29.5361616227985],[-94.8092694410168,29.5366986236518],[-94.8087524451022,29.5376666223987],[-94.8076384432797,29.5399116218933],[-94.806791442224,29.5414856227806],[-94.8061884395653,29.542564625234],[-94.8054364427372,29.5435966243516],[-94.8042554415323,29.5448586317292],[-94.8029954358707,29.5457266252779],[-94.8018594366286,29.5461976320378],[-94.8005584436696,29.5467266327836],[-94.7994218067167,29.5471969646972],[-94.796565541161,29.5489065228842],[-94.795294440049,29.5499096337874],[-94.7945104426386,29.5504896331174],[-94.7938254365469,29.5509486267569],[-94.7933414376041,29.5510726324372],[-94.7931734361049,29.5511166273582],[-94.7926554337614,29.5509846310683],[-94.7921564406622,29.5508116288769],[-94.7916174372211,29.5504216280344],[-94.7912994370854,29.5499816249049],[-94.7912756498051,29.5499376984639],[-94.7890387544477,29.5467703957323],[-94.7888808349877,29.5465467821159],[-94.7889340406531,29.5463975820831],[-94.7889651529813,29.5461450566008],[-94.7886199087748,29.5460777192402],[-94.7883203370573,29.5460006080121],[-94.7880797937099,29.5457646791994],[-94.7878895817329,29.5452777844043],[-94.7877134005546,29.5446229902535],[-94.7875326193492,29.5441703748088],[-94.7872248158244,29.5438046334461],[-94.7868938486748,29.5435563825486],[-94.7865860236575,29.5432537356492],[-94.7863478959077,29.5429524179817],[-94.7863240025475,29.5426820636539],[-94.786377592305,29.5425082084569],[-94.7864598904714,29.5423215435298],[-94.7864055811772,29.5421756287245],[-94.7861893730039,29.5421463678819],[-94.7860722814635,29.54187783662],[-94.7861355237499,29.5415702155014],[-94.7862105775302,29.5414367512799],[-94.7862305593074,29.5414012185944],[-94.7863004252693,29.5412769779084],[-94.7862169811502,29.5410660212703],[-94.785802315572,29.5407941851616],[-94.7850623227576,29.5402018332946],[-94.7845364460463,29.5400481027852],[-94.7843401908584,29.539672356126],[-94.7841038506062,29.5394912337914],[-94.7841436517148,29.5391787280974],[-94.7839562738127,29.538657107169],[-94.7837311352234,29.5383112344139],[-94.7835617332821,29.5378857861579],[-94.7833760532847,29.5376258028882],[-94.783390488064,29.537302960133],[-94.7833520953532,29.5370530360707],[-94.7834712149009,29.5368191278061],[-94.7835194042518,29.5367011522901],[-94.7837313371994,29.5364736274386],[-94.7837907202958,29.5362914850264],[-94.7837797735616,29.5358636317085],[-94.7834916287767,29.5355868528197],[-94.7831352879543,29.5353170843326],[-94.7827373115765,29.5351289993129],[-94.7825406867683,29.5349953886471],[-94.7822948346797,29.5346537681944],[-94.7823650799846,29.5344568008197],[-94.7817646263298,29.5340538770171],[-94.7814551373816,29.5336090837925],[-94.7812925441302,29.5331647906032],[-94.7810880893266,29.5324360306335],[-94.780810355001,29.531871687465],[-94.7806341042279,29.5316213598722],[-94.7803471407418,29.5311818303635],[-94.780098982586,29.5309544491862],[-94.7797943299706,29.5306796311744],[-94.7795280626594,29.5305331539313],[-94.7792786342194,29.5302521997948],[-94.7788245694063,29.5301116909936],[-94.7787089631145,29.5298831685457],[-94.7783580982143,29.5296351221738],[-94.7780543909399,29.5294249147778],[-94.7778496994355,29.5294073920148],[-94.7776528546871,29.5292587978051],[-94.7763879040031,29.5287929646409],[-94.7757410880936,29.5284632718578],[-94.7753597065527,29.5282152215391],[-94.7751316773925,29.5281375741253],[-94.7749353468926,29.5281450831685],[-94.7746678271093,29.5282932599525],[-94.7744630933822,29.5282976541201],[-94.774104527215,29.528074571585],[-94.7734902763585,29.5277523787494],[-94.7730191083746,29.5276053895308],[-94.7728138755845,29.5276008594135],[-94.7724967337243,29.5274621728613],[-94.7722777926014,29.5271219038931],[-94.7720762626072,29.5269308486994],[-94.7715864392077,29.5266777733295],[-94.7710523833283,29.5264685757534],[-94.7705493428788,29.526277542658],[-94.7701851218183,29.526204909171],[-94.7696859188434,29.5261262132686],[-94.7692288089049,29.5261003585836],[-94.7690354995208,29.5260807165752],[-94.7686973695449,29.5259133789443],[-94.7685109972178,29.5258414265334],[-94.7682426887648,29.5255607174766],[-94.7682181310741,29.5255533345604],[-94.7677126242822,29.5254013573967],[-94.7670872046776,29.5251230147291],[-94.7666291284126,29.5249412525595],[-94.7661081011406,29.5247567209931],[-94.7660582773033,29.5247478358074],[-94.7656492957297,29.5246748986099],[-94.7653486429109,29.5247488202842],[-94.7649580682985,29.5246619323328],[-94.7645896427344,29.5243783908818],[-94.763958980962,29.5242261648418],[-94.763419644873,29.5241404877399],[-94.7629034578999,29.5240707015526],[-94.7626121137026,29.5240334719551],[-94.7623523670546,29.5239764556654],[-94.7619429999606,29.524133473616],[-94.7616475581818,29.5242294551211],[-94.7612092993802,29.5242330218594],[-94.7609888493143,29.5242877711508],[-94.7610186573307,29.5245062330259],[-94.7606739787645,29.5244595042085],[-94.7601853472548,29.5244224981862],[-94.7598442544963,29.5244856951745],[-94.7597645538408,29.5242431577284],[-94.7592588457614,29.5241911614145],[-94.758460687947,29.5241895326262],[-94.7576147116303,29.5241303848702],[-94.7567808317831,29.5242719526182],[-94.7559679445983,29.5243148814499],[-94.7555622667831,29.5243682972724],[-94.7552299666055,29.5246396856256],[-94.7550518585934,29.5249258070511],[-94.7546418321805,29.5250755708671],[-94.7542499998367,29.5252410950909],[-94.753713164095,29.5252367506721],[-94.7535380122286,29.5250608491744],[-94.7533123415342,29.5250525391407],[-94.7530684007598,29.5251121622805],[-94.7528361598464,29.525065586344],[-94.7526238506818,29.5249284616177],[-94.7523658212189,29.5249499171149],[-94.7523357655909,29.5252331259977],[-94.7523583327487,29.5253741938793],[-94.7523769194373,29.5256135057204],[-94.7519334689812,29.5259527780513],[-94.7513251278604,29.5260134377572],[-94.7510951097568,29.5259581562228],[-94.7508672653419,29.5259810117424],[-94.7505169548343,29.5260864368158],[-94.7500660040883,29.5262595868254],[-94.7497582271928,29.5262949147635],[-94.7495649160772,29.5265188187739],[-94.7492599575632,29.5264970630736],[-94.7485678112246,29.5266997795739],[-94.747805534123,29.5269499190741],[-94.7477312694744,29.5270073940042],[-94.7475365129154,29.5270099876791],[-94.747384872525,29.5268600442843],[-94.7472491615029,29.5268332890582],[-94.7470879453485,29.5269707587417],[-94.7467282360996,29.5271895278086],[-94.7464286784146,29.5272520128611],[-94.7461318009934,29.5269855287082],[-94.7458220708971,29.527020562523],[-94.7451996542,29.5270294594519],[-94.7448321666789,29.5269778620317],[-94.7444422835996,29.5270144229466],[-94.7440530068618,29.527122068702],[-94.7435480163245,29.5269171141731],[-94.7433137849554,29.5267341783372],[-94.7428753000692,29.5264561371626],[-94.7425714828853,29.526391180668],[-94.7424372767703,29.526411475151],[-94.7424534952369,29.5265466104796],[-94.7421181817678,29.5266773226142],[-94.7419691078078,29.5266725593678],[-94.7416396994016,29.5265311520276],[-94.7412269403904,29.52633228958],[-94.7409790450294,29.5262004957478],[-94.7406795625933,29.5262138418302],[-94.7402400868306,29.5264666972746],[-94.7397694623448,29.5267860399685],[-94.7394134877289,29.5269456066658],[-94.738847856783,29.5273183913741],[-94.7384567095882,29.5273953085682],[-94.737846884409,29.527564110362],[-94.7373773205619,29.5276236661588],[-94.7370111719104,29.5278698425855],[-94.7363931475781,29.5280108339632],[-94.7358852015114,29.5282861032488],[-94.735576119636,29.5285270096401],[-94.7350122381328,29.5286720163472],[-94.7343728977016,29.5289507638885],[-94.733189278064,29.5291898327072],[-94.7330027845235,29.5292779889175],[-94.7325604591824,29.5294055712786],[-94.7317174316601,29.5294617027358],[-94.7310623633583,29.5295739572467],[-94.7305023958483,29.5298700171924],[-94.7301178946407,29.5302134311797],[-94.7299632328683,29.5303034208117],[-94.7283392741498,29.5306396662551],[-94.727780752584,29.5310394071413],[-94.7263317583904,29.5313775747717],[-94.7257320717221,29.5314855403456],[-94.7253798814944,29.5314818950095],[-94.7248455394162,29.5316647730111],[-94.7244514486716,29.5319722359361],[-94.7238090974811,29.5323291832545],[-94.7229334147928,29.5327949789908],[-94.7223463414049,29.533030655579],[-94.7219845610201,29.5331325651865],[-94.7217669836294,29.5332139112594],[-94.7214451789657,29.5334120897063],[-94.7212705879501,29.5334278627682],[-94.7120841193413,29.5360852089697],[-94.7120840731087,29.5362513289926],[-94.7119969398426,29.536516400197],[-94.7116915245199,29.5365180470976],[-94.7115664805043,29.5363347058176],[-94.7114503536389,29.536311037366],[-94.711295839708,29.5363131950255],[-94.7101993294565,29.5366303171219],[-94.7101846054555,29.5366376419659],[-94.7097645780438,29.5367865351446],[-94.7096435152572,29.5368602232235],[-94.7092650856419,29.5369005015482],[-94.7091889462591,29.5369086051911],[-94.7085521559514,29.5371021342009],[-94.7078636946173,29.5370974720177],[-94.7070573702998,29.5373129460081],[-94.7063362965773,29.5373156183414],[-94.705610714392,29.5376487720852],[-94.704975997933,29.5379004610201],[-94.704881986703,29.5379225498423],[-94.7040164969774,29.5381259040256],[-94.7030157872896,29.5382575894898],[-94.702292058588,29.5383987720775],[-94.7016935163458,29.5383687800513],[-94.7012408749803,29.538357764512],[-94.7008394672099,29.5381320669472],[-94.7007191856712,29.5379038969871],[-94.7005287981734,29.5378322419244],[-94.7002917810427,29.5378698480589],[-94.6999948483489,29.5378909159252],[-94.699536507314,29.5379351279734],[-94.6992031726828,29.5377928149543],[-94.698729125515,29.537758226476],[-94.6983597661811,29.5378235467952],[-94.6980544518176,29.5379247540076],[-94.6977305090888,29.5379690034017],[-94.6974690918097,29.5379451214705],[-94.6970603899821,29.5379462087987],[-94.6966146102563,29.5379701931511],[-94.6960510716199,29.5381158452155],[-94.694609184119,29.5380994129572],[-94.6928408420046,29.5381083759733],[-94.6916175537876,29.5381499156797],[-94.6899796350945,29.538183424412],[-94.6887888105128,29.5381454585323],[-94.6884174846132,29.5380859325607],[-94.6874577177229,29.5381125872636],[-94.6868022651812,29.5380884573329],[-94.686157366946,29.5381439470974],[-94.685451019966,29.5383231723723],[-94.6850391627129,29.5385523054388],[-94.6844340081945,29.5388048654919],[-94.6837479166613,29.5390320873566],[-94.6829174235605,29.5393920181767],[-94.6821150930281,29.5397027618792],[-94.6817906127199,29.5398663853743],[-94.6812211687862,29.5399525804399],[-94.6805188400542,29.5403247155038],[-94.6799729630719,29.5404556677055],[-94.6797289047606,29.5405715153307],[-94.6794961533511,29.5406424585236],[-94.6791279714144,29.540820572392],[-94.6788775369883,29.5408612458089],[-94.6785802234067,29.5409425496801],[-94.678142371177,29.5409796235429],[-94.6776160935846,29.5412389346055],[-94.6755999137486,29.5416636224688],[-94.6750222915949,29.5417665728571],[-94.6748441323948,29.5417634453364],[-94.6739806429092,29.5420852899869],[-94.6733681165248,29.5421881322475],[-94.6727681746903,29.5422450685359],[-94.6721359475841,29.5424224446542],[-94.6716621380016,29.5426381701125],[-94.6707902288776,29.542777734703],[-94.6698638067483,29.5429491158276],[-94.6687487103352,29.5430335106635],[-94.6677357724034,29.5433824229436],[-94.6670761373914,29.5435688148012],[-94.6663291204371,29.544000119345],[-94.6657831116185,29.5442592529605],[-94.6651541925962,29.5446690382731],[-94.6648504028396,29.5450955608515],[-94.664281100425,29.545543962099],[-94.6638764841493,29.5456280408836],[-94.6635463383076,29.5459638753901],[-94.6632864840692,29.5460820662985],[-94.6626495840812,29.5461058344383],[-94.6622044612259,29.5462444682809],[-94.661937349728,29.5464621420116],[-94.6616334669181,29.5464704708798],[-94.6613478870641,29.5462961971992],[-94.6610562611641,29.5462828140877],[-94.6604807518274,29.5465503007878],[-94.6601801354453,29.5468608656423],[-94.6600469750837,29.5469234533341],[-94.6596381472628,29.5467503350188],[-94.6595464541433,29.5464942965509],[-94.6594011351224,29.5464216333222],[-94.6591835175898,29.5466071230357],[-94.6589313685048,29.5465922054572],[-94.6585007603306,29.5464780571995],[-94.6580916280314,29.5469428250082],[-94.6579624663269,29.5469993403091],[-94.6577607896498,29.546949751418],[-94.6575842987171,29.5470195719058],[-94.6575557198842,29.5472568047123],[-94.6573694608936,29.5472681454355],[-94.6572897056655,29.5471837220534],[-94.6571378111513,29.5471334748984],[-94.6569494587165,29.5474439416025],[-94.6567724382804,29.5475440750369],[-94.6563023704017,29.5475927673574],[-94.6560426645935,29.5477066226734],[-94.6558658640992,29.547280196822],[-94.6557984520409,29.547168217029],[-94.6555403675712,29.5472097311526],[-94.6554091357163,29.5475069004388],[-94.6554591495595,29.5476980665829],[-94.6555271923523,29.5477987536676],[-94.6553620336546,29.5479271632083],[-94.6552450190852,29.5479263183815],[-94.6551058290198,29.5478220133234],[-94.6549542445916,29.5478446090911],[-94.6548025019689,29.547997210257],[-94.6546494246413,29.547978839439],[-94.654312892534,29.5477578025862],[-94.6542009743167,29.547724966528],[-94.653725705105,29.5477896057202],[-94.6533698330592,29.5478255863819],[-94.6530312909696,29.5480552090354],[-94.6528274553723,29.5482596970181],[-94.6525522109506,29.548287754964],[-94.6523621492754,29.5482216260786],[-94.6520702829723,29.5481350733322],[-94.6520522672095,29.5480201943382],[-94.6517994864791,29.5478475652631],[-94.6516168943489,29.5479093198366],[-94.6513638733477,29.5484801335366],[-94.6511394949995,29.548478120528],[-94.6509606160563,29.5481927952952],[-94.6507065431263,29.5481769022349],[-94.6505142148716,29.5481408448874],[-94.6503577722397,29.5484225019397],[-94.6502097368412,29.5485687268646],[-94.6499620277783,29.5484931787699],[-94.649721158222,29.5484191330758],[-94.6494591345303,29.5485103287816],[-94.6491606829734,29.5483061083201],[-94.6488954249155,29.5486549649954],[-94.6484572389721,29.5486829862032],[-94.6483562310214,29.5486371039633],[-94.6475609484595,29.5486422066389],[-94.646846230659,29.5488905618484],[-94.6464623423681,29.5489431519109],[-94.6464580738601,29.5489430941734],[-94.6461691742215,29.5489391929912],[-94.6458870238607,29.5491022133804],[-94.6458657255795,29.5491030907888],[-94.6455504802071,29.5491160759375],[-94.6452967967215,29.5491922373838],[-94.6447153527453,29.5493288955675],[-94.6444094085813,29.5493174261096],[-94.6437605327576,29.5491127611478],[-94.6433936128767,29.5491440595133],[-94.6431975395352,29.5492741188503],[-94.6426600788479,29.5493321580516],[-94.6424709097339,29.5494744662797],[-94.6419291905821,29.5495814592881],[-94.6414131518675,29.5495156269635],[-94.6411917366852,29.5497069383731],[-94.6406934645916,29.5496806609771],[-94.6406094314215,29.5494478902291],[-94.6399828848304,29.5494443276547],[-94.6397112036615,29.5494751156907],[-94.6391434428396,29.5493960160079],[-94.638665275344,29.5494763789807],[-94.6382173411555,29.5494390557997],[-94.637414996331,29.5496871598594],[-94.6372092432818,29.5497921551711],[-94.6368244249479,29.549879734726],[-94.6363574782903,29.5499127524749],[-94.6358449501632,29.550041835322],[-94.6354531118927,29.5502310984241],[-94.6354033851004,29.5505999442722],[-94.6349966103966,29.5510217534847],[-94.6347221227027,29.5509194579109],[-94.6343616688896,29.5509590835282],[-94.6339770780675,29.5510900499444],[-94.6335365161101,29.5512567175512],[-94.6331993629612,29.5512885252618],[-94.6328697481106,29.5515713438906],[-94.6325861604402,29.5517439855345],[-94.632292492908,29.5518649146147],[-94.6319841290444,29.5518501343774],[-94.6320270478158,29.5517706567814],[-94.6320664923092,29.5516083042036],[-94.6319319179001,29.5515625561032],[-94.6317215781202,29.5516170571508],[-94.6313966376192,29.5516036553054],[-94.6312168359885,29.5515600556171],[-94.6308812814335,29.5516352033348],[-94.6306795363931,29.5517313106639],[-94.6303987195101,29.5519677611227],[-94.6299617041555,29.5523581474998],[-94.629461198292,29.5526042453157],[-94.6287345878935,29.5527549045188],[-94.6279469306347,29.5530363570954],[-94.6271197162549,29.5530478118875],[-94.6265031100221,29.5530932808492],[-94.6260514973374,29.553164265331],[-94.625814199457,29.553052087583],[-94.625379935773,29.5530408387822],[-94.6248299524202,29.5530779727966],[-94.6243562098614,29.5531721915378],[-94.6240898693218,29.5532874702393],[-94.6236478226931,29.5532928771302],[-94.6229637478756,29.5534484885945],[-94.6227348984507,29.5535602282983],[-94.6218975638412,29.5537857347143],[-94.6207193463329,29.5540545940306],[-94.6200854768046,29.5542820485928],[-94.6194596119844,29.5545306071084],[-94.6182874439247,29.5546540636219],[-94.6175611785329,29.5547583694606],[-94.6169147157213,29.5547452075438],[-94.6163094277864,29.554924638335],[-94.6153830478488,29.5551842090445],[-94.6143908415038,29.5554572256265],[-94.6128357351318,29.55592762313],[-94.6104034730834,29.556447778283],[-94.6095270954815,29.5567985678135],[-94.6090620456955,29.5569821598518],[-94.6081751032425,29.5573999466874],[-94.6070232516081,29.5577726602359],[-94.6062506917802,29.5580456219113],[-94.6055489901373,29.5580279873425],[-94.6050529166723,29.5580442455199],[-94.6043603051125,29.5584135849205],[-94.6036853814507,29.5584172801491],[-94.6031041515091,29.5586250790889],[-94.6027229410233,29.5586973206656],[-94.6022158111646,29.558854934539],[-94.6014233614086,29.5590152766936],[-94.6006458971407,29.5593201467432],[-94.6001266658128,29.5594230244502],[-94.5996642167864,29.5595692091622],[-94.5989535422736,29.5601406225895],[-94.5980761371693,29.560705964627],[-94.5975344180549,29.5612751599662],[-94.5971624808146,29.561388250442],[-94.5968730784161,29.5613869180258],[-94.596228263888,29.5612063164016],[-94.5955467404257,29.5611512411884],[-94.5943317198116,29.5614715650023],[-94.5937330326001,29.5614787574027],[-94.5923246802697,29.5617579531601],[-94.592025563181,29.5618709073248],[-94.5910202659404,29.5621274991369],[-94.5903811806063,29.5625719523714],[-94.5893124900331,29.5629916353232],[-94.5886020119134,29.5632412077911],[-94.58739577444,29.5638580380975],[-94.5868398527341,29.5639097501772],[-94.5865275910516,29.5640748292079],[-94.58622346769,29.5640976296573],[-94.5857865739144,29.5644141251893],[-94.5854570473125,29.5644564127124],[-94.5847228805067,29.5649073195874],[-94.5842228732376,29.5651102083963],[-94.5833341882282,29.5653142022148],[-94.5818346372312,29.566062996769],[-94.5812639842853,29.5662780604087],[-94.5810427380947,29.5665391183739],[-94.57494733542,29.5691497572307],[-94.5748652842644,29.5691929699161],[-94.5747835298077,29.5692199081867],[-94.5740156578685,29.5695487527393],[-94.57361196998,29.5698238285858],[-94.5730249740688,29.5701371997369],[-94.5724543626267,29.5703594453967],[-94.5721267561344,29.570409354382],[-94.5717223423221,29.5705403575862],[-94.5711882316107,29.570759552185],[-94.5711848802278,29.5707609273962],[-94.5706877851542,29.5710285995464],[-94.5703520866603,29.571330443173],[-94.5700367862731,29.5718053666251],[-94.5700007621981,29.5722967686798],[-94.5699229512347,29.5724871787478],[-94.5695661686078,29.5728906682588],[-94.5694752276325,29.5723119989908],[-94.5688883744029,29.5723661654517],[-94.5681256299177,29.5723527626584],[-94.5676593762395,29.5726717795648],[-94.5671185133736,29.572588305179],[-94.5668058473444,29.5727089585588],[-94.5664297204859,29.5727228575138],[-94.5657871789955,29.5732085961456],[-94.5654730993331,29.5732165057893],[-94.5649968995873,29.5733281643821],[-94.5645141022347,29.5733473832902],[-94.5641233685721,29.5734188068976],[-94.5636425921516,29.573541107894],[-94.5630085006472,29.5737368448018],[-94.5625602229866,29.573862686196],[-94.5620721013472,29.5739706008444],[-94.561554378612,29.5740790093384],[-94.5608443605634,29.5742410652104],[-94.5599821482404,29.5742349508599],[-94.558391249798,29.5742613280444],[-94.5572027102069,29.5742971920706],[-94.5552168386855,29.5742777704509],[-94.5547682927443,29.574231303412],[-94.5537230229889,29.574207320842],[-94.5528815570796,29.5741562906433],[-94.5520994895659,29.5740525604214],[-94.5514525270948,29.5737975462569],[-94.5503042612972,29.5734000644929],[-94.5495997624731,29.5733100967935],[-94.5488318405421,29.5730905984143],[-94.5478914876979,29.5730368741087],[-94.5471338610549,29.5728914678887],[-94.5464670944638,29.572652814011],[-94.5456916043021,29.5723430989358],[-94.5447866343886,29.5717555146929],[-94.5434865602844,29.5706020388511],[-94.5428598637254,29.5697926977785],[-94.5423421881225,29.5691106233465],[-94.5417539844526,29.5685327075649],[-94.5414510811988,29.5682863199781],[-94.5411355975308,29.5679019649841],[-94.5409898047551,29.5675451207238],[-94.5404438372078,29.5667588829114],[-94.5403022977368,29.5661271663112],[-94.5398777700612,29.5652702889148],[-94.5397749132213,29.5648736326955],[-94.5394463445004,29.5639765196201],[-94.5388993983117,29.5634171816767],[-94.5386437093517,29.5629072590174],[-94.5382547191676,29.5624645841213],[-94.5376275950057,29.5622034520481],[-94.5371467790107,29.5617194236662],[-94.5367024473976,29.5612026049584],[-94.5363145844966,29.560583051281],[-94.5360445147487,29.5604598678096],[-94.5358611817735,29.5601400691701],[-94.5356674799809,29.5598979790943],[-94.5351220719234,29.5597937299309],[-94.5344777873169,29.5593811566113],[-94.5328916556758,29.5585177849021],[-94.5322693165968,29.5584509489196],[-94.5320566399038,29.558374459525],[-94.5320058122923,29.5579960894893],[-94.5315882254774,29.5579881728681],[-94.5309592512923,29.5576557647728],[-94.5308239940305,29.5574293957473],[-94.5303715542893,29.5570731337649],[-94.5298663192015,29.5567742987987],[-94.5292503222134,29.5564866430185],[-94.529038225175,29.5563671565461],[-94.5286548124164,29.5560323713764],[-94.5283197994037,29.5556145723499],[-94.5279986897283,29.55506840172],[-94.5274673454349,29.5544915837155],[-94.5267596085209,29.5536005036337],[-94.5257351375255,29.5527474618575],[-94.5247389963655,29.5516023343034],[-94.5244316097551,29.5506650540398],[-94.5241785921434,29.5500493835685],[-94.5237272559975,29.5489403090148],[-94.5232817718662,29.5474434491437],[-94.5230840298406,29.5465370033762],[-94.5229332627555,29.5448342362412],[-94.5230202477141,29.5437101394079],[-94.5230922815517,29.5428174215473],[-94.523214250606,29.5422057432845],[-94.5233294647138,29.5417864867239],[-94.5233615880247,29.541330894218],[-94.5233359770179,29.5410695034997],[-94.5231041438999,29.5408375436084],[-94.52260838287,29.5405925268109],[-94.5223338243889,29.5404853486052],[-94.5218529555486,29.5405064589389],[-94.5214941793901,29.5405508391984],[-94.5210367992113,29.5405160070615],[-94.5206502155803,29.5404956911469],[-94.5200725840316,29.5405320250819],[-94.5193664174956,29.5405817090023],[-94.5187651028441,29.5406240128709],[-94.5177548350566,29.5408039736637],[-94.5171052094491,29.5408181605867],[-94.5159746199203,29.5410634028991],[-94.5136998523822,29.5417238567086],[-94.5126033331886,29.5421317161193],[-94.5117085662457,29.54221283346],[-94.5112562588657,29.5422526114665],[-94.5106046625716,29.542484890523],[-94.5100543269753,29.5426581794747],[-94.5093756132251,29.5430293801997],[-94.5089278035754,29.5430206418144],[-94.508633781313,29.5430147582864],[-94.5081909096744,29.5430132335383],[-94.5078027552344,29.5431575289396],[-94.5071380709324,29.5431763936303],[-94.5064726175382,29.5432018450629],[-94.5058978790681,29.5432806189664],[-94.5051327734992,29.5432748098392],[-94.504709497497,29.5432450363682],[-94.5041635314715,29.5433071809894],[-94.5038405675265,29.5432884651243],[-94.5032842362518,29.5433369463096],[-94.5031257670084,29.5434022379075],[-94.502548356214,29.5434246332388],[-94.502114242024,29.5433931595861],[-94.5017264127839,29.5435669172263],[-94.5011096969943,29.5436309948237],[-94.5007663196056,29.5436681985037],[-94.5004967316537,29.5438245639328],[-94.5002241972394,29.5439038172071],[-94.499754853696,29.5438898293974],[-94.4994000226595,29.543843643207],[-94.4990539889746,29.5438452464579],[-94.4987716395924,29.5438755281159],[-94.4982633180941,29.5440685320049],[-94.4978090261807,29.5443438235598],[-94.4975988940646,29.5447879238689],[-94.4975088295954,29.5453758244413],[-94.4973597242674,29.5458550737398],[-94.4973118639827,29.5461844231376],[-94.4967836432228,29.547097666709],[-94.4966136064444,29.5474779042996],[-94.4957810217053,29.5486122480777],[-94.4955404938574,29.5490827455985],[-94.4953615677093,29.5492675035197],[-94.494896560733,29.5494046953911],[-94.4945424294219,29.5496061181231],[-94.4943292345008,29.5498222955242],[-94.4939729671964,29.5500456153813],[-94.4935605966641,29.5501788169624],[-94.4929294046741,29.5502310373832],[-94.4921534502042,29.5504631325176],[-94.4911164558924,29.5510399496496],[-94.4907933485016,29.5513339375305],[-94.4905143216201,29.5514922164686],[-94.4902348298784,29.5514592642124],[-94.4899326342008,29.5515419447147],[-94.4894687178842,29.5518423316303],[-94.489578166703,29.5519891796751],[-94.4893601848927,29.5522353538181],[-94.4889140759404,29.552330686555],[-94.4882543203697,29.5524809400317],[-94.4877040328761,29.5526865256692],[-94.4868835751435,29.5529744264484],[-94.4862750089573,29.5531213481802],[-94.4851588965739,29.5533749653011],[-94.4841731751463,29.5534356900005],[-94.4832824721361,29.5535043084462],[-94.4827440213991,29.5536319592547],[-94.4818586766666,29.5539689395748],[-94.4816099016363,29.5542010829823],[-94.4808312830346,29.5544118029049],[-94.4803072485879,29.5546484139136],[-94.4798132114866,29.5549469837021],[-94.4794357343576,29.5551235961244],[-94.4790904837087,29.5554280609232],[-94.4787615257805,29.5556423210175],[-94.4784617648197,29.555840352074],[-94.477873811495,29.5560575313638],[-94.4775295593139,29.556218871101],[-94.4775276409168,29.5562197705624],[-94.4774152674302,29.5562724363928],[-94.4769831592004,29.5565072919569],[-94.4764757597007,29.5567883103996],[-94.4761267769676,29.5570326115444],[-94.4757823163747,29.5572117461349],[-94.4754811018308,29.5574434658632],[-94.4751176140667,29.5576918046487],[-94.4749889055693,29.5578108949338],[-94.4748121857608,29.5579437031009],[-94.4743822511342,29.5581041693771],[-94.4739740468502,29.5582528143662],[-94.4737698816387,29.5582539869263],[-94.4736566724377,29.5579276771712],[-94.4735979446471,29.5575668651726],[-94.4734435990001,29.5573562872736],[-94.4731770576814,29.557135448903],[-94.4728441195378,29.5569621271025],[-94.4725425956679,29.5568747034587],[-94.4725523650087,29.5566918511036],[-94.4721113476989,29.5564937364775],[-94.4716473020993,29.55644021059],[-94.470910813563,29.5563100964611],[-94.4703108769226,29.5563402470023],[-94.4699207635694,29.556405237848],[-94.4694358186808,29.5565120977165],[-94.4689828198884,29.5566840309432],[-94.4683600736296,29.5568674349391],[-94.4681254596561,29.556973269394],[-94.4681036840396,29.5580021963446],[-94.4674458992755,29.5580291301791],[-94.4669101608291,29.5582200869542],[-94.4639601157162,29.559306212211],[-94.4633267361299,29.5597351718412],[-94.4623700534086,29.5604637772195],[-94.461576760434,29.5607835889945],[-94.4607076820333,29.5609701970522],[-94.4600846827183,29.560999197381],[-94.4593093973622,29.5610182898243],[-94.4591506821683,29.5610221973574],[-94.4585420159215,29.5611444950005],[-94.4585418116707,29.5611445359195],[-94.4576418986072,29.5613840214736],[-94.456866358541,29.5616717924789],[-94.4557538848192,29.5621068914413],[-94.455753857485,29.5621069022507],[-94.4543389671503,29.562644982727],[-94.4536420379424,29.5628122491367],[-94.4524986802282,29.5629031979082],[-94.4514636774013,29.562943976086],[-94.4507059680863,29.5632992714763],[-94.4500229729923,29.5636076980139],[-94.4495296180204,29.5637962811451],[-94.4487780885906,29.5640293720045],[-94.4481969867587,29.5641193906506],[-94.4477116796808,29.5641731981507],[-94.447014910777,29.5641255813032],[-94.4464386790964,29.5640861987585],[-94.4456450014217,29.563907437693],[-94.4451064461347,29.5637495594494],[-94.4444459368727,29.5634061632548],[-94.4439160185915,29.5629348367999],[-94.4435116779414,29.5625751985079],[-94.4435336780306,29.5619041980795],[-94.4429606782001,29.5619231981926],[-94.4424756776006,29.5621531981959],[-94.4421016776406,29.562767197909],[-94.4421016781652,29.5633221980281],[-94.4418156772515,29.5637831983701],[-94.441470989429,29.5641088515237],[-94.4410694812619,29.5644149081622],[-94.4406476771818,29.5646841982481],[-94.4404682096664,29.564925960423],[-94.4398747685494,29.5653330816834],[-94.4391276765454,29.5656611991449],[-94.4387966769455,29.5657571990661],[-94.4382236768128,29.5657381992199],[-94.4368473667679,29.565100450124],[-94.4364606759427,29.5649521991816],[-94.4361746757652,29.5649141991196],[-94.4359536762602,29.5649911991497],[-94.4357336757204,29.5651441992355],[-94.435402302058,29.5653955726429],[-94.4350506757958,29.565661198777],[-94.434874675471,29.5657761986833],[-94.434323675935,29.5658721987983],[-94.4339266759569,29.5658531990303],[-94.4333654679793,29.5657697744306],[-94.4326367090698,29.565661438884],[-94.4318556755399,29.5654891993384],[-94.4308866751522,29.5654311988065],[-94.4295856741959,29.565374199355],[-94.4284916434441,29.5656114040399],[-94.4279996743836,29.5658531992178],[-94.4279336737458,29.5662941991517],[-94.4277126742786,29.5666201993728],[-94.4275957545632,29.5668525217036],[-94.4273826744666,29.5670991994333],[-94.4267704210447,29.5672404428021],[-94.4257322259293,29.5672085959784],[-94.4248235854745,29.567115524857],[-94.4239529296827,29.5669692001765],[-94.4234948393727,29.5669309540231],[-94.4229306732832,29.5670031993955],[-94.4224393633538,29.5671741550183],[-94.4220991679972,29.56744577873],[-94.4219676040479,29.5678185862646],[-94.4219734373446,29.568456221951],[-94.421891483982,29.5691930081447],[-94.421677672968,29.5697162002835],[-94.4212886723927,29.5697202002456],[-94.420723177246,29.5694283339937],[-94.4202346723219,29.5691762006259],[-94.4190566930681,29.5687608327682],[-94.4183696722833,29.5687851999416],[-94.4177435156485,29.5691413898503],[-94.4172191724649,29.569709029039],[-94.4169586713507,29.5702042005958],[-94.4168733418432,29.5709367036084],[-94.4167732216716,29.5717291938558],[-94.4166475109502,29.5723470288543],[-94.4164670610721,29.5730380330237],[-94.4162096709301,29.573079201058],[-94.4158574825518,29.5729476064107],[-94.4153316714524,29.5729622009371],[-94.4147523677672,29.5727426859145],[-94.413774670222,29.5723722012001],[-94.4132379520532,29.5724893445275],[-94.4128091936973,29.5726679170595],[-94.4125556699506,29.5728282012501],[-94.4123096706598,29.5730702017655],[-94.41226266998,29.5733112016072],[-94.4123096708838,29.5734052014065],[-94.4123866700659,29.5734582016873],[-94.4125266702538,29.5740972011707],[-94.4128341506507,29.5750068703321],[-94.4131856889046,29.5756762591924],[-94.4133879626022,29.5761320771099],[-94.4134336710498,29.5762482017122],[-94.4134608282393,29.576262309287],[-94.4135726707953,29.5764622022175],[-94.4135576706702,29.5768242022129],[-94.4139145051996,29.577361679558],[-94.4142816709217,29.5777502025872],[-94.4146146707947,29.5776952019586],[-94.4149126709183,29.5775612026124],[-94.4150115813567,29.5774834000826],[-94.4154541400929,29.5771701669389],[-94.4158636710677,29.5769512022657],[-94.4159696713998,29.5770772024693],[-94.4166162123489,29.5772130207137],[-94.417180239058,29.5775917981609],[-94.4173526720939,29.5781212022088],[-94.4173816721534,29.5786642024165],[-94.4172656721624,29.5789062024033],[-94.4166036720146,29.5793992028645],[-94.416343672052,29.5794572028816],[-94.4159886718224,29.5795162025095],[-94.4158899099916,29.5795307553518],[-94.4154796716653,29.5795912028724],[-94.4148864918097,29.5798639912974],[-94.4140486707745,29.5795832025885],[-94.4137036709569,29.5795432028436],[-94.4131556709169,29.5801982025347],[-94.4130696710598,29.5805702026079],[-94.4131206705148,29.5811062031959],[-94.4134296713898,29.5816712033127],[-94.4135836714017,29.581657203069],[-94.4142173798949,29.5814944159652],[-94.4144556715177,29.5814332031928],[-94.4150546715622,29.5812402034283],[-94.4151746715066,29.5813742030029],[-94.4154146711628,29.5814932033224],[-94.4155677465538,29.5817746015805],[-94.4155336715033,29.5820882029058],[-94.4154618014922,29.5822304150091],[-94.4153456713602,29.5824602035778],[-94.4151576712283,29.5825942029178],[-94.4150376712487,29.582787203559],[-94.4151576712074,29.5830552031954],[-94.4155279479816,29.5833919175011],[-94.4158246719262,29.583621203747],[-94.4164586718112,29.5839632032824],[-94.4168826719455,29.5843311788274],[-94.417074672353,29.5847222032792],[-94.4170916717692,29.5849312037072],[-94.4169036725569,29.5850652037284],[-94.4165330863557,29.5851686587766],[-94.4160001760729,29.5852880016022],[-94.4158924987355,29.5853400308963],[-94.415741991879,29.5854127597684],[-94.4149493674623,29.5855745887344],[-94.4138736717621,29.5857942037148],[-94.4127786705972,29.5863302037709],[-94.4125465886686,29.586542695856],[-94.4124319367051,29.586693775166],[-94.4124706706104,29.5870742042035],[-94.4127125288228,29.5873413382521],[-94.4130526712521,29.5876252039917],[-94.413275671521,29.5876842048614],[-94.4136176713193,29.5876102044572],[-94.4136512489358,29.5875642058113],[-94.4139632439393,29.5871368014152],[-94.4143391880647,29.5868970726504],[-94.4146096717763,29.5866722043957],[-94.4147466719953,29.5864192043345],[-94.4152436715873,29.5860922037705],[-94.4163486622692,29.5860762378996],[-94.4175876724763,29.5859872037806],[-94.4184606778763,29.585955593489],[-94.4189226722919,29.5859732040677],[-94.4191260492918,29.586094190544],[-94.419333672739,29.5864932039068],[-94.4191731445693,29.5876110251379],[-94.4191585605518,29.5878494046782],[-94.4190860697062,29.5890343099015],[-94.4189836728725,29.5895772047173],[-94.418149401394,29.5899603979455],[-94.418083672135,29.5903042051092],[-94.418357672261,29.5907202045425],[-94.4183576724482,29.5912611608852],[-94.4179848740821,29.5920271835007],[-94.4177837326881,29.5922940707779],[-94.417347672735,29.5925422049267],[-94.4170366724175,29.5924932049074],[-94.4168643724791,29.5924361486699],[-94.4167316718792,29.5923922049213],[-94.4163396722621,29.5920742048569],[-94.4159155560689,29.5916656614444],[-94.415835832055,29.5916119122886],[-94.415688672284,29.5915532050101],[-94.4155944893865,29.5914492022545],[-94.4151364844165,29.5909434443555],[-94.4144416718032,29.5903812045258],[-94.4145416721657,29.5900802049545],[-94.4144067899619,29.5901917548353],[-94.4138903559682,29.5906188499903],[-94.413805671718,29.5910472047647],[-94.4135316713852,29.5918962048597],[-94.4134466719523,29.5926102050148],[-94.4128422012912,29.593135492454],[-94.4118706095156,29.5938310106422],[-94.4115127873478,29.594017768437],[-94.4105876708115,29.5942922060124],[-94.4100406704937,29.5942772057303],[-94.4096182685145,29.5947676687645],[-94.4092866707718,29.5953042058913],[-94.4093726708523,29.5956912059516],[-94.4095096702906,29.5960182061318],[-94.4098072384909,29.5966655481774],[-94.4095308715561,29.5971066173323],[-94.408996022835,29.5975641184739],[-94.4089266702975,29.5975842063977],[-94.4087513138497,29.5975198835207],[-94.408697670887,29.5975002067464],[-94.4085036701898,29.5973212062619],[-94.4083518251271,29.5971079458242],[-94.4080816703099,29.5966702068632],[-94.4077006703886,29.5968292065617],[-94.4075926699273,29.5970182064876],[-94.4075806697876,29.5972702066858],[-94.4074324501765,29.5975390472599],[-94.4070823862597,29.5978970836165],[-94.4064906696365,29.5982702069073],[-94.4061099042826,29.598267080186],[-94.4056776692769,29.5981092066765],[-94.4055013769448,29.5976215351576],[-94.4053209023894,29.5970742159648],[-94.4052627644919,29.5966821996869],[-94.4051336696571,29.596449206872],[-94.404433669378,29.596386206585],[-94.403616500092,29.596539829516],[-94.4028266262507,29.596437362507],[-94.4016597805962,29.5961930882473],[-94.4013724659406,29.5961329381096],[-94.4013259712258,29.5958761527433],[-94.401057799985,29.595520985141],[-94.4008656685605,29.5953042064498],[-94.4004780084657,29.5949608903973],[-94.4002030282429,29.5947863204781],[-94.4001126677248,29.5947392066277],[-94.3991476674069,29.5947582067791],[-94.3988905274944,29.5947658518884],[-94.3987776679297,29.5947692065722],[-94.3986416679204,29.595007206878],[-94.3986066674937,29.5953792068454],[-94.3987409868756,29.5958791836606],[-94.3987069904822,29.5962762393689],[-94.3984526673423,29.5965992069031],[-94.3980524192066,29.5968327996941],[-94.3975053580038,29.5968846790294],[-94.3967102579606,29.5967720326088],[-94.395985261787,29.5966528118546],[-94.3954529305467,29.5965148204711],[-94.3951416016363,29.5965219149155],[-94.3949096663588,29.5962272067988],[-94.3947386662738,29.5958252070292],[-94.3943229219714,29.5951951372686],[-94.3938181237127,29.5945273511176],[-94.3934073839082,29.59434933728],[-94.3931840860392,29.5944834711033],[-94.3928612712637,29.5951120310546],[-94.3925903259119,29.5956395874913],[-94.3923596657524,29.5957662065319],[-94.3920856658471,29.5957062068676],[-94.3914289746239,29.595461335273],[-94.3901346651265,29.5949922068414],[-94.3899286654815,29.5951712070126],[-94.3898096653164,29.595613207244],[-94.38952066515,29.5963182069675],[-94.3890180684901,29.5965113480921],[-94.3887737038682,29.5964744129861],[-94.3885766654709,29.5962582069873],[-94.3884774838495,29.5957247972799],[-94.3884489208821,29.5955751643733],[-94.3883036647959,29.5948142070278],[-94.387625664749,29.594557206719],[-94.3869772821067,29.5945440643081],[-94.3868438894227,29.5950873191899],[-94.386782066282,29.5955486489465],[-94.3867436649281,29.5958352072284],[-94.3866386642749,29.5960882074097],[-94.3862976646745,29.5960422069005],[-94.3859043068553,29.59579598464],[-94.3855574100124,29.5955788433688],[-94.3849810759408,29.5953153259559],[-94.3845416641172,29.5951472066888],[-94.3840926639258,29.5953212065885],[-94.3837246638628,29.5958002068504],[-94.3832046638254,29.5959072070079],[-94.3828528517259,29.5957959819066],[-94.3824536631216,29.5954812072466],[-94.3820466763098,29.5950904594399],[-94.3817456463833,29.5948482727977],[-94.3814176002733,29.5947671279298],[-94.3809836628114,29.5948292065994],[-94.3805800012055,29.5951131952153],[-94.3798801711329,29.5956792025146],[-94.3794056623527,29.5960542072789],[-94.3789306623949,29.5962272071645],[-94.3786396625837,29.5962002074148],[-94.3784869814261,29.5956729547274],[-94.3783486623753,29.5954152068287],[-94.3782876626584,29.5950152067688],[-94.3781956620231,29.5944562068458],[-94.3781806627687,29.5942032068026],[-94.377925831431,29.5940286367355],[-94.3772616617871,29.5938032070792],[-94.3770626620124,29.5937902065454],[-94.3767716620521,29.5941762071577],[-94.3767866615983,29.5946292074891],[-94.3766946618262,29.5948682070592],[-94.3762905151388,29.5950064234545],[-94.3756386621101,29.5951352074392],[-94.3753626620835,29.5953482071324],[-94.3753626620527,29.5955212073124],[-94.3755231556215,29.5957897726675],[-94.3755994911939,29.5961491450998],[-94.3755616621706,29.5964402078965],[-94.3754696621504,29.5966262074419],[-94.3752246621429,29.5967462077268],[-94.3747656620248,29.5967862071692],[-94.3744273647776,29.5965447909049],[-94.3740399198788,29.5962327740871],[-94.3734176616686,29.5957612072221],[-94.3729276606753,29.5957082075844],[-94.3728816607511,29.5959072078298],[-94.3731507863002,29.5963881859623],[-94.373325661745,29.5968132072504],[-94.373310660954,29.5974262080331],[-94.3732186611579,29.5974792077725],[-94.373052292262,29.5974911959598],[-94.372896660772,29.5973192074613],[-94.3728286807196,29.5971027058731],[-94.3726698955533,29.5967770297874],[-94.3724216614427,29.596307207409],[-94.3722836608802,29.5962002075722],[-94.3721766613556,29.5961742072103],[-94.3719626606776,29.5963472080241],[-94.3719316610148,29.5970532073496],[-94.3718702109971,29.5971594092558],[-94.3718396608384,29.5972122074316],[-94.3718216610696,29.5972150845145],[-94.3715956611079,29.5972512081891],[-94.3715872920166,29.5967852672079],[-94.3715872908617,29.5967851786763],[-94.371547097718,29.5943331930345],[-94.3714977379102,29.590670337083],[-94.3714586129655,29.587766885725],[-94.3713099006627,29.5806072421688],[-94.3713098940026,29.5806069331192],[-94.3711986593308,29.5755752033098],[-94.3711876696289,29.5746752425449],[-94.37114958186,29.5715561912092],[-94.3711485918077,29.5714751161332],[-94.3711141293367,29.5686528023306],[-94.3709991882344,29.5625682850371],[-94.3709824341811,29.561928718561],[-94.3707996588384,29.5549511989335],[-94.3707962109466,29.5549524629209],[-94.370781331942,29.5543766441302],[-94.3702429254994,29.5339166900577],[-94.3451385343252,29.4176034172984],[-94.3690621296514,29.4057903215316],[-94.4389053918318,29.3712625467477],[-94.4521453924957,29.3647104419904],[-94.4844204862152,29.3487293581808],[-94.5520747087497,29.3154780930689],[-94.5671150085029,29.3080783445171],[-94.5675399745898,29.3077196536998],[-94.5682621017399,29.307102188536],[-94.5689784399396,29.3064795673751],[-94.5696889419334,29.3058518347904],[-94.5703935596366,29.3052190308133],[-94.5710922459191,29.3045811973127],[-94.5717849545667,29.3039383788968],[-94.5724716395253,29.3032906165676],[-94.5731522545497,29.3026379558353],[-94.5738267546226,29.3019804377362],[-94.5744950934681,29.3013181086825],[-94.5751572290851,29.3006510116162],[-94.575813114216,29.299979192014],[-94.5764627078576,29.2993026937538],[-94.5771059648176,29.2986215623803],[-94.5777428419266,29.2979358444083],[-94.5783732991829,29.2972455846512],[-94.5789972923961,29.2965508295893],[-94.579614780466,29.2958516258054],[-94.5802257212286,29.2951480207492],[-94.5806479777295,29.2946546494452],[-94.5807022339792,29.2945394016794],[-94.5810411865878,29.2938004813466],[-94.5813724783143,29.2930588954798],[-94.5816960818522,29.2923147073362],[-94.5820119710822,29.2915679765996],[-94.582320118781,29.2908187647222],[-94.5826205007751,29.2900671341585],[-94.5829130919427,29.289313145525],[-94.5831978690659,29.2885568631116],[-94.5834748080953,29.2877983466647],[-94.5835456373307,29.2876004630124],[-94.5835856690951,29.2874953745667],[-94.5850936784001,29.2882115196085],[-94.5870601673496,29.2891453533326],[-94.5870648932981,29.289147598286],[-94.6070430465439,29.2986320806649]]]},"properties":{"OBJECTID":3,"Id":0,"Commiss_Pr":"1","Area":346083,"Perimeter":796822,"Commiss_":"Honorable Darrell Apffel","Address":"722 Moody, 1st Floor Galveston, TX 77550","Phone_Numb":"(409) 770-5474","GlobalID":"8f51b04d-c551-41cf-969b-0dea27730124","Shape__Area":15075304830.070312,"Shape__Length":796821.7971704799}},{"type":"Feature","id":4,"geometry":{"type":"Polygon","coordinates":[[[-94.8069955005628,29.2650172991767],[-94.8064054615987,29.2632574117715],[-94.8057209772151,29.2612157497549],[-94.80413448995,29.2564832833946],[-94.8030093293639,29.2531266680344],[-94.8029548717613,29.2529642028268],[-94.8025891417764,29.2518730935869],[-94.8023046778242,29.2510244126456],[-94.8022418778172,29.2508370512412],[-94.8021010435906,29.2504168747915],[-94.792543455149,29.2218934986248],[-94.7926493460619,29.2218397290303],[-94.7880700429298,29.207551325589],[-94.7857256791116,29.2002347994466],[-94.7786254976691,29.1780691863677],[-94.7623505738547,29.1272237589901],[-94.7618708610622,29.1252154155362],[-94.7614640319398,29.1235121412327],[-94.7629799273333,29.1226350890739],[-94.7738134901809,29.1164448534349],[-94.7740180026609,29.1163279806944],[-94.7749385199948,29.1158019001405],[-94.7752390532533,29.1156305692951],[-94.775539921146,29.1154598019139],[-94.782662775845,29.1114258962785],[-94.7841596857163,29.1105876992265],[-94.7856663427109,29.1097631398671],[-94.7872228702152,29.1088033901798],[-94.7891264632731,29.1076600352741],[-94.7906999274836,29.1067149241667],[-94.7932019511039,29.105278808487],[-94.7957320901648,29.1038812635559],[-94.7993414762758,29.1019257762067],[-94.8032454464435,29.0994967745822],[-94.8053351994011,29.0982169139808],[-94.8074462668763,29.0969644903162],[-94.8079073535416,29.096658871874],[-94.8083695627339,29.0963546723428],[-94.8103500279627,29.0950750582806],[-94.8123511055853,29.0938204714948],[-94.8153986291711,29.091590278069],[-94.8177330100365,29.0899512325933],[-94.8200995178674,29.0883481299811],[-94.8224974439802,29.0867815340537],[-94.824926087444,29.0852518725586],[-94.8266103934342,29.0842236281732],[-94.828308559523,29.0832130787993],[-94.842461373393,29.0759044950359],[-94.8581830193422,29.0670334886557],[-94.8643554077423,29.0635497645882],[-94.8745028430036,29.0575133510047],[-94.8756970808132,29.0568028353036],[-94.8787928926511,29.0549608848971],[-94.8828730828974,29.0525330545566],[-94.9110494762051,29.0349334734471],[-94.9181610167345,29.0306284762857],[-94.926562719291,29.0252407351619],[-94.9290813350579,29.0236254709865],[-94.9303613257829,29.0228124017448],[-94.9316498350206,29.0220097948213],[-94.945554381543,29.0134309670888],[-94.9455696668349,29.0134204458516],[-94.9524068977762,29.0087295007873],[-94.9540060252254,29.007645539613],[-94.9635245132385,29.0012709027991],[-94.9647087221777,29.0004485378523],[-94.9727537014278,28.9952407670682],[-95.0229396075722,28.9627309009539],[-95.1264214078829,29.0770562906499],[-95.1274934922465,29.0775397879239],[-95.1311074355548,29.0776448989601],[-95.13435600812,29.0778452386671],[-95.1327276502313,29.0805315147448],[-95.1324034998403,29.0810662400198],[-95.1298237010237,29.0853217136448],[-95.1276206410303,29.0888203704906],[-95.1265721549912,29.0903059197332],[-95.1258396496304,29.0914216446293],[-95.1243214851399,29.0939168454171],[-95.1222171342534,29.0970771809531],[-95.1184146287013,29.1029168883506],[-95.1163041831799,29.1062285680755],[-95.1139651476721,29.1098746580224],[-95.1122782723169,29.112251105318],[-95.1104921839078,29.1149657478751],[-95.1095090682734,29.1164486678234],[-95.1075165875814,29.1197218831052],[-95.107412658788,29.1199166525287],[-95.1065754415348,29.1212917465436],[-95.1058763849485,29.1224443124987],[-95.0938623584767,29.1436125466696],[-95.0938417252486,29.1436488928281],[-95.0906520130369,29.1460727760765],[-95.0895824950425,29.1477175320002],[-95.0884994969487,29.1493825321112],[-95.0775224987219,29.1659895357267],[-95.0715864896087,29.1752215432603],[-95.0691978091467,29.1789447468531],[-95.0688351827834,29.1795099393188],[-95.066815922179,29.1826570466656],[-95.0663417960957,29.1833959612192],[-95.0661854977979,29.1836395463949],[-95.0618431758936,29.1904067202997],[-95.0616822101419,29.190657552448],[-95.0561884932549,29.1992175499352],[-95.0561714874028,29.1992445489896],[-95.0561579015533,29.1992654548637],[-95.0561454935631,29.1992845492859],[-95.0561453304301,29.1992848848292],[-95.0561528628832,29.1992953686014],[-95.0561590650071,29.1993040018923],[-95.0562054893059,29.199370546864],[-95.0565025519554,29.1998379620272],[-95.0567812300406,29.2002764451502],[-95.0569134905523,29.2004845489686],[-95.0571064889369,29.2008085467842],[-95.0571730123363,29.2009206702894],[-95.0573352359731,29.2011759706949],[-95.0576447899216,29.2016442111736],[-95.0585518217275,29.2030051030702],[-95.0616788215479,29.2076941037782],[-95.0660908231673,29.2143131047704],[-95.0666928241567,29.2152161048979],[-95.0718588256823,29.2229641062851],[-95.0753548269847,29.2288031078703],[-95.0766108275315,29.230900108111],[-95.0768968268511,29.2313381080829],[-95.0828478288954,29.2404501101187],[-95.083407828588,29.2413081098479],[-95.0841108304081,29.2424051100649],[-95.0850768303992,29.2439361102651],[-95.0853768298747,29.2443491109862],[-95.0879518317779,29.2482751117353],[-95.0880948312827,29.2484931118694],[-95.0883978315344,29.2489171116974],[-95.0885728301023,29.249151111194],[-95.0892068321907,29.25011911159],[-95.0905698326164,29.2522271122508],[-95.0908968324304,29.2527011119549],[-95.0929028330454,29.2556411123945],[-95.0931358331381,29.2559841132229],[-95.0932528326818,29.2561851130999],[-95.0932958319933,29.2562341128871],[-95.0932258316503,29.2563351130452],[-95.0975598333778,29.2630501141767],[-95.0975768337517,29.2631781142625],[-95.0980858342301,29.2636311141693],[-95.0980878331977,29.2636461144358],[-95.0982958332932,29.2638421145655],[-95.0985708348287,29.2641211143901],[-95.0986708332777,29.2642121147581],[-95.0987518349641,29.2643201146269],[-95.098819834488,29.2643971146717],[-95.098887833969,29.2644701142576],[-95.0989398353627,29.2645231148932],[-95.0990038334113,29.2645851146784],[-95.0990438340326,29.2646481141302],[-95.0990998349815,29.2647811146013],[-95.0991598336007,29.2649491144633],[-95.0992998351791,29.2653091150071],[-95.0994768349068,29.2658291148151],[-95.099581833752,29.2661621148724],[-95.1031778355503,29.2715081157936],[-95.1034665733919,29.2719501646749],[-95.1077665567899,29.278373422194],[-95.1082868376334,29.2790801172989],[-95.1120538396367,29.2846541180454],[-95.1126278394228,29.2855031185542],[-95.1141308385204,29.2877311190954],[-95.1170058399836,29.2919971192018],[-95.1187578410171,29.2949791204159],[-95.1193214734012,29.2954314116184],[-95.1196538413397,29.2956981203657],[-95.1197059372628,29.2957804083398],[-95.1197418408724,29.2958371205788],[-95.1213508779796,29.2982438349017],[-95.1213602748305,29.2982578896536],[-95.12526884238,29.3041041218139],[-95.1264628428692,29.3059281226144],[-95.12819984345,29.3085811229266],[-95.1310028439822,29.3127441236799],[-95.1318648459957,29.3139881236354],[-95.1372248461281,29.3220101254656],[-95.138422847252,29.3238011259723],[-95.1387838468694,29.324346125616],[-95.1449998493503,29.3336481272741],[-95.1468728505936,29.3364491277659],[-95.148520851211,29.3389191284997],[-95.1494728496359,29.3403461286522],[-95.1530328519327,29.3456781295512],[-95.1569578524259,29.3515541303886],[-95.1592428545875,29.3549751312458],[-95.1654318562412,29.3638821332329],[-95.1691998575766,29.3698831343874],[-95.1692598572426,29.3699731343527],[-95.1703716292437,29.37160747374],[-95.1726303757331,29.3749277132649],[-95.1728728587157,29.375284135164],[-95.1740228586701,29.3771061352805],[-95.1776718605142,29.3825691364952],[-95.1778383034956,29.3828163330639],[-95.1788498792488,29.3843186931364],[-95.1834368607672,29.391131138043],[-95.1836338617449,29.3912531383198],[-95.1868328634867,29.3962191386418],[-95.188041863205,29.3980961395896],[-95.1892168639571,29.3998551393146],[-95.1905328641925,29.4018281403962],[-95.1906708637608,29.4020381399906],[-95.1917068646334,29.4035921407951],[-95.1921928641933,29.4043221402379],[-95.1922078645814,29.4046141406689],[-95.1922128635666,29.4047861405522],[-95.1924708641387,29.4051521404561],[-95.1931168641455,29.4060701403927],[-95.19351316375,29.4066552710007],[-95.1945628653686,29.408205141502],[-95.1951558645335,29.4091441411225],[-95.1952058650044,29.4091941409836],[-95.195260856912,29.4092679404379],[-95.1952938534561,29.4093122223045],[-95.1953299741184,29.4093246582035],[-95.2001257580162,29.4163701743008],[-95.2005548677393,29.4169521428297],[-95.2006128669557,29.4170381424155],[-95.2020407149877,29.4191493967453],[-95.2048262786766,29.4232679076575],[-95.205693496193,29.4245500261713],[-95.206971869291,29.4264401443106],[-95.2093136815501,29.4299548522851],[-95.2091027554814,29.429955061781],[-95.2085629980223,29.4299559079101],[-95.2077712445338,29.4299729909673],[-95.2077705727532,29.4299730025858],[-95.2076939048395,29.4299758115405],[-95.2076154961431,29.4299799287916],[-95.2075370975269,29.4299852487792],[-95.2074588163937,29.429991767331],[-95.2073806776656,29.4299994797387],[-95.2073027050674,29.4300083857734],[-95.2072249213938,29.4300184824718],[-95.2071473515337,29.4300297660274],[-95.2070700172183,29.4300422343493],[-95.2069929444335,29.4300558818567],[-95.2069161560076,29.4300707046845],[-95.2068396737056,29.4300866998405],[-95.2067635225166,29.4301038608129],[-95.2066877253027,29.4301221828348],[-95.2066123049259,29.4301416611398],[-95.2065372843151,29.4301622891576],[-95.2064626874297,29.4301840603473],[-95.2063885351384,29.4302069680803],[-95.2063148514005,29.4302310058158],[-95.2062416571183,29.4302561660235],[-95.206168977315,29.4302824412899],[-95.2060968318964,29.4303098231536],[-95.2060252438586,29.4303383032414],[-95.2059542341378,29.430367873121],[-95.2058838257641,29.4303985235171],[-95.2058140386433,29.4304302459686],[-95.205744894809,29.430463030269],[-95.2056764152978,29.4304968652811],[-95.2056086210462,29.4305317425729],[-95.2055415331247,29.4305676501055],[-95.2054751714732,29.4306045785157],[-95.2054095561654,29.4306425148335],[-95.2053447072085,29.4306814478924],[-95.20532287413,29.4306950516566],[-95.2052591841885,29.4307352101738],[-95.2051963060304,29.4307763360314],[-95.2051342556096,29.4308184161423],[-95.2050730550605,29.4308614375949],[-95.2050127203372,29.4309053873022],[-95.2049532715141,29.4309502522941],[-95.2049252480687,29.4309721589517],[-95.204894726639,29.4309960186403],[-95.204837101666,29.4310426732537],[-95.2047804168038,29.431090199557],[-95.2047246869098,29.4311385862376],[-95.204669931196,29.431187815787],[-95.2046161645868,29.4312378750889],[-95.2045634042009,29.4312887474784],[-95.2045116660598,29.4313404180647],[-95.2044609661853,29.4313928719572],[-95.204411319636,29.4314460924322],[-95.2043627414705,29.4315000627662],[-95.2043152467143,29.4315547671372],[-95.2042636702112,29.4316165036576],[-95.2032065995185,29.4327878514009],[-95.2031369232716,29.4328658582503],[-95.2031147998744,29.4328910468583],[-95.2026870964912,29.4333637240041],[-95.2021941798892,29.4339084646903],[-95.2021486485266,29.4339543029366],[-95.2021062557415,29.4339952958494],[-95.2020630518754,29.4340356337416],[-95.2020190507227,29.4340753061712],[-95.2019742641176,29.4341142999324],[-95.201928707982,29.4341526028385],[-95.2018823950467,29.4341902053201],[-95.2018353392401,29.4342270933282],[-95.2017875553537,29.434263257352],[-95.2017390572156,29.4342986860481],[-95.2016898607145,29.4343333681315],[-95.2016399796453,29.4343672931604],[-95.2015894298299,29.4344004516535],[-95.2015382271572,29.4344328323259],[-95.2014863853888,29.4344644256376],[-95.2014339224073,29.4344952221661],[-95.2013808540348,29.4345252124301],[-95.2013271950298,29.4345543878208],[-95.2012729622784,29.4345827379845],[-95.201218173563,29.4346102562041],[-95.2011628436758,29.4346369329692],[-95.2011069904327,29.4346627606608],[-95.2009977792284,29.4347101762011],[-95.2008872376274,29.4347562556186],[-95.2008274814592,29.4347795635683],[-95.2007672704511,29.4348019548746],[-95.2007066213892,29.4348234218895],[-95.2006455540166,29.43484396066],[-95.2005840861833,29.4348635626658],[-95.200522236669,29.4348822221209],[-95.2004600252505,29.4348999341709],[-95.2003974696775,29.4349166930006],[-95.2003459832756,29.434929198675],[-95.2003140817598,29.4349369468859],[-95.2002518772431,29.4349508601564],[-95.200189403818,29.4349638214442],[-95.2001266822917,29.4349758259241],[-95.2000637303135,29.4349868704868],[-95.2000005686571,29.4349969512091],[-95.1999372149385,29.4350060658835],[-95.1998858917164,29.4350126465942],[-95.1998736888676,29.4350142114595],[-95.1997335412676,29.4350280535116],[-95.1996599289062,29.4350336721979],[-95.1995862159936,29.435038165832],[-95.1993745196887,29.4350475150675],[-95.198897223126,29.4350685215112],[-95.1965441855884,29.4351934363116],[-95.194349460978,29.4353053008331],[-95.1921544364528,29.4354432156761],[-95.1920259879552,29.4354526039387],[-95.1917152446227,29.4354752884518],[-95.1911676213246,29.4355152633515],[-95.1899506275085,29.435574360268],[-95.1895878830259,29.43559197234],[-95.1877515230388,29.4356854502194],[-95.1874655579898,29.4357000047964],[-95.1852641883955,29.4358120247848],[-95.1837915179433,29.4358733863402],[-95.1768267595059,29.4359161067019],[-95.1764205698052,29.4359185871702],[-95.1763258465304,29.4359164025248],[-95.1762320207893,29.4359142380922],[-95.1720896559676,29.4359393937646],[-95.1718043033692,29.4359486574972],[-95.1711886289792,29.4359686420305],[-95.1711826616732,29.4359688356826],[-95.1701762679259,29.4360015022837],[-95.1700590260843,29.4360053074244],[-95.1699668475885,29.4360133304037],[-95.1699588669288,29.4360140250864],[-95.1694650690202,29.4360558069994],[-95.1694641409918,29.4360558851054],[-95.1694294588112,29.4360588201931],[-95.1693689797327,29.4360639367792],[-95.1686293497146,29.4361265153502],[-95.1681652493435,29.4361636284212],[-95.1680543264376,29.4361725215407],[-95.1679766700628,29.4361787470953],[-95.1643385293198,29.4365059288002],[-95.1610161650419,29.4368046236053],[-95.1590507708496,29.4369812815421],[-95.159742911559,29.4511995109891],[-95.1679610072111,29.4509817022063],[-95.1682708610987,29.4643631537908],[-95.1727911383349,29.4642929917017],[-95.1739765264486,29.4642745673487],[-95.1781630211769,29.4642094127457],[-95.1781976380921,29.4647715065936],[-95.1781978554007,29.4647750787769],[-95.1783787092904,29.4677398051868],[-95.1783788803276,29.4677398109822],[-95.17837964023,29.4677550670614],[-95.178421813671,29.4684464012621],[-95.1785021674629,29.4696341171836],[-95.17850242276,29.469637888157],[-95.1787115186639,29.4727284349344],[-95.1787884726796,29.4741069999474],[-95.1788296399415,29.4748444721335],[-95.178904273847,29.4758666649371],[-95.1790191476892,29.4774399547024],[-95.1791147118161,29.4787487494568],[-95.1791179806653,29.4787935194006],[-95.17911184296,29.4787938169364],[-95.1791035832144,29.4787942171904],[-95.1779397259736,29.4788506229152],[-95.1757353765757,29.4788206657318],[-95.1745385874786,29.4802676642876],[-95.1711516261582,29.4845453365502],[-95.1700383477979,29.48595129079],[-95.1687563101468,29.4875703086046],[-95.1687241587615,29.4876109116975],[-95.1686944974575,29.4876483677869],[-95.1681330594428,29.4883573578809],[-95.1678900350252,29.4886642482565],[-95.1677416818079,29.4888515851057],[-95.1676049486741,29.4890242500421],[-95.1664652136734,29.4904634528272],[-95.1663589798448,29.4905975980349],[-95.164221332077,29.4901288110365],[-95.1632235817316,29.4898917963641],[-95.1611534577294,29.4894382213472],[-95.1594393263211,29.4891308355855],[-95.1585477439014,29.4890679499886],[-95.1584793728446,29.4890575480058],[-95.1581732531499,29.4890433748219],[-95.1580081529517,29.4890393375816],[-95.157941649183,29.4890387272678],[-95.1578429983182,29.4890378209316],[-95.1576778387137,29.4890388262944],[-95.1575127236699,29.489042353289],[-95.1573477037834,29.4890484006626],[-95.1571828307154,29.4890569662904],[-95.1570181530346,29.489068047959],[-95.1568537214057,29.4890816426128],[-95.15668958553,29.4890977453629],[-95.1565257961398,29.4891163513507],[-95.1565221327549,29.4891168246616],[-95.156362402937,29.4891374556877],[-95.1561994556913,29.4891610516825],[-95.1560370031753,29.4891871317122],[-95.1558750962576,29.4892156873118],[-95.1557137836777,29.4892467117606],[-95.1555531143445,29.4892801938293],[-95.1553931371335,29.4893161231906],[-95.1552339008862,29.4893544904192],[-95.1550754535494,29.4893952824533],[-95.1549178440332,29.4894384880641],[-95.1547611213495,29.4894840933183],[-95.1532048541416,29.4900818048666],[-95.1513144269182,29.4908049585481],[-95.1511035137413,29.4903350396862],[-95.1508973996014,29.489881136703],[-95.1413303056292,29.4856277865752],[-95.1407524272302,29.4849969347471],[-95.1357596694348,29.4888593218504],[-95.1357489085158,29.4869287691836],[-95.135941454774,29.4821041269357],[-95.1359671648771,29.4814598781225],[-95.1360361633712,29.4797308296618],[-95.1360593808375,29.4791490145789],[-95.1360689936395,29.4789081308194],[-95.1360743667746,29.4787734769876],[-95.1361515378345,29.4768395187777],[-95.1361604686161,29.4766157238713],[-95.1364807974743,29.4685873161556],[-95.1290587485935,29.4686994484943],[-95.1256452456943,29.4687508806855],[-95.1243202585089,29.4687708220123],[-95.122462499881,29.4687987580332],[-95.1222155916267,29.4688024692945],[-95.1213456758369,29.4688155399931],[-95.1211661733187,29.468818236961],[-95.1210798140929,29.4688195339765],[-95.1183177275868,29.4688609930949],[-95.1176570581917,29.4688709017793],[-95.1135004308098,29.4689101599699],[-95.1049834950033,29.4689632177697],[-95.0932530162335,29.4691975787288],[-95.0907364613075,29.4660725381974],[-95.0905955667229,29.4658975696318],[-95.0898545699149,29.4649885108017],[-95.089731772358,29.4648378605422],[-95.0870546969755,29.4615534295412],[-95.0864994175864,29.4608721373441],[-95.0849166646806,29.4589301417821],[-95.0849166360749,29.4589301075401],[-95.0848436640709,29.4588405695752],[-95.0841932726899,29.4580425291351],[-95.0837307781298,29.4574750307639],[-95.082893419,29.4564475390866],[-95.0804644775766,29.4533705563992],[-95.0803880638849,29.4532745291602],[-95.0786585007734,29.451153564733],[-95.0770275212006,29.4491533920784],[-95.0769405954295,29.4490452921234],[-95.0749276900535,29.4465419692316],[-95.0749270048555,29.446541116709],[-95.0748998848118,29.4465073899007],[-95.0748952596418,29.446501637627],[-95.0740212975367,29.4454146960086],[-95.0740212000703,29.4454145748761],[-95.074000639262,29.4453890034114],[-95.0739301172382,29.4453012966009],[-95.07393003553,29.4453011948904],[-95.0733881319004,29.444627216476],[-95.0727845036219,29.4438764561129],[-95.0727751483983,29.4438648210197],[-95.0722840095505,29.4432539593811],[-95.0721991936105,29.4431484675014],[-95.0721979148281,29.4431468770669],[-95.0718026656597,29.4426552719428],[-95.0705254297001,29.4410666222214],[-95.0705251894701,29.4410663244495],[-95.0704790814645,29.4410089739438],[-95.0703915122532,29.4409003392397],[-95.0674753756507,29.4378749264113],[-95.0646981373854,29.4349933904814],[-95.0643890918762,29.434672723734],[-95.0642675174138,29.434546578159],[-95.0632566937572,29.4334977259382],[-95.0632156045845,29.4334550892326],[-95.0629921697332,29.4332232449315],[-95.0601768091152,29.4304445592949],[-95.0597451677402,29.4299874484121],[-95.0594314822884,29.429661300994],[-95.0589819800597,29.4291939379616],[-95.0570400295078,29.4271747542],[-95.0556320169498,29.4257106752131],[-95.0514956255574,29.4215043195878],[-95.0493040313664,29.4192754646663],[-95.0490496875685,29.4190167873319],[-95.04823432685,29.41818752529],[-95.0471589500133,29.4171003745638],[-95.0453707884247,29.4152925640049],[-95.0446484401598,29.4145622540611],[-95.0444814809406,29.414393461875],[-95.0444549893686,29.4143666795098],[-95.044186659588,29.4140954049341],[-95.0418763445094,29.4117597440405],[-95.0408878540761,29.4107603648326],[-95.0404058753696,29.410260955177],[-95.039187199675,29.4090172413392],[-95.0378839489815,29.4076882158073],[-95.0375844283211,29.407382765428],[-95.0372474278634,29.4070390886902],[-95.0368604115205,29.406644402071],[-95.0366803998499,29.406460821612],[-95.0354576727733,29.4052138271162],[-95.0330695933116,29.402778233004],[-95.031070736472,29.4007394826871],[-95.0309914674015,29.4006596077781],[-95.0308415908033,29.4005086163131],[-95.0300350791901,29.3996960951106],[-95.0300057614247,29.3996665595028],[-95.0295663229653,29.399223838543],[-95.0293107902041,29.398966395311],[-95.0291823148716,29.3988369585853],[-95.0290578762325,29.398711588042],[-95.0289601414892,29.3986131213952],[-95.0288472061492,29.3984993402012],[-95.0278102253109,29.3974545725198],[-95.0274451178258,29.3970867167342],[-95.0273649628317,29.3970059572136],[-95.0267586043442,29.3963950215624],[-95.0265901727129,29.3962253167652],[-95.0232401123559,29.3928497752029],[-95.0229735186211,29.392583930476],[-95.0209034631497,29.3904755376431],[-95.0208349274745,29.3904057329055],[-95.0205546434458,29.3901202562577],[-95.0181266488136,29.3876471295903],[-95.0169709762211,29.3864699173689],[-95.0150194851579,29.3844824271926],[-95.0141895455406,29.3836902789149],[-95.0141393048826,29.3836427758274],[-95.0133206476985,29.3828899193468],[-95.0124871254919,29.3821496845329],[-95.0115088560153,29.3813657563588],[-95.0086756550493,29.3790966236721],[-95.0085297682681,29.3789769927552],[-95.0084177605597,29.378885143844],[-95.0084176357262,29.3788850407992],[-95.0084176127484,29.3788850220554],[-95.0077777742084,29.3783615992348],[-95.0077774875037,29.378361364951],[-95.0076947671772,29.3782938370616],[-95.0075731752528,29.3781942234454],[-95.0073536602933,29.3781961917576],[-95.0065268324571,29.378203601677],[-95.006526525145,29.3782036051221],[-95.0061896334362,29.3782066225726],[-95.0061575004769,29.3782069106168],[-95.0057097396584,29.3782109195172],[-95.0056016846982,29.3782118840708],[-95.0056016527104,29.3782118849192],[-95.0054903382699,29.3782128782358],[-95.0047396799234,29.3782186139201],[-95.0047018932826,29.3782209027999],[-95.0046794550445,29.3782234605967],[-95.0046421111361,29.3782277173496],[-95.0042402116357,29.3782735302792],[-95.0040605036179,29.3782940147735],[-95.0039849406913,29.3783138025137],[-95.0038848121285,29.3783400241573],[-95.0038725813844,29.3783432277905],[-95.003229705075,29.3784167029968],[-95.0031361855842,29.3784248648525],[-95.0030750481558,29.3784334365717],[-95.0030584438569,29.3784357643259],[-95.0030387052499,29.3784385317958],[-95.0029083178036,29.3784534342017],[-95.0025868278434,29.378490175107],[-95.0025105077894,29.3784994294422],[-95.0025181638445,29.378901595661],[-95.0025213737015,29.3791297741985],[-95.0025220319007,29.3791765996057],[-95.0025258999777,29.3794516035379],[-95.002529769105,29.3797266074884],[-95.0025336372587,29.3800016104938],[-95.0025380840084,29.380205158767],[-95.0025650178964,29.3814381331061],[-95.0028716411666,29.3814382022856],[-95.0028926863261,29.3835077271787],[-95.0028901114248,29.3839655966767],[-95.0028939616265,29.3844925493246],[-95.00217793926,29.3844967703695],[-95.0018745257951,29.3844985583456],[-95.0011459744301,29.3845028481991],[-95.001139291592,29.3843578856324],[-95.0011380751735,29.384331518009],[-95.0011294506151,29.3841444468239],[-95.0011238709911,29.3831906104572],[-95.0011235890094,29.3831423238022],[-95.0011093571378,29.382140780458],[-95.0010997549189,29.381465070816],[-95.0010942955305,29.3810808852981],[-95.0010817910264,29.3802008274447],[-95.0010781684755,29.3799458971701],[-95.0010775796802,29.3799056518819],[-95.0010741485492,29.3796708948729],[-95.0010701286444,29.379395892563],[-95.001066412425,29.3791416465046],[-95.0010661097908,29.3791208902717],[-95.0010598419548,29.3786921398732],[-95.0010328373985,29.3785548825205],[-95.0009533791425,29.378555749402],[-95.0005491080753,29.3785594812257],[-95.0004853608563,29.3785600692389],[-95.0004013479478,29.3785608444564],[-94.9999118790845,29.3785653609583],[-94.9999018644269,29.3785432862287],[-94.9998932950641,29.3780790077206],[-94.9998844422032,29.3775993489872],[-95.0002281665375,29.3775928307591],[-95.0004582401152,29.3775895727016],[-95.0010149033057,29.3775816875463],[-95.0010122681255,29.3774386481212],[-95.0010118847606,29.3774178479327],[-95.0010062095256,29.3771098839305],[-95.0009959226926,29.3765516573071],[-95.0009870550056,29.3760704282018],[-95.000980223641,29.3756996950044],[-95.0009801640414,29.3756964439108],[-95.00097550234,29.3754434540937],[-95.0009724619382,29.3752784617444],[-95.0009679019039,29.3750309723257],[-95.0009619732103,29.3747092350527],[-95.0009569562924,29.3744369969087],[-95.0009503952574,29.3740809102964],[-95.0009356836854,29.3732824910494],[-95.0012378862982,29.3735203305958],[-95.0023848925976,29.3744371295986],[-95.0027798925582,29.3747331301557],[-95.0024128920637,29.3743801298296],[-95.0022709732596,29.3742479788277],[-95.0009278361049,29.3728565774407],[-95.0009276648635,29.372846551725],[-95.0032528928847,29.3743361299054],[-95.0040928923658,29.3748931297231],[-95.0015668918314,29.3728281298809],[-95.0009341909661,29.3723261273469],[-95.0009185212616,29.3723115158001],[-95.0009170699174,29.3722265857902],[-95.0009169920491,29.37222200788],[-95.0009169676096,29.3722206014307],[-95.0009167788381,29.3722095730398],[-95.0009164419229,29.3721898278346],[-95.0009163901715,29.3721867981692],[-95.0008988062228,29.3711577938001],[-95.0008978264979,29.3711005092307],[-95.0008703703699,29.3694937316195],[-95.0024017427516,29.3694732471093],[-95.0030478929341,29.3694645989497],[-95.003836310116,29.3694540411292],[-95.0045670318057,29.3694442523238],[-95.0045444281089,29.3682776202752],[-95.0045355494152,29.3678193256672],[-95.004354472297,29.3677328858449],[-95.004315055682,29.3659554603088],[-95.0042614074746,29.3635362235778],[-95.0047673692868,29.3632621385209],[-95.0046270350444,29.3620092808894],[-95.004506365609,29.3609319552448],[-95.0044145670331,29.3601123735298],[-95.0043262165709,29.3593235579227],[-95.0042596504771,29.3587292282688],[-95.0041088891764,29.3573831446409],[-95.0038136321482,29.3574286116945],[-95.0037128138722,29.3574441368739],[-95.0036938145667,29.3574121365001],[-95.0036848141837,29.357330136635],[-95.0037598128951,29.3572481369417],[-95.0037688139395,29.35718213726],[-95.0037508138313,29.3563471363878],[-95.0037878147148,29.3562821368018],[-95.0038258145351,29.3562411365758],[-95.0038818136592,29.3561591366517],[-95.0039396734074,29.3559945836164],[-95.003979684609,29.3558807926514],[-95.0040228138699,29.3557581361794],[-95.0039288145815,29.3554801362201],[-95.0038048143744,29.355350136581],[-95.0037368143233,29.3553061362709],[-95.0036738141356,29.3552221364277],[-95.0036458140182,29.3551591365558],[-95.0036278138079,29.3550541363597],[-95.0035248141541,29.3546721366511],[-95.0033638140938,29.3545041366403],[-95.0031538142708,29.3543641365573],[-95.0031228143166,29.3542901358935],[-95.0031218124351,29.3540991365145],[-95.0035875970196,29.3542358900656],[-95.0040680127272,29.3543290314875],[-95.0044228622022,29.3542730183926],[-95.004768085418,29.3539319907205],[-95.0050345435055,29.353535530824],[-95.0050375795171,29.3535310127252],[-95.005234609311,29.3531402428398],[-95.0051151802651,29.3528337679166],[-95.0049870083899,29.352652189808],[-95.0047861262009,29.3524059139631],[-95.0047540660275,29.351986952413],[-95.0047539028986,29.3515225038096],[-95.0047538980656,29.3515098413512],[-95.0047538883445,29.3514802116973],[-95.0047538875948,29.3514794912095],[-95.0047538809699,29.3514599003126],[-95.0050269577261,29.3511954657338],[-95.0053696342777,29.3510966805666],[-95.0056660867432,29.3509419884614],[-95.0059845042071,29.350933345382],[-95.0064765320678,29.3509056661401],[-95.0066541521658,29.3507837637356],[-95.0068059497572,29.3505591561049],[-95.0069936187722,29.3504319591],[-95.0071805830792,29.3502322103382],[-95.0073061270155,29.3499725060313],[-95.0073725969161,29.3497766532453],[-95.0076374673953,29.3489962234633],[-95.0076642692639,29.3489610481556],[-95.0077968831417,29.3487882355556],[-95.0079151001194,29.3487227747584],[-95.0080510959657,29.3487005481901],[-95.0082472226248,29.3487448700707],[-95.0084964942359,29.3488892837551],[-95.0094101984661,29.3495885865009],[-95.0097794996833,29.3498303839292],[-95.0098823956988,29.3498569291783],[-95.0103496875611,29.3497870550261],[-95.0105878475512,29.3498034395748],[-95.0108247260794,29.34983439149],[-95.0113370203519,29.3499688577077],[-95.0114980174884,29.3499888052263],[-95.0119314148793,29.3500425048532],[-95.0121591210956,29.3500707191032],[-95.0124359104221,29.3501760728171],[-95.0138030821039,29.3509422060073],[-95.0140996262542,29.3510740946855],[-95.014796096815,29.3513050616984],[-95.0147966105906,29.3513052323302],[-95.0148952991124,29.3513379596958],[-95.0149075729704,29.3513420305839],[-95.0150051200238,29.3513743797963],[-95.0150118680605,29.35137726274],[-95.0150118984842,29.3513772753855],[-95.0150195486949,29.3513805436969],[-95.0150297099501,29.3513854100808],[-95.0150384323702,29.3513621273055],[-95.015298167118,29.3506688268926],[-95.0152102772273,29.3506424478068],[-95.0152081798867,29.3506418181943],[-95.0138587903109,29.3502368137495],[-95.0147068540754,29.3479464162468],[-95.0155383265224,29.3481969986655],[-95.0155423131305,29.3481982002086],[-95.0161307714568,29.3483748223398],[-95.0161524779056,29.3483813370368],[-95.0164113276301,29.3477297959411],[-95.0164165891478,29.347716552221],[-95.0165959154637,29.3472743300949],[-95.0166279016066,29.3471954507731],[-95.0166537488049,29.3471317093124],[-95.0167361045876,29.3469286145733],[-95.0116609521649,29.3451619770189],[-95.0119350026822,29.344372434305],[-95.0122241467707,29.3435393865922],[-95.0125220602991,29.3426810608812],[-95.0128186028363,29.3418266696716],[-95.0131027314987,29.34100803216],[-95.0130937634975,29.3410056822427],[-95.0120074913015,29.3407210263462],[-95.0119896630641,29.3407161282487],[-95.0108860367685,29.3404129101206],[-95.0111763442864,29.3395713527677],[-95.0114609249664,29.3387243501397],[-95.0117055286712,29.3380347906471],[-95.0120763453805,29.3370236002943],[-95.0087707191848,29.3361443634153],[-95.0101516628073,29.3321249448969],[-95.0115175911395,29.328194972451],[-95.0140590242509,29.3290205768667],[-95.014063617985,29.329023261025],[-95.0140682649524,29.3290258745465],[-95.0140729631302,29.329028416468],[-95.0140777114891,29.3290308867584],[-95.014082508041,29.3290332835529],[-95.0140873517921,29.3290356059189],[-95.0140922406488,29.3290378546967],[-95.0140971736174,29.3290400289537],[-95.0141021487447,29.3290421259231],[-95.0141071659606,29.3290441474084],[-95.0141122222129,29.3290460924156],[-95.0141173165426,29.3290479591104],[-95.0141224468915,29.3290497474312],[-95.0141276122305,29.3290514573474],[-95.0141328105365,29.3290530878957],[-95.0141380408154,29.3290546381434],[-95.014143300974,29.3290561089309],[-95.014148590018,29.3290574993257],[-95.0141539059597,29.3290588074626],[-95.0141592466705,29.3290600350838],[-95.0141646111916,29.3290611803549],[-95.0141699984586,29.329062244147],[-95.0141754054545,29.3290632245642],[-95.0141808311151,29.3290641224776],[-95.0141862734171,29.3290649369239],[-95.0141917323256,29.3290656688049],[-95.0141972037942,29.3290663161941],[-95.0142026877879,29.3290668799932],[-95.0142081822483,29.3290673601406],[-95.0142136851526,29.3290677556733],[-95.0142191954362,29.329068067462],[-95.0142247110412,29.3290682954456],[-95.0142302299443,29.3290684386604],[-95.0142357511163,29.329068497076],[-95.0142412724992,29.3290684706307],[-95.0142467929936,29.3290683610975],[-95.0142523096174,29.3290681656786],[-95.0142578222653,29.3290678870795],[-95.0142633289493,29.3290675234352],[-95.014268826512,29.3290670764568],[-95.0142743150234,29.3290665443409],[-95.0142797912909,29.3290659297007],[-95.0142852553848,29.3290652307324],[-95.0142907041827,29.3290644482458],[-95.0142961366553,29.3290635822099],[-95.0143015507094,29.3290626334652],[-95.0143069453159,29.3290616019809],[-95.0143123194105,29.3290604886281],[-95.014317669906,29.3290592933145],[-95.0143229947442,29.3290580159786],[-95.0143282949189,29.3290566575529],[-95.0143335663138,29.3290552179146],[-95.0143388088939,29.3290536979653],[-95.0143440195366,29.3290520985147],[-95.014349198242,29.3290504195627],[-95.0143543419228,29.3290486610172],[-95.0143594505088,29.3290468246816],[-95.0143645219417,29.3290449104946],[-95.0143695541283,29.3290429192964],[-95.0143745460393,29.3290408510563],[-95.0143794955817,29.3290387066146],[-95.014384401691,29.3290364868423],[-95.0143892633033,29.3290341926105],[-95.0143940783601,29.3290318238577],[-95.0143988447331,29.329029382326],[-95.0144071780798,29.3290248733195],[-95.0144136817917,29.3290222399232],[-95.0144202372507,29.3290197064821],[-95.0144268423635,29.3290172738363],[-95.0144334940428,29.3290149418937],[-95.0144401922185,29.3290127124578],[-95.0144469338033,29.3290105854364],[-95.0144537156397,29.3290085625408],[-95.0144605377628,29.3290066428692],[-95.014467395986,29.3290048281023],[-95.0144742903094,29.3290031182401],[-95.0144812175756,29.3290015149938],[-95.0144881757613,29.3290000174003],[-95.0144951617442,29.3289986262689],[-95.0145021754893,29.3289973425017],[-95.0145092128801,29.3289961659755],[-95.0145162728877,29.3289950966596],[-95.0145233533835,29.3289941362961],[-95.0145304523446,29.3289932839218],[-95.0145375666486,29.3289925403461],[-95.014544694202,29.3289919064094],[-95.0145518340462,29.3289913802774],[-95.0145589829885,29.3289909645632],[-95.0145661390409,29.3289906574017],[-95.0145733000751,29.328990460535],[-95.0145804640678,29.328990373],[-95.0145876289611,29.3289903947349],[-95.0145947916675,29.3289905256478],[-95.014601951123,29.3289907666095],[-95.0146091052693,29.3289911175586],[-95.0146162510892,29.3289915765993],[-95.0146233853903,29.3289921463447],[-95.0146305082779,29.3289928240895],[-95.0146376166295,29.3289936106432],[-95.014644708387,29.3289945059444],[-95.014651780463,29.3289955099009],[-95.0146588328928,29.3289966216107],[-95.0146658605307,29.3289978409203],[-95.0146728633768,29.3289991678296],[-95.0146798394081,29.3290006013754],[-95.014686784508,29.3290021414346],[-95.0146936987117,29.3290037871057],[-95.0147005788968,29.3290055391979],[-95.0147074231105,29.3290073949446],[-95.0147142302534,29.3290093561186],[-95.0147209962793,29.3290114207933],[-95.0147277201591,29.329013588938],[-95.0147343999047,29.3290158586877],[-95.014741033423,29.3290182308826],[-95.0147476186908,29.3290207045595],[-95.0147541547492,29.329023277884],[-95.0147606374817,29.3290259507333],[-95.0147670658593,29.3290287230765],[-95.0147734379291,29.3290315921468],[-95.0147829278858,29.3290360982091],[-95.0150167644437,29.3291022732792],[-95.0150283229368,29.329116004928],[-95.0150738935123,29.3291311199658],[-95.0153188939924,29.3291591200648],[-95.0155088932061,29.3288871203368],[-95.0155943594582,29.3286387269737],[-95.01560689899,29.3286022818961],[-95.0158078932519,29.3280181194989],[-95.0162018935194,29.3268481197919],[-95.0163368940158,29.3264941194117],[-95.0162528935363,29.3260721194605],[-95.0164378934483,29.3251781188531],[-95.0164628938176,29.3250931191195],[-95.0164640316336,29.3250891607398],[-95.0163397073997,29.3249824551019],[-95.0163165962723,29.3249626193578],[-95.0162917414623,29.3249412860941],[-95.015818202486,29.3245348508349],[-95.0150078160905,29.3237601295271],[-95.0148898153092,29.323549129267],[-95.0147378157672,29.323387129641],[-95.0145628153256,29.3231161298507],[-95.0143396065011,29.3229078732851],[-95.0137458148854,29.3224431295669],[-95.0129442936311,29.3220176524861],[-95.0128378153952,29.3219611293183],[-95.0126458144754,29.3218981296782],[-95.0123018152792,29.3218781289052],[-95.0119162032769,29.3219293705018],[-95.0115154850216,29.3220169871291],[-95.0104418146155,29.3223451297882],[-95.0101488130589,29.3222961289995],[-95.0095239095401,29.3219908819348],[-95.0085248128228,29.3214701293123],[-95.0078488136917,29.3212241290632],[-95.0077188142343,29.3211011293554],[-95.0069310426139,29.3206075296569],[-95.0064014053274,29.3202926777374],[-95.0061450227942,29.3201496271384],[-95.0059678135522,29.3200741290855],[-95.0055078127864,29.3199951287709],[-95.0052488127791,29.3198411286799],[-95.0049898134787,29.3197471292222],[-95.0049198126767,29.3197331288263],[-95.0047378115985,29.3197331293829],[-95.0047053971525,29.319726364119],[-95.0046228128349,29.3197091291871],[-95.0039588129073,29.3191751286564],[-95.0039168125245,29.3189101291659],[-95.0038438121159,29.318735129053],[-95.0035163670041,29.3185123602475],[-95.00332981225,29.3183851290961],[-95.0030038112788,29.3182381291442],[-95.0027908122161,29.3181611290512],[-95.0027158124862,29.3181261291915],[-95.0026558118366,29.3180551291412],[-95.0024893415393,29.3176265568945],[-95.0022168117578,29.316892128264],[-95.0019608119862,29.3163011281101],[-95.0017338123054,29.3159621281532],[-95.0013508120495,29.3155161284859],[-95.0012318115266,29.3153971280011],[-95.0011508116062,29.3153451282077],[-95.0010598110432,29.3153031282058],[-95.0008549561431,29.3152762881026],[-95.000540811614,29.31523512822],[-95.0003988109411,29.3152401283327],[-95.0001228114115,29.3153521285976],[-95.0000017464793,29.3154400666331],[-94.9998165784487,29.3155745641138],[-94.9996258118184,29.3157131286959],[-94.9994548108811,29.3158191288262],[-94.999365804241,29.31583909374],[-94.9992408116707,29.3158671287275],[-94.9987508114501,29.3158621281015],[-94.998532810363,29.3158851280361],[-94.9981902085908,29.3160138921174],[-94.9980068107125,29.3160741288894],[-94.9978618111107,29.3160701288953],[-94.9976887197709,29.3159897538336],[-94.9973958106577,29.3157801288834],[-94.9969830200654,29.315419385257],[-94.9967468857845,29.3152360380093],[-94.9966371509474,29.3151735631364],[-94.99643681103,29.3150891282609],[-94.9958018099542,29.3149221285837],[-94.9956478092198,29.3147681279301],[-94.9954335166735,29.3144423075001],[-94.9953788099745,29.3143591281702],[-94.9952688100726,29.3142281280506],[-94.9950508097478,29.3140411283041],[-94.9948648105768,29.3139411284987],[-94.9946308098892,29.3138451285167],[-94.9942263583886,29.3137496296906],[-94.9939225472948,29.3137052703008],[-94.9939189509601,29.3137047451771],[-94.9938304909739,29.3136918284813],[-94.9934468102608,29.313620128053],[-94.9933018101122,29.313568128538],[-94.9932605618328,29.3135490032303],[-94.9932429442965,29.3135408341437],[-94.9930128094338,29.3134341285522],[-94.9927587403043,29.3133683338008],[-94.9926989521723,29.3132152601967],[-94.9925009446223,29.3128969886238],[-94.9923395526144,29.3127960984095],[-94.9918477599576,29.3127475848488],[-94.9915395057428,29.3127171753314],[-94.9913716088603,29.3127006121113],[-94.9912523063616,29.3126832221948],[-94.9911724896867,29.31267158819],[-94.9909942123638,29.3126426459593],[-94.9905958555577,29.3125675256817],[-94.9901779776037,29.3123745997217],[-94.9897806098977,29.312096853426],[-94.9895715606449,29.3118799446741],[-94.9891641610258,29.3113305121454],[-94.988620215304,29.3107988171588],[-94.988268786513,29.3105931929448],[-94.9879435413265,29.3103683734823],[-94.9875784998513,29.3095649462541],[-94.987232276092,29.3092444346331],[-94.9870061762756,29.3088915982564],[-94.98662653127,29.3088052905863],[-94.9866226994336,29.3088044187018],[-94.986462798463,29.3087680671798],[-94.9863898876535,29.3087189945986],[-94.9862612204852,29.3086323956323],[-94.9861635279301,29.3085666437004],[-94.9861407897296,29.3085502272933],[-94.9861282890985,29.3085905732346],[-94.9861254037247,29.3085998832622],[-94.986083807886,29.308734127548],[-94.9837536037427,29.3160572529663],[-94.9836922122831,29.3162501716713],[-94.9835548734967,29.3166817523606],[-94.9829428980855,29.318604796782],[-94.9818225694369,29.3221250784642],[-94.9818149199025,29.3221491130159],[-94.9815667970341,29.322928722771],[-94.9812303131673,29.3239859460827],[-94.9812073448496,29.3240581104401],[-94.9811725714085,29.324167367519],[-94.9810039444824,29.3246971756693],[-94.98084796466,29.3251872456611],[-94.979794592731,29.3284973996469],[-94.9796850880703,29.3288415212624],[-94.9795864515141,29.3291514860149],[-94.9792575535377,29.3301850438494],[-94.9788995847737,29.3313099317151],[-94.9788831081813,29.3313617064132],[-94.9786739806923,29.3320188602795],[-94.9785295116947,29.3324728275739],[-94.9780598357272,29.3339486707164],[-94.9777879769507,29.3348028982441],[-94.9776387773551,29.3352717038687],[-94.9772058067319,29.3366321336942],[-94.9756915776911,29.3361721235968],[-94.9747615051874,29.3358895652088],[-94.9746664986375,29.3358607012866],[-94.974666067909,29.3358605709208],[-94.9722158048946,29.335116133374],[-94.9722128055239,29.3352091329428],[-94.9722318045784,29.3352591330141],[-94.9723251375896,29.3353461223983],[-94.9723397788817,29.3353577407713],[-94.9724588051251,29.3354201338118],[-94.9726068047663,29.3354691336151],[-94.9726688056693,29.3354821337049],[-94.9727238056751,29.3355241332316],[-94.9728928054845,29.3357881337486],[-94.9729578053345,29.3358641338572],[-94.9731868052718,29.3359591330977],[-94.9732768053853,29.3363681333942],[-94.9728878057546,29.3368901334134],[-94.9722158041797,29.3372331339651],[-94.9719851867585,29.3376339490561],[-94.9719547742766,29.3376868064027],[-94.9715288051702,29.3384271340588],[-94.9710198042679,29.3386931339708],[-94.9707409740425,29.3390709726497],[-94.9707843535009,29.339117966855],[-94.9708158822678,29.3391521230816],[-94.970801354241,29.3393700493294],[-94.9707925930476,29.3394334311236],[-94.9707518826004,29.3396641238682],[-94.9707436247964,29.3396988066372],[-94.9707389219741,29.339712480018],[-94.9706548746494,29.3398530398606],[-94.9706294556468,29.3399403334359],[-94.9706268606784,29.3400063003081],[-94.9706544111472,29.3400670977763],[-94.9705758823257,29.3403681242347],[-94.9707678822955,29.3407041243007],[-94.9711078822294,29.3407401234887],[-94.971615883254,29.3408641236242],[-94.9721438828344,29.3408161242771],[-94.9726718834111,29.3407841240745],[-94.9731998831486,29.340880124032],[-94.9732914627607,29.3408740183156],[-94.9736798829514,29.3408481238393],[-94.9741438834821,29.3408961235968],[-94.9744478833041,29.3411201241262],[-94.9746078833728,29.341392124007],[-94.9746248840397,29.3417431243574],[-94.9745128835938,29.3422231238827],[-94.9743848832719,29.3426391243192],[-94.9745448833534,29.3429911246012],[-94.9748968840727,29.3431831241737],[-94.9755048843541,29.3434071239215],[-94.9757768841305,29.3436951247375],[-94.9758888845028,29.3439511247774],[-94.9758728839389,29.3443671248326],[-94.9757928836905,29.3448311248371],[-94.9757681135043,29.3449797511621],[-94.9757288841685,29.3452151248464],[-94.9756970641888,29.3455227186392],[-94.9756808841576,29.3456791247393],[-94.9757908833106,29.3457691246595],[-94.9760328837387,29.345967125112],[-94.9761252754102,29.346018099946],[-94.9759173620575,29.3465887608328],[-94.9758193450003,29.3468577847582],[-94.9759318582475,29.346876458668],[-94.9760583314828,29.3465976112456],[-94.9762819618343,29.3461045471222],[-94.9764968844849,29.3462231246532],[-94.9767848844575,29.3466391253451],[-94.9769288842578,29.3467831248641],[-94.9771688845862,29.346975124761],[-94.9774234590654,29.3470209484891],[-94.9774736285497,29.3470677341714],[-94.9776438144463,29.3470914045068],[-94.9777547655057,29.3471082015051],[-94.9780058351422,29.3471495026308],[-94.9782924632954,29.3471966537896],[-94.9784631535759,29.3475188634983],[-94.9786814734274,29.3476027304723],[-94.9787886832331,29.3474367969426],[-94.9788235910214,29.3472764037796],[-94.9788862641824,29.3471896402205],[-94.978958446132,29.3470929935242],[-94.9789918633364,29.3470465496674],[-94.979039986255,29.3469941838897],[-94.9791045034636,29.3469154046002],[-94.9791441668578,29.346882965187],[-94.9791563591302,29.346871007834],[-94.979408885353,29.3469271252919],[-94.9795688851553,29.3471511248165],[-94.9798408848316,29.3475351251747],[-94.9798860572118,29.3475657771724],[-94.9799121319052,29.3476366651239],[-94.9799547612672,29.3476798360827],[-94.9800258370696,29.3477452064097],[-94.9800841306471,29.3477959519271],[-94.9801611549663,29.3478498140455],[-94.980242186555,29.3479178658826],[-94.9803349715898,29.3480071482371],[-94.9804083443813,29.3479983510515],[-94.9804789035037,29.3479812134472],[-94.9805417868524,29.3479996189451],[-94.9805990711225,29.3480206076273],[-94.9806921889253,29.3480289162976],[-94.9807835516899,29.348061938899],[-94.9808066995813,29.3480644671116],[-94.9808612498897,29.3480770554121],[-94.9809145125247,29.3481264247521],[-94.9810080618647,29.3481237387037],[-94.9811108476638,29.3481346549751],[-94.9814247705878,29.3482070983988],[-94.9814564859988,29.3482225523436],[-94.9816075661693,29.3482546209403],[-94.9816749390921,29.3482786648411],[-94.9818014888661,29.3483154982354],[-94.981897479829,29.3483706744045],[-94.9820353215526,29.3484000605626],[-94.9821427439104,29.3484217746324],[-94.9822237381548,29.3484410406507],[-94.9823048273947,29.3484957678188],[-94.9823581315191,29.3484781096772],[-94.9824468378012,29.3484587655597],[-94.9826063790521,29.3484553134241],[-94.9827660567398,29.3484683764353],[-94.9828536848899,29.3484765183067],[-94.9830075490042,29.3484976616199],[-94.98316206099,29.3485023130293],[-94.9832993466978,29.3485257088087],[-94.9834343872975,29.3485462849933],[-94.9834780673353,29.3485475998093],[-94.9838248860316,29.3488471252743],[-94.9841448864312,29.3490871252514],[-94.9844968869442,29.3493911248925],[-94.9847368864107,29.349583124914],[-94.9849128870257,29.3497111255233],[-94.9849762840564,29.3497296165556],[-94.9850363475439,29.34976679454],[-94.9852174812687,29.3498135225598],[-94.9852614788149,29.3498127977748],[-94.985296886575,29.3498231253671],[-94.9856328864378,29.3499031250978],[-94.9860488871862,29.3500791256336],[-94.9864328874527,29.3501431251636],[-94.9864413882362,29.3501434404399],[-94.9866013434337,29.3501881292158],[-94.9867094747599,29.3501941333051],[-94.9867883389036,29.3501854977437],[-94.98685241196,29.3501704973473],[-94.9868894773406,29.3501682462866],[-94.9869366551521,29.3501679434205],[-94.9870184716696,29.3501841633224],[-94.9871533170539,29.350149692434],[-94.9872178477515,29.350146129307],[-94.9873265115446,29.3500783333216],[-94.9873768871176,29.3500951252016],[-94.9877608872826,29.349999125283],[-94.9881448873731,29.3499351255615],[-94.9883528875378,29.3500311252643],[-94.9886248876199,29.3502871256133],[-94.9889768875545,29.3505911254832],[-94.989376888315,29.3507991250366],[-94.9897128881753,29.3509271256696],[-94.9900168877268,29.3510391251365],[-94.9902248881727,29.3512951253747],[-94.990416887684,29.3515671258434],[-94.9907528877467,29.3518711256442],[-94.9908984984031,29.3519023275474],[-94.9909434156507,29.3519259898914],[-94.991002466776,29.3519452285874],[-94.9910940206602,29.3519829083154],[-94.9911327063528,29.3520131781708],[-94.9911827733859,29.3520429466791],[-94.991360908672,29.3521248221195],[-94.9914659646683,29.3521570856684],[-94.9915117417818,29.3521759253807],[-94.9915648397839,29.3521775204116],[-94.99162480145,29.3521735000711],[-94.9917044577268,29.3521712449893],[-94.991804231301,29.352173068269],[-94.9918907414422,29.3521698452535],[-94.9919912094978,29.3521495768459],[-94.9920651280414,29.3521285100373],[-94.9921186800461,29.3521184763367],[-94.992231511072,29.3521218651734],[-94.9923120676937,29.3521009975993],[-94.9923994878605,29.3520745154881],[-94.9925022227391,29.3520479037002],[-94.9925745555741,29.3520157364015],[-94.9926825694633,29.3519724079972],[-94.9927363488675,29.3519565584546],[-94.9928200227881,29.3519493304335],[-94.9929230989599,29.3519388804177],[-94.9931487606769,29.3519456566362],[-94.9932111456016,29.3519625342038],[-94.9932795779858,29.3520021390888],[-94.9931575821705,29.3522423930852],[-94.9931570317748,29.3522434753167],[-94.9928912864204,29.3527668187399],[-94.9928443308732,29.3528592906986],[-94.9928094996393,29.3529334830494],[-94.9927919519658,29.3529736905115],[-94.9927752071476,29.3530141595283],[-94.9927592718201,29.3530548785626],[-94.9927554656999,29.3530651848641],[-94.9927441495663,29.3530958350824],[-94.9927298449983,29.3531370165868],[-94.9927163637577,29.3531784106054],[-94.9927037083981,29.3532200045755],[-94.9926918845611,29.353261786027],[-94.9926808938062,29.3533037414641],[-94.9926707407458,29.3533458583859],[-94.9926614289629,29.3533881242602],[-94.9926529599817,29.3534305264932],[-94.9926453374559,29.3534730507494],[-94.9926385628393,29.3535156862383],[-94.9926326387915,29.3535584176916],[-94.9926275667661,29.353601234319],[-94.9926233483583,29.3536441217229],[-94.9926199851276,29.3536870664076],[-94.9926174775339,29.3537300566501],[-94.9926158271722,29.3537730780527],[-94.9926150345021,29.3538161188923],[-94.9926150980308,29.3538591646787],[-94.9926159380236,29.3539023042042],[-94.9926180777059,29.3541265142422],[-94.9926268124288,29.3550417730498],[-94.9926300304076,29.3553790195764],[-94.9926398095873,29.3564037068418],[-94.9926405079798,29.3564768832374],[-94.9926548959268,29.3579843585358],[-94.992666000684,29.3586946247732],[-94.9926825277392,29.3597516877464],[-94.9926828555369,29.3597726516217],[-94.99270493612,29.3611849133036],[-94.9927088467866,29.3614350137433],[-94.9927198519753,29.3621388880785],[-94.9927246184904,29.3624437380422],[-94.9927341811939,29.3630553420007],[-94.9927387426829,29.3633471017996],[-94.9927423035673,29.3635748282922],[-94.9927553052605,29.3644063498806],[-94.9927577836707,29.3645648664165],[-94.992775139472,29.3656748108894],[-94.9927845298296,29.3662753468408],[-94.992791985126,29.3667521030804],[-94.9928165472394,29.3683228814216],[-94.9927770403496,29.368323541529],[-94.9921771963461,29.3683290414471],[-94.9915836254962,29.3683340291865],[-94.9905733784777,29.3683425127188],[-94.9901799873868,29.3683458147309],[-94.989897477675,29.3683481849593],[-94.9896149689796,29.3683505546208],[-94.9893324592416,29.3683529236536],[-94.9890875763592,29.3683549765412],[-94.9890499494906,29.3683552920886],[-94.989038934861,29.3683553844954],[-94.988767440756,29.3683576599568],[-94.9884849309788,29.3683600271963],[-94.9882024222181,29.3683623938689],[-94.9876896311158,29.3683666876186],[-94.9875801572156,29.3683663902349],[-94.987486534889,29.3683661359753],[-94.9871405119871,29.3683701317809],[-94.9869449884794,29.368372390035],[-94.9868375775457,29.3683736302192],[-94.9865075707394,29.3683774396889],[-94.9862678491403,29.3683802068954],[-94.9860984420826,29.3683821623156],[-94.9860314355098,29.3683829359301],[-94.9858003839887,29.3683856019212],[-94.9857524128602,29.3683861552396],[-94.9855555374363,29.3683884267742],[-94.985555226035,29.3683884300472],[-94.9836330204456,29.3684106993072],[-94.9836197976404,29.3684108801035],[-94.98338410465,29.3684135963479],[-94.9831704992816,29.3684160596682],[-94.983142294661,29.3684163844774],[-94.9829038009139,29.3684191338511],[-94.9828961021769,29.3684192226334],[-94.9826770975974,29.3684217465571],[-94.9826066939258,29.3684220677012],[-94.9824294713535,29.3684228767576],[-94.982209700243,29.3684248134668],[-94.9819899291242,29.3684267498144],[-94.9819857089791,29.3684267870794],[-94.9817375062654,29.3684289739271],[-94.9816433671046,29.3684299341963],[-94.9815491506241,29.3684308947796],[-94.9813124349719,29.3684336361656],[-94.9810058148378,29.3684371873601],[-94.9809200003809,29.3684381811232],[-94.9808347675104,29.3684391679689],[-94.980652956764,29.3684412729192],[-94.9804488961258,29.3684439028726],[-94.9802049640047,29.3684470470122],[-94.9797571475209,29.3684528176906],[-94.9796787644872,29.3684538882517],[-94.9796670224183,29.3676563999606],[-94.9796653055988,29.3675354692864],[-94.9796671174416,29.3675354462215],[-94.9796653043132,29.3675353970202],[-94.9796637494536,29.3674259355247],[-94.9796593339708,29.3671285125086],[-94.979655633811,29.3668792903521],[-94.9796520753321,29.3666396651628],[-94.9796485680989,29.3664034343925],[-94.9796449591267,29.3661603443557],[-94.9796443402721,29.3661186919954],[-94.9790630547281,29.3661245237617],[-94.9788372097836,29.3661267891059],[-94.9786072373939,29.3661290949197],[-94.9785000843586,29.3661301699768],[-94.9783870242642,29.366131302588],[-94.9781641467692,29.3661335370396],[-94.9783311814034,29.3665707763121],[-94.9783352274111,29.3668457789012],[-94.9783392724463,29.3671207805453],[-94.9783433175033,29.3673957821772],[-94.9783456204262,29.3675522962929],[-94.9783473636115,29.3676707838279],[-94.9783516809409,29.3679642847747],[-94.9783590943439,29.368468273104],[-94.9782496223797,29.3684694388625],[-94.978149933868,29.3684705002984],[-94.9780609692272,29.3684714469514],[-94.9778723150378,29.3684734547428],[-94.9776836618705,29.3684754622986],[-94.9771884646706,29.368481166898],[-94.9766924672206,29.3684868789435],[-94.9766911390058,29.3684868957825],[-94.9762065624306,29.3684932446431],[-94.9761226029886,29.3684943445211],[-94.9760367460594,29.3684954692946],[-94.9758164422094,29.3684983554004],[-94.9757339502033,29.3684994360819],[-94.9756714887392,29.3685002873797],[-94.9754788797676,29.3685023666532],[-94.9754752150434,29.3685024069185],[-94.9752862707172,29.3685044474522],[-94.975192009454,29.3685054644991],[-94.9750979007661,29.3685064806638],[-94.9750750237236,29.368506727893],[-94.9749052917358,29.3685085600115],[-94.9747126826976,29.3685106390813],[-94.9744612074829,29.3685133538289],[-94.9743274645977,29.3685147963874],[-94.9742331939792,29.3685158142815],[-94.9741390935437,29.368516829117],[-94.9737227625936,29.3685213200712],[-94.9735223070825,29.3685236238712],[-94.9733218515625,29.3685259273701],[-94.9732276917917,29.3685270083898],[-94.9731328338845,29.3685280980725],[-94.972932378347,29.3685304009867],[-94.9727321682443,29.3685327001722],[-94.9724182127554,29.3685357656434],[-94.9722020711234,29.3685378757756],[-94.9722014833926,29.3685378815122],[-94.9720193487056,29.3685396588756],[-94.9719790747288,29.3685400513329],[-94.9718364654328,29.3685414431906],[-94.9717420317231,29.3685427261612],[-94.9717335850504,29.3679660036941],[-94.9717335752335,29.3679653361952],[-94.9717252927826,29.3673828693096],[-94.9717193341134,29.3669637818795],[-94.9717074146925,29.366170992005],[-94.971686570809,29.3647516774011],[-94.971685681458,29.3646905992303],[-94.9716853545302,29.3646682547662],[-94.9716778285826,29.3641591124358],[-94.971674779665,29.3639528618968],[-94.9716726103225,29.3638060776562],[-94.9716725438519,29.3638016101745],[-94.971658441823,29.3628500517362],[-94.9716486511998,29.3622055178137],[-94.971645723187,29.3620130175901],[-94.9716448908843,29.3619580362269],[-94.9716440645802,29.3619030071934],[-94.9716380939043,29.3615037084969],[-94.9716370347329,29.3614302065178],[-94.9716369512973,29.3614244411323],[-94.9716231039417,29.3604819356168],[-94.9717168240425,29.3604766489575],[-94.9718838015909,29.360475285274],[-94.9718888512559,29.3604752435826],[-94.9720935485961,29.3604735709132],[-94.9722505165411,29.3604722883634],[-94.9724074845176,29.3604710047274],[-94.9725958544971,29.3604694650966],[-94.9727842182944,29.3604679250138],[-94.9729085223068,29.3604669082168],[-94.9730681409331,29.3604711046162],[-94.973877538562,29.3603169811112],[-94.9738760558001,29.3603149808134],[-94.9738730062775,29.3603107050241],[-94.9738700420871,29.3603063821526],[-94.9738670251006,29.3603018030857],[-94.973863180927,29.3602956407513],[-94.9738418949638,29.3602602868531],[-94.9738232482673,29.36022931554],[-94.9738197934478,29.3602235784541],[-94.9737139066793,29.3600477100551],[-94.9736974589292,29.3600218366243],[-94.9735412349685,29.3597760813397],[-94.9734636369158,29.3596538619497],[-94.9734975686589,29.3596538465819],[-94.9734957487639,29.3595703271786],[-94.9734917162808,29.3592952916308],[-94.9734876838194,29.3590202560709],[-94.9734874432916,29.3589378000142],[-94.9733922756479,29.3589388152644],[-94.9733765480467,29.3589389835339],[-94.973203638424,29.3589408290868],[-94.9730150022576,29.358942841772],[-94.9728263650189,29.3589448550614],[-94.9726377288376,29.3589468672135],[-94.9724490916196,29.358948879068],[-94.9722604553881,29.3589508915888],[-94.9720718181552,29.3589529029102],[-94.9718831808794,29.3589549148668],[-94.9716945446611,29.3589569256862],[-94.9716009464351,29.3589587300779],[-94.971586482411,29.358105620779],[-94.9716821841395,29.3581029048438],[-94.9719986149988,29.3580995303613],[-94.9721948555979,29.3580974381015],[-94.9723910951951,29.3580953446203],[-94.9725873357782,29.3580932517835],[-94.9727835753593,29.3580911577254],[-94.9729798159264,29.3580890643117],[-94.9731760565209,29.3580869697077],[-94.9733487522953,29.3580851268095],[-94.9733722960425,29.358084875686],[-94.9735214480635,29.3580832836879],[-94.9735684128821,29.3580827821886],[-94.9735998038915,29.3580824201996],[-94.9736696312142,29.3580816153429],[-94.9737045175433,29.3580812134306],[-94.9745583681225,29.3580713697054],[-94.9749749131904,29.3580671908458],[-94.9750364841452,29.3580665732247],[-94.9750345874476,29.3579561052084],[-94.9750338778012,29.3578998455436],[-94.9750338460548,29.3578972967554],[-94.9750283482618,29.3574610907339],[-94.9750266144298,29.3573235864835],[-94.9750253780515,29.3572254775639],[-94.9750252240418,29.3572132953341],[-94.9750248816317,29.3571860822612],[-94.975023147809,29.3570485780048],[-94.9750214150203,29.3569110737766],[-94.9750196822362,29.3567735695452],[-94.9750196412205,29.3567703388283],[-94.975017948392,29.3566360661817],[-94.9750162156172,29.3564985619445],[-94.9750144818178,29.3563610576732],[-94.9750127240868,29.3562215925983],[-94.9750137484497,29.3557002551987],[-94.9748882660696,29.355646549239],[-94.9748855264873,29.3556453768691],[-94.9748731928301,29.355640097877],[-94.974698897043,29.3555654973231],[-94.9744580036828,29.3554623899009],[-94.9743114304665,29.3553996542817],[-94.9742181313478,29.3553597209169],[-94.9742173316981,29.355359378088],[-94.9741189660551,29.3553172757468],[-94.9739264969128,29.3552348940727],[-94.9738615027246,29.3552070756248],[-94.9734847690003,29.3550458225729],[-94.9733477402755,29.3549871703201],[-94.9731411824355,29.3548987574729],[-94.9725743322789,29.3546561249682],[-94.972437756629,29.354597665087],[-94.9721198835041,29.3544141263836],[-94.9731028841892,29.3548401265392],[-94.9742438837606,29.3551711267082],[-94.9749238843747,29.3554371268336],[-94.9759408844427,29.3558121269729],[-94.9770558852406,29.3562011270987],[-94.9762398844487,29.3558251264181],[-94.9761628844576,29.3557931271712],[-94.9753128845855,29.3554431266098],[-94.9749268845011,29.3552591264133],[-94.9749048841185,29.355249126481],[-94.9742238841095,29.3549901265265],[-94.9733498836398,29.3546071266352],[-94.9715122818495,29.3538115976518],[-94.9715017490871,29.3538039052206],[-94.971502047167,29.3538253830243],[-94.9715057548202,29.35386872599],[-94.9715059301458,29.3538707663006],[-94.9715350609945,29.354211267963],[-94.9707707136072,29.3538764260956],[-94.9704600496327,29.3537397619063],[-94.9703911819416,29.3537094655963],[-94.9703782557018,29.3537037791515],[-94.9696385297799,29.3533783576469],[-94.9683487909476,29.3528109663493],[-94.9683320529794,29.3528036026069],[-94.9675527335629,29.3524607468554],[-94.9671358114,29.3522773227801],[-94.9670680518351,29.3522475123125],[-94.9670504165227,29.3522397538236],[-94.9661424242648,29.3518402769216],[-94.9652376966448,29.3514422321455],[-94.9640323925125,29.3509119197395],[-94.9631553384775,29.3505260244699],[-94.9624398789929,29.350211227909],[-94.9614278824959,29.3497659407988],[-94.9593552859946,29.3488539449562],[-94.958454876923,29.3484577211926],[-94.9575995818526,29.3480813455592],[-94.9570492369798,29.3478391599984],[-94.9563585481713,29.3475352146278],[-94.9558643076739,29.3473177126238],[-94.9556005371617,29.3472016329268],[-94.955257358051,29.347050582416],[-94.9547968535987,29.3468478683477],[-94.954588744677,29.3467562602245],[-94.9543356537347,29.3466448552712],[-94.9542291884657,29.3465979896081],[-94.9536770306641,29.3463430540651],[-94.9533100209798,29.346151179075],[-94.9529508618648,29.3459481940814],[-94.9526000256014,29.3457343536294],[-94.9520902942979,29.3453938102375],[-94.9514435975676,29.3449042822288],[-94.9505505099363,29.3440989062082],[-94.9487386212993,29.3426807526657],[-94.9481268721121,29.3422019254387],[-94.9457321677452,29.340327476723],[-94.94430845396,29.3392130097825],[-94.9438540319707,29.3388572847885],[-94.9438280215399,29.3388369237202],[-94.9431875727487,29.3383355681215],[-94.9411467497676,29.3367230449414],[-94.9409556066401,29.3365720124012],[-94.9400913554906,29.3358856473885],[-94.9396723630526,29.3355122283298],[-94.9390612474344,29.3349660622069],[-94.9385366210229,29.3344971030307],[-94.937958806206,29.3339805946807],[-94.9377194433134,29.3337666259688],[-94.9370600265599,29.3331771668718],[-94.9360350271844,29.3323842386406],[-94.9348235529275,29.3314470562746],[-94.9343094467284,29.3310493401037],[-94.9339167484407,29.3307455431795],[-94.9331115466335,29.3301581600284],[-94.9330891886535,29.3301421388562],[-94.9325908538157,29.3297783536836],[-94.9314188547724,29.3289235080228],[-94.9306278239879,29.3283463750043],[-94.930484014547,29.3282414509844],[-94.9297873605079,29.3277331645343],[-94.9291378675449,29.3272592795321],[-94.9287522306776,29.3269739846358],[-94.9286925920442,29.3269266557986],[-94.9286889824083,29.3269237901024],[-94.9277119327358,29.3261483935487],[-94.9275072242608,29.3259859329518],[-94.927369661627,29.3258767602752],[-94.927118487022,29.3256774205429],[-94.9266221104252,29.325283476868],[-94.9260531963969,29.3248319596642],[-94.9259387002776,29.3247410893383],[-94.925208285179,29.3241613860802],[-94.9252054758867,29.3241591514539],[-94.9228537081537,29.3222879792462],[-94.9228532048572,29.3222875783405],[-94.9226018968762,29.3220876222756],[-94.9219100460326,29.321528628058],[-94.9214125368111,29.321126650297],[-94.9208458927455,29.3206688061937],[-94.9205469523357,29.3204272633531],[-94.9203145523825,29.320239482706],[-94.9197851289246,29.3198117007869],[-94.9185570037164,29.3188198005535],[-94.9180499865412,29.3184164538995],[-94.9173224077572,29.3178376360804],[-94.91647543667,29.3171638241741],[-94.9152891255164,29.3162200240919],[-94.9147926744429,29.3158250511913],[-94.9139556850741,29.3151616615694],[-94.9134018299196,29.3147227995536],[-94.9131112534835,29.3144925506471],[-94.9111854462043,29.3129665261998],[-94.9106194256991,29.3125720241441],[-94.9100261616052,29.3121585292708],[-94.9097745601256,29.3119579631027],[-94.9097377944866,29.3119286544213],[-94.9097224376017,29.3119151397447],[-94.9093664268427,29.3116018104647],[-94.9093538824926,29.311590770087],[-94.9093383909482,29.3115754960541],[-94.9089909750046,29.3112329614103],[-94.9089882332122,29.3112300856437],[-94.9086464186443,29.3108526155242],[-94.908407961189,29.3105608662155],[-94.9082048821929,29.3102704608644],[-94.9078437555969,29.3097338953323],[-94.9074403352026,29.3090976045435],[-94.906939689801,29.3082906648133],[-94.9064096892961,29.307436397203],[-94.9061262623148,29.3069795562695],[-94.9054774025526,29.305933674498],[-94.9054773802226,29.3059336404062],[-94.9052375354283,29.3055619180205],[-94.9051070856971,29.305400824231],[-94.9048297206105,29.3050927806562],[-94.9045315454046,29.3048048345983],[-94.9043758569784,29.3046694977162],[-94.9043745590052,29.3046684168475],[-94.9040793521155,29.3044377758303],[-94.904048461415,29.3044136414263],[-94.9038786589074,29.3042947451509],[-94.9037048118361,29.3041818477043],[-94.9035271310087,29.3040750864627],[-94.9034725715297,29.3040460762518],[-94.9031803743203,29.3038907122372],[-94.9031611385712,29.3038804841174],[-94.9026538184192,29.3036335117029],[-94.9022887479005,29.30345518959],[-94.9019854062979,29.303307018526],[-94.9017907358511,29.3032119161989],[-94.8996935044893,29.3021874735212],[-94.8996808563135,29.3021812954478],[-94.8996746037462,29.3021782338899],[-94.8996533193506,29.3021678122448],[-94.8996500753416,29.3021662245763],[-94.8994119209566,29.3020496251104],[-94.8962186409097,29.300486213774],[-94.8961808740713,29.3004677228099],[-94.8945104832156,29.2996499905024],[-94.8929120713365,29.2988674630438],[-94.8883883018906,29.2966526109122],[-94.8883776314765,29.2966473865433],[-94.8873312752669,29.2961350515184],[-94.8873311924306,29.2961350110429],[-94.8865771748278,29.2957658071215],[-94.8865386496677,29.295746944117],[-94.8865388950324,29.29574660498],[-94.8823588921433,29.2936999571001],[-94.88202205144,29.2935350258442],[-94.8820037916937,29.2935260850918],[-94.880736361816,29.2929054092365],[-94.8778617985653,29.2914976248687],[-94.8778611844413,29.2914973241871],[-94.8778591420889,29.2914963238667],[-94.8778401406594,29.2914870192076],[-94.8772936733031,29.2912193954814],[-94.8772924564625,29.2912188179402],[-94.8754153818964,29.2903285857111],[-94.8747930341206,29.2900334184754],[-94.8725537108388,29.2889713116968],[-94.872421140811,29.2889084325933],[-94.8693953213791,29.2874731941562],[-94.8669054012774,29.2862920665964],[-94.8667485964814,29.2862239864781],[-94.8665904608874,29.2861583153461],[-94.8664310410764,29.2860950726979],[-94.8662703876706,29.2860342799618],[-94.8661085484241,29.2859759530603],[-94.8659455730025,29.2859201115868],[-94.8657815101878,29.2858667714961],[-94.8656164118113,29.2858159497405],[-94.8654503256618,29.2857676613416],[-94.8653022995589,29.2857271232865],[-94.8652833046713,29.2857219214805],[-94.8651153987581,29.2856787434397],[-94.8649466578039,29.2856381414032],[-94.8647771349216,29.2856001260442],[-94.8646068820859,29.2855647107095],[-94.8644359493596,29.2855319050754],[-94.8642643898548,29.2855017198156],[-94.8640922557636,29.2854741628671],[-94.8639195992057,29.2854492439708],[-94.8637464734015,29.285426971096],[-94.8635729296234,29.2854073494434],[-94.8633990221567,29.2853903861129],[-94.863224804367,29.2853760854679],[-94.8630503275628,29.285364451808],[-94.8630259599197,29.285363201956],[-94.8629034855801,29.2853569184476],[-94.8628756461017,29.2853554904304],[-94.8627008124662,29.2853492020604],[-94.8625258811231,29.2853455892906],[-94.8623509034896,29.2853446537165],[-94.8621759341417,29.285346395226],[-94.8620941790249,29.2853484603368],[-94.8620010266632,29.2853508127738],[-94.8618262336092,29.2853579052827],[-94.861651607535,29.285367671676],[-94.8614772031985,29.2853801073339],[-94.8613030731917,29.2853952102786],[-94.8611292692597,29.2854129739915],[-94.860955846161,29.2854333938538],[-94.8608181791885,29.2854517533453],[-94.8607828556048,29.2854564642493],[-94.8606103514304,29.2854821778226],[-94.8604383844279,29.2855105262207],[-94.8602670084735,29.2855415011871],[-94.8600962744305,29.2855750925659],[-94.859926235147,29.2856112920688],[-94.8597569426611,29.2856500859657],[-94.8596365190534,29.2856796598701],[-94.8595884478004,29.285691465003],[-94.8592751693573,29.285775879675],[-94.8586178341014,29.2860034751307],[-94.8577383200117,29.2863079900483],[-94.8571948078387,29.2864961676156],[-94.8571936358543,29.28649657362],[-94.8567739200232,29.2866418873174],[-94.8567658509605,29.2866171160028],[-94.8566848510963,29.2864111165265],[-94.8554518503969,29.2868161161255],[-94.854809850687,29.2870431162165],[-94.854410850865,29.2871611168067],[-94.8545748022545,29.2873347122867],[-94.8546169843665,29.2873886339314],[-94.8545485041281,29.2874123412475],[-94.853587159295,29.2876934325243],[-94.8527432855462,29.2879401687922],[-94.8527264580946,29.2879450889667],[-94.8525811916827,29.2879875618708],[-94.8521211922227,29.288122054955],[-94.8518881362529,29.2881899231913],[-94.8516545821841,29.2882541098083],[-94.851510500974,29.2882912995267],[-94.8514197865445,29.2883147135631],[-94.8511838191155,29.2883717158532],[-94.8509467527649,29.2884250981726],[-94.8507086591867,29.2884748455906],[-94.8504696122053,29.2885209414375],[-94.8503837084132,29.2885361337951],[-94.8503450444819,29.2885429717838],[-94.8502296834061,29.288563373489],[-94.8499889455127,29.288602126848],[-94.8497474731242,29.2886371911905],[-94.8495053398114,29.2886685561614],[-94.8493882125883,29.2886819002755],[-94.849262618153,29.2886962104719],[-94.8490193826397,29.2887201465051],[-94.8485546178394,29.2887554467118],[-94.8481343889387,29.2887683164113],[-94.8480032159207,29.2887703241369],[-94.8477139683896,29.2887747529601],[-94.8472934830142,29.2887747548858],[-94.8465782603545,29.288759971644],[-94.8455867651728,29.2887118658681],[-94.843029521148,29.288587757108],[-94.842140602558,29.2885446045858],[-94.8416887613902,29.2885150942468],[-94.841498839992,29.288505608095],[-94.8412364008322,29.2884924994719],[-94.8407836605788,29.2884768273243],[-94.8405966792015,29.2884732173089],[-94.8403306763192,29.2884680820358],[-94.839704770393,29.2884686179411],[-94.8395897296208,29.2884687153745],[-94.8379653358425,29.2885420414111],[-94.8370898083879,29.2885815545733],[-94.8368801103923,29.2885932023585],[-94.8366674150287,29.2886108877776],[-94.8366667092041,29.2886109460988],[-94.8364536935337,29.2886319501434],[-94.8362411283856,29.2886562111072],[-94.8360290779921,29.2886837192609],[-94.8358176085332,29.2887144676452],[-94.8356067822211,29.2887484455658],[-94.8356002869794,29.2887495952621],[-94.8353966642809,29.2887856442287],[-94.834934533902,29.2888844879879],[-94.8349275134458,29.2888859905308],[-94.8334818144472,29.2891951958496],[-94.8331162361467,29.2892912119787],[-94.8330920259601,29.2892975702786],[-94.8330407727775,29.2893110317174],[-94.8330400960881,29.289311209209],[-94.8328599941562,29.2893585107443],[-94.8327031986091,29.2893996919244],[-94.8325433601653,29.2885044105608],[-94.8325311174798,29.2884745927274],[-94.8324858805399,29.2883477445124],[-94.8324858639312,29.2883476970429],[-94.832292801713,29.2878063259726],[-94.8322922582811,29.2878034802226],[-94.8322916578709,29.2878006426238],[-94.8322910004457,29.2877978140777],[-94.8322902879894,29.2877949964522],[-94.8322895184083,29.2877921905847],[-94.8322886937594,29.2877893965395],[-94.8322878129409,29.2877866160881],[-94.8322868780466,29.2877838483928],[-94.8322858869094,29.2877810960948],[-94.8322848415864,29.2877783592581],[-94.8322837420043,29.2877756396864],[-94.8322825892285,29.2877729365101],[-94.8322813821569,29.2877702515005],[-94.8322801218183,29.2877675846898],[-94.8322788081025,29.2877649387831],[-94.832277442075,29.2877623129109],[-94.8322760247276,29.2877597080071],[-94.832274554995,29.2877571249413],[-94.8322730348613,29.2877545655812],[-94.8322714632977,29.2877520298948],[-94.8322698413329,29.2877495179141],[-94.8322681699222,29.2877470314749],[-94.8322664490656,29.287744570577],[-94.8322646797184,29.2877421370562],[-94.8322628629091,29.2877397309446],[-94.8322609975726,29.2877373531118],[-94.8322590847375,29.2877350035899],[-94.8322571264243,29.2877326833451],[-94.8322551215309,29.2877303941485],[-94.832253072115,29.2877281360646],[-94.8322509771109,29.2877259099629],[-94.8322488386126,29.2877237150059],[-94.8322466575389,29.2877215539311],[-94.8322444328611,29.2877194267064],[-94.8322421656077,29.2877173333637],[-94.8322398577627,29.287715275771],[-94.8322375093628,29.2877132530265],[-94.8322351213633,29.2877112669659],[-94.8322326937642,29.2877093175891],[-94.8322302275941,29.2877074049282],[-94.8322277237716,29.2877055317208],[-94.8322251833987,29.2877036961953],[-94.832222606402,29.2877019001554],[-94.8322199938103,29.2877001436331],[-94.8322173476807,29.2876984266928],[-94.8322146668745,29.2876967520075],[-94.8322119535592,29.2876951169364],[-94.832209207588,29.2876935250863],[-94.8322064310915,29.2876919747182],[-94.8322036230044,29.2876904667015],[-94.8322007863392,29.2876890029362],[-94.8321979211694,29.2876875816189],[-94.8321950273847,29.2876862054548],[-94.8321921070793,29.2876848736063],[-94.8321891602531,29.2876835860737],[-94.8321861889267,29.2876823438227],[-94.8321831930634,29.2876811477553],[-94.8321801737285,29.2876799970018],[-94.8321771318774,29.2876788933979],[-94.8321740685752,29.2876778360739],[-94.8321709848141,29.2876768259637],[-94.8321678805939,29.2876758630675],[-94.8321647590005,29.2876749474815],[-94.8321616189687,29.2876740800753],[-94.8321584625557,29.2876732609135],[-94.8321552897616,29.2876724899958],[-94.8321521026068,29.2876717682883],[-94.8321489011281,29.2876710948893],[-94.8321456863174,29.2876704707327],[-94.832142460232,29.2876698958828],[-94.8321392239005,29.2876693703717],[-94.8321359762944,29.2876688941673],[-94.8321327204627,29.2876684682678],[-94.8321294564055,29.2876680926732],[-94.8321261851881,29.2876677665138],[-94.8321229078391,29.2876674898219],[-94.8321196263425,29.2876672644652],[-94.8321163397429,29.287667088608],[-94.8321130510896,29.2876669632487],[-94.8321097603826,29.2876668883871],[-94.8321064676585,29.2876668631216],[-94.8321031759299,29.287666889352],[-94.8320998852701,29.2876669652748],[-94.8320965956425,29.287667091792],[-94.8320933101696,29.2876672680981],[-94.8320900277861,29.2876674950626],[-94.8320867516146,29.2876677718804],[-94.8320834805897,29.287668099421],[-94.8320802168055,29.2876684768471],[-94.8320769602618,29.2876689041584],[-94.8320737140813,29.2876693805499],[-94.8320704771987,29.2876699068911],[-94.8320672506425,29.2876704832141],[-94.8320640365435,29.2876711077797],[-94.8320608358568,29.2876717824236],[-94.8320576486558,29.2876725053424],[-94.8320544759326,29.2876732774698],[-94.8320513198176,29.2876740970667],[-94.8320481802375,29.2876749659366],[-94.8320450583311,29.2876758814064],[-94.8320419550535,29.2876768453118],[-94.8320388557838,29.287677862613],[-94.8314906167588,29.2878201959497],[-94.8312906333122,29.2872407457861],[-94.831279171126,29.2872078056306],[-94.8312683678086,29.2871746955604],[-94.83125822505,29.2871414246573],[-94.8312487454584,29.2871080047408],[-94.8312399328178,29.2870744440553],[-94.8312317908018,29.2870407535507],[-94.8312243190062,29.2870069431461],[-94.8312175231254,29.2869730247574],[-94.8312114028286,29.2869390065004],[-94.8312059607241,29.2869049001943],[-94.8312023700655,29.286879133112],[-94.8312011974363,29.2868707157907],[-94.831197116639,29.2868364642393],[-94.8311937179647,29.2868021545574],[-94.8311910029564,29.2867677994341],[-94.8311889723117,29.286733407017],[-94.8311876266187,29.2866989881596],[-94.8311869663916,29.2866645555183],[-94.8311869912996,29.286630117209],[-94.831187702959,29.2865956841169],[-94.8311883359165,29.286582200221],[-94.8311903540275,29.2865392223518],[-94.8312063790823,29.2864042630365],[-94.8312131824326,29.2863469749148],[-94.8312237435893,29.2863115974242],[-94.8312335983997,29.2862760633199],[-94.8312427443304,29.2862403842603],[-94.8312511788845,29.2862045710021],[-94.8312588996021,29.2861686334005],[-94.8312659039132,29.2861325840157],[-94.8312721883291,29.2860964326706],[-94.8312777524104,29.2860601901861],[-94.8312825946524,29.2860238682532],[-94.8312867125585,29.2859874776283],[-94.8312901056526,29.2859510300343],[-94.8312927734952,29.2859145362923],[-94.8312947136265,29.2858780062571],[-94.831295925497,29.2858414534551],[-94.8312964107978,29.285804886968],[-94.8312961669958,29.2857683184542],[-94.8312951957087,29.2857317587991],[-94.8312934816027,29.2856949520041],[-94.8312917804757,29.2856719797588],[-94.8312896228686,29.2856490383876],[-94.8312890669709,29.2856441706619],[-94.8312870075695,29.2856261323672],[-94.8312839383631,29.2856032699419],[-94.8312817810929,29.2855893087661],[-94.831280412899,29.2855804582611],[-94.8312764349985,29.2855577046678],[-94.8312720044419,29.285535014572],[-94.8312671229565,29.285512396154],[-94.8312617913145,29.285489855758],[-94.8312560123452,29.2854673997927],[-94.8312497867474,29.285445036406],[-94.8312431173871,29.2854227711046],[-94.8312360060283,29.2854006111669],[-94.8312284534065,29.2853785638389],[-94.8312204644082,29.2853566355935],[-94.831212038777,29.2853348327429],[-94.8312031813992,29.2853131617601],[-94.831193894039,29.2852916299232],[-94.8311841784971,29.2852702436086],[-94.8311740396599,29.2852490092895],[-94.8311578433385,29.2852170786143],[-94.8311154375472,29.2851380597281],[-94.830998053369,29.2849193276555],[-94.8309804305752,29.2848864891893],[-94.8307119596575,29.2843862264337],[-94.8302889460172,29.2835979737795],[-94.8302696326151,29.283581689276],[-94.8302606513428,29.2835655779773],[-94.8302519927498,29.2835493323051],[-94.8302436577178,29.2835329558984],[-94.8302356511695,29.2835164543288],[-94.8302279739132,29.2834998330389],[-94.830220628851,29.2834830966339],[-94.83021361782,29.2834662505888],[-94.8302069437222,29.2834492995088],[-94.8302006073661,29.2834322488366],[-94.8301946116171,29.2834151040793],[-94.830188958312,29.2833978707117],[-94.8301836493612,29.2833805524052],[-94.830178684471,29.2833631563738],[-94.8301740686373,29.2833456863853],[-94.8301697995461,29.2833281486877],[-94.8301658810913,29.2833105488201],[-94.830162314118,29.2832928913236],[-94.8301590984058,29.2832751816085],[-94.8301562357549,29.2832574260516],[-94.8301537270103,29.2832396291937],[-94.8301515729802,29.2832217964775],[-94.8301496477014,29.2832025181568],[-94.8301479219595,29.2831837778808],[-94.8301458243124,29.2831650657022],[-94.8301433544299,29.2831463897366],[-94.8301405131942,29.2831277536232],[-94.8301373013771,29.2831091637064],[-94.8301337197506,29.2830906263305],[-94.8301297691602,29.2830721460364],[-94.8301254514062,29.2830537292006],[-94.8301207683259,29.283035381298],[-94.8301157207281,29.2830171077711],[-94.8301103094211,29.2829989140626],[-94.8301045372344,29.2829808065811],[-94.830098405013,29.2829627898675],[-94.8300919156228,29.2829448694287],[-94.830085070901,29.2829270507395],[-94.8300778716196,29.2829093401442],[-94.8300703206808,29.282891742248],[-94.8300624209508,29.2828742625578],[-94.830054175295,29.2828569065806],[-94.8300455845588,29.2828396788572],[-94.8300368369541,29.282822940111],[-94.8300366515712,29.2828225857962],[-94.83002089838,29.2827942099607],[-94.8299668516237,29.282691952646],[-94.8299657413511,29.2826898530042],[-94.8296462757331,29.2820854203743],[-94.8296433361779,29.2820798587007],[-94.8294160839608,29.2816498910227],[-94.8294090958925,29.2816517211247],[-94.829314167159,29.2816765837284],[-94.8293135592068,29.2816767434861],[-94.8281867327342,29.2819718669871],[-94.8281756077945,29.2819382201442],[-94.8281753674528,29.2819374957257],[-94.8278924956427,29.2810819767202],[-94.8278584198472,29.2809789167241],[-94.827822963194,29.2808716791503],[-94.8276014684496,29.2802017783457],[-94.8274425281204,29.2797383485857],[-94.8273026634386,29.2793305379961],[-94.8272866822009,29.2792839414291],[-94.8272857837053,29.279281322],[-94.8272375769406,29.2791407611032],[-94.8277394015048,29.2790128290084],[-94.8277401132895,29.2790126481289],[-94.8278070212141,29.2789955903731],[-94.8279634690929,29.278955706424],[-94.8279467021563,29.2789248887442],[-94.8277892259272,29.2786354290642],[-94.8277239327572,29.2785194522691],[-94.8281218433498,29.2783521152884],[-94.8292038439837,29.2779201154126],[-94.8296939544002,29.2777191700372],[-94.8298580536512,29.2780330465594],[-94.830031503503,29.2779626730135],[-94.8300333307304,29.2779619319981],[-94.8300744567826,29.2779452451181],[-94.830087574179,29.2779399228597],[-94.830838117594,29.2776354033589],[-94.8320085591975,29.2771605043727],[-94.831608726282,29.2764285433056],[-94.8329771733073,29.275865714835],[-94.8335211772005,29.2756419653966],[-94.8340511822588,29.2754239702813],[-94.8349883738308,29.2750384907915],[-94.8355316714311,29.2748150201307],[-94.8353680078199,29.2745089338499],[-94.8353387796431,29.2744542707083],[-94.8350436169272,29.2739022470751],[-94.8360439384998,29.2734866103759],[-94.8370589060887,29.273064876806],[-94.837504314934,29.2728797994313],[-94.8379026027728,29.2727152712652],[-94.8380028938168,29.2726333601678],[-94.8380259258262,29.2726137369227],[-94.8380471031196,29.2725950534763],[-94.8374413792333,29.2714901387949],[-94.836773141209,29.2717645897486],[-94.8364433470757,29.2719000367329],[-94.8360306690765,29.2720695230722],[-94.8352865922828,29.2723751101351],[-94.8344210843768,29.2727305602799],[-94.834575794505,29.273021746777],[-94.8345759293338,29.2730220019939],[-94.8346175682617,29.27310037122],[-94.8343459594819,29.2732072620911],[-94.8343456821679,29.2732073708034],[-94.8325218443249,29.2739251148705],[-94.8325123439081,29.2739285712584],[-94.8324911322744,29.2739362898357],[-94.8304578438087,29.2746761148169],[-94.8304446957851,29.2746795933325],[-94.8302949243547,29.274395191647],[-94.8302573874795,29.2744115781783],[-94.830256274045,29.2744120643286],[-94.8298438433305,29.2745921145568],[-94.8283624004312,29.2751962559828],[-94.8283756486042,29.2752211127819],[-94.8283759719796,29.2752217197137],[-94.8285801347633,29.2756047710758],[-94.8284377299034,29.2756630716163],[-94.8284350551878,29.2756641662136],[-94.8275637332196,29.2760208784908],[-94.826534978048,29.2764420307723],[-94.8265432045182,29.2764545450848],[-94.8265472632086,29.2764645317536],[-94.8265511227354,29.2764745790027],[-94.8265547811516,29.2764846840624],[-94.826558238604,29.276494843326],[-94.8265614931091,29.2765050549253],[-94.8265645438585,29.2765153134179],[-94.8265673898604,29.2765256178698],[-94.8265700292413,29.2765359637078],[-94.8265724641682,29.2765463482911],[-94.8265746906373,29.2765567687858],[-94.8265767097871,29.2765672225187],[-94.8265785207727,29.276577704949],[-94.8265801226756,29.2765882133392],[-94.8265815146141,29.2765987440502],[-94.8265826966616,29.2766092952785],[-94.8265836689649,29.276619863417],[-94.8265844317075,29.2766304439571],[-94.8265849818773,29.2766410349987],[-94.8265853227432,29.2766516321296],[-94.8265854512933,29.2766622334498],[-94.8265853697311,29.2766728354166],[-94.8265850771752,29.2766834343909],[-94.8265845727438,29.2766940267335],[-94.8265838586039,29.2767046098036],[-94.8265829328086,29.2767151808314],[-94.8265817975619,29.2767257362745],[-94.8265804519819,29.2767362724936],[-94.8265788972441,29.2767467859138],[-94.8265771334217,29.2767572747318],[-94.8265751606984,29.2767677344387],[-94.8265729802126,29.2767781623615],[-94.8265705931032,29.2767885558272],[-94.826567998525,29.2767989102948],[-94.8265651986085,29.2768092240252],[-94.8265621935005,29.2768194934113],[-94.8265589843396,29.2768297157802],[-94.8265555733665,29.2768398866873],[-94.8265601377409,29.2768523261004],[-94.8265407483339,29.2768483225122],[-94.8265161723719,29.2768436437347],[-94.826491505871,29.2768393422382],[-94.8264667580878,29.2768354183122],[-94.8264419351196,29.2768318739535],[-94.8264170462228,29.2768287094517],[-94.826392097495,29.2768259268035],[-94.8263670982293,29.2768235253967],[-94.8263420534578,29.2768215080977],[-94.826316973539,29.2768198734248],[-94.8262918645702,29.2768186233747],[-94.8262667348161,29.2768177573032],[-94.826241591476,29.2768172754356],[-94.8262164417126,29.2768171788991],[-94.8261912948191,29.2768174670816],[-94.8261661569664,29.2768181401763],[-94.8261410364189,29.2768191975391],[-94.8261159403762,29.2768206393953],[-94.8260908771027,29.2768224651008],[-94.8260658538348,29.2768246739792],[-94.8260408788369,29.2768272653864],[-94.8260159593452,29.276830238646],[-94.8259911026325,29.27683359218],[-94.8259663158981,29.2768373262138],[-94.8259416074803,29.2768414382997],[-94.8259169856436,29.2768459277936],[-94.8258988935939,29.276849516553],[-94.8258924555671,29.2768507939549],[-94.8258680266175,29.276856034368],[-94.8258437060676,29.276861647455],[-94.8258195011535,29.2768676325396],[-94.8257954181563,29.2768739871097],[-94.8257654894883,29.276882448417],[-94.8256064872075,29.2769247480712],[-94.8255992222802,29.2769266812584],[-94.8254957425953,29.2769542104684],[-94.8254907567227,29.2769555360241],[-94.8254107926867,29.2769768093646],[-94.825277581192,29.2770133980955],[-94.825431492596,29.2774627121014],[-94.8249778428127,29.2775871156048],[-94.8244868419085,29.2777121158109],[-94.8243208422007,29.2777571157295],[-94.8242939321705,29.2777626564778],[-94.8243967534265,29.2780629413172],[-94.8243970406771,29.2780637773663],[-94.8244425820352,29.2781967781864],[-94.8232972147849,29.2784973917629],[-94.8235919698091,29.2793590160911],[-94.8236841986418,29.2796286151661],[-94.8236869115665,29.2796365445059],[-94.8238896929687,29.2802293027704],[-94.8227580121985,29.2805267249411],[-94.8223382409141,29.2806370441942],[-94.8223224756524,29.2806411866353],[-94.8216109519436,29.2808281783875],[-94.8215845306711,29.2807509012209],[-94.8215845104324,29.2807508418984],[-94.8214635963217,29.2803971918186],[-94.8203431755221,29.2806966901256],[-94.8203431411383,29.2806966998826],[-94.8203378413017,29.2806981165359],[-94.8203356902981,29.280698662179],[-94.8203485708536,29.2807364684671],[-94.8203486913264,29.2807368225677],[-94.8204809642166,29.2811251326733],[-94.8204519776152,29.2811327501657],[-94.8193296056404,29.2814276926161],[-94.8196263626708,29.2822963421351],[-94.8199243685523,29.2831686342513],[-94.8200306999017,29.2834798726919],[-94.8200340654874,29.2834897240688],[-94.8200737644985,29.2836059227089],[-94.8199618411562,29.2836341167746],[-94.8195208413716,29.2837591168246],[-94.8189408416154,29.2839061172638],[-94.8189333814258,29.2839077216485],[-94.8189349823035,29.2839124073214],[-94.8189350890386,29.2839127194591],[-94.8190862215843,29.2843550023787],[-94.8193243598659,29.2850518969208],[-94.8193578839869,29.2851500013158],[-94.8193792188407,29.2852124365097],[-94.819509194062,29.2855927929507],[-94.8195092998822,29.2855931023504],[-94.819528897755,29.2856504548204],[-94.8195378411743,29.285648117698],[-94.8199118411414,29.2855481175855],[-94.8204778416819,29.2854061174988],[-94.8206700368191,29.28535120392],[-94.8206808419614,29.285348116979],[-94.8207938414427,29.2853151173657],[-94.8211508413144,29.2852231170427],[-94.8216248421237,29.2850991175811],[-94.8218163558746,29.2850452238808],[-94.8218247006769,29.2850697181975],[-94.8218247411194,29.2850698377442],[-94.8219635349203,29.285477254975],[-94.8220126924653,29.2856215494575],[-94.8220144916112,29.2856268326965],[-94.8222614539341,29.2863517553766],[-94.822019613271,29.2864151533295],[-94.8220111619655,29.2864173687967],[-94.8211146000309,29.2866523948474],[-94.8212520160118,29.2870545869475],[-94.8211241881285,29.2870882346781],[-94.8211229169553,29.2870885686417],[-94.8207736219572,29.2871805125886],[-94.820941096811,29.2876723268586],[-94.8211647040805,29.2876136494464],[-94.8211819298817,29.2876091285185],[-94.8214201286773,29.2875466218919],[-94.8214211453755,29.2875495989993],[-94.8214508317209,29.2876364858894],[-94.8214558004675,29.2876510283401],[-94.8217078106971,29.2883886024682],[-94.8217228827187,29.2884327162179],[-94.8217272212652,29.288445413252],[-94.8217762415007,29.2885888835972],[-94.8218476631214,29.2887979162582],[-94.8218608601392,29.2888365376086],[-94.8220029185416,29.289252302863],[-94.8221615421775,29.2897165451149],[-94.8216801480632,29.2898425952155],[-94.8210218528847,29.2900149615475],[-94.8211625354883,29.2904286828502],[-94.8207155680032,29.2905459857914],[-94.8206762273077,29.2905563108374],[-94.8200210627469,29.2907282531645],[-94.8194832921212,29.290869381899],[-94.8194762916008,29.2908712192393],[-94.8193889934195,29.2908941283883],[-94.819197054876,29.2909444987747],[-94.8191329892289,29.2909613120261],[-94.8190115585853,29.2909931793016],[-94.8189766829754,29.2910023310354],[-94.8188838957126,29.2910266812401],[-94.8182062889061,29.291204499633],[-94.8182004606732,29.291206028762],[-94.8177287604473,29.291329812833],[-94.8171233731839,29.2914886744801],[-94.8165881786576,29.2916291141491],[-94.816288432223,29.2907515068922],[-94.815141581042,29.2910526640337],[-94.8149628965362,29.2910995844426],[-94.8147738617817,29.2911492234532],[-94.8140084267288,29.2913502136293],[-94.813708862306,29.2904739246727],[-94.813413093399,29.2896087250583],[-94.8131186492852,29.2887481528505],[-94.8128206456993,29.2878771631843],[-94.8126715925191,29.2874415101882],[-94.8127095489924,29.2874277744257],[-94.8128828397752,29.2873861178547],[-94.8134818394676,29.28723611791],[-94.8138178394918,29.2871471180137],[-94.8140468403463,29.2870871175249],[-94.8149527500065,29.2868447598016],[-94.8149297266704,29.2867774737479],[-94.8149270859598,29.2867697550582],[-94.8148048381215,29.28641247688],[-94.8145107268042,29.2855529020552],[-94.8142082872585,29.2846689701394],[-94.8139325882226,29.2838631793437],[-94.8139100014404,29.2837971644881],[-94.8136132076202,29.2829297007454],[-94.8133150211212,29.2820581554929],[-94.8130194959423,29.281194369333],[-94.8127200591852,29.2803191370626],[-94.8132272368289,29.2801858488199],[-94.8134438923999,29.2801289112324],[-94.8138699029978,29.2800169538258],[-94.8138690658723,29.2800145041622],[-94.8138687089298,29.280013460039],[-94.8137269933748,29.2795987332685],[-94.8134478396246,29.2796671161583],[-94.8125958391729,29.2798901165162],[-94.8125752822053,29.2798959582811],[-94.8124265605888,29.2794612454498],[-94.8124264271822,29.2794608557218],[-94.8124257234286,29.2794587975804],[-94.8135763919072,29.2791579964605],[-94.8135663447729,29.2791285940941],[-94.8135647864818,29.2791240333781],[-94.8134248367903,29.2787144675023],[-94.8122735521646,29.2790139991282],[-94.811127845286,29.2792878308529],[-94.8109973414533,29.2788811158992],[-94.8109806091022,29.2788855056207],[-94.8109800209382,29.2788856595967],[-94.8098463106668,29.2791830654351],[-94.8098518696958,29.279199317179],[-94.8098520417196,29.2791998200831],[-94.8100080100752,29.2796557581208],[-94.8100092795005,29.2796594710107],[-94.8101446104876,29.2800550776844],[-94.8102937968166,29.2804911839245],[-94.8101128389625,29.2805401161796],[-94.8093638382918,29.2807311169386],[-94.8091601063799,29.2807820499147],[-94.809151755194,29.2807841629733],[-94.8090629695337,29.2805245224296],[-94.809062744124,29.2805238643534],[-94.8090621636917,29.2805221667145],[-94.8090043579009,29.2803531217618],[-94.8078563806889,29.2806531724914],[-94.807558280802,29.2797832466262],[-94.8072577285882,29.2789061486254],[-94.8070780599267,29.2783818162369],[-94.8070752667363,29.2783736654904],[-94.8070308917931,29.2782441627646],[-94.8067628969791,29.2780307068262],[-94.8067589803953,29.278027586925],[-94.8066144892943,29.2779125005613],[-94.807515553703,29.2774004867764],[-94.8084831908363,29.2768506318237],[-94.8093860205163,29.2763375914736],[-94.8106327252101,29.2756291231302],[-94.8105804101912,29.2755553240415],[-94.8104829205897,29.27541779268],[-94.8099327007168,29.2737770294141],[-94.8099241358005,29.2737514862359],[-94.8069955005628,29.2650172991767]]]},"properties":{"OBJECTID":4,"Id":0,"Commiss_Pr":"2","Area":290927,"Perimeter":681542,"Commiss_":"Honorable Joe Giusti","Address":"11730 Hwy 6, Santa Fe, TX 77510","Phone_Numb":"(409) 770-5475","GlobalID":"5dd09274-1f76-4f8e-9eda-570a1dceb6b1","Shape__Area":12672746605.523438,"Shape__Length":681541.9480695532}}]}