{"type":"FeatureCollection","crs":{"type":"name","properties":{"name":"urn:ogc:def:crs:OGC:1.3:CRS84"}},"features":[{"type":"Feature","id":1,"geometry":{"type":"Polygon","coordinates":[[[-80.8743762677991,35.5125309417076],[-80.8660352637287,35.5119459410916],[-80.8658772634112,35.5119349407341],[-80.8656452642566,35.5119179405664],[-80.8655212640953,35.5119109413151],[-80.8654882640313,35.511907941308],[-80.8651512636951,35.5118849408063],[-80.8648152638889,35.5118609412892],[-80.8644792640958,35.5118379406881],[-80.864143263622,35.5118139411304],[-80.8638072633677,35.511789941544],[-80.863470262999,35.5117669408989],[-80.8631342631796,35.5117429412523],[-80.8627982633525,35.5117199405217],[-80.8624622628861,35.5116959417357],[-80.8621252633716,35.5116729409618],[-80.8617062626799,35.511643940976],[-80.8607672631147,35.5115759410937],[-80.8604442625171,35.5115549416631],[-80.8594362627308,35.5114839417917],[-80.8558642618887,35.5112339418055],[-80.845856258323,35.5105309418986],[-80.8409042571128,35.5102299417227],[-80.8405642568591,35.5102109414676],[-80.840291257095,35.510194941977],[-80.8402262558738,35.5101919415108],[-80.8398882561693,35.5101729414975],[-80.8396472570477,35.5101599419154],[-80.8392772567055,35.5101369416463],[-80.8391262558533,35.5100529412163],[-80.8369002559459,35.5098969420123],[-80.8344612545744,35.5097219425262],[-80.8343112556471,35.5097109416819],[-80.8338632543006,35.5096889412754],[-80.8336582544059,35.5096639424168],[-80.8335162541684,35.5096549420625],[-80.833351253752,35.5096429422854],[-80.8242172519765,35.5089859425415],[-80.8203482501971,35.5087319427691],[-80.815193248167,35.5083559417638],[-80.812251248005,35.5081249425357],[-80.810457247346,35.5079969428673],[-80.8039382458305,35.5075269430215],[-80.803697245778,35.5075099423755],[-80.8011282449062,35.5073249427023],[-80.7991002433794,35.5071679426695],[-80.7981112446743,35.507093942058],[-80.7967122433209,35.5069859425667],[-80.7961672434651,35.5069429425404],[-80.7946752434675,35.5068279427053],[-80.7872692407778,35.5062559422099],[-80.7853712407159,35.5061099433055],[-80.7850132397381,35.5060859426194],[-80.7845382397047,35.506046942399],[-80.784273239646,35.5060269428998],[-80.7842342385946,35.5060249422045],[-80.7841702400606,35.5060239427049],[-80.7842782398268,35.5058469424115],[-80.7843432396077,35.5057289428741],[-80.7843492394026,35.5057179431022],[-80.7843552397185,35.5056659430847],[-80.7843692400141,35.5055509434714],[-80.7844112386939,35.5054859430045],[-80.7844192393896,35.5054779421547],[-80.7844612402104,35.5054469430679],[-80.7845312396467,35.5053949425375],[-80.784606239489,35.5052849423208],[-80.7846822398307,35.5051289423714],[-80.784732239521,35.5050249425661],[-80.7848362397404,35.5048159428249],[-80.7849992388041,35.5044799426351],[-80.7850762388651,35.5043219424497],[-80.7852132388369,35.50404994194],[-80.7854802396849,35.5035629425999],[-80.7855102392549,35.5034869424444],[-80.7855862396481,35.5033279423179],[-80.7856532397696,35.5031909418858],[-80.785695240137,35.5030919421261],[-80.7857032392326,35.5029989420665],[-80.7857012402578,35.5029569425181],[-80.7857142395803,35.5028579420359],[-80.7857382400677,35.5027549417637],[-80.7858172401511,35.502623942169],[-80.7858452397937,35.5023509424242],[-80.7858862395274,35.5021129420126],[-80.7859472394623,35.5019269414448],[-80.7859902402018,35.5017739413479],[-80.7860252401583,35.5016149418596],[-80.7860372397665,35.5014969411873],[-80.7860232395799,35.5013179420898],[-80.7860002393691,35.5011699421569],[-80.7860172399533,35.5010509419865],[-80.7860122402977,35.5010229418387],[-80.7860362396855,35.5009239416915],[-80.7860802396315,35.5008209418224],[-80.7861322389124,35.5007489425109],[-80.7861772399075,35.5006909419205],[-80.7862202395876,35.5006129416773],[-80.7862232396202,35.5005089421043],[-80.786274239706,35.5002059413468],[-80.7863342399658,35.499906941746],[-80.786361239907,35.4997739409272],[-80.7863962400209,35.4996259411814],[-80.7864932402762,35.4991479408894],[-80.7865692397373,35.4988889404864],[-80.7866102399345,35.4987109421085],[-80.7866352402381,35.4986069413974],[-80.786667240218,35.4984699414567],[-80.7866842396825,35.4983979413307],[-80.7867142404765,35.4982969413114],[-80.7867102397171,35.4981779417461],[-80.7867162408138,35.4981379412638],[-80.7867372395268,35.4979869405897],[-80.786738239159,35.4978769407274],[-80.7867542404207,35.4977239409132],[-80.7868002399539,35.4974959412085],[-80.7868182390946,35.4974219410861],[-80.7868732408009,35.4971959410026],[-80.786912240624,35.4971139404635],[-80.787017240103,35.4970139404119],[-80.7870722400708,35.496881940714],[-80.7870222401224,35.496708941325],[-80.7870232395173,35.496560940574],[-80.7870232404563,35.4963379409265],[-80.7870242401849,35.496244939969],[-80.7870242397146,35.4961939403965],[-80.7870252398216,35.4959599404803],[-80.7870262400968,35.4957859404317],[-80.7870272405351,35.4956069403077],[-80.7870262402695,35.4954549407774],[-80.7870752401892,35.4952769405737],[-80.7870892399829,35.49503994083],[-80.7870942399607,35.4949909403083],[-80.7870942400097,35.4949229408469],[-80.7870722390633,35.4947559401654],[-80.7870302393516,35.4945229402185],[-80.7869992396832,35.4943559403761],[-80.7869632397045,35.4941859398116],[-80.7869342393434,35.4940399403613],[-80.7869072403264,35.4938829403171],[-80.7869242396779,35.493717940246],[-80.7869042399855,35.4935279400116],[-80.7868762399824,35.4932539399235],[-80.7868672399853,35.4931629406361],[-80.7868382390754,35.4930769401616],[-80.7867902396405,35.4929899400559],[-80.7867002394122,35.4928389396081],[-80.786514240171,35.4925799394095],[-80.7864732395431,35.4925149397792],[-80.7863752401263,35.4923449391869],[-80.7863072391145,35.4922529393028],[-80.7862312396078,35.4921559398258],[-80.7861712396028,35.4920229398305],[-80.7861282388817,35.4919539395312],[-80.7861042389717,35.4918569392328],[-80.7860812399617,35.4917629399275],[-80.786063239368,35.4917369404887],[-80.7860142397977,35.491666939339],[-80.7859552394225,35.4916009395166],[-80.7858882391689,35.4915129393321],[-80.7857942392702,35.4913909399452],[-80.7857212388248,35.4912659403498],[-80.78562423888,35.4910989392675],[-80.7855462391056,35.4909649397863],[-80.7854622387281,35.4908439398187],[-80.785451238976,35.4907679393768],[-80.7854352385642,35.4906579397166],[-80.785388239568,35.49059393944],[-80.7853772390477,35.4905749394386],[-80.7853372382272,35.4904849387881],[-80.785198238747,35.490286940059],[-80.7850922388903,35.4900689396627],[-80.7850332393998,35.4899639395534],[-80.7848332387033,35.4896389400054],[-80.7847642387924,35.4894719393609],[-80.784696238511,35.4893659399869],[-80.7846732386065,35.4893229391472],[-80.7845332382086,35.4890609388579],[-80.7844532384292,35.4889059391035],[-80.78439523876,35.4887599398022],[-80.7843592381009,35.4886699395089],[-80.7842602385969,35.4885409396747],[-80.7842022387606,35.4884059393557],[-80.7841872384432,35.4883709384952],[-80.7841672391109,35.4883039389006],[-80.7841252383135,35.4881439391877],[-80.7840992387077,35.4880829393411],[-80.7840992380567,35.4880449393448],[-80.7840212380943,35.4879129394388],[-80.7839662383163,35.4878579393271],[-80.783902238741,35.487794939375],[-80.7838352383634,35.4877069389597],[-80.7837652382445,35.4875809393149],[-80.7837332384173,35.4874559390217],[-80.783714238302,35.4872719395538],[-80.7837112381077,35.4871199385273],[-80.7836972390972,35.4870269388104],[-80.7836642378884,35.4869569395819],[-80.7835992388395,35.4868729387075],[-80.7835142384197,35.4867479383139],[-80.7834472382642,35.4866739389644],[-80.7833072389654,35.4865609386619],[-80.783230237559,35.4864369384703],[-80.783114237938,35.4862609383346],[-80.7830632379372,35.4861529392191],[-80.7830002374666,35.4860169389136],[-80.7829942373049,35.4859419385143],[-80.7829842386751,35.4858329384777],[-80.7829532384658,35.4857589391663],[-80.7828892386045,35.4856889380446],[-80.7828592379559,35.4856579385419],[-80.7827922379459,35.4855869392364],[-80.7827682377973,35.4855609390879],[-80.782753238393,35.4855289393364],[-80.7826832382232,35.4853809381897],[-80.7826052372554,35.4851909388625],[-80.7825212370922,35.4850359388631],[-80.7824812383593,35.4849519389207],[-80.7823252374545,35.4848359386204],[-80.782259238448,35.4847639389128],[-80.7822512376474,35.4847329380278],[-80.7822302370232,35.4846499383153],[-80.7821952371921,35.4844879390752],[-80.7821172382661,35.4843439380962],[-80.7821192381573,35.4842349384757],[-80.7820862376514,35.4841489387392],[-80.7820542375775,35.4840679379005],[-80.7820312376302,35.4840099381277],[-80.7820142377504,35.4839939379648],[-80.7818982380004,35.4838259380391],[-80.7818962368663,35.4837289374773],[-80.7819152379195,35.4836359380089],[-80.7819172379329,35.4834939375173],[-80.7818902380399,35.483368938096],[-80.7818682379285,35.4832679379226],[-80.7818652379097,35.4832079377894],[-80.7818592371948,35.4831179388865],[-80.7818542372864,35.4830959383991],[-80.7818152367982,35.4829429385661],[-80.7818082382078,35.48291293809],[-80.7817642371517,35.4828029387447],[-80.7817542371014,35.4826729375353],[-80.7817642373751,35.4826329379552],[-80.7817842373827,35.4825579379738],[-80.781812237115,35.4824529381754],[-80.7818212378891,35.4824209375181],[-80.78173923755,35.482328937753],[-80.7816892378928,35.482246937979],[-80.7816512374641,35.482152938],[-80.7816482381661,35.4820989386513],[-80.7816422379417,35.4819959382496],[-80.7816742369975,35.4819199380803],[-80.7816582377295,35.4818119374454],[-80.7816492375333,35.4817499373578],[-80.781616237349,35.4816649381971],[-80.7815442368883,35.4814919382706],[-80.7815692372575,35.481409938173],[-80.7816132378654,35.4813169377137],[-80.7816232378438,35.4812349378428],[-80.7815942373924,35.4811109377614],[-80.7815872375787,35.4810299375678],[-80.7815702381743,35.4809289369098],[-80.7815432371047,35.4807749376407],[-80.7815412375096,35.4807439378415],[-80.7815262373311,35.4805269377368],[-80.7815212371823,35.4804989373154],[-80.7815182375605,35.4804819372688],[-80.781499237636,35.4804369369086],[-80.7814532380158,35.4803249373298],[-80.781423236663,35.4802289373582],[-80.7814172370447,35.4802099375007],[-80.7813992371873,35.4800559376722],[-80.781389237874,35.4799919372147],[-80.7813722380454,35.4798889368463],[-80.7813592371796,35.4797639372861],[-80.7813352379897,35.4796649371207],[-80.7813072374475,35.4795909374811],[-80.7812732378765,35.4795039369729],[-80.7811692372525,35.4793439373495],[-80.7811082371178,35.479226936841],[-80.7810692365769,35.479104936992],[-80.7810572372703,35.4789989375939],[-80.7810402376384,35.4788589369297],[-80.7810102370281,35.4787249376605],[-80.7808972374267,35.4784739378649],[-80.7808172375468,35.4783379378716],[-80.7807822371398,35.4782509374782],[-80.7807272365573,35.4781829371464],[-80.7806592369274,35.4780749366642],[-80.780608237474,35.4779489375758],[-80.7805982367527,35.4777979369105],[-80.7805402364456,35.4776529372505],[-80.7804982367494,35.4774689372827],[-80.7804452375933,35.4773609374585],[-80.7804212372125,35.4772689368541],[-80.7803872370413,35.4771849373982],[-80.7803402371618,35.4770689364652],[-80.7803102374868,35.4769329364059],[-80.7802912369987,35.4768869369149],[-80.7802522370217,35.4767989365973],[-80.7802102369895,35.4767019366764],[-80.7801852364706,35.4766459366749],[-80.7801602366197,35.4765939369039],[-80.780078236271,35.4764749368242],[-80.7800172367367,35.4763749365544],[-80.7799962372034,35.4763199371616],[-80.7799382368036,35.4761749362946],[-80.7798682364602,35.4760829368403],[-80.7798212357792,35.4760029370222],[-80.7797712362691,35.475850937069],[-80.7797912360651,35.4757699364817],[-80.7797902370526,35.4757109364564],[-80.7797872368349,35.475577937331],[-80.7797472367498,35.4755119361874],[-80.7796972364633,35.4754229358062],[-80.7796412373366,35.475315936175],[-80.7796102360359,35.4752279364347],[-80.7795222367259,35.4750039365592],[-80.7794912362232,35.4749289364496],[-80.7794742359767,35.4748219364046],[-80.7794542363505,35.4746929370585],[-80.779451236183,35.4745899365997],[-80.7794532363757,35.4745219355207],[-80.7794572361849,35.4744949362762],[-80.7794772361618,35.4743689358587],[-80.7794832369887,35.4743279357021],[-80.7795112362279,35.4741059364351],[-80.7795552363085,35.4738029357023],[-80.7795932365536,35.4735139358881],[-80.7796322361682,35.4732249367079],[-80.7795802371064,35.4728899362948],[-80.7795532366225,35.4726599361549],[-80.7795502367102,35.4726419353045],[-80.7795252358876,35.472540936172],[-80.7794892360591,35.4724309357213],[-80.7794452357749,35.4723149354597],[-80.7793912356629,35.4721859360882],[-80.7793572363292,35.4720859361822],[-80.7793342362413,35.4720189354793],[-80.7793182366795,35.4719869354996],[-80.779279236509,35.4719269356668],[-80.7792402366078,35.4718569365459],[-80.7792122362928,35.4718249358175],[-80.7791142361384,35.471673935954],[-80.7790532359085,35.4715739360695],[-80.7790362364025,35.4715459356365],[-80.7789992359825,35.4715099358407],[-80.7789402356531,35.471447935547],[-80.7789302365562,35.471437935917],[-80.7789102368139,35.471412935689],[-80.7788732355079,35.4713679355317],[-80.7788602353773,35.4713499352166],[-80.7788362360164,35.4713179352499],[-80.7788262364003,35.4713039362708],[-80.7788152354698,35.4712779358943],[-80.7787982356688,35.4712369357473],[-80.7785192354244,35.4707069349512],[-80.7784952364077,35.4706749358136],[-80.7784232351224,35.4705859354915],[-80.7783872360149,35.4705349358997],[-80.7783362355734,35.4704589357432],[-80.7782902356086,35.4703969357307],[-80.7782352357399,35.4703219353826],[-80.7781972356229,35.4702699354717],[-80.7781812364048,35.4702489362494],[-80.7781462358113,35.4701689356902],[-80.7781202362265,35.4701409353939],[-80.7780912350315,35.4701099353904],[-80.7780312352358,35.4700819356571],[-80.7780132350255,35.4700739356703],[-80.7779832354346,35.470019935083],[-80.7779702353603,35.4699969354861],[-80.7778712353149,35.4698639355237],[-80.7778382355252,35.4698209346971],[-80.777750235719,35.4696879348375],[-80.7777222359037,35.4696469352262],[-80.7776452358914,35.4695459357098],[-80.7776212351857,35.4695149353612],[-80.7775772347193,35.4694579356264],[-80.7775592347396,35.4694349353066],[-80.7774352353628,35.4693109355343],[-80.7773802355441,35.4692529356414],[-80.7772122357275,35.4690569355592],[-80.7771412360942,35.4689729352277],[-80.777091234889,35.4689129353445],[-80.776944235464,35.4687149350745],[-80.7768392353431,35.468563935823],[-80.7766882352431,35.4683339350256],[-80.7766012352044,35.4682009350249],[-80.7765442349694,35.4681119357318],[-80.7764792353116,35.4680279346172],[-80.7764662353317,35.4680089351091],[-80.7764342351971,35.4679679351708],[-80.7763742360104,35.4678759351155],[-80.7763652348514,35.4678669349291],[-80.7763102356285,35.4678159352136],[-80.7762312355025,35.4677419353582],[-80.7761762357819,35.4676619348955],[-80.776152234925,35.4676189353106],[-80.7760682343344,35.4674779346954],[-80.7759742351347,35.4673699352694],[-80.7758922343649,35.4672539354567],[-80.7758652344215,35.4672149348849],[-80.7758132344929,35.4671389347801],[-80.7757412346625,35.4670259349582],[-80.7757262357323,35.4670079347129],[-80.7756572344931,35.4669409348702],[-80.7755902349048,35.4668789355369],[-80.7755732343913,35.4668629353896],[-80.775535234698,35.4668149348975],[-80.7754522343556,35.4667059356583],[-80.7753502350624,35.4665479347257],[-80.7753092351341,35.4664859352601],[-80.7752802340065,35.4663939354859],[-80.775210234878,35.4662919349425],[-80.7752032345112,35.4661769352345],[-80.7752152352696,35.4660679342204],[-80.7752302350007,35.4660429342862],[-80.7752922352689,35.465935935231],[-80.7752422342353,35.4658499343011],[-80.7751532348385,35.4657589349604],[-80.7750932346818,35.4656589346808],[-80.774982234234,35.4655719345914],[-80.7749592352081,35.4654989339962],[-80.7749322342696,35.4654049349434],[-80.7749172348922,35.4653559351272],[-80.7748622342479,35.4651769348164],[-80.7748352342395,35.4650789345704],[-80.7746022343999,35.4646159342151],[-80.7745982339942,35.4645989341773],[-80.7744882340849,35.4644059343922],[-80.7743512338482,35.4642749343587],[-80.7742592343912,35.4641139345954],[-80.7742002346276,35.4640329341923],[-80.7741622343721,35.4639819346661],[-80.7741002337324,35.4639369343961],[-80.7740362340251,35.4639039343335],[-80.7739672341149,35.4638679348075],[-80.7739102343725,35.4638349342063],[-80.7738532348023,35.4637789345997],[-80.7738252341493,35.463756933729],[-80.773730233852,35.4636829344915],[-80.7737142343938,35.4636699342924],[-80.7736452332821,35.4636139342396],[-80.773615233667,35.4635369335927],[-80.7736132345287,35.4634159346442],[-80.7736122336969,35.4633949346467],[-80.7735582347298,35.4633419338275],[-80.7735122333846,35.4632979345269],[-80.7734642347699,35.4632509342371],[-80.7733872330312,35.4631549339554],[-80.7733482337845,35.4630569338553],[-80.7732782340566,35.462826934007],[-80.7732752336998,35.4626789342126],[-80.7732602336172,35.4625649338995],[-80.773301233625,35.4624299344005],[-80.773311233999,35.4623649339886],[-80.773318233439,35.4623229340461],[-80.7733162337863,35.462222933478],[-80.7732992335967,35.4621419345138],[-80.7732112335112,35.4619689333251],[-80.7732432338908,35.4618809342415],[-80.773317234037,35.4617409337233],[-80.7733182336511,35.4615609337929],[-80.7732812341705,35.4614089338835],[-80.7731922330442,35.4613179340415],[-80.7731922333503,35.4611869335728],[-80.7732892330714,35.4610899334356],[-80.7733172338014,35.4609649338334],[-80.7732562335422,35.4608749330008],[-80.7731382332371,35.4607019338576],[-80.7730482338217,35.4605829331868],[-80.7730132331398,35.4604469338367],[-80.7731062343881,35.4602959333539],[-80.7731862339427,35.4601749331571],[-80.7732272333664,35.4600429340192],[-80.7731902333559,35.4598869337931],[-80.7731272345293,35.4597569333891],[-80.7731112336454,35.4596209331357],[-80.7730982332588,35.4594909331351],[-80.773097233157,35.4592849331797],[-80.7731012336586,35.4592289333244],[-80.7731012342555,35.4591669324896],[-80.7731052336059,35.4590039336632],[-80.7731172334879,35.4589669337372],[-80.773148233224,35.4588739329028],[-80.7731692335026,35.4587189331246],[-80.77315223328,35.4586369333475],[-80.7731242342366,35.4585039330381],[-80.7731012337131,35.4584079330458],[-80.7730682334349,35.4582739329478],[-80.7730792339902,35.4581449335803],[-80.7730872334562,35.4580559328655],[-80.7730312336526,35.4579139329934],[-80.7729992336805,35.4577719330571],[-80.7729772330792,35.4576859330367],[-80.7729162334905,35.4575799327676],[-80.7728672343064,35.4574929334555],[-80.7728082340723,35.4574069322524],[-80.7727532326636,35.457326932929],[-80.7725812334025,35.4569709330531],[-80.770827232034,35.4533429319889],[-80.7707912322683,35.4532679321752],[-80.7707062323547,35.4530939322846],[-80.7706052334466,35.4528849316412],[-80.7705142326253,35.4526969321875],[-80.7704462329435,35.4525559320445],[-80.7698962329645,35.4514169313759],[-80.7674012308115,35.44625093085],[-80.76702423144,35.4454529309559],[-80.7670182316698,35.4454399302701],[-80.7670082312495,35.4454199303755],[-80.7667672315741,35.4449069306787],[-80.7661272303223,35.4435439300532],[-80.7659772313101,35.4432289299873],[-80.7654112308827,35.4420279303369],[-80.7653922295091,35.4419889299945],[-80.7649122303285,35.4409749294486],[-80.7641132289669,35.4392769295888],[-80.7636942297381,35.4383879285385],[-80.7632832297468,35.4375129292032],[-80.7627382286654,35.4363559290272],[-80.7626342300291,35.4361359281303],[-80.7625942290742,35.4360509287447],[-80.7625262287704,35.4359059282852],[-80.7624872291477,35.4358249281054],[-80.7624152294672,35.4356729291047],[-80.7620032289382,35.4347989288675],[-80.7619442297836,35.4346729286399],[-80.7619262295117,35.4346349283653],[-80.7619122282824,35.4346059289786],[-80.7619072293571,35.4345959283461],[-80.7618952286939,35.4345699282717],[-80.7618592293792,35.4344939285885],[-80.7618172287246,35.4344049288675],[-80.761580228346,35.4339019292074],[-80.7613722284369,35.4334599283373],[-80.7610892279841,35.4328589286937],[-80.7610692283722,35.4328169281985],[-80.760845228697,35.4323429275525],[-80.7607312277304,35.432099928667],[-80.7606682286406,35.4319669274697],[-80.7599612281717,35.4304669273762],[-80.7599162281867,35.430370928329],[-80.7598882275088,35.4303159276788],[-80.7598512277401,35.4302329276736],[-80.7598252275567,35.4301779277307],[-80.7597232282811,35.4299619279841],[-80.7577992274778,35.4258909272469],[-80.7573112272,35.4248799265305],[-80.7572372267797,35.4247089265822],[-80.7571092263702,35.4244399264643],[-80.7571022274343,35.4244269262271],[-80.7570932270813,35.4244059264873],[-80.7567422272674,35.423663926573],[-80.7562912264017,35.4227199260366],[-80.7560372261199,35.42218692632],[-80.7560282258714,35.4221669263411],[-80.7559692256741,35.4220429264344],[-80.7559552265383,35.4220139263118],[-80.7557062264382,35.4214999262482],[-80.7554942261859,35.4210529259347],[-80.7549802261378,35.419966925926],[-80.75478822586,35.4195619258669],[-80.7545512256278,35.4190639257395],[-80.7541812252501,35.4182839249811],[-80.7541622253773,35.4182389246469],[-80.7541402254011,35.4181889252117],[-80.7530912255329,35.4159949252017],[-80.7530242253677,35.4158539249228],[-80.7529092259026,35.415610924806],[-80.7524122250889,35.414566924627],[-80.7523682242224,35.4144779243085],[-80.7521702244397,35.4140569244377],[-80.7533582255074,35.4138519243442],[-80.7549072252912,35.413583924293],[-80.7551582253234,35.4135409239507],[-80.7552312251695,35.4135289248086],[-80.7553022265105,35.4135159240548],[-80.7555402261501,35.4134759240298],[-80.7561762260624,35.4133689246266],[-80.7564422262372,35.4133219240406],[-80.7585452271666,35.4129639235215],[-80.758599227113,35.4129529245707],[-80.7593392268706,35.4128259240054],[-80.7595202270623,35.4128009240379],[-80.7598062268722,35.4127469234726],[-80.7617522276344,35.4124109233394],[-80.7635522280586,35.4121059235193],[-80.7636262287991,35.411833923613],[-80.7638842281199,35.4108749237371],[-80.7640442285535,35.410281922903],[-80.7641622277028,35.409846922883],[-80.7642122281203,35.4096269229547],[-80.764383228504,35.4090269229249],[-80.7644042283771,35.4089489230633],[-80.7646702281343,35.407962922814],[-80.7649482286162,35.4069319223737],[-80.7650432280642,35.4065799223691],[-80.7650512284157,35.406550922071],[-80.7650542290851,35.4065369219723],[-80.7651832283241,35.4060659226128],[-80.7652022287722,35.4059889226511],[-80.7654412291049,35.4051159226436],[-80.7654472275772,35.4050819215569],[-80.7654572282087,35.4050429215453],[-80.7654672279422,35.4050069219953],[-80.7654792290264,35.4049729218493],[-80.7658642284971,35.4035379219656],[-80.7659662283065,35.4031619216789],[-80.7664172281975,35.4014849217505],[-80.7663482280995,35.4014429209209],[-80.7662502285471,35.4013849212104],[-80.7660962282188,35.4012929219091],[-80.7648132272519,35.400523921433],[-80.7642982285759,35.4002099210136],[-80.7641022280252,35.4000969214345],[-80.7630872276129,35.399488921305],[-80.7597502256196,35.3974779212989],[-80.7590352260858,35.3970509213052],[-80.7572352251998,35.3959769199476],[-80.7568232251745,35.3957279199374],[-80.7562752252418,35.395401920703],[-80.7559972252717,35.3952359204147],[-80.7553122241399,35.394829920026],[-80.7551012244347,35.3945079194177],[-80.7550932242612,35.3944949199962],[-80.7547212247205,35.3939409196725],[-80.7547112249218,35.3939259197197],[-80.7546672243098,35.39385892027],[-80.754198224972,35.393156919226],[-80.7540542241832,35.3929419192947],[-80.753884223949,35.3926859201632],[-80.7533002236151,35.3918129192588],[-80.7525062237521,35.3906219197534],[-80.7523142234752,35.3903369198932],[-80.7518852229898,35.389693918832],[-80.7517092226901,35.3894289190907],[-80.7514242230692,35.3890039195568],[-80.7511412224673,35.388666919679],[-80.7510252227216,35.3885269187523],[-80.7503942222282,35.3877779188453],[-80.7503262235764,35.3876989190739],[-80.7497952231958,35.3870679185217],[-80.7496652221317,35.3869229190355],[-80.7489642226536,35.3861019187196],[-80.7487042216972,35.3858029182848],[-80.7484912217842,35.3855159190896],[-80.7482082221529,35.3851839189232],[-80.7481342221298,35.3851009185481],[-80.7467072213522,35.3833889174598],[-80.7461032221327,35.3826829174492],[-80.7459762208442,35.3825329175828],[-80.7451332211474,35.3815299179494],[-80.7448372211099,35.3811789179439],[-80.7447952204082,35.3811319183358],[-80.7444392202826,35.3807029182285],[-80.7444132209166,35.3806739181016],[-80.7431862208663,35.3797549174469],[-80.7431272208893,35.379708917292],[-80.7425922204971,35.3793099176195],[-80.7414522192013,35.3784549168082],[-80.7412692202956,35.3783169170174],[-80.741175219503,35.3782469174929],[-80.7411492200123,35.3782269171403],[-80.7404632200629,35.3777149170248],[-80.7377922191241,35.3757089172625],[-80.7371142186993,35.3751999168163],[-80.7366622178357,35.3748609171134],[-80.7366202180045,35.3748299168311],[-80.7365952174176,35.3748109172846],[-80.7362882174778,35.3745819162816],[-80.7351172182416,35.3737089169839],[-80.7347202173478,35.3734069159704],[-80.7344192166614,35.3731789162565],[-80.7341172177823,35.3729499167179],[-80.7340342174685,35.3728859166354],[-80.7337332173717,35.3726579170436],[-80.7336442175954,35.3725969164294],[-80.732869216606,35.3720179158235],[-80.7327602167678,35.3719379157912],[-80.7331142171973,35.3714959162843],[-80.733286216562,35.3712589160929],[-80.7334282174464,35.3710749157845],[-80.733757217234,35.3706269156926],[-80.734007216875,35.3702499165077],[-80.7342182172214,35.3699209159447],[-80.7343492172836,35.3697099154093],[-80.7348672168437,35.3688799152517],[-80.7350392165376,35.368616915249],[-80.7351512173379,35.3684769155628],[-80.7352232174958,35.3683959154049],[-80.7352872177183,35.3683329152918],[-80.7354392171717,35.3681989150562],[-80.7358212166136,35.3679099150746],[-80.7365872178079,35.3673479154323],[-80.736843217261,35.367171914931],[-80.7369892181865,35.3670999146327],[-80.7370822175884,35.3670609153335],[-80.7380692187627,35.366700914897],[-80.7396662186426,35.3661509147918],[-80.7405732184011,35.3658309146322],[-80.7410402184253,35.3656839144345],[-80.7414112199354,35.3654979147184],[-80.7419282191977,35.3652819148625],[-80.7421522196272,35.3652029149282],[-80.742109218775,35.3651289146818],[-80.7420432186363,35.3650009139792],[-80.7419842189274,35.3648709147767],[-80.7419332189285,35.3647389135377],[-80.7418892192966,35.3646049138184],[-80.7418522193882,35.3644699145868],[-80.741823219106,35.3643329142445],[-80.7417822194273,35.3639189141427],[-80.7417832194646,35.3637799137952],[-80.7417922193929,35.3636419137077],[-80.7418072185662,35.3635379143683],[-80.7418302186565,35.3634349143692],[-80.7418592197951,35.3633329136024],[-80.7418952196747,35.3632329138038],[-80.741938219353,35.3631349140501],[-80.7419692189995,35.3630909148102],[-80.7420662191648,35.3629389138255],[-80.7421402185944,35.3628389139849],[-80.7425042194502,35.3623969142664],[-80.7427742191481,35.3620079143019],[-80.7429222187969,35.3617659134171],[-80.743044219077,35.3615279133948],[-80.7431362188792,35.3613219137061],[-80.7431742193528,35.361223914133],[-80.7432322197642,35.3610529142231],[-80.743262219531,35.3609899137302],[-80.7432992189822,35.3609289132091],[-80.7433442190895,35.3608709134329],[-80.7433952189154,35.3608179140409],[-80.7434522195652,35.3607679134972],[-80.7437082197718,35.3605789140555],[-80.7438772193455,35.3599969132721],[-80.7439162198103,35.3598619134132],[-80.7439362199823,35.3597909135513],[-80.7439522202152,35.3597889134579],[-80.7443682204503,35.3598119130134],[-80.7447552196184,35.3598329134067],[-80.7450652202649,35.3598499131555],[-80.7460612199524,35.359901913067],[-80.7462272199868,35.3599069129378],[-80.7465272211182,35.3599059132175],[-80.7465592204505,35.3599039129719],[-80.7466422206329,35.3598999126313],[-80.7469292205947,35.3598739136094],[-80.7480852204446,35.3597259134309],[-80.7495082217088,35.3595379136433],[-80.749917221127,35.3594839125621],[-80.7510822207195,35.3593319129019],[-80.7513582208688,35.3592959131769],[-80.7523872224839,35.3591719123892],[-80.7525652217727,35.359141912656],[-80.7528432225917,35.3592609133559],[-80.7540242232323,35.3583009127986],[-80.7542042221821,35.3581699123399],[-80.7543972224972,35.3580289123104],[-80.7554092228247,35.3572929124657],[-80.7556732227333,35.3570919117129],[-80.7558382232037,35.3569569120392],[-80.7559992230037,35.3567999119352],[-80.7561052221801,35.3566869127261],[-80.7562242226559,35.3565449121172],[-80.7563292231037,35.3564049120812],[-80.7564172235459,35.3562749117308],[-80.7564912234727,35.3561539119419],[-80.7565832232598,35.355984912215],[-80.7568952231805,35.3553329114942],[-80.7577222238323,35.3535929117787],[-80.7579742228858,35.3530659121133],[-80.7588552238942,35.3512299103423],[-80.7589422238112,35.3510289116672],[-80.7590102230593,35.3508589103389],[-80.7590542240221,35.3507189105765],[-80.7590962242673,35.3505059104364],[-80.7591282239954,35.3500639109471],[-80.7592242228715,35.3483119096872],[-80.7592332237059,35.3480709110301],[-80.7592602233576,35.3475359103459],[-80.7592762231,35.3473609098671],[-80.7592972235049,35.3472199104417],[-80.7593472239293,35.3469939092747],[-80.7594012239583,35.3468359099022],[-80.759493222824,35.3466339102394],[-80.759561223621,35.3465119097704],[-80.7596372240996,35.3463959094326],[-80.7597422243506,35.3462589099769],[-80.7598282236091,35.3461639100973],[-80.7599192232009,35.3460739089409],[-80.7600142236781,35.3459899100578],[-80.7602432240655,35.3458099096716],[-80.7616802238297,35.3447749095279],[-80.7618332244966,35.3446769097318],[-80.7626312240741,35.3441129085548],[-80.7637182249492,35.3433129089277],[-80.7639352245569,35.3431679097344],[-80.7640602243545,35.3430939083951],[-80.7643172242689,35.3429549085077],[-80.7645862254196,35.342831909551],[-80.7655382251626,35.3424609094992],[-80.7658532247435,35.3423389088155],[-80.7660942251963,35.3422509085613],[-80.7663902258321,35.3421439090877],[-80.7672922257995,35.3417999080519],[-80.7677362261936,35.3416209079916],[-80.7684622262211,35.3413329088201],[-80.7687622261036,35.3411989082608],[-80.769052225755,35.3410499080742],[-80.7693302257825,35.3408859086812],[-80.7695422266266,35.3407329083279],[-80.7697432260532,35.3405649080752],[-80.7697982266553,35.3405119078993],[-80.7699112256512,35.3404029073548],[-80.7700152266864,35.3402909078517],[-80.7701882264068,35.340054907784],[-80.7703762257995,35.3397679079681],[-80.7704632262052,35.339620907931],[-80.7705452269752,35.3394719081415],[-80.7705702262078,35.3394199086754],[-80.7706292261531,35.3393019080876],[-80.7706952260512,35.3391699071306],[-80.7707622267077,35.3390159080245],[-80.7716712260573,35.3370799072039],[-80.7720912264685,35.3361789075416],[-80.772585227467,35.3351519068781],[-80.7729552274923,35.33435090682],[-80.7729842264423,35.334276907084],[-80.7730712272688,35.3340179064461],[-80.7731372269597,35.3337559070146],[-80.7731942264279,35.3334289064936],[-80.7732112275542,35.3332869066552],[-80.7732272268044,35.3330939058072],[-80.7732322260465,35.3327929065195],[-80.7732152264426,35.3324919064946],[-80.7731822264191,35.3322509063126],[-80.773125226845,35.3319929063007],[-80.7730632265832,35.3317859058793],[-80.7729692264936,35.3315349064046],[-80.7729382268082,35.3314679057488],[-80.7727442264929,35.3310529069106],[-80.7725612257762,35.3306579063864],[-80.7723682256714,35.3302139052124],[-80.7722532257508,35.3298929062927],[-80.7722232265345,35.3297839054673],[-80.7722072258834,35.3296859057031],[-80.7721942259924,35.3294839057416],[-80.7722032265064,35.3292809058759],[-80.7722182259498,35.3292009054102],[-80.7722542260912,35.3290159056617],[-80.7723192265004,35.328804905175],[-80.7724172265641,35.3285499054848],[-80.7724812259146,35.3284019056816],[-80.7727522262878,35.3278449053788],[-80.772869226479,35.3275909047014],[-80.7729402265865,35.3274169047837],[-80.7730432262953,35.3271469054139],[-80.7733132261581,35.3263579050334],[-80.7733482263359,35.3262519053027],[-80.7734702268996,35.3262439051802],[-80.773562226501,35.3262269054759],[-80.7736372262364,35.3262019050717],[-80.7736622265722,35.3261969047765],[-80.7737362261934,35.326199904404],[-80.773785226611,35.3262079051975],[-80.7738712265141,35.3262219051433],[-80.7739462274273,35.3262299055405],[-80.7745942268971,35.3264079054714],[-80.7749252265819,35.3264889049653],[-80.7752022273632,35.3265669047306],[-80.775418227786,35.3266419049854],[-80.7756102268323,35.3267489053549],[-80.7756562275648,35.326763905166],[-80.7756802267661,35.3268099051331],[-80.7757852267654,35.3269339053586],[-80.7758092274722,35.3269719054415],[-80.7758482276817,35.3270089048167],[-80.7759672275084,35.3270619047144],[-80.776061227536,35.3270909055344],[-80.7761572275825,35.3271269048724],[-80.7762392278562,35.3271399051404],[-80.7763372280051,35.3271899056002],[-80.7763582275833,35.3272029051335],[-80.7763922270383,35.3272259056114],[-80.7764432275691,35.3272389050937],[-80.776568227347,35.3272439048373],[-80.7766602266895,35.3272929048361],[-80.7766942280559,35.3273049057638],[-80.7767422267393,35.3273089052727],[-80.7768022273095,35.3273379047894],[-80.7769172275249,35.3273809051666],[-80.7769882278113,35.327393904926],[-80.7771132268685,35.327496905519],[-80.7772802281047,35.3276259046974],[-80.7773192280344,35.3276499053412],[-80.7773692278463,35.3276989053216],[-80.7774102278707,35.3277159054662],[-80.7775652274095,35.3278739052243],[-80.777817228607,35.3280519055842],[-80.77786022736,35.3281099059538],[-80.7779742280064,35.3282289054074],[-80.7780812276018,35.3282869056479],[-80.77820322834,35.3283349050748],[-80.7782412281589,35.3283559051821],[-80.7783312275318,35.328435905736],[-80.7784852280736,35.3286329057115],[-80.7786032282791,35.3286969054603],[-80.7786252275863,35.3287179059944],[-80.7786472283991,35.3287519056763],[-80.7787082275715,35.3288929053698],[-80.7787072275641,35.3289569052365],[-80.7787022285545,35.3289799052666],[-80.7786912275769,35.3289989056124],[-80.778656228747,35.3290249058137],[-80.7785592287636,35.329161905506],[-80.7784982286339,35.3291939052896],[-80.7784812283193,35.3292209051872],[-80.7784602286275,35.3292419060008],[-80.7784072288997,35.3292579057972],[-80.7783762277053,35.329253905304],[-80.7783292287058,35.3292359053321],[-80.7783072284331,35.3292369054385],[-80.7782522280386,35.3292489053202],[-80.7782122288785,35.3292659060679],[-80.7781432277516,35.329284905853],[-80.7779952287114,35.3293719057799],[-80.7779722282148,35.3294039055608],[-80.777918227279,35.3294639049612],[-80.77775822866,35.3297989052287],[-80.7777452278746,35.3298579051584],[-80.7777022284969,35.3299609058435],[-80.7776682280852,35.330176905426],[-80.7776462278222,35.3302569056912],[-80.7776112280293,35.3304079051395],[-80.7776022278237,35.3305149057432],[-80.7775672275285,35.3306389060747],[-80.7775782282575,35.3307489057605],[-80.7775732276777,35.3308379059584],[-80.7776102280482,35.3309199055796],[-80.7776472273936,35.3309799054369],[-80.7777942277561,35.331165905862],[-80.7778512279684,35.3312999060512],[-80.777865227546,35.3313479060312],[-80.7778982286393,35.3314189062294],[-80.7779872277324,35.3315589064934],[-80.7780392276104,35.3316279057278],[-80.7780562289431,35.3316439055656],[-80.7781412280408,35.3317009060993],[-80.7782262281815,35.3317359058911],[-80.7782802277365,35.3317489065875],[-80.7784762276526,35.3317849064791],[-80.7785242280933,35.3317959052598],[-80.7785942277743,35.3318029060967],[-80.7786492283209,35.3318019055211],[-80.778793227843,35.3317769057634],[-80.7788742284132,35.3317599058655],[-80.7789472285594,35.3317489063078],[-80.7790502289371,35.3317639061911],[-80.7791492288951,35.3318049062821],[-80.7792102286945,35.3318389055272],[-80.7792312288404,35.3318859063428],[-80.7793142292309,35.3320079060182],[-80.7793612288614,35.3320609063564],[-80.7793902287236,35.3321339060701],[-80.7793862291952,35.3321959060633],[-80.7793832289475,35.3322299059311],[-80.7794002281365,35.332282906088],[-80.7794032287635,35.3323059058209],[-80.7793982287129,35.3323799062867],[-80.779396228614,35.3324049061862],[-80.7793532291044,35.3324889063503],[-80.7793222287697,35.3325279057394],[-80.7792662282593,35.3325749061443],[-80.7790042276569,35.3326939068008],[-80.7789132282142,35.3327539063213],[-80.7785412283698,35.3329699062907],[-80.7783972283352,35.3330299055447],[-80.7781492287988,35.3331329064414],[-80.7780522286964,35.3331779061331],[-80.7778212279584,35.3332729067242],[-80.7777042285037,35.3333339063069],[-80.7776122274678,35.3334589072025],[-80.7775912279909,35.333688906864],[-80.7775762280346,35.3337359061123],[-80.7776112280109,35.3338499064305],[-80.7776242280218,35.333866906311],[-80.7776912275753,35.3339059068588],[-80.7777612282248,35.3339549061616],[-80.7778982280731,35.3340399062675],[-80.7780132279529,35.3340939060308],[-80.7781272276902,35.334133906016],[-80.7782592282464,35.3341839071634],[-80.7785732279756,35.3343079064822],[-80.7786382281098,35.3343309064607],[-80.7787062290665,35.3343749064092],[-80.7788082282681,35.3344139072066],[-80.7788782288482,35.3344799063041],[-80.7789112281583,35.3345229063862],[-80.778939228216,35.3345889064746],[-80.778965228536,35.3346349061473],[-80.7789902284549,35.3346669070557],[-80.7789862283283,35.3346889069578],[-80.7789572287518,35.3347329059205],[-80.7789722279745,35.3348269065524],[-80.7789902289563,35.3348529064692],[-80.7790382285282,35.3348849067741],[-80.779113228328,35.3349329068545],[-80.7791622278409,35.334941907227],[-80.7791972288434,35.3349679062557],[-80.7792642285794,35.3350099064466],[-80.779288228789,35.3350149066633],[-80.7793312287697,35.3350149070437],[-80.7793902287662,35.3350049072238],[-80.7794362283608,35.3349849067535],[-80.7794812283644,35.3349519064626],[-80.7794942292039,35.3349149061548],[-80.779603228876,35.3348169065464],[-80.779668229637,35.3347349065038],[-80.7797252291581,35.3347159064585],[-80.7797922283169,35.3346829064891],[-80.7797982291073,35.3346469069836],[-80.7798332288981,35.334629907095],[-80.7798692285204,35.334614905761],[-80.779899228415,35.3346189061868],[-80.779965229552,35.3346129072543],[-80.7800492282508,35.3346269071002],[-80.7800902283156,35.3346039063154],[-80.7801382287218,35.3346129065495],[-80.7801592289303,35.334632907202],[-80.780268229128,35.3346419061801],[-80.7803282286398,35.334652907332],[-80.7804142290782,35.334730906814],[-80.7804232291058,35.3347499072259],[-80.7804692287453,35.3347929060457],[-80.7804872287858,35.3348409064253],[-80.7805112297242,35.3348879070838],[-80.7805192282918,35.3349379063423],[-80.7805092294568,35.3350319064063],[-80.7804842284589,35.335079906838],[-80.7802532290341,35.3353559066802],[-80.7801302290744,35.3354689068433],[-80.7800312289696,35.3355249071423],[-80.779766228718,35.3356229065635],[-80.7795952278886,35.335664906879],[-80.7792702292772,35.3356629065794],[-80.7791612290557,35.3356529068211],[-80.7791032285665,35.3356389067809],[-80.7789452291158,35.3355659064555],[-80.7788532279214,35.3355079066414],[-80.7788012283574,35.3354699072038],[-80.778770228484,35.335454907336],[-80.778710229055,35.3354569072695],[-80.7786202283877,35.3354709070124],[-80.7785452286709,35.3355239065966],[-80.7785252283167,35.3355549075859],[-80.7784972280109,35.3356249071942],[-80.7784982277313,35.3356989069243],[-80.7785222286876,35.3358499066137],[-80.7785062290249,35.33590290721],[-80.778487228837,35.3359169066066],[-80.7784722293555,35.3359299069006],[-80.7784252280485,35.3359399068112],[-80.7783942293387,35.3359549064065],[-80.7783362282981,35.335998907231],[-80.7783232278584,35.3360359073908],[-80.7783122281627,35.3360539068752],[-80.7782872282186,35.3360599070389],[-80.7782742281463,35.3361249061293],[-80.7782812276234,35.3361589069956],[-80.7783132291995,35.3361719069776],[-80.7783392280963,35.3361979067769],[-80.7783742290978,35.3362339074021],[-80.7784312282939,35.3362659065522],[-80.7785302292832,35.3363049065418],[-80.7786362287688,35.3363149067613],[-80.7786582286438,35.3363389077796],[-80.7789112282461,35.3363909073609],[-80.7789542280545,35.336372907601],[-80.7789792292621,35.3363659065149],[-80.7790122284845,35.3363579071053],[-80.7790572291318,35.3363189077905],[-80.7790832288846,35.3362739070366],[-80.7791082282539,35.3362139067543],[-80.7791562283353,35.3362149066626],[-80.7791682289105,35.3362319066341],[-80.7792282289992,35.3362209076807],[-80.7792752292537,35.3362279069969],[-80.7793312292594,35.3362469068233],[-80.7793922289767,35.3362569074169],[-80.7794122285824,35.3362649064731],[-80.7794482293817,35.3362559071629],[-80.7795092288931,35.3362849069546],[-80.7795622288193,35.3363019068386],[-80.7796032289288,35.3363039064918],[-80.7796712297238,35.3363139068717],[-80.7796942288871,35.3363029067363],[-80.7797642284869,35.3363249067417],[-80.779773228539,35.3363439071961],[-80.779831228785,35.3363649068888],[-80.7798492289269,35.3363759069007],[-80.7798812293978,35.3363739075996],[-80.779898229149,35.3364049069986],[-80.7799372285607,35.3364289068403],[-80.780127228932,35.3365089071217],[-80.7802042290622,35.3365189065862],[-80.7802512285798,35.336515906879],[-80.7805042289651,35.3366329061494],[-80.7805442291775,35.3366539068176],[-80.7806082295144,35.3366859075333],[-80.7808242298194,35.3368129068305],[-80.7809512288371,35.33685490668],[-80.7811432292009,35.3368949065911],[-80.7812272290492,35.3369329069268],[-80.7812552297001,35.3369459063699],[-80.7813252290666,35.3370009073777],[-80.7814032293905,35.3370909068065],[-80.7814562296419,35.3371139068673],[-80.7816792292224,35.3373059066223],[-80.7819882299781,35.3375239068119],[-80.7821122297399,35.3376179074569],[-80.7821852302552,35.3376429075143],[-80.7822732292339,35.3376989071977],[-80.7822832298827,35.3377329069687],[-80.7823062290771,35.3377579069277],[-80.7823392297298,35.3377849073174],[-80.7823642298193,35.3378159067738],[-80.7823822305415,35.3378519066647],[-80.7824152299511,35.3380139069969],[-80.7824102291391,35.3380619065289],[-80.7823842297993,35.3381039065928],[-80.7822382298567,35.3381979080827],[-80.7822052298543,35.3382329074582],[-80.7821632299942,35.3382619075023],[-80.7821082303695,35.3383229069583],[-80.7820632302845,35.3384059077979],[-80.78203422902,35.3384939070026],[-80.7820202297685,35.3385989077206],[-80.7819992300811,35.3386609071924],[-80.7819582297798,35.3387159069969],[-80.781891230124,35.3387739074591],[-80.7818052293093,35.3387979079372],[-80.7816682296444,35.3387979079463],[-80.7815362301043,35.3388699075404],[-80.7815052287857,35.3389049070704],[-80.7814972298291,35.3389239067517],[-80.7814632286356,35.3389739078009],[-80.7814552292137,35.3390079072735],[-80.7814352294592,35.3391739077063],[-80.7813952297044,35.3392299077841],[-80.7813252298247,35.3392769075331],[-80.7812882290981,35.3394719078926],[-80.7812652294107,35.3395439073303],[-80.7813122292274,35.3396489071338],[-80.7814292293302,35.339835907834],[-80.7814912300874,35.339887907773],[-80.7816832289868,35.3399949078417],[-80.7818242291086,35.340174907739],[-80.7819112300277,35.3402459077352],[-80.7821862296088,35.340437908021],[-80.7823552300638,35.3406109074379],[-80.7824662295931,35.3406749074055],[-80.7826182297398,35.3407389080032],[-80.7826412300975,35.3407489071934],[-80.782868229986,35.3407879070902],[-80.782959229924,35.3408859078758],[-80.7830802300285,35.341043907944],[-80.7831322302637,35.3411819074569],[-80.7831782298628,35.3412479084884],[-80.7832682310156,35.3413389075595],[-80.7834272303234,35.3415399083219],[-80.7835092304963,35.3416299079354],[-80.7836982302201,35.3419249075161],[-80.7837162302155,35.3419469081947],[-80.7838252306559,35.3420769076656],[-80.7840292310411,35.3422389075009],[-80.7841252309219,35.3423809081171],[-80.7841662301441,35.3424419082641],[-80.7841572301977,35.3424759082143],[-80.7841332303225,35.34255590831],[-80.7840962314221,35.3425959077751],[-80.7840422306039,35.342624907551],[-80.7839422302707,35.3426729077541],[-80.7836772300454,35.3428429083291],[-80.7836202307074,35.3428829082039],[-80.7835312302833,35.3429569084906],[-80.7833862302715,35.3430439082083],[-80.7833632299969,35.3430649085796],[-80.7832682307049,35.3431299089303],[-80.7832992299658,35.3432269083538],[-80.7833922299269,35.343273907889],[-80.7835222300731,35.3433449084592],[-80.7837522308207,35.3434699078208],[-80.7839192308396,35.3435489084539],[-80.7839712301537,35.3435739084044],[-80.7839942308274,35.3435779081506],[-80.7840502302086,35.3436159087174],[-80.7840602300222,35.3436359084206],[-80.7840902306653,35.3436639082144],[-80.7841242301542,35.3436909087482],[-80.784162230357,35.3437529087457],[-80.7841712307747,35.3438089083887],[-80.7842772304143,35.3440199082719],[-80.7843152299288,35.3440799085011],[-80.7843422305987,35.3441659085364],[-80.7843642303937,35.3442969085367],[-80.7844312311305,35.3443979087949],[-80.784550231039,35.3445409091395],[-80.7846382311391,35.3446189086889],[-80.7847062311229,35.3446929085379],[-80.7847212305165,35.3447089081012],[-80.7847472312008,35.3447659086566],[-80.7848322307604,35.3450449089306],[-80.7848352309566,35.3450719088705],[-80.7848522307685,35.3451089085696],[-80.7848932312648,35.3451989090429],[-80.7849342312271,35.3453539088526],[-80.7849842307995,35.3454459080661],[-80.7851092307859,35.3455249083428],[-80.7853082311265,35.3456689082562],[-80.7853502308709,35.3457119092096],[-80.7854172311255,35.3457439083312],[-80.7855892319288,35.345848908852],[-80.785761231029,35.3459529092933],[-80.7859792315415,35.3460139088253],[-80.78612823109,35.3460409083855],[-80.7862102315956,35.3460469094129],[-80.7862992321778,35.3460679088301],[-80.7863742311836,35.3460919086764],[-80.7864112313547,35.3461639087566],[-80.7863162319973,35.3463039094399],[-80.7861882317517,35.3464049086985],[-80.7858442310487,35.3466899089616],[-80.7855612307796,35.3468849093798],[-80.7855372313464,35.3468949083214],[-80.7854332311652,35.3469199086],[-80.7852492313306,35.3468009089474],[-80.7851872312808,35.3467749091663],[-80.7850982313701,35.3467909093252],[-80.7850732314768,35.3468039089867],[-80.7849942314804,35.3468849089079],[-80.7849782315027,35.346976908612],[-80.7850562306178,35.3470769088891],[-80.7852772309742,35.3472589095476],[-80.7854492315081,35.347403908481],[-80.7855932316791,35.347479909061],[-80.785735230842,35.3475699091247],[-80.7859922313587,35.3477939095273],[-80.7861132309991,35.347883909485],[-80.7862212321368,35.3479359086637],[-80.7862872309023,35.3479959092861],[-80.7863052316818,35.3480719085814],[-80.7862492314753,35.3481089088153],[-80.7861632323169,35.3481479083603],[-80.7861492316987,35.3481939093014],[-80.7861312313888,35.3483039100594],[-80.7861222319883,35.3484019095648],[-80.7861172312762,35.3484579098951],[-80.7861572311795,35.3485249088588],[-80.78629723124,35.3487139099297],[-80.7863302310296,35.3488699098414],[-80.786393231579,35.3489639094401],[-80.7864552314828,35.3489899086255],[-80.7865622309767,35.3490089096209],[-80.7866202313202,35.3490239096864],[-80.7867022317144,35.3490829095611],[-80.7867992311196,35.3492049095482],[-80.7869852321953,35.3494019092029],[-80.7870332313653,35.3494369096292],[-80.7870252314911,35.3494899095592],[-80.7870282320236,35.3495649092419],[-80.787063231975,35.3495919095407],[-80.7871002321375,35.349729909473],[-80.7871282324508,35.3498159094453],[-80.7872182322472,35.3501799101497],[-80.7872532321059,35.3502889092041],[-80.7872882312659,35.3503889094773],[-80.7873562325302,35.3504789092818],[-80.7874162323075,35.3506129102384],[-80.7874462316551,35.3506999093549],[-80.7874782320592,35.3507379099251],[-80.7875162325299,35.3507649100055],[-80.7875572327102,35.3508379100694],[-80.7875872315016,35.3510739096948],[-80.7875792328302,35.3510909100031],[-80.7875722323667,35.3511049104149],[-80.7875392326722,35.3511409100705],[-80.7874702315093,35.3511999103235],[-80.7874352324861,35.3512249093826],[-80.7874062312888,35.3512419102877],[-80.7873712321814,35.3512689099591],[-80.7873372319088,35.351307909485],[-80.7873132318427,35.3513399102858],[-80.787303232103,35.3513669098862],[-80.7873022319734,35.3513959098859],[-80.7873342314504,35.3515419093722],[-80.7872912315588,35.351645910207],[-80.7872562319479,35.3516819095271],[-80.787154231332,35.3517369100633],[-80.787113231853,35.3517719096231],[-80.787104231586,35.3517889102438],[-80.7871022324243,35.3518099107341],[-80.7871112326197,35.3518609098946],[-80.7871212316008,35.3520259103903],[-80.7871682325716,35.3522799101605],[-80.7871832325541,35.352403910063],[-80.7871922320842,35.3524459104464],[-80.7871992323091,35.3524789099888],[-80.7872182322927,35.3526489104407],[-80.7872592322329,35.3528209106537],[-80.7872772318255,35.3528929103235],[-80.7872892324382,35.3529719100796],[-80.787311231945,35.3531299102638],[-80.7873142321761,35.3531919098618],[-80.7872562317361,35.3533259105576],[-80.7871972317838,35.353529911024],[-80.7871572323378,35.3536819105444],[-80.7871502321801,35.3537109106762],[-80.7871672328174,35.3538099096883],[-80.7871802315533,35.3538579106617],[-80.7871872327512,35.3538989108964],[-80.7872112326398,35.3540689105828],[-80.7872922312282,35.3544219100396],[-80.7873172315099,35.354532911093],[-80.7873332316809,35.3546479109279],[-80.7873522317159,35.3546969106658],[-80.7873722314621,35.354731910184],[-80.7873922324129,35.3548019112198],[-80.7873852319768,35.3548759106357],[-80.7873892328401,35.3550069103827],[-80.7874042323918,35.3550629104702],[-80.7875582327354,35.3553869104925],[-80.78756623252,35.3554249107998],[-80.7875612327647,35.3555459112522],[-80.78759923196,35.3556219109573],[-80.787625233101,35.3556619104633],[-80.7876832324229,35.3557369109153],[-80.7876822329383,35.3557869116248],[-80.7876582325628,35.3558669104081],[-80.7876322321318,35.3559199108246],[-80.7875852325771,35.3560439102238],[-80.787625232739,35.3561229106396],[-80.7877252317762,35.3562579107116],[-80.7877962330495,35.3563469111965],[-80.7878012332901,35.356371911538],[-80.7878372323916,35.3563989104052],[-80.7878292322386,35.3564569105359],[-80.7878982331784,35.3565859115719],[-80.7880242318343,35.3568019115729],[-80.7880952332624,35.3569719107313],[-80.7882082331712,35.3571969118074],[-80.7882092325837,35.3572459110964],[-80.788198232293,35.3573149116438],[-80.788219232536,35.3573959107008],[-80.7882322331062,35.3574669110779],[-80.7882762323476,35.3575179110805],[-80.7882952325784,35.3576229111148],[-80.7883582324363,35.3578319110757],[-80.7883912326972,35.3578969109802],[-80.7884592323817,35.3580049113106],[-80.7884622322518,35.3580859109468],[-80.7884592322593,35.3582089113512],[-80.7884752322892,35.3582749113829],[-80.7885102331649,35.3583709117409],[-80.7885302325761,35.3584469117677],[-80.7885842324258,35.3585619112544],[-80.7885962323969,35.3586049112534],[-80.7886072333589,35.3587029121573],[-80.7886082326787,35.3587759117539],[-80.7886222330345,35.3588519110604],[-80.7886342320542,35.3588889109882],[-80.7886542319647,35.3589479115079],[-80.7886652329886,35.3590479112251],[-80.788678233212,35.3591119116032],[-80.7886752321035,35.3591769109384],[-80.7886562320883,35.3592289120128],[-80.7886402324305,35.3593399111976],[-80.7886502329736,35.3593709116923],[-80.7886452333102,35.3594279118692],[-80.7886222327977,35.35953891161],[-80.7886232331211,35.3596209117493],[-80.7886122329999,35.3596799118675],[-80.7885952328079,35.3597159117445],[-80.788596232238,35.3597829121476],[-80.788588233195,35.3598529115322],[-80.7885672327524,35.3599319113605],[-80.7885142329503,35.3601269113986],[-80.7884952330742,35.3602169117246],[-80.7884342328054,35.3604049117521],[-80.7884332329997,35.3604959113113],[-80.7884562328599,35.3606519119522],[-80.7884722334464,35.3607129117362],[-80.7884722332308,35.3607259117572],[-80.7884702332801,35.3608019119054],[-80.7884582329154,35.3608989125197],[-80.7885152330172,35.3610399119323],[-80.7885542336161,35.3612069119703],[-80.7885782322812,35.3612819116662],[-80.7886132330031,35.3613349115588],[-80.7886402324002,35.3613859126207],[-80.7886612333237,35.3614479123558],[-80.7887012329502,35.3615149122407],[-80.7887312331332,35.3615339121516],[-80.7887752331134,35.3615519119858],[-80.7889042329631,35.3616019120577],[-80.7889932325344,35.3616309122153],[-80.7892102324712,35.361637912365],[-80.7893072327618,35.3616309117985],[-80.7893952333885,35.3616179123482],[-80.7896162329371,35.3616289116619],[-80.7896932339666,35.3616359121244],[-80.7897962325632,35.3616529121395],[-80.7898742329757,35.36166991168],[-80.7899532328126,35.3616989118901],[-80.7900742331774,35.3617129121248],[-80.7901902335843,35.3617469121394],[-80.7902202332828,35.3617999124383],[-80.7903112329388,35.361942911522],[-80.7903522333097,35.3619719121273],[-80.7903922334194,35.3620269122096],[-80.7904252336771,35.362084912516],[-80.7904472333302,35.3621499121138],[-80.7904892336574,35.3622349118497],[-80.7904582340068,35.3622909114298],[-80.7904412330805,35.3623389117174],[-80.7904462335978,35.3623889121073],[-80.7904842330944,35.3624509119078],[-80.7905562333481,35.3625359119055],[-80.790575233856,35.3625799126986],[-80.790620233494,35.3626399120705],[-80.7906472334972,35.3626929124134],[-80.7907052340625,35.3628709125916],[-80.7907472338532,35.3629489123033],[-80.7908162329181,35.3629939124087],[-80.7908842336739,35.3630309121005],[-80.7909872342909,35.3631229125182],[-80.7910522329988,35.3631789124062],[-80.7910902331936,35.3632319123436],[-80.7911012339104,35.363293912524],[-80.7911042344521,35.3633769126682],[-80.7911202340009,35.3634209126546],[-80.7912282333004,35.3635089125618],[-80.7912672331806,35.3635649116797],[-80.7912902337249,35.3636529120984],[-80.791312234205,35.3637619117878],[-80.7915452338711,35.3636799125451],[-80.7919022333967,35.3635589129876],[-80.7921992343368,35.3634519124958],[-80.7924122335742,35.3633669120575],[-80.7925832337554,35.3632969120142],[-80.7934322345655,35.3629079120825],[-80.7937532347592,35.3627539123473],[-80.7938932349119,35.3626929118763],[-80.7940442350474,35.3626209112652],[-80.7941172345134,35.3625869115751],[-80.7950432350449,35.36215391189],[-80.7961062358046,35.36166291165],[-80.7970622356511,35.3612289114064],[-80.7971812357793,35.3611819118518],[-80.7974422352594,35.3610909116078],[-80.7985012361444,35.3607659113493],[-80.7989882364357,35.360611911845],[-80.799622236029,35.3604189115953],[-80.799952236617,35.3603269107661],[-80.799935236209,35.3602689114865],[-80.7999132365558,35.3602169117251],[-80.7999022357991,35.3601789116752],[-80.7998562366898,35.3600649116368],[-80.799779236345,35.359915910671],[-80.7996332363382,35.3597059113097],[-80.7993482365688,35.3593559113559],[-80.7992452359709,35.359229910778],[-80.7991172353877,35.3590499117526],[-80.7990512366796,35.3589409110691],[-80.7988482356439,35.3585489107417],[-80.7987192357627,35.3582709105145],[-80.7986052356707,35.3580679108782],[-80.798339235381,35.357540910994],[-80.7982632358133,35.3574089108535],[-80.7981302353428,35.3572219111137],[-80.7980152352291,35.3570919105096],[-80.797908235276,35.3569939102888],[-80.7977422347524,35.3568809101772],[-80.7975612345591,35.3567829103652],[-80.7972562355757,35.3566299106346],[-80.796611235731,35.3563189101849],[-80.7955712348896,35.3558199113854],[-80.7952542347791,35.3556569109901],[-80.7948272348164,35.3554249104509],[-80.7946792337445,35.3553379101516],[-80.7945872341515,35.355283910629],[-80.7944662341593,35.3551819106723],[-80.7943822342684,35.355082910395],[-80.7943272345341,35.3549849105095],[-80.7943012335739,35.3549249105825],[-80.7942662346024,35.3548009109997],[-80.7942432340393,35.3546649111541],[-80.7942282338726,35.3545009102079],[-80.7942322341327,35.3543769100889],[-80.7942592335491,35.3542039104772],[-80.7943082344012,35.3540339100924],[-80.7945922341463,35.3532989096991],[-80.7947212346576,35.3530039094112],[-80.794889233913,35.3526799103296],[-80.7949932340686,35.3524949100312],[-80.7951432340551,35.3522079098637],[-80.7951482340572,35.3521989091169],[-80.7952462340954,35.3520109095159],[-80.7957942346766,35.3508949098022],[-80.7958172340862,35.3508599098796],[-80.7958452342079,35.350827909356],[-80.7959242340982,35.3507629100941],[-80.7959122346359,35.3506899093172],[-80.7959152343908,35.3506589095761],[-80.7959492344099,35.3505279099849],[-80.7959592343522,35.3504699101657],[-80.7959772347587,35.350282909099],[-80.7959742350069,35.3500949093162],[-80.7958812349958,35.3489369092194],[-80.7958112340863,35.3480449083723],[-80.7957902339499,35.3477809086839],[-80.7957682339562,35.3475509093475],[-80.7957412350959,35.3472789085531],[-80.7957112337562,35.3470119083021],[-80.7954292332654,35.3443869077296],[-80.795396233788,35.3437089080127],[-80.7954022348639,35.343655907252],[-80.7954052340746,35.3436179075157],[-80.7953932342825,35.3432119075164],[-80.795396234329,35.343105907767],[-80.7954122336254,35.3429299076627],[-80.7954292341132,35.3428329074837],[-80.7955062335415,35.3424959081571],[-80.7956332341136,35.3420159078148],[-80.7957612334941,35.3416429071657],[-80.7961452347517,35.3405689071719],[-80.7963222347228,35.3400729067811],[-80.796366234067,35.3399319067283],[-80.7963882344684,35.33980290673],[-80.7964052336374,35.3396029072979],[-80.7964342347625,35.3394959069531],[-80.7963502343853,35.3393149070299],[-80.7962582341068,35.339148906491],[-80.7961662337523,35.3390049074945],[-80.7949572337517,35.3379579062711],[-80.7949302328606,35.3379449068667],[-80.794674233253,35.3376309067906],[-80.7947592332258,35.3376389068108],[-80.794937233552,35.3376569068729],[-80.796659234101,35.3377849064981],[-80.7984962347746,35.3379159068319],[-80.7993672346399,35.3379729059087],[-80.8010372355543,35.3381059065978],[-80.8017512354681,35.3382039066291],[-80.8021022357709,35.3382539062955],[-80.8038582366017,35.3385039061372],[-80.8040512370436,35.3385339059511],[-80.8059522374293,35.3388259060008],[-80.807210237482,35.3390229064934],[-80.8076522376005,35.3390989058966],[-80.8078842371402,35.3391289064155],[-80.8080362379446,35.3391359071128],[-80.8081932374217,35.3391379057802],[-80.8083252375755,35.3391289065028],[-80.8084482379778,35.3391139069764],[-80.8086842380126,35.3390749065654],[-80.8089832369126,35.3390159069652],[-80.8097722379516,35.3388609068129],[-80.8105992386218,35.3386979061464],[-80.8111152390757,35.3385919057423],[-80.8123672389804,35.3383349062687],[-80.8125142394305,35.3383039061981],[-80.8129672388708,35.338206906169],[-80.8131522387403,35.3381679065259],[-80.8135112396813,35.3380759060486],[-80.8139142391223,35.337959905993],[-80.8144062391797,35.337810906501],[-80.8147422391542,35.3377019055107],[-80.8160332398157,35.3372809057542],[-80.8162192404769,35.3372139052652],[-80.8164062396602,35.3371259057162],[-80.8165892395856,35.33702990646],[-80.8167272404241,35.3369429053711],[-80.8168232399567,35.3368759058295],[-80.8172782407643,35.336558905493],[-80.8174702401648,35.3364479051924],[-80.8176302403568,35.3363709052733],[-80.8177652406901,35.3363189056619],[-80.8179502404107,35.3362599056326],[-80.8180722398717,35.3362279062061],[-80.8182142406247,35.3362009051276],[-80.8183722402655,35.3361829060022],[-80.8184752408863,35.3361849057472],[-80.818559240414,35.3361949056514],[-80.8186702404639,35.3362229053509],[-80.8187622401808,35.3362639054832],[-80.8188282412282,35.336303905662],[-80.8189402407779,35.3363909051561],[-80.8190462410532,35.3364879050137],[-80.819480241336,35.3369589050895],[-80.8197802406168,35.3372999056265],[-80.8200232408047,35.3376059052755],[-80.8201372411468,35.3377419052678],[-80.8202832412186,35.3378969051419],[-80.820338241478,35.3379459063938],[-80.8204702415252,35.3380439063877],[-80.8205762413731,35.338105905782],[-80.8206852410428,35.3381569055727],[-80.8207912409837,35.3382009061656],[-80.8210052413287,35.3382769055761],[-80.8213332416827,35.3383739054894],[-80.8218382416019,35.3384969062574],[-80.8222402414664,35.3385739058944],[-80.8236822425137,35.3388259063791],[-80.8239892424379,35.3388759057182],[-80.8240592416839,35.3388829056749],[-80.8241772415131,35.3388939053378],[-80.8243612420819,35.3389039063926],[-80.8269542428247,35.3389739058914],[-80.8278852431138,35.3389949053515],[-80.8283202436751,35.3390049056921],[-80.83193524449,35.3390979062676],[-80.832505244711,35.3391089054473],[-80.8327342440658,35.3391139061255],[-80.8329082448552,35.3391099057122],[-80.8331542450148,35.3390959058822],[-80.8333042442553,35.3390769057401],[-80.8335692449371,35.3390289057513],[-80.8342002451528,35.3388779062276],[-80.8343962457079,35.3388309049945],[-80.8349252452404,35.338685904653],[-80.8353522452657,35.3385819060105],[-80.8357582458945,35.3384779049184],[-80.8369232458995,35.3381929057745],[-80.8382112464382,35.3378659048324],[-80.8385832457094,35.3377829044273],[-80.8390812463563,35.3376659046405],[-80.8391472472187,35.3376469048026],[-80.8392172465246,35.3376279046257],[-80.8393322460593,35.3375949053579],[-80.8395142463547,35.3375339053894],[-80.8397052465293,35.3374599053017],[-80.8398982471186,35.3373669057162],[-80.8400972466206,35.3372499051006],[-80.8409122479092,35.3367509045828],[-80.8416682476947,35.336287904755],[-80.8422712473291,35.3359039048129],[-80.8426542473444,35.3357359051805],[-80.8427362481408,35.3356999045624],[-80.8428262475403,35.3356499047293],[-80.8429472479042,35.3355609049679],[-80.8430242474658,35.3354859038687],[-80.8432672477274,35.3353389046387],[-80.8443732476927,35.3347089042506],[-80.8444312475298,35.3346789047237],[-80.8444672473271,35.3346599043357],[-80.8445422486201,35.334623903555],[-80.8447532483326,35.3345309041086],[-80.8449012477791,35.3344749045502],[-80.8452792479595,35.3343499041938],[-80.8453852482467,35.3343219039038],[-80.8454152478118,35.3343139040428],[-80.8457062485391,35.3342659047515],[-80.8466752485193,35.334133903689],[-80.8483182492225,35.3339089042123],[-80.8487572495152,35.3338509042225],[-80.8492082499919,35.3337889038406],[-80.8505462504875,35.3336049033048],[-80.8507242498255,35.3335659040856],[-80.8509272501435,35.3335039031117],[-80.8511612492767,35.3334109033196],[-80.8513652506939,35.3333089037371],[-80.8515402498826,35.3332019041449],[-80.8516542501329,35.3331179035715],[-80.8517932507142,35.3330019041039],[-80.8522982496108,35.3325259033748],[-80.852377250514,35.3324299031898],[-80.8524142504195,35.3323659031167],[-80.8524362506214,35.3323459035529],[-80.8524702509934,35.3323259034824],[-80.8525652505168,35.3322949031354],[-80.8532172500752,35.3321409032617],[-80.8533962504906,35.3320919030486],[-80.8537112500156,35.3319889032522],[-80.853922250723,35.331908903986],[-80.8541372516829,35.3318209035727],[-80.8544602507801,35.3316759024664],[-80.8551452508998,35.3313439030288],[-80.8555362512461,35.3311629030929],[-80.8560862513296,35.3309009031277],[-80.8563782514129,35.3307529024181],[-80.8566672515641,35.3306119028605],[-80.8574732520294,35.3302299028036],[-80.8577292519345,35.3301279026],[-80.857748252326,35.3301199033438],[-80.8579842515421,35.3300369023603],[-80.8581032518959,35.3300049027964],[-80.8584712522886,35.3299169022747],[-80.8585892524458,35.3298969026293],[-80.858887251904,35.3298659034198],[-80.8599792530792,35.3297739019355],[-80.860748252762,35.3297099027575],[-80.8613452531231,35.3296679031346],[-80.8615992527362,35.329637902476],[-80.8617042529835,35.3296179021298],[-80.8617832534106,35.329597901933],[-80.8618512523128,35.3295759024329],[-80.861916253335,35.3295479028012],[-80.8620662527538,35.3294639022339],[-80.8621852522829,35.3293829025908],[-80.8628662532505,35.328896902068],[-80.8630092533006,35.3287859029168],[-80.8631082533035,35.3287029027358],[-80.8636972537379,35.3281679017796],[-80.8642482534187,35.3276799019808],[-80.8643652534573,35.3275699027038],[-80.8645282539543,35.3274259023929],[-80.8648352536637,35.3271429018355],[-80.8651212541734,35.3268759018922],[-80.8658282548081,35.3262409011578],[-80.8666762542521,35.3254909020028],[-80.8667592543802,35.325425901545],[-80.8668452548315,35.3253729020762],[-80.8669152540993,35.325489901376],[-80.8670522545764,35.3256709008281],[-80.8670662543159,35.3256899009995],[-80.8672532545783,35.3258949011381],[-80.8674942547461,35.3261349019115],[-80.8679732547097,35.3266079022559],[-80.8681782549218,35.326810901313],[-80.8685352554234,35.3271629018771],[-80.8687232546393,35.3273299023186],[-80.8687982551408,35.3273969013182],[-80.8691532545205,35.3276939021947],[-80.8692052552572,35.3277369016358],[-80.8707812555028,35.3290239023637],[-80.8710262560556,35.3292309023222],[-80.8721972562594,35.330193902137],[-80.872533256275,35.3304839029072],[-80.8730082561759,35.3309149027208],[-80.8731552570318,35.3310569021898],[-80.8732822568325,35.3311939021483],[-80.8733722564673,35.3313189022178],[-80.8734342561255,35.3314239030459],[-80.8735052563166,35.3315819018405],[-80.8737702565379,35.3322659032021],[-80.8741672565133,35.3332889022925],[-80.8742032567737,35.3333729026232],[-80.8745322578586,35.3333789030952],[-80.8750392578557,35.333410902387],[-80.8750652566158,35.3334129027105],[-80.8755092570477,35.3334409019979],[-80.876574258513,35.3335229023263],[-80.8765872579401,35.3335239027746],[-80.8774372576849,35.3335909029248],[-80.8782352578814,35.3336489029738],[-80.8787262581679,35.3336869025725],[-80.8799232587726,35.3337799030692],[-80.8802202593171,35.3337989027248],[-80.8804582587385,35.3338079027564],[-80.8806582596582,35.3338059030144],[-80.8812132582875,35.3337829030728],[-80.881572258768,35.3337699021766],[-80.8815872585192,35.3337689028029],[-80.8820652589233,35.3337509025155],[-80.8822762589403,35.3337479033207],[-80.8832062596167,35.3337699026132],[-80.8832882604805,35.3337699025636],[-80.8842382598158,35.3337689020924],[-80.8844092599498,35.3337629032475],[-80.88487426073,35.3337169025519],[-80.8850252599862,35.3336909025915],[-80.885193260707,35.3336559021314],[-80.8855872603685,35.3335559026848],[-80.8857592611136,35.3335069029677],[-80.8861052599563,35.3333949021332],[-80.8867232607919,35.3331799022133],[-80.8869712609365,35.3330979026771],[-80.887279260501,35.3329849017597],[-80.8876282604912,35.3328569020404],[-80.889378261695,35.3321929020159],[-80.8899822612348,35.3319699015848],[-80.8903002618925,35.3318609022215],[-80.8910962622848,35.3316349022588],[-80.891417262115,35.3315219022234],[-80.8915382623962,35.3314609020907],[-80.8916712619353,35.3313879024149],[-80.891771261466,35.3313099019443],[-80.8918712619447,35.3312249021583],[-80.8921942619542,35.330877902236],[-80.8926022618661,35.3304109012336],[-80.892870261924,35.3301179006904],[-80.8930082625119,35.3299899014028],[-80.8931042622806,35.3299199009742],[-80.8932062621031,35.3298609019241],[-80.8933762622882,35.3297909013387],[-80.8936802626419,35.3296849012968],[-80.8939362626139,35.3296029018462],[-80.8940572629316,35.3295559011451],[-80.8941892622054,35.3294989016327],[-80.8944432624696,35.3293719013147],[-80.8957652635523,35.3285789012],[-80.8959192637923,35.3284949009947],[-80.8965912629303,35.3281479006799],[-80.8969142636078,35.3279829006672],[-80.8973852630576,35.3277429004928],[-80.8976832642584,35.3275909008674],[-80.8978282634162,35.3274969005434],[-80.8980152635091,35.3273359002139],[-80.8981782644991,35.3271779003006],[-80.8984542638464,35.3268879007946],[-80.8986442637975,35.3266579005842],[-80.8988672634535,35.3263609003652],[-80.8989742639706,35.3262299006345],[-80.8991082635297,35.3260919010799],[-80.8995842646961,35.3256399008549],[-80.8997922635161,35.3254579005474],[-80.8999172641723,35.3253619004442],[-80.9000392646233,35.3252839002195],[-80.900132264552,35.3252339000781],[-80.9008042642593,35.3249278998318],[-80.9010182649549,35.3248229001985],[-80.9011452639292,35.3247499000619],[-80.9012882640184,35.3246478997076],[-80.9013482645229,35.324595900233],[-80.9014482648481,35.3244959000984],[-80.9015472647066,35.3243588997861],[-80.9016082649161,35.3242549000693],[-80.9016922645257,35.3240798994596],[-80.9017022644193,35.3240588998093],[-80.9017592649432,35.3239138996556],[-80.9017972647948,35.323787900034],[-80.901836264189,35.32362489955],[-80.9018952645935,35.3232868997413],[-80.901949264858,35.32287890036],[-80.9019852640475,35.3227138993366],[-80.9020192644639,35.3227588996409],[-80.9021232638791,35.3228708995663],[-80.9024552639171,35.323229900394],[-80.9042112651973,35.3251739002106],[-80.9044972664464,35.3254849000081],[-80.904899265435,35.3259219003703],[-80.9049672660837,35.3259889000738],[-80.905124266467,35.3261439003712],[-80.9052482653288,35.3262518999896],[-80.905553265958,35.3264759000614],[-80.9057522667722,35.3265959007346],[-80.9059492667674,35.3267018998344],[-80.9062132654917,35.3268188996604],[-80.906742266234,35.3270229004061],[-80.907984266922,35.3274659005383],[-80.9082592672872,35.3275608999609],[-80.9085442658971,35.3276719008722],[-80.9086742669063,35.3277289008743],[-80.9089032667833,35.3278409006288],[-80.9090692669065,35.3279419005939],[-80.9092172673437,35.328045899738],[-80.9092792671212,35.3280939008634],[-80.9094872669831,35.3282729005367],[-80.9096232671215,35.3283959005948],[-80.909696267202,35.3284649007125],[-80.90971326756,35.3284479004819],[-80.9097412681264,35.328402900241],[-80.9098352669659,35.3283029003375],[-80.9099392674186,35.3282089006731],[-80.909986267095,35.3281499007172],[-80.9100162681231,35.3281268998389],[-80.9100452675541,35.3280969001781],[-80.9100902674813,35.32801890041],[-80.9101482678864,35.3279489002961],[-80.9102362673119,35.3278889001873],[-80.9104812674923,35.327741900741],[-80.9105562676776,35.3277158998022],[-80.9106092673264,35.3276749003716],[-80.9106482668762,35.3276389003359],[-80.9107392681108,35.3275849005323],[-80.9108512672865,35.3275539004929],[-80.9109092677355,35.3275319002219],[-80.9109862677996,35.3274919005249],[-80.9110322677227,35.327481899805],[-80.9111052671384,35.3275059003502],[-80.9111422674577,35.3275039000778],[-80.9111792678271,35.3275188997629],[-80.9112222680448,35.3275269001843],[-80.9112622674824,35.3275109009434],[-80.9113852680566,35.3274239005372],[-80.9117342680295,35.3273198998073],[-80.9118012678076,35.3273069003433],[-80.9118792678831,35.3272849003757],[-80.9119882679348,35.3272339000781],[-80.9120482682978,35.3272209000716],[-80.9120882680802,35.3271929000349],[-80.912206267484,35.3271668999318],[-80.9123472683312,35.3271469001448],[-80.9124612682383,35.3271149004721],[-80.9126762677841,35.3270338996556],[-80.9127752676799,35.3270098994793],[-80.9129712678924,35.3269528998735],[-80.9130292676376,35.3269288996966],[-80.9131452686091,35.3268979001138],[-80.9132242679152,35.3268889001194],[-80.9132992677,35.3268868993902],[-80.9134432683685,35.3269019003652],[-80.9135242682917,35.3269099001039],[-80.9136902682869,35.3269829004271],[-80.9137462680577,35.327003899629],[-80.9137942687116,35.3270278995556],[-80.9138412692792,35.3270569003044],[-80.9138932688545,35.3270828999014],[-80.9139372691085,35.3270959001521],[-80.9140492681807,35.3271179004577],[-80.9141112687393,35.3271369004462],[-80.9142262680704,35.3271589000579],[-80.9142662681966,35.3271719002985],[-80.9143672688149,35.32719590082],[-80.9144312691133,35.3272188992649],[-80.9146972687764,35.3272719002164],[-80.9148292685908,35.3272919003014],[-80.9148982688365,35.3272959008314],[-80.9149272682762,35.327300899822],[-80.9149652687011,35.3273068997423],[-80.9151162695423,35.3273189001861],[-80.9151662686927,35.3273178995045],[-80.9152432689946,35.3273059003742],[-80.9153362688865,35.3273059002485],[-80.9155342685375,35.3273139002851],[-80.9156442691165,35.3273329003999],[-80.9157852696519,35.3273059000611],[-80.9158142692713,35.3272939006552],[-80.9158612688379,35.3272868999893],[-80.9159622693895,35.3272849001671],[-80.9161462691721,35.3272608995855],[-80.9162322689603,35.3272349004944],[-80.9164072696124,35.3272408998388],[-80.9166662700171,35.3272309003572],[-80.9169172699268,35.3271828993636],[-80.9169842693521,35.3271829001444],[-80.9170742690679,35.3271688998751],[-80.917126269486,35.3271729004341],[-80.9172222686879,35.3271618994394],[-80.9172792685337,35.3271499000387],[-80.9173482692915,35.3271478998047],[-80.9175152688626,35.3271339001135],[-80.9175762696281,35.327132900072],[-80.9176432694812,35.3271269002185],[-80.9176852702611,35.3271188996525],[-80.9178432701742,35.3271069002352],[-80.917926269287,35.3270929001842],[-80.9179722691881,35.3270919003613],[-80.9180062696972,35.3270959006728],[-80.9181852689229,35.3270779006932],[-80.918396270339,35.327044900061],[-80.918429269418,35.3270529003629],[-80.9184682697119,35.3270718999988],[-80.9185082696055,35.3270739000225],[-80.9185592695669,35.3270838998484],[-80.918667270183,35.3270499002796],[-80.918706269778,35.327046899485],[-80.9187242699449,35.3270428996638],[-80.918847270758,35.3270169003764],[-80.9189772697526,35.3270069001836],[-80.919035270482,35.3270108995231],[-80.9192342701958,35.326996899833],[-80.9194292699339,35.3269969004097],[-80.9195642696616,35.3269768998363],[-80.9198722700695,35.3269018991559],[-80.920039270676,35.326882899188],[-80.9202362699655,35.3268778997507],[-80.9203542702443,35.326889899341],[-80.9205082704034,35.3269129002438],[-80.9205692704836,35.3269108997102],[-80.9206462701935,35.3268999006356],[-80.920718270405,35.3268688999654],[-80.9207792703959,35.3268278998495],[-80.9208362701816,35.3268128999823],[-80.9208762702579,35.3268088998552],[-80.9209732698899,35.326765899621],[-80.9210752703478,35.3267348998628],[-80.9211752709869,35.3267088996536],[-80.9214002706159,35.3266238999038],[-80.9214242703557,35.3266189001762],[-80.9217322705965,35.3264858999399],[-80.9220282704567,35.3263928993861],[-80.9221292706422,35.3263818998651],[-80.9222242700314,35.3263679002435],[-80.9223162715017,35.32637489903],[-80.9223822709149,35.326369898788],[-80.9224112714235,35.326359899358],[-80.9224682711057,35.3263479002001],[-80.9225292712635,35.3263468994668],[-80.9225942709897,35.3263508996026],[-80.9226892709142,35.3263628995701],[-80.9227202705219,35.3263758992656],[-80.9227662714498,35.3263878998347],[-80.9228802714577,35.3263879004208],[-80.9229042716977,35.3263738995344],[-80.9229272710541,35.3263418992996],[-80.9230132703137,35.3263328989673],[-80.923096270864,35.3263429000074],[-80.9231462720174,35.3263528993385],[-80.9232172715678,35.3263518990676],[-80.9234472706389,35.3263318993933],[-80.9235772716803,35.3262778997349],[-80.9236942713832,35.3262228991705],[-80.9237352711593,35.3262109001858],[-80.9237982713347,35.326201899442],[-80.9238462719551,35.3261889002213],[-80.9239062719535,35.3261858995621],[-80.9239752707435,35.3261658992638],[-80.9240362708104,35.3261308995409],[-80.9240722713348,35.3260988990116],[-80.9241102713962,35.3260718995394],[-80.9241412716512,35.3260258996529],[-80.9241832716498,35.3258548995205],[-80.9242192713902,35.3257878990241],[-80.9242552711449,35.3257468993919],[-80.924284271119,35.3257048992665],[-80.9242882711644,35.3256568993567],[-80.9242802718667,35.3256268988653],[-80.9242632716893,35.3255958990293],[-80.9242602715559,35.3255778998973],[-80.9242632721484,35.3255508992368],[-80.9242412712751,35.3255248998832],[-80.9242562717282,35.3254788990018],[-80.924248270814,35.3254418992681],[-80.9243302708837,35.3253748990823],[-80.924408270923,35.3253678993009],[-80.9244802706623,35.3253508984871],[-80.924526271744,35.3253438994733],[-80.9245902711674,35.3253248997034],[-80.9247982717542,35.3251788986339],[-80.9248762710351,35.3251158990157],[-80.9248882713941,35.325054899512],[-80.9249492722726,35.3249528990921],[-80.9250312717584,35.3248788991505],[-80.9251092717313,35.3248218987325],[-80.9251312710116,35.3247998993749],[-80.9251592716002,35.324783898661],[-80.9251942715004,35.3247428983915],[-80.9252562720004,35.3246918991178],[-80.9253312717018,35.3246448983131],[-80.9253642708395,35.324600899456],[-80.9255502720529,35.3244218994721],[-80.9256512716602,35.3243588987984],[-80.9256762716837,35.3243288993442],[-80.9257472716632,35.3242738986854],[-80.9257822717684,35.3242398993031],[-80.925855271061,35.3241318993673],[-80.9260152716533,35.323967899363],[-80.9260612724004,35.3239408982347],[-80.9261132713723,35.3238818988001],[-80.9261412719023,35.3238168993515],[-80.9262442718607,35.3237278988067],[-80.9262982719177,35.3236978986989],[-80.9263532714591,35.3236498989699],[-80.926396272149,35.323592898962],[-80.9265102721374,35.3235178993719],[-80.9265472723987,35.3234738987315],[-80.9265722719626,35.3234308986351],[-80.9265902720611,35.3233908986671],[-80.9266022723178,35.3233588986375],[-80.9266402716662,35.3233058992378],[-80.9267072718082,35.3232708982202],[-80.9267402715304,35.3232508991549],[-80.9268282725684,35.3231888994698],[-80.9268602724674,35.3231448989377],[-80.9268672722992,35.323121899058],[-80.9268972722416,35.3230968986053],[-80.9269182715913,35.3230728987888],[-80.9269822720338,35.3230238990086],[-80.9270302714635,35.3229828987045],[-80.9270952722186,35.3229158992412],[-80.9269592724246,35.3228368993968],[-80.9267882726038,35.3227708985888],[-80.9267552718735,35.3227528989331],[-80.926691272477,35.3226598989148],[-80.9266342726866,35.3225318984423],[-80.9265502716343,35.3222648983151],[-80.9265152718437,35.3221778978933],[-80.9263862716474,35.3217678979934],[-80.9263372717546,35.3216378983655],[-80.9261682719139,35.3212798979194],[-80.9260102715821,35.320845897893],[-80.9259802718305,35.3206648987709],[-80.9258082723999,35.3202818985203],[-80.9257892709474,35.3202148983666],[-80.9257852721339,35.3200818981993],[-80.9257732709951,35.320036898049],[-80.925755270871,35.3200048981746],[-80.9257382719154,35.3199498982851],[-80.9257232720582,35.3199338986291],[-80.9256912710032,35.319914898231],[-80.9256272719975,35.3198918985113],[-80.9254942712154,35.3198618984135],[-80.9252462718076,35.319817898459],[-80.9251282710802,35.3198098979526],[-80.9250662707626,35.3197998981796],[-80.9249432719529,35.3197438980707],[-80.924886270917,35.319726897911],[-80.9247542712731,35.3197018986095],[-80.9244792715398,35.319667897812],[-80.9243762706277,35.3196598980453],[-80.9239812709507,35.3196578980398],[-80.9238602712884,35.3196468982764],[-80.9236872714523,35.3195958981652],[-80.9236382704797,35.3195868984464],[-80.9235742705555,35.3195808977042],[-80.9235182703281,35.3195848986622],[-80.9233412704888,35.319587898274],[-80.9230322709738,35.3195868987832],[-80.9228472704347,35.3195818984207],[-80.9222622706275,35.3195428982423],[-80.9222132709953,35.319531898137],[-80.9219412701496,35.3195198976091],[-80.9218622697356,35.3195198980746],[-80.9217782709933,35.3195058981203],[-80.9217332697595,35.3194918987005],[-80.9216462709797,35.3194838978493],[-80.9216042704743,35.3194968975396],[-80.9215432702278,35.3195238978829],[-80.9214592699924,35.3195408981029],[-80.9214112699277,35.3195288981492],[-80.9212992701857,35.3195278980636],[-80.9211702702541,35.3195188979113],[-80.9211242697431,35.319518898231],[-80.921086269828,35.3195098987867],[-80.9210322698291,35.3195038985641],[-80.9209822693789,35.3195058980554],[-80.9209202696178,35.3195018982406],[-80.920873270643,35.3194918982165],[-80.9208072699539,35.3194878986904],[-80.9207762703975,35.3194778982207],[-80.9207492697058,35.3194788980874],[-80.9207222708609,35.3194748975397],[-80.920558270468,35.3194728984162],[-80.9204502697036,35.319493898548],[-80.9203752695862,35.3194968983095],[-80.9203312692046,35.3194928985869],[-80.9202412701343,35.3194968979675],[-80.9201992702203,35.3195048985822],[-80.9201512701014,35.3195208979086],[-80.9200382692672,35.3195988979512],[-80.9199352698924,35.3196588980926],[-80.9198902696131,35.3196948981516],[-80.9197702694632,35.3197658987285],[-80.9197022700945,35.3198578985849],[-80.9196702700177,35.319928897992],[-80.9196582699955,35.3199968980514],[-80.9196562701249,35.3200458975673],[-80.9196372695853,35.320076898863],[-80.9196372695235,35.3201278980257],[-80.9196282690285,35.3201618982776],[-80.9196062692326,35.3201898987351],[-80.9195642701894,35.3202138983319],[-80.9195422697034,35.3202338987251],[-80.9194712691828,35.3202488981787],[-80.9193542699243,35.3202638981047],[-80.9193352698843,35.3202738988398],[-80.919215269419,35.3203918984177],[-80.9189352703952,35.3205618986563],[-80.9188302696738,35.3205868989427],[-80.9187692695473,35.3205858989934],[-80.9187242694258,35.3205788986054],[-80.9186892693525,35.3205678988758],[-80.9185392700271,35.3204978978004],[-80.918499269179,35.3204848981055],[-80.9184502691213,35.3204798985597],[-80.9183272696116,35.3204858988113],[-80.918117268702,35.3204428980929],[-80.9180242694353,35.320413899011],[-80.9178802685005,35.3203528985588],[-80.9177922694057,35.3203218978662],[-80.9176752695024,35.3202988992718],[-80.9174792697482,35.320280897625],[-80.9173682691562,35.3202658984775],[-80.9172532692554,35.3202378989957],[-80.9171032688503,35.3202088981762],[-80.9169712689079,35.3201888980129],[-80.9168762695598,35.3201818985482],[-80.9167602687138,35.3201678985438],[-80.916456268754,35.3200928983748],[-80.9163652686059,35.3200598983759],[-80.9163062688364,35.3200248988786],[-80.9162502685695,35.320005898892],[-80.9161372683021,35.3200168986713],[-80.9160652688937,35.3200058984406],[-80.9159892694163,35.3199528982622],[-80.9159462683129,35.3199448986899],[-80.9159122688414,35.3199558980476],[-80.9158782679227,35.3199758982718],[-80.9158352688443,35.3200238990286],[-80.9157712681959,35.3201358988514],[-80.9156692688698,35.3202758989786],[-80.9156522686758,35.3203828978197],[-80.9156322681697,35.320424898689],[-80.9155682683848,35.3205228980497],[-80.9154772685109,35.3206318985962],[-80.9153542681562,35.3207088991445],[-80.9152352687475,35.3207588986541],[-80.9148702684183,35.3207468985904],[-80.914780267538,35.3207628989552],[-80.914736268519,35.3207628985526],[-80.9147072683937,35.3207458990257],[-80.9146872683312,35.3207168982237],[-80.9146562682806,35.3206998987469],[-80.9146112682995,35.3206898989544],[-80.9145742678701,35.3206868990674],[-80.9144932678401,35.3207078988503],[-80.9143842689471,35.3207428987966],[-80.9142752675518,35.3207338979368],[-80.9142472681259,35.3207208982889],[-80.9142092675894,35.320691898822],[-80.9141002676702,35.3206268983095],[-80.913990268962,35.3205848984249],[-80.9138382680934,35.3205038982437],[-80.9137162683475,35.3204318989022],[-80.9136562686836,35.3203688988674],[-80.9136312684876,35.3203328983058],[-80.9135782682625,35.3202738990094],[-80.913425267481,35.3200488978338],[-80.9133532679961,35.3199498990172],[-80.9132922675566,35.3199018986015],[-80.91326326804,35.3198848987262],[-80.9130532677562,35.3195618982329],[-80.9129882685233,35.3195338983069],[-80.9129642675088,35.3195158988531],[-80.9129432680091,35.3194858983367],[-80.9129202679095,35.3193848981744],[-80.9129382676822,35.3192368982241],[-80.9129602677711,35.3190848986142],[-80.9129792674176,35.3190008986151],[-80.9129712671134,35.3188528991093],[-80.912879267992,35.3186578988072],[-80.9127942673748,35.3185098983275],[-80.9127212672764,35.318422898347],[-80.9126432671838,35.3182918980984],[-80.9126322682927,35.3182608983734],[-80.9126082673329,35.3182338980006],[-80.9125732679689,35.3181688977244],[-80.9125532683602,35.3181428980567],[-80.9124782669656,35.318015897708],[-80.912415268235,35.3179208982329],[-80.9120252673456,35.3174078976403],[-80.9119982669472,35.3173778979397],[-80.9119122666722,35.3172478981082],[-80.9117972669792,35.3171688980189],[-80.9116892674436,35.3171268979096],[-80.9115262670475,35.3170478979322],[-80.9114302667915,35.3169718984256],[-80.9113902667293,35.3169478984733],[-80.9113702668461,35.3169278979844],[-80.9112582670576,35.3168578977803],[-80.9112442668898,35.3168408978352],[-80.9112232665647,35.3167968985215],[-80.91120726653,35.3167208976095],[-80.9114752680581,35.316712898058],[-80.9116772672405,35.3167008970848],[-80.911986267285,35.3166748984613],[-80.9121752676551,35.3166528982737],[-80.9123042672486,35.316631897573],[-80.9125232668595,35.316586897992],[-80.9127522672954,35.3165248978239],[-80.9130642679073,35.3164208978365],[-80.9134812675903,35.3162598975754],[-80.913728267738,35.3161548978524],[-80.9138892676072,35.3160758971431],[-80.9140902681876,35.3159578974025],[-80.9142582678195,35.3158428975275],[-80.9145582680086,35.3156238970195],[-80.9148122675489,35.3154228981187],[-80.914981268347,35.3152678972801],[-80.9151662677037,35.3150718972191],[-80.9154462676959,35.3147458973149],[-80.915865269022,35.3142358970045],[-80.9159452686838,35.3141188967803],[-80.9159942677147,35.3140278974053],[-80.9160232682946,35.3139578966713],[-80.9160702680194,35.3138098969742],[-80.916126268471,35.3135638966911],[-80.9161982684562,35.3131588968902],[-80.9162232677547,35.3129768962395],[-80.9162912687543,35.3123038973311],[-80.916303268294,35.3121318966389],[-80.9163072680559,35.3119048966178],[-80.9162952681481,35.3116908968796],[-80.9162542688974,35.3114258961042],[-80.9160342687896,35.3104098961902],[-80.9160282679322,35.3103278968636],[-80.9160402683025,35.3102668963361],[-80.9177422690831,35.3109928970872],[-80.918311269054,35.3112418965418],[-80.9187302692171,35.3114168967005],[-80.9190172694709,35.3115248962271],[-80.9192752694481,35.3116048959938],[-80.9193862688559,35.3116338972181],[-80.919583269374,35.3116748970803],[-80.9197932693795,35.3117068961303],[-80.9199932692209,35.3117288966255],[-80.9201642695692,35.3117418959374],[-80.9217112703273,35.3117958964282],[-80.922106270065,35.3117998967149],[-80.922331270455,35.3117898965287],[-80.9224102695734,35.311782896378],[-80.9225542702778,35.3117638968711],[-80.9227412699984,35.3117228965327],[-80.9228362693864,35.3116978963471],[-80.9229392699683,35.3116648960762],[-80.9230362702417,35.3116278967454],[-80.9232352699748,35.3115378958242],[-80.9235282702969,35.3113758964773],[-80.9239462710244,35.3111338958638],[-80.9250232713427,35.3104898965639],[-80.925258270529,35.3103448962526],[-80.9253552711429,35.3102858954469],[-80.9258392705062,35.310004896634],[-80.925976270314,35.3099258959296],[-80.9261102704048,35.3098488965935],[-80.9368062748184,35.3185858969053],[-80.9368752748029,35.3184548975817],[-80.9369262750315,35.3183668968422],[-80.9369442744409,35.318298897139],[-80.9369642748697,35.3182138968987],[-80.9370662752606,35.3180788974739],[-80.9370962741616,35.3180128967474],[-80.9371412753557,35.3179388966769],[-80.9371682749107,35.3178798972167],[-80.9371882751102,35.3177748980488],[-80.9372362750136,35.3176918977606],[-80.9372542747799,35.3176728975533],[-80.9372822748014,35.3176148972843],[-80.9374002755513,35.3174048970917],[-80.9374322743993,35.3173658967106],[-80.9374952747514,35.3172438973787],[-80.9375472742276,35.317156897378],[-80.937577275183,35.3171208970602],[-80.9376292750028,35.3170698978955],[-80.9376902746384,35.3169888974777],[-80.9377652746241,35.3169848969665],[-80.9377872751305,35.3169308974905],[-80.9378862755543,35.3168318974965],[-80.938028275194,35.3167498973167],[-80.9380862748886,35.316722896886],[-80.9381212751769,35.3167158973489],[-80.9384612755114,35.3165708968551],[-80.9386652744553,35.3165088968445],[-80.9387272753054,35.3164948974603],[-80.9387862756017,35.3164798974951],[-80.9388632753372,35.3164568968421],[-80.938943275192,35.3164358965913],[-80.9390052755628,35.3164168966707],[-80.9390772748315,35.3163988970021],[-80.9391612753698,35.3163688965617],[-80.939227275717,35.3163518962889],[-80.9392762750568,35.3163288965445],[-80.9395282750136,35.3162388973541],[-80.9396422751436,35.316199896662],[-80.9398402746921,35.3161478968621],[-80.9400262758479,35.316083897204],[-80.940094275113,35.3160558961843],[-80.9401422754024,35.3160448973619],[-80.9403022752846,35.3159918961875],[-80.9404632755175,35.3159308966991],[-80.9405462752972,35.3159068971914],[-80.9406482753182,35.3158808962879],[-80.940808275285,35.3158258964347],[-80.9409102755603,35.3157858967012],[-80.941417275545,35.3156188964623],[-80.9415142756643,35.3155788961262],[-80.9416032764049,35.3155518964439],[-80.9417872759185,35.3154818960657],[-80.9418632763221,35.3154618965751],[-80.9419342761104,35.3154348967772],[-80.9419812763015,35.3154158969183],[-80.9420352768734,35.3153938968768],[-80.9420832762761,35.3153768969834],[-80.9421622762474,35.3153668959877],[-80.9422702764002,35.3153388968444],[-80.942343276865,35.3153118962705],[-80.9424192766462,35.3152928963362],[-80.9425152759474,35.3152598970145],[-80.9426792771217,35.3151958962721],[-80.9428342765736,35.3151458967762],[-80.9430302765446,35.3150858966016],[-80.9432672772143,35.3150218967512],[-80.9433242764377,35.3149978959885],[-80.9433592760203,35.3149788961184],[-80.9433812761253,35.3149688965886],[-80.9434392767855,35.3149468966316],[-80.9434932766496,35.3149178966326],[-80.943560276379,35.314881896035],[-80.943664275675,35.3148328961035],[-80.9437312771131,35.3148158962025],[-80.9440932768811,35.3147928966501],[-80.9441292774697,35.3147838966228],[-80.9441902774315,35.3147548957261],[-80.9442342761551,35.3147168963571],[-80.9443422771947,35.3145748966881],[-80.944371276021,35.3145258957541],[-80.9443782761962,35.3145048963343],[-80.9443842766725,35.3144428962846],[-80.9443572767674,35.3143888960555],[-80.9443022763153,35.3143128958573],[-80.9442102772211,35.3142228968704],[-80.9441742762515,35.3141758961615],[-80.94413827641,35.3141108963028],[-80.9441182763982,35.3140558964435],[-80.9441302771214,35.3140278967914],[-80.9441592768368,35.3139938962077],[-80.9441872770801,35.313983896667],[-80.9441972768251,35.3139668964883],[-80.9442172761335,35.3138898967757],[-80.9442902766438,35.3138198956326],[-80.9443292768042,35.3137258963487],[-80.9443762762207,35.3136348963434],[-80.9443712762458,35.3135998953302],[-80.9443742760773,35.313540895367],[-80.944379276282,35.3135018955706],[-80.9444212772612,35.3134398962976],[-80.9444702768928,35.3133868955415],[-80.94449927648,35.3133668961915],[-80.9445522765369,35.3133438958237],[-80.9446002766241,35.3133298954929],[-80.9446952774422,35.3132888958757],[-80.9447212767294,35.3132668952612],[-80.9448312770697,35.3132028958478],[-80.944895277659,35.3131508955252],[-80.9449322765466,35.3130958954654],[-80.9450662770248,35.312877896095],[-80.9450912773244,35.3128068964321],[-80.9451152766909,35.3127618958542],[-80.9452052767669,35.3126578957897],[-80.9452282776016,35.3126078954892],[-80.9453422775606,35.3124438952695],[-80.9454202765873,35.3122928958901],[-80.9454372768337,35.3122428963726],[-80.9454632778433,35.3121938955077],[-80.9455202769221,35.3121268960818],[-80.9455782776451,35.3120648962716],[-80.9456732770597,35.3119368953975],[-80.945692277385,35.311884895454],[-80.9456992773991,35.311850896316],[-80.945749276793,35.3117028954726],[-80.9458322768417,35.3115718955112],[-80.9459102768403,35.3115048956244],[-80.945984277027,35.3114738960234],[-80.9460412775081,35.3114808953617],[-80.9460942764175,35.3114718956351],[-80.9461522777056,35.3114558955178],[-80.9461682773012,35.311441894909],[-80.9462072770542,35.3113928959323],[-80.9462382775474,35.3113328958515],[-80.9463222772733,35.3111148951933],[-80.9463392769982,35.3110638956319],[-80.9463942768593,35.3108858954779],[-80.9464252775771,35.3108238955305],[-80.9464742776481,35.3107428948209],[-80.9465182772564,35.3106818949745],[-80.9465892765361,35.3105998950138],[-80.946658277177,35.3105578961791],[-80.9467162779525,35.3105368953721],[-80.9468912777492,35.3104618950474],[-80.946986277784,35.310435895693],[-80.9471962771093,35.3103998954793],[-80.9472972771895,35.3103738949664],[-80.9474542773175,35.3103168956978],[-80.947568276807,35.3102978952859],[-80.9476232775989,35.3102938955481],[-80.9476592784093,35.3102918955429],[-80.9477372776215,35.3102598955282],[-80.9478042775804,35.310247894625],[-80.9478802775048,35.3102438959966],[-80.9480342779041,35.3102278951425],[-80.9481172777666,35.3102068945062],[-80.9481992780202,35.3101978952018],[-80.9484432780681,35.3101698949821],[-80.9486202784359,35.3101528948546],[-80.9487172782436,35.3101318948189],[-80.9487832779089,35.3101118949182],[-80.9488982779395,35.3100518946525],[-80.9489512775981,35.3099988952136],[-80.949003277333,35.3099458956149],[-80.9490382780247,35.3098718948483],[-80.9490852778589,35.3098028951948],[-80.9491562779819,35.3097218953546],[-80.94919127807,35.309644894838],[-80.9492442778356,35.3094798944081],[-80.9492682777844,35.3093778948421],[-80.9492992776007,35.309289894831],[-80.9493422781753,35.3092318952611],[-80.9493832778896,35.3091508949527],[-80.949421278662,35.3090578944823],[-80.9494662780614,35.3089748948598],[-80.949481278044,35.3089278950487],[-80.9495592780826,35.3087308953643],[-80.9495872772956,35.3086358955608],[-80.949620278706,35.3085928949269],[-80.9496582787089,35.3085008942797],[-80.9496732783467,35.3084778948251],[-80.9496942785161,35.3084248945217],[-80.9497422775043,35.3083528950041],[-80.9497952786404,35.3083098941616],[-80.9497792786442,35.3082838946453],[-80.9497732783799,35.3082658947268],[-80.9497792784686,35.3082048950763],[-80.9497922776932,35.3081658951011],[-80.949813278419,35.3080298946728],[-80.9498302777634,35.3079918941979],[-80.9498722780406,35.3079548940608],[-80.9499082782006,35.3079368940237],[-80.9499792774449,35.3079108946455],[-80.9500062786043,35.3078998945614],[-80.9501862781655,35.3078038946607],[-80.9502782777463,35.307773895372],[-80.9503242782182,35.3077508951098],[-80.9504942785277,35.3077488943494],[-80.9506272774898,35.3077328947996],[-80.9507722788814,35.3077258947192],[-80.9508412779973,35.3077098945294],[-80.9510002786232,35.3076898943886],[-80.9510702785938,35.3076688946517],[-80.9511402781105,35.3076548951084],[-80.9511932779165,35.307637893851],[-80.9512702789995,35.3076208944],[-80.9514362785003,35.3075528946148],[-80.9515622788778,35.3074508942772],[-80.9517032787032,35.3072798948984],[-80.951728278394,35.3072388944036],[-80.9517792789329,35.3072078939948],[-80.9520472789134,35.307131894493],[-80.9521232789003,35.3071018947441],[-80.9521782787509,35.3070748942193],[-80.9522392784612,35.3070538946355],[-80.9522952785836,35.3070188940247],[-80.9523932789398,35.3069768939715],[-80.9526502784613,35.3069178939367],[-80.9527482787146,35.3068638947428],[-80.9527822784979,35.306832893976],[-80.9528112788851,35.306758894098],[-80.9528092787997,35.3067388940098],[-80.9528142795969,35.3067188937173],[-80.9528562786427,35.3066668939615],[-80.9528912785942,35.306599894004],[-80.9529662790391,35.3064798941072],[-80.9529762792349,35.306457894509],[-80.9530272785792,35.3063828941802],[-80.9531012790383,35.3062958945367],[-80.9531822788445,35.3062328941496],[-80.9532352790893,35.306183894125],[-80.9532932791848,35.3060898934601],[-80.9533952791366,35.3059448946911],[-80.9534492789256,35.3058838940127],[-80.9534752788513,35.3058628940119],[-80.9535972786874,35.3057818944707],[-80.9538292788322,35.3056918942213],[-80.9539082795554,35.305631894639],[-80.9539202787734,35.305598893499],[-80.953958279017,35.3055618942149],[-80.9540712792973,35.3054348941219],[-80.9541102799271,35.3053998946808],[-80.9541252791797,35.3053808933555],[-80.9541662794816,35.3053208946614],[-80.9542062798262,35.3052978941382],[-80.9542802791026,35.3052418943927],[-80.9543782793935,35.3051578939653],[-80.9544562790403,35.3050998937433],[-80.9545622791917,35.3050428939979],[-80.9546362793656,35.3049978938648],[-80.9547062785708,35.3049438942141],[-80.9547632795373,35.3049138938077],[-80.9549312797199,35.3047778938833],[-80.955029279245,35.3046718941036],[-80.9551762786234,35.3045748937933],[-80.9552902802399,35.3045048934469],[-80.9554682789146,35.3043478937602],[-80.9556432798834,35.3042238931016],[-80.9556892789539,35.3042018942641],[-80.9557262791033,35.3041508938404],[-80.9557482793094,35.3041128937233],[-80.9557612797436,35.3040718931917],[-80.9557692791997,35.3040028940422],[-80.9557562796072,35.303901893592],[-80.9557972794931,35.3035578932501],[-80.9558212794503,35.3034418934398],[-80.9558382796475,35.3033958936741],[-80.9558612793455,35.3033028934059],[-80.9558662797445,35.3032448929545],[-80.9558982793921,35.303131893446],[-80.9559332794379,35.3030668941139],[-80.9559672799948,35.3029578934368],[-80.9560092799993,35.3028608931191],[-80.9560382792076,35.3028088938914],[-80.9560852797772,35.3027698938344],[-80.9561272803504,35.30271689291],[-80.956176279246,35.30266389341],[-80.956226279764,35.3026338935668],[-80.9562912788657,35.3026038930044],[-80.9563962799075,35.3025778930504],[-80.9564582792882,35.3025718935198],[-80.9565062796783,35.3025738940055],[-80.9565362802994,35.3025878929776],[-80.9565732793523,35.3026088935993],[-80.9566352795597,35.3027438932842],[-80.956641280243,35.3027958932899],[-80.9566562796703,35.3028568930885],[-80.9566842791606,35.3029268938329],[-80.9567132801459,35.3029558930756],[-80.9567642800601,35.3029948928892],[-80.9568572801756,35.3030488932049],[-80.956900279163,35.3030628938947],[-80.9569862793605,35.3031208932641],[-80.9570512806124,35.3031528936267],[-80.95714627956,35.3031838942424],[-80.9572172796148,35.3031998937321],[-80.9572932792563,35.3032108930772],[-80.9575762796384,35.3032228925799],[-80.9576852793734,35.3032188933182],[-80.9578032800275,35.3032088932436],[-80.9578462803184,35.3031988940377],[-80.9578982809446,35.3031788935791],[-80.9579162807322,35.3031578939155],[-80.957936280818,35.3031228938767],[-80.9579692804524,35.3030438933338],[-80.9579862798597,35.3029858934831],[-80.958001280317,35.3028078939702],[-80.9580272803957,35.3027198929355],[-80.958072280702,35.3026458934681],[-80.9581212795804,35.3024828926835],[-80.9581372795858,35.3024288932611],[-80.9581372798365,35.3024018930903],[-80.9581462800887,35.3023668932808],[-80.9581482806836,35.3022248932057],[-80.9581712809177,35.3021388935679],[-80.9582192797737,35.3020498929277],[-80.9582872808173,35.3019988933801],[-80.9583482802329,35.301955892683],[-80.9584082803952,35.3019258933718],[-80.9584622803865,35.3018908923746],[-80.9585612801418,35.301865893723],[-80.9586262798718,35.3018718930002],[-80.9586692797436,35.3018938931966],[-80.9587872803801,35.3019388932812],[-80.9588592808872,35.3019878923552],[-80.9588892800388,35.3020248931238],[-80.9589012802803,35.3020528929031],[-80.9589212805655,35.3020828937972],[-80.9589762812658,35.302138893091],[-80.9590222805413,35.3021708932877],[-80.9591142804005,35.302233892801],[-80.9591272809713,35.3022488929196],[-80.959240279887,35.3023438930781],[-80.9593352805876,35.3023968934945],[-80.9593832809568,35.3024178937632],[-80.959440280525,35.3024368937271],[-80.9594562806893,35.3024498932419],[-80.9594972800808,35.3025038927714],[-80.9596842816152,35.3026808926579],[-80.9597082808088,35.3027258931153],[-80.9597732812388,35.3028018933295],[-80.9598982814284,35.302883893706],[-80.9599992816999,35.3029678927722],[-80.9601212807544,35.3030508927237],[-80.9601772803322,35.3031088931607],[-80.9602752810778,35.3031798939943],[-80.9603442807952,35.3032518935524],[-80.9604762808744,35.3033638935128],[-80.9606102809876,35.3034638936284],[-80.9606552808938,35.3034838933956],[-80.9607232812484,35.3035468935401],[-80.9607752808728,35.3035878933537],[-80.9608202814267,35.3036358931319],[-80.9608412810837,35.3036698933884],[-80.9608802811552,35.3037148932251],[-80.9609162810099,35.3037468932672],[-80.9609382814599,35.3037598936929],[-80.9611332810634,35.3039098933299],[-80.9612972809001,35.3040198936411],[-80.9613472809142,35.3040438929357],[-80.9613802814974,35.3040668935824],[-80.9615652815241,35.304253893272],[-80.9616262819472,35.3042988935029],[-80.9617102809658,35.3043418936519],[-80.9618112808611,35.3044098936501],[-80.9618822814095,35.3044568929326],[-80.9619642815931,35.304481893621],[-80.9620362811492,35.3045138933593],[-80.9621072816914,35.3045508943503],[-80.9621512821012,35.3045658940087],[-80.9622022817276,35.3045858933621],[-80.9622642818811,35.3045848940051],[-80.9623162823167,35.3045788930491],[-80.9623812809988,35.3045468939193],[-80.9625052819644,35.3043798932762],[-80.9625892817506,35.3042198928507],[-80.9626822822309,35.3041368934449],[-80.962901282476,35.3040088932659],[-80.9629452819935,35.3039738937096],[-80.9629812817343,35.3039438926279],[-80.963004281947,35.3039168937326],[-80.9631062818499,35.3038338932439],[-80.9631832818892,35.3037628938652],[-80.9632362818951,35.303687893549],[-80.9633262813357,35.3035948927206],[-80.9633642812067,35.3035688938764],[-80.9634902826747,35.3034848934446],[-80.9635252823733,35.3034698934876],[-80.9637472820471,35.3033608926961],[-80.9638422818708,35.3032998930417],[-80.9639092819004,35.3032658932419],[-80.9639422824865,35.3032408931563],[-80.9640432825449,35.3031848929238],[-80.9641192821976,35.3031378933906],[-80.9643102820768,35.3030838924935],[-80.9643802814997,35.3030618931422],[-80.9644952821463,35.3030068924947],[-80.964624281916,35.3029248924998],[-80.9648692822823,35.3027458934425],[-80.9649752823634,35.3026848928767],[-80.9650982824179,35.3026538930329],[-80.9651462819894,35.302632893144],[-80.9654032825458,35.3024378926256],[-80.9654572817355,35.3023868926677],[-80.9655302830218,35.3023338936579],[-80.965716282645,35.3021318933791],[-80.9657302824121,35.3021068929069],[-80.9657622821306,35.3020838921385],[-80.9658232823458,35.3020658925034],[-80.9659072830759,35.3020608923612],[-80.9660722824084,35.3020698929122],[-80.9661442819997,35.3020868924999],[-80.9662862824821,35.3021338930529],[-80.9664592827836,35.3021628929367],[-80.96652828257,35.3021658927216],[-80.9665992820587,35.3021628929995],[-80.9666802825809,35.3021538927337],[-80.9668002833582,35.3021108931723],[-80.9669732825502,35.3020508924323],[-80.9670022833894,35.3020438925904],[-80.9675242833809,35.3019138930449],[-80.9677162828953,35.3018258924981],[-80.967914282839,35.3017288923151],[-80.9679982836331,35.3016778931379],[-80.9680912830768,35.3016368927741],[-80.9681902835151,35.3015508926897],[-80.9684082829415,35.301422893097],[-80.9685152838297,35.3013958924973],[-80.9686372830809,35.3013828927989],[-80.968739282876,35.3013798926711],[-80.9687992832847,35.3013668928879],[-80.9688742832065,35.3013428927095],[-80.9690272843611,35.3012958919982],[-80.969078283549,35.3012548922545],[-80.9691232842042,35.3012158924862],[-80.969262283887,35.3011158932177],[-80.9694192844052,35.3010548931488],[-80.9694442834675,35.3010458921683],[-80.9696052837351,35.3009768924415],[-80.9697982838934,35.3008698919974],[-80.9698682840597,35.300819892858],[-80.97006128367,35.300722892879],[-80.9701532836582,35.3006928926236],[-80.9702422839196,35.300637892],[-80.9702952841683,35.3006188923153],[-80.9704552837427,35.3005798923527],[-80.9706462844293,35.3005148921787],[-80.9707602834303,35.3004718916218],[-80.9708602837172,35.300424892882],[-80.9709792845081,35.3003828926525],[-80.9710722836914,35.3003188920395],[-80.9711212846307,35.3002618920287],[-80.9711752842043,35.3000898923089],[-80.971198284533,35.2999698921201],[-80.9712462838366,35.2998578926216],[-80.971275284541,35.2997368921833],[-80.9713312834923,35.2996568920272],[-80.971398283913,35.2995468921552],[-80.9714512838906,35.2993778920472],[-80.9715012837259,35.2992528925866],[-80.9715062844883,35.2992178918736],[-80.9715132840896,35.2991638918932],[-80.9715622836296,35.2990948918855],[-80.9716112838593,35.2990488915616],[-80.9717532839954,35.2989878918872],[-80.9718372836513,35.2989568926503],[-80.9719412843686,35.2989588918954],[-80.9720102835078,35.2989798914049],[-80.9720632845684,35.2989908917914],[-80.9722882836722,35.2989958923287],[-80.9725452843867,35.2989898923132],[-80.9726372836173,35.2989808918328],[-80.9727272846108,35.2989968927269],[-80.9728082851406,35.2990198917108],[-80.9729852843044,35.2990848922447],[-80.9731112847481,35.2991938919757],[-80.9731592845597,35.2992538914196],[-80.9731812847925,35.2993718918714],[-80.9731812853405,35.2994438925623],[-80.9731622851067,35.2995288915755],[-80.9731162843852,35.2996958922055],[-80.9730312840207,35.2998418919029],[-80.9729632846099,35.3000148924556],[-80.9729562845886,35.3000868918032],[-80.9729702853914,35.3001978916242],[-80.9730112841179,35.3002768916848],[-80.9730682850817,35.3003508919812],[-80.9731012849637,35.3004088917269],[-80.9731652848214,35.3004928924233],[-80.9733122850712,35.3005728922652],[-80.9734542852202,35.3006618923699],[-80.9735062846866,35.300694892048],[-80.9736362850593,35.3009148926335],[-80.973696285012,35.3010048918958],[-80.9738332848051,35.3011738918951],[-80.9740242853364,35.3013498915903],[-80.9741052852259,35.3014048931626],[-80.9741612855304,35.3014378922524],[-80.9743362849526,35.3014538918667],[-80.9744092844598,35.3014378921798],[-80.9744912844974,35.301398892014],[-80.97459228463,35.3013668923562],[-80.9747852849083,35.3012908918923],[-80.9749172844815,35.3012258924415],[-80.9749942843097,35.3011588921661],[-80.9750492857118,35.3010558914873],[-80.9750812850838,35.3009088922],[-80.9751252855576,35.3008318927661],[-80.975144285101,35.3007468916444],[-80.9750922847867,35.3004968924306],[-80.9750442851534,35.3003958920196],[-80.9750172853887,35.3003058924646],[-80.974967284807,35.3002408925619],[-80.9748002848748,35.3000778920993],[-80.974711285637,35.3000208918068],[-80.9746092855278,35.2998538925125],[-80.9745802850328,35.2998148920372],[-80.9744812854636,35.2997078914832],[-80.9744192852433,35.2994278927646],[-80.9744242847869,35.2993288922951],[-80.9744892850556,35.2992248920552],[-80.9745372853105,35.299102892042],[-80.9745612847916,35.2990648917675],[-80.9746832844606,35.2990258918417],[-80.9749482853777,35.2989928921147],[-80.9750122850572,35.2989768918586],[-80.9751442852844,35.2989568925172],[-80.975203285261,35.2989558921276],[-80.9752492849294,35.2989468917384],[-80.9754482851551,35.2989688915781],[-80.9754782856376,35.2989828913098],[-80.9755082850311,35.2989968910519],[-80.9755652851449,35.2990168914754],[-80.9757362855502,35.2990758917742],[-80.9758582846134,35.2990998913157],[-80.9761152852838,35.2991398913144],[-80.9761662853791,35.2991628917428],[-80.9763232862869,35.2992968920879],[-80.9764242863917,35.2994418920722],[-80.9764622861611,35.2994678915432],[-80.9765142850803,35.299524891404],[-80.9765582857659,35.2995418919674],[-80.9766252852414,35.2995538916702],[-80.9766782857963,35.2995488914967],[-80.9767382861661,35.2995728916247],[-80.9769122860182,35.2996248915368],[-80.9769912855138,35.2996568925661],[-80.9771142859032,35.2996948921875],[-80.9771862855521,35.2997088918001],[-80.977246286056,35.2997208918528],[-80.9773812864479,35.2997558920598],[-80.977443286562,35.299747891807],[-80.9774692855405,35.2997418914808],[-80.9775162857316,35.2997278914729],[-80.977621285939,35.2996748924949],[-80.9776952860787,35.2996268917343],[-80.9777562861653,35.2995768924821],[-80.977815286574,35.2995358916971],[-80.9780792862124,35.2994068911405],[-80.9781492860826,35.2993798922578],[-80.9781812857227,35.2993378916257],[-80.9782652861646,35.2992548916329],[-80.9783042868465,35.2992108912586],[-80.978398286082,35.2991338913502],[-80.9785752862587,35.2989638912382],[-80.9786202867365,35.2989068921444],[-80.9788052861378,35.2987028911097],[-80.9789222855351,35.2986168916369],[-80.9790062861142,35.2985468917371],[-80.9790502860557,35.2984878909705],[-80.9790802864279,35.2984008916068],[-80.9791182859761,35.2983348912415],[-80.9791272861291,35.2983128912415],[-80.9791442860062,35.2982458916085],[-80.9793902865128,35.2984118909512],[-80.9796242861501,35.298562890809],[-80.9797262866751,35.2986258917039],[-80.9798382874048,35.2986938917373],[-80.9800792867382,35.2988288913017],[-80.9802922864573,35.2989368909359],[-80.9804222871912,35.2989948908487],[-80.9805502866338,35.2990538917161],[-80.9808622867288,35.2991838918289],[-80.981133286957,35.2992848920007],[-80.9816132870946,35.2994278917207],[-80.982077287219,35.2995538915309],[-80.983788287382,35.3000248924407],[-80.9852782885332,35.300433892336],[-80.9857272883503,35.3005998917432],[-80.9864722887697,35.3008888914136],[-80.98694928862,35.3010488918313],[-80.9873322889724,35.3005768911809],[-80.9875062889463,35.3003728921648],[-80.9875742894197,35.3003318920964],[-80.9879052892352,35.3001008915789],[-80.9880402892286,35.2999988919924],[-80.9885702898713,35.2996238911226],[-80.9893412884829,35.2990878914451],[-80.9895102900546,35.298981891724],[-80.9897252894223,35.2988628916311],[-80.9899862897894,35.2987358913298],[-80.9901502899472,35.2986628915775],[-80.9903632890983,35.2985808911289],[-80.9906842900731,35.2984768908889],[-80.9909242901916,35.2984098913863],[-80.9909602899438,35.2984018906598],[-80.9911342895636,35.298362890768],[-80.9913552902962,35.2983288907402],[-80.9914692904549,35.2983148913533],[-80.9915272894223,35.2983108916091],[-80.9919172898204,35.2982828906518],[-80.9922022900743,35.2982738915635],[-80.9923412908408,35.2982758915371],[-80.9933352907936,35.298330891139],[-80.9969842915942,35.2985058908971],[-80.9972662924205,35.2985198913362],[-80.9977142919496,35.2985458912649],[-80.9986982927874,35.2985858905961],[-80.9991552913926,35.2985928906396],[-80.9996162921393,35.2985848908564],[-80.9999292920681,35.2985678905895],[-81.0002672927251,35.2985368906062],[-81.0008222925634,35.2984708907308],[-81.0014782927408,35.2983658908936],[-81.0019042929617,35.2982868908275],[-81.0027722932332,35.2981318899198],[-81.0030532937042,35.2980788900507],[-81.003839294366,35.2979388906233],[-81.0038572934375,35.2979358905124],[-81.0035902935939,35.2983838906275],[-81.0034122942104,35.2986538912335],[-81.0032342943026,35.2989228907365],[-81.0030642934091,35.2991738907656],[-81.0028932935243,35.2994238909085],[-81.0027232938527,35.299674891283],[-81.0025522929672,35.2999248909036],[-81.0023822933961,35.3001758907402],[-81.0022442930077,35.3004418918286],[-81.0021062931786,35.3007088908346],[-81.0019692933319,35.3009758911537],[-81.0018312935352,35.3012418916785],[-81.0017402936411,35.301529891224],[-81.0016502932805,35.3018188911971],[-81.0016022936018,35.3022858920635],[-81.0015992927581,35.3025608911724],[-81.0015952932485,35.3028358914488],[-81.0016022935017,35.3031218919625],[-81.0016082936075,35.3034068919499],[-81.001547293598,35.3039348913508],[-81.0014572931983,35.3042018919821],[-81.0013662931008,35.3044678920025],[-81.0012302935171,35.3047828921476],[-81.0011642923829,35.304934891597],[-81.001015292564,35.3051688914623],[-81.0008762931845,35.3053858923245],[-81.0006682930609,35.3056028916672],[-81.0004602929717,35.3058198924284],[-80.9999972934519,35.3062158924837],[-80.9998082935805,35.3063298927577],[-80.9995362923801,35.3064688925664],[-80.9990202923163,35.3067828928293],[-80.9987162928323,35.3069428924306],[-80.9986222924444,35.3069928924969],[-80.9984112923776,35.3071028933384],[-80.9981062925431,35.3072618926286],[-80.9978012919144,35.3074218928558],[-80.9975272920687,35.3075928929524],[-80.9972522923433,35.307763892668],[-80.9969892920908,35.3079708935641],[-80.9967262926772,35.3081778929438],[-80.9964632922847,35.3083858925528],[-80.9962482922963,35.3086048927088],[-80.9960342917813,35.3088228931982],[-80.9958192917048,35.3090418934401],[-80.9956042915706,35.3092608932733],[-80.9953902920251,35.3094788934274],[-80.9951652912869,35.3097938937018],[-80.9949402917869,35.3101078935789],[-80.9947162918259,35.3104228926672],[-80.9945542918034,35.310698893259],[-80.9943932916486,35.3109748933633],[-80.9942312916307,35.3112508934589],[-80.9940702915093,35.3115268939709],[-80.9939532916459,35.3117918938014],[-80.9938362907156,35.3120558935995],[-80.9937192912473,35.3123198941368],[-80.9936022909977,35.312583893647],[-80.9934622907607,35.3129478939989],[-80.9933682916602,35.313250894301],[-80.9932752909569,35.3135548942079],[-80.9932062911964,35.3137798937035],[-80.9931822917578,35.3138588939903],[-80.9930892904906,35.3141618946975],[-80.9929952910923,35.3144658945119],[-80.9928692913382,35.3147958937826],[-80.9927422906881,35.3151258949296],[-80.992578291442,35.3154928945891],[-80.9924352909005,35.3157818944876],[-80.992293291494,35.3160708948455],[-80.9921502903301,35.3163608951652],[-80.9920072911633,35.3166498953408],[-80.9918072914375,35.3169958945393],[-80.9916332910305,35.3172988952132],[-80.9914472906735,35.3175888957456],[-80.9912872902987,35.3178358951793],[-80.9911272909021,35.3180818953503],[-80.9909672916377,35.3183278952805],[-80.9906472902285,35.3188198953744],[-80.9904872903049,35.3190658964032],[-80.9903272904693,35.3193118953887],[-80.9901672907879,35.3195578950348],[-80.9899612902885,35.3198008959353],[-80.9897552904811,35.3200428956322],[-80.9895492908221,35.3202858957558],[-80.9893442907892,35.3205278962995],[-80.9891862902934,35.3207128951772],[-80.9889322906054,35.3210128956495],[-80.9886642905186,35.3211968962038],[-80.9883962900592,35.3213798953349],[-80.9881292906569,35.3215628963474],[-80.9878612900319,35.3217458960486],[-80.987554290645,35.3219068970252],[-80.987247290021,35.3220678963176],[-80.9869412902109,35.3222278965118],[-80.9866342905056,35.3223888959892],[-80.9863272896295,35.3225498964862],[-80.986039289572,35.3227398965868],[-80.9857512892691,35.3229298959777],[-80.9855122895002,35.3231238970188],[-80.9852732894695,35.3233168967575],[-80.9850342896234,35.3235108968052],[-80.984796288683,35.3237048971162],[-80.9845572896679,35.3238978962503],[-80.9843182897507,35.3240918966126],[-80.9841122893784,35.3243068966951],[-80.9839032887521,35.3245268972965],[-80.9836982887998,35.3247438971787],[-80.9836252894088,35.324817896686],[-80.9832812888187,35.3251788976553],[-80.9830732887524,35.325395897741],[-80.9828662888933,35.3256138972031],[-80.9826582888294,35.3258308974237],[-80.9824482880857,35.3261168974084],[-80.9822402888132,35.3263998978732],[-80.9820262886686,35.3266888973058],[-80.9819152882683,35.3268398972504],[-80.9818162891882,35.3269758977649],[-80.9816902889364,35.3272228976861],[-80.9816592889872,35.3272858976822],[-80.9815022888427,35.3275968972634],[-80.9813632884862,35.3279048981596],[-80.9812242892547,35.3282128979412],[-80.9811262892653,35.3284338978028],[-80.9810862890536,35.3285208974166],[-80.9809472888646,35.328828898629],[-80.9809012886061,35.3291518982914],[-80.9808542889875,35.3294748980255],[-80.980807288851,35.3297968978185],[-80.9808182888831,35.3301928986611],[-80.9808482884196,35.3305558975281],[-80.9809432879264,35.3309548983241],[-80.9809922892925,35.3312868985376],[-80.9810392887065,35.3316048985262],[-80.981173289449,35.3319428990304],[-80.9813072889325,35.3322798985968],[-80.9814842893146,35.3325918983992],[-80.9816622890353,35.3329038996295],[-80.9818082888418,35.3331748988199],[-80.9819532893408,35.333444898955],[-80.9820992900098,35.333715898686],[-80.9822632885521,35.3339978992928],[-80.9824262891557,35.334279898883],[-80.9827052895791,35.3347288987036],[-80.9829972901245,35.3350848994845],[-80.983268289351,35.335302899524],[-80.9835382889396,35.3355218990171],[-80.9838312896335,35.3357288992359],[-80.9841242896409,35.3359358996751],[-80.984304289653,35.3360628990605],[-80.9844162898631,35.3361428995719],[-80.9846612898348,35.3363398989317],[-80.9846702906573,35.3363468995595],[-80.9847072902546,35.3363778989784],[-80.9848042903347,35.336455898962],[-80.9849982899753,35.3366118996121],[-80.985168290435,35.3369058996801],[-80.9851972903933,35.3369658992701],[-80.9853052895046,35.337223899851],[-80.9853762905715,35.3376268996889],[-80.9853942902581,35.3380888997151],[-80.9853742904776,35.3383698996122],[-80.9853182908095,35.3389448997698],[-80.9852022908653,35.3392769001426],[-80.9850612898366,35.3397079002862],[-80.9850232899273,35.3397899002465],[-80.9849132907831,35.3400309007845],[-80.9848972896203,35.3400658999609],[-80.9847432898667,35.3402809006816],[-80.9845662904787,35.3405299005565],[-80.9843322897971,35.3408199003864],[-80.9842552898633,35.3409169000316],[-80.9838962896076,35.341259900954],[-80.9834842896991,35.3416089006191],[-80.9831972895726,35.3417859003822],[-80.9829102905896,35.3419639002255],[-80.9826232892725,35.3421419003021],[-80.9822732899055,35.3423169003023],[-80.9819222898999,35.3424919003044],[-80.9814742896433,35.3426599015559],[-80.9811052900618,35.3427659008968],[-80.9807362895625,35.3428719009141],[-80.980367289084,35.3429769007881],[-80.9799982889315,35.3430829012213],[-80.9796292889391,35.3431889014116],[-80.9792602890849,35.343294900458],[-80.9789002886286,35.3433749008528],[-80.9788512889605,35.3433859013716],[-80.9785412878693,35.3434559008706],[-80.978181288237,35.343535900893],[-80.9778212880485,35.3436169015475],[-80.9773502876873,35.3437599018791],[-80.9768792878919,35.3439029012411],[-80.9765682878148,35.3440119017893],[-80.9762572880042,35.344120901519],[-80.9759492876341,35.3442609016591],[-80.9758102884374,35.344323901341],[-80.9756422875004,35.3443999010103],[-80.9751152875678,35.3447159015075],[-80.9747562868616,35.345047901431],[-80.974437288391,35.3453969011553],[-80.9741332877997,35.3458049012847],[-80.9739562872239,35.3461589013338],[-80.9737722873579,35.3466209025174],[-80.973663287036,35.3471609017679],[-80.9736402865433,35.3473119017342],[-80.9736222872456,35.3474389019427],[-80.9735812871751,35.3477169020885],[-80.9735472878136,35.347991902059],[-80.9735132871441,35.3482669029244],[-80.9734652872584,35.3485449024947],[-80.9734172870445,35.3488229020309],[-80.9732812876407,35.349301902899],[-80.9731762870123,35.3495879021208],[-80.9730052876147,35.3498859028454],[-80.972803287067,35.3501159027982],[-80.9726732871035,35.3502639031414],[-80.9726002872036,35.3503449034289],[-80.9724622873203,35.3504519026479],[-80.9722412877814,35.3506219031638],[-80.9718672875265,35.3508499029087],[-80.9713792872028,35.3510509036914],[-80.9710022868614,35.3511899034513],[-80.9706242860314,35.3513299037605],[-80.9702822868111,35.3513869036903],[-80.9699402860332,35.3514439035734],[-80.96937128607,35.3514529026416],[-80.9688672867019,35.3513789033023],[-80.9685342866174,35.3513069030259],[-80.9682022864063,35.35123490273],[-80.9678822860544,35.3511289030082],[-80.9675712864224,35.3510269028355],[-80.9670912857682,35.350800903209],[-80.9668212861061,35.3506269036189],[-80.9665512853773,35.3504529025556],[-80.9663002847805,35.3502449034291],[-80.9660502846781,35.3500379036867],[-80.9658302846976,35.3498139025443],[-80.9656182850938,35.3495979029359],[-80.9653222847508,35.3492749033624],[-80.9650342846107,35.3489609031427],[-80.964759284839,35.3486379024087],[-80.9644842850952,35.3483149028685],[-80.9642002844939,35.3480139030653],[-80.9639152845758,35.3477129025838],[-80.9635542841658,35.3474059022905],[-80.9632532834538,35.3472229024264],[-80.9629302840882,35.3470979025644],[-80.962542284173,35.3470319020998],[-80.9624132841426,35.3470419026404],[-80.9621442834861,35.3470529020703],[-80.9618242832876,35.3471429027952],[-80.9614362832193,35.3473049026499],[-80.9610362827086,35.3475769021504],[-80.9607742836096,35.3477979026007],[-80.9607012839521,35.3478589030485],[-80.9605112837812,35.348019903217],[-80.9602492840504,35.3482409033787],[-80.9599872838846,35.3484629028461],[-80.9597252835247,35.3486839027213],[-80.9593782829458,35.348916903268],[-80.9590322829152,35.349149902828],[-80.9586952835793,35.3493419025059],[-80.9583582828269,35.3495329031426],[-80.9579372826705,35.3497149025609],[-80.9575162830366,35.3498959032789],[-80.9570472822561,35.3500409035277],[-80.9567272826033,35.350152903504],[-80.9564062817406,35.3502649034591],[-80.9560362817434,35.3503479032448],[-80.9556672823224,35.3504319036642],[-80.9552972819764,35.3505149038766],[-80.9549282821561,35.3505989029263],[-80.9545582823834,35.3506829034466],[-80.9542222822112,35.3507279039327],[-80.953885281146,35.3507739041912],[-80.9535492811568,35.3508199035928],[-80.9532132808308,35.3508659038647],[-80.9528772812464,35.3509119040881],[-80.9524612818285,35.350944903801],[-80.9520452810162,35.3509779039058],[-80.9516812811753,35.3509779032308],[-80.9513172813775,35.3509779032648],[-80.9509522799417,35.3509789038045],[-80.9505362811392,35.3509609040213],[-80.9500982802198,35.350942903533],[-80.9496702806609,35.3509259036034],[-80.949334280882,35.3508909042679],[-80.9486632801198,35.3508219037756],[-80.948327280147,35.3507869034672],[-80.9479912794066,35.3507519040471],[-80.947656279311,35.3507169038422],[-80.9473162798432,35.3506949041651],[-80.9469752793753,35.3506719034997],[-80.946635279223,35.3506499037317],[-80.9462952795342,35.3506269031106],[-80.9459552798186,35.3506049041381],[-80.9456152794748,35.3505819043302],[-80.9452752790528,35.3505599043684],[-80.944935279111,35.3505369035534],[-80.9445952791042,35.3505149034858],[-80.9440252784111,35.3505179039753],[-80.9436352787615,35.3505889038463],[-80.9434022784378,35.350631903495],[-80.94292727867,35.3507549038823],[-80.9426472783031,35.3508569038981],[-80.9425122775271,35.350905903956],[-80.9421172789175,35.3511299041606],[-80.9419812776711,35.3512369035608],[-80.94179527789,35.3513839046861],[-80.9414722777843,35.3516379040921],[-80.9412342786167,35.3518419047277],[-80.9409962782336,35.3520459039864],[-80.9407572774251,35.3522499043502],[-80.9406472768185,35.3523439045044],[-80.9405192779949,35.3524539044052],[-80.940280277366,35.3526569047792],[-80.94004227777,35.3528609047471],[-80.9397892773075,35.3530789048692],[-80.9395362769513,35.3532959045375],[-80.9392832774667,35.3535129045344],[-80.9390892770796,35.3536799045712],[-80.9390302777537,35.3537299048773],[-80.9387572773174,35.3539479045347],[-80.9384842776392,35.3541659044337],[-80.9382102772396,35.354383905268],[-80.9378792773895,35.3546179047943],[-80.9375482774907,35.3548529050711],[-80.9372182760885,35.3550879046663],[-80.9368962765463,35.3553049053775],[-80.9368612770884,35.3553289050937],[-80.9365042770939,35.3555699053416],[-80.9361942767317,35.3557699053069],[-80.9358852763867,35.3559699055993],[-80.9355762760333,35.3561689051804],[-80.9352662766706,35.3563689053639],[-80.9349572762324,35.3565689058998],[-80.9345792762125,35.3567549053017],[-80.9342022760389,35.3569409055608],[-80.9339232762787,35.3570659050633],[-80.9338552757135,35.3570969060186],[-80.9335072758424,35.35725290608],[-80.9334222764287,35.3572839057662],[-80.9331762755388,35.3573709058185],[-80.932845275841,35.3574879056362],[-80.932263275996,35.3576449064362],[-80.931647275384,35.3577639060607],[-80.9312782749229,35.3577909059415],[-80.9309102757814,35.3578179058677],[-80.930453275346,35.3577439065912],[-80.9299962740431,35.3576689066288],[-80.9295622753946,35.357578905435],[-80.9291162738808,35.3575449064143],[-80.9286732751579,35.3575109066462],[-80.9282432749838,35.3575249058833],[-80.9279002736629,35.3575829056526],[-80.9275562742452,35.3576419057847],[-80.9272122743497,35.357700905841],[-80.9268442735064,35.3577939059637],[-80.9264762745878,35.3578859068372],[-80.9261512739188,35.3579819060134],[-80.9258272735026,35.3580769065485],[-80.9254682729566,35.3582079057287],[-80.9251062732915,35.3583389063945],[-80.9247502740125,35.3584679064311],[-80.9244472725971,35.3586379056975],[-80.9241442738313,35.3588069069546],[-80.9236362731554,35.3591619065282],[-80.9232172731664,35.3595429065619],[-80.9231392735683,35.3597159062851],[-80.9230452730128,35.359923907143],[-80.9230012726577,35.3602479065404],[-80.923010273603,35.3604959072364],[-80.9230652736866,35.3606549073215],[-80.9232562735323,35.3608899077327],[-80.923495272757,35.3610919069351],[-80.9237352736762,35.3612939069039],[-80.9241672734377,35.3615719073562],[-80.9245772732045,35.3617589070794],[-80.924753274233,35.3618389074123],[-80.9253122737171,35.3620499072089],[-80.9256622747709,35.3621639063999],[-80.9260122740983,35.362276907437],[-80.9264292734416,35.3623979070994],[-80.9268862737589,35.3625279074789],[-80.9271732744255,35.3625839071761],[-80.9275002747369,35.3626479073646],[-80.9281832744378,35.3627899064282],[-80.9285402745434,35.362867907247],[-80.9289832745978,35.3629339070519],[-80.9294262754354,35.3629999079402],[-80.9298462752121,35.3630249066445],[-80.930266274856,35.3630509073946],[-80.9308232760786,35.3631079066563],[-80.9312042753113,35.3631109069609],[-80.9315352754913,35.3631149077611],[-80.9319572757023,35.3630909069669],[-80.9324122761606,35.3630389062563],[-80.9324372759896,35.3630329076378],[-80.9327472764783,35.3629649071762],[-80.9330822768445,35.3628919070481],[-80.9336772755845,35.3627289063493],[-80.9342662761961,35.3624999065285],[-80.9347562768074,35.3622809065703],[-80.9350752770456,35.3621599064481],[-80.9354842766766,35.3621079065127],[-80.9358802766457,35.3621169060275],[-80.9362722767065,35.3622119073426],[-80.9366642776832,35.3623069073878],[-80.9370562773968,35.3624019070997],[-80.9374102776437,35.3625319070333],[-80.9374772780891,35.3625569068129],[-80.9377632774409,35.3626619066193],[-80.9380832778995,35.3628079065212],[-80.9384032769516,35.3629549064071],[-80.9387512779046,35.3631559068375],[-80.9390982775196,35.3633579068757],[-80.9394382786751,35.3635689069746],[-80.939777278159,35.3637789069562],[-80.9401172784785,35.3639899070053],[-80.9404292778062,35.3641769072432],[-80.9407402780453,35.3643639064665],[-80.9410522788394,35.3645519068029],[-80.9413632787091,35.3647389071702],[-80.9415022795548,35.3648219070402],[-80.9416752783392,35.3649259069641],[-80.9420022791811,35.3650509067396],[-80.9423282794375,35.3651759072585],[-80.9426752787963,35.3652559069561],[-80.9430212791258,35.3653369071544],[-80.9433902802737,35.3653969076354],[-80.9437602792025,35.3654569072246],[-80.9441292792613,35.3655169063907],[-80.9445382793578,35.3655509073256],[-80.9449472797963,35.3655849068799],[-80.9453712803577,35.3656209065603],[-80.9457942801845,35.3656669071249],[-80.9462322802877,35.3657149067115],[-80.9466252807932,35.3657839076729],[-80.9470182808438,35.3658529064754],[-80.9473802808185,35.3659409069747],[-80.9477422813366,35.3660299071883],[-80.9481042804681,35.3661189072558],[-80.9484662806665,35.3662069072455],[-80.9491902808118,35.366384907409],[-80.9495872811506,35.3665029067587],[-80.9499832819208,35.3666219072769],[-80.9505832810295,35.3668219077713],[-80.9510612818516,35.3670109071594],[-80.9515482814045,35.3672609073738],[-80.9516142825128,35.3672939065645],[-80.9519412817461,35.3675069073796],[-80.9522682817984,35.3677189074254],[-80.952548281645,35.3679289076956],[-80.952827282567,35.3681379073099],[-80.953106282766,35.3683469081112],[-80.9533852832772,35.3685559073778],[-80.9536652825211,35.3687649070455],[-80.9539442826675,35.3689739077647],[-80.9541912818202,35.3691849079824],[-80.9544382824343,35.3693949077923],[-80.9546852821235,35.3696049071254],[-80.954932283132,35.3698149077489],[-80.9552442833193,35.370181907967],[-80.9553942826344,35.3704449081521],[-80.9554972831355,35.3707629078094],[-80.9555982832234,35.3711149080432],[-80.9557002838387,35.3714659074701],[-80.955801283478,35.3718179075202],[-80.955961284175,35.3722949082413],[-80.9561912836485,35.3727759081136],[-80.9564832833682,35.3732629085469],[-80.9567862843206,35.3736639085362],[-80.9570072835839,35.3739019080256],[-80.9572272835404,35.3741399088348],[-80.9574672837947,35.3743669083653],[-80.9577072843321,35.3745939092303],[-80.9578042841461,35.3746609083092],[-80.9579942841614,35.3747929079626],[-80.9582812833704,35.3749909079512],[-80.9588322838865,35.3751559085731],[-80.9593912849788,35.3753049080222],[-80.9597782841702,35.3753619086467],[-80.9601642853581,35.3754199087507],[-80.9605052848369,35.3754469086728],[-80.9608882855049,35.3754549090082],[-80.961270284583,35.3754619082222],[-80.9616662855603,35.375440907997],[-80.9620832855058,35.3753849083564],[-80.9625582863767,35.3752909088544],[-80.9627522859754,35.375205908338],[-80.9628992857176,35.3751139085584],[-80.9632752851846,35.3747969079243],[-80.9635252860324,35.3745979081662],[-80.9637752868214,35.3743979079722],[-80.9640252863625,35.3741989089514],[-80.9642752859965,35.3739759083356],[-80.9645262860204,35.3737529080854],[-80.9647762851532,35.3735299081829],[-80.9649882868458,35.3732499077956],[-80.9652002859525,35.3729709078354],[-80.9653752859056,35.3726629083188],[-80.9655512862123,35.3723559084066],[-80.9657272862686,35.3720489073007],[-80.9658302861526,35.3717789078004],[-80.9659322858412,35.3715089081837],[-80.9660352865393,35.3712389075427],[-80.9661382865534,35.3709689067995],[-80.9662412869929,35.3706999076338],[-80.9663442856619,35.3704299075874],[-80.9664782870824,35.3701459071037],[-80.9666122864884,35.3698619073749],[-80.9667472866527,35.3695769066567],[-80.9668812864038,35.3692929074633],[-80.9671072864603,35.3689269073467],[-80.9673332867037,35.3685599068504],[-80.9675282871286,35.3683249067116],[-80.9677242869959,35.3680899062296],[-80.9680962869565,35.3676809062128],[-80.9683512869185,35.367477905955],[-80.9686072873108,35.3672749069113],[-80.9688622869463,35.3670719064274],[-80.9691812878889,35.3668769067721],[-80.9694422862934,35.3667149060436],[-80.9695002873014,35.3666819062696],[-80.9698182868881,35.3664879066182],[-80.9701372876918,35.3662929061547],[-80.9703982876437,35.3661179064132],[-80.9706602870573,35.3659439068581],[-80.9709212880862,35.3657689068257],[-80.9711822879698,35.3655939053237],[-80.9714442873619,35.3654199058042],[-80.9717052872658,35.3652449058317],[-80.9719662882688,35.3650699061563],[-80.9722282876176,35.3648959057712],[-80.9724892874969,35.3647209058407],[-80.972743288323,35.3645509060547],[-80.9730122878026,35.3643719058578],[-80.9732732876573,35.3641969059692],[-80.9736032885134,35.3640269054527],[-80.9738362883372,35.3639469052091],[-80.9740072883855,35.3639159060393],[-80.9742332885264,35.3639059054851],[-80.97463528916,35.3639169059983],[-80.9750382882939,35.3639289050313],[-80.9756302888127,35.3639899052514],[-80.9760052890127,35.3640599062541],[-80.9764502891979,35.3641669056236],[-80.9767692895994,35.3642759048793],[-80.9770882897225,35.3643839061183],[-80.9774072895708,35.364491905632],[-80.9777252897618,35.3645999053059],[-80.9780442891468,35.3647079049766],[-80.9783602894404,35.3648109055081],[-80.9786752901447,35.3649149061199],[-80.9789902905325,35.3650189050275],[-80.9793052905652,35.3651219059397],[-80.9794602900219,35.3651729059686],[-80.979620290426,35.3652259059451],[-80.979917290449,35.3653639054755],[-80.9802132909864,35.3655019061982],[-80.980510289767,35.3656399061241],[-80.9808062901368,35.3657779063281],[-80.9810412901887,35.3658869061608],[-80.9811032898755,35.3659159066136],[-80.981373290324,35.3660979059115],[-80.9816432910798,35.3662809063176],[-80.981913290692,35.3664629062556],[-80.9821832905742,35.3666459054993],[-80.9824502914808,35.3669229058141],[-80.9827162914474,35.3671999057035],[-80.9829832914382,35.3674759058907],[-80.9830982911473,35.3676179065361],[-80.9832232909994,35.3677699064897],[-80.983463291196,35.3680639066141],[-80.9837032920277,35.3683579062638],[-80.9838542909946,35.3686079064058],[-80.9840052919903,35.368857906329],[-80.9841562919219,35.3691089068843],[-80.9843072914756,35.3693589064601],[-80.9844582921695,35.3696099066317],[-80.9846092925037,35.3698599067253],[-80.9847602917594,35.3701109065493],[-80.9848822920129,35.3703669064199],[-80.9850042921527,35.3706239069689],[-80.98512529224,35.3708799067475],[-80.9852472917169,35.3711369070612],[-80.985369291965,35.3713939072388],[-80.9854672920999,35.3716599064921],[-80.9855652918197,35.3719259074723],[-80.9856642925521,35.3721909064952],[-80.9857622924561,35.3724569073056],[-80.9858602918788,35.3727229071392],[-80.9859582919428,35.3729889068793],[-80.9860572922027,35.3732549072752],[-80.986155292452,35.3735209068454],[-80.9862532922643,35.3737869072412],[-80.98637229272,35.3741379071868],[-80.98649129291,35.3744879080155],[-80.9866112927705,35.3748389075572],[-80.9866692923656,35.3751249075853],[-80.9867282930503,35.375410908295],[-80.9867872930056,35.375696907175],[-80.9868072925991,35.3759979082258],[-80.9868282929672,35.3762989072762],[-80.9868482928607,35.3765999082834],[-80.9868692924577,35.376900908209],[-80.9868752934006,35.3772139084416],[-80.9868822928745,35.3775269085133],[-80.9868882928133,35.3778399087234],[-80.9868942927763,35.3781529080119],[-80.9868752932855,35.3784429083601],[-80.9868572930181,35.3787319077352],[-80.9868382930411,35.3790209081499],[-80.9867642938632,35.3793469083405],[-80.9867322922403,35.3794879089894],[-80.986653292222,35.3797249091677],[-80.9864872926256,35.3800769087784],[-80.9863132926858,35.3803329094091],[-80.9861392938072,35.3805889079381],[-80.9859132922758,35.3807979093409],[-80.9855892930205,35.3811049089177],[-80.9852862922365,35.3812909088629],[-80.9849832920928,35.3814759090157],[-80.9843932931381,35.3817029096018],[-80.9837562924866,35.3818529092116],[-80.9833332926784,35.3818619094132],[-80.9829112924372,35.3818709089141],[-80.9823132916947,35.3818289085843],[-80.9819752916015,35.381785909498],[-80.9816882909501,35.3817489089719],[-80.981637291866,35.3817429094689],[-80.9812992914095,35.3816999094162],[-80.9807892916765,35.3816409091345],[-80.9804202907183,35.3816249091641],[-80.9800512911853,35.3816099097478],[-80.979742291154,35.3816209091797],[-80.9793992912072,35.3816569086957],[-80.9790562899,35.3816929090614],[-80.9787072900734,35.3817709090987],[-80.9782622904595,35.3818909090902],[-80.9778182914171,35.3820109091277],[-80.9775362900516,35.3821049088745],[-80.9770842897645,35.382281908993],[-80.9768372911063,35.3823789091971],[-80.9766322897541,35.3824589091861],[-80.976304290267,35.382607910131],[-80.9760022898272,35.3827629094108],[-80.975670290283,35.3829489094745],[-80.9753372895098,35.3831339096938],[-80.9750052902963,35.3833199105719],[-80.9747222894213,35.3834909099134],[-80.9744392895786,35.3836619094535],[-80.9741562896678,35.3838329092103],[-80.9738742893756,35.3840039100336],[-80.9735712894267,35.3841949100774],[-80.9732682902029,35.3843849094282],[-80.9729652896285,35.3845749107179],[-80.9726622887164,35.3847649103237],[-80.9723862886212,35.3849529099524],[-80.9721102894564,35.3851399108199],[-80.9718332893534,35.3853279100772],[-80.9715572887658,35.3855149105545],[-80.9712662894764,35.3857039106642],[-80.9709752877334,35.3858929100858],[-80.9706842879826,35.3860819105502],[-80.9703932879626,35.386269910399],[-80.9700232880462,35.3864909106238],[-80.9698712891473,35.3865779102517],[-80.9695832877,35.3867409107328],[-80.9692952884246,35.3869049112636],[-80.9689202874636,35.3871089108485],[-80.968605288033,35.3872639101698],[-80.9682902874759,35.3874179114796],[-80.9679752878917,35.3875729109207],[-80.9677542883267,35.3876619107942],[-80.9676862877892,35.3876949111828],[-80.9675402882458,35.3877659113119],[-80.9670482874552,35.3879599109072],[-80.9667522878651,35.3880769112248],[-80.9664042874875,35.3882069109173],[-80.9660572868958,35.3883359115137],[-80.9657102873631,35.388465910969],[-80.9653622870429,35.3885959112113],[-80.9650162871001,35.3887059108461],[-80.9646692865724,35.3888149104761],[-80.9645092874119,35.3888659114695],[-80.9643232870482,35.3889249116973],[-80.9639772865657,35.3890349110272],[-80.9636302865847,35.3891449120198],[-80.9632842865435,35.3892539112423],[-80.9629422863481,35.3893379114471],[-80.9626172860113,35.3894269116611],[-80.9622922860851,35.3895159118856],[-80.961967286548,35.3896049112193],[-80.9616422863427,35.3896939114825],[-80.9614972861506,35.389733912144],[-80.9614642863869,35.3897429114126],[-80.9614482858882,35.3897469120336],[-80.9613742860063,35.3897679116327],[-80.9613162857115,35.3897829117218],[-80.960991285127,35.3898729119123],[-80.960666286127,35.3899619113032],[-80.9603412853799,35.3900509125426],[-80.9600162861006,35.3901399119722],[-80.9596912861532,35.3902289123315],[-80.9593662854941,35.3903179118177],[-80.9590402855021,35.3904069112435],[-80.9584472857129,35.3906389119848],[-80.9581482854268,35.3907699116498],[-80.9578482855497,35.3909009113763],[-80.9575492846416,35.3910309123518],[-80.9571962849057,35.3912479128513],[-80.9568432854864,35.3914649122774],[-80.9565712851581,35.391683912131],[-80.9562982848812,35.3919019122634],[-80.9560132841031,35.3922159125296],[-80.9557292852955,35.3925299121325],[-80.9554892842501,35.3928569129511],[-80.9552482847981,35.3931839131166],[-80.9550312843794,35.3934999128106],[-80.9548142843217,35.3938169128514],[-80.9546932843482,35.394284913538],[-80.9546402844459,35.3945379128991],[-80.9545882845316,35.3948509127713],[-80.9545392837153,35.3950819131584],[-80.9545282839392,35.3951309136851],[-80.9544792834899,35.3954139126612],[-80.9544302847644,35.3956979132576],[-80.9543972842897,35.3959229131936],[-80.9543652844223,35.3961919127367],[-80.9543192848131,35.3966149131605],[-80.9543132844322,35.3968949141869],[-80.9543012843646,35.3971539133197],[-80.9543022852698,35.3972959135523],[-80.9543102836507,35.397537914056],[-80.9543172844248,35.3977799135001],[-80.9543172849919,35.3978569128717],[-80.9543452842833,35.3980759135789],[-80.954359284804,35.3982519131273],[-80.9543872841644,35.398471913696],[-80.9544422846461,35.398811914297],[-80.9545442839372,35.3991959139491],[-80.9546322842761,35.3994649133702],[-80.9547072842513,35.3996679143692],[-80.9547472842139,35.3997999134448],[-80.9548222849633,35.3999699145038],[-80.9548632847632,35.4000849146773],[-80.954969284373,35.4003169145077],[-80.9553432855456,35.4010239141194],[-80.9553502850367,35.4010349144725],[-80.9555392851571,35.4013579143576],[-80.9556292849231,35.4015009140625],[-80.9556812851404,35.4015829142678],[-80.9557112849431,35.4016299145205],[-80.9559112855373,35.4019389146777],[-80.9562212852006,35.4024109142792],[-80.9564172848413,35.4026749138817],[-80.9565522853811,35.4028889142956],[-80.9568152857994,35.4033929153203],[-80.9569312859334,35.4037279151679],[-80.9569832856104,35.403892914369],[-80.9569992858238,35.403941914662],[-80.9570812855939,35.4042269144203],[-80.9571892861113,35.4046109149185],[-80.9572652853698,35.4049279148808],[-80.9573392859134,35.4052099149926],[-80.9574222854609,35.4056159151489],[-80.957451286206,35.4057849153325],[-80.9574642853092,35.4058559155096],[-80.9575172857973,35.4060719149865],[-80.9575582854373,35.4062699155246],[-80.9576542850656,35.4067259162114],[-80.9577332857037,35.4071239148447],[-80.9578112850248,35.4075219160508],[-80.9578782855681,35.4078459148681],[-80.9579442867487,35.4081699162497],[-80.9580432866468,35.4086729158533],[-80.9580652869592,35.4087899158448],[-80.9581262853092,35.4090639152789],[-80.9581812868638,35.4093769159772],[-80.9582372866243,35.4096559161502],[-80.9582912866062,35.4098939163446],[-80.9583532858984,35.4101729160127],[-80.9584202868039,35.4103819159486],[-80.9584742859795,35.4105909157918],[-80.9585762864464,35.4109029163182],[-80.9586512867742,35.4111169161434],[-80.9586792865569,35.4112769159862],[-80.9587202864534,35.4115079157917],[-80.9587472868736,35.4117629162744],[-80.9587552866689,35.41195191667],[-80.9587562865598,35.4121219160331],[-80.9587562867554,35.4122539160985],[-80.958731286438,35.4125119159825],[-80.9587152868326,35.4127909167736],[-80.9586992870956,35.4130699166447],[-80.958617286294,35.413343916673],[-80.9585352860404,35.4136179166118],[-80.9583342862243,35.4141209167993],[-80.958162286198,35.4144809174424],[-80.9579902868278,35.4148409168769],[-80.9577822861406,35.4151629175076],[-80.9575652860903,35.4154969173711],[-80.9572342858598,35.4159929178003],[-80.9571202861575,35.4161529171094],[-80.9569862866308,35.4163839179432],[-80.9568332858385,35.4166099174964],[-80.9566902864074,35.4169069175316],[-80.9565472859309,35.4172039173791],[-80.9563602863594,35.4175819177942],[-80.9562672860531,35.4177809172053],[-80.9560802853944,35.4180999177323],[-80.9558852858674,35.4184329181793],[-80.9555932856815,35.4189299180768],[-80.9554902858213,35.4192139174732],[-80.9553872865534,35.4194969186644],[-80.9553222853805,35.4197439180312],[-80.9552492856826,35.4200079189903],[-80.9551952856333,35.4202109182569],[-80.9551622859436,35.4203979188677],[-80.9551562852194,35.4205359181817],[-80.9551372853054,35.4207389183503],[-80.9551312863258,35.4210299184713],[-80.9551452858901,35.4211669190789],[-80.9551792857873,35.4213099183605],[-80.9552112865273,35.4214539190921],[-80.9552542860665,35.4216469187878],[-80.9553092862229,35.4219329186094],[-80.9553242859071,35.4220129188152],[-80.955419285495,35.42250491816],[-80.9555292863374,35.4230769184407],[-80.9555842862492,35.4233629189853],[-80.9556082865175,35.4236679194907],[-80.9556332859998,35.4239729191867],[-80.9556372857367,35.4241279192182],[-80.9556412864863,35.4242699189698],[-80.9556532857097,35.4244429185745],[-80.9556622860013,35.4245659192874],[-80.9557042861635,35.4249829199301],[-80.9557442862981,35.4252429200812],[-80.9558002862773,35.4255159202731],[-80.9558552858663,35.4257579195197],[-80.9559092864908,35.4259389195741],[-80.956126285854,35.426494919864],[-80.9562352871379,35.4267739197595],[-80.9564522865575,35.4273299194354],[-80.9565212860839,35.4275099198617],[-80.956560286598,35.4276089198499],[-80.956669286636,35.4278869203764],[-80.9567502867506,35.4281229196016],[-80.9568722867464,35.4284139204971],[-80.9569402867142,35.4285719204972],[-80.9569722869408,35.428646919872],[-80.9570382865388,35.428791919389],[-80.9570962870332,35.4289129200985],[-80.9573522871176,35.4293739203507],[-80.9574882873853,35.4295719194489],[-80.9576582872849,35.4298419208346],[-80.9578292874019,35.4301119202623],[-80.958000287576,35.4303819203519],[-80.9581702875467,35.430651920124],[-80.9582892874043,35.4308539200724],[-80.958493287776,35.431270920764],[-80.9586392880734,35.4317039209701],[-80.9586842871597,35.4320139206971],[-80.9587022880551,35.4321409203789],[-80.9586942877376,35.432640921066],[-80.9586422881304,35.4329079209832],[-80.9585462880277,35.4332049209837],[-80.9584502871146,35.4335029216717],[-80.9582972874708,35.4338599213085],[-80.9581442875838,35.4342169207063],[-80.9580132879359,35.4345099213151],[-80.9578822871842,35.4348039207436],[-80.9577512867462,35.4350969210135],[-80.9576572878428,35.4352909218555],[-80.9574622872047,35.4356979213009],[-80.9573182875735,35.4359989215636],[-80.957155287351,35.4363099222845],[-80.956991286796,35.4366199218768],[-80.9567812871967,35.4369589214349],[-80.9565712871211,35.4372969216064],[-80.9563942869747,35.4375639224184],[-80.9562172867444,35.4378309220373],[-80.9560682872684,35.4380249222494],[-80.9560332866767,35.4380819217001],[-80.9559922867565,35.4381219216888],[-80.9559302874181,35.4382049223883],[-80.9556892863713,35.4384909222161],[-80.955448287691,35.4387389225134],[-80.9552082867794,35.4389869224384],[-80.9549262860041,35.4392319229921],[-80.954364286681,35.4397219231064],[-80.9540832866906,35.4399669225822],[-80.9538122867395,35.4402279233062],[-80.9537932862316,35.4402479230889],[-80.9535682863237,35.4404629226648],[-80.9533612857627,35.440720923255],[-80.9532272869551,35.4409689229742],[-80.9531452858065,35.4411749225448],[-80.9530482860669,35.4415079225195],[-80.9529822872689,35.4419029231726],[-80.9529402862563,35.4421549228404],[-80.9529262859252,35.4422819234291],[-80.9529022870098,35.4423819233378],[-80.9528942864781,35.4424309225891],[-80.9528262864191,35.4427199232824],[-80.9527582860549,35.4430079231379],[-80.9526662863757,35.4433649238936],[-80.9525592863309,35.4437009242782],[-80.9523802862779,35.4441569235929],[-80.952267286416,35.4444149234797],[-80.9521132861346,35.444750923374],[-80.9519402864718,35.4449869238296],[-80.9518262862587,35.4451639241318],[-80.9516062865885,35.4454709231999],[-80.951426286636,35.4457579245369],[-80.9512252854959,35.4460489239044],[-80.9511972867417,35.4460849244277],[-80.9510412866022,35.4462859239241],[-80.9508782864377,35.4465499242429],[-80.950644286264,35.4469079246789],[-80.9505172858207,35.4470949240305],[-80.9503832855327,35.447308924218],[-80.9502572860443,35.4474739243428],[-80.9500832867436,35.4476389242417],[-80.9499292858108,35.4477989239887],[-80.9496952854626,35.4480029245358],[-80.9494202851575,35.4482119238297],[-80.9491992857808,35.4483669252316],[-80.9490182859293,35.4484819250661],[-80.9488412854405,35.4485869247321],[-80.9487832861272,35.4486199246613],[-80.9483612849887,35.4488359253837],[-80.9481542851119,35.4489299248951],[-80.9480532852323,35.4489719251149],[-80.9479632858274,35.449009924908],[-80.9476842854416,35.4491229251933],[-80.9474692857221,35.4491839244797],[-80.9472512852036,35.4492499249393],[-80.9469592846957,35.4493219246059],[-80.9467742849797,35.4493819254036],[-80.9466102847905,35.4494219250372],[-80.9464702851829,35.4494879246286],[-80.9463492854305,35.4495539248345],[-80.9462292850909,35.4496309246211],[-80.9461212854107,35.4497249243476],[-80.9459972851004,35.449879925013],[-80.9459072847043,35.4499889250977],[-80.945680284468,35.4502749246929],[-80.945477284602,35.450505924539],[-80.9452322844724,35.4507819246542],[-80.9450182850242,35.4510299256919],[-80.9448042843664,35.4512439252443],[-80.9446302842402,35.4514479245549],[-80.9443752848333,35.4516679252147],[-80.9440812843574,35.4519429257627],[-80.9438072848359,35.4521799254547],[-80.9435592844479,35.4523999257391],[-80.9434592833177,35.4524829260086],[-80.9432982842231,35.4526539256401],[-80.9430892842225,35.4529229258767],[-80.943044284626,35.4530059256121],[-80.9429442842838,35.453175925116],[-80.942864284689,35.4533469259354],[-80.9427642846638,35.4535719254383],[-80.9426842836182,35.4537759264198],[-80.9426112845521,35.4540179257436],[-80.9425452841858,35.4542979261728],[-80.9425042833737,35.4545029262348],[-80.9424792831622,35.4546329258119],[-80.9423832833716,35.4551539256419],[-80.9423822839714,35.4553979265511],[-80.9423842833363,35.4554709257363],[-80.9423852833302,35.4557879267091],[-80.9423802844196,35.4561219268575],[-80.9423742838099,35.4564559267895],[-80.9424202846112,35.4568269268968],[-80.9424872838697,35.4576759267518],[-80.9424882838463,35.4576879263237],[-80.9424882840476,35.457700926448],[-80.9424902836381,35.4577159267576],[-80.942492284147,35.4577349274383],[-80.9425982849412,35.4579599267481],[-80.9427192840629,35.4582119266333],[-80.9428682842635,35.4586309270473],[-80.9430102851878,35.4589909261669],[-80.9430362846224,35.4590579266584],[-80.9432542842295,35.4593799276017],[-80.9434502845189,35.4596069268012],[-80.9434592845258,35.4596169273914],[-80.9434662839517,35.4596249269289],[-80.9434902846991,35.4596539272835],[-80.9435152841452,35.4596749279945],[-80.9435392844016,35.4596949277066],[-80.9435912849616,35.4597389265299],[-80.9436082848862,35.4597539272268],[-80.943746284286,35.4598709272079],[-80.9440122848639,35.4601449275832],[-80.9441382843865,35.4602129273921],[-80.944436284694,35.4604169279862],[-80.9447212849895,35.4606069270864],[-80.9448332852399,35.4606819269952],[-80.94500628556,35.4607969273291],[-80.9452902857717,35.4609869276286],[-80.9455372851141,35.4611789280397],[-80.9457832850073,35.4613709277592],[-80.946029284962,35.4615629269891],[-80.9462762848002,35.4617539269493],[-80.9465222860436,35.4619459278842],[-80.9466022856373,35.4620079273903],[-80.9467692857504,35.4621379276359],[-80.9470152862887,35.4623289277321],[-80.9472772849857,35.4625109277759],[-80.9475382853251,35.4626929270629],[-80.9478002866729,35.4628739278895],[-80.9480612860894,35.4630559278918],[-80.9483232864906,35.4632369285283],[-80.9485842860424,35.4634189274258],[-80.9488252868459,35.4636249283622],[-80.9490672861713,35.4638309272141],[-80.9492572869026,35.4639929282369],[-80.9495492873082,35.4642429276482],[-80.9497912859916,35.4644489287025],[-80.9500672861738,35.4647309274548],[-80.9503442865663,35.4650139283175],[-80.9506212868912,35.465295927789],[-80.9508172870268,35.4656079278127],[-80.9509972871977,35.4658929286373],[-80.9511222868399,35.4661679287245],[-80.951246286649,35.4664429285303],[-80.9513712870966,35.4667169284695],[-80.9515182872637,35.4671499289305],[-80.9516122878061,35.467425929285],[-80.9516552874333,35.4676829283515],[-80.9517012869663,35.4679569283261],[-80.9517482875329,35.4682309292982],[-80.9517622869269,35.4685749291177],[-80.9517752879327,35.4689189287419],[-80.9517342881867,35.4692049290801],[-80.9516842876144,35.4695519292034],[-80.9516382883219,35.4698679293443],[-80.951593286979,35.4701849294859],[-80.9515202881899,35.47045992915],[-80.9514352878134,35.4707249292275],[-80.9513332867998,35.4710349289972],[-80.9512262871986,35.4713739295171],[-80.9510922879706,35.4716809291603],[-80.951006287191,35.4718919294126],[-80.9508712879747,35.4721979296303],[-80.9508092873726,35.4723299292012],[-80.9507182875359,35.4725679294033],[-80.9505332869327,35.4729229295964],[-80.950455287233,35.4730949293558],[-80.950402287365,35.4732139299426],[-80.9501882876353,35.4736099295546],[-80.9500862868561,35.4738109305019],[-80.9500012864167,35.473978930242],[-80.9498682871833,35.4742369302859],[-80.9497182876845,35.4745349302936],[-80.9495952871179,35.4747819303425],[-80.9495172872436,35.474924930475],[-80.9494212874506,35.4751229302971],[-80.9493142872774,35.4753259302769],[-80.9492222866561,35.4754999310322],[-80.949128286867,35.4757169311042],[-80.9490482874894,35.4759259308536],[-80.9489552876547,35.4761559301086],[-80.9489022877872,35.4763209310315],[-80.9488602872824,35.4764649302392],[-80.9487932865604,35.4766309304297],[-80.9486482877516,35.477268930687],[-80.9485512867122,35.4777279310146],[-80.9484342861637,35.4781239315944],[-80.9483572870559,35.478333931082],[-80.9482502875019,35.4787209306944],[-80.9482222872569,35.4791399315537],[-80.9482042866514,35.4798009308027],[-80.9481462868181,35.4800509307404],[-80.9480682869746,35.4802289312976],[-80.9478842877417,35.4806579310743],[-80.9478802875525,35.4806669318767],[-80.9478642872813,35.4807049312038],[-80.9477872876963,35.4807909322416],[-80.9476392872108,35.4809559316765],[-80.9472962867971,35.4814079312835],[-80.9469142869419,35.4817389315508],[-80.9466332868065,35.4820739318407],[-80.9465252868881,35.4821659317105],[-80.946230286523,35.482418932119],[-80.9460362865804,35.4825899324642],[-80.9458222866998,35.482804931714],[-80.9457082872234,35.4829479327156],[-80.9455752855664,35.4831079321333],[-80.9454882863585,35.4832339323639],[-80.9454242860112,35.4833569320813],[-80.9453812862069,35.4834539321872],[-80.945328286119,35.4836239322078],[-80.9453092864501,35.4839039322722],[-80.945329286195,35.4840199323714],[-80.9453632860261,35.4842059321363],[-80.9454252862333,35.484420931715],[-80.945459285948,35.4845089320081],[-80.9455332867194,35.4846729326338],[-80.9456292865714,35.4848759322953],[-80.9456682868841,35.4849559327718],[-80.9457042870895,35.485026932059],[-80.9457372866136,35.4850949320659],[-80.9458862868184,35.4853419323246],[-80.9460212873808,35.4855729327494],[-80.9461902860847,35.4858299324675],[-80.9462832873862,35.4859929327892],[-80.9463312871968,35.4860769324349],[-80.946474287167,35.486329932728],[-80.9466232865369,35.4866369321206],[-80.9467272868409,35.4868559329464],[-80.9469002869314,35.48722993285],[-80.9470292875648,35.487519932984],[-80.9471172869561,35.4877729331391],[-80.9472122869382,35.4880589336509],[-80.9473082863454,35.4883489328299],[-80.947347286452,35.4884799330794],[-80.945428286276,35.4897169332489],[-80.9430742855352,35.4912349341727],[-80.9418912864251,35.4920019345793],[-80.9406722855874,35.492790933919],[-80.9392592856334,35.4937089345094],[-80.9366262847676,35.495415935038],[-80.9339932836966,35.4971229354961],[-80.9313602839846,35.4988289360015],[-80.9287272825515,35.5005359372263],[-80.9277682827297,35.5011579370914],[-80.925136281459,35.5028639368949],[-80.9225022805587,35.5045709375518],[-80.9198692800536,35.5062769377512],[-80.9182022788488,35.5073579380822],[-80.9172352797921,35.5079839382093],[-80.9170102786943,35.5081289381068],[-80.914602278948,35.509689939177],[-80.9119682782154,35.5113969394618],[-80.9093342779531,35.5131029397892],[-80.9090552772161,35.5132829398446],[-80.9087262777754,35.5134959396808],[-80.9078122763676,35.5140889401485],[-80.9075112773797,35.5142839400741],[-80.9070572772425,35.5145789404632],[-80.9067262770488,35.5147919408321],[-80.9061732762289,35.5147519406433],[-80.9061312769706,35.5147479398245],[-80.8906762713801,35.5136679404183],[-80.8900632715189,35.5136279404888],[-80.8880152714823,35.5134849405064],[-80.874799266966,35.512559940935],[-80.8743762677991,35.5125309417076]]]},"properties":{"objectid":1,"cc":1,"cnt_cc":null,"name":"Elaine Powell","globalid":"251ee8ed-06cc-49a7-9ce3-fcad96fff70c","Shape__Area":3822901111.036072,"Shape__Length":376648.7444406262}},{"type":"Feature","id":2,"geometry":{"type":"Polygon","coordinates":[[[-80.8655362480728,35.2243918803853],[-80.8652982481951,35.2243858798756],[-80.8651682477082,35.2243808797602],[-80.8649822488632,35.2243788806455],[-80.8648392485182,35.2243878799632],[-80.8645622482039,35.2243978807999],[-80.8642872479031,35.2244238801493],[-80.864186248224,35.2244378800397],[-80.8632822477179,35.2246208800676],[-80.8630472477945,35.2246498804352],[-80.8628982474918,35.2246588796954],[-80.8625722472582,35.2246848797359],[-80.8622442475742,35.2246928808116],[-80.8619602480259,35.224686880427],[-80.8617212478049,35.2246758797508],[-80.8613152469596,35.2246348809025],[-80.8609502470774,35.2245948800602],[-80.8604282477872,35.2245278801505],[-80.8600342469278,35.2244918804007],[-80.8597252468552,35.2244768805274],[-80.8593432467151,35.2244748799733],[-80.8591512469556,35.2244798804846],[-80.8589452461494,35.2244778801697],[-80.858738246748,35.2244708800216],[-80.8583252461108,35.2244428809611],[-80.8579152463164,35.2243988801866],[-80.8577502462407,35.2243728798236],[-80.8574882457835,35.2243178804309],[-80.8573592461001,35.224283880211],[-80.85711824531,35.2242068807604],[-80.8570562450335,35.224182880218],[-80.8568812453419,35.2241108808337],[-80.8566532457057,35.2239998799541],[-80.8564342459844,35.2238758806837],[-80.856325246069,35.2238068797939],[-80.8561292459642,35.2236698799575],[-80.8559612451271,35.2235328802824],[-80.8559422452917,35.2235178802834],[-80.8551902445262,35.2227918798146],[-80.8548102451581,35.2224678793744],[-80.8542552445915,35.2219518795412],[-80.8541672443644,35.221859879927],[-80.8540522450963,35.2217148801686],[-80.8539562447256,35.221561880231],[-80.8538792447283,35.2213958797361],[-80.8536172443288,35.2207368796261],[-80.8535092442566,35.2205538796086],[-80.8533822441771,35.2203858797028],[-80.8532402446673,35.2202358786632],[-80.8530232443091,35.220051879429],[-80.852581244692,35.2196068793368],[-80.8519932438322,35.2190568796695],[-80.851373244038,35.2184648789497],[-80.850555243862,35.2176818790985],[-80.8508522435019,35.2174398788292],[-80.8510722435695,35.2172438786097],[-80.8512372435822,35.2170878790714],[-80.8520482437332,35.216435878306],[-80.852116244128,35.2163808785025],[-80.8524632440511,35.2161098785972],[-80.852573244243,35.2160088781969],[-80.8526762436893,35.2159208790398],[-80.852892244065,35.215754878607],[-80.8529782441762,35.2156948780405],[-80.8531812435472,35.2155648788067],[-80.8534262447708,35.2154278782428],[-80.8538082444185,35.2151718783487],[-80.8539942441615,35.2150308778801],[-80.8540822447213,35.2149558779807],[-80.854252244561,35.2148308782392],[-80.854571244502,35.214576877629],[-80.8550742451401,35.2141648783245],[-80.8556102442135,35.2136788782793],[-80.8566432457339,35.2127418779985],[-80.8572372449482,35.2122028777879],[-80.8574942451492,35.2119748772778],[-80.8577112453357,35.2117578773211],[-80.8578592454341,35.2116088780343],[-80.8587942457984,35.2107828777726],[-80.8588662453029,35.2107208772215],[-80.8597642457707,35.2098968767154],[-80.8597912455123,35.2098648775916],[-80.8598282459969,35.2097988767562],[-80.8598342463511,35.209780877303],[-80.8599962460332,35.2090028772543],[-80.8601762456491,35.2082158767618],[-80.8602202462288,35.2080608768398],[-80.860292245511,35.207881876821],[-80.8603442457202,35.2077768769586],[-80.8604082460448,35.2076588767629],[-80.8605092460538,35.2075038762392],[-80.8606292459807,35.2073588762657],[-80.8610492467631,35.2069368760576],[-80.8615362457053,35.2064458766546],[-80.8624552459292,35.20551887568],[-80.8633792469001,35.2045908759675],[-80.8637672467606,35.2041958756281],[-80.8645742466489,35.2033218752938],[-80.8649402472168,35.2029038760216],[-80.8652832477656,35.202413875645],[-80.8657242472426,35.2017748749764],[-80.8660222466967,35.201343874812],[-80.8664832474302,35.2006768743697],[-80.8669472473341,35.1999868747477],[-80.8670642476745,35.1998228745127],[-80.8672722469388,35.1995318749578],[-80.8674852482328,35.1992698743626],[-80.8677282472162,35.1990018749417],[-80.8678232478275,35.1989048746693],[-80.8680772473755,35.198661874432],[-80.8681982481541,35.1985558742562],[-80.8684832478219,35.1983178742763],[-80.8688392472122,35.1979898739599],[-80.8697622474946,35.197137874509],[-80.8703222485645,35.1966308739561],[-80.8704842490873,35.1965028740083],[-80.8705932483821,35.1964238741003],[-80.8709902482189,35.1961618731301],[-80.8718272485473,35.1956408738232],[-80.8719752488873,35.1955398732155],[-80.872177248129,35.1953838736929],[-80.8722452495266,35.1953158739309],[-80.8723012493763,35.1952408730734],[-80.8723392485498,35.1951698737452],[-80.8725512485306,35.1948108728207],[-80.8728512494384,35.1942988724262],[-80.872931248948,35.1941628730423],[-80.8729942497387,35.1940428739534],[-80.8731802490636,35.193726873824],[-80.873420249198,35.193299872881],[-80.8737312489499,35.1927408725521],[-80.8739612494573,35.1923478725328],[-80.8746162490659,35.1911748724532],[-80.875134249318,35.1902598730957],[-80.8753502488661,35.1898278725908],[-80.8755632488514,35.1893728724861],[-80.8755942500321,35.1892678718509],[-80.8756062491648,35.1891688714954],[-80.875615249963,35.1890218724509],[-80.8756272491055,35.1888258719448],[-80.8756762497547,35.1880248720488],[-80.8757362493589,35.1848018713727],[-80.8757382490176,35.1844388715164],[-80.8757482494578,35.1840468709617],[-80.8757552494897,35.1834318704315],[-80.8757802489854,35.1821008708742],[-80.8757812498588,35.1820668710435],[-80.8758012498025,35.1810048703957],[-80.8758022492845,35.1806268700744],[-80.8758202493758,35.1799798700395],[-80.875827248188,35.1793978697843],[-80.8758392489727,35.178968870065],[-80.8758402493715,35.178792870379],[-80.8758792495732,35.1764908686571],[-80.8785632495322,35.1775998697573],[-80.8793892503414,35.1779418691451],[-80.8794332499301,35.177954869202],[-80.8795832496827,35.1779978694587],[-80.8796582501496,35.1780138695482],[-80.8801312502639,35.178139869445],[-80.8806622502414,35.1782928689922],[-80.8808262506664,35.1783398695657],[-80.881113250684,35.1784058694676],[-80.8830762516711,35.178925869705],[-80.88347725198,35.1790388693679],[-80.8837822510332,35.1791198697759],[-80.8843552518298,35.1792878692126],[-80.8848082520948,35.1794188692768],[-80.8850192512358,35.1794798695871],[-80.8864612530543,35.1799058703133],[-80.8866322526867,35.1799568698451],[-80.8864982526073,35.1795128703554],[-80.8864652514075,35.1794118694589],[-80.8863942520146,35.1791898698296],[-80.8862892513156,35.1788218698415],[-80.8862392520847,35.178614869327],[-80.8861942521278,35.1784628689037],[-80.8861172520915,35.1780318693004],[-80.886082251853,35.1777388694701],[-80.886056252042,35.1773628690331],[-80.8860522514089,35.1771738686986],[-80.8860542522612,35.1768388686867],[-80.8860632524511,35.1766628690381],[-80.8860782516797,35.1764868686576],[-80.8861162522296,35.1761638694189],[-80.8861752517171,35.1758128686525],[-80.8862552525667,35.1754658688901],[-80.886366251301,35.1750538689013],[-80.8864872521554,35.1746358691895],[-80.8865682523016,35.1743548685057],[-80.8872642521413,35.1719578677921],[-80.8873072525122,35.1718098683908],[-80.8874682521734,35.1712528680172],[-80.8883612521401,35.1681728666824],[-80.8884672527676,35.1677878667461],[-80.888625252158,35.1672108668773],[-80.8887662519906,35.1667268665067],[-80.8888292519935,35.1665088664173],[-80.8889752519784,35.1660538662463],[-80.8891112524218,35.1655648663474],[-80.8893392522035,35.1647898664473],[-80.8895172525028,35.1641438665937],[-80.8897022517802,35.1635248664569],[-80.8898522524024,35.1630528659905],[-80.890339252989,35.1616448653594],[-80.8906252518899,35.1607648647648],[-80.8907952531495,35.1602408653854],[-80.8911652523764,35.1592298656762],[-80.8912402524666,35.1590508649089],[-80.8917152530497,35.1576958647145],[-80.8918832528974,35.1572378639187],[-80.8920582524085,35.1567118644411],[-80.8937062528131,35.1519478635042],[-80.8938942528745,35.1514058638111],[-80.8939652537522,35.1512208628128],[-80.8940412529489,35.1510378635079],[-80.8942072532674,35.1506758631277],[-80.8944252528622,35.1502718632014],[-80.894614252217,35.1499718626009],[-80.8946702538021,35.1498818630244],[-80.894808253664,35.1496998629877],[-80.8950972535695,35.1493418627164],[-80.8952492527499,35.1491668629285],[-80.8955642536182,35.1488248635172],[-80.8958072541141,35.1485798622688],[-80.8960902536126,35.148320862515],[-80.8964142542639,35.1480238619223],[-80.8965952526524,35.1478528620528],[-80.8964102539767,35.147402861842],[-80.8962972534855,35.1471328619695],[-80.8961782538012,35.1468428621858],[-80.8959332534355,35.1462518621083],[-80.8957832530446,35.145883862381],[-80.8952712537436,35.1446328618822],[-80.8948662523777,35.1436038611948],[-80.8948212520325,35.1434908619322],[-80.8946122520429,35.1430148614995],[-80.8945132528388,35.1427528616182],[-80.8944652534186,35.142603861684],[-80.8944372525902,35.142501860856],[-80.8943972525143,35.1422948610257],[-80.8943782531074,35.1420868620363],[-80.894377252472,35.1419818610202],[-80.8944042530268,35.1417438610218],[-80.8944522524007,35.1412718609754],[-80.8944492524779,35.1411468613589],[-80.8944412531762,35.1410658617095],[-80.8944082524714,35.1409068609274],[-80.8943842531088,35.1408278612936],[-80.8943202527755,35.1406748618042],[-80.8941812523522,35.1403638606427],[-80.8938062519116,35.1395238603339],[-80.8937732529953,35.1394388614584],[-80.8936912526978,35.1392738607032],[-80.8936432524173,35.1391938602557],[-80.8935332520314,35.1390408608282],[-80.8935122524071,35.139016860046],[-80.8934052514022,35.1388968604173],[-80.8928862517333,35.1384268601922],[-80.8925972517025,35.1381298606699],[-80.8925482514696,35.1380728600731],[-80.8924652515868,35.1379678602851],[-80.8924052513518,35.1378838600888],[-80.8923502516718,35.1377978610568],[-80.8923002524721,35.1377098604918],[-80.8921792521443,35.1374668600193],[-80.8921492511182,35.1374028607548],[-80.8921212523104,35.1373398607045],[-80.8921042521661,35.1372878606413],[-80.8920492509247,35.1371518610516],[-80.891966251602,35.1368908600605],[-80.8919162509537,35.1366368602097],[-80.8918932516392,35.1364058603713],[-80.8918632518515,35.1358578605806],[-80.8918512516215,35.1355468599792],[-80.8914582513986,35.1356278596232],[-80.8901102503442,35.1359328603465],[-80.888479250649,35.1363128595204],[-80.887891250154,35.1364498609021],[-80.8869582508142,35.1366718605389],[-80.8865632495889,35.1367648599277],[-80.8861712500464,35.1368518603358],[-80.8858892491778,35.1369148604769],[-80.8857022503531,35.1369598611512],[-80.8856082492699,35.1369828601498],[-80.8843252493142,35.1372858606443],[-80.8844202490003,35.1375868608726],[-80.8844312492026,35.1376398607565],[-80.8844332487623,35.1377238613965],[-80.8844142493173,35.1378338609796],[-80.8843822489048,35.137930860614],[-80.8843222493351,35.1380448608772],[-80.8841732493773,35.1382698611473],[-80.883694248906,35.1389888609531],[-80.8835672500881,35.1391788611409],[-80.8835182490474,35.139251861521],[-80.8833732484758,35.1394468612631],[-80.8831872494256,35.1396648613058],[-80.8829832487709,35.1398728610837],[-80.8828722484243,35.1399618612183],[-80.8825542490906,35.1402148619554],[-80.8824062491384,35.1403528614426],[-80.8822352489614,35.1405008611262],[-80.8819832484114,35.14068586216],[-80.8815712478603,35.1410058615407],[-80.8814122486195,35.1411028613373],[-80.8813272484417,35.1411478618818],[-80.881274248555,35.1411648615112],[-80.8811382486319,35.1411948619201],[-80.8810472480198,35.1412208616938],[-80.8809562482575,35.141235862307],[-80.8808382489033,35.1412238615984],[-80.8807062479871,35.1412178608981],[-80.8805592485314,35.141194862277],[-80.8803002483126,35.1411298615816],[-80.8798592485211,35.1410148621929],[-80.8793382477011,35.1408618617024],[-80.8789092483006,35.1407088611822],[-80.8787122474446,35.1406238613058],[-80.8784682473108,35.140502861754],[-80.8782712476846,35.1403978610336],[-80.8781972471569,35.1403678615077],[-80.8781352469505,35.1403558623444],[-80.8779852477558,35.1403328621678],[-80.8778912473979,35.1403528616122],[-80.8775662469439,35.1404148620627],[-80.878026248109,35.1427488613029],[-80.8776792477493,35.1427918618848],[-80.8771162466386,35.1403418610459],[-80.8767972466629,35.1389508609092],[-80.876692246727,35.1377608608547],[-80.8766842465169,35.1377198605279],[-80.8763382473974,35.1377258614053],[-80.8760312464719,35.1361558609743],[-80.875987247034,35.135956860275],[-80.8758312467003,35.1352448598695],[-80.8757292469338,35.1347808602828],[-80.8752992454162,35.1326968600245],[-80.8752652457766,35.1320908596285],[-80.8752802464696,35.1318808598753],[-80.8753272459695,35.1314628605233],[-80.8753592463785,35.1312868600201],[-80.8753912462273,35.1311418596252],[-80.8754722460208,35.1308538598258],[-80.8755402464416,35.1306558594794],[-80.8756052468347,35.1304858591398],[-80.8759512458323,35.12960086009],[-80.8761042466771,35.1292278596708],[-80.8761872466352,35.1290648592759],[-80.8762682470387,35.1289198586176],[-80.8763682469221,35.1287438584367],[-80.8765672464425,35.1284308583724],[-80.876753246651,35.1281628586825],[-80.8772932467671,35.1273668590597],[-80.877381246288,35.1272298590516],[-80.8775412468152,35.1269518589269],[-80.8776142465536,35.1268108586383],[-80.8777212471829,35.1265798584367],[-80.8785312462745,35.124897857584],[-80.8794072478371,35.1230178578052],[-80.8799362471911,35.1218918572282],[-80.8802062469344,35.1213198576151],[-80.8802202471079,35.1212898576541],[-80.8804532470113,35.1208108576469],[-80.8808352476737,35.1201928577885],[-80.8811682475917,35.1196338565735],[-80.8822212479798,35.1179288560892],[-80.8823392479819,35.1177608568294],[-80.8827622472853,35.1170638560565],[-80.8828472480422,35.1169168567377],[-80.8830022478486,35.1166158560738],[-80.8830732477773,35.1164628561971],[-80.8831622482168,35.1162218559166],[-80.883207248312,35.1160828561988],[-80.8832802481977,35.1157998561541],[-80.8833202485165,35.1155928559216],[-80.8833512476231,35.1153448559259],[-80.8833592475578,35.1152208556342],[-80.8833582479066,35.114971855982],[-80.883345247384,35.1146158554272],[-80.8833152474983,35.1144608558716],[-80.8831482471739,35.113587855829],[-80.8830152479057,35.1129778554055],[-80.8828012471504,35.1121078551155],[-80.8825482471205,35.1111858550662],[-80.8823922473863,35.110643855314],[-80.8820602470832,35.1095218542845],[-80.8824912478572,35.1096428545904],[-80.8828232472954,35.1098588544628],[-80.8830412478679,35.1100768551708],[-80.8833342482807,35.1101838544745],[-80.8830942472014,35.1090478544878],[-80.8826482471029,35.1050318539029],[-80.8826302471781,35.1048718531594],[-80.8827862463492,35.1035648534532],[-80.8828372469158,35.1031378530095],[-80.8828602467411,35.1029398535622],[-80.8828672473714,35.1028828535004],[-80.8828862474298,35.1027238529177],[-80.8829232463301,35.1024208535381],[-80.8837042469253,35.1027128534853],[-80.884548247165,35.1030458540786],[-80.8847482472488,35.1031248539937],[-80.8856742475136,35.1034908530883],[-80.8868742480163,35.1039578534596],[-80.8892162494949,35.1048808533771],[-80.8896752490879,35.1050738532262],[-80.8900692485454,35.10524785385],[-80.8905262492394,35.1054678535611],[-80.8909522496933,35.105681854093],[-80.8914162504921,35.1059288533296],[-80.8917512496501,35.1061138537454],[-80.8919822503387,35.1062508540723],[-80.8923292500858,35.1064578534876],[-80.8927812503613,35.1067488536805],[-80.893117249942,35.1069718543229],[-80.8934232503299,35.1071868542788],[-80.8938802508097,35.1075268530537],[-80.8943102499328,35.1078688541938],[-80.8948112511616,35.1082918536523],[-80.8951282515393,35.1085788543365],[-80.8959112517589,35.1093708539023],[-80.8956462505976,35.1095458538461],[-80.8952922508121,35.1097788539749],[-80.8951302515984,35.1099038543104],[-80.8950042504793,35.1099848547916],[-80.8948592512572,35.110029854795],[-80.8949312514743,35.1101938541143],[-80.8951422510199,35.1106488547006],[-80.8955482518321,35.1115718550983],[-80.8957142506782,35.1119058552301],[-80.895826250501,35.1120958545161],[-80.8958982520394,35.1122258549813],[-80.8960572512566,35.1124758546981],[-80.8961992513818,35.1127098554118],[-80.8963762506497,35.1129838552272],[-80.8968232518872,35.1136588545136],[-80.8969112514783,35.1138138546129],[-80.8969482519938,35.1138948551851],[-80.897006251839,35.1140538553546],[-80.8970362520466,35.1141968555503],[-80.8970432519044,35.1142688554668],[-80.8970462519558,35.1143908548234],[-80.8970312520996,35.1145288552069],[-80.8970152519008,35.1145978549925],[-80.8969502519784,35.1148008556066],[-80.8969072523006,35.1149098560966],[-80.8967082522724,35.1153318555398],[-80.8966272519316,35.1154818552112],[-80.8964782515723,35.1157198552465],[-80.8963302514798,35.1159278561306],[-80.8962492517834,35.1160288548048],[-80.8955642514916,35.1169288565396],[-80.8953262510469,35.1172318561422],[-80.8951042515551,35.1175188552231],[-80.8950272514664,35.1176288562832],[-80.8948882513521,35.1178548560098],[-80.8948252517049,35.1179708559471],[-80.8947682514635,35.1180888562634],[-80.8945222506299,35.1186528563965],[-80.8943532511793,35.1190528560228],[-80.8942712515563,35.1192548564933],[-80.8934792512278,35.1211968567511],[-80.893273250566,35.1216748567109],[-80.8930972505601,35.122048856901],[-80.8930292514689,35.1222208575338],[-80.8929582504698,35.1224048573225],[-80.8929132507049,35.1225598567912],[-80.8928882515746,35.1227178572969],[-80.8928822510884,35.1228448574085],[-80.8940222511021,35.122406857382],[-80.8979682525953,35.1239108569784],[-80.9020572541088,35.1217848560661],[-80.9026682539048,35.1218538570642],[-80.9027222536849,35.1217388566854],[-80.9028752535821,35.1214398565384],[-80.9031512537875,35.1208898565393],[-80.9037102538383,35.1197408560111],[-80.9039642542282,35.1192908565732],[-80.9041722544887,35.1189768562133],[-80.9043242545046,35.1187868559804],[-80.9044562540126,35.1186488558092],[-80.9047162541876,35.1184298560003],[-80.9049912545559,35.1182378559365],[-80.9056172549529,35.1179158557861],[-80.9067032555441,35.1173868557533],[-80.9070352556574,35.1172208553772],[-80.9084632559121,35.1165298545234],[-80.9088662547859,35.1163178550991],[-80.9091512552106,35.1161538555336],[-80.9095242554815,35.1159248549635],[-80.9096902551383,35.1158188553465],[-80.9101502563269,35.1155428549947],[-80.9103112562605,35.115445855338],[-80.9110912560824,35.1149618542485],[-80.9117152563164,35.1145688549197],[-80.9125862566381,35.1140268551052],[-80.9129122561878,35.1138248546346],[-80.9130982567457,35.1136878540141],[-80.9131762573251,35.1136258539966],[-80.9132712570926,35.1135428549243],[-80.9135982561455,35.1132208545954],[-80.9137462568864,35.1130668547633],[-80.9141902571007,35.1126028542877],[-80.9150762568677,35.111700854487],[-80.9152962568489,35.1114548539509],[-80.9154822573283,35.1112568539473],[-80.9168062584385,35.1117638539137],[-80.9174992577634,35.1119998540981],[-80.9183392571486,35.1122788543614],[-80.9184762578372,35.112318854016],[-80.9189832582331,35.1124818548885],[-80.9205852584711,35.1130218544611],[-80.9212552589619,35.1132688538496],[-80.9214512591752,35.1133568541169],[-80.9217612591217,35.113496854429],[-80.9220092595605,35.113623854105],[-80.9221432598723,35.1136928547263],[-80.9222802598225,35.1137628542805],[-80.9230282600323,35.114171854227],[-80.9234192598249,35.1143908544221],[-80.9237482602061,35.1145788538958],[-80.9240962593246,35.1147638548498],[-80.9243212605807,35.1148918536808],[-80.9244482591943,35.1149558545979],[-80.9249262605371,35.1152178547974],[-80.9258552608397,35.1156878548359],[-80.9262252604902,35.1158508540601],[-80.9264772602469,35.1159788548431],[-80.9269502613018,35.1161818545365],[-80.9270302610534,35.1162158544766],[-80.9276712611642,35.1164618542242],[-80.927953261405,35.1165798545404],[-80.9285452614749,35.116849854621],[-80.9300862615535,35.11750385476],[-80.9309002623885,35.1178508550386],[-80.9310472618548,35.117913855021],[-80.9313222622281,35.1180748554625],[-80.9314772619513,35.1182028549485],[-80.9315442624982,35.1182428546927],[-80.9316602627338,35.1183348543351],[-80.9317582623715,35.1184408549016],[-80.9320632630288,35.118772855011],[-80.9321542627682,35.1189148555627],[-80.9324092630603,35.1193838549591],[-80.9325732631288,35.1196748553194],[-80.9327202623903,35.1199738554928],[-80.9329282627758,35.1203008548642],[-80.9332022636762,35.1208268556462],[-80.9333752632611,35.1211038552993],[-80.9335942634732,35.1215158554191],[-80.9337302634783,35.1218108558213],[-80.9339762628549,35.1222658555406],[-80.9341082635218,35.1224778560317],[-80.9342802632644,35.1227758563271],[-80.9346842633611,35.1235798552436],[-80.9351592632375,35.1244118559947],[-80.9355622637688,35.1251948560583],[-80.9366392644763,35.1270068558888],[-80.9372212641016,35.1280348571203],[-80.9375422642002,35.1283928569308],[-80.9378052645216,35.1286148563572],[-80.9381532653738,35.1288258575621],[-80.9384372653343,35.1289768574316],[-80.938458264491,35.1289868561176],[-80.9387602648846,35.1290928572582],[-80.9392932648143,35.1292018564949],[-80.9396472657251,35.1292748571238],[-80.9399982658109,35.1293348571415],[-80.9406082655221,35.1294168567869],[-80.9416492660099,35.1296128568777],[-80.9418312662169,35.1296468571206],[-80.9428442661759,35.1299088568928],[-80.9433992664829,35.1300658570154],[-80.9439112666656,35.1301988565905],[-80.9444602675502,35.1303708563075],[-80.9456472667838,35.1307168568086],[-80.9460642670679,35.1308388577635],[-80.9467662667759,35.1310258566642],[-80.9469612676016,35.1310748569361],[-80.9472002672356,35.1311338567048],[-80.9474222674391,35.1311848573645],[-80.9477722677856,35.1312748571525],[-80.9483782673643,35.1314128568702],[-80.9499582691696,35.1317918568803],[-80.9502672688426,35.1318568565545],[-80.9508472680508,35.1319928562949],[-80.9515392683986,35.1321248577721],[-80.952082269932,35.1322188570301],[-80.9523002683643,35.1322468564473],[-80.9529912694505,35.1323378569177],[-80.9536222694572,35.1323968574708],[-80.9539502697492,35.1324268567492],[-80.9543432694468,35.1324518572468],[-80.9549882701678,35.1324758574426],[-80.9553032701125,35.1324838566334],[-80.956834270577,35.1325138575038],[-80.9588212706124,35.1325538561462],[-80.9591842710509,35.1325608569369],[-80.959877270935,35.1325838570832],[-80.9601492714744,35.1325968564536],[-80.9606442718854,35.132606857047],[-80.9611862723574,35.1326018565282],[-80.9622702729867,35.132622856947],[-80.96486627248,35.1326728564256],[-80.9658642732679,35.132692856322],[-80.9663252739584,35.132710856155],[-80.9667482727725,35.1327378573082],[-80.9672792736495,35.1327828564524],[-80.9676132739381,35.1328238564818],[-80.9679912734611,35.1328818564346],[-80.9683702744761,35.1329478564056],[-80.9688242748776,35.133039856745],[-80.9691392750523,35.1331118572034],[-80.9696712752541,35.1332538566219],[-80.969917275081,35.1333248565036],[-80.9701722744712,35.1334038573931],[-80.9706992743904,35.1335838565577],[-80.9711532746129,35.1337558574522],[-80.9723842752777,35.1342488567962],[-80.9735932759421,35.1347458566704],[-80.9741552761129,35.134961856643],[-80.9751222762106,35.1353478567839],[-80.976934276629,35.1360848571362],[-80.9778302775368,35.1364238564335],[-80.9778542770732,35.1362958577129],[-80.9781392767813,35.1351788567846],[-80.9782082776853,35.1349338563198],[-80.97822327769,35.1348788567963],[-80.9782622775402,35.1347948565987],[-80.9787972770377,35.1327138564417],[-80.9789742762101,35.1320268566285],[-80.9791552772597,35.131321856049],[-80.9795702769607,35.1297088556651],[-80.9799022771229,35.1284208559044],[-80.9805562773601,35.1258808545958],[-80.9811412778677,35.1236368542454],[-80.9811682772806,35.1235358541363],[-80.9814472776344,35.1224688535497],[-80.9815902774579,35.1219668535307],[-80.9816402778215,35.1218108535655],[-80.9817272773055,35.1215988541967],[-80.9817652778215,35.1215178534431],[-80.9817992771191,35.1214298538259],[-80.9819792780391,35.1210548533405],[-80.9819962779886,35.121020853329],[-80.9821372772871,35.1207718535462],[-80.9823122778949,35.120484854298],[-80.9826012778645,35.1200668538351],[-80.9827202778773,35.1199038529183],[-80.9831942775184,35.1193478533158],[-80.9833152778642,35.1192148531611],[-80.9833552781864,35.1191758525146],[-80.9830912774821,35.119040853375],[-80.9817522771467,35.1184198527882],[-80.9803172771656,35.1177508527081],[-80.9791632761924,35.1172058529729],[-80.9788562763376,35.1170638526987],[-80.9785812768756,35.1169358532324],[-80.9784252765741,35.1168708524721],[-80.9782492770377,35.1168028528151],[-80.9780682758937,35.116742853164],[-80.9779552754005,35.116712852424],[-80.9776952759606,35.1166558525466],[-80.9768682753498,35.1164978524798],[-80.976624275297,35.1164378528602],[-80.9764682756936,35.1163878531777],[-80.9762232757415,35.1162938531921],[-80.9760012757316,35.1161898531013],[-80.9757862755216,35.1160648521315],[-80.9755362753594,35.1158988531774],[-80.9752772753137,35.1157258525465],[-80.9743022739984,35.1150598531946],[-80.9740862741293,35.11491485243],[-80.973523275034,35.1145358532758],[-80.9732952744741,35.1143708527832],[-80.9730952741686,35.1142118521811],[-80.9729792748059,35.1140958525232],[-80.9729472741377,35.1140558520232],[-80.9728192739697,35.1138948517661],[-80.972704274926,35.1137278522222],[-80.972647275064,35.1136248526807],[-80.9726032738742,35.1135438522611],[-80.972431274744,35.1132098523673],[-80.9723172747925,35.1129878522088],[-80.9718382739987,35.1120558518659],[-80.9718992740005,35.1120218518175],[-80.9721652739299,35.1118568518796],[-80.9725772736654,35.1116018513493],[-80.9747752744353,35.1103478515701],[-80.975038275293,35.1101958518443],[-80.9752922746875,35.1100338514727],[-80.9772912759824,35.1088738509674],[-80.9773852757829,35.1088128504848],[-80.9774962753774,35.1087448515508],[-80.9781312758392,35.1083408518928],[-80.9786882759695,35.1080028512546],[-80.9793272754943,35.1076008506803],[-80.9796632766025,35.1073858508662],[-80.9800812762135,35.1071198506032],[-80.9808642764,35.106654850584],[-80.9816402768463,35.1062208510122],[-80.9823172768938,35.1058768500327],[-80.9835952762771,35.1052558507224],[-80.9855802777758,35.1043238493367],[-80.9886492781513,35.1028158491896],[-80.9898142789028,35.1022748492952],[-80.9906802792812,35.1018728489654],[-80.9928392798612,35.1008128489227],[-80.9937382800358,35.1003838484469],[-80.993840279283,35.1003338490286],[-80.9939802797752,35.1002628481652],[-80.9942532800879,35.1001268484888],[-80.9952472794446,35.0996328484563],[-80.9959552803767,35.0992428481231],[-80.9959762799319,35.0992318488262],[-80.9969052809584,35.0987028487339],[-80.9971372806748,35.0985748480835],[-80.9996252811059,35.0973708482502],[-81.0011492825102,35.0966698477162],[-81.0027972827673,35.0958958480198],[-81.0038922828193,35.095342847746],[-81.0041202821464,35.0952248477382],[-81.0043322819124,35.0951058468925],[-81.0047232827558,35.094873846907],[-81.0050512837086,35.0946608473624],[-81.0051632826461,35.0945828476111],[-81.0053622831818,35.094440847365],[-81.0055192828559,35.0943218469699],[-81.0058642824613,35.0940598467693],[-81.0060222831619,35.0939258469946],[-81.0071872840357,35.0930108471385],[-81.0075822843685,35.092718847267],[-81.0077832827595,35.0925838471432],[-81.008163284109,35.0923588467804],[-81.0083442838219,35.0922618462372],[-81.0086212841806,35.0921298464682],[-81.0089792832435,35.0919798457172],[-81.0092482846233,35.0918838458183],[-81.0096322838616,35.0917618463355],[-81.0099602835373,35.0916788469358],[-81.0103472842953,35.0915998461431],[-81.01063928442,35.0915518463439],[-81.010905284475,35.0915178461621],[-81.0116082839528,35.0914678458118],[-81.0122622846766,35.0914428468535],[-81.0128672844734,35.0914418465753],[-81.0134752846333,35.0914508459243],[-81.0137172856445,35.0914618469293],[-81.0138382858667,35.0914668459284],[-81.0139482852743,35.0914758459274],[-81.0144062852873,35.091519846278],[-81.0148082854279,35.0915718464977],[-81.0150782861818,35.0916138467103],[-81.0160132856617,35.091796846047],[-81.0166412862956,35.0919268465205],[-81.0176622868185,35.0922458454083],[-81.019297287152,35.0929088465888],[-81.020557288016,35.093454846512],[-81.0208572867109,35.0935738457283],[-81.0212162880872,35.0936968465341],[-81.0214562882556,35.0937688463611],[-81.0219302886017,35.0938868462759],[-81.0220912879083,35.0939198467305],[-81.0222542877157,35.093946846233],[-81.0229722885354,35.0940508466124],[-81.0233972884032,35.0941078459648],[-81.0237682879703,35.0941638462584],[-81.0239602879193,35.0941868463912],[-81.0251162882806,35.0943368461701],[-81.0260152891369,35.0944438461368],[-81.0262532891613,35.0944748459573],[-81.0266702886741,35.0945288465209],[-81.027391290178,35.0946218467258],[-81.0283402895558,35.0947438459613],[-81.0287642898213,35.0947988470406],[-81.0290202905433,35.0948388469763],[-81.0297402906513,35.0949288466102],[-81.030094290832,35.0949788458097],[-81.0305842905918,35.0950318465188],[-81.031962291563,35.0952108455348],[-81.0327742904195,35.0953178464077],[-81.0333232910831,35.09538984558],[-81.0343422916298,35.0955348463062],[-81.0347322921061,35.0956018460029],[-81.0349212922368,35.0956388462332],[-81.0350832918227,35.0956778466331],[-81.0353292923243,35.095744846341],[-81.0356442922146,35.0958418460564],[-81.0359592917669,35.095954846013],[-81.0361202922674,35.0960208461779],[-81.0362142925036,35.0960608463547],[-81.0363252916058,35.0961108460914],[-81.0365662921298,35.0962258469089],[-81.0369042926311,35.0964098463393],[-81.0370862931145,35.096521845938],[-81.0371642933265,35.0965788457746],[-81.0374722922875,35.0967758459839],[-81.0377142929916,35.0969368462595],[-81.0378782923525,35.0970318462651],[-81.0380652927248,35.0971928461142],[-81.038226292705,35.0973578469977],[-81.0384982936589,35.0976938460502],[-81.0386382936158,35.0978768465665],[-81.0387582934052,35.0980208464622],[-81.0388832926,35.0982038465684],[-81.0390812934102,35.0985388466704],[-81.0391672930586,35.0986968461061],[-81.0392492935919,35.0988708464348],[-81.0393142933322,35.0989938467442],[-81.0393192936525,35.0990048474514],[-81.0394442933895,35.0992728466024],[-81.0395562938967,35.0995558462461],[-81.0397112937209,35.1000748469506],[-81.0397882936783,35.1003648465721],[-81.0398552932811,35.1006568472437],[-81.0398852938162,35.1007718472658],[-81.0401282935092,35.1017438473157],[-81.0400372941782,35.1017528475608],[-81.0397882933923,35.1017738468266],[-81.0386482930158,35.1019908475435],[-81.0378942931717,35.102222846876],[-81.0367192930191,35.1027418480132],[-81.0360722930205,35.1031578483284],[-81.0351992918033,35.1037828482829],[-81.0347132918073,35.1043358488402],[-81.0340652918969,35.1050558480585],[-81.0336082916908,35.1057088491649],[-81.0332532919239,35.1064568479506],[-81.0328572919397,35.1073838486877],[-81.0327162919533,35.1079688484468],[-81.0325212915981,35.10892884902],[-81.032370292049,35.1096258494751],[-81.0323302918594,35.110735849567],[-81.0323692915701,35.1112128503256],[-81.0324182920594,35.1121558506247],[-81.0325392914665,35.1128118502304],[-81.0325582922295,35.1129128500481],[-81.0327952916044,35.1137948499151],[-81.0331522917493,35.1146018503795],[-81.0336502928476,35.1154748504883],[-81.0341512927151,35.1162078511447],[-81.0348852926544,35.1172068511257],[-81.0353322927039,35.1179438512375],[-81.0356172936474,35.1185908512808],[-81.0358062927461,35.1190668514593],[-81.0359652936533,35.1195538514486],[-81.0361512936266,35.1203708511426],[-81.0361782933813,35.1204868509747],[-81.0363742937953,35.1213008523091],[-81.0366132929784,35.1219888524991],[-81.0370692943116,35.1229698519115],[-81.0374402933496,35.1236558518706],[-81.0376352933057,35.1239358517194],[-81.0379002938534,35.1243168528676],[-81.0380122943586,35.1244788515492],[-81.0381242945947,35.1246218519956],[-81.0387682947188,35.1254558529557],[-81.0394852941792,35.1262578533986],[-81.0403362946813,35.1270168530143],[-81.0405452946686,35.1272028528746],[-81.0411552949968,35.1276288529518],[-81.0415852948852,35.1279288523799],[-81.0421282964766,35.1282598530042],[-81.0432092963832,35.1288268526144],[-81.043891296005,35.1290918531662],[-81.0448122963025,35.1294568531434],[-81.0457182967889,35.1297968534844],[-81.046610297958,35.1300698531629],[-81.0475922980285,35.1303798530252],[-81.0486732975981,35.1306128535578],[-81.0496012983137,35.1309348524937],[-81.0504592993517,35.1311158526867],[-81.0505882987188,35.13121685308],[-81.0514022997018,35.1318548526078],[-81.0520322987091,35.1328398534528],[-81.052073298749,35.1334198529452],[-81.0520772992936,35.1334928535806],[-81.0518872992565,35.1345038536367],[-81.0516182993181,35.1351428540341],[-81.0512392983746,35.1361928543947],[-81.0507732987131,35.1368438546257],[-81.0502652984969,35.1378198542636],[-81.049866298856,35.1386318552973],[-81.0495922982988,35.1393208542323],[-81.0491332993269,35.1402628546676],[-81.048806297931,35.1410588558345],[-81.0485322975747,35.1419228556396],[-81.0484752982851,35.142634855416],[-81.048254298814,35.1435998559111],[-81.0481142988379,35.1441088559646],[-81.0477952985269,35.1447888555152],[-81.0475842985094,35.1452028563827],[-81.0467602984716,35.146210856761],[-81.0463352989767,35.1467358564099],[-81.046085297913,35.1468968570085],[-81.0455542973563,35.1472458569512],[-81.0446912976438,35.1477408573093],[-81.0445622974612,35.1477738570789],[-81.0435892973197,35.1480128573237],[-81.0426392968288,35.1481328575478],[-81.0416672967145,35.1481598571634],[-81.0408582964604,35.1481198571221],[-81.0394502953441,35.1480508570321],[-81.0385892957696,35.1480558577109],[-81.0372812959381,35.1481068566257],[-81.0363102946871,35.1482018575517],[-81.0354892951903,35.1483308577799],[-81.0345782950647,35.1484878576819],[-81.0339122948185,35.1486968568969],[-81.0331982938918,35.1486918574647],[-81.0322412945557,35.148418858029],[-81.0319092942824,35.1484398583204],[-81.0315282935969,35.1484458572508],[-81.0313742937578,35.1484498571383],[-81.0311502928379,35.1484528577001],[-81.0307712941399,35.1484598575063],[-81.0303922935495,35.1484658571115],[-81.0300132929482,35.1484718573308],[-81.0296332940852,35.1484788577431],[-81.0292782932323,35.1484878572523],[-81.0290732930803,35.1484928575781],[-81.0289232934432,35.148496857503],[-81.02856929257,35.148505857073],[-81.0282142926915,35.148514857945],[-81.0278592927347,35.1485238577743],[-81.0275042927219,35.1485328574621],[-81.0271492926756,35.1485418579098],[-81.0267772917212,35.1485748579835],[-81.0264052926826,35.1486078577766],[-81.0260332922905,35.1486408582456],[-81.0256612915972,35.1486738575694],[-81.0251922915123,35.1487788579055],[-81.0247242925329,35.1488838576602],[-81.0243872917539,35.1490128581054],[-81.0240502914285,35.1491408576398],[-81.0237142908614,35.1492698583508],[-81.0233772913231,35.1493988577022],[-81.0230402918829,35.1495278587972],[-81.0227452913058,35.1496988586746],[-81.0224492911577,35.1498708582488],[-81.0221532913263,35.1500418580265],[-81.0218572913953,35.1502128588597],[-81.021561290867,35.150384858896],[-81.0211532909178,35.1506708584091],[-81.0209922908972,35.1508028591441],[-81.020768290405,35.1510098583795],[-81.0203692906151,35.1513958584649],[-81.020158289784,35.1516118586581],[-81.0199472905027,35.1518268584898],[-81.0197362907528,35.1520428587799],[-81.0195262904783,35.1522578582625],[-81.0193202899298,35.1524768588183],[-81.0191152910731,35.1526948585504],[-81.0189092899219,35.1529128593257],[-81.0186952904675,35.1531408592995],[-81.0184812903294,35.1533678598388],[-81.0182872899294,35.1535608597664],[-81.0179692895012,35.1537998597357],[-81.0176512894033,35.154038858824],[-81.0173632896879,35.1542258597276],[-81.017115289927,35.1543248592896],[-81.0168742901539,35.1543688601543],[-81.0165132891904,35.1543788595701],[-81.0162302899156,35.1543448594053],[-81.016051289144,35.1543298601438],[-81.0157132893131,35.1542418588473],[-81.0153752886131,35.1541528593953],[-81.0149272888318,35.1539608597005],[-81.014576288481,35.1537918595022],[-81.0142262892188,35.1536238595942],[-81.0138762886542,35.1534548587739],[-81.0134682881895,35.1532618590232],[-81.013060288024,35.1530698587598],[-81.0127012882235,35.152917859231],[-81.0125582883479,35.1528718594355],[-81.0123572885838,35.1528278594672],[-81.0121032881016,35.1527828598387],[-81.0118422876559,35.1527558588249],[-81.0116012885726,35.1527448596929],[-81.0114142884546,35.1527518592401],[-81.0109922884162,35.1527828590142],[-81.0105902878014,35.1528488597146],[-81.0101992874155,35.1529418593185],[-81.0098072871324,35.153034858942],[-81.009513287548,35.1531328594895],[-81.0094592880535,35.1531508591357],[-81.0090982871606,35.1533288597385],[-81.0087362872424,35.1535078595476],[-81.0084612878054,35.1536858596412],[-81.0081872878053,35.1538648595486],[-81.0079482875418,35.1540808602473],[-81.0077092871092,35.1542968604489],[-81.0074702865078,35.1545128601533],[-81.0071862876397,35.1548178601359],[-81.0070032865177,35.1550128596823],[-81.0069522865303,35.1550678593099],[-81.0069012865184,35.1551228607181],[-81.0067342869468,35.1553658598795],[-81.0065662862455,35.155608860079],[-81.0063992873553,35.1558528595576],[-81.0062312868689,35.1560958601403],[-81.0060902859715,35.1564068598788],[-81.0059502863855,35.1567178599339],[-81.0058092871059,35.1570298600961],[-81.0057612860234,35.1575518609874],[-81.005791286548,35.1578898598923],[-81.0058212862683,35.1582278605951],[-81.0058302869399,35.158605861086],[-81.0058392865458,35.1589498609647],[-81.0058472871399,35.1593108610315],[-81.0058302872162,35.1596848613276],[-81.0058132866854,35.1600578616712],[-81.0058222863128,35.1603338611763],[-81.0058312866695,35.1606088616226],[-81.0058392868435,35.160883861526],[-81.006007286703,35.161350861223],[-81.006194287684,35.1616548610502],[-81.0063812867895,35.1619588615312],[-81.0065682861921,35.1622628617285],[-81.0067682867735,35.1627578620836],[-81.0068132875421,35.1630678612346],[-81.0068572868619,35.1633768617228],[-81.0069022872353,35.1636868617335],[-81.007191287316,35.1646598624221],[-81.0072562880621,35.1648798621395],[-81.0073092870903,35.1651818621833],[-81.0071352872686,35.1655588618581],[-81.0069772872681,35.1657878617674],[-81.0068052878452,35.1660358627696],[-81.0066342870048,35.166284862189],[-81.0064622865652,35.1665328617665],[-81.0062912869938,35.1667818633328],[-81.0061212881029,35.1670268627001],[-81.0059512871147,35.1672718627395],[-81.0057812872998,35.1675168624951],[-81.0056102872772,35.1677618632539],[-81.0054402869597,35.1680078624246],[-81.0052702874112,35.1682528631843],[-81.0051002868185,35.1684978627952],[-81.0049302863239,35.1687428630417],[-81.0047552871413,35.1690318628997],[-81.0045932873555,35.1692998628174],[-81.0044242867684,35.1695788633725],[-81.0042552867875,35.1698568637146],[-81.0040872863965,35.1701358624826],[-81.0039182863288,35.1704138631967],[-81.0038172870618,35.1707228633156],[-81.0037172862992,35.1710318639041],[-81.0036162861778,35.1713398638807],[-81.0035162871672,35.1716488633202],[-81.0034152870412,35.1719578630131],[-81.0033592870239,35.1722658643588],[-81.003302287272,35.1725738641931],[-81.0032452866475,35.1728808631567],[-81.0031882860791,35.1731888647129],[-81.0031322865093,35.1734968640609],[-81.0030752861365,35.1738048637162],[-81.0030182864528,35.1741128642143],[-81.0029972864135,35.174415864492],[-81.002976286218,35.174718864753],[-81.0029552862605,35.1750228640247],[-81.0029342857746,35.1753258651536],[-81.0029122875329,35.1756488643729],[-81.002892286879,35.1759328645496],[-81.002871287,35.1762358647088],[-81.0028402859143,35.1765438643183],[-81.002778286625,35.1771578644449],[-81.0027192867405,35.177766864696],[-81.0026882863028,35.178073865136],[-81.0026272865154,35.1786858648145],[-81.0025682862436,35.1792248657784],[-81.0025592866168,35.1792968650025],[-81.0025262865417,35.1796018652066],[-81.0024922861755,35.1799078656581],[-81.0024582873172,35.1802128652211],[-81.0024242871288,35.1805178656806],[-81.0023902859975,35.1808238660632],[-81.0024042869372,35.1811358653273],[-81.0024172864348,35.1814478658365],[-81.0024302860098,35.181759865429],[-81.0024432868043,35.1820718658892],[-81.0025172873065,35.182365866093],[-81.0025902867341,35.1826598656986],[-81.0026642872026,35.1829538658057],[-81.0027372866115,35.1832478662172],[-81.0027842878008,35.1835528664535],[-81.0028772869971,35.1841618664019],[-81.0029702876054,35.1847708671264],[-81.0030172872294,35.1850758663582],[-81.0031442873212,35.1853558671881],[-81.0032702870384,35.1856368663643],[-81.0033972866779,35.1859168669421],[-81.0035232870592,35.1861978667513],[-81.0036502877469,35.1864788660844],[-81.0037772878306,35.1867588671664],[-81.0038312875662,35.186878866841],[-81.0039032875525,35.187039867501],[-81.0039802879482,35.1873248672232],[-81.0040572882366,35.1876108677308],[-81.0041342875146,35.1878958673676],[-81.0042102872066,35.1881818672263],[-81.0042872875814,35.1884668676431],[-81.0043642878083,35.1887528670426],[-81.0044412875478,35.1890238673902],[-81.0045172883274,35.1892948680184],[-81.0045942879678,35.1895658673639],[-81.0046702875658,35.1898368679108],[-81.0047472882271,35.1901078671373],[-81.0048232877415,35.1903788675847],[-81.0049002876902,35.1906508675564],[-81.0049762881976,35.1909218669847],[-81.005052288157,35.1911928681753],[-81.0051542883477,35.1914748674952],[-81.0052552875684,35.1917568680017],[-81.0053562879117,35.192039867437],[-81.0054572885318,35.1923218677512],[-81.0055582887529,35.1926038679876],[-81.0056232876198,35.1928798688168],[-81.0056882879805,35.193155867779],[-81.0057532888038,35.1934318675963],[-81.0058182889916,35.1937078682869],[-81.0058832878538,35.1939848679925],[-81.0059482889231,35.1942608685906],[-81.0060132893124,35.1945368682595],[-81.0060782879684,35.1948128688199],[-81.0061432881405,35.1950888684145],[-81.0061582879486,35.1953648689316],[-81.006172288742,35.195641868814],[-81.0061862891747,35.1959178687577],[-81.0062002886042,35.1961938687067],[-81.0062152887866,35.1964698682701],[-81.0062292888879,35.1967468690199],[-81.0062432886054,35.19702286893],[-81.0062522891958,35.1973558686087],[-81.0062602880888,35.1976888686616],[-81.0062682886242,35.1980228695057],[-81.006276289844,35.198355869488],[-81.0062462890469,35.1986388694616],[-81.0062172898277,35.198921869025],[-81.0061872886395,35.1992048698614],[-81.0061572893945,35.1994878688394],[-81.0061272888877,35.1997708696187],[-81.0060972892481,35.2000538694591],[-81.0060692891057,35.2003258693077],[-81.0060382896211,35.2006188696867],[-81.0060082882622,35.2009018694873],[-81.0059782889133,35.2011848701332],[-81.0059482882357,35.2014678698767],[-81.0059192891928,35.2017508701135],[-81.005889288102,35.2020338698182],[-81.005859289021,35.2023168703683],[-81.0058292897094,35.2025998699976],[-81.0057992891135,35.2028828705269],[-81.0057702890496,35.2031658706677],[-81.0057402891163,35.2034488702387],[-81.0057102889968,35.2037318706915],[-81.0056802886468,35.2040148702235],[-81.0056502892085,35.204297870619],[-81.0056222889607,35.2045688702114],[-81.0055982889705,35.2047998701871],[-81.0055912889213,35.2048628710778],[-81.0055612888396,35.2051458705137],[-81.0055012891933,35.2057118711111],[-81.0054422894921,35.206277871264],[-81.0054122894699,35.206560870584],[-81.0053722894497,35.2067148705348],[-81.0053322892346,35.206917870714],[-81.0052912887136,35.2072428709649],[-81.005271289141,35.2076928705164],[-81.0052772893062,35.20780287166],[-81.00532428904,35.2081498709306],[-81.0053502884525,35.2082928717809],[-81.0053772894642,35.2083908717362],[-81.0055372890712,35.2088478721541],[-81.0056642891248,35.2091188716265],[-81.0056992898207,35.2091928712314],[-81.0057912889473,35.2093898718738],[-81.0059192886911,35.2096618715664],[-81.0061082894236,35.2099768715609],[-81.0062982891732,35.2102918718275],[-81.0064872895603,35.2106068721554],[-81.0066552894128,35.2108468714664],[-81.006822290538,35.211086871796],[-81.0069892899849,35.2113258719993],[-81.0071572895488,35.2115658724439],[-81.0072782896976,35.2117388720109],[-81.0073242903099,35.2118058712073],[-81.007548290885,35.2120558723508],[-81.0077102899735,35.2122368720344],[-81.0077722895182,35.2123058722234],[-81.0079972908821,35.2125568721084],[-81.0082212900964,35.2128068720679],[-81.0084512902958,35.2130158721741],[-81.0086822908516,35.2132258723038],[-81.0089122906336,35.2134358723989],[-81.0091422905032,35.213645872068],[-81.0093732908812,35.2138548727922],[-81.0096032909478,35.214064872509],[-81.0098342909026,35.2142748723168],[-81.0101022909224,35.2145608727707],[-81.0102492905902,35.2147698721748],[-81.0103902912841,35.2149898729872],[-81.01059029135,35.2153418728845],[-81.0107242907221,35.2156598729593],[-81.0108742914415,35.2159928736066],[-81.0110252920927,35.2163258736748],[-81.0111512911602,35.2165938727004],[-81.011232291025,35.2167658727264],[-81.0115802905729,35.2173568729509],[-81.0117412911436,35.217617873093],[-81.0119012918026,35.2178788725288],[-81.0120622922591,35.2181398731604],[-81.0122162915843,35.2184318734116],[-81.012390291253,35.2187118733432],[-81.0125242910883,35.2189538730972],[-81.0126742924218,35.2192118731252],[-81.0128252918127,35.2194708734257],[-81.0129752928772,35.2197288739975],[-81.0131262919868,35.2199878739381],[-81.0133662925066,35.2203828732714],[-81.0135542918232,35.2207348734108],[-81.0136812927862,35.2209548736379],[-81.0138222922508,35.2212298740047],[-81.0139622916795,35.221504873731],[-81.0140492920589,35.2217248741837],[-81.0141302926494,35.22196687468],[-81.0141562933569,35.2221258734361],[-81.0141892929256,35.2223728739776],[-81.014223292544,35.2226928735347],[-81.0142562922688,35.2230438749505],[-81.0142762918198,35.2233188744904],[-81.0142892922984,35.2235388744665],[-81.0142892931105,35.2239128737482],[-81.0142692929014,35.2243468746063],[-81.0142422924816,35.2245608747535],[-81.0141682926935,35.224972874615],[-81.0141072930033,35.2252258745847],[-81.0140342927844,35.2254948739389],[-81.0139462921691,35.2257838754323],[-81.0138592930049,35.2260728745917],[-81.0137522923698,35.2264018747461],[-81.0136442925851,35.2267318751073],[-81.0136122933247,35.2268478749044],[-81.013544293115,35.2270728748421],[-81.0134492931093,35.2274228753701],[-81.0133552933297,35.2277728753723],[-81.0132612916438,35.2281228753003],[-81.0131812931605,35.2284528761075],[-81.0131212931634,35.2287218756155],[-81.013043292725,35.2290018763079],[-81.0129662927892,35.2292818756077],[-81.0128922919182,35.2294798758039],[-81.0128312917381,35.2297658761115],[-81.012769293332,35.2300518758461],[-81.0127082922693,35.2303378751645],[-81.0126462924828,35.2306228757911],[-81.0125842921751,35.2309138759493],[-81.0125242926483,35.2311948759374],[-81.0124622920988,35.231480876351],[-81.0123642927143,35.2317618763205],[-81.0122662926536,35.232042876198],[-81.0121692924686,35.2323248764011],[-81.0120372928019,35.2326058762326],[-81.0119062927799,35.2328878763271],[-81.0117742929389,35.2331698766492],[-81.0116432921977,35.2334518764153],[-81.011511292729,35.2337338763885],[-81.0113802929679,35.2340148767711],[-81.0112482916762,35.234296876432],[-81.0111762923796,35.2345758767615],[-81.0111052926208,35.2348548766408],[-81.0110332923411,35.2351338768602],[-81.0109612926666,35.235412877006],[-81.0109212921721,35.2355688769989],[-81.0108902925402,35.2356918767034],[-81.0108182918826,35.2359708767392],[-81.0107952923135,35.236270877644],[-81.0107712924783,35.2365708771197],[-81.0107482925444,35.2368708770854],[-81.0107472925783,35.2371788768697],[-81.0107462921149,35.2374858776209],[-81.0107452916216,35.2377928774556],[-81.0107442922193,35.2380998772567],[-81.0107432917331,35.2384068779623],[-81.0107422923158,35.2387138777331],[-81.0107272926818,35.2389908779217],[-81.0107112928604,35.2392678784878],[-81.0106962930189,35.2395448786478],[-81.0106802929388,35.2398218773824],[-81.0106652923024,35.2400998774507],[-81.0106492920523,35.2403768779588],[-81.0106342928943,35.2406538780431],[-81.0105872932627,35.2410038780321],[-81.0105402921286,35.2413538780013],[-81.0104932916891,35.241703877914],[-81.0104392928951,35.2420208783706],[-81.0103862928713,35.2423338787059],[-81.0103312929251,35.2426548782794],[-81.0102102929493,35.2432048792503],[-81.0100362931223,35.2436828786094],[-81.0099042925496,35.2440108789428],[-81.0097722926106,35.2443378791602],[-81.0096402921102,35.2446658791341],[-81.0094972923341,35.2449878790207],[-81.0093552932888,35.2453088783866],[-81.0092632925344,35.2455158797912],[-81.0092122923998,35.245630879687],[-81.0091452924423,35.2457788786206],[-81.0090692920635,35.2459518799457],[-81.0089382926107,35.2462658796215],[-81.0088082918566,35.246578879747],[-81.0086772921216,35.2468918800551],[-81.0085462924782,35.247204880187],[-81.0084542929176,35.2474908794542],[-81.0083632918242,35.2477768791852],[-81.0082712921178,35.2480628800706],[-81.0082372922915,35.2484798804231],[-81.0083042920885,35.2487548803233],[-81.0083882917772,35.2490868804747],[-81.0084722927653,35.2494178806142],[-81.0085562927241,35.249749880631],[-81.008641292001,35.2500808802979],[-81.0087562926827,35.2503968806672],[-81.0088362922658,35.2506158805041],[-81.0088712931583,35.2507128809291],[-81.0091592922218,35.2509428804945],[-81.0093802925468,35.2510918800386],[-81.0098152928768,35.2512958804268],[-81.01026429337,35.2515258800753],[-81.0106532934261,35.2517468803769],[-81.0108872932274,35.2519448811719],[-81.011209293987,35.2523068808201],[-81.0114632939111,35.2527858805766],[-81.0115772935558,35.2531768812929],[-81.0116502932017,35.2535388804302],[-81.0117912938687,35.2539348806898],[-81.0120182935484,35.2543908808885],[-81.0121742938541,35.2546458816823],[-81.012330294016,35.2549008813811],[-81.0124872938251,35.2551548814649],[-81.0127182940404,35.2554878816604],[-81.0129492939475,35.2558208814331],[-81.0130872938766,35.2560848813977],[-81.0132262939191,35.2563488817005],[-81.013364293998,35.2566118814283],[-81.0134802947266,35.2568748818874],[-81.0135962945362,35.2571368814247],[-81.0137122940157,35.257398881759],[-81.0138282937592,35.2576918814573],[-81.0139072940693,35.2578908817258],[-81.0139532940879,35.258008881827],[-81.0141142941364,35.258519881449],[-81.0141672942417,35.2588578818796],[-81.0142202947648,35.2591958813665],[-81.0142382944904,35.259507881997],[-81.0142562948974,35.2598188826746],[-81.0142732945349,35.2601308827869],[-81.0143082946119,35.2604398819331],[-81.0143432938781,35.2607488819727],[-81.0143772952547,35.2610578823715],[-81.0144122950484,35.261366882359],[-81.0144472945499,35.2616748824051],[-81.0144762951814,35.2620178822656],[-81.0145062947911,35.2623598826808],[-81.0145362957293,35.2627018821493],[-81.0145662947442,35.2630438825283],[-81.0145882952451,35.2633838827435],[-81.0146102953699,35.2637228830203],[-81.0146312952658,35.2640618827965],[-81.0146532952143,35.2644018829596],[-81.0146712955302,35.2647118834406],[-81.0146892954228,35.2650228829343],[-81.0147072954751,35.2653338833101],[-81.014726295513,35.2656438833276],[-81.0147742949005,35.2659228834906],[-81.0148222951793,35.2662028835358],[-81.0148702952029,35.2664818827331],[-81.0149182950648,35.2667618836332],[-81.0149662957693,35.2670408836671],[-81.0149732952295,35.2671218835707],[-81.0150002950061,35.2674478834072],[-81.0150332957793,35.2678538835862],[-81.015043295244,35.2682578836545],[-81.0150532959069,35.2686618836759],[-81.0150142961834,35.2689458845977],[-81.0149762955198,35.2692298841834],[-81.0149372952332,35.2695138841515],[-81.0148992956705,35.269796883735],[-81.0148012958386,35.2700698838935],[-81.0147032953495,35.2703428839599],[-81.0146042959306,35.2706158843215],[-81.0145062952449,35.2708888850858],[-81.0144082960776,35.2711618848202],[-81.0142122957935,35.2717078849139],[-81.0141142951996,35.2719798844402],[-81.0140152951342,35.2722528850897],[-81.0139172959755,35.2725258843078],[-81.0137832950333,35.2728358844831],[-81.0136492952686,35.2731458844569],[-81.0135152945057,35.2734558851671],[-81.0133812949203,35.2737658856759],[-81.0132462948782,35.2740758855128],[-81.0131252946858,35.2743698852827],[-81.0130052952609,35.2746638853892],[-81.0128442958423,35.2749328847953],[-81.0126822953914,35.275202885197],[-81.0125212949831,35.2754718859328],[-81.0122932949829,35.2758098850078],[-81.0120652942331,35.2761478854179],[-81.0119042952512,35.2764248854735],[-81.0117432946215,35.2767028861339],[-81.0115992946888,35.2770688856045],[-81.0114552940616,35.2774338858512],[-81.0113072946448,35.2777468861055],[-81.011159295189,35.2780598861435],[-81.0110332946334,35.2782508862633],[-81.0109642954757,35.2783588853126],[-81.0107702947259,35.2786488862788],[-81.0104952945143,35.2789918864694],[-81.0102202953049,35.2793348868613],[-81.0099352942643,35.2796578865368],[-81.0096432941153,35.2799778865183],[-81.0093352946314,35.2803738873974],[-81.0091672941609,35.2807118864715],[-81.008999294538,35.2810498870586],[-81.0088652946995,35.2814038871651],[-81.0087302946749,35.2817588873701],[-81.00861429415,35.282088886988],[-81.0084982932988,35.2824178865458],[-81.0083822942138,35.28274788675],[-81.0082662942105,35.2830778877252],[-81.0081862941187,35.2833508873929],[-81.0081052944391,35.283624887258],[-81.0080252943911,35.2838978876762],[-81.0079442942464,35.2841708874778],[-81.007893293795,35.2844518875554],[-81.0078422936139,35.2847318876681],[-81.0077912941811,35.2850118877274],[-81.0077402937738,35.2852928876809],[-81.0076892947378,35.2855728876513],[-81.0076012932749,35.2861428880566],[-81.0075482943396,35.2864858880089],[-81.0075142940727,35.2867118880099],[-81.0074702939267,35.2869968885302],[-81.0074262934505,35.2872818881189],[-81.0073822944156,35.2875658886314],[-81.0073382944227,35.2878508881413],[-81.0072952937528,35.2881358890783],[-81.0072512942465,35.2884208885096],[-81.0072042942296,35.2887098886408],[-81.007157294325,35.2889998877481],[-81.0071092945293,35.2892898889685],[-81.0070622939735,35.2895798889105],[-81.0069932947707,35.2898718890982],[-81.0069152944168,35.2901998885254],[-81.006854294608,35.2904568886792],[-81.0067852939155,35.290748888703],[-81.0067152942049,35.2910408889945],[-81.0066462936179,35.2913328888906],[-81.0065262932286,35.2916458883659],[-81.0064062947771,35.2919578886416],[-81.0062872944237,35.2922708892735],[-81.006158293522,35.292569888929],[-81.006029294538,35.292867889368],[-81.0059012936113,35.2931668892479],[-81.0057992943752,35.2934038897749],[-81.0057742935585,35.293460889924],[-81.0056112935165,35.2937398902912],[-81.0054502931827,35.2940148900722],[-81.0051082935593,35.2944388897807],[-81.004913293575,35.2948058896993],[-81.0047822941519,35.295069890255],[-81.0046512938567,35.2953338897551],[-81.0044842936347,35.2957298898551],[-81.004322293827,35.2962248905775],[-81.0042582936011,35.296502890869],[-81.0042072937497,35.2967208900984],[-81.0041932943002,35.2967808896118],[-81.0041292931965,35.2970588898074],[-81.0040732933486,35.2972978906095],[-81.004059293701,35.2973578901011],[-81.0040002943716,35.2976148903007],[-81.0038652932689,35.2979228908372],[-81.0038572934375,35.2979358905124],[-81.003839294366,35.2979388906233],[-81.0030532937042,35.2980788900507],[-81.0027722932332,35.2981318899198],[-81.0019042929617,35.2982868908275],[-81.0014782927408,35.2983658908936],[-81.0008222925634,35.2984708907308],[-81.0002672927251,35.2985368906062],[-80.9999292920681,35.2985678905895],[-80.9996162921393,35.2985848908564],[-80.9991552913926,35.2985928906396],[-80.9986982927874,35.2985858905961],[-80.9977142919496,35.2985458912649],[-80.9972662924205,35.2985198913362],[-80.9969842915942,35.2985058908971],[-80.9933352907936,35.298330891139],[-80.9923412908408,35.2982758915371],[-80.9922022900743,35.2982738915635],[-80.9919172898204,35.2982828906518],[-80.9915272894223,35.2983108916091],[-80.9914692904549,35.2983148913533],[-80.9913552902962,35.2983288907402],[-80.9911342895636,35.298362890768],[-80.9909602899438,35.2984018906598],[-80.9909242901916,35.2984098913863],[-80.9906842900731,35.2984768908889],[-80.9903632890983,35.2985808911289],[-80.9901502899472,35.2986628915775],[-80.9899862897894,35.2987358913298],[-80.9897252894223,35.2988628916311],[-80.9895102900546,35.298981891724],[-80.9893412884829,35.2990878914451],[-80.9885702898713,35.2996238911226],[-80.9880402892286,35.2999988919924],[-80.9879052892352,35.3001008915789],[-80.9875742894197,35.3003318920964],[-80.9875062889463,35.3003728921648],[-80.9873322889724,35.3005768911809],[-80.98694928862,35.3010488918313],[-80.9864722887697,35.3008888914136],[-80.9857272883503,35.3005998917432],[-80.9852782885332,35.300433892336],[-80.983788287382,35.3000248924407],[-80.982077287219,35.2995538915309],[-80.9816132870946,35.2994278917207],[-80.981133286957,35.2992848920007],[-80.9808622867288,35.2991838918289],[-80.9805502866338,35.2990538917161],[-80.9804222871912,35.2989948908487],[-80.9802922864573,35.2989368909359],[-80.9800792867382,35.2988288913017],[-80.9798382874048,35.2986938917373],[-80.9797262866751,35.2986258917039],[-80.9796242861501,35.298562890809],[-80.9793902865128,35.2984118909512],[-80.9791442860062,35.2982458916085],[-80.9791272861291,35.2983128912415],[-80.9791182859761,35.2983348912415],[-80.9790802864279,35.2984008916068],[-80.9790502860557,35.2984878909705],[-80.9790062861142,35.2985468917371],[-80.9789222855351,35.2986168916369],[-80.9788052861378,35.2987028911097],[-80.9786202867365,35.2989068921444],[-80.9785752862587,35.2989638912382],[-80.978398286082,35.2991338913502],[-80.9783042868465,35.2992108912586],[-80.9782652861646,35.2992548916329],[-80.9781812857227,35.2993378916257],[-80.9781492860826,35.2993798922578],[-80.9780792862124,35.2994068911405],[-80.977815286574,35.2995358916971],[-80.9777562861653,35.2995768924821],[-80.9776952860787,35.2996268917343],[-80.977621285939,35.2996748924949],[-80.9775162857316,35.2997278914729],[-80.9774692855405,35.2997418914808],[-80.977443286562,35.299747891807],[-80.9773812864479,35.2997558920598],[-80.977246286056,35.2997208918528],[-80.9771862855521,35.2997088918001],[-80.9771142859032,35.2996948921875],[-80.9769912855138,35.2996568925661],[-80.9769122860182,35.2996248915368],[-80.9767382861661,35.2995728916247],[-80.9766782857963,35.2995488914967],[-80.9766252852414,35.2995538916702],[-80.9765582857659,35.2995418919674],[-80.9765142850803,35.299524891404],[-80.9764622861611,35.2994678915432],[-80.9764242863917,35.2994418920722],[-80.9763232862869,35.2992968920879],[-80.9761662853791,35.2991628917428],[-80.9761152852838,35.2991398913144],[-80.9758582846134,35.2990998913157],[-80.9757362855502,35.2990758917742],[-80.9755652851449,35.2990168914754],[-80.9755082850311,35.2989968910519],[-80.9754782856376,35.2989828913098],[-80.9754482851551,35.2989688915781],[-80.9752492849294,35.2989468917384],[-80.975203285261,35.2989558921276],[-80.9751442852844,35.2989568925172],[-80.9750122850572,35.2989768918586],[-80.9749482853777,35.2989928921147],[-80.9746832844606,35.2990258918417],[-80.9745612847916,35.2990648917675],[-80.9745372853105,35.299102892042],[-80.9744892850556,35.2992248920552],[-80.9744242847869,35.2993288922951],[-80.9744192852433,35.2994278927646],[-80.9744812854636,35.2997078914832],[-80.9745802850328,35.2998148920372],[-80.9746092855278,35.2998538925125],[-80.974711285637,35.3000208918068],[-80.9748002848748,35.3000778920993],[-80.974967284807,35.3002408925619],[-80.9750172853887,35.3003058924646],[-80.9750442851534,35.3003958920196],[-80.9750922847867,35.3004968924306],[-80.975144285101,35.3007468916444],[-80.9751252855576,35.3008318927661],[-80.9750812850838,35.3009088922],[-80.9750492857118,35.3010558914873],[-80.9749942843097,35.3011588921661],[-80.9749172844815,35.3012258924415],[-80.9747852849083,35.3012908918923],[-80.97459228463,35.3013668923562],[-80.9744912844974,35.301398892014],[-80.9744092844598,35.3014378921798],[-80.9743362849526,35.3014538918667],[-80.9741612855304,35.3014378922524],[-80.9741052852259,35.3014048931626],[-80.9740242853364,35.3013498915903],[-80.9738332848051,35.3011738918951],[-80.973696285012,35.3010048918958],[-80.9736362850593,35.3009148926335],[-80.9735062846866,35.300694892048],[-80.9734542852202,35.3006618923699],[-80.9733122850712,35.3005728922652],[-80.9731652848214,35.3004928924233],[-80.9731012849637,35.3004088917269],[-80.9730682850817,35.3003508919812],[-80.9730112841179,35.3002768916848],[-80.9729702853914,35.3001978916242],[-80.9729562845886,35.3000868918032],[-80.9729632846099,35.3000148924556],[-80.9730312840207,35.2998418919029],[-80.9731162843852,35.2996958922055],[-80.9731622851067,35.2995288915755],[-80.9731812853405,35.2994438925623],[-80.9731812847925,35.2993718918714],[-80.9731592845597,35.2992538914196],[-80.9731112847481,35.2991938919757],[-80.9729852843044,35.2990848922447],[-80.9728082851406,35.2990198917108],[-80.9727272846108,35.2989968927269],[-80.9726372836173,35.2989808918328],[-80.9725452843867,35.2989898923132],[-80.9722882836722,35.2989958923287],[-80.9720632845684,35.2989908917914],[-80.9720102835078,35.2989798914049],[-80.9719412843686,35.2989588918954],[-80.9718372836513,35.2989568926503],[-80.9717532839954,35.2989878918872],[-80.9716112838593,35.2990488915616],[-80.9715622836296,35.2990948918855],[-80.9715132840896,35.2991638918932],[-80.9715062844883,35.2992178918736],[-80.9715012837259,35.2992528925866],[-80.9714512838906,35.2993778920472],[-80.971398283913,35.2995468921552],[-80.9713312834923,35.2996568920272],[-80.971275284541,35.2997368921833],[-80.9712462838366,35.2998578926216],[-80.971198284533,35.2999698921201],[-80.9711752842043,35.3000898923089],[-80.9711212846307,35.3002618920287],[-80.9710722836914,35.3003188920395],[-80.9709792845081,35.3003828926525],[-80.9708602837172,35.300424892882],[-80.9707602834303,35.3004718916218],[-80.9706462844293,35.3005148921787],[-80.9704552837427,35.3005798923527],[-80.9702952841683,35.3006188923153],[-80.9702422839196,35.300637892],[-80.9701532836582,35.3006928926236],[-80.97006128367,35.300722892879],[-80.9698682840597,35.300819892858],[-80.9697982838934,35.3008698919974],[-80.9696052837351,35.3009768924415],[-80.9694442834675,35.3010458921683],[-80.9694192844052,35.3010548931488],[-80.969262283887,35.3011158932177],[-80.9691232842042,35.3012158924862],[-80.969078283549,35.3012548922545],[-80.9690272843611,35.3012958919982],[-80.9688742832065,35.3013428927095],[-80.9687992832847,35.3013668928879],[-80.968739282876,35.3013798926711],[-80.9686372830809,35.3013828927989],[-80.9685152838297,35.3013958924973],[-80.9684082829415,35.301422893097],[-80.9681902835151,35.3015508926897],[-80.9680912830768,35.3016368927741],[-80.9679982836331,35.3016778931379],[-80.967914282839,35.3017288923151],[-80.9677162828953,35.3018258924981],[-80.9675242833809,35.3019138930449],[-80.9670022833894,35.3020438925904],[-80.9669732825502,35.3020508924323],[-80.9668002833582,35.3021108931723],[-80.9666802825809,35.3021538927337],[-80.9665992820587,35.3021628929995],[-80.96652828257,35.3021658927216],[-80.9664592827836,35.3021628929367],[-80.9662862824821,35.3021338930529],[-80.9661442819997,35.3020868924999],[-80.9660722824084,35.3020698929122],[-80.9659072830759,35.3020608923612],[-80.9658232823458,35.3020658925034],[-80.9657622821306,35.3020838921385],[-80.9657302824121,35.3021068929069],[-80.965716282645,35.3021318933791],[-80.9655302830218,35.3023338936579],[-80.9654572817355,35.3023868926677],[-80.9654032825458,35.3024378926256],[-80.9651462819894,35.302632893144],[-80.9650982824179,35.3026538930329],[-80.9649752823634,35.3026848928767],[-80.9648692822823,35.3027458934425],[-80.964624281916,35.3029248924998],[-80.9644952821463,35.3030068924947],[-80.9643802814997,35.3030618931422],[-80.9643102820768,35.3030838924935],[-80.9641192821976,35.3031378933906],[-80.9640432825449,35.3031848929238],[-80.9639422824865,35.3032408931563],[-80.9639092819004,35.3032658932419],[-80.9638422818708,35.3032998930417],[-80.9637472820471,35.3033608926961],[-80.9635252823733,35.3034698934876],[-80.9634902826747,35.3034848934446],[-80.9633642812067,35.3035688938764],[-80.9633262813357,35.3035948927206],[-80.9632362818951,35.303687893549],[-80.9631832818892,35.3037628938652],[-80.9631062818499,35.3038338932439],[-80.963004281947,35.3039168937326],[-80.9629812817343,35.3039438926279],[-80.9629452819935,35.3039738937096],[-80.962901282476,35.3040088932659],[-80.9626822822309,35.3041368934449],[-80.9625892817506,35.3042198928507],[-80.9625052819644,35.3043798932762],[-80.9623812809988,35.3045468939193],[-80.9623162823167,35.3045788930491],[-80.9622642818811,35.3045848940051],[-80.9622022817276,35.3045858933621],[-80.9621512821012,35.3045658940087],[-80.9621072816914,35.3045508943503],[-80.9620362811492,35.3045138933593],[-80.9619642815931,35.304481893621],[-80.9618822814095,35.3044568929326],[-80.9618112808611,35.3044098936501],[-80.9617102809658,35.3043418936519],[-80.9616262819472,35.3042988935029],[-80.9615652815241,35.304253893272],[-80.9613802814974,35.3040668935824],[-80.9613472809142,35.3040438929357],[-80.9612972809001,35.3040198936411],[-80.9611332810634,35.3039098933299],[-80.9609382814599,35.3037598936929],[-80.9609162810099,35.3037468932672],[-80.9608802811552,35.3037148932251],[-80.9608412810837,35.3036698933884],[-80.9608202814267,35.3036358931319],[-80.9607752808728,35.3035878933537],[-80.9607232812484,35.3035468935401],[-80.9606552808938,35.3034838933956],[-80.9606102809876,35.3034638936284],[-80.9604762808744,35.3033638935128],[-80.9603442807952,35.3032518935524],[-80.9602752810778,35.3031798939943],[-80.9601772803322,35.3031088931607],[-80.9601212807544,35.3030508927237],[-80.9599992816999,35.3029678927722],[-80.9598982814284,35.302883893706],[-80.9597732812388,35.3028018933295],[-80.9597082808088,35.3027258931153],[-80.9596842816152,35.3026808926579],[-80.9594972800808,35.3025038927714],[-80.9594562806893,35.3024498932419],[-80.959440280525,35.3024368937271],[-80.9593832809568,35.3024178937632],[-80.9593352805876,35.3023968934945],[-80.959240279887,35.3023438930781],[-80.9591272809713,35.3022488929196],[-80.9591142804005,35.302233892801],[-80.9590222805413,35.3021708932877],[-80.9589762812658,35.302138893091],[-80.9589212805655,35.3020828937972],[-80.9589012802803,35.3020528929031],[-80.9588892800388,35.3020248931238],[-80.9588592808872,35.3019878923552],[-80.9587872803801,35.3019388932812],[-80.9586692797436,35.3018938931966],[-80.9586262798718,35.3018718930002],[-80.9585612801418,35.301865893723],[-80.9584622803865,35.3018908923746],[-80.9584082803952,35.3019258933718],[-80.9583482802329,35.301955892683],[-80.9582872808173,35.3019988933801],[-80.9582192797737,35.3020498929277],[-80.9581712809177,35.3021388935679],[-80.9581482806836,35.3022248932057],[-80.9581462800887,35.3023668932808],[-80.9581372798365,35.3024018930903],[-80.9581372795858,35.3024288932611],[-80.9581212795804,35.3024828926835],[-80.958072280702,35.3026458934681],[-80.9580272803957,35.3027198929355],[-80.958001280317,35.3028078939702],[-80.9579862798597,35.3029858934831],[-80.9579692804524,35.3030438933338],[-80.957936280818,35.3031228938767],[-80.9579162807322,35.3031578939155],[-80.9578982809446,35.3031788935791],[-80.9578462803184,35.3031988940377],[-80.9578032800275,35.3032088932436],[-80.9576852793734,35.3032188933182],[-80.9575762796384,35.3032228925799],[-80.9572932792563,35.3032108930772],[-80.9572172796148,35.3031998937321],[-80.95714627956,35.3031838942424],[-80.9570512806124,35.3031528936267],[-80.9569862793605,35.3031208932641],[-80.956900279163,35.3030628938947],[-80.9568572801756,35.3030488932049],[-80.9567642800601,35.3029948928892],[-80.9567132801459,35.3029558930756],[-80.9566842791606,35.3029268938329],[-80.9566562796703,35.3028568930885],[-80.956641280243,35.3027958932899],[-80.9566352795597,35.3027438932842],[-80.9565732793523,35.3026088935993],[-80.9565362802994,35.3025878929776],[-80.9565062796783,35.3025738940055],[-80.9564582792882,35.3025718935198],[-80.9563962799075,35.3025778930504],[-80.9562912788657,35.3026038930044],[-80.956226279764,35.3026338935668],[-80.956176279246,35.30266389341],[-80.9561272803504,35.30271689291],[-80.9560852797772,35.3027698938344],[-80.9560382792076,35.3028088938914],[-80.9560092799993,35.3028608931191],[-80.9559672799948,35.3029578934368],[-80.9559332794379,35.3030668941139],[-80.9558982793921,35.303131893446],[-80.9558662797445,35.3032448929545],[-80.9558612793455,35.3033028934059],[-80.9558382796475,35.3033958936741],[-80.9558212794503,35.3034418934398],[-80.9557972794931,35.3035578932501],[-80.9557562796072,35.303901893592],[-80.9557692791997,35.3040028940422],[-80.9557612797436,35.3040718931917],[-80.9557482793094,35.3041128937233],[-80.9557262791033,35.3041508938404],[-80.9556892789539,35.3042018942641],[-80.9556432798834,35.3042238931016],[-80.9554682789146,35.3043478937602],[-80.9552902802399,35.3045048934469],[-80.9551762786234,35.3045748937933],[-80.955029279245,35.3046718941036],[-80.9549312797199,35.3047778938833],[-80.9547632795373,35.3049138938077],[-80.9547062785708,35.3049438942141],[-80.9546362793656,35.3049978938648],[-80.9545622791917,35.3050428939979],[-80.9544562790403,35.3050998937433],[-80.9543782793935,35.3051578939653],[-80.9542802791026,35.3052418943927],[-80.9542062798262,35.3052978941382],[-80.9541662794816,35.3053208946614],[-80.9541252791797,35.3053808933555],[-80.9541102799271,35.3053998946808],[-80.9540712792973,35.3054348941219],[-80.953958279017,35.3055618942149],[-80.9539202787734,35.305598893499],[-80.9539082795554,35.305631894639],[-80.9538292788322,35.3056918942213],[-80.9535972786874,35.3057818944707],[-80.9534752788513,35.3058628940119],[-80.9534492789256,35.3058838940127],[-80.9533952791366,35.3059448946911],[-80.9532932791848,35.3060898934601],[-80.9532352790893,35.306183894125],[-80.9531822788445,35.3062328941496],[-80.9531012790383,35.3062958945367],[-80.9530272785792,35.3063828941802],[-80.9529762792349,35.306457894509],[-80.9529662790391,35.3064798941072],[-80.9528912785942,35.306599894004],[-80.9528562786427,35.3066668939615],[-80.9528142795969,35.3067188937173],[-80.9528092787997,35.3067388940098],[-80.9528112788851,35.306758894098],[-80.9527822784979,35.306832893976],[-80.9527482787146,35.3068638947428],[-80.9526502784613,35.3069178939367],[-80.9523932789398,35.3069768939715],[-80.9522952785836,35.3070188940247],[-80.9522392784612,35.3070538946355],[-80.9521782787509,35.3070748942193],[-80.9521232789003,35.3071018947441],[-80.9520472789134,35.307131894493],[-80.9517792789329,35.3072078939948],[-80.951728278394,35.3072388944036],[-80.9517032787032,35.3072798948984],[-80.9515622788778,35.3074508942772],[-80.9514362785003,35.3075528946148],[-80.9512702789995,35.3076208944],[-80.9511932779165,35.307637893851],[-80.9511402781105,35.3076548951084],[-80.9510702785938,35.3076688946517],[-80.9510002786232,35.3076898943886],[-80.9508412779973,35.3077098945294],[-80.9507722788814,35.3077258947192],[-80.9506272774898,35.3077328947996],[-80.9504942785277,35.3077488943494],[-80.9503242782182,35.3077508951098],[-80.9502782777463,35.307773895372],[-80.9501862781655,35.3078038946607],[-80.9500062786043,35.3078998945614],[-80.9499792774449,35.3079108946455],[-80.9499082782006,35.3079368940237],[-80.9498722780406,35.3079548940608],[-80.9498302777634,35.3079918941979],[-80.949813278419,35.3080298946728],[-80.9497922776932,35.3081658951011],[-80.9497792784686,35.3082048950763],[-80.9497732783799,35.3082658947268],[-80.9497792786442,35.3082838946453],[-80.9497952786404,35.3083098941616],[-80.9497422775043,35.3083528950041],[-80.9496942785161,35.3084248945217],[-80.9496732783467,35.3084778948251],[-80.9496582787089,35.3085008942797],[-80.949620278706,35.3085928949269],[-80.9495872772956,35.3086358955608],[-80.9495592780826,35.3087308953643],[-80.949481278044,35.3089278950487],[-80.9494662780614,35.3089748948598],[-80.949421278662,35.3090578944823],[-80.9493832778896,35.3091508949527],[-80.9493422781753,35.3092318952611],[-80.9492992776007,35.309289894831],[-80.9492682777844,35.3093778948421],[-80.9492442778356,35.3094798944081],[-80.94919127807,35.309644894838],[-80.9491562779819,35.3097218953546],[-80.9490852778589,35.3098028951948],[-80.9490382780247,35.3098718948483],[-80.949003277333,35.3099458956149],[-80.9489512775981,35.3099988952136],[-80.9488982779395,35.3100518946525],[-80.9487832779089,35.3101118949182],[-80.9487172782436,35.3101318948189],[-80.9486202784359,35.3101528948546],[-80.9484432780681,35.3101698949821],[-80.9481992780202,35.3101978952018],[-80.9481172777666,35.3102068945062],[-80.9480342779041,35.3102278951425],[-80.9478802775048,35.3102438959966],[-80.9478042775804,35.310247894625],[-80.9477372776215,35.3102598955282],[-80.9476592784093,35.3102918955429],[-80.9476232775989,35.3102938955481],[-80.947568276807,35.3102978952859],[-80.9474542773175,35.3103168956978],[-80.9472972771895,35.3103738949664],[-80.9471962771093,35.3103998954793],[-80.946986277784,35.310435895693],[-80.9468912777492,35.3104618950474],[-80.9467162779525,35.3105368953721],[-80.946658277177,35.3105578961791],[-80.9465892765361,35.3105998950138],[-80.9465182772564,35.3106818949745],[-80.9464742776481,35.3107428948209],[-80.9464252775771,35.3108238955305],[-80.9463942768593,35.3108858954779],[-80.9463392769982,35.3110638956319],[-80.9463222772733,35.3111148951933],[-80.9462382775474,35.3113328958515],[-80.9462072770542,35.3113928959323],[-80.9461682773012,35.311441894909],[-80.9461522777056,35.3114558955178],[-80.9460942764175,35.3114718956351],[-80.9460412775081,35.3114808953617],[-80.945984277027,35.3114738960234],[-80.9459102768403,35.3115048956244],[-80.9458322768417,35.3115718955112],[-80.945749276793,35.3117028954726],[-80.9456992773991,35.311850896316],[-80.945692277385,35.311884895454],[-80.9456732770597,35.3119368953975],[-80.9455782776451,35.3120648962716],[-80.9455202769221,35.3121268960818],[-80.9454632778433,35.3121938955077],[-80.9454372768337,35.3122428963726],[-80.9454202765873,35.3122928958901],[-80.9453422775606,35.3124438952695],[-80.9452282776016,35.3126078954892],[-80.9452052767669,35.3126578957897],[-80.9451152766909,35.3127618958542],[-80.9450912773244,35.3128068964321],[-80.9450662770248,35.312877896095],[-80.9449322765466,35.3130958954654],[-80.944895277659,35.3131508955252],[-80.9448312770697,35.3132028958478],[-80.9447212767294,35.3132668952612],[-80.9446952774422,35.3132888958757],[-80.9446002766241,35.3133298954929],[-80.9445522765369,35.3133438958237],[-80.94449927648,35.3133668961915],[-80.9444702768928,35.3133868955415],[-80.9444212772612,35.3134398962976],[-80.944379276282,35.3135018955706],[-80.9443742760773,35.313540895367],[-80.9443712762458,35.3135998953302],[-80.9443762762207,35.3136348963434],[-80.9443292768042,35.3137258963487],[-80.9442902766438,35.3138198956326],[-80.9442172761335,35.3138898967757],[-80.9441972768251,35.3139668964883],[-80.9441872770801,35.313983896667],[-80.9441592768368,35.3139938962077],[-80.9441302771214,35.3140278967914],[-80.9441182763982,35.3140558964435],[-80.94413827641,35.3141108963028],[-80.9441742762515,35.3141758961615],[-80.9442102772211,35.3142228968704],[-80.9443022763153,35.3143128958573],[-80.9443572767674,35.3143888960555],[-80.9443842766725,35.3144428962846],[-80.9443782761962,35.3145048963343],[-80.944371276021,35.3145258957541],[-80.9443422771947,35.3145748966881],[-80.9442342761551,35.3147168963571],[-80.9441902774315,35.3147548957261],[-80.9441292774697,35.3147838966228],[-80.9440932768811,35.3147928966501],[-80.9437312771131,35.3148158962025],[-80.943664275675,35.3148328961035],[-80.943560276379,35.314881896035],[-80.9434932766496,35.3149178966326],[-80.9434392767855,35.3149468966316],[-80.9433812761253,35.3149688965886],[-80.9433592760203,35.3149788961184],[-80.9433242764377,35.3149978959885],[-80.9432672772143,35.3150218967512],[-80.9430302765446,35.3150858966016],[-80.9428342765736,35.3151458967762],[-80.9426792771217,35.3151958962721],[-80.9425152759474,35.3152598970145],[-80.9424192766462,35.3152928963362],[-80.942343276865,35.3153118962705],[-80.9422702764002,35.3153388968444],[-80.9421622762474,35.3153668959877],[-80.9420832762761,35.3153768969834],[-80.9420352768734,35.3153938968768],[-80.9419812763015,35.3154158969183],[-80.9419342761104,35.3154348967772],[-80.9418632763221,35.3154618965751],[-80.9417872759185,35.3154818960657],[-80.9416032764049,35.3155518964439],[-80.9415142756643,35.3155788961262],[-80.941417275545,35.3156188964623],[-80.9409102755603,35.3157858967012],[-80.940808275285,35.3158258964347],[-80.9406482753182,35.3158808962879],[-80.9405462752972,35.3159068971914],[-80.9404632755175,35.3159308966991],[-80.9403022752846,35.3159918961875],[-80.9401422754024,35.3160448973619],[-80.940094275113,35.3160558961843],[-80.9400262758479,35.316083897204],[-80.9398402746921,35.3161478968621],[-80.9396422751436,35.316199896662],[-80.9395282750136,35.3162388973541],[-80.9392762750568,35.3163288965445],[-80.939227275717,35.3163518962889],[-80.9391612753698,35.3163688965617],[-80.9390772748315,35.3163988970021],[-80.9390052755628,35.3164168966707],[-80.938943275192,35.3164358965913],[-80.9388632753372,35.3164568968421],[-80.9387862756017,35.3164798974951],[-80.9387272753054,35.3164948974603],[-80.9386652744553,35.3165088968445],[-80.9384612755114,35.3165708968551],[-80.9381212751769,35.3167158973489],[-80.9380862748886,35.316722896886],[-80.938028275194,35.3167498973167],[-80.9378862755543,35.3168318974965],[-80.9377872751305,35.3169308974905],[-80.9377652746241,35.3169848969665],[-80.9376902746384,35.3169888974777],[-80.9376292750028,35.3170698978955],[-80.937577275183,35.3171208970602],[-80.9375472742276,35.317156897378],[-80.9374952747514,35.3172438973787],[-80.9374322743993,35.3173658967106],[-80.9374002755513,35.3174048970917],[-80.9372822748014,35.3176148972843],[-80.9372542747799,35.3176728975533],[-80.9372362750136,35.3176918977606],[-80.9371882751102,35.3177748980488],[-80.9371682749107,35.3178798972167],[-80.9371412753557,35.3179388966769],[-80.9370962741616,35.3180128967474],[-80.9370662752606,35.3180788974739],[-80.9369642748697,35.3182138968987],[-80.9369442744409,35.318298897139],[-80.9369262750315,35.3183668968422],[-80.9368752748029,35.3184548975817],[-80.9368062748184,35.3185858969053],[-80.9261102704048,35.3098488965935],[-80.925976270314,35.3099258959296],[-80.9258392705062,35.310004896634],[-80.9253552711429,35.3102858954469],[-80.925258270529,35.3103448962526],[-80.9250232713427,35.3104898965639],[-80.9239462710244,35.3111338958638],[-80.9235282702969,35.3113758964773],[-80.9232352699748,35.3115378958242],[-80.9230362702417,35.3116278967454],[-80.9229392699683,35.3116648960762],[-80.9228362693864,35.3116978963471],[-80.9227412699984,35.3117228965327],[-80.9225542702778,35.3117638968711],[-80.9224102695734,35.311782896378],[-80.922331270455,35.3117898965287],[-80.922106270065,35.3117998967149],[-80.9217112703273,35.3117958964282],[-80.9201642695692,35.3117418959374],[-80.9199932692209,35.3117288966255],[-80.9197932693795,35.3117068961303],[-80.919583269374,35.3116748970803],[-80.9193862688559,35.3116338972181],[-80.9192752694481,35.3116048959938],[-80.9190172694709,35.3115248962271],[-80.9187302692171,35.3114168967005],[-80.918311269054,35.3112418965418],[-80.9177422690831,35.3109928970872],[-80.9160402683025,35.3102668963361],[-80.9160282679322,35.3103278968636],[-80.9160342687896,35.3104098961902],[-80.9162542688974,35.3114258961042],[-80.9162952681481,35.3116908968796],[-80.9163072680559,35.3119048966178],[-80.916303268294,35.3121318966389],[-80.9162912687543,35.3123038973311],[-80.9162232677547,35.3129768962395],[-80.9161982684562,35.3131588968902],[-80.916126268471,35.3135638966911],[-80.9160702680194,35.3138098969742],[-80.9160232682946,35.3139578966713],[-80.9159942677147,35.3140278974053],[-80.9159452686838,35.3141188967803],[-80.915865269022,35.3142358970045],[-80.9154462676959,35.3147458973149],[-80.9151662677037,35.3150718972191],[-80.914981268347,35.3152678972801],[-80.9148122675489,35.3154228981187],[-80.9145582680086,35.3156238970195],[-80.9142582678195,35.3158428975275],[-80.9140902681876,35.3159578974025],[-80.9138892676072,35.3160758971431],[-80.913728267738,35.3161548978524],[-80.9134812675903,35.3162598975754],[-80.9130642679073,35.3164208978365],[-80.9127522672954,35.3165248978239],[-80.9125232668595,35.316586897992],[-80.9123042672486,35.316631897573],[-80.9121752676551,35.3166528982737],[-80.911986267285,35.3166748984613],[-80.9116772672405,35.3167008970848],[-80.9114752680581,35.316712898058],[-80.91120726653,35.3167208976095],[-80.9112232665647,35.3167968985215],[-80.9112442668898,35.3168408978352],[-80.9112582670576,35.3168578977803],[-80.9113702668461,35.3169278979844],[-80.9113902667293,35.3169478984733],[-80.9114302667915,35.3169718984256],[-80.9115262670475,35.3170478979322],[-80.9116892674436,35.3171268979096],[-80.9117972669792,35.3171688980189],[-80.9119122666722,35.3172478981082],[-80.9119982669472,35.3173778979397],[-80.9120252673456,35.3174078976403],[-80.912415268235,35.3179208982329],[-80.9124782669656,35.318015897708],[-80.9125532683602,35.3181428980567],[-80.9125732679689,35.3181688977244],[-80.9126082673329,35.3182338980006],[-80.9126322682927,35.3182608983734],[-80.9126432671838,35.3182918980984],[-80.9127212672764,35.318422898347],[-80.9127942673748,35.3185098983275],[-80.912879267992,35.3186578988072],[-80.9129712671134,35.3188528991093],[-80.9129792674176,35.3190008986151],[-80.9129602677711,35.3190848986142],[-80.9129382676822,35.3192368982241],[-80.9129202679095,35.3193848981744],[-80.9129432680091,35.3194858983367],[-80.9129642675088,35.3195158988531],[-80.9129882685233,35.3195338983069],[-80.9130532677562,35.3195618982329],[-80.91326326804,35.3198848987262],[-80.9132922675566,35.3199018986015],[-80.9133532679961,35.3199498990172],[-80.913425267481,35.3200488978338],[-80.9135782682625,35.3202738990094],[-80.9136312684876,35.3203328983058],[-80.9136562686836,35.3203688988674],[-80.9137162683475,35.3204318989022],[-80.9138382680934,35.3205038982437],[-80.913990268962,35.3205848984249],[-80.9141002676702,35.3206268983095],[-80.9142092675894,35.320691898822],[-80.9142472681259,35.3207208982889],[-80.9142752675518,35.3207338979368],[-80.9143842689471,35.3207428987966],[-80.9144932678401,35.3207078988503],[-80.9145742678701,35.3206868990674],[-80.9146112682995,35.3206898989544],[-80.9146562682806,35.3206998987469],[-80.9146872683312,35.3207168982237],[-80.9147072683937,35.3207458990257],[-80.914736268519,35.3207628985526],[-80.914780267538,35.3207628989552],[-80.9148702684183,35.3207468985904],[-80.9152352687475,35.3207588986541],[-80.9153542681562,35.3207088991445],[-80.9154772685109,35.3206318985962],[-80.9155682683848,35.3205228980497],[-80.9156322681697,35.320424898689],[-80.9156522686758,35.3203828978197],[-80.9156692688698,35.3202758989786],[-80.9157712681959,35.3201358988514],[-80.9158352688443,35.3200238990286],[-80.9158782679227,35.3199758982718],[-80.9159122688414,35.3199558980476],[-80.9159462683129,35.3199448986899],[-80.9159892694163,35.3199528982622],[-80.9160652688937,35.3200058984406],[-80.9161372683021,35.3200168986713],[-80.9162502685695,35.320005898892],[-80.9163062688364,35.3200248988786],[-80.9163652686059,35.3200598983759],[-80.916456268754,35.3200928983748],[-80.9167602687138,35.3201678985438],[-80.9168762695598,35.3201818985482],[-80.9169712689079,35.3201888980129],[-80.9171032688503,35.3202088981762],[-80.9172532692554,35.3202378989957],[-80.9173682691562,35.3202658984775],[-80.9174792697482,35.320280897625],[-80.9176752695024,35.3202988992718],[-80.9177922694057,35.3203218978662],[-80.9178802685005,35.3203528985588],[-80.9180242694353,35.320413899011],[-80.918117268702,35.3204428980929],[-80.9183272696116,35.3204858988113],[-80.9184502691213,35.3204798985597],[-80.918499269179,35.3204848981055],[-80.9185392700271,35.3204978978004],[-80.9186892693525,35.3205678988758],[-80.9187242694258,35.3205788986054],[-80.9187692695473,35.3205858989934],[-80.9188302696738,35.3205868989427],[-80.9189352703952,35.3205618986563],[-80.919215269419,35.3203918984177],[-80.9193352698843,35.3202738988398],[-80.9193542699243,35.3202638981047],[-80.9194712691828,35.3202488981787],[-80.9195422697034,35.3202338987251],[-80.9195642701894,35.3202138983319],[-80.9196062692326,35.3201898987351],[-80.9196282690285,35.3201618982776],[-80.9196372695235,35.3201278980257],[-80.9196372695853,35.320076898863],[-80.9196562701249,35.3200458975673],[-80.9196582699955,35.3199968980514],[-80.9196702700177,35.319928897992],[-80.9197022700945,35.3198578985849],[-80.9197702694632,35.3197658987285],[-80.9198902696131,35.3196948981516],[-80.9199352698924,35.3196588980926],[-80.9200382692672,35.3195988979512],[-80.9201512701014,35.3195208979086],[-80.9201992702203,35.3195048985822],[-80.9202412701343,35.3194968979675],[-80.9203312692046,35.3194928985869],[-80.9203752695862,35.3194968983095],[-80.9204502697036,35.319493898548],[-80.920558270468,35.3194728984162],[-80.9207222708609,35.3194748975397],[-80.9207492697058,35.3194788980874],[-80.9207762703975,35.3194778982207],[-80.9208072699539,35.3194878986904],[-80.920873270643,35.3194918982165],[-80.9209202696178,35.3195018982406],[-80.9209822693789,35.3195058980554],[-80.9210322698291,35.3195038985641],[-80.921086269828,35.3195098987867],[-80.9211242697431,35.319518898231],[-80.9211702702541,35.3195188979113],[-80.9212992701857,35.3195278980636],[-80.9214112699277,35.3195288981492],[-80.9214592699924,35.3195408981029],[-80.9215432702278,35.3195238978829],[-80.9216042704743,35.3194968975396],[-80.9216462709797,35.3194838978493],[-80.9217332697595,35.3194918987005],[-80.9217782709933,35.3195058981203],[-80.9218622697356,35.3195198980746],[-80.9219412701496,35.3195198976091],[-80.9222132709953,35.319531898137],[-80.9222622706275,35.3195428982423],[-80.9228472704347,35.3195818984207],[-80.9230322709738,35.3195868987832],[-80.9233412704888,35.319587898274],[-80.9235182703281,35.3195848986622],[-80.9235742705555,35.3195808977042],[-80.9236382704797,35.3195868984464],[-80.9236872714523,35.3195958981652],[-80.9238602712884,35.3196468982764],[-80.9239812709507,35.3196578980398],[-80.9243762706277,35.3196598980453],[-80.9244792715398,35.319667897812],[-80.9247542712731,35.3197018986095],[-80.924886270917,35.319726897911],[-80.9249432719529,35.3197438980707],[-80.9250662707626,35.3197998981796],[-80.9251282710802,35.3198098979526],[-80.9252462718076,35.319817898459],[-80.9254942712154,35.3198618984135],[-80.9256272719975,35.3198918985113],[-80.9256912710032,35.319914898231],[-80.9257232720582,35.3199338986291],[-80.9257382719154,35.3199498982851],[-80.925755270871,35.3200048981746],[-80.9257732709951,35.320036898049],[-80.9257852721339,35.3200818981993],[-80.9257892709474,35.3202148983666],[-80.9258082723999,35.3202818985203],[-80.9259802718305,35.3206648987709],[-80.9260102715821,35.320845897893],[-80.9261682719139,35.3212798979194],[-80.9263372717546,35.3216378983655],[-80.9263862716474,35.3217678979934],[-80.9265152718437,35.3221778978933],[-80.9265502716343,35.3222648983151],[-80.9266342726866,35.3225318984423],[-80.926691272477,35.3226598989148],[-80.9267552718735,35.3227528989331],[-80.9267882726038,35.3227708985888],[-80.9269592724246,35.3228368993968],[-80.9270952722186,35.3229158992412],[-80.9270302714635,35.3229828987045],[-80.9269822720338,35.3230238990086],[-80.9269182715913,35.3230728987888],[-80.9268972722416,35.3230968986053],[-80.9268672722992,35.323121899058],[-80.9268602724674,35.3231448989377],[-80.9268282725684,35.3231888994698],[-80.9267402715304,35.3232508991549],[-80.9267072718082,35.3232708982202],[-80.9266402716662,35.3233058992378],[-80.9266022723178,35.3233588986375],[-80.9265902720611,35.3233908986671],[-80.9265722719626,35.3234308986351],[-80.9265472723987,35.3234738987315],[-80.9265102721374,35.3235178993719],[-80.926396272149,35.323592898962],[-80.9263532714591,35.3236498989699],[-80.9262982719177,35.3236978986989],[-80.9262442718607,35.3237278988067],[-80.9261412719023,35.3238168993515],[-80.9261132713723,35.3238818988001],[-80.9260612724004,35.3239408982347],[-80.9260152716533,35.323967899363],[-80.925855271061,35.3241318993673],[-80.9257822717684,35.3242398993031],[-80.9257472716632,35.3242738986854],[-80.9256762716837,35.3243288993442],[-80.9256512716602,35.3243588987984],[-80.9255502720529,35.3244218994721],[-80.9253642708395,35.324600899456],[-80.9253312717018,35.3246448983131],[-80.9252562720004,35.3246918991178],[-80.9251942715004,35.3247428983915],[-80.9251592716002,35.324783898661],[-80.9251312710116,35.3247998993749],[-80.9251092717313,35.3248218987325],[-80.9250312717584,35.3248788991505],[-80.9249492722726,35.3249528990921],[-80.9248882713941,35.325054899512],[-80.9248762710351,35.3251158990157],[-80.9247982717542,35.3251788986339],[-80.9245902711674,35.3253248997034],[-80.924526271744,35.3253438994733],[-80.9244802706623,35.3253508984871],[-80.924408270923,35.3253678993009],[-80.9243302708837,35.3253748990823],[-80.924248270814,35.3254418992681],[-80.9242562717282,35.3254788990018],[-80.9242412712751,35.3255248998832],[-80.9242632721484,35.3255508992368],[-80.9242602715559,35.3255778998973],[-80.9242632716893,35.3255958990293],[-80.9242802718667,35.3256268988653],[-80.9242882711644,35.3256568993567],[-80.924284271119,35.3257048992665],[-80.9242552711449,35.3257468993919],[-80.9242192713902,35.3257878990241],[-80.9241832716498,35.3258548995205],[-80.9241412716512,35.3260258996529],[-80.9241102713962,35.3260718995394],[-80.9240722713348,35.3260988990116],[-80.9240362708104,35.3261308995409],[-80.9239752707435,35.3261658992638],[-80.9239062719535,35.3261858995621],[-80.9238462719551,35.3261889002213],[-80.9237982713347,35.326201899442],[-80.9237352711593,35.3262109001858],[-80.9236942713832,35.3262228991705],[-80.9235772716803,35.3262778997349],[-80.9234472706389,35.3263318993933],[-80.9232172715678,35.3263518990676],[-80.9231462720174,35.3263528993385],[-80.923096270864,35.3263429000074],[-80.9230132703137,35.3263328989673],[-80.9229272710541,35.3263418992996],[-80.9229042716977,35.3263738995344],[-80.9228802714577,35.3263879004208],[-80.9227662714498,35.3263878998347],[-80.9227202705219,35.3263758992656],[-80.9226892709142,35.3263628995701],[-80.9225942709897,35.3263508996026],[-80.9225292712635,35.3263468994668],[-80.9224682711057,35.3263479002001],[-80.9224112714235,35.326359899358],[-80.9223822709149,35.326369898788],[-80.9223162715017,35.32637489903],[-80.9222242700314,35.3263679002435],[-80.9221292706422,35.3263818998651],[-80.9220282704567,35.3263928993861],[-80.9217322705965,35.3264858999399],[-80.9214242703557,35.3266189001762],[-80.9214002706159,35.3266238999038],[-80.9211752709869,35.3267088996536],[-80.9210752703478,35.3267348998628],[-80.9209732698899,35.326765899621],[-80.9208762702579,35.3268088998552],[-80.9208362701816,35.3268128999823],[-80.9207792703959,35.3268278998495],[-80.920718270405,35.3268688999654],[-80.9206462701935,35.3268999006356],[-80.9205692704836,35.3269108997102],[-80.9205082704034,35.3269129002438],[-80.9203542702443,35.326889899341],[-80.9202362699655,35.3268778997507],[-80.920039270676,35.326882899188],[-80.9198722700695,35.3269018991559],[-80.9195642696616,35.3269768998363],[-80.9194292699339,35.3269969004097],[-80.9192342701958,35.326996899833],[-80.919035270482,35.3270108995231],[-80.9189772697526,35.3270069001836],[-80.918847270758,35.3270169003764],[-80.9187242699449,35.3270428996638],[-80.918706269778,35.327046899485],[-80.918667270183,35.3270499002796],[-80.9185592695669,35.3270838998484],[-80.9185082696055,35.3270739000225],[-80.9184682697119,35.3270718999988],[-80.918429269418,35.3270529003629],[-80.918396270339,35.327044900061],[-80.9181852689229,35.3270779006932],[-80.9180062696972,35.3270959006728],[-80.9179722691881,35.3270919003613],[-80.917926269287,35.3270929001842],[-80.9178432701742,35.3271069002352],[-80.9176852702611,35.3271188996525],[-80.9176432694812,35.3271269002185],[-80.9175762696281,35.327132900072],[-80.9175152688626,35.3271339001135],[-80.9173482692915,35.3271478998047],[-80.9172792685337,35.3271499000387],[-80.9172222686879,35.3271618994394],[-80.917126269486,35.3271729004341],[-80.9170742690679,35.3271688998751],[-80.9169842693521,35.3271829001444],[-80.9169172699268,35.3271828993636],[-80.9166662700171,35.3272309003572],[-80.9164072696124,35.3272408998388],[-80.9162322689603,35.3272349004944],[-80.9161462691721,35.3272608995855],[-80.9159622693895,35.3272849001671],[-80.9158612688379,35.3272868999893],[-80.9158142692713,35.3272939006552],[-80.9157852696519,35.3273059000611],[-80.9156442691165,35.3273329003999],[-80.9155342685375,35.3273139002851],[-80.9153362688865,35.3273059002485],[-80.9152432689946,35.3273059003742],[-80.9151662686927,35.3273178995045],[-80.9151162695423,35.3273189001861],[-80.9149652687011,35.3273068997423],[-80.9149272682762,35.327300899822],[-80.9148982688365,35.3272959008314],[-80.9148292685908,35.3272919003014],[-80.9146972687764,35.3272719002164],[-80.9144312691133,35.3272188992649],[-80.9143672688149,35.32719590082],[-80.9142662681966,35.3271719002985],[-80.9142262680704,35.3271589000579],[-80.9141112687393,35.3271369004462],[-80.9140492681807,35.3271179004577],[-80.9139372691085,35.3270959001521],[-80.9138932688545,35.3270828999014],[-80.9138412692792,35.3270569003044],[-80.9137942687116,35.3270278995556],[-80.9137462680577,35.327003899629],[-80.9136902682869,35.3269829004271],[-80.9135242682917,35.3269099001039],[-80.9134432683685,35.3269019003652],[-80.9132992677,35.3268868993902],[-80.9132242679152,35.3268889001194],[-80.9131452686091,35.3268979001138],[-80.9130292676376,35.3269288996966],[-80.9129712678924,35.3269528998735],[-80.9127752676799,35.3270098994793],[-80.9126762677841,35.3270338996556],[-80.9124612682383,35.3271149004721],[-80.9123472683312,35.3271469001448],[-80.912206267484,35.3271668999318],[-80.9120882680802,35.3271929000349],[-80.9120482682978,35.3272209000716],[-80.9119882679348,35.3272339000781],[-80.9118792678831,35.3272849003757],[-80.9118012678076,35.3273069003433],[-80.9117342680295,35.3273198998073],[-80.9113852680566,35.3274239005372],[-80.9112622674824,35.3275109009434],[-80.9112222680448,35.3275269001843],[-80.9111792678271,35.3275188997629],[-80.9111422674577,35.3275039000778],[-80.9111052671384,35.3275059003502],[-80.9110322677227,35.327481899805],[-80.9109862677996,35.3274919005249],[-80.9109092677355,35.3275319002219],[-80.9108512672865,35.3275539004929],[-80.9107392681108,35.3275849005323],[-80.9106482668762,35.3276389003359],[-80.9106092673264,35.3276749003716],[-80.9105562676776,35.3277158998022],[-80.9104812674923,35.327741900741],[-80.9102362673119,35.3278889001873],[-80.9101482678864,35.3279489002961],[-80.9100902674813,35.32801890041],[-80.9100452675541,35.3280969001781],[-80.9100162681231,35.3281268998389],[-80.909986267095,35.3281499007172],[-80.9099392674186,35.3282089006731],[-80.9098352669659,35.3283029003375],[-80.9097412681264,35.328402900241],[-80.90971326756,35.3284479004819],[-80.909696267202,35.3284649007125],[-80.9096232671215,35.3283959005948],[-80.9094872669831,35.3282729005367],[-80.9092792671212,35.3280939008634],[-80.9092172673437,35.328045899738],[-80.9090692669065,35.3279419005939],[-80.9089032667833,35.3278409006288],[-80.9086742669063,35.3277289008743],[-80.9085442658971,35.3276719008722],[-80.9082592672872,35.3275608999609],[-80.907984266922,35.3274659005383],[-80.906742266234,35.3270229004061],[-80.9062132654917,35.3268188996604],[-80.9059492667674,35.3267018998344],[-80.9057522667722,35.3265959007346],[-80.905553265958,35.3264759000614],[-80.9052482653288,35.3262518999896],[-80.905124266467,35.3261439003712],[-80.9049672660837,35.3259889000738],[-80.904899265435,35.3259219003703],[-80.9044972664464,35.3254849000081],[-80.9042112651973,35.3251739002106],[-80.9024552639171,35.323229900394],[-80.9021232638791,35.3228708995663],[-80.9020192644639,35.3227588996409],[-80.9019852640475,35.3227138993366],[-80.901949264858,35.32287890036],[-80.9018952645935,35.3232868997413],[-80.901836264189,35.32362489955],[-80.9017972647948,35.323787900034],[-80.9017592649432,35.3239138996556],[-80.9017022644193,35.3240588998093],[-80.9016922645257,35.3240798994596],[-80.9016082649161,35.3242549000693],[-80.9015472647066,35.3243588997861],[-80.9014482648481,35.3244959000984],[-80.9013482645229,35.324595900233],[-80.9012882640184,35.3246478997076],[-80.9011452639292,35.3247499000619],[-80.9010182649549,35.3248229001985],[-80.9008042642593,35.3249278998318],[-80.900132264552,35.3252339000781],[-80.9000392646233,35.3252839002195],[-80.8999172641723,35.3253619004442],[-80.8997922635161,35.3254579005474],[-80.8995842646961,35.3256399008549],[-80.8991082635297,35.3260919010799],[-80.8989742639706,35.3262299006345],[-80.8988672634535,35.3263609003652],[-80.8986442637975,35.3266579005842],[-80.8984542638464,35.3268879007946],[-80.8981782644991,35.3271779003006],[-80.8980152635091,35.3273359002139],[-80.8978282634162,35.3274969005434],[-80.8976832642584,35.3275909008674],[-80.8973852630576,35.3277429004928],[-80.8969142636078,35.3279829006672],[-80.8965912629303,35.3281479006799],[-80.8959192637923,35.3284949009947],[-80.8957652635523,35.3285789012],[-80.8944432624696,35.3293719013147],[-80.8941892622054,35.3294989016327],[-80.8940572629316,35.3295559011451],[-80.8939362626139,35.3296029018462],[-80.8936802626419,35.3296849012968],[-80.8933762622882,35.3297909013387],[-80.8932062621031,35.3298609019241],[-80.8931042622806,35.3299199009742],[-80.8930082625119,35.3299899014028],[-80.892870261924,35.3301179006904],[-80.8926022618661,35.3304109012336],[-80.8921942619542,35.330877902236],[-80.8918712619447,35.3312249021583],[-80.891771261466,35.3313099019443],[-80.8916712619353,35.3313879024149],[-80.8915382623962,35.3314609020907],[-80.891417262115,35.3315219022234],[-80.8910962622848,35.3316349022588],[-80.8903002618925,35.3318609022215],[-80.8899822612348,35.3319699015848],[-80.889378261695,35.3321929020159],[-80.8876282604912,35.3328569020404],[-80.887279260501,35.3329849017597],[-80.8869712609365,35.3330979026771],[-80.8867232607919,35.3331799022133],[-80.8861052599563,35.3333949021332],[-80.8857592611136,35.3335069029677],[-80.8855872603685,35.3335559026848],[-80.885193260707,35.3336559021314],[-80.8850252599862,35.3336909025915],[-80.88487426073,35.3337169025519],[-80.8844092599498,35.3337629032475],[-80.8842382598158,35.3337689020924],[-80.8832882604805,35.3337699025636],[-80.8832062596167,35.3337699026132],[-80.8822762589403,35.3337479033207],[-80.8820652589233,35.3337509025155],[-80.8815872585192,35.3337689028029],[-80.881572258768,35.3337699021766],[-80.8812132582875,35.3337829030728],[-80.8806582596582,35.3338059030144],[-80.8804582587385,35.3338079027564],[-80.8802202593171,35.3337989027248],[-80.8799232587726,35.3337799030692],[-80.8787262581679,35.3336869025725],[-80.8782352578814,35.3336489029738],[-80.8774372576849,35.3335909029248],[-80.8765872579401,35.3335239027746],[-80.876574258513,35.3335229023263],[-80.8755092570477,35.3334409019979],[-80.8750652566158,35.3334129027105],[-80.8750392578557,35.333410902387],[-80.8745322578586,35.3333789030952],[-80.8742032567737,35.3333729026232],[-80.8741672565133,35.3332889022925],[-80.8737702565379,35.3322659032021],[-80.8735052563166,35.3315819018405],[-80.8734342561255,35.3314239030459],[-80.8733722564673,35.3313189022178],[-80.8732822568325,35.3311939021483],[-80.8731552570318,35.3310569021898],[-80.8730082561759,35.3309149027208],[-80.872533256275,35.3304839029072],[-80.8721972562594,35.330193902137],[-80.8710262560556,35.3292309023222],[-80.8707812555028,35.3290239023637],[-80.8692052552572,35.3277369016358],[-80.8691532545205,35.3276939021947],[-80.8687982551408,35.3273969013182],[-80.8687232546393,35.3273299023186],[-80.8685352554234,35.3271629018771],[-80.8681782549218,35.326810901313],[-80.8679732547097,35.3266079022559],[-80.8674942547461,35.3261349019115],[-80.8672532545783,35.3258949011381],[-80.8670662543159,35.3256899009995],[-80.8670522545764,35.3256709008281],[-80.8669152540993,35.325489901376],[-80.8668452548315,35.3253729020762],[-80.8667592543802,35.325425901545],[-80.8666762542521,35.3254909020028],[-80.8658282548081,35.3262409011578],[-80.8651212541734,35.3268759018922],[-80.8648352536637,35.3271429018355],[-80.8645282539543,35.3274259023929],[-80.8643652534573,35.3275699027038],[-80.8642482534187,35.3276799019808],[-80.8636972537379,35.3281679017796],[-80.8631082533035,35.3287029027358],[-80.8630092533006,35.3287859029168],[-80.8628662532505,35.328896902068],[-80.8621852522829,35.3293829025908],[-80.8620662527538,35.3294639022339],[-80.861916253335,35.3295479028012],[-80.8618512523128,35.3295759024329],[-80.8617832534106,35.329597901933],[-80.8617042529835,35.3296179021298],[-80.8615992527362,35.329637902476],[-80.8613452531231,35.3296679031346],[-80.860748252762,35.3297099027575],[-80.8599792530792,35.3297739019355],[-80.858887251904,35.3298659034198],[-80.8585892524458,35.3298969026293],[-80.8584712522886,35.3299169022747],[-80.8581032518959,35.3300049027964],[-80.8579842515421,35.3300369023603],[-80.857748252326,35.3301199033438],[-80.8577292519345,35.3301279026],[-80.8574732520294,35.3302299028036],[-80.8566672515641,35.3306119028605],[-80.8563782514129,35.3307529024181],[-80.8560862513296,35.3309009031277],[-80.8555362512461,35.3311629030929],[-80.8551452508998,35.3313439030288],[-80.8544602507801,35.3316759024664],[-80.8541372516829,35.3318209035727],[-80.853922250723,35.331908903986],[-80.8537112500156,35.3319889032522],[-80.8533962504906,35.3320919030486],[-80.8532172500752,35.3321409032617],[-80.8525652505168,35.3322949031354],[-80.8524702509934,35.3323259034824],[-80.8524362506214,35.3323459035529],[-80.8524142504195,35.3323659031167],[-80.852377250514,35.3324299031898],[-80.8522982496108,35.3325259033748],[-80.8517932507142,35.3330019041039],[-80.8516542501329,35.3331179035715],[-80.8515402498826,35.3332019041449],[-80.8513652506939,35.3333089037371],[-80.8511612492767,35.3334109033196],[-80.8509272501435,35.3335039031117],[-80.8507242498255,35.3335659040856],[-80.8505462504875,35.3336049033048],[-80.8492082499919,35.3337889038406],[-80.8487572495152,35.3338509042225],[-80.8487342499129,35.3334619037983],[-80.8486152490582,35.3314769031305],[-80.8485952494081,35.331042903634],[-80.8485192488974,35.3297509027033],[-80.8484522486278,35.328700903642],[-80.8482322484377,35.3248759024357],[-80.848211249032,35.3245169014867],[-80.8481622477441,35.3235629019574],[-80.8481442483033,35.3232889018176],[-80.8480902483825,35.3224529011951],[-80.8477732484668,35.3171199009248],[-80.8477382483867,35.316441900028],[-80.8476602489361,35.3151868999468],[-80.8476442472732,35.3147548991823],[-80.8476352477067,35.3143328994699],[-80.8476322482426,35.3138948993176],[-80.8476442471839,35.3131738991461],[-80.8476582482502,35.312821899009],[-80.847673248103,35.3125288992328],[-80.8477172474492,35.311852899407],[-80.8477652477319,35.3113438991352],[-80.8478032479439,35.3110078995309],[-80.8478462477733,35.3107068988492],[-80.8479172474265,35.3102798993918],[-80.8479382477368,35.3099708989801],[-80.8479912472508,35.3096378989688],[-80.8481162481611,35.308971899102],[-80.848271247996,35.3082078987938],[-80.8484792475484,35.3073308983123],[-80.8486702482999,35.3065008979944],[-80.8492022475444,35.30416389771],[-80.849458247155,35.3031178968422],[-80.849606247678,35.3025118967412],[-80.8497112479024,35.3020378970685],[-80.8500582473451,35.3004728961348],[-80.8502062481923,35.2998278966207],[-80.8502892485534,35.2994848972526],[-80.8503232483433,35.299262896213],[-80.8504062483555,35.298886895979],[-80.8510422475327,35.2961238952047],[-80.8512082486638,35.2953638957274],[-80.8513012480928,35.2948698956183],[-80.8513592482081,35.2944678954356],[-80.8514042484011,35.2940648948444],[-80.8514362478978,35.2936188950157],[-80.8514622487254,35.293026895173],[-80.8514602486727,35.2925028947546],[-80.8514502482239,35.2921688951334],[-80.8514362483413,35.2919918947762],[-80.8514002479762,35.2915308950145],[-80.851372247803,35.2912818941493],[-80.8513182484428,35.290872894131],[-80.8512742481581,35.290583894457],[-80.8512012483926,35.2901568948058],[-80.8511322470463,35.2898618948456],[-80.8509432480898,35.2891348946703],[-80.8508482475479,35.28881789419],[-80.8507442476895,35.2885058945054],[-80.8505862471902,35.2880278940499],[-80.8504502481021,35.2876878941222],[-80.8501532475792,35.2869908937407],[-80.8494042473995,35.2853128932725],[-80.8491602466163,35.2847588932922],[-80.848943246302,35.2842658937461],[-80.8487712470127,35.2839028934545],[-80.847919245846,35.2821038934256],[-80.8469302460302,35.2797678918494],[-80.8467122458445,35.2792278925467],[-80.8463002462151,35.2783428926466],[-80.8461082450955,35.2778938921725],[-80.8460662448891,35.2777988923453],[-80.8455092449685,35.2765568913074],[-80.8453452451559,35.2762388917103],[-80.8451382455527,35.2758238918763],[-80.8451152454928,35.2757698914488],[-80.8449462449808,35.2752988916723],[-80.8448932444881,35.2751198908179],[-80.8448172450787,35.2748288913653],[-80.8447582455116,35.2745308914009],[-80.8447372450047,35.274380890909],[-80.8447082447127,35.2742368917541],[-80.8446842450819,35.2739578917541],[-80.8446772449756,35.2738158915624],[-80.8446812450152,35.2736318906628],[-80.8446772444541,35.2733008909297],[-80.8447002446419,35.273137891134],[-80.8447122443738,35.2729478906694],[-80.8448462441107,35.2729278908615],[-80.8449582452308,35.2729108905012],[-80.8467452461303,35.2725728903508],[-80.8469862451684,35.2725268912074],[-80.8470822451807,35.2725078907266],[-80.8471422448226,35.2724968905216],[-80.8516592463079,35.2716278900544],[-80.8519842478088,35.2715658912702],[-80.854190246882,35.2711478901722],[-80.8541112478262,35.2701068897961],[-80.8540162471047,35.2688648892217],[-80.8539842481768,35.268284889466],[-80.8539712473549,35.2680478897445],[-80.8539542476933,35.2673228894844],[-80.8539412480725,35.266772889226],[-80.8539602479743,35.2666108888412],[-80.8542012474284,35.2654588885997],[-80.854225246952,35.2653408888381],[-80.8544582471047,35.2642458887542],[-80.8547182472027,35.2629988889328],[-80.8548052474175,35.2625758883629],[-80.8550152479303,35.2614748888712],[-80.8550952463711,35.2610098879432],[-80.8551232467066,35.2607998877519],[-80.8551752474611,35.2604108885335],[-80.8552312468324,35.2599808882264],[-80.8553332465073,35.259160887694],[-80.8554152469357,35.2585278878924],[-80.8554392469479,35.2583428875889],[-80.8554982479065,35.2579008872979],[-80.8555332468345,35.257612887912],[-80.8556032472031,35.2570368872148],[-80.8542922464045,35.2569498880999],[-80.8529162467166,35.2568568870748],[-80.8509902457662,35.2567258873246],[-80.8495632451567,35.25662588711],[-80.8494112460034,35.2566138871249],[-80.8483242448586,35.2565498876553],[-80.8478542443259,35.2565178876027],[-80.8477112445913,35.2565008874521],[-80.8475752442977,35.256467887474],[-80.8469582453702,35.2562388872274],[-80.8451902443739,35.2555728876091],[-80.8447592444976,35.2563458875003],[-80.8445312431366,35.2567538874839],[-80.84441724315,35.2569568882902],[-80.8438512431959,35.2569088877664],[-80.8420002431098,35.2568718877682],[-80.8417682432461,35.2568698875666],[-80.8416892428844,35.2570488875602],[-80.8416302424807,35.2571848880299],[-80.8414362424377,35.2574238876691],[-80.84129724328,35.2576618878131],[-80.8410062423312,35.2582048878344],[-80.8407962430745,35.2585578883073],[-80.8402922431506,35.259478888739],[-80.8402492427758,35.2595708879368],[-80.8399912426044,35.2594848884533],[-80.8396162423297,35.2595558881386],[-80.8387532421201,35.25885788883],[-80.8376142422934,35.2579338882373],[-80.8374102419981,35.2577618887119],[-80.8368072413532,35.2572538885808],[-80.8366152415802,35.2570958879904],[-80.8362292410422,35.2567808882207],[-80.8361532410087,35.2566978874315],[-80.8361062416311,35.2566268879497],[-80.8360772408984,35.2565698879192],[-80.8360582414737,35.2563688880486],[-80.8360542415917,35.2562818879371],[-80.8360312411467,35.2557318868703],[-80.836028241553,35.2553578876304],[-80.8360172410982,35.2550188878255],[-80.8360142411687,35.254684887785],[-80.8359982415816,35.2541708873238],[-80.8359752409438,35.2535178864829],[-80.8359662418016,35.2532338871835],[-80.8359342409891,35.252153887151],[-80.8359092410121,35.2513278865484],[-80.8358982411059,35.2510968865012],[-80.8358692403749,35.2502618870262],[-80.8358512406762,35.2495388869079],[-80.8358472409387,35.2494258859087],[-80.8348222405722,35.2494808869068],[-80.8338882396942,35.2495098859504],[-80.8336412402564,35.2495228861128],[-80.8330332403702,35.2495418861418],[-80.8325992402341,35.2495638857446],[-80.8318782406098,35.2495888866246],[-80.8312632400674,35.2496148864947],[-80.8304572393101,35.2496488867261],[-80.8303542389032,35.2496448863822],[-80.830326239261,35.2496428863839],[-80.8301572394494,35.2496138870452],[-80.8301102390236,35.2496018869639],[-80.8300662393772,35.2495858860966],[-80.8299842386946,35.2495418868719],[-80.8299472395045,35.2495128860993],[-80.8298892394295,35.2494518863443],[-80.8296942387346,35.2491398868055],[-80.8294962393274,35.2488488867229],[-80.8294092385577,35.2487138861264],[-80.8292762385819,35.2484828863428],[-80.8291912383686,35.2483148860081],[-80.8295052383186,35.2478998860259],[-80.8297932397811,35.2475298857107],[-80.8305542387509,35.2465278851778],[-80.830716239784,35.2463218855227],[-80.8308962386465,35.2460818856697],[-80.8311832399768,35.2457108852647],[-80.8318152394053,35.2448798847913],[-80.8325362399466,35.2439398852271],[-80.8332802404053,35.242980884348],[-80.83390724044,35.2421528851516],[-80.8342062403351,35.2417568852728],[-80.8347152402945,35.2410958852225],[-80.8350052405424,35.2407118840319],[-80.835716239511,35.2398008843317],[-80.8359362407008,35.2395028841049],[-80.8361522396864,35.2392138846146],[-80.8365532408016,35.238707883808],[-80.8372942412758,35.2378528841743],[-80.8376492412294,35.2374198841269],[-80.8384342410502,35.2367588841618],[-80.838819241266,35.2368548834383],[-80.8395842415526,35.2370458832609],[-80.8399962410744,35.2371488840975],[-80.8402932417159,35.237242883792],[-80.8403382411982,35.2372588837253],[-80.8405882415229,35.2373168837605],[-80.840629241134,35.2373278836573],[-80.8418452416592,35.2376608839428],[-80.8430262419948,35.2379568835784],[-80.8473962431832,35.2391488833629],[-80.8483962434999,35.23944888413],[-80.8490682442795,35.2399608838423],[-80.8505002449262,35.2410528843798],[-80.8505682453697,35.2411208839862],[-80.8506502455056,35.2412028834417],[-80.8507862448304,35.2413388833786],[-80.8509302444161,35.2414838842604],[-80.850994244765,35.24154688404],[-80.8510962450931,35.2416488843875],[-80.85219624591,35.2432478848681],[-80.85221824584,35.2432818844426],[-80.8522932453551,35.2432228838743],[-80.8524162456601,35.2431408837697],[-80.8524822462274,35.2431048841174],[-80.8526152461877,35.2430428836929],[-80.8529422458434,35.2429248843689],[-80.8529942451885,35.2428968843384],[-80.85303624561,35.2428688841493],[-80.8530752451063,35.2428358844448],[-80.8531042456912,35.2428028845971],[-80.853134245691,35.2427548845196],[-80.8533092455096,35.2424188843164],[-80.8537722463929,35.2415778841058],[-80.8538862460119,35.2413458844139],[-80.8541232462516,35.2413498839604],[-80.8549872460096,35.2413788837976],[-80.8559752465817,35.2414048843858],[-80.8569612463805,35.2414358836672],[-80.8579292476321,35.2414628839484],[-80.8579772462353,35.2414598837904],[-80.8580692475732,35.2414408839098],[-80.8581102475615,35.24142588422],[-80.8581532464329,35.2413988839033],[-80.8582742464472,35.2414838840162],[-80.8585112474106,35.2416298838041],[-80.8587162476176,35.2417398843757],[-80.858673247669,35.2414898836373],[-80.8586702466704,35.2414408842865],[-80.8586232477645,35.2412038841138],[-80.8585442472085,35.2409248830371],[-80.8585002471609,35.2407388837955],[-80.8584712467037,35.2405598833228],[-80.8584532466762,35.2402718837394],[-80.8584552467387,35.2398998839779],[-80.8584612474871,35.2397958836146],[-80.8584752469625,35.239531883177],[-80.8585202471337,35.2391568840202],[-80.8585532474691,35.2389788839888],[-80.8585962477365,35.2388458825938],[-80.8586272474225,35.2387508831283],[-80.8587292473652,35.2385318829895],[-80.8588102478295,35.2382258833918],[-80.8588682474264,35.2379338831555],[-80.8588842470688,35.2378728833886],[-80.8589002473691,35.2377478829339],[-80.8588952466945,35.2376228832774],[-80.8588822474745,35.2375518828886],[-80.8588332475907,35.2373728831525],[-80.858764247203,35.2371978828233],[-80.8587112476472,35.2370968833279],[-80.8588162471444,35.2370538829927],[-80.8589642472417,35.2370188828111],[-80.8592642473002,35.2370108826291],[-80.8601782475159,35.2369878822481],[-80.8605552476965,35.2369768826428],[-80.8614852477763,35.2369298830103],[-80.8614702471834,35.2365298821304],[-80.8620452478891,35.2358278819109],[-80.8622002481664,35.2356458831199],[-80.8629682481365,35.2347068821835],[-80.8635982491422,35.2339508817618],[-80.8636132482551,35.2339328824309],[-80.8636322481168,35.2339108822783],[-80.86365024797,35.2338888822],[-80.8639072487911,35.2335718812615],[-80.8643032489068,35.2330818811471],[-80.8663312486786,35.2306208810078],[-80.8664092491082,35.2305158809087],[-80.8665512490431,35.2302978809825],[-80.8666182498591,35.2301758817392],[-80.8667062488899,35.2299798813577],[-80.8667882489072,35.2297268808631],[-80.8669342482239,35.228984880645],[-80.8669122499108,35.228917881473],[-80.866886248979,35.2287978808037],[-80.8668782493548,35.2286768810205],[-80.8668862493929,35.2285728805763],[-80.8668842486378,35.2285428810688],[-80.8669202493172,35.2282858811076],[-80.8670212492696,35.2275738805217],[-80.8670622490096,35.227263880683],[-80.8670912482112,35.2270858798712],[-80.8671462491046,35.2268518799554],[-80.8672222494238,35.2266218800456],[-80.8672922486603,35.2264518802279],[-80.8673672490932,35.2263058801294],[-80.8675412486598,35.2260468801819],[-80.8676572491155,35.2258978801215],[-80.8678012494584,35.2257348799549],[-80.8678462498826,35.2256848806694],[-80.8678662489146,35.2256618797733],[-80.8680172494014,35.2254788795989],[-80.8681192499297,35.2253358800763],[-80.868208249551,35.2251908803854],[-80.8682782496288,35.2250308798132],[-80.8683312498149,35.2248658807854],[-80.8683662488617,35.2246978796599],[-80.8683802486579,35.2245818794897],[-80.8683772493363,35.2244898798578],[-80.8683702492803,35.2244148799408],[-80.8683602492988,35.224341879278],[-80.868343248491,35.2242488796147],[-80.8683082495366,35.2241418789083],[-80.8682992497476,35.2240028800908],[-80.8682632488729,35.2240248794734],[-80.8681632492123,35.2240858797719],[-80.8679212490341,35.2242068796348],[-80.8677202492274,35.2242868793056],[-80.8675582485824,35.2243388797629],[-80.8673832486535,35.2243798797987],[-80.8672942492189,35.2243938800655],[-80.8671132491075,35.2244098801226],[-80.8670232494727,35.224410879777],[-80.8668402493233,35.2244208793286],[-80.8666362485962,35.2244218798801],[-80.8660282484256,35.2244028794113],[-80.8657992483857,35.2243978807025],[-80.8655362480728,35.2243918803853]]]},"properties":{"objectid":2,"cc":2,"cnt_cc":null,"name":"Vilma D. Leake","globalid":"2bb5b92d-412e-4b93-875f-9b2ce0f0510c","Shape__Area":3311622474.3674316,"Shape__Length":370166.4493578783}},{"type":"Feature","id":3,"geometry":{"type":"Polygon","coordinates":[[[-80.7592422175464,35.2378648865902],[-80.7594092170659,35.2375208869888],[-80.7595442175902,35.2372098869143],[-80.759655217134,35.2369508859836],[-80.7598862184625,35.2363408864702],[-80.7602162179213,35.2354768857403],[-80.7605672182253,35.2345508859288],[-80.7611492173289,35.2347008864697],[-80.761937218327,35.2349148861276],[-80.7621852176452,35.234973886027],[-80.7624602183123,35.2350328860659],[-80.7626112187202,35.2350558860402],[-80.7627522181849,35.2350688857799],[-80.7630892179516,35.2350788866677],[-80.763211218118,35.2350768859508],[-80.7634582181649,35.2350568865094],[-80.7636322190405,35.2350348862013],[-80.7637492194501,35.2350148860407],[-80.764879218383,35.2348228864999],[-80.7661892185133,35.2345998858677],[-80.766852219411,35.2344818858291],[-80.7681902193419,35.2342438853683],[-80.768402220585,35.2342118856274],[-80.7685312202499,35.2341938854907],[-80.7688262204688,35.2341688861865],[-80.7691192199031,35.2341678855358],[-80.7693702199733,35.2341798856206],[-80.7696192202245,35.2342048858557],[-80.7697942202641,35.2342308861061],[-80.7699462201992,35.2342588851674],[-80.7700962201646,35.2342918847623],[-80.7703052213781,35.234344885797],[-80.7705622205638,35.2344238860095],[-80.7708652209936,35.2345448853926],[-80.7710082211326,35.234609885186],[-80.7712532202766,35.2347298852847],[-80.7717062211954,35.2349438852317],[-80.7722722206317,35.235205886027],[-80.7725802212999,35.235351885231],[-80.7737622218123,35.2359128861641],[-80.7739412209441,35.2359978852407],[-80.7743772214658,35.2361958857758],[-80.7753662224574,35.2366578850644],[-80.7754692226393,35.2367108865194],[-80.7756562222206,35.2367958856031],[-80.7757392223433,35.236829885972],[-80.775963221782,35.2369108865508],[-80.7761932228608,35.2369788857856],[-80.776454221972,35.2370388856806],[-80.7775832233411,35.237330886008],[-80.778422222545,35.2375648858911],[-80.7793152234068,35.237803885868],[-80.7801892233787,35.2380438865051],[-80.7810202245045,35.2382658857676],[-80.7815432233619,35.238409886515],[-80.7821992248785,35.2385818863092],[-80.7825902244191,35.238674885423],[-80.7826132248393,35.2386568858298],[-80.7828482251487,35.2385168853014],[-80.7828862250181,35.2384858861239],[-80.782938223814,35.238434885822],[-80.7832962249201,35.2380438851329],[-80.7835502244295,35.2377578860594],[-80.7843292251282,35.2368778860361],[-80.7844242245205,35.2367698849623],[-80.7849062246209,35.2362468858052],[-80.7850972253379,35.2360748852783],[-80.7851502242477,35.2360288848574],[-80.785341225263,35.2358928851729],[-80.7855762253313,35.2357488849719],[-80.7856842248279,35.2356908853624],[-80.7858162246859,35.2356258856198],[-80.7861422259575,35.2354788847085],[-80.7861702244698,35.2354668856571],[-80.7870762254569,35.2350598857377],[-80.7873162255133,35.2349538849752],[-80.7874032264635,35.2349198856114],[-80.7876502253219,35.2348268847628],[-80.7877792249158,35.2347868846175],[-80.7879412253357,35.2347488850627],[-80.7880882265071,35.2347228856106],[-80.7882142252276,35.2347078850059],[-80.7884182257636,35.2346948850331],[-80.7886992266085,35.2347098845009],[-80.7889142266208,35.2347348853059],[-80.789008226082,35.2347548850941],[-80.7891162254704,35.2347838850111],[-80.7892312259683,35.2348198850741],[-80.7900822259591,35.2351278852296],[-80.7903762260237,35.2352388848684],[-80.79064222662,35.2353328845333],[-80.7908092267964,35.235381884641],[-80.7912592267593,35.2355068856992],[-80.7914282275442,35.2355488849921],[-80.7916222275436,35.2355878847396],[-80.7918792273106,35.2356328853686],[-80.7929842272474,35.235824884979],[-80.7930372281763,35.23583388555],[-80.7931812267497,35.2358688850071],[-80.7933212278319,35.2359088852771],[-80.7934832277786,35.2359638848405],[-80.793571227549,35.2360068853917],[-80.7936672270055,35.2360628848074],[-80.7937392281881,35.2361128854135],[-80.793850227783,35.2362068851598],[-80.7940282276792,35.2363868858731],[-80.7942792277504,35.2366708854895],[-80.7943722281684,35.2367618851781],[-80.7944052282109,35.2367888849281],[-80.7945432276815,35.2368588848351],[-80.7946882283726,35.2369238849842],[-80.794878228424,35.2369918851172],[-80.7962702284843,35.2374218857736],[-80.7963602283189,35.2374538856398],[-80.7965082286398,35.2375088853176],[-80.7968322285724,35.2376438847053],[-80.7972632285395,35.23783388606],[-80.7975072284601,35.237949885913],[-80.7976812286349,35.2380438856546],[-80.7978882290034,35.2381558849898],[-80.7989752287716,35.2387248857608],[-80.798599228784,35.2390958854469],[-80.7983692285748,35.2393238848999],[-80.7976402287766,35.240052885891],[-80.7971922285059,35.2404998853534],[-80.7966662285139,35.2410248865112],[-80.7956702283279,35.242024886535],[-80.7954592288828,35.2422368866495],[-80.7948492281785,35.2428328861842],[-80.7947282281838,35.2429558862953],[-80.7939372274476,35.2437508866616],[-80.793756227659,35.2439348865306],[-80.7934892282403,35.2441898868743],[-80.7931212276088,35.2445578872795],[-80.7929722278195,35.2447068872401],[-80.7927272274144,35.2449358864816],[-80.7925702274309,35.2450518865513],[-80.7922962272623,35.2452258862997],[-80.7919542271455,35.2453998872206],[-80.7917472276441,35.2454738877119],[-80.7914492272621,35.2455648871593],[-80.7912972279752,35.2456038871284],[-80.7909422279359,35.2456938871721],[-80.7906292271811,35.2457818869578],[-80.7894592268415,35.2460878876738],[-80.7889872271842,35.2462178872823],[-80.788658226601,35.2463198878249],[-80.7882292260802,35.2465018873653],[-80.7879082266027,35.2466568876214],[-80.7879882257039,35.2467618869618],[-80.7880852266288,35.2469078880736],[-80.7882932267935,35.2472198882153],[-80.7891412272496,35.2484868881168],[-80.7894542273348,35.2489358873924],[-80.7898782263665,35.249506887804],[-80.7901782275999,35.249925888092],[-80.790719228253,35.250688888465],[-80.7908942281653,35.2510538885484],[-80.7911272277513,35.2514628884652],[-80.7913432278082,35.2518408889739],[-80.7916212280033,35.2522878890147],[-80.7918092281435,35.2525988882579],[-80.7920092280526,35.2529118886934],[-80.7923632285726,35.2534658886431],[-80.7926562282161,35.2539488889721],[-80.7930502284486,35.2545828890834],[-80.794213229378,35.25646688979],[-80.7943382296199,35.2566898891846],[-80.7944332292205,35.25689588992],[-80.7944792286498,35.2570158897782],[-80.7945362281099,35.2572158893205],[-80.7947682291597,35.2583488906102],[-80.7949402290846,35.2583128890163],[-80.7951952291326,35.2582188898261],[-80.7954442294278,35.2581138902341],[-80.7956872299416,35.2579988892572],[-80.7959212297594,35.2578728901087],[-80.796147229189,35.257737889479],[-80.7963642289872,35.2575928897393],[-80.7965522292643,35.2574538893556],[-80.7976142299834,35.2567728893588],[-80.7979692302441,35.2565678893257],[-80.8001872299502,35.255154888745],[-80.8004872304304,35.2550148883959],[-80.8007602300316,35.2549088893508],[-80.8010552309959,35.2548188885534],[-80.8020042310522,35.2546058887233],[-80.8031902307652,35.2544008887786],[-80.8039042317651,35.2542768886204],[-80.8042752311627,35.2542128880748],[-80.8044892312411,35.2541798889497],[-80.8048082322647,35.2541188882269],[-80.8052122315145,35.2540198879903],[-80.8053282317949,35.2539868886966],[-80.8056322319791,35.2538898883047],[-80.8059312323241,35.2537808882972],[-80.8062222327171,35.2536578886387],[-80.8064542322702,35.2535478885158],[-80.8081342321712,35.2528178882335],[-80.8098182338608,35.2520868882013],[-80.810268233543,35.251890888045],[-80.8112822336086,35.2514488877082],[-80.8117032339068,35.2512578882441],[-80.8117862339691,35.2512198877233],[-80.8127222347657,35.2508348868995],[-80.8129762344648,35.2507218873386],[-80.8134262349373,35.2505078871031],[-80.8137232347707,35.2503548879523],[-80.8138672339618,35.2502728872095],[-80.8142312351946,35.2500508873277],[-80.8145872347217,35.2497948866107],[-80.8147482341999,35.2496698871207],[-80.8155522342213,35.2490388875198],[-80.8158162347059,35.2488178872163],[-80.8154902338872,35.2485558873511],[-80.8150052346602,35.2481828867859],[-80.8147992345875,35.2480038870495],[-80.8146102348232,35.2478138866039],[-80.8143902335203,35.2475518872738],[-80.8140692350484,35.2471108864192],[-80.8136672336364,35.2465758868916],[-80.8133602344213,35.2461668871619],[-80.812511234251,35.24503688589],[-80.8124992337777,35.2450208862261],[-80.8124362343564,35.2449368863478],[-80.8132222344513,35.2444688858454],[-80.8134252331026,35.2443378857568],[-80.8135222339297,35.2442668869016],[-80.8137162339797,35.2441138856913],[-80.8137662345073,35.244065886247],[-80.8138072343793,35.2440268863661],[-80.8141942334847,35.2437238856147],[-80.81423723462,35.2436968866934],[-80.8134372338844,35.2429878862864],[-80.8130342332738,35.2426478860146],[-80.812263233312,35.2419758865278],[-80.8121672332502,35.2419108855074],[-80.8114502333348,35.2412808852227],[-80.8112502326403,35.2411348852931],[-80.8111072324682,35.241063885368],[-80.8105752325534,35.240877885755],[-80.8104922335983,35.2408418848902],[-80.8103502331901,35.2407648851214],[-80.8102832328277,35.2407218862385],[-80.8102202328909,35.2406748856149],[-80.8099812327173,35.2404648855314],[-80.8098662325788,35.2403408850399],[-80.8096672330492,35.2401688858039],[-80.8094632327212,35.2400188855515],[-80.8092712331299,35.2398978852872],[-80.8090562326102,35.2397858850311],[-80.8085602323855,35.2395698845459],[-80.8084512321329,35.2395488861221],[-80.8078172321321,35.23945988535],[-80.8050372305224,35.2391038852138],[-80.8047612303585,35.2390568857918],[-80.8047192316265,35.2390458851015],[-80.8046822300759,35.2390358854791],[-80.8046262302976,35.239016885329],[-80.8045612311873,35.2389918848167],[-80.8044532306203,35.2389338855911],[-80.804403230978,35.2389008857817],[-80.8043312307548,35.2388458856467],[-80.8042162308766,35.2387418857766],[-80.8041732300576,35.2386928851841],[-80.8041002312916,35.2385878855942],[-80.8040452310242,35.2384748853568],[-80.804005230938,35.2383328855827],[-80.8039902306968,35.2382528856318],[-80.8039762307679,35.2380918852791],[-80.803954230704,35.2379188847424],[-80.8039412301914,35.2377598845795],[-80.8039092307559,35.2376678851759],[-80.8038572298616,35.2375838846545],[-80.8038262310839,35.2375458849788],[-80.8037502311939,35.2374778842949],[-80.8037072303569,35.2374488849004],[-80.8036122303133,35.2374018846384],[-80.8034912309199,35.2373628850897],[-80.8034112307378,35.2373438851273],[-80.8032462304328,35.237319884965],[-80.8026632306377,35.2372468844393],[-80.8025692305526,35.2372218858294],[-80.8026162301521,35.2369578851529],[-80.8026782300554,35.2365418844894],[-80.802677229711,35.2364768850624],[-80.8026542303354,35.2364138850169],[-80.8026382301773,35.2363868848252],[-80.802958230331,35.2362398852601],[-80.8033222308969,35.2360448853223],[-80.8034542309447,35.2359738848432],[-80.8035392312982,35.2359228847908],[-80.8041302307541,35.2355718849184],[-80.8046252307757,35.2352788848738],[-80.8050102317812,35.2350588848006],[-80.8054052301329,35.2348068848054],[-80.8056012310852,35.2346578839887],[-80.8057142319182,35.2345668845524],[-80.8063712313872,35.2339918842147],[-80.8064522315578,35.2339208844896],[-80.8065232313316,35.2338588842734],[-80.8069392308697,35.2334328841314],[-80.8070902305102,35.2332868835923],[-80.8072572316735,35.2331518842196],[-80.8077002307353,35.2328608840359],[-80.8077742318943,35.2328288844609],[-80.8079782310593,35.2327428838427],[-80.8080522313756,35.2327228836783],[-80.8082172315265,35.2326928831708],[-80.8085202321802,35.2326518844917],[-80.8086232318674,35.2326428838057],[-80.8088292318003,35.2326368835384],[-80.8090362315427,35.2326488840101],[-80.809209231905,35.2326688841065],[-80.8103622322699,35.2328198836309],[-80.8110702334101,35.2329078834354],[-80.8111502327097,35.2325838836786],[-80.8112152320353,35.2323738839825],[-80.8115512322078,35.2311308836936],[-80.8116942329634,35.2306198828631],[-80.8119502326285,35.2296848830547],[-80.811973231757,35.2295208829205],[-80.8119792326111,35.2294768826091],[-80.8120502334653,35.2292948830972],[-80.8124912331246,35.2284608827269],[-80.8128202326413,35.2278578829163],[-80.812933232564,35.2276658829036],[-80.8130512323155,35.2274998825381],[-80.8131872327117,35.2273318829372],[-80.8133662330981,35.2271338819994],[-80.8135612324224,35.2269478821468],[-80.814367232851,35.2262818821333],[-80.8153262329953,35.2254788818426],[-80.8163222340375,35.2246588815273],[-80.816963233728,35.2241268811435],[-80.817354234422,35.2238088822624],[-80.8175632335176,35.2236258813346],[-80.8177582339106,35.2234308816077],[-80.8178922347531,35.2232758815711],[-80.8179992336661,35.2231248810493],[-80.8181202338559,35.2229368813219],[-80.818156233726,35.2228658815969],[-80.8182282341377,35.2226948807047],[-80.8182682339052,35.2225848809017],[-80.8183332346523,35.222362880625],[-80.818350234317,35.2222748815587],[-80.818378234655,35.2220838814364],[-80.8184492337144,35.2217458808677],[-80.8185542347857,35.2213278806998],[-80.8195462343695,35.2215098808943],[-80.8201362345923,35.2216198806369],[-80.8205482345125,35.2216998812301],[-80.8209212347238,35.221776880908],[-80.8210842348779,35.2218008813338],[-80.8212242356173,35.2218168806639],[-80.8216582352722,35.2219388807948],[-80.8216932352347,35.2218738808481],[-80.8217092354946,35.2218218807407],[-80.8218992348821,35.2217978806819],[-80.8220682351032,35.2217678817191],[-80.8228442349722,35.2216088809854],[-80.8244362358013,35.2212748813037],[-80.8258822360647,35.2209778813349],[-80.8261052368632,35.2209218811303],[-80.8264592364337,35.2208488806396],[-80.8270592365503,35.2207268797447],[-80.8274142363503,35.2206558800462],[-80.8275612366399,35.2206318804953],[-80.8276752366739,35.2206948806677],[-80.8278692365942,35.2207648801615],[-80.8279822368215,35.2208058803432],[-80.8281862367324,35.2208688804177],[-80.8284062372861,35.2209288802355],[-80.8286312369647,35.2209718807032],[-80.8287462372209,35.2209868806275],[-80.8288602374954,35.2209968807609],[-80.8291952376373,35.2210158811521],[-80.8295002374042,35.2210078800953],[-80.8296442374098,35.2209888804935],[-80.8298592373779,35.2211638808514],[-80.8298922371035,35.2211898810977],[-80.8297742371214,35.2212338799653],[-80.8295502377211,35.2213298807278],[-80.8294562376709,35.2213778800995],[-80.8292762369455,35.2214848809087],[-80.8291412371545,35.221579881124],[-80.829098237495,35.2216098808422],[-80.8290212370307,35.2216728808895],[-80.8289492371037,35.2217388806956],[-80.828872237717,35.2218298803849],[-80.8287192372018,35.2220118807419],[-80.8286752366779,35.2220658811847],[-80.8286282380689,35.2221438811286],[-80.8285332364015,35.2223208804014],[-80.8284572372411,35.2225028812362],[-80.8284062378011,35.2227158813391],[-80.828386237668,35.2228698806949],[-80.8283782365995,35.223027881278],[-80.8283882371827,35.2232388809557],[-80.8284572367708,35.2237728815631],[-80.8284762372307,35.2238648812652],[-80.828499236904,35.2240488811163],[-80.8285002371798,35.2240728814922],[-80.828504237031,35.2242728810384],[-80.8284872379111,35.224420881623],[-80.8284462374523,35.2245948816045],[-80.8284072368657,35.2247578813512],[-80.8283882378395,35.224745881279],[-80.8282612365738,35.2246598814043],[-80.8282052373307,35.2246168811973],[-80.8281732371273,35.2245918815089],[-80.8277642377971,35.2243288815214],[-80.827706237682,35.2242918809335],[-80.8275272375773,35.2241768810348],[-80.8270122371872,35.2238408819464],[-80.8267402374676,35.2236758816072],[-80.8262482363612,35.2241918816487],[-80.8262082368305,35.2242308818262],[-80.8261642369122,35.2242778811259],[-80.8255912366003,35.2248778822383],[-80.8255482371702,35.2249228808376],[-80.8255162360554,35.2249568823116],[-80.8253632359254,35.2251198810506],[-80.8251702363814,35.225330882041],[-80.8249742365195,35.225575881968],[-80.8249342359966,35.2256308818094],[-80.8247792363378,35.2258538818848],[-80.8244682362129,35.2263088819875],[-80.8244342362456,35.2263578819454],[-80.8242842366678,35.2265418822034],[-80.824202235595,35.2266298814242],[-80.8240262362412,35.2267978820245],[-80.8237802359716,35.2270158820232],[-80.8231752363141,35.2275498816321],[-80.8220422354583,35.2285458823813],[-80.8212462349974,35.229242882784],[-80.8220842351072,35.2299028826629],[-80.8223142366059,35.2300248825195],[-80.8223422355562,35.2300398828831],[-80.8223322358625,35.2300888830802],[-80.8223102362063,35.2301998824477],[-80.8222932363745,35.2302918824729],[-80.8222902360914,35.2303128821271],[-80.8222922357061,35.2303838831204],[-80.8223622355422,35.2308688826194],[-80.8223622352115,35.2309258827863],[-80.8223552359902,35.2309738829658],[-80.8223342359579,35.2310348834756],[-80.8222782367541,35.2311468827543],[-80.8222662352874,35.231188883189],[-80.8222612351882,35.2312488835074],[-80.8222722358059,35.23131788256],[-80.8223212354728,35.2314128825319],[-80.8223342365611,35.2314278825196],[-80.8224702364031,35.2315528831556],[-80.8226082365441,35.2316668826434],[-80.822724235589,35.2317698828645],[-80.8230202359483,35.2319868829605],[-80.8230452369392,35.2320208830181],[-80.8231682358257,35.2321858833482],[-80.8233912362557,35.2323678828952],[-80.823949236927,35.2328638829272],[-80.8240012361818,35.2329038835214],[-80.8234522363117,35.2333018832233],[-80.8231592362395,35.2335088832439],[-80.8223122355446,35.2341208838072],[-80.8214572358018,35.2347338840099],[-80.8209672360136,35.2350828842644],[-80.8206132354575,35.2353408843481],[-80.8208002353433,35.2354688835776],[-80.8212072354534,35.2357568840299],[-80.8216872359559,35.2360968836678],[-80.8217972361795,35.2361648842498],[-80.8219162354273,35.2362238845329],[-80.8220712352257,35.2362818844877],[-80.8221522362077,35.2363048846065],[-80.822284236039,35.2363358838141],[-80.8225322362735,35.2363828846291],[-80.8227622355466,35.2364088834427],[-80.8229032357934,35.2364148843343],[-80.8230182365588,35.2364128837047],[-80.8231872371512,35.2363938843019],[-80.8233452365795,35.23636488385],[-80.8235872366554,35.236311883717],[-80.8237542363253,35.2362598838977],[-80.8238342367843,35.2362278832088],[-80.8239112365779,35.2361918839586],[-80.824109236641,35.2360828840791],[-80.8242032373625,35.2360228842566],[-80.8243352367438,35.2359298838537],[-80.8245822366778,35.2357518838488],[-80.8248862365799,35.2355208830932],[-80.8251322361674,35.2353298839856],[-80.8258872372603,35.2347428835801],[-80.8259682368593,35.2346818830086],[-80.8261372372628,35.2345558837377],[-80.8261642376208,35.2345738835644],[-80.8264122370282,35.2347358829492],[-80.8273392377461,35.2353918835735],[-80.8284092388819,35.2361478836771],[-80.8289872376591,35.2365498844668],[-80.8295452388654,35.2369508839383],[-80.829769237884,35.2370848837009],[-80.829855238937,35.2370118837264],[-80.8303712386725,35.2366068835953],[-80.8306962384175,35.2363388834132],[-80.8311772381798,35.2359408838046],[-80.8317172392043,35.2354928841202],[-80.8319652385218,35.235297884303],[-80.8321212385251,35.235175883661],[-80.8328862393349,35.2360658832714],[-80.8339502397602,35.2373488842981],[-80.8342392406363,35.2376858840847],[-80.8343332403248,35.23778488461],[-80.8343962406022,35.2378448832046],[-80.8345072403407,35.2379278836022],[-80.8345672396642,35.2379638832925],[-80.8346362394834,35.2379978846278],[-80.8352482394252,35.2382618835138],[-80.8354472405285,35.2383408838283],[-80.8365532408016,35.238707883808],[-80.8361522396864,35.2392138846146],[-80.8359362407008,35.2395028841049],[-80.835716239511,35.2398008843317],[-80.8350052405424,35.2407118840319],[-80.8347152402945,35.2410958852225],[-80.8342062403351,35.2417568852728],[-80.83390724044,35.2421528851516],[-80.8332802404053,35.242980884348],[-80.8325362399466,35.2439398852271],[-80.8318152394053,35.2448798847913],[-80.8311832399768,35.2457108852647],[-80.8308962386465,35.2460818856697],[-80.830716239784,35.2463218855227],[-80.8305542387509,35.2465278851778],[-80.8297932397811,35.2475298857107],[-80.8295052383186,35.2478998860259],[-80.8291912383686,35.2483148860081],[-80.8292762385819,35.2484828863428],[-80.8294092385577,35.2487138861264],[-80.8294962393274,35.2488488867229],[-80.8296942387346,35.2491398868055],[-80.8298892394295,35.2494518863443],[-80.8299472395045,35.2495128860993],[-80.8299842386946,35.2495418868719],[-80.8300662393772,35.2495858860966],[-80.8301102390236,35.2496018869639],[-80.8301572394494,35.2496138870452],[-80.830326239261,35.2496428863839],[-80.8303542389032,35.2496448863822],[-80.8304572393101,35.2496488867261],[-80.8312632400674,35.2496148864947],[-80.8318782406098,35.2495888866246],[-80.8325992402341,35.2495638857446],[-80.8330332403702,35.2495418861418],[-80.8336412402564,35.2495228861128],[-80.8338882396942,35.2495098859504],[-80.8348222405722,35.2494808869068],[-80.8358472409387,35.2494258859087],[-80.8358512406762,35.2495388869079],[-80.8358692403749,35.2502618870262],[-80.8358982411059,35.2510968865012],[-80.8359092410121,35.2513278865484],[-80.8359342409891,35.252153887151],[-80.8359662418016,35.2532338871835],[-80.8359752409438,35.2535178864829],[-80.8359982415816,35.2541708873238],[-80.8360142411687,35.254684887785],[-80.8360172410982,35.2550188878255],[-80.836028241553,35.2553578876304],[-80.8360312411467,35.2557318868703],[-80.8360542415917,35.2562818879371],[-80.8360582414737,35.2563688880486],[-80.8360772408984,35.2565698879192],[-80.8361062416311,35.2566268879497],[-80.8361532410087,35.2566978874315],[-80.8362292410422,35.2567808882207],[-80.8366152415802,35.2570958879904],[-80.8368072413532,35.2572538885808],[-80.8374102419981,35.2577618887119],[-80.8376142422934,35.2579338882373],[-80.8387532421201,35.25885788883],[-80.8396162423297,35.2595558881386],[-80.8399912426044,35.2594848884533],[-80.8402492427758,35.2595708879368],[-80.8402922431506,35.259478888739],[-80.8407962430745,35.2585578883073],[-80.8410062423312,35.2582048878344],[-80.84129724328,35.2576618878131],[-80.8414362424377,35.2574238876691],[-80.8416302424807,35.2571848880299],[-80.8416892428844,35.2570488875602],[-80.8417682432461,35.2568698875666],[-80.8420002431098,35.2568718877682],[-80.8438512431959,35.2569088877664],[-80.84441724315,35.2569568882902],[-80.8445312431366,35.2567538874839],[-80.8447592444976,35.2563458875003],[-80.8451902443739,35.2555728876091],[-80.8469582453702,35.2562388872274],[-80.8475752442977,35.256467887474],[-80.8477112445913,35.2565008874521],[-80.8478542443259,35.2565178876027],[-80.8483242448586,35.2565498876553],[-80.8494112460034,35.2566138871249],[-80.8495632451567,35.25662588711],[-80.8509902457662,35.2567258873246],[-80.8529162467166,35.2568568870748],[-80.8542922464045,35.2569498880999],[-80.8556032472031,35.2570368872148],[-80.8555332468345,35.257612887912],[-80.8554982479065,35.2579008872979],[-80.8554392469479,35.2583428875889],[-80.8554152469357,35.2585278878924],[-80.8553332465073,35.259160887694],[-80.8552312468324,35.2599808882264],[-80.8551752474611,35.2604108885335],[-80.8551232467066,35.2607998877519],[-80.8550952463711,35.2610098879432],[-80.8550152479303,35.2614748888712],[-80.8548052474175,35.2625758883629],[-80.8547182472027,35.2629988889328],[-80.8544582471047,35.2642458887542],[-80.854225246952,35.2653408888381],[-80.8542012474284,35.2654588885997],[-80.8539602479743,35.2666108888412],[-80.8539412480725,35.266772889226],[-80.8539542476933,35.2673228894844],[-80.8539712473549,35.2680478897445],[-80.8539842481768,35.268284889466],[-80.8540162471047,35.2688648892217],[-80.8541112478262,35.2701068897961],[-80.854190246882,35.2711478901722],[-80.8519842478088,35.2715658912702],[-80.8516592463079,35.2716278900544],[-80.8471422448226,35.2724968905216],[-80.8470822451807,35.2725078907266],[-80.8469862451684,35.2725268912074],[-80.8467452461303,35.2725728903508],[-80.8449582452308,35.2729108905012],[-80.8448462441107,35.2729278908615],[-80.8447122443738,35.2729478906694],[-80.8447002446419,35.273137891134],[-80.8446772444541,35.2733008909297],[-80.8446812450152,35.2736318906628],[-80.8446772449756,35.2738158915624],[-80.8446842450819,35.2739578917541],[-80.8447082447127,35.2742368917541],[-80.8447372450047,35.274380890909],[-80.8447582455116,35.2745308914009],[-80.8448172450787,35.2748288913653],[-80.8448932444881,35.2751198908179],[-80.8449462449808,35.2752988916723],[-80.8451152454928,35.2757698914488],[-80.8451382455527,35.2758238918763],[-80.8453452451559,35.2762388917103],[-80.8455092449685,35.2765568913074],[-80.8460662448891,35.2777988923453],[-80.8461082450955,35.2778938921725],[-80.8463002462151,35.2783428926466],[-80.8467122458445,35.2792278925467],[-80.8469302460302,35.2797678918494],[-80.847919245846,35.2821038934256],[-80.8487712470127,35.2839028934545],[-80.848943246302,35.2842658937461],[-80.8491602466163,35.2847588932922],[-80.8494042473995,35.2853128932725],[-80.8501532475792,35.2869908937407],[-80.8504502481021,35.2876878941222],[-80.8505862471902,35.2880278940499],[-80.8507442476895,35.2885058945054],[-80.8508482475479,35.28881789419],[-80.8509432480898,35.2891348946703],[-80.8511322470463,35.2898618948456],[-80.8512012483926,35.2901568948058],[-80.8512742481581,35.290583894457],[-80.8513182484428,35.290872894131],[-80.851372247803,35.2912818941493],[-80.8514002479762,35.2915308950145],[-80.8514362483413,35.2919918947762],[-80.8514502482239,35.2921688951334],[-80.8514602486727,35.2925028947546],[-80.8514622487254,35.293026895173],[-80.8514362478978,35.2936188950157],[-80.8514042484011,35.2940648948444],[-80.8513592482081,35.2944678954356],[-80.8513012480928,35.2948698956183],[-80.8512082486638,35.2953638957274],[-80.8510422475327,35.2961238952047],[-80.8504062483555,35.298886895979],[-80.8503232483433,35.299262896213],[-80.8502892485534,35.2994848972526],[-80.8502062481923,35.2998278966207],[-80.8500582473451,35.3004728961348],[-80.8497112479024,35.3020378970685],[-80.849606247678,35.3025118967412],[-80.849458247155,35.3031178968422],[-80.8492022475444,35.30416389771],[-80.8486702482999,35.3065008979944],[-80.8484792475484,35.3073308983123],[-80.848271247996,35.3082078987938],[-80.8481162481611,35.308971899102],[-80.8479912472508,35.3096378989688],[-80.8479382477368,35.3099708989801],[-80.8479172474265,35.3102798993918],[-80.8478462477733,35.3107068988492],[-80.8478032479439,35.3110078995309],[-80.8477652477319,35.3113438991352],[-80.8477172474492,35.311852899407],[-80.847673248103,35.3125288992328],[-80.8476582482502,35.312821899009],[-80.8476442471839,35.3131738991461],[-80.8476322482426,35.3138948993176],[-80.8476352477067,35.3143328994699],[-80.8476442472732,35.3147548991823],[-80.8476602489361,35.3151868999468],[-80.8477382483867,35.316441900028],[-80.8477732484668,35.3171199009248],[-80.8480902483825,35.3224529011951],[-80.8481442483033,35.3232889018176],[-80.8481622477441,35.3235629019574],[-80.848211249032,35.3245169014867],[-80.8482322484377,35.3248759024357],[-80.8484522486278,35.328700903642],[-80.8485192488974,35.3297509027033],[-80.8485952494081,35.331042903634],[-80.8486152490582,35.3314769031305],[-80.8487342499129,35.3334619037983],[-80.8487572495152,35.3338509042225],[-80.8483182492225,35.3339089042123],[-80.8466752485193,35.334133903689],[-80.8457062485391,35.3342659047515],[-80.8454152478118,35.3343139040428],[-80.8453852482467,35.3343219039038],[-80.8452792479595,35.3343499041938],[-80.8449012477791,35.3344749045502],[-80.8447532483326,35.3345309041086],[-80.8445422486201,35.334623903555],[-80.8444672473271,35.3346599043357],[-80.8444312475298,35.3346789047237],[-80.8443732476927,35.3347089042506],[-80.8432672477274,35.3353389046387],[-80.8430242474658,35.3354859038687],[-80.8429472479042,35.3355609049679],[-80.8428262475403,35.3356499047293],[-80.8427362481408,35.3356999045624],[-80.8426542473444,35.3357359051805],[-80.8422712473291,35.3359039048129],[-80.8416682476947,35.336287904755],[-80.8409122479092,35.3367509045828],[-80.8400972466206,35.3372499051006],[-80.8398982471186,35.3373669057162],[-80.8397052465293,35.3374599053017],[-80.8395142463547,35.3375339053894],[-80.8393322460593,35.3375949053579],[-80.8392172465246,35.3376279046257],[-80.8391472472187,35.3376469048026],[-80.8390812463563,35.3376659046405],[-80.8385832457094,35.3377829044273],[-80.8382112464382,35.3378659048324],[-80.8369232458995,35.3381929057745],[-80.8357582458945,35.3384779049184],[-80.8353522452657,35.3385819060105],[-80.8349252452404,35.338685904653],[-80.8343962457079,35.3388309049945],[-80.8342002451528,35.3388779062276],[-80.8335692449371,35.3390289057513],[-80.8333042442553,35.3390769057401],[-80.8331542450148,35.3390959058822],[-80.8329082448552,35.3391099057122],[-80.8327342440658,35.3391139061255],[-80.832505244711,35.3391089054473],[-80.83193524449,35.3390979062676],[-80.8283202436751,35.3390049056921],[-80.8278852431138,35.3389949053515],[-80.8269542428247,35.3389739058914],[-80.8243612420819,35.3389039063926],[-80.8241772415131,35.3388939053378],[-80.8240592416839,35.3388829056749],[-80.8239892424379,35.3388759057182],[-80.8236822425137,35.3388259063791],[-80.8222402414664,35.3385739058944],[-80.8218382416019,35.3384969062574],[-80.8213332416827,35.3383739054894],[-80.8210052413287,35.3382769055761],[-80.8207912409837,35.3382009061656],[-80.8206852410428,35.3381569055727],[-80.8205762413731,35.338105905782],[-80.8204702415252,35.3380439063877],[-80.820338241478,35.3379459063938],[-80.8202832412186,35.3378969051419],[-80.8201372411468,35.3377419052678],[-80.8200232408047,35.3376059052755],[-80.8197802406168,35.3372999056265],[-80.819480241336,35.3369589050895],[-80.8190462410532,35.3364879050137],[-80.8189402407779,35.3363909051561],[-80.8188282412282,35.336303905662],[-80.8187622401808,35.3362639054832],[-80.8186702404639,35.3362229053509],[-80.818559240414,35.3361949056514],[-80.8184752408863,35.3361849057472],[-80.8183722402655,35.3361829060022],[-80.8182142406247,35.3362009051276],[-80.8180722398717,35.3362279062061],[-80.8179502404107,35.3362599056326],[-80.8177652406901,35.3363189056619],[-80.8176302403568,35.3363709052733],[-80.8174702401648,35.3364479051924],[-80.8172782407643,35.336558905493],[-80.8168232399567,35.3368759058295],[-80.8167272404241,35.3369429053711],[-80.8165892395856,35.33702990646],[-80.8164062396602,35.3371259057162],[-80.8162192404769,35.3372139052652],[-80.8160332398157,35.3372809057542],[-80.8147422391542,35.3377019055107],[-80.8144062391797,35.337810906501],[-80.8139142391223,35.337959905993],[-80.8135112396813,35.3380759060486],[-80.8131522387403,35.3381679065259],[-80.8129672388708,35.338206906169],[-80.8125142394305,35.3383039061981],[-80.8123672389804,35.3383349062687],[-80.8111152390757,35.3385919057423],[-80.8105992386218,35.3386979061464],[-80.8097722379516,35.3388609068129],[-80.8089832369126,35.3390159069652],[-80.8086842380126,35.3390749065654],[-80.8084482379778,35.3391139069764],[-80.8083252375755,35.3391289065028],[-80.8081932374217,35.3391379057802],[-80.8080362379446,35.3391359071128],[-80.8078842371402,35.3391289064155],[-80.8076522376005,35.3390989058966],[-80.807210237482,35.3390229064934],[-80.8059522374293,35.3388259060008],[-80.8040512370436,35.3385339059511],[-80.8038582366017,35.3385039061372],[-80.8021022357709,35.3382539062955],[-80.8017512354681,35.3382039066291],[-80.8010372355543,35.3381059065978],[-80.7993672346399,35.3379729059087],[-80.7984962347746,35.3379159068319],[-80.796659234101,35.3377849064981],[-80.794937233552,35.3376569068729],[-80.7947592332258,35.3376389068108],[-80.794674233253,35.3376309067906],[-80.7949302328606,35.3379449068667],[-80.7949572337517,35.3379579062711],[-80.7961662337523,35.3390049074945],[-80.7962582341068,35.339148906491],[-80.7963502343853,35.3393149070299],[-80.7964342347625,35.3394959069531],[-80.7964052336374,35.3396029072979],[-80.7963882344684,35.33980290673],[-80.796366234067,35.3399319067283],[-80.7963222347228,35.3400729067811],[-80.7961452347517,35.3405689071719],[-80.7957612334941,35.3416429071657],[-80.7956332341136,35.3420159078148],[-80.7955062335415,35.3424959081571],[-80.7954292341132,35.3428329074837],[-80.7954122336254,35.3429299076627],[-80.795396234329,35.343105907767],[-80.7953932342825,35.3432119075164],[-80.7954052340746,35.3436179075157],[-80.7954022348639,35.343655907252],[-80.795396233788,35.3437089080127],[-80.7954292332654,35.3443869077296],[-80.7957112337562,35.3470119083021],[-80.7957412350959,35.3472789085531],[-80.7957682339562,35.3475509093475],[-80.7957902339499,35.3477809086839],[-80.7958112340863,35.3480449083723],[-80.7958812349958,35.3489369092194],[-80.7959742350069,35.3500949093162],[-80.7959772347587,35.350282909099],[-80.7959592343522,35.3504699101657],[-80.7959492344099,35.3505279099849],[-80.7959152343908,35.3506589095761],[-80.7959122346359,35.3506899093172],[-80.7959242340982,35.3507629100941],[-80.7958452342079,35.350827909356],[-80.7958172340862,35.3508599098796],[-80.7957942346766,35.3508949098022],[-80.7952462340954,35.3520109095159],[-80.7951482340572,35.3521989091169],[-80.7951432340551,35.3522079098637],[-80.7949932340686,35.3524949100312],[-80.794889233913,35.3526799103296],[-80.7947212346576,35.3530039094112],[-80.7945922341463,35.3532989096991],[-80.7943082344012,35.3540339100924],[-80.7942592335491,35.3542039104772],[-80.7942322341327,35.3543769100889],[-80.7942282338726,35.3545009102079],[-80.7942432340393,35.3546649111541],[-80.7942662346024,35.3548009109997],[-80.7943012335739,35.3549249105825],[-80.7943272345341,35.3549849105095],[-80.7943822342684,35.355082910395],[-80.7944662341593,35.3551819106723],[-80.7945872341515,35.355283910629],[-80.7946792337445,35.3553379101516],[-80.7948272348164,35.3554249104509],[-80.7952542347791,35.3556569109901],[-80.7955712348896,35.3558199113854],[-80.796611235731,35.3563189101849],[-80.7972562355757,35.3566299106346],[-80.7975612345591,35.3567829103652],[-80.7977422347524,35.3568809101772],[-80.797908235276,35.3569939102888],[-80.7980152352291,35.3570919105096],[-80.7981302353428,35.3572219111137],[-80.7982632358133,35.3574089108535],[-80.798339235381,35.357540910994],[-80.7986052356707,35.3580679108782],[-80.7987192357627,35.3582709105145],[-80.7988482356439,35.3585489107417],[-80.7990512366796,35.3589409110691],[-80.7991172353877,35.3590499117526],[-80.7992452359709,35.359229910778],[-80.7993482365688,35.3593559113559],[-80.7996332363382,35.3597059113097],[-80.799779236345,35.359915910671],[-80.7998562366898,35.3600649116368],[-80.7999022357991,35.3601789116752],[-80.7999132365558,35.3602169117251],[-80.799935236209,35.3602689114865],[-80.799952236617,35.3603269107661],[-80.799622236029,35.3604189115953],[-80.7989882364357,35.360611911845],[-80.7985012361444,35.3607659113493],[-80.7974422352594,35.3610909116078],[-80.7971812357793,35.3611819118518],[-80.7970622356511,35.3612289114064],[-80.7961062358046,35.36166291165],[-80.7950432350449,35.36215391189],[-80.7941172345134,35.3625869115751],[-80.7940442350474,35.3626209112652],[-80.7938932349119,35.3626929118763],[-80.7937532347592,35.3627539123473],[-80.7934322345655,35.3629079120825],[-80.7925832337554,35.3632969120142],[-80.7924122335742,35.3633669120575],[-80.7921992343368,35.3634519124958],[-80.7919022333967,35.3635589129876],[-80.7915452338711,35.3636799125451],[-80.791312234205,35.3637619117878],[-80.7912902337249,35.3636529120984],[-80.7912672331806,35.3635649116797],[-80.7912282333004,35.3635089125618],[-80.7911202340009,35.3634209126546],[-80.7911042344521,35.3633769126682],[-80.7911012339104,35.363293912524],[-80.7910902331936,35.3632319123436],[-80.7910522329988,35.3631789124062],[-80.7909872342909,35.3631229125182],[-80.7908842336739,35.3630309121005],[-80.7908162329181,35.3629939124087],[-80.7907472338532,35.3629489123033],[-80.7907052340625,35.3628709125916],[-80.7906472334972,35.3626929124134],[-80.790620233494,35.3626399120705],[-80.790575233856,35.3625799126986],[-80.7905562333481,35.3625359119055],[-80.7904842330944,35.3624509119078],[-80.7904462335978,35.3623889121073],[-80.7904412330805,35.3623389117174],[-80.7904582340068,35.3622909114298],[-80.7904892336574,35.3622349118497],[-80.7904472333302,35.3621499121138],[-80.7904252336771,35.362084912516],[-80.7903922334194,35.3620269122096],[-80.7903522333097,35.3619719121273],[-80.7903112329388,35.361942911522],[-80.7902202332828,35.3617999124383],[-80.7901902335843,35.3617469121394],[-80.7900742331774,35.3617129121248],[-80.7899532328126,35.3616989118901],[-80.7898742329757,35.36166991168],[-80.7897962325632,35.3616529121395],[-80.7896932339666,35.3616359121244],[-80.7896162329371,35.3616289116619],[-80.7893952333885,35.3616179123482],[-80.7893072327618,35.3616309117985],[-80.7892102324712,35.361637912365],[-80.7889932325344,35.3616309122153],[-80.7889042329631,35.3616019120577],[-80.7887752331134,35.3615519119858],[-80.7887312331332,35.3615339121516],[-80.7887012329502,35.3615149122407],[-80.7886612333237,35.3614479123558],[-80.7886402324002,35.3613859126207],[-80.7886132330031,35.3613349115588],[-80.7885782322812,35.3612819116662],[-80.7885542336161,35.3612069119703],[-80.7885152330172,35.3610399119323],[-80.7884582329154,35.3608989125197],[-80.7884702332801,35.3608019119054],[-80.7884722332308,35.3607259117572],[-80.7884722334464,35.3607129117362],[-80.7884562328599,35.3606519119522],[-80.7884332329997,35.3604959113113],[-80.7884342328054,35.3604049117521],[-80.7884952330742,35.3602169117246],[-80.7885142329503,35.3601269113986],[-80.7885672327524,35.3599319113605],[-80.788588233195,35.3598529115322],[-80.788596232238,35.3597829121476],[-80.7885952328079,35.3597159117445],[-80.7886122329999,35.3596799118675],[-80.7886232331211,35.3596209117493],[-80.7886222327977,35.35953891161],[-80.7886452333102,35.3594279118692],[-80.7886502329736,35.3593709116923],[-80.7886402324305,35.3593399111976],[-80.7886562320883,35.3592289120128],[-80.7886752321035,35.3591769109384],[-80.788678233212,35.3591119116032],[-80.7886652329886,35.3590479112251],[-80.7886542319647,35.3589479115079],[-80.7886342320542,35.3588889109882],[-80.7886222330345,35.3588519110604],[-80.7886082326787,35.3587759117539],[-80.7886072333589,35.3587029121573],[-80.7885962323969,35.3586049112534],[-80.7885842324258,35.3585619112544],[-80.7885302325761,35.3584469117677],[-80.7885102331649,35.3583709117409],[-80.7884752322892,35.3582749113829],[-80.7884592322593,35.3582089113512],[-80.7884622322518,35.3580859109468],[-80.7884592323817,35.3580049113106],[-80.7883912326972,35.3578969109802],[-80.7883582324363,35.3578319110757],[-80.7882952325784,35.3576229111148],[-80.7882762323476,35.3575179110805],[-80.7882322331062,35.3574669110779],[-80.788219232536,35.3573959107008],[-80.788198232293,35.3573149116438],[-80.7882092325837,35.3572459110964],[-80.7882082331712,35.3571969118074],[-80.7880952332624,35.3569719107313],[-80.7880242318343,35.3568019115729],[-80.7878982331784,35.3565859115719],[-80.7878292322386,35.3564569105359],[-80.7878372323916,35.3563989104052],[-80.7878012332901,35.356371911538],[-80.7877962330495,35.3563469111965],[-80.7877252317762,35.3562579107116],[-80.787625232739,35.3561229106396],[-80.7875852325771,35.3560439102238],[-80.7876322321318,35.3559199108246],[-80.7876582325628,35.3558669104081],[-80.7876822329383,35.3557869116248],[-80.7876832324229,35.3557369109153],[-80.787625233101,35.3556619104633],[-80.78759923196,35.3556219109573],[-80.7875612327647,35.3555459112522],[-80.78756623252,35.3554249107998],[-80.7875582327354,35.3553869104925],[-80.7874042323918,35.3550629104702],[-80.7873892328401,35.3550069103827],[-80.7873852319768,35.3548759106357],[-80.7873922324129,35.3548019112198],[-80.7873722314621,35.354731910184],[-80.7873522317159,35.3546969106658],[-80.7873332316809,35.3546479109279],[-80.7873172315099,35.354532911093],[-80.7872922312282,35.3544219100396],[-80.7872112326398,35.3540689105828],[-80.7871872327512,35.3538989108964],[-80.7871802315533,35.3538579106617],[-80.7871672328174,35.3538099096883],[-80.7871502321801,35.3537109106762],[-80.7871572323378,35.3536819105444],[-80.7871972317838,35.353529911024],[-80.7872562317361,35.3533259105576],[-80.7873142321761,35.3531919098618],[-80.787311231945,35.3531299102638],[-80.7872892324382,35.3529719100796],[-80.7872772318255,35.3528929103235],[-80.7872592322329,35.3528209106537],[-80.7872182322927,35.3526489104407],[-80.7871992323091,35.3524789099888],[-80.7871922320842,35.3524459104464],[-80.7871832325541,35.352403910063],[-80.7871682325716,35.3522799101605],[-80.7871212316008,35.3520259103903],[-80.7871112326197,35.3518609098946],[-80.7871022324243,35.3518099107341],[-80.787104231586,35.3517889102438],[-80.787113231853,35.3517719096231],[-80.787154231332,35.3517369100633],[-80.7872562319479,35.3516819095271],[-80.7872912315588,35.351645910207],[-80.7873342314504,35.3515419093722],[-80.7873022319734,35.3513959098859],[-80.787303232103,35.3513669098862],[-80.7873132318427,35.3513399102858],[-80.7873372319088,35.351307909485],[-80.7873712321814,35.3512689099591],[-80.7874062312888,35.3512419102877],[-80.7874352324861,35.3512249093826],[-80.7874702315093,35.3511999103235],[-80.7875392326722,35.3511409100705],[-80.7875722323667,35.3511049104149],[-80.7875792328302,35.3510909100031],[-80.7875872315016,35.3510739096948],[-80.7875572327102,35.3508379100694],[-80.7875162325299,35.3507649100055],[-80.7874782320592,35.3507379099251],[-80.7874462316551,35.3506999093549],[-80.7874162323075,35.3506129102384],[-80.7873562325302,35.3504789092818],[-80.7872882312659,35.3503889094773],[-80.7872532321059,35.3502889092041],[-80.7872182322472,35.3501799101497],[-80.7871282324508,35.3498159094453],[-80.7871002321375,35.349729909473],[-80.787063231975,35.3495919095407],[-80.7870282320236,35.3495649092419],[-80.7870252314911,35.3494899095592],[-80.7870332313653,35.3494369096292],[-80.7869852321953,35.3494019092029],[-80.7867992311196,35.3492049095482],[-80.7867022317144,35.3490829095611],[-80.7866202313202,35.3490239096864],[-80.7865622309767,35.3490089096209],[-80.7864552314828,35.3489899086255],[-80.786393231579,35.3489639094401],[-80.7863302310296,35.3488699098414],[-80.78629723124,35.3487139099297],[-80.7861572311795,35.3485249088588],[-80.7861172312762,35.3484579098951],[-80.7861222319883,35.3484019095648],[-80.7861312313888,35.3483039100594],[-80.7861492316987,35.3481939093014],[-80.7861632323169,35.3481479083603],[-80.7862492314753,35.3481089088153],[-80.7863052316818,35.3480719085814],[-80.7862872309023,35.3479959092861],[-80.7862212321368,35.3479359086637],[-80.7861132309991,35.347883909485],[-80.7859922313587,35.3477939095273],[-80.785735230842,35.3475699091247],[-80.7855932316791,35.347479909061],[-80.7854492315081,35.347403908481],[-80.7852772309742,35.3472589095476],[-80.7850562306178,35.3470769088891],[-80.7849782315027,35.346976908612],[-80.7849942314804,35.3468849089079],[-80.7850732314768,35.3468039089867],[-80.7850982313701,35.3467909093252],[-80.7851872312808,35.3467749091663],[-80.7852492313306,35.3468009089474],[-80.7854332311652,35.3469199086],[-80.7855372313464,35.3468949083214],[-80.7855612307796,35.3468849093798],[-80.7858442310487,35.3466899089616],[-80.7861882317517,35.3464049086985],[-80.7863162319973,35.3463039094399],[-80.7864112313547,35.3461639087566],[-80.7863742311836,35.3460919086764],[-80.7862992321778,35.3460679088301],[-80.7862102315956,35.3460469094129],[-80.78612823109,35.3460409083855],[-80.7859792315415,35.3460139088253],[-80.785761231029,35.3459529092933],[-80.7855892319288,35.345848908852],[-80.7854172311255,35.3457439083312],[-80.7853502308709,35.3457119092096],[-80.7853082311265,35.3456689082562],[-80.7851092307859,35.3455249083428],[-80.7849842307995,35.3454459080661],[-80.7849342312271,35.3453539088526],[-80.7848932312648,35.3451989090429],[-80.7848522307685,35.3451089085696],[-80.7848352309566,35.3450719088705],[-80.7848322307604,35.3450449089306],[-80.7847472312008,35.3447659086566],[-80.7847212305165,35.3447089081012],[-80.7847062311229,35.3446929085379],[-80.7846382311391,35.3446189086889],[-80.784550231039,35.3445409091395],[-80.7844312311305,35.3443979087949],[-80.7843642303937,35.3442969085367],[-80.7843422305987,35.3441659085364],[-80.7843152299288,35.3440799085011],[-80.7842772304143,35.3440199082719],[-80.7841712307747,35.3438089083887],[-80.784162230357,35.3437529087457],[-80.7841242301542,35.3436909087482],[-80.7840902306653,35.3436639082144],[-80.7840602300222,35.3436359084206],[-80.7840502302086,35.3436159087174],[-80.7839942308274,35.3435779081506],[-80.7839712301537,35.3435739084044],[-80.7839192308396,35.3435489084539],[-80.7837522308207,35.3434699078208],[-80.7835222300731,35.3433449084592],[-80.7833922299269,35.343273907889],[-80.7832992299658,35.3432269083538],[-80.7832682307049,35.3431299089303],[-80.7833632299969,35.3430649085796],[-80.7833862302715,35.3430439082083],[-80.7835312302833,35.3429569084906],[-80.7836202307074,35.3428829082039],[-80.7836772300454,35.3428429083291],[-80.7839422302707,35.3426729077541],[-80.7840422306039,35.342624907551],[-80.7840962314221,35.3425959077751],[-80.7841332303225,35.34255590831],[-80.7841572301977,35.3424759082143],[-80.7841662301441,35.3424419082641],[-80.7841252309219,35.3423809081171],[-80.7840292310411,35.3422389075009],[-80.7838252306559,35.3420769076656],[-80.7837162302155,35.3419469081947],[-80.7836982302201,35.3419249075161],[-80.7835092304963,35.3416299079354],[-80.7834272303234,35.3415399083219],[-80.7832682310156,35.3413389075595],[-80.7831782298628,35.3412479084884],[-80.7831322302637,35.3411819074569],[-80.7830802300285,35.341043907944],[-80.782959229924,35.3408859078758],[-80.782868229986,35.3407879070902],[-80.7826412300975,35.3407489071934],[-80.7826182297398,35.3407389080032],[-80.7824662295931,35.3406749074055],[-80.7823552300638,35.3406109074379],[-80.7821862296088,35.340437908021],[-80.7819112300277,35.3402459077352],[-80.7818242291086,35.340174907739],[-80.7816832289868,35.3399949078417],[-80.7814912300874,35.339887907773],[-80.7814292293302,35.339835907834],[-80.7813122292274,35.3396489071338],[-80.7812652294107,35.3395439073303],[-80.7812882290981,35.3394719078926],[-80.7813252298247,35.3392769075331],[-80.7813952297044,35.3392299077841],[-80.7814352294592,35.3391739077063],[-80.7814552292137,35.3390079072735],[-80.7814632286356,35.3389739078009],[-80.7814972298291,35.3389239067517],[-80.7815052287857,35.3389049070704],[-80.7815362301043,35.3388699075404],[-80.7816682296444,35.3387979079463],[-80.7818052293093,35.3387979079372],[-80.781891230124,35.3387739074591],[-80.7819582297798,35.3387159069969],[-80.7819992300811,35.3386609071924],[-80.7820202297685,35.3385989077206],[-80.78203422902,35.3384939070026],[-80.7820632302845,35.3384059077979],[-80.7821082303695,35.3383229069583],[-80.7821632299942,35.3382619075023],[-80.7822052298543,35.3382329074582],[-80.7822382298567,35.3381979080827],[-80.7823842297993,35.3381039065928],[-80.7824102291391,35.3380619065289],[-80.7824152299511,35.3380139069969],[-80.7823822305415,35.3378519066647],[-80.7823642298193,35.3378159067738],[-80.7823392297298,35.3377849073174],[-80.7823062290771,35.3377579069277],[-80.7822832298827,35.3377329069687],[-80.7822732292339,35.3376989071977],[-80.7821852302552,35.3376429075143],[-80.7821122297399,35.3376179074569],[-80.7819882299781,35.3375239068119],[-80.7816792292224,35.3373059066223],[-80.7814562296419,35.3371139068673],[-80.7814032293905,35.3370909068065],[-80.7813252290666,35.3370009073777],[-80.7812552297001,35.3369459063699],[-80.7812272290492,35.3369329069268],[-80.7811432292009,35.3368949065911],[-80.7809512288371,35.33685490668],[-80.7808242298194,35.3368129068305],[-80.7806082295144,35.3366859075333],[-80.7805442291775,35.3366539068176],[-80.7805042289651,35.3366329061494],[-80.7802512285798,35.336515906879],[-80.7802042290622,35.3365189065862],[-80.780127228932,35.3365089071217],[-80.7799372285607,35.3364289068403],[-80.779898229149,35.3364049069986],[-80.7798812293978,35.3363739075996],[-80.7798492289269,35.3363759069007],[-80.779831228785,35.3363649068888],[-80.779773228539,35.3363439071961],[-80.7797642284869,35.3363249067417],[-80.7796942288871,35.3363029067363],[-80.7796712297238,35.3363139068717],[-80.7796032289288,35.3363039064918],[-80.7795622288193,35.3363019068386],[-80.7795092288931,35.3362849069546],[-80.7794482293817,35.3362559071629],[-80.7794122285824,35.3362649064731],[-80.7793922289767,35.3362569074169],[-80.7793312292594,35.3362469068233],[-80.7792752292537,35.3362279069969],[-80.7792282289992,35.3362209076807],[-80.7791682289105,35.3362319066341],[-80.7791562283353,35.3362149066626],[-80.7791082282539,35.3362139067543],[-80.7790832288846,35.3362739070366],[-80.7790572291318,35.3363189077905],[-80.7790122284845,35.3363579071053],[-80.7789792292621,35.3363659065149],[-80.7789542280545,35.336372907601],[-80.7789112282461,35.3363909073609],[-80.7786582286438,35.3363389077796],[-80.7786362287688,35.3363149067613],[-80.7785302292832,35.3363049065418],[-80.7784312282939,35.3362659065522],[-80.7783742290978,35.3362339074021],[-80.7783392280963,35.3361979067769],[-80.7783132291995,35.3361719069776],[-80.7782812276234,35.3361589069956],[-80.7782742281463,35.3361249061293],[-80.7782872282186,35.3360599070389],[-80.7783122281627,35.3360539068752],[-80.7783232278584,35.3360359073908],[-80.7783362282981,35.335998907231],[-80.7783942293387,35.3359549064065],[-80.7784252280485,35.3359399068112],[-80.7784722293555,35.3359299069006],[-80.778487228837,35.3359169066066],[-80.7785062290249,35.33590290721],[-80.7785222286876,35.3358499066137],[-80.7784982277313,35.3356989069243],[-80.7784972280109,35.3356249071942],[-80.7785252283167,35.3355549075859],[-80.7785452286709,35.3355239065966],[-80.7786202283877,35.3354709070124],[-80.778710229055,35.3354569072695],[-80.778770228484,35.335454907336],[-80.7788012283574,35.3354699072038],[-80.7788532279214,35.3355079066414],[-80.7789452291158,35.3355659064555],[-80.7791032285665,35.3356389067809],[-80.7791612290557,35.3356529068211],[-80.7792702292772,35.3356629065794],[-80.7795952278886,35.335664906879],[-80.779766228718,35.3356229065635],[-80.7800312289696,35.3355249071423],[-80.7801302290744,35.3354689068433],[-80.7802532290341,35.3353559066802],[-80.7804842284589,35.335079906838],[-80.7805092294568,35.3350319064063],[-80.7805192282918,35.3349379063423],[-80.7805112297242,35.3348879070838],[-80.7804872287858,35.3348409064253],[-80.7804692287453,35.3347929060457],[-80.7804232291058,35.3347499072259],[-80.7804142290782,35.334730906814],[-80.7803282286398,35.334652907332],[-80.780268229128,35.3346419061801],[-80.7801592289303,35.334632907202],[-80.7801382287218,35.3346129065495],[-80.7800902283156,35.3346039063154],[-80.7800492282508,35.3346269071002],[-80.779965229552,35.3346129072543],[-80.779899228415,35.3346189061868],[-80.7798692285204,35.334614905761],[-80.7798332288981,35.334629907095],[-80.7797982291073,35.3346469069836],[-80.7797922283169,35.3346829064891],[-80.7797252291581,35.3347159064585],[-80.779668229637,35.3347349065038],[-80.779603228876,35.3348169065464],[-80.7794942292039,35.3349149061548],[-80.7794812283644,35.3349519064626],[-80.7794362283608,35.3349849067535],[-80.7793902287662,35.3350049072238],[-80.7793312287697,35.3350149070437],[-80.779288228789,35.3350149066633],[-80.7792642285794,35.3350099064466],[-80.7791972288434,35.3349679062557],[-80.7791622278409,35.334941907227],[-80.779113228328,35.3349329068545],[-80.7790382285282,35.3348849067741],[-80.7789902289563,35.3348529064692],[-80.7789722279745,35.3348269065524],[-80.7789572287518,35.3347329059205],[-80.7789862283283,35.3346889069578],[-80.7789902284549,35.3346669070557],[-80.778965228536,35.3346349061473],[-80.778939228216,35.3345889064746],[-80.7789112281583,35.3345229063862],[-80.7788782288482,35.3344799063041],[-80.7788082282681,35.3344139072066],[-80.7787062290665,35.3343749064092],[-80.7786382281098,35.3343309064607],[-80.7785732279756,35.3343079064822],[-80.7782592282464,35.3341839071634],[-80.7781272276902,35.334133906016],[-80.7780132279529,35.3340939060308],[-80.7778982280731,35.3340399062675],[-80.7777612282248,35.3339549061616],[-80.7776912275753,35.3339059068588],[-80.7776242280218,35.333866906311],[-80.7776112280109,35.3338499064305],[-80.7775762280346,35.3337359061123],[-80.7775912279909,35.333688906864],[-80.7776122274678,35.3334589072025],[-80.7777042285037,35.3333339063069],[-80.7778212279584,35.3332729067242],[-80.7780522286964,35.3331779061331],[-80.7781492287988,35.3331329064414],[-80.7783972283352,35.3330299055447],[-80.7785412283698,35.3329699062907],[-80.7789132282142,35.3327539063213],[-80.7790042276569,35.3326939068008],[-80.7792662282593,35.3325749061443],[-80.7793222287697,35.3325279057394],[-80.7793532291044,35.3324889063503],[-80.779396228614,35.3324049061862],[-80.7793982287129,35.3323799062867],[-80.7794032287635,35.3323059058209],[-80.7794002281365,35.332282906088],[-80.7793832289475,35.3322299059311],[-80.7793862291952,35.3321959060633],[-80.7793902287236,35.3321339060701],[-80.7793612288614,35.3320609063564],[-80.7793142292309,35.3320079060182],[-80.7792312288404,35.3318859063428],[-80.7792102286945,35.3318389055272],[-80.7791492288951,35.3318049062821],[-80.7790502289371,35.3317639061911],[-80.7789472285594,35.3317489063078],[-80.7788742284132,35.3317599058655],[-80.778793227843,35.3317769057634],[-80.7786492283209,35.3318019055211],[-80.7785942277743,35.3318029060967],[-80.7785242280933,35.3317959052598],[-80.7784762276526,35.3317849064791],[-80.7782802277365,35.3317489065875],[-80.7782262281815,35.3317359058911],[-80.7781412280408,35.3317009060993],[-80.7780562289431,35.3316439055656],[-80.7780392276104,35.3316279057278],[-80.7779872277324,35.3315589064934],[-80.7778982286393,35.3314189062294],[-80.777865227546,35.3313479060312],[-80.7778512279684,35.3312999060512],[-80.7777942277561,35.331165905862],[-80.7776472273936,35.3309799054369],[-80.7776102280482,35.3309199055796],[-80.7775732276777,35.3308379059584],[-80.7775782282575,35.3307489057605],[-80.7775672275285,35.3306389060747],[-80.7776022278237,35.3305149057432],[-80.7776112280293,35.3304079051395],[-80.7776462278222,35.3302569056912],[-80.7776682280852,35.330176905426],[-80.7777022284969,35.3299609058435],[-80.7777452278746,35.3298579051584],[-80.77775822866,35.3297989052287],[-80.777918227279,35.3294639049612],[-80.7779722282148,35.3294039055608],[-80.7779952287114,35.3293719057799],[-80.7781432277516,35.329284905853],[-80.7782122288785,35.3292659060679],[-80.7782522280386,35.3292489053202],[-80.7783072284331,35.3292369054385],[-80.7783292287058,35.3292359053321],[-80.7783762277053,35.329253905304],[-80.7784072288997,35.3292579057972],[-80.7784602286275,35.3292419060008],[-80.7784812283193,35.3292209051872],[-80.7784982286339,35.3291939052896],[-80.7785592287636,35.329161905506],[-80.778656228747,35.3290249058137],[-80.7786912275769,35.3289989056124],[-80.7787022285545,35.3289799052666],[-80.7787072275641,35.3289569052365],[-80.7787082275715,35.3288929053698],[-80.7786472283991,35.3287519056763],[-80.7786252275863,35.3287179059944],[-80.7786032282791,35.3286969054603],[-80.7784852280736,35.3286329057115],[-80.7783312275318,35.328435905736],[-80.7782412281589,35.3283559051821],[-80.77820322834,35.3283349050748],[-80.7780812276018,35.3282869056479],[-80.7779742280064,35.3282289054074],[-80.77786022736,35.3281099059538],[-80.777817228607,35.3280519055842],[-80.7775652274095,35.3278739052243],[-80.7774102278707,35.3277159054662],[-80.7773692278463,35.3276989053216],[-80.7773192280344,35.3276499053412],[-80.7772802281047,35.3276259046974],[-80.7771132268685,35.327496905519],[-80.7769882278113,35.327393904926],[-80.7769172275249,35.3273809051666],[-80.7768022273095,35.3273379047894],[-80.7767422267393,35.3273089052727],[-80.7766942280559,35.3273049057638],[-80.7766602266895,35.3272929048361],[-80.776568227347,35.3272439048373],[-80.7764432275691,35.3272389050937],[-80.7763922270383,35.3272259056114],[-80.7763582275833,35.3272029051335],[-80.7763372280051,35.3271899056002],[-80.7762392278562,35.3271399051404],[-80.7761572275825,35.3271269048724],[-80.776061227536,35.3270909055344],[-80.7759672275084,35.3270619047144],[-80.7758482276817,35.3270089048167],[-80.7758092274722,35.3269719054415],[-80.7757852267654,35.3269339053586],[-80.7756802267661,35.3268099051331],[-80.7756562275648,35.326763905166],[-80.7756102268323,35.3267489053549],[-80.775418227786,35.3266419049854],[-80.7752022273632,35.3265669047306],[-80.7749252265819,35.3264889049653],[-80.7745942268971,35.3264079054714],[-80.7739462274273,35.3262299055405],[-80.7738712265141,35.3262219051433],[-80.773785226611,35.3262079051975],[-80.7737362261934,35.326199904404],[-80.7736622265722,35.3261969047765],[-80.7736372262364,35.3262019050717],[-80.773562226501,35.3262269054759],[-80.7734702268996,35.3262439051802],[-80.7733482263359,35.3262519053027],[-80.7733132261581,35.3263579050334],[-80.7730432262953,35.3271469054139],[-80.7729402265865,35.3274169047837],[-80.772869226479,35.3275909047014],[-80.7727522262878,35.3278449053788],[-80.7724812259146,35.3284019056816],[-80.7724172265641,35.3285499054848],[-80.7723192265004,35.328804905175],[-80.7722542260912,35.3290159056617],[-80.7722182259498,35.3292009054102],[-80.7722032265064,35.3292809058759],[-80.7721942259924,35.3294839057416],[-80.7722072258834,35.3296859057031],[-80.7722232265345,35.3297839054673],[-80.7722532257508,35.3298929062927],[-80.7723682256714,35.3302139052124],[-80.7725612257762,35.3306579063864],[-80.7727442264929,35.3310529069106],[-80.7729382268082,35.3314679057488],[-80.7729692264936,35.3315349064046],[-80.7730632265832,35.3317859058793],[-80.773125226845,35.3319929063007],[-80.7731822264191,35.3322509063126],[-80.7732152264426,35.3324919064946],[-80.7732322260465,35.3327929065195],[-80.7732272268044,35.3330939058072],[-80.7732112275542,35.3332869066552],[-80.7731942264279,35.3334289064936],[-80.7731372269597,35.3337559070146],[-80.7730712272688,35.3340179064461],[-80.7729842264423,35.334276907084],[-80.7729552274923,35.33435090682],[-80.772585227467,35.3351519068781],[-80.7720912264685,35.3361789075416],[-80.7716712260573,35.3370799072039],[-80.7707622267077,35.3390159080245],[-80.7706952260512,35.3391699071306],[-80.7706292261531,35.3393019080876],[-80.7705702262078,35.3394199086754],[-80.7705452269752,35.3394719081415],[-80.7704632262052,35.339620907931],[-80.7703762257995,35.3397679079681],[-80.7701882264068,35.340054907784],[-80.7700152266864,35.3402909078517],[-80.7699112256512,35.3404029073548],[-80.7697982266553,35.3405119078993],[-80.7697432260532,35.3405649080752],[-80.7695422266266,35.3407329083279],[-80.7693302257825,35.3408859086812],[-80.769052225755,35.3410499080742],[-80.7687622261036,35.3411989082608],[-80.7684622262211,35.3413329088201],[-80.7677362261936,35.3416209079916],[-80.7672922257995,35.3417999080519],[-80.7663902258321,35.3421439090877],[-80.7660942251963,35.3422509085613],[-80.7658532247435,35.3423389088155],[-80.7655382251626,35.3424609094992],[-80.7645862254196,35.342831909551],[-80.7643172242689,35.3429549085077],[-80.7640602243545,35.3430939083951],[-80.7639352245569,35.3431679097344],[-80.7637182249492,35.3433129089277],[-80.7626312240741,35.3441129085548],[-80.7618332244966,35.3446769097318],[-80.7616802238297,35.3447749095279],[-80.7602432240655,35.3458099096716],[-80.7600142236781,35.3459899100578],[-80.7599192232009,35.3460739089409],[-80.7598282236091,35.3461639100973],[-80.7597422243506,35.3462589099769],[-80.7596372240996,35.3463959094326],[-80.759561223621,35.3465119097704],[-80.759493222824,35.3466339102394],[-80.7594012239583,35.3468359099022],[-80.7593472239293,35.3469939092747],[-80.7592972235049,35.3472199104417],[-80.7592762231,35.3473609098671],[-80.7592602233576,35.3475359103459],[-80.7592332237059,35.3480709110301],[-80.7592242228715,35.3483119096872],[-80.7591282239954,35.3500639109471],[-80.7590962242673,35.3505059104364],[-80.7590542240221,35.3507189105765],[-80.7590102230593,35.3508589103389],[-80.7589422238112,35.3510289116672],[-80.7588552238942,35.3512299103423],[-80.7579742228858,35.3530659121133],[-80.7577222238323,35.3535929117787],[-80.7568952231805,35.3553329114942],[-80.7565832232598,35.355984912215],[-80.7564912234727,35.3561539119419],[-80.7564172235459,35.3562749117308],[-80.7563292231037,35.3564049120812],[-80.7562242226559,35.3565449121172],[-80.7561052221801,35.3566869127261],[-80.7559992230037,35.3567999119352],[-80.7558382232037,35.3569569120392],[-80.7556732227333,35.3570919117129],[-80.7554092228247,35.3572929124657],[-80.7543972224972,35.3580289123104],[-80.7542042221821,35.3581699123399],[-80.7540242232323,35.3583009127986],[-80.7528432225917,35.3592609133559],[-80.7525652217727,35.359141912656],[-80.7523872224839,35.3591719123892],[-80.7513582208688,35.3592959131769],[-80.7510822207195,35.3593319129019],[-80.749917221127,35.3594839125621],[-80.7495082217088,35.3595379136433],[-80.7480852204446,35.3597259134309],[-80.7469292205947,35.3598739136094],[-80.7466422206329,35.3598999126313],[-80.7465592204505,35.3599039129719],[-80.7465272211182,35.3599059132175],[-80.7462272199868,35.3599069129378],[-80.7460612199524,35.359901913067],[-80.7450652202649,35.3598499131555],[-80.7447552196184,35.3598329134067],[-80.7443682204503,35.3598119130134],[-80.7439522202152,35.3597889134579],[-80.7439362199823,35.3597909135513],[-80.7439162198103,35.3598619134132],[-80.7438772193455,35.3599969132721],[-80.7437082197718,35.3605789140555],[-80.7434522195652,35.3607679134972],[-80.7433952189154,35.3608179140409],[-80.7433442190895,35.3608709134329],[-80.7432992189822,35.3609289132091],[-80.743262219531,35.3609899137302],[-80.7432322197642,35.3610529142231],[-80.7431742193528,35.361223914133],[-80.7431362188792,35.3613219137061],[-80.743044219077,35.3615279133948],[-80.7429222187969,35.3617659134171],[-80.7427742191481,35.3620079143019],[-80.7425042194502,35.3623969142664],[-80.7421402185944,35.3628389139849],[-80.7420662191648,35.3629389138255],[-80.7419692189995,35.3630909148102],[-80.741938219353,35.3631349140501],[-80.7418952196747,35.3632329138038],[-80.7418592197951,35.3633329136024],[-80.7418302186565,35.3634349143692],[-80.7418072185662,35.3635379143683],[-80.7417922193929,35.3636419137077],[-80.7417832194646,35.3637799137952],[-80.7417822194273,35.3639189141427],[-80.741823219106,35.3643329142445],[-80.7418522193882,35.3644699145868],[-80.7418892192966,35.3646049138184],[-80.7419332189285,35.3647389135377],[-80.7419842189274,35.3648709147767],[-80.7420432186363,35.3650009139792],[-80.742109218775,35.3651289146818],[-80.7421522196272,35.3652029149282],[-80.7419282191977,35.3652819148625],[-80.7414112199354,35.3654979147184],[-80.7410402184253,35.3656839144345],[-80.7405732184011,35.3658309146322],[-80.7396662186426,35.3661509147918],[-80.7380692187627,35.366700914897],[-80.7370822175884,35.3670609153335],[-80.7369892181865,35.3670999146327],[-80.736843217261,35.367171914931],[-80.7365872178079,35.3673479154323],[-80.7358212166136,35.3679099150746],[-80.7354392171717,35.3681989150562],[-80.7352872177183,35.3683329152918],[-80.7352232174958,35.3683959154049],[-80.7351512173379,35.3684769155628],[-80.7350392165376,35.368616915249],[-80.7348672168437,35.3688799152517],[-80.7343492172836,35.3697099154093],[-80.7342182172214,35.3699209159447],[-80.734007216875,35.3702499165077],[-80.733757217234,35.3706269156926],[-80.7334282174464,35.3710749157845],[-80.733286216562,35.3712589160929],[-80.7331142171973,35.3714959162843],[-80.7327602167678,35.3719379157912],[-80.7324812168721,35.3717469158125],[-80.7316912167548,35.3711919166932],[-80.7316082158702,35.3711339158933],[-80.731524216759,35.3710759157768],[-80.7314532159792,35.3710229157673],[-80.731002216248,35.3707089160635],[-80.7302602163956,35.3701889165289],[-80.7284722154395,35.3689339162925],[-80.7267772149022,35.3677459163134],[-80.7254512144871,35.3668149148777],[-80.7222482134643,35.3645739157222],[-80.7217782135264,35.3642499149284],[-80.7196752122963,35.3627989148624],[-80.7195342119182,35.3627029143117],[-80.7194242126484,35.3626249145796],[-80.7189372114271,35.3622919147524],[-80.7180122114741,35.3616539144965],[-80.7177722117517,35.3614799144707],[-80.7175502117094,35.3613349141438],[-80.7173872111395,35.3612229143376],[-80.7170052119521,35.3609599137468],[-80.716090210656,35.3603279142718],[-80.7138782111384,35.358802914107],[-80.7132252099722,35.358352914015],[-80.7122312104895,35.3576689143724],[-80.7112602098937,35.35699791443],[-80.7105362092554,35.356498913059],[-80.710497209816,35.3564719141195],[-80.7102342090159,35.3562899133964],[-80.7088812088489,35.3553569142142],[-80.7081182081611,35.3549249139064],[-80.707966208144,35.3548389130522],[-80.7078112084239,35.3547519138719],[-80.7073872076577,35.354510913225],[-80.7071492078367,35.3543769133268],[-80.7070242085205,35.3543059126829],[-80.7067002078288,35.3541219139439],[-80.7061722077115,35.3538239130448],[-80.7048832080337,35.35309791305],[-80.7048172077699,35.3530569129942],[-80.704577206969,35.3529209131414],[-80.7043522079649,35.3527929133563],[-80.7041402077427,35.3526729130438],[-80.7039862068389,35.3525879127307],[-80.7035052068202,35.3523129129897],[-80.6998642057939,35.3502529135986],[-80.6992392053271,35.3498979127645],[-80.6982422052144,35.349333913557],[-80.6976492055446,35.3489979130181],[-80.6973612054172,35.3488339123522],[-80.6969612051379,35.3486079132483],[-80.696739204632,35.3484829129986],[-80.6954762052011,35.3477659124501],[-80.6937752036445,35.3468009121563],[-80.6937032036289,35.3467629120384],[-80.6936572035302,35.3467409120233],[-80.6935512043011,35.3466829123088],[-80.6930642031739,35.3463859121244],[-80.6928242034572,35.3456559116187],[-80.6926302034861,35.3450649122569],[-80.6924402032289,35.3444699122797],[-80.6922862035472,35.3440109114597],[-80.6919122029509,35.3428509118302],[-80.6915872024911,35.3418569112421],[-80.6908502031873,35.3396019112452],[-80.6903012023933,35.3379229104631],[-80.6901422024228,35.3374369101838],[-80.6899562013936,35.3368679102493],[-80.6897932022042,35.3363699102654],[-80.6895652015429,35.3356719099466],[-80.6895432015945,35.3356019099385],[-80.6894232012101,35.3352359092596],[-80.688292201992,35.3317719086545],[-80.687747201118,35.3301039081904],[-80.6872182006399,35.3284869089899],[-80.6870842005772,35.3280769090093],[-80.6864432007987,35.3261169078481],[-80.6860942005504,35.325046908499],[-80.6853671996259,35.3228199073493],[-80.6852871994833,35.3225759072168],[-80.6840581995593,35.318815907037],[-80.6836321994242,35.317510906358],[-80.6830741989631,35.3158029064962],[-80.6830201989636,35.3156539062599],[-80.6829521987795,35.3154689066101],[-80.6829241990995,35.3153919067523],[-80.6821291994358,35.3133339058259],[-80.6820221986661,35.3130549058035],[-80.681486197805,35.3116669053076],[-80.6813141980704,35.311221904699],[-80.6811681982787,35.310843905406],[-80.68095419799,35.3101959049484],[-80.6808851985193,35.3099739044422],[-80.6797701973682,35.3064349042689],[-80.6795981968548,35.3058879042687],[-80.67927019696,35.3048469037293],[-80.6789331968957,35.3037769041201],[-80.6788651964216,35.3035659031284],[-80.6787231968464,35.3031079037815],[-80.6785641973428,35.3025999037768],[-80.6784841973987,35.3023499032785],[-80.6781201969913,35.3012019027702],[-80.6778911970518,35.3005149026448],[-80.6778451966048,35.3003779027591],[-80.6778391960628,35.3003589030221],[-80.6778231968235,35.3003109036041],[-80.6774201964947,35.299117902333],[-80.6772291960039,35.2985489018349],[-80.6770711964157,35.29808090259],[-80.6769721954608,35.2978009025881],[-80.6768651965723,35.2974839023312],[-80.676629195972,35.296785901734],[-80.6766011959202,35.296703902857],[-80.6764601955756,35.2962829021724],[-80.6761731959838,35.2954399020088],[-80.6759521953986,35.2947879011552],[-80.6758021963294,35.2943419016132],[-80.6757561951088,35.2942089021147],[-80.6757101955293,35.2940709014947],[-80.6755831956727,35.2937289018832],[-80.6753981949855,35.2931499014569],[-80.6747421952498,35.2912119009102],[-80.6747281948419,35.291172900957],[-80.6747131945736,35.2911279012731],[-80.6738671950582,35.2886289008635],[-80.6738331949175,35.2885289003037],[-80.6736711941266,35.2880518997488],[-80.6731491943601,35.2865089000203],[-80.6724921944815,35.2845748997358],[-80.6719871931892,35.2830788992149],[-80.6714591937412,35.2815138993123],[-80.6712561941237,35.2809108988272],[-80.6712131938675,35.2807848983376],[-80.6703201924935,35.2782378980335],[-80.6702321921886,35.2770148982971],[-80.6702151922388,35.2767068981654],[-80.670200193289,35.2765178976361],[-80.6701871930922,35.2762638977092],[-80.6701641925731,35.2760038977669],[-80.6701331919419,35.275840897922],[-80.6701071934436,35.2757528977149],[-80.6700511936273,35.2756388977072],[-80.6699591923968,35.2754948973608],[-80.6698001927724,35.2753008979011],[-80.6697011923285,35.2751978979253],[-80.6693901928922,35.2749168981684],[-80.6691371922615,35.2746748974121],[-80.6689201919327,35.2744678978709],[-80.6688061928979,35.2743488979899],[-80.6686511922227,35.2741468971503],[-80.6684971926956,35.2738608978718],[-80.6684101920816,35.2736688982773],[-80.6682801920419,35.2733238972642],[-80.6679551922246,35.27245089784],[-80.6678541916114,35.2721238980722],[-80.6677261924462,35.2715028972418],[-80.6676501916842,35.2710818970318],[-80.667646191537,35.2710588968078],[-80.667497191854,35.270256896934],[-80.6674451921938,35.2699718964051],[-80.6673431911225,35.269448896228],[-80.6672761915186,35.269232896821],[-80.6672431910871,35.2691258968437],[-80.6671731917315,35.2689588965952],[-80.6671561919478,35.2689148962684],[-80.6670961922666,35.268796896449],[-80.6670391916615,35.268697896779],[-80.6669351912474,35.2685378966908],[-80.6666861921933,35.2681968967085],[-80.6664831917256,35.2679408963734],[-80.6664211914909,35.2679108968846],[-80.6660981911538,35.2677538967886],[-80.6662171908409,35.2675558968512],[-80.666165190934,35.2674328962421],[-80.6661221907598,35.2672718961059],[-80.6661101908205,35.2671878964764],[-80.666105191586,35.2670378963637],[-80.6661101914135,35.2669538971216],[-80.6662271909622,35.2662138958065],[-80.6663631916378,35.2654058964871],[-80.6663941909495,35.2652728959584],[-80.6664321911618,35.2651538953183],[-80.666470191331,35.2650558953063],[-80.6665381914738,35.2649218956785],[-80.6666101906775,35.2648008959032],[-80.6666921910189,35.2646848955882],[-80.666855191685,35.2644958961771],[-80.666924191024,35.2644288956417],[-80.6670301918766,35.2643348958983],[-80.667133192215,35.2642578953253],[-80.6673571908026,35.2641008952101],[-80.6680241913351,35.2636478954864],[-80.6682391916789,35.2635038959568],[-80.6682891918031,35.2634698949066],[-80.66887219151,35.2630758949341],[-80.6689181923742,35.2630438952884],[-80.6700941923178,35.2622508948979],[-80.6708171930945,35.2617648944985],[-80.6711661927538,35.2615288943144],[-80.6720311933269,35.2609458945423],[-80.672414192967,35.2607028942823],[-80.6726301920192,35.2605828938649],[-80.6730281925456,35.2603858951475],[-80.6733811927883,35.260230893905],[-80.6770941937403,35.2586558940246],[-80.6774151936422,35.2585198942525],[-80.677664194255,35.2584188942872],[-80.6778901941449,35.2583398941145],[-80.6783191938286,35.2582158939222],[-80.67846619417,35.2581798940948],[-80.6786051947914,35.258150894092],[-80.6788511937869,35.2581098934529],[-80.6790551943219,35.2580828942842],[-80.679169195075,35.2580688940177],[-80.6795151940952,35.2580428944029],[-80.6797071951474,35.25803889431],[-80.6800601948402,35.2580428937141],[-80.6803351950252,35.2580598941687],[-80.6805451956338,35.2580818943903],[-80.6806961952823,35.2581028942764],[-80.6809701952287,35.2581488932802],[-80.6822841956086,35.2584098941377],[-80.6840341963126,35.2587558938434],[-80.6842911961497,35.2587948939033],[-80.6844741959518,35.258815893621],[-80.6847391963627,35.2588368938306],[-80.6849351965825,35.2588408936114],[-80.6851821962047,35.2588348938287],[-80.6854441960657,35.2588138940465],[-80.6860201968304,35.2587508933443],[-80.6866491970339,35.2586808941922],[-80.6883731974038,35.2584898937906],[-80.6886301974717,35.2584608939151],[-80.6889441975089,35.2584308942327],[-80.6892571974912,35.2584298938279],[-80.6894381976132,35.2584408936835],[-80.6896531981614,35.2584688940829],[-80.6898781972854,35.2585128929538],[-80.6900801981164,35.2585658940161],[-80.6902091987331,35.2586128936585],[-80.6905251990088,35.2587408936569],[-80.6909881981039,35.258943893341],[-80.693290198891,35.2599688936709],[-80.6938541996016,35.2602158932449],[-80.6940002000619,35.2602788940222],[-80.6941151997411,35.2603218940427],[-80.6941961996934,35.2603468945342],[-80.6944151989345,35.2603968934131],[-80.69448819903,35.2604048944224],[-80.6946211990305,35.2604158942024],[-80.6947961991642,35.2604138934534],[-80.6949851991371,35.2603938935528],[-80.6950711991779,35.2603778938992],[-80.6952071997328,35.2603428942017],[-80.6953391995398,35.260298893912],[-80.6954361996891,35.2602588937106],[-80.6958181996201,35.2600628936127],[-80.6973112000792,35.2592748935191],[-80.6981631995066,35.2588228928755],[-80.6987562002955,35.2585088934996],[-80.698956200669,35.2583968931266],[-80.6991772011058,35.258254892799],[-80.6993362014325,35.2581408934052],[-80.6995512014504,35.257966893471],[-80.6997052007081,35.2578198925021],[-80.6997382008904,35.2577878931026],[-80.6998672016715,35.2576508927749],[-80.7000452008171,35.2574298923267],[-80.7001802011233,35.2572318930711],[-80.7002542005159,35.2571008924559],[-80.7003102006098,35.2569908930383],[-80.7006392004769,35.2562948927135],[-80.7005592004542,35.2562368923188],[-80.7004452010261,35.2561608923914],[-80.7004262007664,35.2561238929491],[-80.7003502009362,35.2560568924109],[-80.7002572015689,35.2559668930278],[-80.7001542010906,35.2558748928029],[-80.6999352010649,35.255685892349],[-80.6996852004267,35.2554768923387],[-80.6990112008218,35.2548978931899],[-80.6989612002615,35.2548408923704],[-80.6988651997905,35.2547548929682],[-80.6987661998058,35.2546748924215],[-80.698673200565,35.2545808923808],[-80.6985632009071,35.2544928920751],[-80.6983972000338,35.2543598920975],[-80.6982591995057,35.2542178923383],[-80.6981402002709,35.2541168916706],[-80.6980021993397,35.2540188920519],[-80.6977972002002,35.2538338927704],[-80.6974561998109,35.2535458925847],[-80.6973821995812,35.2534548924332],[-80.6972981998002,35.2533888930071],[-80.6972291998793,35.2533248920425],[-80.6971611996249,35.2532778918733],[-80.6970211991104,35.2531428916996],[-80.6968271991818,35.2530038917823],[-80.696705199434,35.2529318918608],[-80.6966151991546,35.2528498916955],[-80.6964771998629,35.2527558925192],[-80.6961472001824,35.2525478923792],[-80.6960891998423,35.2525018919654],[-80.6960271994693,35.2524638924215],[-80.6959261996142,35.2524168915709],[-80.6958621986075,35.2523658919719],[-80.6957221991183,35.2522788919973],[-80.695430199402,35.2521118919823],[-80.6953801993079,35.2520628913423],[-80.6953361996,35.2520098919007],[-80.6952831994175,35.2519728919758],[-80.6952131986263,35.2519468916035],[-80.6951031993665,35.2518988918669],[-80.6950041988556,35.2518368922116],[-80.6949241984644,35.2518288913884],[-80.6947691994933,35.2517858925722],[-80.6945471984398,35.2517198918825],[-80.6947591982098,35.2516328917685],[-80.6950821985746,35.2515438919121],[-80.6952131990317,35.2515228915963],[-80.6953131994076,35.2514978914274],[-80.6954391991323,35.2514718921729],[-80.6955561999099,35.2514538915879],[-80.6958061995832,35.2514238922732],[-80.6959541998224,35.251376891702],[-80.6960861995191,35.2513648914537],[-80.6962501994258,35.2513558910787],[-80.6964511988409,35.2512928919914],[-80.6966581997006,35.2512388910623],[-80.6968791994195,35.2511888921843],[-80.6969761991666,35.2511708921004],[-80.6971052000412,35.2511318922163],[-80.6974431995352,35.2510498919715],[-80.697565199837,35.251042891758],[-80.6976491996194,35.2510098915806],[-80.697709199994,35.250992891435],[-80.6978572001261,35.2509618917838],[-80.6979281999388,35.2509538919663],[-80.6980651994304,35.2509478916171],[-80.6981622000466,35.2509598919718],[-80.6982591993832,35.2509798921022],[-80.6983632002371,35.2509908915559],[-80.6984531998768,35.2509948918317],[-80.6985942000049,35.2509948916324],[-80.6988611994631,35.2510118917166],[-80.6990171996742,35.2510398912784],[-80.6992911995075,35.251059890901],[-80.699448200051,35.2510988915284],[-80.6996142003522,35.2511188915924],[-80.6998702006439,35.2511408918178],[-80.7000651998996,35.2511418912295],[-80.7001932012525,35.2511508920846],[-80.7004362005572,35.2511928917107],[-80.7005472000478,35.251218891733],[-80.700753200543,35.2512398914543],[-80.7009152006624,35.2512448920598],[-80.7010482009745,35.2512538911684],[-80.7011582004671,35.2512678918604],[-80.7014692008214,35.2512868921512],[-80.7015612014703,35.2512998914446],[-80.7017452010381,35.2513458916999],[-80.7018452003877,35.2513798918074],[-80.7019562013428,35.2513868921464],[-80.7022492016361,35.2513768914087],[-80.7023302015144,35.2513408917929],[-80.7025512008997,35.2512678918787],[-80.7027302014239,35.2511718923523],[-80.7028052013597,35.2511158911349],[-80.702851200832,35.2510758910482],[-80.7029072008836,35.2509968924151],[-80.7030382021677,35.2508838912544],[-80.7031592013776,35.2507718917484],[-80.7032102010648,35.2506918913499],[-80.7033452013891,35.250527890789],[-80.7034072012687,35.2504688913531],[-80.7034852016625,35.2504108909949],[-80.7035382008833,35.2503518910739],[-80.7036172019195,35.2502278915799],[-80.7036782011413,35.2501948909256],[-80.7038282013101,35.2500338918757],[-80.703858201379,35.2499688909674],[-80.7039162016508,35.2498768915273],[-80.7039792022499,35.2498018906207],[-80.7041002009168,35.2497168910621],[-80.7042102022724,35.2496858912723],[-80.7044232018905,35.249677891843],[-80.7045342010024,35.2496678911584],[-80.7045952019828,35.2496408919157],[-80.7046462017674,35.2495608917675],[-80.7046682012221,35.2494618915325],[-80.7046922010779,35.2493858916306],[-80.7047462012447,35.2493088911427],[-80.7047892012985,35.2492638908217],[-80.704887201643,35.2491458915383],[-80.7048882014388,35.2491198907973],[-80.7049132022218,35.2490828905316],[-80.7049532023214,35.2490698912329],[-80.70497520237,35.2490678907537],[-80.7050402014406,35.2489878915144],[-80.7051192012338,35.2488478912837],[-80.7051622018244,35.2488008910764],[-80.7052282016399,35.2487008910781],[-80.7053752021433,35.2484328904523],[-80.7055452019269,35.2482188910236],[-80.7055702011987,35.2481498912343],[-80.7055732015782,35.2480288910084],[-80.7055982024406,35.2477808912899],[-80.7056162015613,35.2477278906804],[-80.7056652022028,35.2476818912162],[-80.7057372026079,35.2476678905761],[-80.7059232019738,35.2476778907174],[-80.7059772029063,35.2476768904461],[-80.7060232019412,35.2476648899161],[-80.7062142021577,35.2475538908974],[-80.7065292027948,35.2473168903794],[-80.7065562016309,35.2472818910552],[-80.7065602021998,35.2471958900981],[-80.7065752025124,35.2471588907567],[-80.706633201748,35.2471048903381],[-80.7066442020282,35.247060890622],[-80.7067052029744,35.2469968906136],[-80.7068482017215,35.246894891132],[-80.7069392026801,35.2467588910774],[-80.7069612020077,35.2466478901017],[-80.7069502024315,35.2466298898566],[-80.7068912024695,35.2463408900124],[-80.7069492017005,35.2459568902821],[-80.7073392018181,35.2457078903494],[-80.7074762026183,35.2456218905573],[-80.7078242017659,35.2452328905285],[-80.7080802025932,35.2447098902659],[-80.7080912029633,35.2441808896797],[-80.7084612027342,35.2432718900125],[-80.708808202694,35.2426198900514],[-80.7088902024264,35.2419888895805],[-80.7088102021049,35.2413418891213],[-80.7084332019353,35.2408828893287],[-80.7081292030551,35.240156889607],[-80.7077012015819,35.239396888444],[-80.7075012011959,35.238842889002],[-80.7076072020641,35.2386038890366],[-80.7076922026238,35.2384478888132],[-80.7076992012351,35.2382108883666],[-80.7076922028301,35.2379008884689],[-80.7076562029949,35.2377638887146],[-80.7073412022829,35.2375958878847],[-80.7075412022168,35.2370448883192],[-80.7077082019267,35.2365228878795],[-80.7079862021135,35.2360078879902],[-80.7081932022581,35.2357168881362],[-80.7082062015489,35.2356988881375],[-80.7082642021227,35.2356178874676],[-80.7083072017463,35.2354928887847],[-80.7083052019001,35.2354718881775],[-80.7083322020771,35.2353638878062],[-80.7083432021015,35.2353428875574],[-80.7083942026151,35.2353198880193],[-80.7084542027931,35.235305888235],[-80.7084882017325,35.2352878882763],[-80.708540202339,35.2352338884677],[-80.7086502027411,35.2351748878927],[-80.7086672024716,35.235141888272],[-80.708690202609,35.2350708881405],[-80.7087102030401,35.235034887992],[-80.7087292026225,35.2349798881959],[-80.7087402019261,35.2348998883092],[-80.7087642019464,35.2348398879461],[-80.7087872019648,35.234726887794],[-80.7088742021043,35.2346168875478],[-80.7089372023212,35.2345468875122],[-80.7089792022479,35.2345228878589],[-80.7090672014105,35.2344598871352],[-80.7091262024149,35.2343478875898],[-80.7091882023486,35.2342788878932],[-80.7092262014955,35.2342488877428],[-80.7092802032224,35.2341758879096],[-80.7093042015346,35.2341558877112],[-80.709424202426,35.234081887676],[-80.7094782024221,35.2340648868818],[-80.7095482029216,35.2340558879388],[-80.7096972026619,35.2340008883303],[-80.7097462023958,35.2339908877563],[-80.7098742019242,35.2339218880821],[-80.7099562022927,35.2338788877578],[-80.7099802024556,35.2338488868764],[-80.7100212026488,35.2337488882046],[-80.7100482022431,35.2336968874079],[-80.7101652017481,35.2335668875437],[-80.7101862024848,35.2335238874104],[-80.7101882026051,35.2334888879734],[-80.7101812026521,35.2334418874747],[-80.7101962022341,35.2333788872849],[-80.7102302020904,35.2333418874373],[-80.7103302027836,35.2333128875362],[-80.7103552025117,35.233290887644],[-80.7103782029001,35.2332558879285],[-80.7103962029274,35.233198887796],[-80.7103972026545,35.2331078871413],[-80.7103872025015,35.2329338876582],[-80.7103982030707,35.2328438879308],[-80.7103972028033,35.2327968873641],[-80.7103872021706,35.2327348870409],[-80.7103762028747,35.2327098879763],[-80.7103522026213,35.2326728867233],[-80.7103342024086,35.2326288871886],[-80.7103342022313,35.2324838868505],[-80.7103272029131,35.2324508872537],[-80.7102802026476,35.2323498875682],[-80.7102112025878,35.2322408879447],[-80.7101802032734,35.2321158868876],[-80.7099212021071,35.2314158870577],[-80.7098932023953,35.2312448863814],[-80.7098382024326,35.2309048868467],[-80.7097192022856,35.2305688869901],[-80.7105572024442,35.2302918870035],[-80.7112152030229,35.2300738864024],[-80.7118382027635,35.2298628869932],[-80.711959203132,35.2298228865293],[-80.71225920297,35.2297248870691],[-80.7132072030377,35.2294238859776],[-80.713982203583,35.2291698865153],[-80.7141912038487,35.2291078866346],[-80.7143952042852,35.2290588870729],[-80.7145812037272,35.2290218865269],[-80.7147542036858,35.2290008867073],[-80.7148852038598,35.2289918863576],[-80.7150522035997,35.2289918864595],[-80.7152382044263,35.2290008862566],[-80.7153782043665,35.2290128867363],[-80.715692204456,35.2290588863745],[-80.7159512032788,35.2291118864274],[-80.7168032046463,35.2293048865541],[-80.7177122050177,35.2295158859755],[-80.7189502055831,35.2297938867268],[-80.719863205409,35.2300068860744],[-80.7199892056821,35.2300328864756],[-80.720226205712,35.2300818859922],[-80.720725205835,35.2301968856399],[-80.721855205913,35.2304478871987],[-80.7226112058999,35.230619886842],[-80.723290206859,35.2307818863043],[-80.7239622061901,35.2309308869297],[-80.7248012072518,35.231095886556],[-80.7254872078064,35.2312228865774],[-80.7266342075754,35.2314378863061],[-80.7278822080252,35.2316648863777],[-80.7285932072282,35.231781886369],[-80.7288582078971,35.2318188861469],[-80.7289662079965,35.231818886211],[-80.7290722080489,35.2318028861079],[-80.7291572085325,35.2317758863082],[-80.7292272082724,35.2318718871661],[-80.729277207982,35.2319058867905],[-80.7293072085778,35.231917886511],[-80.7294812082671,35.2319498871469],[-80.7302462084721,35.2320838868434],[-80.7304652088195,35.232055886456],[-80.7305422083016,35.2320878872895],[-80.7297392085536,35.2313758863677],[-80.7294002078827,35.2310748857006],[-80.7290832081136,35.2307948870974],[-80.7279952081603,35.2298298863243],[-80.7277412072668,35.2295518857307],[-80.7275602075019,35.2293358856655],[-80.72738820739,35.2291148854782],[-80.7271492075188,35.2287738864931],[-80.727002206837,35.2285408864683],[-80.7268642073752,35.2283048861765],[-80.7267372071246,35.2280638853264],[-80.7266202079018,35.2278198862285],[-80.7265742065967,35.2277128853501],[-80.7293942072513,35.2283498850502],[-80.7318072093148,35.2291538856172],[-80.7323942096153,35.2293498855872],[-80.7326482094077,35.2294308857257],[-80.7357972093346,35.2304398855595],[-80.7398022113329,35.231721886417],[-80.7399202109552,35.2317398857558],[-80.7401942115029,35.2317818866985],[-80.7416022124816,35.232245886406],[-80.7417142123152,35.2322938864615],[-80.7463202132216,35.2337518862866],[-80.7468332130539,35.2339148866543],[-80.7484272139788,35.2344198867625],[-80.7492292137845,35.2346788871015],[-80.7495692147618,35.2347868865087],[-80.750639215277,35.235126886645],[-80.7592422175464,35.2378648865902]]]},"properties":{"objectid":3,"cc":3,"cnt_cc":null,"name":"George Dunlap","globalid":"5a55df7c-5575-4aab-9133-fd572d03e608","Shape__Area":1991204380.859314,"Shape__Length":273945.63167767826}},{"type":"Feature","id":4,"geometry":{"type":"Polygon","coordinates":[[[-80.8683802486579,35.2245818794897],[-80.8683662488617,35.2246978796599],[-80.8683312498149,35.2248658807854],[-80.8682782496288,35.2250308798132],[-80.868208249551,35.2251908803854],[-80.8681192499297,35.2253358800763],[-80.8680172494014,35.2254788795989],[-80.8678662489146,35.2256618797733],[-80.8678462498826,35.2256848806694],[-80.8678012494584,35.2257348799549],[-80.8676572491155,35.2258978801215],[-80.8675412486598,35.2260468801819],[-80.8673672490932,35.2263058801294],[-80.8672922486603,35.2264518802279],[-80.8672222494238,35.2266218800456],[-80.8671462491046,35.2268518799554],[-80.8670912482112,35.2270858798712],[-80.8670622490096,35.227263880683],[-80.8670212492696,35.2275738805217],[-80.8669202493172,35.2282858811076],[-80.8668842486378,35.2285428810688],[-80.8668862493929,35.2285728805763],[-80.8668782493548,35.2286768810205],[-80.866886248979,35.2287978808037],[-80.8669122499108,35.228917881473],[-80.8669342482239,35.228984880645],[-80.8667882489072,35.2297268808631],[-80.8667062488899,35.2299798813577],[-80.8666182498591,35.2301758817392],[-80.8665512490431,35.2302978809825],[-80.8664092491082,35.2305158809087],[-80.8663312486786,35.2306208810078],[-80.8643032489068,35.2330818811471],[-80.8639072487911,35.2335718812615],[-80.86365024797,35.2338888822],[-80.8636322481168,35.2339108822783],[-80.8636132482551,35.2339328824309],[-80.8635982491422,35.2339508817618],[-80.8629682481365,35.2347068821835],[-80.8622002481664,35.2356458831199],[-80.8620452478891,35.2358278819109],[-80.8614702471834,35.2365298821304],[-80.8614852477763,35.2369298830103],[-80.8605552476965,35.2369768826428],[-80.8601782475159,35.2369878822481],[-80.8592642473002,35.2370108826291],[-80.8589642472417,35.2370188828111],[-80.8588162471444,35.2370538829927],[-80.8587112476472,35.2370968833279],[-80.858764247203,35.2371978828233],[-80.8588332475907,35.2373728831525],[-80.8588822474745,35.2375518828886],[-80.8588952466945,35.2376228832774],[-80.8589002473691,35.2377478829339],[-80.8588842470688,35.2378728833886],[-80.8588682474264,35.2379338831555],[-80.8588102478295,35.2382258833918],[-80.8587292473652,35.2385318829895],[-80.8586272474225,35.2387508831283],[-80.8585962477365,35.2388458825938],[-80.8585532474691,35.2389788839888],[-80.8585202471337,35.2391568840202],[-80.8584752469625,35.239531883177],[-80.8584612474871,35.2397958836146],[-80.8584552467387,35.2398998839779],[-80.8584532466762,35.2402718837394],[-80.8584712467037,35.2405598833228],[-80.8585002471609,35.2407388837955],[-80.8585442472085,35.2409248830371],[-80.8586232477645,35.2412038841138],[-80.8586702466704,35.2414408842865],[-80.858673247669,35.2414898836373],[-80.8587162476176,35.2417398843757],[-80.8585112474106,35.2416298838041],[-80.8582742464472,35.2414838840162],[-80.8581532464329,35.2413988839033],[-80.8581102475615,35.24142588422],[-80.8580692475732,35.2414408839098],[-80.8579772462353,35.2414598837904],[-80.8579292476321,35.2414628839484],[-80.8569612463805,35.2414358836672],[-80.8559752465817,35.2414048843858],[-80.8549872460096,35.2413788837976],[-80.8541232462516,35.2413498839604],[-80.8538862460119,35.2413458844139],[-80.8537722463929,35.2415778841058],[-80.8533092455096,35.2424188843164],[-80.853134245691,35.2427548845196],[-80.8531042456912,35.2428028845971],[-80.8530752451063,35.2428358844448],[-80.85303624561,35.2428688841493],[-80.8529942451885,35.2428968843384],[-80.8529422458434,35.2429248843689],[-80.8526152461877,35.2430428836929],[-80.8524822462274,35.2431048841174],[-80.8524162456601,35.2431408837697],[-80.8522932453551,35.2432228838743],[-80.85221824584,35.2432818844426],[-80.85219624591,35.2432478848681],[-80.8510962450931,35.2416488843875],[-80.850994244765,35.24154688404],[-80.8509302444161,35.2414838842604],[-80.8507862448304,35.2413388833786],[-80.8506502455056,35.2412028834417],[-80.8505682453697,35.2411208839862],[-80.8505002449262,35.2410528843798],[-80.8490682442795,35.2399608838423],[-80.8483962434999,35.23944888413],[-80.8473962431832,35.2391488833629],[-80.8430262419948,35.2379568835784],[-80.8418452416592,35.2376608839428],[-80.840629241134,35.2373278836573],[-80.8405882415229,35.2373168837605],[-80.8403382411982,35.2372588837253],[-80.8402932417159,35.237242883792],[-80.8399962410744,35.2371488840975],[-80.8395842415526,35.2370458832609],[-80.838819241266,35.2368548834383],[-80.8384342410502,35.2367588841618],[-80.8376492412294,35.2374198841269],[-80.8372942412758,35.2378528841743],[-80.8365532408016,35.238707883808],[-80.8354472405285,35.2383408838283],[-80.8352482394252,35.2382618835138],[-80.8346362394834,35.2379978846278],[-80.8345672396642,35.2379638832925],[-80.8345072403407,35.2379278836022],[-80.8343962406022,35.2378448832046],[-80.8343332403248,35.23778488461],[-80.8342392406363,35.2376858840847],[-80.8339502397602,35.2373488842981],[-80.8328862393349,35.2360658832714],[-80.8321212385251,35.235175883661],[-80.8319652385218,35.235297884303],[-80.8317172392043,35.2354928841202],[-80.8311772381798,35.2359408838046],[-80.8306962384175,35.2363388834132],[-80.8303712386725,35.2366068835953],[-80.829855238937,35.2370118837264],[-80.829769237884,35.2370848837009],[-80.8295452388654,35.2369508839383],[-80.8289872376591,35.2365498844668],[-80.8284092388819,35.2361478836771],[-80.8273392377461,35.2353918835735],[-80.8264122370282,35.2347358829492],[-80.8261642376208,35.2345738835644],[-80.8261372372628,35.2345558837377],[-80.8259682368593,35.2346818830086],[-80.8258872372603,35.2347428835801],[-80.8251322361674,35.2353298839856],[-80.8248862365799,35.2355208830932],[-80.8245822366778,35.2357518838488],[-80.8243352367438,35.2359298838537],[-80.8242032373625,35.2360228842566],[-80.824109236641,35.2360828840791],[-80.8239112365779,35.2361918839586],[-80.8238342367843,35.2362278832088],[-80.8237542363253,35.2362598838977],[-80.8235872366554,35.236311883717],[-80.8233452365795,35.23636488385],[-80.8231872371512,35.2363938843019],[-80.8230182365588,35.2364128837047],[-80.8229032357934,35.2364148843343],[-80.8227622355466,35.2364088834427],[-80.8225322362735,35.2363828846291],[-80.822284236039,35.2363358838141],[-80.8221522362077,35.2363048846065],[-80.8220712352257,35.2362818844877],[-80.8219162354273,35.2362238845329],[-80.8217972361795,35.2361648842498],[-80.8216872359559,35.2360968836678],[-80.8212072354534,35.2357568840299],[-80.8208002353433,35.2354688835776],[-80.8206132354575,35.2353408843481],[-80.8209672360136,35.2350828842644],[-80.8214572358018,35.2347338840099],[-80.8223122355446,35.2341208838072],[-80.8231592362395,35.2335088832439],[-80.8234522363117,35.2333018832233],[-80.8240012361818,35.2329038835214],[-80.823949236927,35.2328638829272],[-80.8233912362557,35.2323678828952],[-80.8231682358257,35.2321858833482],[-80.8230452369392,35.2320208830181],[-80.8230202359483,35.2319868829605],[-80.822724235589,35.2317698828645],[-80.8226082365441,35.2316668826434],[-80.8224702364031,35.2315528831556],[-80.8223342365611,35.2314278825196],[-80.8223212354728,35.2314128825319],[-80.8222722358059,35.23131788256],[-80.8222612351882,35.2312488835074],[-80.8222662352874,35.231188883189],[-80.8222782367541,35.2311468827543],[-80.8223342359579,35.2310348834756],[-80.8223552359902,35.2309738829658],[-80.8223622352115,35.2309258827863],[-80.8223622355422,35.2308688826194],[-80.8222922357061,35.2303838831204],[-80.8222902360914,35.2303128821271],[-80.8222932363745,35.2302918824729],[-80.8223102362063,35.2301998824477],[-80.8223322358625,35.2300888830802],[-80.8223422355562,35.2300398828831],[-80.8223142366059,35.2300248825195],[-80.8220842351072,35.2299028826629],[-80.8212462349974,35.229242882784],[-80.8220422354583,35.2285458823813],[-80.8231752363141,35.2275498816321],[-80.8237802359716,35.2270158820232],[-80.8240262362412,35.2267978820245],[-80.824202235595,35.2266298814242],[-80.8242842366678,35.2265418822034],[-80.8244342362456,35.2263578819454],[-80.8244682362129,35.2263088819875],[-80.8247792363378,35.2258538818848],[-80.8249342359966,35.2256308818094],[-80.8249742365195,35.225575881968],[-80.8251702363814,35.225330882041],[-80.8253632359254,35.2251198810506],[-80.8255162360554,35.2249568823116],[-80.8255482371702,35.2249228808376],[-80.8255912366003,35.2248778822383],[-80.8261642369122,35.2242778811259],[-80.8262082368305,35.2242308818262],[-80.8262482363612,35.2241918816487],[-80.8267402374676,35.2236758816072],[-80.8270122371872,35.2238408819464],[-80.8275272375773,35.2241768810348],[-80.827706237682,35.2242918809335],[-80.8277642377971,35.2243288815214],[-80.8281732371273,35.2245918815089],[-80.8282052373307,35.2246168811973],[-80.8282612365738,35.2246598814043],[-80.8283882378395,35.224745881279],[-80.8284072368657,35.2247578813512],[-80.8284462374523,35.2245948816045],[-80.8284872379111,35.224420881623],[-80.828504237031,35.2242728810384],[-80.8285002371798,35.2240728814922],[-80.828499236904,35.2240488811163],[-80.8284762372307,35.2238648812652],[-80.8284572367708,35.2237728815631],[-80.8283882371827,35.2232388809557],[-80.8283782365995,35.223027881278],[-80.828386237668,35.2228698806949],[-80.8284062378011,35.2227158813391],[-80.8284572372411,35.2225028812362],[-80.8285332364015,35.2223208804014],[-80.8286282380689,35.2221438811286],[-80.8286752366779,35.2220658811847],[-80.8287192372018,35.2220118807419],[-80.828872237717,35.2218298803849],[-80.8289492371037,35.2217388806956],[-80.8290212370307,35.2216728808895],[-80.829098237495,35.2216098808422],[-80.8291412371545,35.221579881124],[-80.8292762369455,35.2214848809087],[-80.8294562376709,35.2213778800995],[-80.8295502377211,35.2213298807278],[-80.8297742371214,35.2212338799653],[-80.8298922371035,35.2211898810977],[-80.8298592373779,35.2211638808514],[-80.8296442374098,35.2209888804935],[-80.8295002374042,35.2210078800953],[-80.8291952376373,35.2210158811521],[-80.8288602374954,35.2209968807609],[-80.8287462372209,35.2209868806275],[-80.8286312369647,35.2209718807032],[-80.8284062372861,35.2209288802355],[-80.8281862367324,35.2208688804177],[-80.8279822368215,35.2208058803432],[-80.8278692365942,35.2207648801615],[-80.8276752366739,35.2206948806677],[-80.8275612366399,35.2206318804953],[-80.8274142363503,35.2206558800462],[-80.8270592365503,35.2207268797447],[-80.8264592364337,35.2208488806396],[-80.8261052368632,35.2209218811303],[-80.8258822360647,35.2209778813349],[-80.8244362358013,35.2212748813037],[-80.8228442349722,35.2216088809854],[-80.8220682351032,35.2217678817191],[-80.8218992348821,35.2217978806819],[-80.8217092354946,35.2218218807407],[-80.8216932352347,35.2218738808481],[-80.8216582352722,35.2219388807948],[-80.8212242356173,35.2218168806639],[-80.8210842348779,35.2218008813338],[-80.8209212347238,35.221776880908],[-80.8205482345125,35.2216998812301],[-80.8201362345923,35.2216198806369],[-80.8195462343695,35.2215098808943],[-80.8185542347857,35.2213278806998],[-80.8184492337144,35.2217458808677],[-80.818378234655,35.2220838814364],[-80.818350234317,35.2222748815587],[-80.8183332346523,35.222362880625],[-80.8182682339052,35.2225848809017],[-80.8182282341377,35.2226948807047],[-80.818156233726,35.2228658815969],[-80.8181202338559,35.2229368813219],[-80.8179992336661,35.2231248810493],[-80.8178922347531,35.2232758815711],[-80.8177582339106,35.2234308816077],[-80.8175632335176,35.2236258813346],[-80.817354234422,35.2238088822624],[-80.816963233728,35.2241268811435],[-80.8163222340375,35.2246588815273],[-80.8153262329953,35.2254788818426],[-80.814367232851,35.2262818821333],[-80.8135612324224,35.2269478821468],[-80.8133662330981,35.2271338819994],[-80.8131872327117,35.2273318829372],[-80.8130512323155,35.2274998825381],[-80.812933232564,35.2276658829036],[-80.8128202326413,35.2278578829163],[-80.8124912331246,35.2284608827269],[-80.8120502334653,35.2292948830972],[-80.8119792326111,35.2294768826091],[-80.811973231757,35.2295208829205],[-80.8119502326285,35.2296848830547],[-80.8116942329634,35.2306198828631],[-80.8115512322078,35.2311308836936],[-80.8112152320353,35.2323738839825],[-80.8111502327097,35.2325838836786],[-80.8110702334101,35.2329078834354],[-80.8103622322699,35.2328198836309],[-80.809209231905,35.2326688841065],[-80.8090362315427,35.2326488840101],[-80.8088292318003,35.2326368835384],[-80.8086232318674,35.2326428838057],[-80.8085202321802,35.2326518844917],[-80.8082172315265,35.2326928831708],[-80.8080522313756,35.2327228836783],[-80.8079782310593,35.2327428838427],[-80.8077742318943,35.2328288844609],[-80.8077002307353,35.2328608840359],[-80.8072572316735,35.2331518842196],[-80.8070902305102,35.2332868835923],[-80.8069392308697,35.2334328841314],[-80.8065232313316,35.2338588842734],[-80.8064522315578,35.2339208844896],[-80.8063712313872,35.2339918842147],[-80.8057142319182,35.2345668845524],[-80.8056012310852,35.2346578839887],[-80.8054052301329,35.2348068848054],[-80.8050102317812,35.2350588848006],[-80.8046252307757,35.2352788848738],[-80.8041302307541,35.2355718849184],[-80.8035392312982,35.2359228847908],[-80.8034542309447,35.2359738848432],[-80.8033222308969,35.2360448853223],[-80.802958230331,35.2362398852601],[-80.8026382301773,35.2363868848252],[-80.8026542303354,35.2364138850169],[-80.802677229711,35.2364768850624],[-80.8026782300554,35.2365418844894],[-80.8026162301521,35.2369578851529],[-80.8025692305526,35.2372218858294],[-80.8026632306377,35.2372468844393],[-80.8032462304328,35.237319884965],[-80.8034112307378,35.2373438851273],[-80.8034912309199,35.2373628850897],[-80.8036122303133,35.2374018846384],[-80.8037072303569,35.2374488849004],[-80.8037502311939,35.2374778842949],[-80.8038262310839,35.2375458849788],[-80.8038572298616,35.2375838846545],[-80.8039092307559,35.2376678851759],[-80.8039412301914,35.2377598845795],[-80.803954230704,35.2379188847424],[-80.8039762307679,35.2380918852791],[-80.8039902306968,35.2382528856318],[-80.804005230938,35.2383328855827],[-80.8040452310242,35.2384748853568],[-80.8041002312916,35.2385878855942],[-80.8041732300576,35.2386928851841],[-80.8042162308766,35.2387418857766],[-80.8043312307548,35.2388458856467],[-80.804403230978,35.2389008857817],[-80.8044532306203,35.2389338855911],[-80.8045612311873,35.2389918848167],[-80.8046262302976,35.239016885329],[-80.8046822300759,35.2390358854791],[-80.8047192316265,35.2390458851015],[-80.8047612303585,35.2390568857918],[-80.8050372305224,35.2391038852138],[-80.8078172321321,35.23945988535],[-80.8084512321329,35.2395488861221],[-80.8085602323855,35.2395698845459],[-80.8090562326102,35.2397858850311],[-80.8092712331299,35.2398978852872],[-80.8094632327212,35.2400188855515],[-80.8096672330492,35.2401688858039],[-80.8098662325788,35.2403408850399],[-80.8099812327173,35.2404648855314],[-80.8102202328909,35.2406748856149],[-80.8102832328277,35.2407218862385],[-80.8103502331901,35.2407648851214],[-80.8104922335983,35.2408418848902],[-80.8105752325534,35.240877885755],[-80.8111072324682,35.241063885368],[-80.8112502326403,35.2411348852931],[-80.8114502333348,35.2412808852227],[-80.8121672332502,35.2419108855074],[-80.812263233312,35.2419758865278],[-80.8130342332738,35.2426478860146],[-80.8134372338844,35.2429878862864],[-80.81423723462,35.2436968866934],[-80.8141942334847,35.2437238856147],[-80.8138072343793,35.2440268863661],[-80.8137662345073,35.244065886247],[-80.8137162339797,35.2441138856913],[-80.8135222339297,35.2442668869016],[-80.8134252331026,35.2443378857568],[-80.8132222344513,35.2444688858454],[-80.8124362343564,35.2449368863478],[-80.8124992337777,35.2450208862261],[-80.812511234251,35.24503688589],[-80.8133602344213,35.2461668871619],[-80.8136672336364,35.2465758868916],[-80.8140692350484,35.2471108864192],[-80.8143902335203,35.2475518872738],[-80.8146102348232,35.2478138866039],[-80.8147992345875,35.2480038870495],[-80.8150052346602,35.2481828867859],[-80.8154902338872,35.2485558873511],[-80.8158162347059,35.2488178872163],[-80.8155522342213,35.2490388875198],[-80.8147482341999,35.2496698871207],[-80.8145872347217,35.2497948866107],[-80.8142312351946,35.2500508873277],[-80.8138672339618,35.2502728872095],[-80.8137232347707,35.2503548879523],[-80.8134262349373,35.2505078871031],[-80.8129762344648,35.2507218873386],[-80.8127222347657,35.2508348868995],[-80.8117862339691,35.2512198877233],[-80.8117032339068,35.2512578882441],[-80.8112822336086,35.2514488877082],[-80.810268233543,35.251890888045],[-80.8098182338608,35.2520868882013],[-80.8081342321712,35.2528178882335],[-80.8064542322702,35.2535478885158],[-80.8062222327171,35.2536578886387],[-80.8059312323241,35.2537808882972],[-80.8056322319791,35.2538898883047],[-80.8053282317949,35.2539868886966],[-80.8052122315145,35.2540198879903],[-80.8048082322647,35.2541188882269],[-80.8044892312411,35.2541798889497],[-80.8042752311627,35.2542128880748],[-80.8039042317651,35.2542768886204],[-80.8031902307652,35.2544008887786],[-80.8020042310522,35.2546058887233],[-80.8010552309959,35.2548188885534],[-80.8007602300316,35.2549088893508],[-80.8004872304304,35.2550148883959],[-80.8001872299502,35.255154888745],[-80.7979692302441,35.2565678893257],[-80.7976142299834,35.2567728893588],[-80.7965522292643,35.2574538893556],[-80.7963642289872,35.2575928897393],[-80.796147229189,35.257737889479],[-80.7959212297594,35.2578728901087],[-80.7956872299416,35.2579988892572],[-80.7954442294278,35.2581138902341],[-80.7951952291326,35.2582188898261],[-80.7949402290846,35.2583128890163],[-80.7947682291597,35.2583488906102],[-80.7945362281099,35.2572158893205],[-80.7944792286498,35.2570158897782],[-80.7944332292205,35.25689588992],[-80.7943382296199,35.2566898891846],[-80.794213229378,35.25646688979],[-80.7930502284486,35.2545828890834],[-80.7926562282161,35.2539488889721],[-80.7923632285726,35.2534658886431],[-80.7920092280526,35.2529118886934],[-80.7918092281435,35.2525988882579],[-80.7916212280033,35.2522878890147],[-80.7913432278082,35.2518408889739],[-80.7911272277513,35.2514628884652],[-80.7908942281653,35.2510538885484],[-80.790719228253,35.250688888465],[-80.7901782275999,35.249925888092],[-80.7898782263665,35.249506887804],[-80.7894542273348,35.2489358873924],[-80.7891412272496,35.2484868881168],[-80.7882932267935,35.2472198882153],[-80.7880852266288,35.2469078880736],[-80.7879882257039,35.2467618869618],[-80.7879082266027,35.2466568876214],[-80.7882292260802,35.2465018873653],[-80.788658226601,35.2463198878249],[-80.7889872271842,35.2462178872823],[-80.7894592268415,35.2460878876738],[-80.7906292271811,35.2457818869578],[-80.7909422279359,35.2456938871721],[-80.7912972279752,35.2456038871284],[-80.7914492272621,35.2455648871593],[-80.7917472276441,35.2454738877119],[-80.7919542271455,35.2453998872206],[-80.7922962272623,35.2452258862997],[-80.7925702274309,35.2450518865513],[-80.7927272274144,35.2449358864816],[-80.7929722278195,35.2447068872401],[-80.7931212276088,35.2445578872795],[-80.7934892282403,35.2441898868743],[-80.793756227659,35.2439348865306],[-80.7939372274476,35.2437508866616],[-80.7947282281838,35.2429558862953],[-80.7948492281785,35.2428328861842],[-80.7954592288828,35.2422368866495],[-80.7956702283279,35.242024886535],[-80.7966662285139,35.2410248865112],[-80.7971922285059,35.2404998853534],[-80.7976402287766,35.240052885891],[-80.7983692285748,35.2393238848999],[-80.798599228784,35.2390958854469],[-80.7989752287716,35.2387248857608],[-80.7978882290034,35.2381558849898],[-80.7976812286349,35.2380438856546],[-80.7975072284601,35.237949885913],[-80.7972632285395,35.23783388606],[-80.7968322285724,35.2376438847053],[-80.7965082286398,35.2375088853176],[-80.7963602283189,35.2374538856398],[-80.7962702284843,35.2374218857736],[-80.794878228424,35.2369918851172],[-80.7946882283726,35.2369238849842],[-80.7945432276815,35.2368588848351],[-80.7944052282109,35.2367888849281],[-80.7943722281684,35.2367618851781],[-80.7942792277504,35.2366708854895],[-80.7940282276792,35.2363868858731],[-80.793850227783,35.2362068851598],[-80.7937392281881,35.2361128854135],[-80.7936672270055,35.2360628848074],[-80.793571227549,35.2360068853917],[-80.7934832277786,35.2359638848405],[-80.7933212278319,35.2359088852771],[-80.7931812267497,35.2358688850071],[-80.7930372281763,35.23583388555],[-80.7929842272474,35.235824884979],[-80.7918792273106,35.2356328853686],[-80.7916222275436,35.2355878847396],[-80.7914282275442,35.2355488849921],[-80.7912592267593,35.2355068856992],[-80.7908092267964,35.235381884641],[-80.79064222662,35.2353328845333],[-80.7903762260237,35.2352388848684],[-80.7900822259591,35.2351278852296],[-80.7892312259683,35.2348198850741],[-80.7891162254704,35.2347838850111],[-80.789008226082,35.2347548850941],[-80.7889142266208,35.2347348853059],[-80.7886992266085,35.2347098845009],[-80.7884182257636,35.2346948850331],[-80.7882142252276,35.2347078850059],[-80.7880882265071,35.2347228856106],[-80.7879412253357,35.2347488850627],[-80.7877792249158,35.2347868846175],[-80.7876502253219,35.2348268847628],[-80.7874032264635,35.2349198856114],[-80.7873162255133,35.2349538849752],[-80.7870762254569,35.2350598857377],[-80.7861702244698,35.2354668856571],[-80.7861422259575,35.2354788847085],[-80.7858162246859,35.2356258856198],[-80.7856842248279,35.2356908853624],[-80.7855762253313,35.2357488849719],[-80.785341225263,35.2358928851729],[-80.7851502242477,35.2360288848574],[-80.7850972253379,35.2360748852783],[-80.7849062246209,35.2362468858052],[-80.7844242245205,35.2367698849623],[-80.7843292251282,35.2368778860361],[-80.7835502244295,35.2377578860594],[-80.7832962249201,35.2380438851329],[-80.782938223814,35.238434885822],[-80.7828862250181,35.2384858861239],[-80.7828482251487,35.2385168853014],[-80.7826132248393,35.2386568858298],[-80.7825902244191,35.238674885423],[-80.7821992248785,35.2385818863092],[-80.7815432233619,35.238409886515],[-80.7810202245045,35.2382658857676],[-80.7801892233787,35.2380438865051],[-80.7793152234068,35.237803885868],[-80.778422222545,35.2375648858911],[-80.7775832233411,35.237330886008],[-80.776454221972,35.2370388856806],[-80.7761932228608,35.2369788857856],[-80.775963221782,35.2369108865508],[-80.7757392223433,35.236829885972],[-80.7756562222206,35.2367958856031],[-80.7754692226393,35.2367108865194],[-80.7753662224574,35.2366578850644],[-80.7743772214658,35.2361958857758],[-80.7739412209441,35.2359978852407],[-80.7737622218123,35.2359128861641],[-80.7725802212999,35.235351885231],[-80.7722722206317,35.235205886027],[-80.7717062211954,35.2349438852317],[-80.7712532202766,35.2347298852847],[-80.7710082211326,35.234609885186],[-80.7708652209936,35.2345448853926],[-80.7705622205638,35.2344238860095],[-80.7703052213781,35.234344885797],[-80.7700962201646,35.2342918847623],[-80.7699462201992,35.2342588851674],[-80.7697942202641,35.2342308861061],[-80.7696192202245,35.2342048858557],[-80.7693702199733,35.2341798856206],[-80.7691192199031,35.2341678855358],[-80.7688262204688,35.2341688861865],[-80.7685312202499,35.2341938854907],[-80.768402220585,35.2342118856274],[-80.7681902193419,35.2342438853683],[-80.766852219411,35.2344818858291],[-80.7661892185133,35.2345998858677],[-80.764879218383,35.2348228864999],[-80.7637492194501,35.2350148860407],[-80.7636322190405,35.2350348862013],[-80.7634582181649,35.2350568865094],[-80.763211218118,35.2350768859508],[-80.7630892179516,35.2350788866677],[-80.7627522181849,35.2350688857799],[-80.7626112187202,35.2350558860402],[-80.7624602183123,35.2350328860659],[-80.7621852176452,35.234973886027],[-80.761937218327,35.2349148861276],[-80.7611492173289,35.2347008864697],[-80.7605672182253,35.2345508859288],[-80.7602162179213,35.2354768857403],[-80.7598862184625,35.2363408864702],[-80.759655217134,35.2369508859836],[-80.7595442175902,35.2372098869143],[-80.7594092170659,35.2375208869888],[-80.7592422175464,35.2378648865902],[-80.750639215277,35.235126886645],[-80.7495692147618,35.2347868865087],[-80.7492292137845,35.2346788871015],[-80.7484272139788,35.2344198867625],[-80.7468332130539,35.2339148866543],[-80.7463202132216,35.2337518862866],[-80.7417142123152,35.2322938864615],[-80.7416022124816,35.232245886406],[-80.7401942115029,35.2317818866985],[-80.7399202109552,35.2317398857558],[-80.7398022113329,35.231721886417],[-80.7357972093346,35.2304398855595],[-80.7326482094077,35.2294308857257],[-80.7323942096153,35.2293498855872],[-80.7318072093148,35.2291538856172],[-80.7293942072513,35.2283498850502],[-80.7265742065967,35.2277128853501],[-80.7266202079018,35.2278198862285],[-80.7267372071246,35.2280638853264],[-80.7268642073752,35.2283048861765],[-80.727002206837,35.2285408864683],[-80.7271492075188,35.2287738864931],[-80.72738820739,35.2291148854782],[-80.7275602075019,35.2293358856655],[-80.7277412072668,35.2295518857307],[-80.7279952081603,35.2298298863243],[-80.7290832081136,35.2307948870974],[-80.7294002078827,35.2310748857006],[-80.7297392085536,35.2313758863677],[-80.7305422083016,35.2320878872895],[-80.7304652088195,35.232055886456],[-80.7302462084721,35.2320838868434],[-80.7294812082671,35.2319498871469],[-80.7293072085778,35.231917886511],[-80.729277207982,35.2319058867905],[-80.7292272082724,35.2318718871661],[-80.7291572085325,35.2317758863082],[-80.7290722080489,35.2318028861079],[-80.7289662079965,35.231818886211],[-80.7288582078971,35.2318188861469],[-80.7285932072282,35.231781886369],[-80.7278822080252,35.2316648863777],[-80.7266342075754,35.2314378863061],[-80.7254872078064,35.2312228865774],[-80.7248012072518,35.231095886556],[-80.7239622061901,35.2309308869297],[-80.723290206859,35.2307818863043],[-80.7226112058999,35.230619886842],[-80.721855205913,35.2304478871987],[-80.720725205835,35.2301968856399],[-80.720226205712,35.2300818859922],[-80.7199892056821,35.2300328864756],[-80.719863205409,35.2300068860744],[-80.7189502055831,35.2297938867268],[-80.7177122050177,35.2295158859755],[-80.7168032046463,35.2293048865541],[-80.7159512032788,35.2291118864274],[-80.715692204456,35.2290588863745],[-80.7153782043665,35.2290128867363],[-80.7152382044263,35.2290008862566],[-80.7150522035997,35.2289918864595],[-80.7148852038598,35.2289918863576],[-80.7147542036858,35.2290008867073],[-80.7145812037272,35.2290218865269],[-80.7143952042852,35.2290588870729],[-80.7141912038487,35.2291078866346],[-80.713982203583,35.2291698865153],[-80.7132072030377,35.2294238859776],[-80.71225920297,35.2297248870691],[-80.711959203132,35.2298228865293],[-80.7118382027635,35.2298628869932],[-80.7112152030229,35.2300738864024],[-80.7105572024442,35.2302918870035],[-80.7097192022856,35.2305688869901],[-80.7098382024326,35.2309048868467],[-80.7098932023953,35.2312448863814],[-80.7099212021071,35.2314158870577],[-80.7101802032734,35.2321158868876],[-80.7102112025878,35.2322408879447],[-80.7102802026476,35.2323498875682],[-80.7103272029131,35.2324508872537],[-80.7103342022313,35.2324838868505],[-80.7103342024086,35.2326288871886],[-80.7103522026213,35.2326728867233],[-80.7103762028747,35.2327098879763],[-80.7103872021706,35.2327348870409],[-80.7103972028033,35.2327968873641],[-80.7103982030707,35.2328438879308],[-80.7103872025015,35.2329338876582],[-80.7103972026545,35.2331078871413],[-80.7103962029274,35.233198887796],[-80.7103782029001,35.2332558879285],[-80.7103552025117,35.233290887644],[-80.7103302027836,35.2333128875362],[-80.7102302020904,35.2333418874373],[-80.7101962022341,35.2333788872849],[-80.7101812026521,35.2334418874747],[-80.7101882026051,35.2334888879734],[-80.7101862024848,35.2335238874104],[-80.7101652017481,35.2335668875437],[-80.7100482022431,35.2336968874079],[-80.7100212026488,35.2337488882046],[-80.7099802024556,35.2338488868764],[-80.7099562022927,35.2338788877578],[-80.7098742019242,35.2339218880821],[-80.7097462023958,35.2339908877563],[-80.7096972026619,35.2340008883303],[-80.7095482029216,35.2340558879388],[-80.7094782024221,35.2340648868818],[-80.709424202426,35.234081887676],[-80.7093042015346,35.2341558877112],[-80.7092802032224,35.2341758879096],[-80.7092262014955,35.2342488877428],[-80.7091882023486,35.2342788878932],[-80.7091262024149,35.2343478875898],[-80.7090672014105,35.2344598871352],[-80.7089792022479,35.2345228878589],[-80.7089372023212,35.2345468875122],[-80.7088742021043,35.2346168875478],[-80.7087872019648,35.234726887794],[-80.7087642019464,35.2348398879461],[-80.7087402019261,35.2348998883092],[-80.7087292026225,35.2349798881959],[-80.7087102030401,35.235034887992],[-80.708690202609,35.2350708881405],[-80.7086672024716,35.235141888272],[-80.7086502027411,35.2351748878927],[-80.708540202339,35.2352338884677],[-80.7084882017325,35.2352878882763],[-80.7084542027931,35.235305888235],[-80.7083942026151,35.2353198880193],[-80.7083432021015,35.2353428875574],[-80.7083322020771,35.2353638878062],[-80.7083052019001,35.2354718881775],[-80.7083072017463,35.2354928887847],[-80.7082642021227,35.2356178874676],[-80.7082062015489,35.2356988881375],[-80.7081932022581,35.2357168881362],[-80.7079862021135,35.2360078879902],[-80.7077082019267,35.2365228878795],[-80.7075412022168,35.2370448883192],[-80.7073412022829,35.2375958878847],[-80.7076562029949,35.2377638887146],[-80.7076922028301,35.2379008884689],[-80.7076992012351,35.2382108883666],[-80.7076922026238,35.2384478888132],[-80.7076072020641,35.2386038890366],[-80.7075012011959,35.238842889002],[-80.7077012015819,35.239396888444],[-80.7081292030551,35.240156889607],[-80.7084332019353,35.2408828893287],[-80.7088102021049,35.2413418891213],[-80.7088902024264,35.2419888895805],[-80.708808202694,35.2426198900514],[-80.7084612027342,35.2432718900125],[-80.7080912029633,35.2441808896797],[-80.7080802025932,35.2447098902659],[-80.7078242017659,35.2452328905285],[-80.7074762026183,35.2456218905573],[-80.7073392018181,35.2457078903494],[-80.7069492017005,35.2459568902821],[-80.7068912024695,35.2463408900124],[-80.7069502024315,35.2466298898566],[-80.7069612020077,35.2466478901017],[-80.7069392026801,35.2467588910774],[-80.7068482017215,35.246894891132],[-80.7067052029744,35.2469968906136],[-80.7066442020282,35.247060890622],[-80.706633201748,35.2471048903381],[-80.7065752025124,35.2471588907567],[-80.7065602021998,35.2471958900981],[-80.7065562016309,35.2472818910552],[-80.7065292027948,35.2473168903794],[-80.7062142021577,35.2475538908974],[-80.7060232019412,35.2476648899161],[-80.7059772029063,35.2476768904461],[-80.7059232019738,35.2476778907174],[-80.7057372026079,35.2476678905761],[-80.7056652022028,35.2476818912162],[-80.7056162015613,35.2477278906804],[-80.7055982024406,35.2477808912899],[-80.7055732015782,35.2480288910084],[-80.7055702011987,35.2481498912343],[-80.7055452019269,35.2482188910236],[-80.7053752021433,35.2484328904523],[-80.7052282016399,35.2487008910781],[-80.7051622018244,35.2488008910764],[-80.7051192012338,35.2488478912837],[-80.7050402014406,35.2489878915144],[-80.70497520237,35.2490678907537],[-80.7049532023214,35.2490698912329],[-80.7049132022218,35.2490828905316],[-80.7048882014388,35.2491198907973],[-80.704887201643,35.2491458915383],[-80.7047892012985,35.2492638908217],[-80.7047462012447,35.2493088911427],[-80.7046922010779,35.2493858916306],[-80.7046682012221,35.2494618915325],[-80.7046462017674,35.2495608917675],[-80.7045952019828,35.2496408919157],[-80.7045342010024,35.2496678911584],[-80.7044232018905,35.249677891843],[-80.7042102022724,35.2496858912723],[-80.7041002009168,35.2497168910621],[-80.7039792022499,35.2498018906207],[-80.7039162016508,35.2498768915273],[-80.703858201379,35.2499688909674],[-80.7038282013101,35.2500338918757],[-80.7036782011413,35.2501948909256],[-80.7036172019195,35.2502278915799],[-80.7035382008833,35.2503518910739],[-80.7034852016625,35.2504108909949],[-80.7034072012687,35.2504688913531],[-80.7033452013891,35.250527890789],[-80.7032102010648,35.2506918913499],[-80.7031592013776,35.2507718917484],[-80.7030382021677,35.2508838912544],[-80.7029072008836,35.2509968924151],[-80.702851200832,35.2510758910482],[-80.7028052013597,35.2511158911349],[-80.7027302014239,35.2511718923523],[-80.7025512008997,35.2512678918787],[-80.7023302015144,35.2513408917929],[-80.7022492016361,35.2513768914087],[-80.7019562013428,35.2513868921464],[-80.7018452003877,35.2513798918074],[-80.7017452010381,35.2513458916999],[-80.7015612014703,35.2512998914446],[-80.7014692008214,35.2512868921512],[-80.7011582004671,35.2512678918604],[-80.7010482009745,35.2512538911684],[-80.7009152006624,35.2512448920598],[-80.700753200543,35.2512398914543],[-80.7005472000478,35.251218891733],[-80.7004362005572,35.2511928917107],[-80.7001932012525,35.2511508920846],[-80.7000651998996,35.2511418912295],[-80.6998702006439,35.2511408918178],[-80.6996142003522,35.2511188915924],[-80.699448200051,35.2510988915284],[-80.6992911995075,35.251059890901],[-80.6990171996742,35.2510398912784],[-80.6988611994631,35.2510118917166],[-80.6985942000049,35.2509948916324],[-80.6984531998768,35.2509948918317],[-80.6983632002371,35.2509908915559],[-80.6982591993832,35.2509798921022],[-80.6981622000466,35.2509598919718],[-80.6980651994304,35.2509478916171],[-80.6979281999388,35.2509538919663],[-80.6978572001261,35.2509618917838],[-80.697709199994,35.250992891435],[-80.6976491996194,35.2510098915806],[-80.697565199837,35.251042891758],[-80.6974431995352,35.2510498919715],[-80.6971052000412,35.2511318922163],[-80.6969761991666,35.2511708921004],[-80.6968791994195,35.2511888921843],[-80.6966581997006,35.2512388910623],[-80.6964511988409,35.2512928919914],[-80.6962501994258,35.2513558910787],[-80.6960861995191,35.2513648914537],[-80.6959541998224,35.251376891702],[-80.6958061995832,35.2514238922732],[-80.6955561999099,35.2514538915879],[-80.6954391991323,35.2514718921729],[-80.6953131994076,35.2514978914274],[-80.6952131990317,35.2515228915963],[-80.6950821985746,35.2515438919121],[-80.6947591982098,35.2516328917685],[-80.6945471984398,35.2517198918825],[-80.6947691994933,35.2517858925722],[-80.6949241984644,35.2518288913884],[-80.6950041988556,35.2518368922116],[-80.6951031993665,35.2518988918669],[-80.6952131986263,35.2519468916035],[-80.6952831994175,35.2519728919758],[-80.6953361996,35.2520098919007],[-80.6953801993079,35.2520628913423],[-80.695430199402,35.2521118919823],[-80.6957221991183,35.2522788919973],[-80.6958621986075,35.2523658919719],[-80.6959261996142,35.2524168915709],[-80.6960271994693,35.2524638924215],[-80.6960891998423,35.2525018919654],[-80.6961472001824,35.2525478923792],[-80.6964771998629,35.2527558925192],[-80.6966151991546,35.2528498916955],[-80.696705199434,35.2529318918608],[-80.6968271991818,35.2530038917823],[-80.6970211991104,35.2531428916996],[-80.6971611996249,35.2532778918733],[-80.6972291998793,35.2533248920425],[-80.6972981998002,35.2533888930071],[-80.6973821995812,35.2534548924332],[-80.6974561998109,35.2535458925847],[-80.6977972002002,35.2538338927704],[-80.6980021993397,35.2540188920519],[-80.6981402002709,35.2541168916706],[-80.6982591995057,35.2542178923383],[-80.6983972000338,35.2543598920975],[-80.6985632009071,35.2544928920751],[-80.698673200565,35.2545808923808],[-80.6987661998058,35.2546748924215],[-80.6988651997905,35.2547548929682],[-80.6989612002615,35.2548408923704],[-80.6990112008218,35.2548978931899],[-80.6996852004267,35.2554768923387],[-80.6999352010649,35.255685892349],[-80.7001542010906,35.2558748928029],[-80.7002572015689,35.2559668930278],[-80.7003502009362,35.2560568924109],[-80.7004262007664,35.2561238929491],[-80.7004452010261,35.2561608923914],[-80.7005592004542,35.2562368923188],[-80.7006392004769,35.2562948927135],[-80.7003102006098,35.2569908930383],[-80.7002542005159,35.2571008924559],[-80.7001802011233,35.2572318930711],[-80.7000452008171,35.2574298923267],[-80.6998672016715,35.2576508927749],[-80.6997382008904,35.2577878931026],[-80.6997052007081,35.2578198925021],[-80.6995512014504,35.257966893471],[-80.6993362014325,35.2581408934052],[-80.6991772011058,35.258254892799],[-80.698956200669,35.2583968931266],[-80.6987562002955,35.2585088934996],[-80.6981631995066,35.2588228928755],[-80.6973112000792,35.2592748935191],[-80.6958181996201,35.2600628936127],[-80.6954361996891,35.2602588937106],[-80.6953391995398,35.260298893912],[-80.6952071997328,35.2603428942017],[-80.6950711991779,35.2603778938992],[-80.6949851991371,35.2603938935528],[-80.6947961991642,35.2604138934534],[-80.6946211990305,35.2604158942024],[-80.69448819903,35.2604048944224],[-80.6944151989345,35.2603968934131],[-80.6941961996934,35.2603468945342],[-80.6941151997411,35.2603218940427],[-80.6940002000619,35.2602788940222],[-80.6938541996016,35.2602158932449],[-80.693290198891,35.2599688936709],[-80.6909881981039,35.258943893341],[-80.6905251990088,35.2587408936569],[-80.6902091987331,35.2586128936585],[-80.6900801981164,35.2585658940161],[-80.6898781972854,35.2585128929538],[-80.6896531981614,35.2584688940829],[-80.6894381976132,35.2584408936835],[-80.6892571974912,35.2584298938279],[-80.6889441975089,35.2584308942327],[-80.6886301974717,35.2584608939151],[-80.6883731974038,35.2584898937906],[-80.6866491970339,35.2586808941922],[-80.6860201968304,35.2587508933443],[-80.6854441960657,35.2588138940465],[-80.6851821962047,35.2588348938287],[-80.6849351965825,35.2588408936114],[-80.6847391963627,35.2588368938306],[-80.6844741959518,35.258815893621],[-80.6842911961497,35.2587948939033],[-80.6840341963126,35.2587558938434],[-80.6822841956086,35.2584098941377],[-80.6809701952287,35.2581488932802],[-80.6806961952823,35.2581028942764],[-80.6805451956338,35.2580818943903],[-80.6803351950252,35.2580598941687],[-80.6800601948402,35.2580428937141],[-80.6797071951474,35.25803889431],[-80.6795151940952,35.2580428944029],[-80.679169195075,35.2580688940177],[-80.6790551943219,35.2580828942842],[-80.6788511937869,35.2581098934529],[-80.6786051947914,35.258150894092],[-80.67846619417,35.2581798940948],[-80.6783191938286,35.2582158939222],[-80.6778901941449,35.2583398941145],[-80.677664194255,35.2584188942872],[-80.6774151936422,35.2585198942525],[-80.6770941937403,35.2586558940246],[-80.6733811927883,35.260230893905],[-80.6730281925456,35.2603858951475],[-80.6726301920192,35.2605828938649],[-80.672414192967,35.2607028942823],[-80.6720311933269,35.2609458945423],[-80.6711661927538,35.2615288943144],[-80.6708171930945,35.2617648944985],[-80.6700941923178,35.2622508948979],[-80.6689181923742,35.2630438952884],[-80.66887219151,35.2630758949341],[-80.6682891918031,35.2634698949066],[-80.6682391916789,35.2635038959568],[-80.6680241913351,35.2636478954864],[-80.6673571908026,35.2641008952101],[-80.667133192215,35.2642578953253],[-80.6670301918766,35.2643348958983],[-80.666924191024,35.2644288956417],[-80.666855191685,35.2644958961771],[-80.6666921910189,35.2646848955882],[-80.6666101906775,35.2648008959032],[-80.6665381914738,35.2649218956785],[-80.666470191331,35.2650558953063],[-80.6664321911618,35.2651538953183],[-80.6663941909495,35.2652728959584],[-80.6663631916378,35.2654058964871],[-80.6662271909622,35.2662138958065],[-80.6661101914135,35.2669538971216],[-80.666105191586,35.2670378963637],[-80.6661101908205,35.2671878964764],[-80.6661221907598,35.2672718961059],[-80.666165190934,35.2674328962421],[-80.6662171908409,35.2675558968512],[-80.6660981911538,35.2677538967886],[-80.6657561910074,35.2675798964874],[-80.6654691913988,35.2674358968868],[-80.6651881911245,35.2672958964535],[-80.6598871899556,35.2646438965492],[-80.6596521892985,35.2645308951584],[-80.6594651883585,35.2644368960352],[-80.6592461884101,35.2643268958335],[-80.6589271886975,35.264168896115],[-80.6588641891321,35.2641308959289],[-80.6580951891841,35.2637618965004],[-80.6580251894454,35.2637168954152],[-80.655951187727,35.2626808957123],[-80.6556021882996,35.2625028958826],[-80.6545801873923,35.2619958955601],[-80.6531791866683,35.2612908951867],[-80.6530101870589,35.2612108952918],[-80.6529371873829,35.2611748958426],[-80.6528491868565,35.2611308950037],[-80.6514501858138,35.2604338951535],[-80.6495821857987,35.2594988959992],[-80.646702185079,35.2580678947835],[-80.6464951848279,35.2579558954912],[-80.6423591837813,35.2558888943399],[-80.6422261829665,35.2558408949357],[-80.6421371834605,35.2557838955389],[-80.6397481822718,35.2545828946377],[-80.6391311823194,35.2542768949431],[-80.6373921822774,35.2534058940689],[-80.6365191816866,35.252965894977],[-80.6364221818713,35.2529178946638],[-80.6363961815614,35.2529048947211],[-80.6351981814563,35.252306893903],[-80.6321701799423,35.2508048942642],[-80.6321141797909,35.2507768945164],[-80.6320881797536,35.2507638936584],[-80.6317411802127,35.2505918937957],[-80.631724180862,35.2505838933798],[-80.6317051798518,35.2505748939518],[-80.631674179734,35.250559894002],[-80.6315731796486,35.250494893966],[-80.6296071789867,35.2495128933008],[-80.6294641792834,35.2494398939204],[-80.6281371787073,35.2487758939459],[-80.6279371789719,35.2486758936919],[-80.6275981787146,35.2485148937261],[-80.6249231781279,35.2471168941748],[-80.6242291777478,35.2467588938145],[-80.6218961769232,35.2455538937037],[-80.6218061770724,35.2455078932153],[-80.6217801771387,35.245494893781],[-80.6217201768924,35.2454638928581],[-80.6214281766609,35.2453128936049],[-80.6172331756166,35.2431328925035],[-80.6167171752526,35.2428808928394],[-80.6163641757625,35.2427008921162],[-80.6142131739068,35.241587892398],[-80.6093081730049,35.2390558922922],[-80.6057211713857,35.2372028914489],[-80.6054611716242,35.2370688922595],[-80.605370172078,35.2370218922425],[-80.6052301715875,35.2369478926263],[-80.6034001706128,35.2360038921061],[-80.5998731695612,35.2341828916225],[-80.5997361697489,35.2341118925056],[-80.5998051695134,35.2340588912733],[-80.6007111702715,35.2336608908931],[-80.6007781697408,35.2336298915891],[-80.601001170223,35.2335258915026],[-80.6013391705713,35.2333858906009],[-80.602141170655,35.2330658911341],[-80.6024361709597,35.2329348908472],[-80.6027851704419,35.2328038911869],[-80.6030651705692,35.2326868912744],[-80.6033261708063,35.23257289143],[-80.6036341713141,35.2324388912153],[-80.603861170478,35.2323448916862],[-80.6041411712398,35.2322228917585],[-80.6044041704258,35.2320968909323],[-80.6047091713769,35.2319278913371],[-80.6048781709058,35.2318338910354],[-80.6053721715131,35.2315348914344],[-80.6055551712892,35.2313968911005],[-80.6057231716248,35.2312588912196],[-80.6060211714474,35.2310018911699],[-80.6067331721903,35.2304168911544],[-80.6069901722916,35.230216890217],[-80.6072781712844,35.2299988905946],[-80.6076701717479,35.229674890363],[-80.6080161719035,35.2294038903232],[-80.6097181714734,35.2280418903344],[-80.6099021723167,35.227921889766],[-80.6101171724897,35.2277748904306],[-80.610354172458,35.2276358906035],[-80.610532172185,35.2275198899162],[-80.6107691729121,35.2273778896736],[-80.6116371726396,35.2269208897883],[-80.6125281725132,35.2265028895732],[-80.6128601732008,35.2263408901296],[-80.6132861731999,35.2261218894471],[-80.6138701733622,35.2258318902783],[-80.6140501740395,35.2257488898005],[-80.6143451738027,35.2256058893924],[-80.6149561736421,35.225317889391],[-80.6150521745868,35.2252728889872],[-80.6155101738865,35.2250748891175],[-80.6158011739562,35.2249538884652],[-80.6160381735536,35.224879888654],[-80.6163181745492,35.2247848893135],[-80.6169741742659,35.2246018892371],[-80.6174241746444,35.2244908890481],[-80.6178801743032,35.2243838884026],[-80.6184731743214,35.224258889473],[-80.61898117471,35.2241598891699],[-80.6196971753692,35.2240338888504],[-80.6202031754776,35.223953888524],[-80.6206421753707,35.2238788886461],[-80.6211381754038,35.2237818891398],[-80.6226461760245,35.2235048884352],[-80.6230491757261,35.2234248882376],[-80.6237221759318,35.2233058881059],[-80.6241951771498,35.2232338890296],[-80.6244831759532,35.2231898885041],[-80.6248821774034,35.2231538890617],[-80.6252181774129,35.2231428882643],[-80.6256851772349,35.2231478881861],[-80.6267321764593,35.2232098884179],[-80.6269921766939,35.2232218880979],[-80.6278731773988,35.2232648886418],[-80.6282041775877,35.2232908884385],[-80.6286861780404,35.22332988828],[-80.6290881778741,35.2233568879353],[-80.6296931779429,35.2233858884366],[-80.6302521780503,35.2234078883693],[-80.6309081790428,35.2234408882061],[-80.6322741787917,35.2235218885086],[-80.6335641791413,35.2235998886195],[-80.6346771796715,35.2236738883281],[-80.6357541804867,35.2237328879875],[-80.6363461800903,35.2237208880375],[-80.6366931804642,35.2236948880787],[-80.6371411806014,35.2236388885052],[-80.638314180759,35.223463887899],[-80.6400261813055,35.2231878870598],[-80.6404531813175,35.2231288871008],[-80.640845180578,35.2230768879084],[-80.6411681813776,35.22302188816],[-80.6417311809752,35.2229268880477],[-80.6421351817681,35.2228458880586],[-80.6424171818346,35.2227748874797],[-80.6428401822638,35.2226378873198],[-80.6429321822307,35.2226038875896],[-80.6432941828962,35.2224718877623],[-80.6437501816658,35.222265887376],[-80.6446701823425,35.2218628875831],[-80.6455751820975,35.2214668872116],[-80.6469511830135,35.2208648874979],[-80.6475651835347,35.2205828871401],[-80.6477341826867,35.2205058866093],[-80.6483421829144,35.2202368873445],[-80.6491371842298,35.2198888861266],[-80.6493001835235,35.2198178868048],[-80.6494201830433,35.2197658867969],[-80.6507061839096,35.2192048867065],[-80.6510701834754,35.219039887261],[-80.6515871845091,35.2188058870194],[-80.6541171851638,35.2176978862037],[-80.6548671849363,35.2173458863508],[-80.655268184978,35.2171538862196],[-80.655489185347,35.2170478854532],[-80.6559351854945,35.2167978862513],[-80.6562581860743,35.2166028862157],[-80.6562951859908,35.2165798857494],[-80.6564411847247,35.2164698865505],[-80.6569161851991,35.2161158863635],[-80.6587251867395,35.2148258846649],[-80.6588551857742,35.2147328849935],[-80.6592881856194,35.214438885022],[-80.6595711861311,35.2142208849009],[-80.6602501861527,35.2137328847139],[-80.6606181865128,35.2134618853808],[-80.6608941861172,35.2132538857609],[-80.6612941874269,35.2129088847834],[-80.6614931869406,35.2127068856869],[-80.6616171865504,35.2125588852272],[-80.6617671872256,35.2123448851085],[-80.6618661874469,35.2121698852394],[-80.6623791869928,35.2111098844513],[-80.6625431874439,35.2107678836676],[-80.6627971869622,35.2102378838367],[-80.6628991876918,35.2100588846536],[-80.663012186782,35.2098888844154],[-80.6631411872358,35.2097488836331],[-80.6633081876364,35.2095898846469],[-80.663508186869,35.2094438842178],[-80.6637501880933,35.2093018839428],[-80.6639131872718,35.2092298843182],[-80.6642221879465,35.2091238833533],[-80.6644121881221,35.2090718839084],[-80.6648581870416,35.208990884077],[-80.6651341880215,35.2089588843428],[-80.6658881886255,35.2088578843582],[-80.6664471880825,35.208773884028],[-80.6672871879867,35.2086478836637],[-80.6676831886007,35.2085988839911],[-80.6680611886826,35.2085518830835],[-80.6684341891794,35.2084988840317],[-80.668778188389,35.2084568831397],[-80.6689291894683,35.2084378837736],[-80.6690381884839,35.2084248842587],[-80.669240189241,35.2084088844255],[-80.669549189296,35.2083948837618],[-80.6698731890743,35.2083938835654],[-80.6701071893696,35.208398883979],[-80.6701181894045,35.2080008835193],[-80.670570189597,35.2075648838499],[-80.6712691893722,35.2070008833097],[-80.6707921898969,35.2062558827221],[-80.6707181885602,35.2060578833176],[-80.6706371894924,35.2058558836856],[-80.6712821895258,35.2056178828091],[-80.671247189425,35.2055448828578],[-80.6713011898173,35.2055228832962],[-80.6717811888919,35.2053308836059],[-80.6714711891718,35.2049138827252],[-80.6714201892562,35.2048428828009],[-80.6719961891509,35.2045908821969],[-80.672600189195,35.2043278833602],[-80.6727501895336,35.2042418827302],[-80.6728711898897,35.2043128821409],[-80.6729771893605,35.2043558825267],[-80.6753011906707,35.2056198830301],[-80.6756901902841,35.205824882945],[-80.6759971908173,35.2059748837613],[-80.6766651911751,35.2063028827594],[-80.6770761914027,35.2065048829103],[-80.6772271909254,35.2067818824637],[-80.6775601918059,35.2075008839511],[-80.6783031912929,35.207402883526],[-80.6797151915033,35.2072178827729],[-80.6800911919601,35.2070908822045],[-80.6802701927912,35.2070298835682],[-80.6804301928917,35.2069808829568],[-80.6806341915502,35.2069208825129],[-80.6814001922805,35.2067068828489],[-80.6816151920666,35.2067568821724],[-80.681672192467,35.2067648828577],[-80.6817681935258,35.2067508831757],[-80.6818001930262,35.206749882803],[-80.6818341920611,35.2067428824378],[-80.6818591922338,35.2067018826695],[-80.6818911921614,35.206669882662],[-80.6819841936078,35.2066388825378],[-80.6821671924481,35.2065548834178],[-80.6822191935842,35.2065328833202],[-80.6823281923825,35.20648588246],[-80.6826001926946,35.2063618831109],[-80.6828461937277,35.2062398831207],[-80.6829931927543,35.2061838832663],[-80.6830361934084,35.2061518822252],[-80.6830571930568,35.2060908827421],[-80.6831221935011,35.2058338821664],[-80.6832051927902,35.2056158829678],[-80.6832481926046,35.2055338828799],[-80.6833091926167,35.2054648821047],[-80.6834661936551,35.2053778825556],[-80.6835331939367,35.2053428821199],[-80.6835681929164,35.2053148826585],[-80.6836021931347,35.2052878825366],[-80.6836321922669,35.2052628828519],[-80.683835193357,35.2049818822261],[-80.6838481926771,35.2049658827046],[-80.6838891925483,35.2049368826668],[-80.6840061931104,35.2048558822851],[-80.6841701932345,35.2047998822255],[-80.6842431927665,35.2047418819327],[-80.6843131937599,35.204642881736],[-80.6843411932516,35.2045898826563],[-80.6843751936882,35.2045588819151],[-80.6844361927538,35.2045368826339],[-80.6845001930211,35.2045248817082],[-80.6845821930162,35.2045288822173],[-80.6846181933553,35.2045108825343],[-80.6846311933489,35.2044958827867],[-80.6846171931286,35.2044628818888],[-80.6846121941791,35.204427882083],[-80.684624193833,35.2043768828566],[-80.6846411931648,35.204339882511],[-80.6846781927223,35.2043118818923],[-80.6847171935773,35.2042958824976],[-80.6847551930241,35.2042948824947],[-80.6847861940407,35.2042828822128],[-80.6848361928111,35.2042258817799],[-80.6850411934272,35.2041178821586],[-80.6850631944032,35.204112881888],[-80.6850891934041,35.2041158825824],[-80.6851101937695,35.2041278814447],[-80.6851341933801,35.2041318819115],[-80.6852481938451,35.2041338817019],[-80.6852901932855,35.2041298820724],[-80.6853081936656,35.2041188823773],[-80.6853211934766,35.2040978824217],[-80.6853731942741,35.2040468828426],[-80.6854101941913,35.2040208826339],[-80.6856001935556,35.2038488820187],[-80.6856821942293,35.2037908824882],[-80.6857451942959,35.2037168820319],[-80.6857951930114,35.2036668820917],[-80.6858731935302,35.2036168812645],[-80.6860811940437,35.2034798813891],[-80.6861591937037,35.2033888820192],[-80.6862151941951,35.2033498815582],[-80.6863251931808,35.2032428824258],[-80.686447193963,35.2031718816212],[-80.6862531936999,35.2030098811309],[-80.686043194349,35.2028098819524],[-80.6859171934014,35.2027248814261],[-80.6858241934487,35.2026698821237],[-80.6857721932478,35.2026258814361],[-80.6856541931142,35.2025028812584],[-80.6855671940012,35.2024318822081],[-80.6855101943559,35.2023798817912],[-80.6854561931666,35.202293881771],[-80.6854301932779,35.2022688812823],[-80.6853891935104,35.2022418818247],[-80.6853461939012,35.2021948821262],[-80.6852011925653,35.2020638819672],[-80.6850931934596,35.2019568813939],[-80.6849921935396,35.2018458819889],[-80.6849181940191,35.2017718820549],[-80.6848871934979,35.2017458818302],[-80.6848651932126,35.2017388808989],[-80.6848591937124,35.2017208811359],[-80.6848581934254,35.2016958820394],[-80.6848231938409,35.2016338817102],[-80.6847941927872,35.2016008815481],[-80.6847311928517,35.2015008821472],[-80.6842671933695,35.2010898821293],[-80.6829691931689,35.1998868813919],[-80.6835231935475,35.1998008806742],[-80.6867431939294,35.1992958808521],[-80.6878771945246,35.1990908809423],[-80.6881021938704,35.1990298810233],[-80.688387194518,35.1989418812569],[-80.6922581960975,35.2012588818261],[-80.692288195439,35.2014118817439],[-80.6923961952811,35.2019048821641],[-80.6924451949484,35.2021238809591],[-80.6931501951439,35.2018368814902],[-80.6947981962202,35.2011288812002],[-80.6946051958418,35.2006218809841],[-80.6945911958173,35.2005848807741],[-80.6948131965578,35.2003038803937],[-80.6948771955275,35.2002248805515],[-80.6949091966154,35.2001608809735],[-80.6950301954694,35.2000448801955],[-80.6951331961195,35.1999528806253],[-80.6952081956619,35.1998648816977],[-80.6953221961805,35.1997058813399],[-80.6954251960944,35.1995408807747],[-80.6955331967219,35.1993928808899],[-80.695726196796,35.1991658809247],[-80.6957741970475,35.1991428805968],[-80.695811196886,35.1991188813673],[-80.6958401960838,35.1990328803935],[-80.6958621963029,35.1989858807048],[-80.6959271971543,35.1989268799307],[-80.6960141958641,35.1988818807946],[-80.6960251965609,35.1988148800728],[-80.6960301956776,35.1987678807715],[-80.6961061970821,35.1987428809258],[-80.6963751961461,35.198626880973],[-80.6965531966036,35.1985698811794],[-80.696626196019,35.1985148799952],[-80.6968121971972,35.1983968797892],[-80.6969111975591,35.1982858803351],[-80.6969351969236,35.1982698809561],[-80.6971471976436,35.1981908801374],[-80.6973401967348,35.1980898806321],[-80.6973991966868,35.1980548809201],[-80.6974551971643,35.1980118801054],[-80.6975231960392,35.1979458796047],[-80.6976441963526,35.1979408811052],[-80.6976981963875,35.1979338803143],[-80.6978141973631,35.1978758800192],[-80.6979201969535,35.1977968802136],[-80.6979501976974,35.197774880058],[-80.6980161972653,35.1977358805263],[-80.6981651978666,35.1976628799959],[-80.698203197541,35.1976578798241],[-80.6982481970587,35.1976578798871],[-80.6983091964831,35.197665880528],[-80.6987211973413,35.1976808799348],[-80.6987801968625,35.1976798807056],[-80.6987971967184,35.1976678805049],[-80.6988061971533,35.1976508797042],[-80.6988051969612,35.1976298810497],[-80.6987451972464,35.1973908801214],[-80.6987231968922,35.1972768806352],[-80.6987221967876,35.1971968803242],[-80.6987321979748,35.1971718799912],[-80.698769197534,35.1971278796193],[-80.698862196954,35.1970578801392],[-80.6988681976904,35.1970398801252],[-80.6988261975869,35.1968388803597],[-80.698831197804,35.196814879824],[-80.698850197919,35.1967868805535],[-80.6990191973842,35.1966448806473],[-80.6990561975536,35.1966068803238],[-80.6991051971318,35.1965118807747],[-80.6991281962878,35.1964768793324],[-80.6991471971802,35.1964578797806],[-80.6991991975394,35.1964218802609],[-80.6993021975455,35.1963448796087],[-80.6993181977583,35.1963168800408],[-80.6993761973418,35.1961788800627],[-80.6994031974041,35.1961628794768],[-80.6994431965385,35.1961488798737],[-80.6995481975713,35.1961418791306],[-80.6995871971501,35.196129879755],[-80.699621197002,35.1961148797873],[-80.6996791972527,35.1960808802234],[-80.6997671972379,35.1960018801739],[-80.6998551971312,35.1959098798722],[-80.6999101975298,35.1958728794595],[-80.7000781969265,35.1957728796257],[-80.7002421979325,35.1956588798091],[-80.7003151978273,35.1955888799632],[-80.700492198168,35.195448879654],[-80.7006061979344,35.1953798790424],[-80.7006671979898,35.1953538799842],[-80.7007001977822,35.1953298795594],[-80.7007281978571,35.1952968802379],[-80.7007761976432,35.1952528795715],[-80.7008791980502,35.1951808795997],[-80.7009481981137,35.1951418794752],[-80.7010461975401,35.1950768803127],[-80.701117197201,35.1950038796187],[-80.7011451981876,35.1949818797195],[-80.7012351982593,35.1949388802109],[-80.7012781980012,35.1949018802922],[-80.7013171974566,35.1948588796819],[-80.7013471973279,35.1948378794359],[-80.7013871975764,35.1948158792477],[-80.7014451974282,35.1947938791282],[-80.7015071974941,35.1947768797749],[-80.7015991984396,35.194741879693],[-80.7018151975317,35.1946428797811],[-80.7018711979121,35.1946068795749],[-80.7019221984391,35.1945618796017],[-80.7019541970865,35.1945438795478],[-80.7019921980206,35.1945198795927],[-80.7020241977163,35.1945008796287],[-80.7020381978767,35.1944838794172],[-80.7020561981134,35.1944638791698],[-80.7020691988953,35.1944518797802],[-80.7020901976364,35.1944338803496],[-80.7021131975517,35.1944178795464],[-80.7021371980687,35.1944028789555],[-80.7021621981087,35.194388879493],[-80.7022271977743,35.1943458795246],[-80.7022821983157,35.1943108795483],[-80.7023701977992,35.1942558799692],[-80.7024181986533,35.1942258795811],[-80.7024581982432,35.1942008794087],[-80.7024871981995,35.1941838789296],[-80.7025311978397,35.1941568794616],[-80.7025711984835,35.1941328791121],[-80.7026121985937,35.1941088791015],[-80.7026291983514,35.194099879771],[-80.7026451975239,35.1940918790764],[-80.7026871982309,35.1940698791287],[-80.7027281982753,35.1940458790786],[-80.7027681987985,35.1940208796889],[-80.7028061980692,35.1939938798635],[-80.7028221982191,35.1939828795018],[-80.70285819845,35.1939548790829],[-80.702901198242,35.1939238796251],[-80.7029461979496,35.1938898794045],[-80.702981198599,35.1938608796245],[-80.7030221980737,35.1938248800602],[-80.7030611984791,35.1937868800326],[-80.7030821989149,35.1937658798677],[-80.7031071981689,35.1937398789919],[-80.7031361976379,35.1937168790996],[-80.7031921979472,35.1936818790386],[-80.7032381985923,35.1936648796373],[-80.7032721977616,35.1936468798954],[-80.7032871982961,35.1936358791247],[-80.7033241991174,35.1936168786829],[-80.7033741983516,35.193589880036],[-80.7034191988449,35.1935578793745],[-80.7034461980268,35.1935328789795],[-80.7034701987462,35.1935068794696],[-80.703540198911,35.1934668791806],[-80.703583198573,35.1934458791404],[-80.7036191988459,35.1934308795861],[-80.7036741987971,35.1934108798174],[-80.7037201981489,35.1933958790985],[-80.7037781978095,35.1933818786514],[-80.7038271990805,35.1933718791548],[-80.7038571984569,35.1933668790032],[-80.7039041988148,35.1933628789805],[-80.7039441983652,35.1933568786635],[-80.7039731982669,35.1933518790433],[-80.7040121981577,35.1933418788584],[-80.7040401983997,35.193332879377],[-80.7040671990933,35.1933228787715],[-80.704094198615,35.1933108793244],[-80.7041201986298,35.1932988786303],[-80.7041531979278,35.1932798784239],[-80.7041661985135,35.1932738798661],[-80.7041921984616,35.1932608792802],[-80.7042341983227,35.1932388787926],[-80.7042681981921,35.193220878754],[-80.704301198522,35.1932018784915],[-80.7043251994598,35.193187879127],[-80.7043411993386,35.1931788783152],[-80.7043821984852,35.1931548795038],[-80.7044071977847,35.1931418785495],[-80.7044411987397,35.193124879224],[-80.7044671986152,35.1931118794801],[-80.7044931985304,35.1930998796067],[-80.7045291984641,35.1930848788794],[-80.7045391995092,35.1930798791638],[-80.7046181989929,35.193050878949],[-80.7047831985731,35.1930148788348],[-80.7048281991564,35.1929998791464],[-80.7048901985362,35.1929678789793],[-80.7049421984005,35.1929288790839],[-80.7050191988314,35.1928448792962],[-80.7050831991474,35.1927748789288],[-80.7051801992468,35.1926478790907],[-80.7051861997186,35.1926358788946],[-80.7052421994509,35.1925628789304],[-80.7053601993923,35.1923568783008],[-80.7054351992799,35.1922268787358],[-80.7055051985113,35.1921168795749],[-80.7055281982867,35.1920498789556],[-80.7056421989025,35.1918598792661],[-80.7057121986468,35.19176687968],[-80.7057731996646,35.1916548785964],[-80.7058811990477,35.1915118791089],[-80.705949199254,35.1913858791729],[-80.7059901997292,35.191321878367],[-80.7060831993199,35.1912318791495],[-80.7061121983517,35.1911958792093],[-80.7061711982799,35.1911438780448],[-80.7062131989357,35.1910938784579],[-80.7062281991206,35.1910438784851],[-80.7062301986428,35.1910068782465],[-80.7063041993967,35.1909018791975],[-80.7063841988338,35.1907678783371],[-80.7065681990513,35.1905308792057],[-80.706607199276,35.1904608782842],[-80.7066251985349,35.1904108791996],[-80.7066471991763,35.190365878921],[-80.706670199297,35.1903358789234],[-80.7067231993484,35.1902968776178],[-80.7067881989626,35.1901988782159],[-80.7068311990811,35.1901048777842],[-80.706877199,35.1900168784323],[-80.7070211990237,35.1898058783252],[-80.7070881997994,35.1896918776929],[-80.7071921992199,35.1895408784751],[-80.707212199267,35.1894948775981],[-80.7072161998133,35.1894498789032],[-80.7072281989132,35.1894168776046],[-80.7072961990763,35.1893738784025],[-80.7073481992049,35.1893138781609],[-80.707420199429,35.1891858778616],[-80.7075201996405,35.1890318783717],[-80.7075491992288,35.1889808780748],[-80.7076051994967,35.1889038782939],[-80.7076562002987,35.1888508776435],[-80.707722198986,35.1887618787076],[-80.7077871993607,35.1886508775823],[-80.7078101992474,35.1886038785222],[-80.7078532002956,35.1885658780484],[-80.7079301997363,35.1885238783595],[-80.7079531989554,35.1884948779865],[-80.7079571995674,35.1884558776202],[-80.7079461999389,35.1883548785123],[-80.7079551989993,35.1883308778385],[-80.70805919949,35.1882498782698],[-80.7081171996797,35.1881948779517],[-80.7081591995777,35.1881078776387],[-80.708245200172,35.1880138777212],[-80.708313199903,35.1879048787435],[-80.7084581998526,35.1877298771794],[-80.7086021989416,35.1874698782729],[-80.7086351995906,35.1874108780186],[-80.7086851992237,35.1872808769698],[-80.7087361988204,35.1871788781949],[-80.7087781998754,35.1871358776822],[-80.7088122004921,35.1870848775954],[-80.7089431996074,35.1870538781549],[-80.7091792003853,35.1870358776592],[-80.7093792001284,35.186961877667],[-80.7094661996863,35.1869168774932],[-80.7097532004083,35.1868268776011],[-80.7099092005539,35.1867528776984],[-80.7100051999115,35.1867008778256],[-80.710082199805,35.1866498768977],[-80.710134199612,35.1865908779687],[-80.710219200628,35.1864818772008],[-80.7102602002604,35.1863588774731],[-80.7102581996132,35.1862438773331],[-80.7102292000852,35.1861008775008],[-80.7102002003564,35.1860008778632],[-80.7101991999677,35.185928877294],[-80.7102152001863,35.1858848780977],[-80.7102752002964,35.1858198775532],[-80.7103971998197,35.1857678774112],[-80.7105882006151,35.1856998775013],[-80.7107221997693,35.1856978770155],[-80.710751199986,35.1856938773976],[-80.7108052007436,35.1856778770993],[-80.7109032005956,35.1856448774304],[-80.7109721995281,35.1855938773256],[-80.7109961998447,35.1854998772415],[-80.7110131999564,35.185463877238],[-80.7110392004934,35.1854488771511],[-80.7111082004492,35.1854408771599],[-80.7112022005584,35.1854518780387],[-80.7112392006418,35.1854028769073],[-80.7113782004518,35.1853508776719],[-80.7114302006542,35.1852998771772],[-80.7114992008776,35.1852628768538],[-80.7115241997249,35.1851838769326],[-80.7115312007277,35.1851108768053],[-80.7115301998699,35.1850678772334],[-80.7115552002553,35.1850248765393],[-80.7115801996695,35.1849668767629],[-80.7116152010249,35.1849448770996],[-80.711725200663,35.1849178774467],[-80.7118332004889,35.1848838770989],[-80.7118512005195,35.1848708771644],[-80.7119282005819,35.1848178770487],[-80.7120151997209,35.1847878767772],[-80.7120342006658,35.1847628776134],[-80.712063200557,35.1847288767905],[-80.7121262008755,35.184663876978],[-80.7121402002937,35.1846068776489],[-80.7121762009133,35.1845408770876],[-80.7122282000207,35.1844968763025],[-80.7122622007004,35.1844608769771],[-80.7123312008824,35.184430877119],[-80.7123831998549,35.1843868771678],[-80.7124092000051,35.184350877509],[-80.7124251998616,35.1842998770344],[-80.7125632001019,35.1841978776387],[-80.7126412008192,35.1841608762743],[-80.7127192003302,35.184108876682],[-80.712829201212,35.183912876495],[-80.7128532011568,35.1838048767709],[-80.7129282009646,35.1836598766269],[-80.7129102014441,35.1836018771523],[-80.7129792008268,35.1835658767385],[-80.7131102006311,35.1835428771028],[-80.713156200763,35.1835158768065],[-80.7132142011152,35.1834838765508],[-80.7133012005848,35.1834608762781],[-80.7134232004874,35.1834448767693],[-80.7136952009283,35.1834478766052],[-80.7138122012169,35.1834618763427],[-80.7139502016713,35.1834788763368],[-80.7139792006113,35.1834728761883],[-80.713680201041,35.1832008763611],[-80.7130642007706,35.18264087637],[-80.7120531997529,35.18172087664],[-80.7082661993119,35.1782768763193],[-80.7070981982428,35.1772018759227],[-80.7069971982403,35.1755718752965],[-80.7069781985216,35.1752518745841],[-80.7070981980112,35.1752018748436],[-80.707277198181,35.1751128750174],[-80.7074581989684,35.1750148747914],[-80.7075641983345,35.1749508756421],[-80.7081181982908,35.1745578753396],[-80.7077501991789,35.174198874656],[-80.7068441984043,35.1733508742281],[-80.7069161975961,35.1732388745478],[-80.7071311980614,35.1729428745935],[-80.7081191982282,35.1715478742387],[-80.7086221988252,35.1708398737167],[-80.7099951993482,35.1688818738223],[-80.7101861983137,35.168622873982],[-80.7102961992145,35.1684858738678],[-80.7104301990429,35.1683358737124],[-80.7105901997044,35.1681678736458],[-80.7109041993831,35.167854873915],[-80.7123361999292,35.1664398728233],[-80.7128181993032,35.1659698730864],[-80.7131131995928,35.1656778734637],[-80.7131822001977,35.1656418735105],[-80.7134651995189,35.1653628729404],[-80.7137282003542,35.1650788726858],[-80.7151491995648,35.1636958722594],[-80.7159392005233,35.1629178730452],[-80.7161432006624,35.1627468720265],[-80.7162812006056,35.1626398725881],[-80.7164052000629,35.1625518721264],[-80.7165572014402,35.1624528718575],[-80.7166712010035,35.1623888723796],[-80.7169022005725,35.1622738713322],[-80.7169532006506,35.1622528715326],[-80.7171812006171,35.1621568715641],[-80.7172332011542,35.1621378716234],[-80.7173282001795,35.162103871982],[-80.7174702004795,35.1620598718795],[-80.717596201478,35.1620238717267],[-80.716038200538,35.1597108712486],[-80.7162772002941,35.159590870956],[-80.7165351999007,35.1594638716439],[-80.7164412001162,35.1593008713197],[-80.716201200263,35.158832871596],[-80.7158722004362,35.1581928719369],[-80.7161512001092,35.1579798719358],[-80.7199812018609,35.1550258699529],[-80.7202892018994,35.1547638703684],[-80.7197942013704,35.1543818705676],[-80.7195222015889,35.1541718708553],[-80.7191132014882,35.1538558705358],[-80.7194122008091,35.1510898694092],[-80.7182952007552,35.1500548693836],[-80.7179142006312,35.1497018689364],[-80.7161201996151,35.1480418693603],[-80.7170651998468,35.1477338686572],[-80.7198902004597,35.1468148686108],[-80.7197632008524,35.1466568682357],[-80.7195482009337,35.1463878685229],[-80.7204442011506,35.1462738686578],[-80.7223752017668,35.1460308684328],[-80.7219772008426,35.1453848685538],[-80.7225232017463,35.1450958683409],[-80.7212912006782,35.1436998673353],[-80.7208402003081,35.14317286771],[-80.7206612009015,35.1429648678763],[-80.7203252003825,35.1425888679995],[-80.7220642013531,35.1426458676461],[-80.7233222014606,35.1416778669826],[-80.7234522018731,35.1416868674575],[-80.7264392030222,35.1419058680023],[-80.7278692032883,35.1420108669408],[-80.7277552026977,35.1417618676678],[-80.727670202487,35.1416188673646],[-80.7275612026425,35.1414848673927],[-80.7274532023513,35.1413618671322],[-80.7273922023044,35.1412608668648],[-80.7273472031671,35.1411718673118],[-80.7272952028376,35.1411008675282],[-80.730519203651,35.1394468667472],[-80.7306882036321,35.1391368664689],[-80.731054204267,35.1390408665566],[-80.7305322029056,35.1382038664319],[-80.729408202655,35.1367488667932],[-80.7293432031828,35.1366638661281],[-80.7298092030845,35.1365588659474],[-80.730967204202,35.1360668655448],[-80.731290203737,35.1359298658047],[-80.7365022051439,35.1339968655881],[-80.736675205042,35.1343338659307],[-80.7369042048033,35.134775865528],[-80.7375862060562,35.1361008652376],[-80.7384542052388,35.1377718658209],[-80.7387652066827,35.1385198667367],[-80.738937205984,35.1388848662279],[-80.739236206826,35.1395168665319],[-80.7396552057411,35.1404318666181],[-80.739978206363,35.1411608669041],[-80.7403662065789,35.1420118671315],[-80.7406192059853,35.1425598677117],[-80.7406762074435,35.1426568672783],[-80.7407412068551,35.1427678672799],[-80.7410082076147,35.1432238675167],[-80.7412322062473,35.1435508671388],[-80.7414762076815,35.1438678677125],[-80.7416502076287,35.1440728665875],[-80.7418332079257,35.1442728667722],[-80.7420232075305,35.1444678673191],[-80.7421582076943,35.1445958681138],[-80.7426462069481,35.1450618674145],[-80.7429212076997,35.1453188674012],[-80.7433802078618,35.1457488676602],[-80.7435972082938,35.1459568679464],[-80.7438572084205,35.1462198679493],[-80.7444312082329,35.146856868098],[-80.7446872072374,35.1471338675859],[-80.7448782088594,35.1473438674892],[-80.7450302086594,35.1475198677985],[-80.7452632080837,35.1478048682407],[-80.745419208181,35.1480238687009],[-80.7454792083093,35.1481228676209],[-80.7455352085024,35.1482218674847],[-80.7455452083077,35.1482388681473],[-80.7455922084158,35.1483358683685],[-80.7456512080473,35.1484628677663],[-80.7456982086155,35.1485878684755],[-80.745777208581,35.1488418679137],[-80.7458292083849,35.1490668683297],[-80.7458542082388,35.14925986828],[-80.7458622088089,35.1496578685941],[-80.7458302082108,35.1502008682103],[-80.7458132080592,35.150481868324],[-80.7460942085488,35.1506518680538],[-80.7463942093957,35.1510518684457],[-80.7481942092896,35.1538518694051],[-80.7487902097964,35.1553418692716],[-80.7489482099196,35.1557358693913],[-80.7495942100893,35.1573518699253],[-80.7496832105926,35.1574848697161],[-80.7498532106492,35.1577388699575],[-80.7501662104699,35.1581668701215],[-80.7509102106468,35.1589048703815],[-80.7516342109987,35.1595098704374],[-80.7518512107539,35.1596718704424],[-80.7522762112783,35.1599888707122],[-80.7536582113656,35.1610248707513],[-80.7548942111487,35.1619518701803],[-80.7549672119984,35.1620088706175],[-80.7559882126115,35.1628618709517],[-80.7568322128811,35.1635628709869],[-80.7576252128144,35.1642228711529],[-80.75863421309,35.1650608707462],[-80.7611602142939,35.1671598711469],[-80.7620362149443,35.1678938716816],[-80.7636902148814,35.1692798721004],[-80.7638852153803,35.1695708720686],[-80.7641802155415,35.1706258723522],[-80.7649032153703,35.1732098722491],[-80.7649952154979,35.1734508730707],[-80.7680942170892,35.1761068731195],[-80.7689582175826,35.1768468726087],[-80.7691952176531,35.1770508731968],[-80.7695952173002,35.177350873489],[-80.769658216996,35.1773928735669],[-80.7702582182515,35.1777928731103],[-80.7716952175858,35.1787508733462],[-80.7719902173107,35.1789808731914],[-80.7725952182047,35.1794508733293],[-80.772706217809,35.1795298735943],[-80.772845218495,35.1796288739067],[-80.7741042184564,35.1805238745659],[-80.7764052192942,35.18215887372],[-80.7774142195682,35.182983874307],[-80.7774952200874,35.183050873517],[-80.7784612207166,35.1839198744593],[-80.7785122197192,35.1839648749204],[-80.7796862208093,35.1850228747836],[-80.780495221512,35.1857508752766],[-80.7807192213061,35.1860398746391],[-80.7810962206829,35.1865268748917],[-80.7845952228122,35.191050875943],[-80.7846272219367,35.1910688759476],[-80.7861422230135,35.1918898758978],[-80.7880602242857,35.1929298758957],[-80.7904952246062,35.1942498756126],[-80.7906012247509,35.1942958761193],[-80.7906782243165,35.1941418759105],[-80.7908522244585,35.1938248758001],[-80.7909942242363,35.1935928758869],[-80.791228224868,35.1932468767601],[-80.7913722243602,35.1930488764251],[-80.7914352246523,35.1929798755528],[-80.7915202243136,35.192901876054],[-80.7915602248824,35.1928658760222],[-80.7916552248468,35.1927988758353],[-80.7917352240624,35.1927498759214],[-80.7918472247801,35.1926818753177],[-80.7919182251643,35.1926328760941],[-80.7919602244112,35.1925978759501],[-80.7920232251864,35.1925368756899],[-80.7920832250979,35.1924708753276],[-80.792448224616,35.1919788753951],[-80.7925352248155,35.1918768751109],[-80.7926192247886,35.1917918759401],[-80.7927042254236,35.1917148763401],[-80.7927872251628,35.1916498753036],[-80.7929742243911,35.1915278754646],[-80.793138225449,35.191432875388],[-80.7935762249434,35.1911788754139],[-80.7936522255557,35.1911248754232],[-80.7936802247144,35.1910998756917],[-80.7937032248537,35.1911088761464],[-80.7937332253134,35.1911118752731],[-80.7938402257944,35.1911078760627],[-80.7940462250654,35.1910698757706],[-80.7942832249315,35.1910098754709],[-80.7958172252739,35.1906178753971],[-80.7963782257353,35.1904808749122],[-80.7964602258638,35.1904648746044],[-80.7965222254741,35.1904568757308],[-80.7965742265887,35.190454875081],[-80.7966732267626,35.1904588759626],[-80.7967982254963,35.1904838749781],[-80.7968442260378,35.1905008748063],[-80.7969022265213,35.1905288754376],[-80.796986226706,35.1905768752079],[-80.7971042269855,35.1906718758057],[-80.797217225907,35.1905968758424],[-80.7974002270094,35.1904848750766],[-80.7974912264877,35.1904338756435],[-80.7978932260483,35.1902248743868],[-80.7981262264509,35.1901228753966],[-80.7983632256161,35.1900358752901],[-80.7985302268482,35.1899818755752],[-80.7987512266277,35.189917874921],[-80.799582226426,35.1897068750816],[-80.8009922269668,35.1893898744507],[-80.8010792275113,35.1895948750709],[-80.8011402269251,35.189787875623],[-80.8012232270683,35.190299875381],[-80.8012572275683,35.1904758750337],[-80.8012832274077,35.1905758747609],[-80.8013082268221,35.1906448755286],[-80.8013752279179,35.1907778749251],[-80.8014172278488,35.1908368750006],[-80.8015032278248,35.1909388749488],[-80.8015992274757,35.1910438751951],[-80.8019642271245,35.1909788752752],[-80.8020402271155,35.1909658746255],[-80.8023522276173,35.1909178753876],[-80.8025242286683,35.190905875948],[-80.8037542278261,35.1907028755533],[-80.8039552288459,35.1906708745235],[-80.8046312283452,35.1905418752802],[-80.8048292280987,35.1905158745744],[-80.805148229008,35.1904958742431],[-80.8055002286109,35.1904658745587],[-80.8059982296254,35.1904348743111],[-80.8064282297824,35.1904028746448],[-80.8071002287634,35.190371874966],[-80.8072842293401,35.1903808747299],[-80.807768228812,35.1904428747048],[-80.8081432288193,35.1904848747592],[-80.808616229904,35.1905268747211],[-80.809999230388,35.1905988752562],[-80.8108772300448,35.1906298748343],[-80.8109792302372,35.1915688743247],[-80.8110562309015,35.1924718749475],[-80.8110632303031,35.1926608757632],[-80.811057229979,35.1929308753104],[-80.8110022312128,35.1933818757779],[-80.8108602307337,35.1943118750185],[-80.8105892305664,35.1960858761492],[-80.8105652306064,35.1962748758058],[-80.8105532304114,35.1964638761025],[-80.8105542304414,35.1967168760946],[-80.8105782305629,35.1969688762193],[-80.8106102306306,35.1971568759596],[-80.8106542305996,35.1973438764348],[-80.8107302309976,35.1975888757983],[-80.8108282305259,35.1978288761933],[-80.8109142315767,35.1980048762754],[-80.811046231391,35.1982328761831],[-80.8111582301423,35.1983988763782],[-80.811230230365,35.1984968768342],[-80.8114972312418,35.1987938764143],[-80.8115852305335,35.198874875901],[-80.8117702307591,35.1990268770131],[-80.8118682311981,35.1990978762717],[-80.8122812314037,35.1993668758738],[-80.8125252311365,35.1995168772307],[-80.8125692309257,35.1995448765731],[-80.8126252305439,35.1995788757227],[-80.8130302320029,35.1998418770389],[-80.81345023157,35.2001188769521],[-80.8141682315298,35.2005938771857],[-80.8147192323963,35.2009518761849],[-80.8152332328019,35.2012968768078],[-80.8155072322959,35.2014978764404],[-80.8157662331772,35.2017108776207],[-80.8161112321345,35.202020877668],[-80.8162772326327,35.202179877149],[-80.8168002330566,35.2027078774494],[-80.8169322320419,35.2028438771577],[-80.8170282326394,35.2029348768447],[-80.8173342331721,35.2032468767981],[-80.817525232663,35.2034488776214],[-80.8181222334643,35.204064877079],[-80.8183882328441,35.2043288776487],[-80.8185062333279,35.2044298779473],[-80.8186032329496,35.2045368768531],[-80.8187212332972,35.2046668775258],[-80.8187982328286,35.2047668766508],[-80.8190062340516,35.204976877425],[-80.8192792333351,35.2052738782502],[-80.8197552346339,35.2057768778949],[-80.82059923398,35.2066528775079],[-80.821309235101,35.2073908779374],[-80.8214542339702,35.2075408784662],[-80.8228332350234,35.2089708787911],[-80.8237942348535,35.209933878327],[-80.8242492350819,35.2104338784271],[-80.8244702356514,35.2106638783592],[-80.8246112351689,35.2107928791216],[-80.8247312349381,35.2108918787143],[-80.825700235281,35.2115878788311],[-80.8259332360741,35.2117548782937],[-80.8264932365065,35.2121738783893],[-80.8267932352865,35.2118988787794],[-80.827046235524,35.2116098784584],[-80.8272802365176,35.2113098781479],[-80.8274252359946,35.2111048788156],[-80.8276202366726,35.2108498790471],[-80.8276852359939,35.2107398783497],[-80.8277452370764,35.2106048782028],[-80.8277902364762,35.2104878783714],[-80.8278182358577,35.2103178785683],[-80.8278312356814,35.2101748781457],[-80.827830236408,35.2101498778065],[-80.8278322362747,35.2099928782763],[-80.8277842367559,35.2094978786804],[-80.8277482364233,35.2092938785567],[-80.8277102367121,35.2091438787018],[-80.8276262364245,35.2088878780973],[-80.8275262366228,35.2085898783087],[-80.8274612365487,35.2084378781474],[-80.8274112359167,35.2082778784412],[-80.8273902359642,35.2081798776994],[-80.8273702365914,35.2080478779728],[-80.8273652364146,35.2079508779003],[-80.8273622364028,35.2078818780694],[-80.8273752354958,35.2076838779342],[-80.8274062365522,35.2075198781594],[-80.8274432362387,35.2073908778811],[-80.8274902366945,35.2072638777308],[-80.8275582362061,35.2071218773439],[-80.8276362361333,35.2069908779233],[-80.8277392360381,35.2068478778319],[-80.8278572364156,35.2067128782097],[-80.8279992363455,35.206578878051],[-80.8281132361215,35.2065818775299],[-80.8289792368467,35.2066048773167],[-80.8297102366661,35.2066968768525],[-80.8300612373678,35.2066618772949],[-80.8301672363954,35.2066528781295],[-80.8302832362989,35.2067168769036],[-80.8303192369342,35.206722876919],[-80.8303482369751,35.2067228771012],[-80.8304262374883,35.2066998773308],[-80.8304782368038,35.2066898775249],[-80.8305152370111,35.206686877702],[-80.8306192372966,35.2066878776143],[-80.8306802368364,35.2066998771749],[-80.8307372369575,35.2067058774553],[-80.8310082368347,35.2067008776309],[-80.8311852367687,35.2067088773707],[-80.8312922377828,35.2067218769232],[-80.8319162370843,35.2067498778533],[-80.8321182373708,35.2067638773981],[-80.8323672377547,35.2067578770162],[-80.8327082382394,35.2067758770153],[-80.8327912380367,35.2068058774823],[-80.8329012383096,35.2068518772818],[-80.8329912379098,35.2069458776878],[-80.8331302371714,35.2070118775031],[-80.8331822386118,35.207061877584],[-80.8332562375175,35.2071228775675],[-80.833315237615,35.2071538771288],[-80.8334862375295,35.2072028773383],[-80.8335772374521,35.207201878167],[-80.8336432375393,35.20719187751],[-80.8339432378253,35.2070908776049],[-80.8342482381203,35.2069438779273],[-80.8343252376684,35.2068938773345],[-80.8343972383886,35.20680287735],[-80.8344372386677,35.2067758774448],[-80.8344902377668,35.2067728771597],[-80.834618237321,35.2067988776067],[-80.8347262381002,35.2067308780329],[-80.8349372382761,35.2066578768308],[-80.8349852389089,35.2066308779725],[-80.8349942383839,35.2065858776374],[-80.8350402389719,35.206541877473],[-80.8351152384508,35.2065078771315],[-80.8352702381251,35.2064208771837],[-80.8354792384273,35.2063608769924],[-80.8356452387398,35.2062848770766],[-80.8361332385357,35.2062628770355],[-80.8361412384376,35.2061398771539],[-80.8361312378753,35.2059528766564],[-80.8361192387078,35.2058598771275],[-80.8359472389485,35.2050858764831],[-80.8359052384188,35.2048968768784],[-80.8358542381658,35.2046788770661],[-80.8358462389944,35.204614876051],[-80.8358462392543,35.2044848765923],[-80.8359402381157,35.2035858767657],[-80.8359952386272,35.203151876348],[-80.836019238321,35.202899876447],[-80.8360332382223,35.202761876188],[-80.8360822383549,35.2023868760559],[-80.8361122388051,35.2020928757821],[-80.8361522383025,35.2017078761939],[-80.836294238808,35.2004568764199],[-80.8363352385748,35.200027875803],[-80.8363542384281,35.1998278760613],[-80.836381238593,35.1997038752119],[-80.8364602378744,35.198965875717],[-80.8365702384714,35.1979518755755],[-80.8366902376432,35.1968888751339],[-80.8367772388495,35.1961798750224],[-80.8368262376382,35.1957028743889],[-80.8369182392067,35.1949058744466],[-80.8369872385764,35.1949358745342],[-80.8370392378708,35.194962874389],[-80.8370882382126,35.1949928753058],[-80.8371342389653,35.1950248746927],[-80.8371892391138,35.1950688749842],[-80.8372292386424,35.1951068747559],[-80.837263238317,35.1951438747134],[-80.8377572387218,35.1956418746862],[-80.8383612382255,35.1962478747999],[-80.8383962383592,35.196282875666],[-80.8385192385453,35.19640687493],[-80.8390302385795,35.196918875058],[-80.839546239626,35.1974418743532],[-80.8395912401753,35.1974958750361],[-80.8396812397238,35.1976208746846],[-80.8397182386949,35.1976858751427],[-80.8397842400039,35.1978188747718],[-80.8399392397187,35.1982368758334],[-80.839989239649,35.1983548750758],[-80.8400292396466,35.1984298756649],[-80.8401242388379,35.1985728755639],[-80.8401772398847,35.1986388748135],[-80.8402952397987,35.1987628753836],[-80.8404022397459,35.1988538752337],[-80.8405592390377,35.1989658755586],[-80.8412902394959,35.1994958761918],[-80.8414652399701,35.1996248754732],[-80.8416632399581,35.199758875369],[-80.8426112409299,35.2004578751368],[-80.8429322399721,35.2006858756034],[-80.8431642405434,35.2008628762959],[-80.843414240517,35.2010318761599],[-80.843704240777,35.2012408757004],[-80.8446262405749,35.2019048758463],[-80.8447672412653,35.2020148761421],[-80.844854241576,35.2019408762433],[-80.8462212418947,35.200616875894],[-80.8465722418195,35.2002718756108],[-80.8466962414877,35.2001578758771],[-80.8472332417879,35.199633875382],[-80.8474942414844,35.1993858751486],[-80.8483102411313,35.198580875551],[-80.8489872422464,35.1979098744578],[-80.8491662418683,35.1977438755435],[-80.8492382421878,35.1976768747024],[-80.8493322418391,35.1975608748581],[-80.8494262412602,35.1974178748706],[-80.8497082419862,35.1968288746649],[-80.8497412416603,35.1967308744203],[-80.8497932424168,35.1966328747203],[-80.8498522420718,35.1965528743656],[-80.8498812417643,35.1965198748341],[-80.8499342423456,35.196468875026],[-80.8500502428538,35.1963918749933],[-80.8501822429543,35.1963038745489],[-80.8506912422812,35.1960128748522],[-80.8509722428876,35.1958518739499],[-80.851061241945,35.1957818744119],[-80.8511322418732,35.1957048751342],[-80.8512632427722,35.1955138744161],[-80.8513232433722,35.1954168740471],[-80.8514002423498,35.1952718740996],[-80.8514292426547,35.1952178734964],[-80.8514752424834,35.1951158742111],[-80.8515382425937,35.1949598740853],[-80.8517602422219,35.1944618741239],[-80.8520402427524,35.1938418743864],[-80.8521602428452,35.1935918736487],[-80.852357243211,35.1931698737981],[-80.8525182430806,35.1928118734779],[-80.8526972427636,35.1924388735451],[-80.8528232423122,35.1921618728708],[-80.8532372430035,35.1912738735808],[-80.8532682427873,35.1911688728633],[-80.8532792430447,35.1910608733151],[-80.8532772427203,35.1910068730947],[-80.8532282428008,35.1905088730871],[-80.8530932425041,35.1888028732677],[-80.8530102419195,35.1877828724386],[-80.8529892419713,35.1875278724255],[-80.8529732420805,35.1873388733189],[-80.8544222424866,35.1869248727259],[-80.8545272433512,35.1868778724799],[-80.8545752430675,35.1868488720056],[-80.8546202424175,35.1868158719329],[-80.8546992429373,35.1867428725095],[-80.8547602430813,35.1866688724639],[-80.8548242436823,35.1865798719607],[-80.8549162426067,35.186481871907],[-80.854969242438,35.1864378717197],[-80.855202244022,35.1862738719105],[-80.8552762438454,35.1862318719439],[-80.855334243563,35.1862068715048],[-80.855454243136,35.1861668722203],[-80.8555182434146,35.1861538722348],[-80.8555722441962,35.1861478717407],[-80.8556282434453,35.1861468716329],[-80.8557062434221,35.1861518722664],[-80.8558432440647,35.1861828717996],[-80.855940243966,35.1862258718698],[-80.8565812439087,35.1865748721407],[-80.8570352431675,35.1868238729018],[-80.8579062444575,35.1873068722278],[-80.8585642440747,35.1876778720806],[-80.8599782439728,35.1884528725529],[-80.8602952443584,35.188628872136],[-80.8604252453865,35.188719873021],[-80.8605442451317,35.188824872231],[-80.8606492444476,35.1889428718661],[-80.8606952452492,35.1890058721064],[-80.8607412449325,35.1890788723054],[-80.860799245143,35.1892028723309],[-80.8608382460217,35.1893318730387],[-80.8608962453116,35.1896598727165],[-80.860994245124,35.1901548720688],[-80.8610842451782,35.1906438733046],[-80.8612102450728,35.1912948730218],[-80.8613302456887,35.1919558738198],[-80.861348245681,35.1920628733201],[-80.8614932455699,35.1927898732308],[-80.8619052454064,35.1927378740257],[-80.8620182461767,35.1927188740672],[-80.8621212456873,35.1926878731784],[-80.8622152460934,35.1926478727972],[-80.8622712460155,35.1926178733148],[-80.8630282453519,35.1920728736789],[-80.8632552465657,35.1919108732111],[-80.8634722469706,35.1917468733404],[-80.8644302461363,35.1910568728873],[-80.8649462465304,35.1906898731444],[-80.8655172460124,35.1902768725821],[-80.8662792464686,35.1907728729514],[-80.8668752472211,35.1911558726774],[-80.8674442470824,35.1915218724876],[-80.8685662479681,35.1922498729372],[-80.8687062475538,35.1923368732543],[-80.8694862474659,35.1928408733774],[-80.8698012480766,35.193039872775],[-80.8700242483047,35.1931858728034],[-80.8709532492047,35.1937788735031],[-80.8711452484883,35.1939078740057],[-80.8715612484448,35.1941798733947],[-80.8725512485306,35.1948108728207],[-80.8723392485498,35.1951698737452],[-80.8723012493763,35.1952408730734],[-80.8722452495266,35.1953158739309],[-80.872177248129,35.1953838736929],[-80.8719752488873,35.1955398732155],[-80.8718272485473,35.1956408738232],[-80.8709902482189,35.1961618731301],[-80.8705932483821,35.1964238741003],[-80.8704842490873,35.1965028740083],[-80.8703222485645,35.1966308739561],[-80.8697622474946,35.197137874509],[-80.8688392472122,35.1979898739599],[-80.8684832478219,35.1983178742763],[-80.8681982481541,35.1985558742562],[-80.8680772473755,35.198661874432],[-80.8678232478275,35.1989048746693],[-80.8677282472162,35.1990018749417],[-80.8674852482328,35.1992698743626],[-80.8672722469388,35.1995318749578],[-80.8670642476745,35.1998228745127],[-80.8669472473341,35.1999868747477],[-80.8664832474302,35.2006768743697],[-80.8660222466967,35.201343874812],[-80.8657242472426,35.2017748749764],[-80.8652832477656,35.202413875645],[-80.8649402472168,35.2029038760216],[-80.8645742466489,35.2033218752938],[-80.8637672467606,35.2041958756281],[-80.8633792469001,35.2045908759675],[-80.8624552459292,35.20551887568],[-80.8615362457053,35.2064458766546],[-80.8610492467631,35.2069368760576],[-80.8606292459807,35.2073588762657],[-80.8605092460538,35.2075038762392],[-80.8604082460448,35.2076588767629],[-80.8603442457202,35.2077768769586],[-80.860292245511,35.207881876821],[-80.8602202462288,35.2080608768398],[-80.8601762456491,35.2082158767618],[-80.8599962460332,35.2090028772543],[-80.8598342463511,35.209780877303],[-80.8598282459969,35.2097988767562],[-80.8597912455123,35.2098648775916],[-80.8597642457707,35.2098968767154],[-80.8588662453029,35.2107208772215],[-80.8587942457984,35.2107828777726],[-80.8578592454341,35.2116088780343],[-80.8577112453357,35.2117578773211],[-80.8574942451492,35.2119748772778],[-80.8572372449482,35.2122028777879],[-80.8566432457339,35.2127418779985],[-80.8556102442135,35.2136788782793],[-80.8550742451401,35.2141648783245],[-80.854571244502,35.214576877629],[-80.854252244561,35.2148308782392],[-80.8540822447213,35.2149558779807],[-80.8539942441615,35.2150308778801],[-80.8538082444185,35.2151718783487],[-80.8534262447708,35.2154278782428],[-80.8531812435472,35.2155648788067],[-80.8529782441762,35.2156948780405],[-80.852892244065,35.215754878607],[-80.8526762436893,35.2159208790398],[-80.852573244243,35.2160088781969],[-80.8524632440511,35.2161098785972],[-80.852116244128,35.2163808785025],[-80.8520482437332,35.216435878306],[-80.8512372435822,35.2170878790714],[-80.8510722435695,35.2172438786097],[-80.8508522435019,35.2174398788292],[-80.850555243862,35.2176818790985],[-80.851373244038,35.2184648789497],[-80.8519932438322,35.2190568796695],[-80.852581244692,35.2196068793368],[-80.8530232443091,35.220051879429],[-80.8532402446673,35.2202358786632],[-80.8533822441771,35.2203858797028],[-80.8535092442566,35.2205538796086],[-80.8536172443288,35.2207368796261],[-80.8538792447283,35.2213958797361],[-80.8539562447256,35.221561880231],[-80.8540522450963,35.2217148801686],[-80.8541672443644,35.221859879927],[-80.8542552445915,35.2219518795412],[-80.8548102451581,35.2224678793744],[-80.8551902445262,35.2227918798146],[-80.8559422452917,35.2235178802834],[-80.8559612451271,35.2235328802824],[-80.8561292459642,35.2236698799575],[-80.856325246069,35.2238068797939],[-80.8564342459844,35.2238758806837],[-80.8566532457057,35.2239998799541],[-80.8568812453419,35.2241108808337],[-80.8570562450335,35.224182880218],[-80.85711824531,35.2242068807604],[-80.8573592461001,35.224283880211],[-80.8574882457835,35.2243178804309],[-80.8577502462407,35.2243728798236],[-80.8579152463164,35.2243988801866],[-80.8583252461108,35.2244428809611],[-80.858738246748,35.2244708800216],[-80.8589452461494,35.2244778801697],[-80.8591512469556,35.2244798804846],[-80.8593432467151,35.2244748799733],[-80.8597252468552,35.2244768805274],[-80.8600342469278,35.2244918804007],[-80.8604282477872,35.2245278801505],[-80.8609502470774,35.2245948800602],[-80.8613152469596,35.2246348809025],[-80.8617212478049,35.2246758797508],[-80.8619602480259,35.224686880427],[-80.8622442475742,35.2246928808116],[-80.8625722472582,35.2246848797359],[-80.8628982474918,35.2246588796954],[-80.8630472477945,35.2246498804352],[-80.8632822477179,35.2246208800676],[-80.864186248224,35.2244378800397],[-80.8642872479031,35.2244238801493],[-80.8645622482039,35.2243978807999],[-80.8648392485182,35.2243878799632],[-80.8649822488632,35.2243788806455],[-80.8651682477082,35.2243808797602],[-80.8652982481951,35.2243858798756],[-80.8655362480728,35.2243918803853],[-80.8657992483857,35.2243978807025],[-80.8660282484256,35.2244028794113],[-80.8666362485962,35.2244218798801],[-80.8668402493233,35.2244208793286],[-80.8670232494727,35.224410879777],[-80.8671132491075,35.2244098801226],[-80.8672942492189,35.2243938800655],[-80.8673832486535,35.2243798797987],[-80.8675582485824,35.2243388797629],[-80.8677202492274,35.2242868793056],[-80.8679212490341,35.2242068796348],[-80.8681632492123,35.2240858797719],[-80.8682632488729,35.2240248794734],[-80.8682992497476,35.2240028800908],[-80.8683082495366,35.2241418789083],[-80.868343248491,35.2242488796147],[-80.8683602492988,35.224341879278],[-80.8683702492803,35.2244148799408],[-80.8683772493363,35.2244898798578],[-80.8683802486579,35.2245818794897]]]},"properties":{"objectid":4,"cc":4,"cnt_cc":null,"name":"Mark Jerrell","globalid":"635cd631-5db0-42c5-99eb-116e101402ee","Shape__Area":1425624514.142395,"Shape__Length":312603.0306512326}},{"type":"Feature","id":5,"geometry":{"type":"Polygon","coordinates":[[[-80.8808352476737,35.1201928577885],[-80.8804532470113,35.1208108576469],[-80.8802202471079,35.1212898576541],[-80.8802062469344,35.1213198576151],[-80.8799362471911,35.1218918572282],[-80.8794072478371,35.1230178578052],[-80.8785312462745,35.124897857584],[-80.8777212471829,35.1265798584367],[-80.8776142465536,35.1268108586383],[-80.8775412468152,35.1269518589269],[-80.877381246288,35.1272298590516],[-80.8772932467671,35.1273668590597],[-80.876753246651,35.1281628586825],[-80.8765672464425,35.1284308583724],[-80.8763682469221,35.1287438584367],[-80.8762682470387,35.1289198586176],[-80.8761872466352,35.1290648592759],[-80.8761042466771,35.1292278596708],[-80.8759512458323,35.12960086009],[-80.8756052468347,35.1304858591398],[-80.8755402464416,35.1306558594794],[-80.8754722460208,35.1308538598258],[-80.8753912462273,35.1311418596252],[-80.8753592463785,35.1312868600201],[-80.8753272459695,35.1314628605233],[-80.8752802464696,35.1318808598753],[-80.8752652457766,35.1320908596285],[-80.8752992454162,35.1326968600245],[-80.8757292469338,35.1347808602828],[-80.8758312467003,35.1352448598695],[-80.875987247034,35.135956860275],[-80.8760312464719,35.1361558609743],[-80.8763382473974,35.1377258614053],[-80.8766842465169,35.1377198605279],[-80.876692246727,35.1377608608547],[-80.8767972466629,35.1389508609092],[-80.8771162466386,35.1403418610459],[-80.8776792477493,35.1427918618848],[-80.878026248109,35.1427488613029],[-80.8775662469439,35.1404148620627],[-80.8778912473979,35.1403528616122],[-80.8779852477558,35.1403328621678],[-80.8781352469505,35.1403558623444],[-80.8781972471569,35.1403678615077],[-80.8782712476846,35.1403978610336],[-80.8784682473108,35.140502861754],[-80.8787122474446,35.1406238613058],[-80.8789092483006,35.1407088611822],[-80.8793382477011,35.1408618617024],[-80.8798592485211,35.1410148621929],[-80.8803002483126,35.1411298615816],[-80.8805592485314,35.141194862277],[-80.8807062479871,35.1412178608981],[-80.8808382489033,35.1412238615984],[-80.8809562482575,35.141235862307],[-80.8810472480198,35.1412208616938],[-80.8811382486319,35.1411948619201],[-80.881274248555,35.1411648615112],[-80.8813272484417,35.1411478618818],[-80.8814122486195,35.1411028613373],[-80.8815712478603,35.1410058615407],[-80.8819832484114,35.14068586216],[-80.8822352489614,35.1405008611262],[-80.8824062491384,35.1403528614426],[-80.8825542490906,35.1402148619554],[-80.8828722484243,35.1399618612183],[-80.8829832487709,35.1398728610837],[-80.8831872494256,35.1396648613058],[-80.8833732484758,35.1394468612631],[-80.8835182490474,35.139251861521],[-80.8835672500881,35.1391788611409],[-80.883694248906,35.1389888609531],[-80.8841732493773,35.1382698611473],[-80.8843222493351,35.1380448608772],[-80.8843822489048,35.137930860614],[-80.8844142493173,35.1378338609796],[-80.8844332487623,35.1377238613965],[-80.8844312492026,35.1376398607565],[-80.8844202490003,35.1375868608726],[-80.8843252493142,35.1372858606443],[-80.8856082492699,35.1369828601498],[-80.8857022503531,35.1369598611512],[-80.8858892491778,35.1369148604769],[-80.8861712500464,35.1368518603358],[-80.8865632495889,35.1367648599277],[-80.8869582508142,35.1366718605389],[-80.887891250154,35.1364498609021],[-80.888479250649,35.1363128595204],[-80.8901102503442,35.1359328603465],[-80.8914582513986,35.1356278596232],[-80.8918512516215,35.1355468599792],[-80.8918632518515,35.1358578605806],[-80.8918932516392,35.1364058603713],[-80.8919162509537,35.1366368602097],[-80.891966251602,35.1368908600605],[-80.8920492509247,35.1371518610516],[-80.8921042521661,35.1372878606413],[-80.8921212523104,35.1373398607045],[-80.8921492511182,35.1374028607548],[-80.8921792521443,35.1374668600193],[-80.8923002524721,35.1377098604918],[-80.8923502516718,35.1377978610568],[-80.8924052513518,35.1378838600888],[-80.8924652515868,35.1379678602851],[-80.8925482514696,35.1380728600731],[-80.8925972517025,35.1381298606699],[-80.8928862517333,35.1384268601922],[-80.8934052514022,35.1388968604173],[-80.8935122524071,35.139016860046],[-80.8935332520314,35.1390408608282],[-80.8936432524173,35.1391938602557],[-80.8936912526978,35.1392738607032],[-80.8937732529953,35.1394388614584],[-80.8938062519116,35.1395238603339],[-80.8941812523522,35.1403638606427],[-80.8943202527755,35.1406748618042],[-80.8943842531088,35.1408278612936],[-80.8944082524714,35.1409068609274],[-80.8944412531762,35.1410658617095],[-80.8944492524779,35.1411468613589],[-80.8944522524007,35.1412718609754],[-80.8944042530268,35.1417438610218],[-80.894377252472,35.1419818610202],[-80.8943782531074,35.1420868620363],[-80.8943972525143,35.1422948610257],[-80.8944372525902,35.142501860856],[-80.8944652534186,35.142603861684],[-80.8945132528388,35.1427528616182],[-80.8946122520429,35.1430148614995],[-80.8948212520325,35.1434908619322],[-80.8948662523777,35.1436038611948],[-80.8952712537436,35.1446328618822],[-80.8957832530446,35.145883862381],[-80.8959332534355,35.1462518621083],[-80.8961782538012,35.1468428621858],[-80.8962972534855,35.1471328619695],[-80.8964102539767,35.147402861842],[-80.8965952526524,35.1478528620528],[-80.8964142542639,35.1480238619223],[-80.8960902536126,35.148320862515],[-80.8958072541141,35.1485798622688],[-80.8955642536182,35.1488248635172],[-80.8952492527499,35.1491668629285],[-80.8950972535695,35.1493418627164],[-80.894808253664,35.1496998629877],[-80.8946702538021,35.1498818630244],[-80.894614252217,35.1499718626009],[-80.8944252528622,35.1502718632014],[-80.8942072532674,35.1506758631277],[-80.8940412529489,35.1510378635079],[-80.8939652537522,35.1512208628128],[-80.8938942528745,35.1514058638111],[-80.8937062528131,35.1519478635042],[-80.8920582524085,35.1567118644411],[-80.8918832528974,35.1572378639187],[-80.8917152530497,35.1576958647145],[-80.8912402524666,35.1590508649089],[-80.8911652523764,35.1592298656762],[-80.8907952531495,35.1602408653854],[-80.8906252518899,35.1607648647648],[-80.890339252989,35.1616448653594],[-80.8898522524024,35.1630528659905],[-80.8897022517802,35.1635248664569],[-80.8895172525028,35.1641438665937],[-80.8893392522035,35.1647898664473],[-80.8891112524218,35.1655648663474],[-80.8889752519784,35.1660538662463],[-80.8888292519935,35.1665088664173],[-80.8887662519906,35.1667268665067],[-80.888625252158,35.1672108668773],[-80.8884672527676,35.1677878667461],[-80.8883612521401,35.1681728666824],[-80.8874682521734,35.1712528680172],[-80.8873072525122,35.1718098683908],[-80.8872642521413,35.1719578677921],[-80.8865682523016,35.1743548685057],[-80.8864872521554,35.1746358691895],[-80.886366251301,35.1750538689013],[-80.8862552525667,35.1754658688901],[-80.8861752517171,35.1758128686525],[-80.8861162522296,35.1761638694189],[-80.8860782516797,35.1764868686576],[-80.8860632524511,35.1766628690381],[-80.8860542522612,35.1768388686867],[-80.8860522514089,35.1771738686986],[-80.886056252042,35.1773628690331],[-80.886082251853,35.1777388694701],[-80.8861172520915,35.1780318693004],[-80.8861942521278,35.1784628689037],[-80.8862392520847,35.178614869327],[-80.8862892513156,35.1788218698415],[-80.8863942520146,35.1791898698296],[-80.8864652514075,35.1794118694589],[-80.8864982526073,35.1795128703554],[-80.8866322526867,35.1799568698451],[-80.8864612530543,35.1799058703133],[-80.8850192512358,35.1794798695871],[-80.8848082520948,35.1794188692768],[-80.8843552518298,35.1792878692126],[-80.8837822510332,35.1791198697759],[-80.88347725198,35.1790388693679],[-80.8830762516711,35.178925869705],[-80.881113250684,35.1784058694676],[-80.8808262506664,35.1783398695657],[-80.8806622502414,35.1782928689922],[-80.8801312502639,35.178139869445],[-80.8796582501496,35.1780138695482],[-80.8795832496827,35.1779978694587],[-80.8794332499301,35.177954869202],[-80.8793892503414,35.1779418691451],[-80.8785632495322,35.1775998697573],[-80.8758792495732,35.1764908686571],[-80.8758402493715,35.178792870379],[-80.8758392489727,35.178968870065],[-80.875827248188,35.1793978697843],[-80.8758202493758,35.1799798700395],[-80.8758022492845,35.1806268700744],[-80.8758012498025,35.1810048703957],[-80.8757812498588,35.1820668710435],[-80.8757802489854,35.1821008708742],[-80.8757552494897,35.1834318704315],[-80.8757482494578,35.1840468709617],[-80.8757382490176,35.1844388715164],[-80.8757362493589,35.1848018713727],[-80.8756762497547,35.1880248720488],[-80.8756272491055,35.1888258719448],[-80.875615249963,35.1890218724509],[-80.8756062491648,35.1891688714954],[-80.8755942500321,35.1892678718509],[-80.8755632488514,35.1893728724861],[-80.8753502488661,35.1898278725908],[-80.875134249318,35.1902598730957],[-80.8746162490659,35.1911748724532],[-80.8739612494573,35.1923478725328],[-80.8737312489499,35.1927408725521],[-80.873420249198,35.193299872881],[-80.8731802490636,35.193726873824],[-80.8729942497387,35.1940428739534],[-80.872931248948,35.1941628730423],[-80.8728512494384,35.1942988724262],[-80.8725512485306,35.1948108728207],[-80.8715612484448,35.1941798733947],[-80.8711452484883,35.1939078740057],[-80.8709532492047,35.1937788735031],[-80.8700242483047,35.1931858728034],[-80.8698012480766,35.193039872775],[-80.8694862474659,35.1928408733774],[-80.8687062475538,35.1923368732543],[-80.8685662479681,35.1922498729372],[-80.8674442470824,35.1915218724876],[-80.8668752472211,35.1911558726774],[-80.8662792464686,35.1907728729514],[-80.8655172460124,35.1902768725821],[-80.8649462465304,35.1906898731444],[-80.8644302461363,35.1910568728873],[-80.8634722469706,35.1917468733404],[-80.8632552465657,35.1919108732111],[-80.8630282453519,35.1920728736789],[-80.8622712460155,35.1926178733148],[-80.8622152460934,35.1926478727972],[-80.8621212456873,35.1926878731784],[-80.8620182461767,35.1927188740672],[-80.8619052454064,35.1927378740257],[-80.8614932455699,35.1927898732308],[-80.861348245681,35.1920628733201],[-80.8613302456887,35.1919558738198],[-80.8612102450728,35.1912948730218],[-80.8610842451782,35.1906438733046],[-80.860994245124,35.1901548720688],[-80.8608962453116,35.1896598727165],[-80.8608382460217,35.1893318730387],[-80.860799245143,35.1892028723309],[-80.8607412449325,35.1890788723054],[-80.8606952452492,35.1890058721064],[-80.8606492444476,35.1889428718661],[-80.8605442451317,35.188824872231],[-80.8604252453865,35.188719873021],[-80.8602952443584,35.188628872136],[-80.8599782439728,35.1884528725529],[-80.8585642440747,35.1876778720806],[-80.8579062444575,35.1873068722278],[-80.8570352431675,35.1868238729018],[-80.8565812439087,35.1865748721407],[-80.855940243966,35.1862258718698],[-80.8558432440647,35.1861828717996],[-80.8557062434221,35.1861518722664],[-80.8556282434453,35.1861468716329],[-80.8555722441962,35.1861478717407],[-80.8555182434146,35.1861538722348],[-80.855454243136,35.1861668722203],[-80.855334243563,35.1862068715048],[-80.8552762438454,35.1862318719439],[-80.855202244022,35.1862738719105],[-80.854969242438,35.1864378717197],[-80.8549162426067,35.186481871907],[-80.8548242436823,35.1865798719607],[-80.8547602430813,35.1866688724639],[-80.8546992429373,35.1867428725095],[-80.8546202424175,35.1868158719329],[-80.8545752430675,35.1868488720056],[-80.8545272433512,35.1868778724799],[-80.8544222424866,35.1869248727259],[-80.8529732420805,35.1873388733189],[-80.8529892419713,35.1875278724255],[-80.8530102419195,35.1877828724386],[-80.8530932425041,35.1888028732677],[-80.8532282428008,35.1905088730871],[-80.8532772427203,35.1910068730947],[-80.8532792430447,35.1910608733151],[-80.8532682427873,35.1911688728633],[-80.8532372430035,35.1912738735808],[-80.8528232423122,35.1921618728708],[-80.8526972427636,35.1924388735451],[-80.8525182430806,35.1928118734779],[-80.852357243211,35.1931698737981],[-80.8521602428452,35.1935918736487],[-80.8520402427524,35.1938418743864],[-80.8517602422219,35.1944618741239],[-80.8515382425937,35.1949598740853],[-80.8514752424834,35.1951158742111],[-80.8514292426547,35.1952178734964],[-80.8514002423498,35.1952718740996],[-80.8513232433722,35.1954168740471],[-80.8512632427722,35.1955138744161],[-80.8511322418732,35.1957048751342],[-80.851061241945,35.1957818744119],[-80.8509722428876,35.1958518739499],[-80.8506912422812,35.1960128748522],[-80.8501822429543,35.1963038745489],[-80.8500502428538,35.1963918749933],[-80.8499342423456,35.196468875026],[-80.8498812417643,35.1965198748341],[-80.8498522420718,35.1965528743656],[-80.8497932424168,35.1966328747203],[-80.8497412416603,35.1967308744203],[-80.8497082419862,35.1968288746649],[-80.8494262412602,35.1974178748706],[-80.8493322418391,35.1975608748581],[-80.8492382421878,35.1976768747024],[-80.8491662418683,35.1977438755435],[-80.8489872422464,35.1979098744578],[-80.8483102411313,35.198580875551],[-80.8474942414844,35.1993858751486],[-80.8472332417879,35.199633875382],[-80.8466962414877,35.2001578758771],[-80.8465722418195,35.2002718756108],[-80.8462212418947,35.200616875894],[-80.844854241576,35.2019408762433],[-80.8447672412653,35.2020148761421],[-80.8446262405749,35.2019048758463],[-80.843704240777,35.2012408757004],[-80.843414240517,35.2010318761599],[-80.8431642405434,35.2008628762959],[-80.8429322399721,35.2006858756034],[-80.8426112409299,35.2004578751368],[-80.8416632399581,35.199758875369],[-80.8414652399701,35.1996248754732],[-80.8412902394959,35.1994958761918],[-80.8405592390377,35.1989658755586],[-80.8404022397459,35.1988538752337],[-80.8402952397987,35.1987628753836],[-80.8401772398847,35.1986388748135],[-80.8401242388379,35.1985728755639],[-80.8400292396466,35.1984298756649],[-80.839989239649,35.1983548750758],[-80.8399392397187,35.1982368758334],[-80.8397842400039,35.1978188747718],[-80.8397182386949,35.1976858751427],[-80.8396812397238,35.1976208746846],[-80.8395912401753,35.1974958750361],[-80.839546239626,35.1974418743532],[-80.8390302385795,35.196918875058],[-80.8385192385453,35.19640687493],[-80.8383962383592,35.196282875666],[-80.8383612382255,35.1962478747999],[-80.8377572387218,35.1956418746862],[-80.837263238317,35.1951438747134],[-80.8372292386424,35.1951068747559],[-80.8371892391138,35.1950688749842],[-80.8371342389653,35.1950248746927],[-80.8370882382126,35.1949928753058],[-80.8370392378708,35.194962874389],[-80.8369872385764,35.1949358745342],[-80.8369182392067,35.1949058744466],[-80.8368262376382,35.1957028743889],[-80.8367772388495,35.1961798750224],[-80.8366902376432,35.1968888751339],[-80.8365702384714,35.1979518755755],[-80.8364602378744,35.198965875717],[-80.836381238593,35.1997038752119],[-80.8363542384281,35.1998278760613],[-80.8363352385748,35.200027875803],[-80.836294238808,35.2004568764199],[-80.8361522383025,35.2017078761939],[-80.8361122388051,35.2020928757821],[-80.8360822383549,35.2023868760559],[-80.8360332382223,35.202761876188],[-80.836019238321,35.202899876447],[-80.8359952386272,35.203151876348],[-80.8359402381157,35.2035858767657],[-80.8358462392543,35.2044848765923],[-80.8358462389944,35.204614876051],[-80.8358542381658,35.2046788770661],[-80.8359052384188,35.2048968768784],[-80.8359472389485,35.2050858764831],[-80.8361192387078,35.2058598771275],[-80.8361312378753,35.2059528766564],[-80.8361412384376,35.2061398771539],[-80.8361332385357,35.2062628770355],[-80.8356452387398,35.2062848770766],[-80.8354792384273,35.2063608769924],[-80.8352702381251,35.2064208771837],[-80.8351152384508,35.2065078771315],[-80.8350402389719,35.206541877473],[-80.8349942383839,35.2065858776374],[-80.8349852389089,35.2066308779725],[-80.8349372382761,35.2066578768308],[-80.8347262381002,35.2067308780329],[-80.834618237321,35.2067988776067],[-80.8344902377668,35.2067728771597],[-80.8344372386677,35.2067758774448],[-80.8343972383886,35.20680287735],[-80.8343252376684,35.2068938773345],[-80.8342482381203,35.2069438779273],[-80.8339432378253,35.2070908776049],[-80.8336432375393,35.20719187751],[-80.8335772374521,35.207201878167],[-80.8334862375295,35.2072028773383],[-80.833315237615,35.2071538771288],[-80.8332562375175,35.2071228775675],[-80.8331822386118,35.207061877584],[-80.8331302371714,35.2070118775031],[-80.8329912379098,35.2069458776878],[-80.8329012383096,35.2068518772818],[-80.8327912380367,35.2068058774823],[-80.8327082382394,35.2067758770153],[-80.8323672377547,35.2067578770162],[-80.8321182373708,35.2067638773981],[-80.8319162370843,35.2067498778533],[-80.8312922377828,35.2067218769232],[-80.8311852367687,35.2067088773707],[-80.8310082368347,35.2067008776309],[-80.8307372369575,35.2067058774553],[-80.8306802368364,35.2066998771749],[-80.8306192372966,35.2066878776143],[-80.8305152370111,35.206686877702],[-80.8304782368038,35.2066898775249],[-80.8304262374883,35.2066998773308],[-80.8303482369751,35.2067228771012],[-80.8303192369342,35.206722876919],[-80.8302832362989,35.2067168769036],[-80.8301672363954,35.2066528781295],[-80.8300612373678,35.2066618772949],[-80.8297102366661,35.2066968768525],[-80.8289792368467,35.2066048773167],[-80.8281132361215,35.2065818775299],[-80.8279992363455,35.206578878051],[-80.8278572364156,35.2067128782097],[-80.8277392360381,35.2068478778319],[-80.8276362361333,35.2069908779233],[-80.8275582362061,35.2071218773439],[-80.8274902366945,35.2072638777308],[-80.8274432362387,35.2073908778811],[-80.8274062365522,35.2075198781594],[-80.8273752354958,35.2076838779342],[-80.8273622364028,35.2078818780694],[-80.8273652364146,35.2079508779003],[-80.8273702365914,35.2080478779728],[-80.8273902359642,35.2081798776994],[-80.8274112359167,35.2082778784412],[-80.8274612365487,35.2084378781474],[-80.8275262366228,35.2085898783087],[-80.8276262364245,35.2088878780973],[-80.8277102367121,35.2091438787018],[-80.8277482364233,35.2092938785567],[-80.8277842367559,35.2094978786804],[-80.8278322362747,35.2099928782763],[-80.827830236408,35.2101498778065],[-80.8278312356814,35.2101748781457],[-80.8278182358577,35.2103178785683],[-80.8277902364762,35.2104878783714],[-80.8277452370764,35.2106048782028],[-80.8276852359939,35.2107398783497],[-80.8276202366726,35.2108498790471],[-80.8274252359946,35.2111048788156],[-80.8272802365176,35.2113098781479],[-80.827046235524,35.2116098784584],[-80.8267932352865,35.2118988787794],[-80.8264932365065,35.2121738783893],[-80.8259332360741,35.2117548782937],[-80.825700235281,35.2115878788311],[-80.8247312349381,35.2108918787143],[-80.8246112351689,35.2107928791216],[-80.8244702356514,35.2106638783592],[-80.8242492350819,35.2104338784271],[-80.8237942348535,35.209933878327],[-80.8228332350234,35.2089708787911],[-80.8214542339702,35.2075408784662],[-80.821309235101,35.2073908779374],[-80.82059923398,35.2066528775079],[-80.8197552346339,35.2057768778949],[-80.8192792333351,35.2052738782502],[-80.8190062340516,35.204976877425],[-80.8187982328286,35.2047668766508],[-80.8187212332972,35.2046668775258],[-80.8186032329496,35.2045368768531],[-80.8185062333279,35.2044298779473],[-80.8183882328441,35.2043288776487],[-80.8181222334643,35.204064877079],[-80.817525232663,35.2034488776214],[-80.8173342331721,35.2032468767981],[-80.8170282326394,35.2029348768447],[-80.8169322320419,35.2028438771577],[-80.8168002330566,35.2027078774494],[-80.8162772326327,35.202179877149],[-80.8161112321345,35.202020877668],[-80.8157662331772,35.2017108776207],[-80.8155072322959,35.2014978764404],[-80.8152332328019,35.2012968768078],[-80.8147192323963,35.2009518761849],[-80.8141682315298,35.2005938771857],[-80.81345023157,35.2001188769521],[-80.8130302320029,35.1998418770389],[-80.8126252305439,35.1995788757227],[-80.8125692309257,35.1995448765731],[-80.8125252311365,35.1995168772307],[-80.8122812314037,35.1993668758738],[-80.8118682311981,35.1990978762717],[-80.8117702307591,35.1990268770131],[-80.8115852305335,35.198874875901],[-80.8114972312418,35.1987938764143],[-80.811230230365,35.1984968768342],[-80.8111582301423,35.1983988763782],[-80.811046231391,35.1982328761831],[-80.8109142315767,35.1980048762754],[-80.8108282305259,35.1978288761933],[-80.8107302309976,35.1975888757983],[-80.8106542305996,35.1973438764348],[-80.8106102306306,35.1971568759596],[-80.8105782305629,35.1969688762193],[-80.8105542304414,35.1967168760946],[-80.8105532304114,35.1964638761025],[-80.8105652306064,35.1962748758058],[-80.8105892305664,35.1960858761492],[-80.8108602307337,35.1943118750185],[-80.8110022312128,35.1933818757779],[-80.811057229979,35.1929308753104],[-80.8110632303031,35.1926608757632],[-80.8110562309015,35.1924718749475],[-80.8109792302372,35.1915688743247],[-80.8108772300448,35.1906298748343],[-80.809999230388,35.1905988752562],[-80.808616229904,35.1905268747211],[-80.8081432288193,35.1904848747592],[-80.807768228812,35.1904428747048],[-80.8072842293401,35.1903808747299],[-80.8071002287634,35.190371874966],[-80.8064282297824,35.1904028746448],[-80.8059982296254,35.1904348743111],[-80.8055002286109,35.1904658745587],[-80.805148229008,35.1904958742431],[-80.8048292280987,35.1905158745744],[-80.8046312283452,35.1905418752802],[-80.8039552288459,35.1906708745235],[-80.8037542278261,35.1907028755533],[-80.8025242286683,35.190905875948],[-80.8023522276173,35.1909178753876],[-80.8020402271155,35.1909658746255],[-80.8019642271245,35.1909788752752],[-80.8015992274757,35.1910438751951],[-80.8015032278248,35.1909388749488],[-80.8014172278488,35.1908368750006],[-80.8013752279179,35.1907778749251],[-80.8013082268221,35.1906448755286],[-80.8012832274077,35.1905758747609],[-80.8012572275683,35.1904758750337],[-80.8012232270683,35.190299875381],[-80.8011402269251,35.189787875623],[-80.8010792275113,35.1895948750709],[-80.8009922269668,35.1893898744507],[-80.799582226426,35.1897068750816],[-80.7987512266277,35.189917874921],[-80.7985302268482,35.1899818755752],[-80.7983632256161,35.1900358752901],[-80.7981262264509,35.1901228753966],[-80.7978932260483,35.1902248743868],[-80.7974912264877,35.1904338756435],[-80.7974002270094,35.1904848750766],[-80.797217225907,35.1905968758424],[-80.7971042269855,35.1906718758057],[-80.796986226706,35.1905768752079],[-80.7969022265213,35.1905288754376],[-80.7968442260378,35.1905008748063],[-80.7967982254963,35.1904838749781],[-80.7966732267626,35.1904588759626],[-80.7965742265887,35.190454875081],[-80.7965222254741,35.1904568757308],[-80.7964602258638,35.1904648746044],[-80.7963782257353,35.1904808749122],[-80.7958172252739,35.1906178753971],[-80.7942832249315,35.1910098754709],[-80.7940462250654,35.1910698757706],[-80.7938402257944,35.1911078760627],[-80.7937332253134,35.1911118752731],[-80.7937032248537,35.1911088761464],[-80.7936802247144,35.1910998756917],[-80.7936522255557,35.1911248754232],[-80.7935762249434,35.1911788754139],[-80.793138225449,35.191432875388],[-80.7929742243911,35.1915278754646],[-80.7927872251628,35.1916498753036],[-80.7927042254236,35.1917148763401],[-80.7926192247886,35.1917918759401],[-80.7925352248155,35.1918768751109],[-80.792448224616,35.1919788753951],[-80.7920832250979,35.1924708753276],[-80.7920232251864,35.1925368756899],[-80.7919602244112,35.1925978759501],[-80.7919182251643,35.1926328760941],[-80.7918472247801,35.1926818753177],[-80.7917352240624,35.1927498759214],[-80.7916552248468,35.1927988758353],[-80.7915602248824,35.1928658760222],[-80.7915202243136,35.192901876054],[-80.7914352246523,35.1929798755528],[-80.7913722243602,35.1930488764251],[-80.791228224868,35.1932468767601],[-80.7909942242363,35.1935928758869],[-80.7908522244585,35.1938248758001],[-80.7906782243165,35.1941418759105],[-80.7906012247509,35.1942958761193],[-80.7904952246062,35.1942498756126],[-80.7880602242857,35.1929298758957],[-80.7861422230135,35.1918898758978],[-80.7846272219367,35.1910688759476],[-80.7845952228122,35.191050875943],[-80.7810962206829,35.1865268748917],[-80.7807192213061,35.1860398746391],[-80.780495221512,35.1857508752766],[-80.7796862208093,35.1850228747836],[-80.7785122197192,35.1839648749204],[-80.7784612207166,35.1839198744593],[-80.7774952200874,35.183050873517],[-80.7774142195682,35.182983874307],[-80.7764052192942,35.18215887372],[-80.7741042184564,35.1805238745659],[-80.772845218495,35.1796288739067],[-80.772706217809,35.1795298735943],[-80.7725952182047,35.1794508733293],[-80.7719902173107,35.1789808731914],[-80.7716952175858,35.1787508733462],[-80.7702582182515,35.1777928731103],[-80.769658216996,35.1773928735669],[-80.7695952173002,35.177350873489],[-80.7691952176531,35.1770508731968],[-80.7689582175826,35.1768468726087],[-80.7680942170892,35.1761068731195],[-80.7649952154979,35.1734508730707],[-80.7649032153703,35.1732098722491],[-80.7641802155415,35.1706258723522],[-80.7638852153803,35.1695708720686],[-80.7636902148814,35.1692798721004],[-80.7620362149443,35.1678938716816],[-80.7611602142939,35.1671598711469],[-80.75863421309,35.1650608707462],[-80.7576252128144,35.1642228711529],[-80.7568322128811,35.1635628709869],[-80.7559882126115,35.1628618709517],[-80.7549672119984,35.1620088706175],[-80.7548942111487,35.1619518701803],[-80.7536582113656,35.1610248707513],[-80.7522762112783,35.1599888707122],[-80.7518512107539,35.1596718704424],[-80.7516342109987,35.1595098704374],[-80.7509102106468,35.1589048703815],[-80.7501662104699,35.1581668701215],[-80.7498532106492,35.1577388699575],[-80.7496832105926,35.1574848697161],[-80.7495942100893,35.1573518699253],[-80.7489482099196,35.1557358693913],[-80.7487902097964,35.1553418692716],[-80.7481942092896,35.1538518694051],[-80.7463942093957,35.1510518684457],[-80.7460942085488,35.1506518680538],[-80.7458132080592,35.150481868324],[-80.7458302082108,35.1502008682103],[-80.7458622088089,35.1496578685941],[-80.7458542082388,35.14925986828],[-80.7458292083849,35.1490668683297],[-80.745777208581,35.1488418679137],[-80.7456982086155,35.1485878684755],[-80.7456512080473,35.1484628677663],[-80.7455922084158,35.1483358683685],[-80.7455452083077,35.1482388681473],[-80.7455352085024,35.1482218674847],[-80.7454792083093,35.1481228676209],[-80.745419208181,35.1480238687009],[-80.7452632080837,35.1478048682407],[-80.7450302086594,35.1475198677985],[-80.7448782088594,35.1473438674892],[-80.7446872072374,35.1471338675859],[-80.7444312082329,35.146856868098],[-80.7438572084205,35.1462198679493],[-80.7435972082938,35.1459568679464],[-80.7433802078618,35.1457488676602],[-80.7429212076997,35.1453188674012],[-80.7426462069481,35.1450618674145],[-80.7421582076943,35.1445958681138],[-80.7420232075305,35.1444678673191],[-80.7418332079257,35.1442728667722],[-80.7416502076287,35.1440728665875],[-80.7414762076815,35.1438678677125],[-80.7412322062473,35.1435508671388],[-80.7410082076147,35.1432238675167],[-80.7407412068551,35.1427678672799],[-80.7406762074435,35.1426568672783],[-80.7406192059853,35.1425598677117],[-80.7403662065789,35.1420118671315],[-80.739978206363,35.1411608669041],[-80.7396552057411,35.1404318666181],[-80.739236206826,35.1395168665319],[-80.738937205984,35.1388848662279],[-80.7387652066827,35.1385198667367],[-80.7384542052388,35.1377718658209],[-80.7375862060562,35.1361008652376],[-80.7369042048033,35.134775865528],[-80.736675205042,35.1343338659307],[-80.7398682059681,35.1329918651926],[-80.7402622062158,35.1328268648263],[-80.7404612066127,35.1332068649209],[-80.7406062064557,35.1334848656887],[-80.7412342068801,35.1332738653347],[-80.741784207153,35.1330678648523],[-80.7418852061404,35.1330158651895],[-80.742043206687,35.132935865322],[-80.742168206248,35.1328718650979],[-80.7422762064563,35.1328168654565],[-80.7423482074343,35.132779865364],[-80.7424242066619,35.1327408654891],[-80.7425652064844,35.1326178649881],[-80.7426262073059,35.1325648655132],[-80.7427542068863,35.1324108653865],[-80.7427792069227,35.1323768646047],[-80.7429162066067,35.1322018647752],[-80.7429892073435,35.1321368655112],[-80.7430752066979,35.1319668649296],[-80.7432782070249,35.1317718640493],[-80.7434942061706,35.1316098646245],[-80.7435872071656,35.131578864833],[-80.7436652078955,35.1315548643015],[-80.7436382067281,35.1313448645624],[-80.7436392072774,35.1313048643526],[-80.7436112066237,35.1310268647155],[-80.7435592068427,35.1307208645788],[-80.7435472077659,35.1305648642953],[-80.7435342068481,35.1304588640643],[-80.7435212066158,35.1304038646404],[-80.7435012068052,35.1303678640951],[-80.7434592070596,35.1302718646876],[-80.7434442071414,35.130222863711],[-80.7434412069711,35.1301548647359],[-80.7433992069501,35.1298728636967],[-80.7434022074781,35.1298458638797],[-80.7434372067518,35.1295978643004],[-80.7434012066831,35.1295838641419],[-80.7428442061647,35.1293798643366],[-80.7427622061997,35.1293178636977],[-80.742094207332,35.1290948640829],[-80.7422282066972,35.1288638646061],[-80.741892207079,35.1286768642669],[-80.7417732066568,35.1286018640538],[-80.7419712062306,35.1278518636204],[-80.7419982062694,35.1277498630859],[-80.7420542058671,35.1275418633452],[-80.7420762060064,35.1272728635803],[-80.7430702070777,35.1274868640825],[-80.7429342071153,35.1279278636811],[-80.7428162065437,35.1280658632329],[-80.7432052069511,35.1282458634465],[-80.7432722059733,35.1281968640464],[-80.7433252071846,35.1281838634601],[-80.743408207325,35.1281938638858],[-80.743458206732,35.1282198635974],[-80.7435612067163,35.1281548637723],[-80.7436422070276,35.1280898639841],[-80.7437782076602,35.1279868633294],[-80.7441662069421,35.1276968640274],[-80.745997207885,35.1280548641713],[-80.7470022074514,35.1282768630366],[-80.7480752086327,35.1284888635062],[-80.7481092083992,35.1275838638383],[-80.7481632078004,35.1261668635389],[-80.7481662078459,35.1261138636325],[-80.7484142083503,35.1261378626011],[-80.7493092089058,35.1262258630771],[-80.749392208721,35.1260418628349],[-80.7491242078397,35.1258768629438],[-80.7489302082405,35.1257358634322],[-80.7487532082287,35.1255928630085],[-80.7487212089684,35.1255638631212],[-80.7486772083559,35.1255218633992],[-80.74859820825,35.1254378625642],[-80.7484622080157,35.125272863015],[-80.7483542076526,35.1251208624729],[-80.7482302078537,35.1249208631288],[-80.7480812076935,35.1246498623695],[-80.7477402082851,35.123987862166],[-80.7475072077558,35.1235298632101],[-80.7473112068202,35.1231458627161],[-80.7475172075375,35.1231658626704],[-80.749510208019,35.1233648622296],[-80.7504112083165,35.1236868624719],[-80.751493208168,35.1240098629935],[-80.7515022085723,35.123954862733],[-80.7515022087674,35.123830862281],[-80.751511208373,35.1237868626734],[-80.7514972087891,35.1237008628208],[-80.7514962092334,35.1236538624311],[-80.75153920948,35.123443862535],[-80.7515342085026,35.1233928619727],[-80.7515142082887,35.1233398626892],[-80.7514892088408,35.1232998623802],[-80.7514692090118,35.1232088625797],[-80.7514632086951,35.1231618625558],[-80.7514662088258,35.123124862631],[-80.7515002090083,35.1230528623656],[-80.7514992094593,35.1230128621363],[-80.7514672093491,35.1229158629292],[-80.7514152085717,35.1228208631349],[-80.7513702087719,35.1226918618817],[-80.7513132084595,35.122471862031],[-80.7512842085825,35.1223548619613],[-80.7512622088958,35.1222958615965],[-80.7512382087722,35.1222298621106],[-80.7512112090468,35.1221348622697],[-80.7511922090198,35.1220148626996],[-80.7511912094649,35.1219798628403],[-80.7512102089721,35.1219528625643],[-80.7512312095675,35.1219338621892],[-80.7512842089175,35.1218858617342],[-80.75133220872,35.1218538617215],[-80.751366209029,35.1218248614587],[-80.7513832089202,35.1217888622368],[-80.7513842091708,35.1217458621774],[-80.7513762086723,35.1216938619121],[-80.7513612090337,35.1216468625061],[-80.7513462086609,35.1215758620268],[-80.7513252091879,35.1213838620592],[-80.7513122089263,35.1213138622278],[-80.7513052088035,35.12116086168],[-80.7512932088845,35.1210478617822],[-80.7513042090949,35.1208338618574],[-80.751287209159,35.1207358616338],[-80.751229209125,35.120655861494],[-80.7511732088282,35.1205938620052],[-80.7511052084848,35.1204938619045],[-80.750974209409,35.1203158625233],[-80.7509412089011,35.1202628613233],[-80.7509202082879,35.1202068614245],[-80.7509052081603,35.1201918622118],[-80.7508562091912,35.1201648620175],[-80.7508412084476,35.1201488620094],[-80.7508272081402,35.1201198623911],[-80.7508182085344,35.1200608619735],[-80.7508112082762,35.120040861841],[-80.7507292082551,35.1199628619546],[-80.7507222084433,35.11993286196],[-80.7507212085674,35.1198738619126],[-80.7507122087974,35.1198428621535],[-80.7506882086916,35.1198088609956],[-80.7506622086068,35.1197808620382],[-80.7505942090606,35.1197388618638],[-80.7505352089767,35.1196238615381],[-80.7505182081587,35.119452861678],[-80.7505322086079,35.1193128619522],[-80.7505382086225,35.1191768623248],[-80.7505622082436,35.1190178621468],[-80.7505692084537,35.1189488617214],[-80.7505792085658,35.1188688613546],[-80.7506082088448,35.1187798615919],[-80.7506332083059,35.1186678618028],[-80.750672209097,35.1185978611677],[-80.7507282089814,35.1184628617168],[-80.7508162094353,35.1183378608405],[-80.7508002078623,35.1182998614117],[-80.7508102082185,35.1182828616181],[-80.7508482083944,35.1182508615177],[-80.7508682080653,35.1182418611182],[-80.7508812086052,35.1182268609035],[-80.7508842079497,35.1181618612134],[-80.7509372083578,35.1181368620356],[-80.7509592082891,35.1181418609146],[-80.7509992083443,35.1181268615526],[-80.7510222081551,35.1180738610222],[-80.751041208345,35.1180528610102],[-80.7510722085061,35.1180578619492],[-80.7511032085241,35.1180538611205],[-80.7511442086824,35.1180238605051],[-80.7511582085823,35.1179908611826],[-80.750805208744,35.1180288615281],[-80.7489252075165,35.118444861486],[-80.7482592082108,35.1185978614986],[-80.7479972079895,35.1186528620155],[-80.7473462072351,35.1187778610657],[-80.7470812076881,35.1188438621275],[-80.7467122081238,35.1189248617843],[-80.7466472070136,35.1189388615439],[-80.7465972067519,35.1188508616392],[-80.746452207274,35.1185968614762],[-80.7464372069845,35.1185698620908],[-80.7463372070935,35.1184438613076],[-80.7462292074242,35.1183108614136],[-80.7460172074975,35.1182248611526],[-80.7458702064936,35.1181918613712],[-80.7458262072305,35.1181818617559],[-80.7456012067277,35.118132861712],[-80.7454402061153,35.1178528608184],[-80.7453992068168,35.1177368613743],[-80.7453362074569,35.1175448614194],[-80.7448512068586,35.1174128615597],[-80.7447572061253,35.1173788613974],[-80.7445282062016,35.1173168617291],[-80.7446452065264,35.117136861811],[-80.7442022055981,35.1171378617564],[-80.74384220687,35.1155258605239],[-80.7442442066951,35.1153308611948],[-80.7442872059747,35.1153148614202],[-80.7446252068256,35.1151818613899],[-80.7448462060304,35.1151028614156],[-80.7451232064829,35.1150198612006],[-80.7454512065958,35.1149328604959],[-80.7456162068846,35.1148968603397],[-80.7459602066768,35.1148298611506],[-80.746284206225,35.1147848610697],[-80.7464622071375,35.1147638604729],[-80.7469492072936,35.1147288612906],[-80.7472882071131,35.1147188605977],[-80.749244207945,35.1146908607931],[-80.7515402079481,35.1146578602613],[-80.7516402083228,35.114656860164],[-80.7519182083127,35.1146438603224],[-80.752195208668,35.114618860262],[-80.7526172091919,35.1145668603991],[-80.7529422090084,35.114510860581],[-80.7532622089848,35.1144358604913],[-80.7536902092775,35.1143138608963],[-80.7538002093958,35.1142838602021],[-80.7540212097034,35.1142148602499],[-80.7543192091152,35.114115860995],[-80.7545352095758,35.1140388604975],[-80.7547542092802,35.1139548600423],[-80.7556552101069,35.1136348597158],[-80.7565452098462,35.1132738607763],[-80.7573742096772,35.1128808605097],[-80.7582492101001,35.1124428602978],[-80.7586142104952,35.1122538598025],[-80.7587202100972,35.112194859874],[-80.7591522106383,35.111922859965],[-80.759578210887,35.1116448599239],[-80.7601882109083,35.1112298600812],[-80.7609962107412,35.1106348588948],[-80.761230210924,35.1104618595302],[-80.7612992108786,35.1104108594543],[-80.7616202118656,35.1101758592944],[-80.7636832118741,35.1086618588729],[-80.7638462115691,35.1085398587929],[-80.7647442120547,35.1078778584532],[-80.7656422121817,35.1072128586926],[-80.7661102128768,35.1068678577994],[-80.7666952121803,35.1064508587074],[-80.7671472129581,35.1061218579417],[-80.7675762132243,35.1058108584059],[-80.7678142126908,35.1056368576814],[-80.7682692129505,35.1053078582417],[-80.7684662138725,35.1051658581092],[-80.7689042134059,35.1049208586699],[-80.7690642134728,35.1048428583439],[-80.7695622141617,35.1046028580219],[-80.7699422127098,35.1044118569473],[-80.7708352140358,35.1039658577638],[-80.7713782141103,35.1037448571317],[-80.7723342132862,35.1033318579891],[-80.7728932139894,35.1030918573304],[-80.7733592147072,35.102876857405],[-80.7735972145682,35.1027678574196],[-80.7743462150335,35.1023478571991],[-80.7744572149569,35.1022798570218],[-80.7746462138869,35.1021638569029],[-80.7749012146611,35.1020098568662],[-80.7749822149752,35.101956857373],[-80.7760832152143,35.1012478573924],[-80.7763672152111,35.1010688566404],[-80.7771352156602,35.1005828568464],[-80.7773942146264,35.1004498563083],[-80.7776252153672,35.1003448570115],[-80.7778822157853,35.10024385644],[-80.7781852152922,35.1001418562019],[-80.7784372152007,35.100070856595],[-80.7785212160292,35.1000508568379],[-80.7787442162478,35.1000198559483],[-80.7791462159343,35.0999558566354],[-80.7795592160943,35.0998778566467],[-80.7799682159145,35.0997878567524],[-80.7803732163048,35.0996858560749],[-80.78077421593,35.0995728563777],[-80.7811692168281,35.0994488556061],[-80.7815592162621,35.0993128563342],[-80.781943216696,35.0991658560974],[-80.7821512172533,35.099079856401],[-80.7821882162196,35.0990648564782],[-80.7832982167346,35.0985138564024],[-80.7838972169988,35.0982108557254],[-80.784127216721,35.0980948559889],[-80.7856272183685,35.0973368561103],[-80.7864842176667,35.0969158554005],[-80.7874022175172,35.096463854775],[-80.7878692177229,35.0962348553526],[-80.7888512177992,35.0957378550959],[-80.789590219326,35.0953528548761],[-80.790953218641,35.0946668547235],[-80.7912062191982,35.0945398545466],[-80.792197220127,35.0941018550118],[-80.7931102191435,35.0937388540977],[-80.7937402196408,35.0935148549923],[-80.7939232195253,35.0934498540907],[-80.7939952195715,35.093424854431],[-80.7953732203526,35.0930378543741],[-80.796664220216,35.0927498549002],[-80.7976412201984,35.0925948546891],[-80.8007142222984,35.092102853603],[-80.8021982219854,35.0918638539669],[-80.802515222697,35.0918138538342],[-80.8027492218763,35.0917658538014],[-80.8030562225357,35.0916858537108],[-80.8032812232039,35.091614853863],[-80.803501223075,35.0915348533643],[-80.8037162230603,35.0914448541227],[-80.803982222058,35.0913248537037],[-80.8042962223388,35.0911418536008],[-80.8046772228445,35.0908748536409],[-80.8051512231208,35.0904718542826],[-80.8058502234491,35.0896258534228],[-80.8061942231622,35.0892498536014],[-80.8066082229625,35.0888848531261],[-80.8069322237254,35.0886468536683],[-80.8072572230501,35.0884658530065],[-80.8075752231672,35.088297852243],[-80.8080152239585,35.0881278527634],[-80.808413223808,35.0880058523517],[-80.8084942240864,35.0879818532823],[-80.8089372239845,35.0879028531149],[-80.8091352249789,35.0878688527831],[-80.8098982250823,35.0877608529828],[-80.8104182248549,35.0876888521256],[-80.8113692249843,35.0875638524637],[-80.8118832254965,35.0874958528385],[-80.8120152252055,35.0869608516897],[-80.8120322249186,35.0865838523362],[-80.8120022247291,35.0862768522639],[-80.8117652247823,35.0854298527475],[-80.8115832252981,35.0846248524617],[-80.8115962246473,35.0841388525665],[-80.8116732250661,35.0837848525495],[-80.811859224828,35.0833338522339],[-80.8120982243353,35.0829938514439],[-80.8122612243913,35.0828068509504],[-80.8126012252508,35.0825018511167],[-80.8129552256744,35.082261851574],[-80.8129992249571,35.0822318518269],[-80.8139342259206,35.0818598514668],[-80.8150852257235,35.0813568509532],[-80.8154582256145,35.0811348514935],[-80.8157612262713,35.0808828512359],[-80.8160552259432,35.0805668514738],[-80.8163292263888,35.0801468508283],[-80.8164572259029,35.0798888505935],[-80.8165132258092,35.0797028513808],[-80.8165482257299,35.0795198504281],[-80.816584225894,35.0789278506906],[-80.816680226559,35.0778568505513],[-80.8167402255007,35.077006849473],[-80.8168082262687,35.0766888505746],[-80.8169522260448,35.0763608494311],[-80.816968226241,35.0763358506865],[-80.8170892267391,35.0764458504022],[-80.8172002258801,35.0765388496426],[-80.8173852268305,35.0766448500221],[-80.8175642252891,35.0766528499111],[-80.8177692259853,35.0767278507124],[-80.8178992261826,35.0768028506607],[-80.8179902268001,35.0769048492557],[-80.8181972255779,35.0771058496751],[-80.8182392258438,35.0771978501933],[-80.8182052266272,35.0773178494317],[-80.818277226285,35.0774098508068],[-80.8184462270704,35.077445850546],[-80.8185612263687,35.0774528508709],[-80.8187502261788,35.0774268501462],[-80.8189682261127,35.0773858499512],[-80.8192422263926,35.0773108507138],[-80.8193052270988,35.0773118507915],[-80.8194132267302,35.0773768497089],[-80.8196382269324,35.0774108507552],[-80.8197602274312,35.0774038502429],[-80.8199612270213,35.0773548500018],[-80.8201852266755,35.0772398501896],[-80.8203072266958,35.0772058496839],[-80.820417226559,35.0771918506092],[-80.8205972270912,35.0771858501718],[-80.8207652265862,35.077147850201],[-80.8208892266832,35.0770818496841],[-80.8209882270026,35.0770428495423],[-80.8211692274867,35.0770168502378],[-80.8213862276387,35.07692884949],[-80.8215132271039,35.0769178505747],[-80.8219372280487,35.0768018506288],[-80.8221522275312,35.0768168498727],[-80.8222282278883,35.0768728503203],[-80.8223132278928,35.0769328497906],[-80.8225362279964,35.076720850129],[-80.8230132278593,35.0762688500326],[-80.8232042274958,35.0760628493294],[-80.8232592279893,35.0759898501266],[-80.8233172273747,35.0758938499809],[-80.8233782280979,35.0757488492995],[-80.8233962279658,35.0756948499354],[-80.8234312276524,35.0755448501028],[-80.8235332273652,35.0749058490611],[-80.8235802275812,35.0746958498284],[-80.8236912278079,35.0743578488946],[-80.8237472280389,35.0742028495333],[-80.8239172285879,35.0737948494858],[-80.8242782280135,35.0729788495422],[-80.8244442286649,35.0725568489504],[-80.8244952278673,35.0723978484472],[-80.8245402277822,35.0722438488855],[-80.8245592276691,35.0721388484979],[-80.8245702274253,35.072034849002],[-80.8245662272485,35.0718478489011],[-80.8245592282629,35.0717528483345],[-80.8245222284531,35.0715638484881],[-80.824487227251,35.0714168481761],[-80.8243102276455,35.0708858482284],[-80.824186228132,35.0705328479235],[-80.8240052272133,35.0700278480545],[-80.8237482277935,35.0692748487517],[-80.8236812272214,35.0690438474041],[-80.8236452270484,35.0689358477681],[-80.8233102267279,35.0679338479421],[-80.8232222271531,35.0676668482906],[-80.8228182273883,35.0664408471163],[-80.8226282274513,35.0658808478605],[-80.8224642263741,35.0655428470529],[-80.8223662265041,35.0653528477939],[-80.8221382276436,35.0649838478065],[-80.8220272268767,35.0648168468835],[-80.8218662270983,35.0646178466892],[-80.8212292263606,35.0638808468094],[-80.8210012267545,35.0636178473968],[-80.822855227379,35.0635138472999],[-80.823698226643,35.0634788476694],[-80.8245572266396,35.0634278469186],[-80.8254622274661,35.0634008465987],[-80.8259112272981,35.0634008465531],[-80.8268562280189,35.063421847031],[-80.8272012281245,35.0634418463125],[-80.8276742291695,35.0634788465882],[-80.8281552281786,35.0635228468332],[-80.8285552288946,35.0635678466557],[-80.8290512289782,35.0636338468943],[-80.8296222283782,35.0637238470171],[-80.8303652294881,35.0638518464773],[-80.8333002305926,35.0643998466314],[-80.8336962298865,35.0644698476296],[-80.8341782306587,35.0645618471691],[-80.8348972306933,35.0646808471408],[-80.8354212306609,35.0647558467768],[-80.835949230874,35.0648208472636],[-80.8363452307685,35.0648628464607],[-80.8369662307241,35.064922846546],[-80.8372632306963,35.0649398463537],[-80.8381232316529,35.0649788464363],[-80.8384892321907,35.0649968465561],[-80.8407292332928,35.0650038467346],[-80.8456342342853,35.0650298464385],[-80.8458492339706,35.0650298457942],[-80.846531234615,35.0650318461877],[-80.8466832344028,35.0650318465086],[-80.8509082351095,35.0650378467711],[-80.8522242362634,35.0650398469485],[-80.8523192358132,35.0650398464164],[-80.8540242359136,35.0650448462213],[-80.855434236796,35.0650418459563],[-80.8567542374452,35.0651548464119],[-80.8577972379928,35.0652878462909],[-80.8581102374901,35.0653448466764],[-80.858190237429,35.0653588458773],[-80.8582442375497,35.0652538461877],[-80.8582582381006,35.06513584648],[-80.8583052378568,35.0650958465912],[-80.8583982374673,35.0649888462468],[-80.8584772369258,35.0649218454079],[-80.8586192373175,35.0648678455333],[-80.8588252380624,35.0647728460885],[-80.8589652379983,35.0646258460597],[-80.8590422384494,35.064506846353],[-80.8591042372811,35.0644128457277],[-80.8592582383421,35.064147846384],[-80.859316238336,35.0638848456812],[-80.8593132386481,35.0637798460401],[-80.8593252381259,35.0635688455225],[-80.8593502384409,35.0632928464252],[-80.8593642372243,35.0632008454206],[-80.8594592371411,35.0631328454744],[-80.8595532377774,35.0630788453177],[-80.8596652380716,35.0630648450789],[-80.8599522382491,35.0630598456342],[-80.8601262374409,35.0629788462141],[-80.8603152382878,35.0628438450024],[-80.8608162386808,35.062376845618],[-80.8608932379222,35.0622468455062],[-80.8609392386702,35.0621648451834],[-80.8609212381897,35.0620728458397],[-80.8608872378773,35.0620078448735],[-80.8607582383481,35.0619568455928],[-80.8607092380384,35.0618918449665],[-80.8606422383972,35.0617748454006],[-80.8606562376974,35.061682846],[-80.8606862384727,35.0615898452846],[-80.8607642386684,35.0614968449503],[-80.8608892375979,35.0613768453041],[-80.8609822384149,35.0612698454952],[-80.8611242383345,35.0611628448684],[-80.861186238474,35.0611098452561],[-80.8614412383193,35.0610788443576],[-80.8615852387018,35.0610768456203],[-80.8617922386542,35.0610478446698],[-80.861964237992,35.0609268448878],[-80.8621032379978,35.060752844969],[-80.8622272389786,35.0606758451108],[-80.8622622379057,35.0606458458123],[-80.8623582378132,35.0605788451102],[-80.8623892388655,35.0605788447089],[-80.8628222392546,35.0606768453979],[-80.8630162392642,35.0607398455443],[-80.8632552396381,35.0607358448692],[-80.8632862387929,35.0606958446651],[-80.8633202381477,35.0606668441754],[-80.863334239016,35.0606508447985],[-80.8633472391428,35.060576844626],[-80.8633772384808,35.0604848449254],[-80.863393239403,35.0604578452747],[-80.863407238687,35.0604048451736],[-80.8634542390684,35.0603518450783],[-80.8635172384561,35.0602978451134],[-80.8635652394323,35.0602978443553],[-80.8637412387341,35.0603338447021],[-80.8637742389433,35.0603728443217],[-80.8638232391939,35.0604118448505],[-80.8638892392433,35.0605158447354],[-80.8638762387317,35.0606348451026],[-80.8638782385688,35.0606998452572],[-80.8637232392004,35.0609128451206],[-80.8636322399297,35.0611238451114],[-80.8636332385201,35.0611768445203],[-80.86370023901,35.061320844894],[-80.8638482392173,35.0615018450667],[-80.8639982393943,35.0617628449484],[-80.8641122393538,35.0618788455727],[-80.8641942397402,35.0619438446911],[-80.864307238577,35.0620208446851],[-80.8644162393221,35.0620568445822],[-80.8645162401157,35.0620828453092],[-80.8646762391277,35.0620938454606],[-80.8648792389311,35.0621158447884],[-80.8649972395279,35.0621408448401],[-80.8650772391025,35.0621528459242],[-80.8651742390023,35.0621778447641],[-80.8652402400758,35.0622058452939],[-80.8653512396085,35.0622538450042],[-80.8654332402677,35.0623318449951],[-80.8655152401577,35.0624218458194],[-80.86559723895,35.0624998457313],[-80.8656712401589,35.0625338454583],[-80.8657102398834,35.0625508455156],[-80.8658062403756,35.062562845881],[-80.8658862404989,35.0625878454238],[-80.8659962391476,35.0625928453117],[-80.866078239535,35.0625978451088],[-80.8662402404784,35.0626738451109],[-80.8662892401215,35.0627258454778],[-80.866337239657,35.0627508453387],[-80.8664502399245,35.0627628447568],[-80.8666732403089,35.062758845844],[-80.8668832398811,35.062665845251],[-80.8670222396559,35.0626468447778],[-80.867150240127,35.0626598459005],[-80.8673422403562,35.0626568454646],[-80.8674072396253,35.0626818452251],[-80.8675182405884,35.0626808449164],[-80.8675672402835,35.0626928451498],[-80.8676302407123,35.0626788453543],[-80.8677092403872,35.0626118455164],[-80.8677812405761,35.062581845583],[-80.8678662401706,35.0625178454458],[-80.8681512401753,35.062394844847],[-80.868231240073,35.0623938448453],[-80.8683302407865,35.0624078444095],[-80.8684242402412,35.0624688446584],[-80.868490240398,35.0625468450174],[-80.8685162410414,35.062650844843],[-80.8685122405852,35.0627828452337],[-80.8684682400035,35.0629678457449],[-80.8684252399892,35.0632048456856],[-80.868431239868,35.0634548454121],[-80.8683692397334,35.0635208459738],[-80.868179239947,35.0636028452392],[-80.8681012408526,35.0637098457412],[-80.8679782399107,35.063894845864],[-80.8677602400488,35.0641618459813],[-80.8676832396783,35.0642938459417],[-80.86759024,35.0644138454312],[-80.8675612407847,35.0645588464658],[-80.8675012403221,35.0647308462045],[-80.8675232410535,35.0649098463944],[-80.8676592411394,35.0653458457058],[-80.8676662402562,35.0654268456789],[-80.8676472398358,35.0655038451505],[-80.8675772403127,35.0655358463086],[-80.8674982402347,35.0655628454845],[-80.8674232406448,35.0656048455835],[-80.8674062408837,35.0656178460613],[-80.8673822410402,35.0656548465658],[-80.8673802407334,35.0657518465641],[-80.8674432404421,35.0658338467097],[-80.8675232412195,35.0658798453859],[-80.8676342404066,35.065913845967],[-80.8677522403441,35.0659268461546],[-80.8678792397116,35.0659138451434],[-80.8680232399679,35.0658718464568],[-80.8681942407891,35.0658908461291],[-80.8683282413658,35.0659398460257],[-80.8684652405482,35.0660198456634],[-80.8685452406626,35.0660768455399],[-80.8687502406783,35.0662348457622],[-80.8690212404404,35.0663198465647],[-80.8693712401119,35.0663498458771],[-80.8694392404789,35.0663538457192],[-80.8697442402988,35.0663778460654],[-80.8699372415999,35.0664138456754],[-80.8701452415991,35.0664238454568],[-80.8703052416302,35.0664218455816],[-80.8704322410183,35.066392845825],[-80.8705432415395,35.0663518458917],[-80.8706532408203,35.0662588464259],[-80.8708862411813,35.0659918457551],[-80.8709482409681,35.0658858460864],[-80.8711052414372,35.0657788455675],[-80.8713262416889,35.0656568457622],[-80.8714052418289,35.0656288459426],[-80.871533241836,35.0656008456423],[-80.8717252408294,35.0656378452197],[-80.8718552422735,35.065726846075],[-80.8719042418869,35.0657788460335],[-80.8719852416953,35.0658168458473],[-80.872065241598,35.0658288459695],[-80.8721452415869,35.0658278461296],[-80.8722082415517,35.0658008458776],[-80.8722222416811,35.0657088458739],[-80.8722202417942,35.0656298459565],[-80.8721532423646,35.065485845566],[-80.8720532424068,35.0652908459371],[-80.8719372416908,35.0651348452091],[-80.8718202419639,35.0649128450694],[-80.8716422418717,35.0647848456706],[-80.8714142414483,35.0646038452473],[-80.8712522419672,35.0645018450184],[-80.8710882418328,35.0643328455448],[-80.8707952410231,35.0640878455672],[-80.8704382417714,35.0638698453255],[-80.8703712413782,35.0637268457315],[-80.8703352406296,35.0635698456725],[-80.8701372411943,35.063270845168],[-80.8698742409684,35.0629728448745],[-80.8697742409049,35.0627768444168],[-80.8696752406059,35.0626338450763],[-80.8696562414638,35.062528845315],[-80.8696542408498,35.0624498453789],[-80.8697012403937,35.0623708448213],[-80.8697462411243,35.0622518449008],[-80.8699182409161,35.0620778449178],[-80.8702412416097,35.0615478443766],[-80.8703172415183,35.061388844874],[-80.870282241282,35.0612578453254],[-80.8702792406803,35.0611138441913],[-80.8702432410309,35.0609298452217],[-80.8703512405,35.0607708449146],[-80.8704032413955,35.0607178448196],[-80.8704292407673,35.0606908443671],[-80.8705082406467,35.0606238444181],[-80.8705392417267,35.060583844069],[-80.8706022411554,35.0605698445052],[-80.8707752416129,35.0604228454619],[-80.8709492415729,35.0603808452223],[-80.8710462419099,35.0604318445734],[-80.8711432418401,35.060455845006],[-80.8714012413192,35.0605438440801],[-80.8715772414894,35.0605808446963],[-80.8719142423979,35.0606418443171],[-80.8722822421064,35.0606358451804],[-80.8730012412558,35.060637844774],[-80.873112242588,35.0605968450043],[-80.8735902419322,35.0605498449202],[-80.8737652419596,35.0605078440175],[-80.8741482421093,35.0605018443778],[-80.8743242424227,35.060485844102],[-80.8745312419061,35.0604828445078],[-80.8765342425662,35.0599838444058],[-80.8765412427108,35.0600238443935],[-80.8765592428313,35.0601168443296],[-80.8766552428387,35.0607608445684],[-80.8767942432518,35.0617548441804],[-80.8769522426519,35.0628858453445],[-80.8770362434564,35.0634498448156],[-80.8773562437273,35.0657228460845],[-80.8774232432842,35.0661588460424],[-80.877502243296,35.0667278458424],[-80.8775832434126,35.0673068461699],[-80.8776212434065,35.067574845338],[-80.8776902439966,35.0680138462164],[-80.8777392437627,35.0684168461778],[-80.8777792438024,35.0686978465493],[-80.8778232439991,35.0689638462304],[-80.8778652432669,35.0692178463662],[-80.8778862440765,35.0693158459001],[-80.8779542429206,35.0695738461256],[-80.8780472440072,35.0698708466488],[-80.8780922438556,35.0699928469902],[-80.8781512437305,35.0701508467986],[-80.8786192446182,35.0713108467288],[-80.8787862437466,35.0717238459769],[-80.8788752445669,35.0719348470242],[-80.8789782442602,35.0721788467425],[-80.877351243231,35.0728468471717],[-80.8745942435342,35.0761068480389],[-80.8745372432133,35.0762478484398],[-80.8740542429483,35.0774518479904],[-80.8736652429355,35.0782658486435],[-80.8735192433582,35.0785728479454],[-80.8734962431192,35.0786198486375],[-80.8734332424243,35.0787518484517],[-80.8728622419511,35.0799578488182],[-80.8726372430945,35.0804278486008],[-80.8725062432347,35.0807038488969],[-80.8718552421929,35.0805278490096],[-80.8709872420162,35.0820718492389],[-80.8697632426668,35.0842538492412],[-80.8696762424961,35.0844058499143],[-80.8692792418081,35.0847528502648],[-80.8692222419178,35.0848038494861],[-80.8691102418317,35.0846608507023],[-80.8686682413507,35.0848938503594],[-80.8685952419745,35.0849508502454],[-80.8686292416008,35.0849988495739],[-80.8687672412393,35.0851578499986],[-80.8690032411738,35.0853998506814],[-80.8691952424598,35.0855968503121],[-80.8698902418289,35.0863098498688],[-80.870083241941,35.0865008502727],[-80.870343242208,35.0867568507125],[-80.8704642429308,35.0868928510919],[-80.8705712430067,35.0870378502239],[-80.8706622423042,35.0871858507512],[-80.8707242432179,35.087315850151],[-80.8707722418721,35.0874578509045],[-80.8708132425959,35.0876068504012],[-80.8708372426668,35.0877608504946],[-80.870838242556,35.0879328502429],[-80.8708312425505,35.0879998505992],[-80.8708012426378,35.0882888506771],[-80.870742242487,35.0886508506042],[-80.8707302427924,35.0887248503037],[-80.8707052431944,35.0888808510318],[-80.8706502432809,35.0892178513013],[-80.8706112427207,35.0893348510728],[-80.8704632418902,35.0893208509027],[-80.8701192426024,35.08928785078],[-80.8700612429062,35.0892818514079],[-80.8699412426261,35.0892628510735],[-80.8698162425017,35.0892438513978],[-80.869521241819,35.0891898508375],[-80.8694962417723,35.0891848514632],[-80.8694322426874,35.0891718505527],[-80.8692612420217,35.0891358505695],[-80.8689792422312,35.0890638508532],[-80.8685392422034,35.088936850894],[-80.8655312411374,35.0881148505183],[-80.8648062400969,35.0879158508033],[-80.8643952404529,35.0878198508373],[-80.8641572405199,35.0877688505281],[-80.8635692403422,35.0876618507559],[-80.8633982401667,35.0876368506769],[-80.8630542406426,35.0875968509822],[-80.8626402407419,35.0875628512199],[-80.862592239681,35.0875598507045],[-80.8622752394784,35.0875468512398],[-80.8619662404444,35.0875438511926],[-80.8586602387062,35.0875908503095],[-80.8580022386763,35.0875998510085],[-80.8575402382359,35.0876038515276],[-80.8574432377382,35.0876938512413],[-80.8573112384235,35.0878158509885],[-80.856867238574,35.0880778511956],[-80.8567512385683,35.0880348513132],[-80.8562192385575,35.0883188505646],[-80.8558622383627,35.088551851853],[-80.8555902382955,35.0887438512972],[-80.855390237877,35.0888518508016],[-80.8552012379765,35.0889718512918],[-80.8548592376695,35.0891888512056],[-80.8544592376789,35.0894158509668],[-80.854328237315,35.0894908520828],[-80.8542022378895,35.0895758511788],[-80.85395323719,35.0898308509155],[-80.8544262378565,35.0904448517769],[-80.8550262378209,35.0911958525538],[-80.8553672383061,35.0914468516493],[-80.8563302384943,35.0919898515419],[-80.8566952393274,35.092230852155],[-80.8571762388123,35.0927528516264],[-80.8579062390306,35.0935728523867],[-80.8580722393602,35.093783851691],[-80.8582012394438,35.0939648518217],[-80.8584112395598,35.0943588519664],[-80.858913239753,35.0952928519615],[-80.8594572393843,35.0963588524382],[-80.8595422393288,35.0965498524855],[-80.8596792395403,35.0969968529874],[-80.8596952395451,35.0971898521966],[-80.859690240317,35.097325853058],[-80.8599662392713,35.097457853086],[-80.8604062400499,35.0973228529936],[-80.8610652393598,35.0971218533975],[-80.8632912405149,35.0970328524988],[-80.8636172401488,35.097139852986],[-80.8639052409371,35.0972338531515],[-80.8642932408976,35.0973088523963],[-80.8646962402932,35.0973858521792],[-80.8647492415275,35.0973068526469],[-80.8649342412136,35.0970348529434],[-80.8651632414285,35.0966998520455],[-80.865276241647,35.0965328524525],[-80.8652892417023,35.0965138524742],[-80.8653302410016,35.0964548524709],[-80.8663512412371,35.0967528529398],[-80.8668312424827,35.0968928523945],[-80.8668992413971,35.0967278524187],[-80.8670472426719,35.0963738526388],[-80.8670742417217,35.0962388527988],[-80.8671502418236,35.0961078524383],[-80.868530242561,35.0954988522744],[-80.8699792429586,35.0963028525423],[-80.8700652426867,35.0963138526523],[-80.8706172432158,35.0963718522552],[-80.8709382428327,35.0963988520368],[-80.8721062438924,35.0965148522444],[-80.8733932440459,35.0966428526786],[-80.8745342434825,35.0964948518781],[-80.8750432435076,35.0964258524273],[-80.8760222446734,35.0963038519991],[-80.8763732447624,35.0962488520827],[-80.8763772442578,35.0962578514451],[-80.8764312446825,35.0963998523613],[-80.8765002451317,35.096576851847],[-80.8765832448228,35.0967718523462],[-80.876683245206,35.0969918526211],[-80.8767722449771,35.0971718529121],[-80.8768972453003,35.0973878525398],[-80.8771032443521,35.0977448524036],[-80.8771852445519,35.0978778531068],[-80.8772862454778,35.0980428525196],[-80.8773792445296,35.0981728527773],[-80.8774472455567,35.0982698528674],[-80.8775862453767,35.0984608525536],[-80.8776552453946,35.0985498520592],[-80.877778244812,35.0987068523217],[-80.8779452457259,35.09891385318],[-80.878071245695,35.0990708533836],[-80.8784082456962,35.0994508525307],[-80.8789202452201,35.0999568522223],[-80.8800132458124,35.1008428532403],[-80.8809432460184,35.1014748534299],[-80.8820152458036,35.1020028530428],[-80.8828792461184,35.1024038528676],[-80.8829232463301,35.1024208535381],[-80.8828862474298,35.1027238529177],[-80.8828672473714,35.1028828535004],[-80.8828602467411,35.1029398535622],[-80.8828372469158,35.1031378530095],[-80.8827862463492,35.1035648534532],[-80.8826302471781,35.1048718531594],[-80.8826482471029,35.1050318539029],[-80.8830942472014,35.1090478544878],[-80.8833342482807,35.1101838544745],[-80.8830412478679,35.1100768551708],[-80.8828232472954,35.1098588544628],[-80.8824912478572,35.1096428545904],[-80.8820602470832,35.1095218542845],[-80.8823922473863,35.110643855314],[-80.8825482471205,35.1111858550662],[-80.8828012471504,35.1121078551155],[-80.8830152479057,35.1129778554055],[-80.8831482471739,35.113587855829],[-80.8833152474983,35.1144608558716],[-80.883345247384,35.1146158554272],[-80.8833582479066,35.114971855982],[-80.8833592475578,35.1152208556342],[-80.8833512476231,35.1153448559259],[-80.8833202485165,35.1155928559216],[-80.8832802481977,35.1157998561541],[-80.883207248312,35.1160828561988],[-80.8831622482168,35.1162218559166],[-80.8830732477773,35.1164628561971],[-80.8830022478486,35.1166158560738],[-80.8828472480422,35.1169168567377],[-80.8827622472853,35.1170638560565],[-80.8823392479819,35.1177608568294],[-80.8822212479798,35.1179288560892],[-80.8811682475917,35.1196338565735],[-80.8808352476737,35.1201928577885]]]},"properties":{"objectid":5,"cc":5,"cnt_cc":null,"name":"Laura Meier","globalid":"5843e776-e67f-4a69-aa64-7ffab8283ce1","Shape__Area":1554390969.7468872,"Shape__Length":226185.60165748635}},{"type":"Feature","id":6,"geometry":{"type":"Polygon","coordinates":[[[-80.6701181894045,35.2080008835193],[-80.6701071893696,35.208398883979],[-80.6698731890743,35.2083938835654],[-80.669549189296,35.2083948837618],[-80.669240189241,35.2084088844255],[-80.6690381884839,35.2084248842587],[-80.6689291894683,35.2084378837736],[-80.668778188389,35.2084568831397],[-80.6684341891794,35.2084988840317],[-80.6680611886826,35.2085518830835],[-80.6676831886007,35.2085988839911],[-80.6672871879867,35.2086478836637],[-80.6664471880825,35.208773884028],[-80.6658881886255,35.2088578843582],[-80.6651341880215,35.2089588843428],[-80.6648581870416,35.208990884077],[-80.6644121881221,35.2090718839084],[-80.6642221879465,35.2091238833533],[-80.6639131872718,35.2092298843182],[-80.6637501880933,35.2093018839428],[-80.663508186869,35.2094438842178],[-80.6633081876364,35.2095898846469],[-80.6631411872358,35.2097488836331],[-80.663012186782,35.2098888844154],[-80.6628991876918,35.2100588846536],[-80.6627971869622,35.2102378838367],[-80.6625431874439,35.2107678836676],[-80.6623791869928,35.2111098844513],[-80.6618661874469,35.2121698852394],[-80.6617671872256,35.2123448851085],[-80.6616171865504,35.2125588852272],[-80.6614931869406,35.2127068856869],[-80.6612941874269,35.2129088847834],[-80.6608941861172,35.2132538857609],[-80.6606181865128,35.2134618853808],[-80.6602501861527,35.2137328847139],[-80.6595711861311,35.2142208849009],[-80.6592881856194,35.214438885022],[-80.6588551857742,35.2147328849935],[-80.6587251867395,35.2148258846649],[-80.6569161851991,35.2161158863635],[-80.6564411847247,35.2164698865505],[-80.6562951859908,35.2165798857494],[-80.6562581860743,35.2166028862157],[-80.6559351854945,35.2167978862513],[-80.655489185347,35.2170478854532],[-80.655268184978,35.2171538862196],[-80.6548671849363,35.2173458863508],[-80.6541171851638,35.2176978862037],[-80.6515871845091,35.2188058870194],[-80.6510701834754,35.219039887261],[-80.6507061839096,35.2192048867065],[-80.6494201830433,35.2197658867969],[-80.6493001835235,35.2198178868048],[-80.6491371842298,35.2198888861266],[-80.6483421829144,35.2202368873445],[-80.6477341826867,35.2205058866093],[-80.6475651835347,35.2205828871401],[-80.6469511830135,35.2208648874979],[-80.6455751820975,35.2214668872116],[-80.6446701823425,35.2218628875831],[-80.6437501816658,35.222265887376],[-80.6432941828962,35.2224718877623],[-80.6429321822307,35.2226038875896],[-80.6428401822638,35.2226378873198],[-80.6424171818346,35.2227748874797],[-80.6421351817681,35.2228458880586],[-80.6417311809752,35.2229268880477],[-80.6411681813776,35.22302188816],[-80.640845180578,35.2230768879084],[-80.6404531813175,35.2231288871008],[-80.6400261813055,35.2231878870598],[-80.638314180759,35.223463887899],[-80.6371411806014,35.2236388885052],[-80.6366931804642,35.2236948880787],[-80.6363461800903,35.2237208880375],[-80.6357541804867,35.2237328879875],[-80.6346771796715,35.2236738883281],[-80.6335641791413,35.2235998886195],[-80.6322741787917,35.2235218885086],[-80.6309081790428,35.2234408882061],[-80.6302521780503,35.2234078883693],[-80.6296931779429,35.2233858884366],[-80.6290881778741,35.2233568879353],[-80.6286861780404,35.22332988828],[-80.6282041775877,35.2232908884385],[-80.6278731773988,35.2232648886418],[-80.6269921766939,35.2232218880979],[-80.6267321764593,35.2232098884179],[-80.6256851772349,35.2231478881861],[-80.6252181774129,35.2231428882643],[-80.6248821774034,35.2231538890617],[-80.6244831759532,35.2231898885041],[-80.6241951771498,35.2232338890296],[-80.6237221759318,35.2233058881059],[-80.6230491757261,35.2234248882376],[-80.6226461760245,35.2235048884352],[-80.6211381754038,35.2237818891398],[-80.6206421753707,35.2238788886461],[-80.6202031754776,35.223953888524],[-80.6196971753692,35.2240338888504],[-80.61898117471,35.2241598891699],[-80.6184731743214,35.224258889473],[-80.6178801743032,35.2243838884026],[-80.6174241746444,35.2244908890481],[-80.6169741742659,35.2246018892371],[-80.6163181745492,35.2247848893135],[-80.6160381735536,35.224879888654],[-80.6158011739562,35.2249538884652],[-80.6155101738865,35.2250748891175],[-80.6150521745868,35.2252728889872],[-80.6149561736421,35.225317889391],[-80.6143451738027,35.2256058893924],[-80.6140501740395,35.2257488898005],[-80.6138701733622,35.2258318902783],[-80.6132861731999,35.2261218894471],[-80.6128601732008,35.2263408901296],[-80.6125281725132,35.2265028895732],[-80.6116371726396,35.2269208897883],[-80.6107691729121,35.2273778896736],[-80.610532172185,35.2275198899162],[-80.610354172458,35.2276358906035],[-80.6101171724897,35.2277748904306],[-80.6099021723167,35.227921889766],[-80.6097181714734,35.2280418903344],[-80.6080161719035,35.2294038903232],[-80.6076701717479,35.229674890363],[-80.6072781712844,35.2299988905946],[-80.6069901722916,35.230216890217],[-80.6067331721903,35.2304168911544],[-80.6060211714474,35.2310018911699],[-80.6057231716248,35.2312588912196],[-80.6055551712892,35.2313968911005],[-80.6053721715131,35.2315348914344],[-80.6048781709058,35.2318338910354],[-80.6047091713769,35.2319278913371],[-80.6044041704258,35.2320968909323],[-80.6041411712398,35.2322228917585],[-80.603861170478,35.2323448916862],[-80.6036341713141,35.2324388912153],[-80.6033261708063,35.23257289143],[-80.6030651705692,35.2326868912744],[-80.6027851704419,35.2328038911869],[-80.6024361709597,35.2329348908472],[-80.602141170655,35.2330658911341],[-80.6013391705713,35.2333858906009],[-80.601001170223,35.2335258915026],[-80.6007781697408,35.2336298915891],[-80.6007111702715,35.2336608908931],[-80.5998051695134,35.2340588912733],[-80.5997361697489,35.2341118925056],[-80.5996391687618,35.2340618914078],[-80.5995381689353,35.2340138923214],[-80.5993331695133,35.2339038914372],[-80.5964351683016,35.2324068917829],[-80.5939701682209,35.2311328917276],[-80.593638167416,35.230967891216],[-80.5933071682835,35.230790891007],[-80.5909951663129,35.2295968905514],[-80.5900221665038,35.2290938910224],[-80.5897561664277,35.2289578908722],[-80.5891301661768,35.2286328909564],[-80.5862761652478,35.2271838914608],[-80.5842551653251,35.2261138901767],[-80.5834891650823,35.2257178905752],[-80.5832861639086,35.225612890111],[-80.5831071639979,35.2255208906362],[-80.5826441643624,35.2252818907248],[-80.5822411639452,35.22507289053],[-80.5819101636238,35.2248988898377],[-80.5816281632831,35.2247558903245],[-80.5814641640386,35.2246718903832],[-80.5814501633326,35.2246648896371],[-80.5806631631321,35.2242578898305],[-80.5764951625746,35.2221038900282],[-80.5764231614775,35.222066889945],[-80.5761741617614,35.2219378902228],[-80.5759411622013,35.2218208898217],[-80.573252161073,35.220397889904],[-80.5732041612151,35.2203748901289],[-80.5722421606463,35.2199048902688],[-80.5702061600231,35.2188528897844],[-80.5689321595456,35.2181908889762],[-80.5688121599605,35.2181318891099],[-80.5687601598834,35.2181098888419],[-80.5685441588228,35.217993889102],[-80.5680571592366,35.2177448890634],[-80.5671211584632,35.217260889165],[-80.5661341586854,35.2167598895792],[-80.5657381585348,35.216542889137],[-80.565533158631,35.2164388895581],[-80.5650591588694,35.2161918893853],[-80.564841157875,35.2160738894756],[-80.5631911576246,35.2152288888817],[-80.5626251581565,35.2149328891525],[-80.5625881579951,35.2149138894739],[-80.5625351572529,35.2148868885243],[-80.5622731572058,35.2147508889642],[-80.5622471570471,35.2147378886503],[-80.5622031570702,35.2147148888075],[-80.5619061566179,35.2145598889762],[-80.5617591570151,35.2144858887242],[-80.5586161558103,35.2128538883693],[-80.5565771552543,35.2118058883836],[-80.5564521557215,35.2117408884929],[-80.5533671545807,35.2101388881985],[-80.5528981540494,35.2098978877625],[-80.5524981538809,35.2096908881708],[-80.5503521537921,35.2084188883651],[-80.5509401538207,35.2079418873103],[-80.5510741538664,35.207831887599],[-80.5512791528529,35.2076668878385],[-80.5517891536737,35.2072528871067],[-80.5522661540616,35.2068668878584],[-80.5527431543399,35.2064808875511],[-80.5532241535911,35.2060908877168],[-80.5536961546291,35.205707886839],[-80.5541731546461,35.2053218869645],[-80.5546501545707,35.2049358869326],[-80.5547891546333,35.2048228867194],[-80.5548881547104,35.2047428871976],[-80.5551271544028,35.2045498867431],[-80.555363154908,35.2043558866519],[-80.555400154599,35.2043288863558],[-80.5574991548716,35.2026278864477],[-80.5606961564088,35.2000378857225],[-80.5641841571593,35.1972118851183],[-80.5646691573185,35.1968188847724],[-80.5651381570285,35.1964388847306],[-80.5656151570948,35.1960528846739],[-80.5660911575958,35.1956668847817],[-80.5663301572903,35.1954738846806],[-80.5665671574625,35.1952798848931],[-80.566806158206,35.1950868846989],[-80.5670441583713,35.1948938852583],[-80.5670711580702,35.1948718847876],[-80.5671641577456,35.1947968841974],[-80.567283157951,35.1947008840961],[-80.5675211580725,35.1945078845785],[-80.567998157699,35.1941218846423],[-80.5684741582897,35.193734884128],[-80.5689511577308,35.1933488838801],[-80.5694281581953,35.1929628843616],[-80.5696661581122,35.1927698840502],[-80.5698061588008,35.1926598839643],[-80.5699121585348,35.1925778838162],[-80.5701571588677,35.192384883571],[-80.5704031580866,35.1921928832144],[-80.5706481594279,35.1919998837234],[-80.5708941585585,35.1918078841314],[-80.571136159427,35.1916168844344],[-80.5726791593819,35.1903838831343],[-80.5729341586556,35.1901808836618],[-80.57321815948,35.1899418829495],[-80.5735031596325,35.1897018831054],[-80.5737681598534,35.1894938831039],[-80.574034159875,35.189286882862],[-80.574300160112,35.1890788830541],[-80.5745651596017,35.1888708830469],[-80.5750961594319,35.1884548826059],[-80.576131160082,35.1876218821273],[-80.576389160083,35.1874138826454],[-80.5766481607722,35.1872048832082],[-80.576907160794,35.1869968821561],[-80.5771651601645,35.1867888827594],[-80.5774151606526,35.1865898821718],[-80.5776651606425,35.186391882712],[-80.5779151604981,35.1861938818139],[-80.57816616003,35.1859948818976],[-80.5784161607793,35.185796881712],[-80.5789361604504,35.1853858821744],[-80.5793901605798,35.1850228818111],[-80.5818611613215,35.1830638813211],[-80.5819171612433,35.1830198815596],[-80.5821671614773,35.1828218814159],[-80.5824171619464,35.1826228808725],[-80.5826671619612,35.1824248805562],[-80.5829171622224,35.1822258807417],[-80.5831671620354,35.1820278811542],[-80.5834171617316,35.1818298810298],[-80.5837251618132,35.1815728808987],[-80.5840331618511,35.1813168816102],[-80.5843411613627,35.1810598807493],[-80.585128162479,35.1804358807375],[-80.5853901623157,35.1802288807793],[-80.5856531626279,35.1800208807729],[-80.5861581629708,35.1796058802689],[-80.586305162487,35.1794848800047],[-80.586663162615,35.1791908802773],[-80.5871691630219,35.1787758802731],[-80.5876741634417,35.1783608803721],[-80.5881791631452,35.1779458800823],[-80.5886851627734,35.1775298799183],[-80.5890161631501,35.177274879647],[-80.5893471628379,35.1770188794838],[-80.5895901640052,35.1768208796229],[-80.5900751633205,35.1764258797045],[-80.5905671640562,35.1760248802441],[-80.5910451646847,35.1756348801934],[-80.5915301642684,35.1752398795919],[-80.5920151635954,35.1748448796689],[-80.5925001637456,35.1744498795086],[-80.5929851649414,35.1740538792471],[-80.5934711648552,35.1736588789794],[-80.593725164887,35.1734558794347],[-80.5942351652594,35.1730488785823],[-80.5947441646943,35.1726418787748],[-80.5952891651456,35.1722068779622],[-80.5957641654786,35.1718278784904],[-80.5962731649643,35.1714218781463],[-80.596783165365,35.1710148778128],[-80.5973721650674,35.1705338783999],[-80.597961165699,35.1700518779215],[-80.5985461658877,35.1695928782054],[-80.598839165915,35.1693628774605],[-80.5993791659826,35.1689408776046],[-80.5996181655808,35.1687488781891],[-80.5997381663055,35.1686518776651],[-80.5998441661605,35.1685658777838],[-80.6007481665932,35.1678478779783],[-80.600839166693,35.1677758773547],[-80.601055165865,35.1676038775068],[-80.6010821661638,35.1675818772226],[-80.6013261658348,35.1673878777571],[-80.6016181655953,35.1671558772101],[-80.6021591666455,35.1667248776328],[-80.6023021672275,35.1666118774328],[-80.6025461665976,35.1664178763072],[-80.6027891668276,35.1662238770976],[-80.603033166108,35.1660298767522],[-80.6032771675378,35.1658358767668],[-80.6034031666777,35.1657368770102],[-80.6035211667263,35.1656418771995],[-80.6037721676807,35.1654438767283],[-80.6040231674335,35.1652458766319],[-80.6042741670824,35.1650478768955],[-80.6045251666096,35.1648498766181],[-80.6048281676426,35.1646098772201],[-80.6054221667678,35.1641408771005],[-80.6055291680165,35.1640578763477],[-80.6057941685665,35.163842876291],[-80.6060591677983,35.1636268766829],[-80.6065891674995,35.1631958763985],[-80.6067411679495,35.163071876113],[-80.6070641679505,35.1628168757361],[-80.6074201681611,35.1625448760848],[-80.607700168225,35.1623268763665],[-80.6079831684013,35.1621088757323],[-80.6082651691207,35.1618908759865],[-80.6084301682671,35.1617548752569],[-80.6084431674691,35.1617448758295],[-80.6085011676044,35.1616978757951],[-80.6087331686906,35.1615058758991],[-80.6089771684304,35.1613148761673],[-80.6092201690576,35.1611238757006],[-80.6093611685127,35.1610128760445],[-80.6100491694877,35.1604598750271],[-80.610096168242,35.1604218752741],[-80.6101211689281,35.1604018749099],[-80.6106671684574,35.1599618757684],[-80.6108591691759,35.1598078757167],[-80.6113291692053,35.1594298754134],[-80.6116881694152,35.159141874416],[-80.6118111697071,35.1590408751318],[-80.6119421695836,35.1589338753209],[-80.6123761695946,35.1585748749983],[-80.6125031686376,35.1584708752306],[-80.6126301694962,35.1583648746652],[-80.6128881696335,35.1581518748907],[-80.6133161693785,35.1578268753487],[-80.6135801687752,35.1576088748655],[-80.6137361706365,35.1574808747319],[-80.6141951692514,35.1571028744542],[-80.6143731697124,35.156955874309],[-80.6146371701189,35.1567378750087],[-80.6149021703012,35.1565198743704],[-80.6151661700764,35.1563018738723],[-80.6154301695549,35.1560838736779],[-80.6156911700773,35.1558748739089],[-80.6159521704364,35.1556668743236],[-80.6162161707659,35.1554578738371],[-80.6162561700905,35.155424874362],[-80.6177021699595,35.1542688740242],[-80.6181341705274,35.1539218745996],[-80.618260170568,35.1538198744202],[-80.6187431703211,35.1534318741768],[-80.6192251709347,35.1530438735867],[-80.6194991714402,35.1528228738798],[-80.6202101708979,35.1522508738329],[-80.6219181711164,35.1508788736418],[-80.6240471725785,35.149161872462],[-80.6242881720269,35.1489678722219],[-80.6244161720677,35.1488648719599],[-80.626169173581,35.1474538720141],[-80.6267101731705,35.1470058719385],[-80.6283051741939,35.1457318713033],[-80.6308321745278,35.1437028717975],[-80.6312571745477,35.1433568709348],[-80.6322921743805,35.1425228706077],[-80.6324841751145,35.1423688708063],[-80.632567173794,35.1423018706968],[-80.6329661742187,35.1419798709332],[-80.6334541748951,35.1415868713894],[-80.6341711746756,35.1410098702393],[-80.6345511754268,35.1407038710718],[-80.6345971746851,35.140665870396],[-80.6346531754003,35.1406208705416],[-80.6348941752994,35.1404268707851],[-80.6350911753026,35.1402678708925],[-80.635135175149,35.1402328705283],[-80.6353761749673,35.1400388706724],[-80.6356171758154,35.1398448693998],[-80.6360151750662,35.1395248706336],[-80.6361841752283,35.1393888699738],[-80.6365821755328,35.1390688701482],[-80.6370641754276,35.1386798703531],[-80.6375561760948,35.1382838700544],[-80.637784175545,35.1380988689244],[-80.6382691768806,35.1377098694187],[-80.6387511765407,35.1373218696972],[-80.6392331756945,35.1369328699078],[-80.639715176123,35.1365448697735],[-80.6402051764077,35.136150869796],[-80.6406951767458,35.1357578694235],[-80.640947176526,35.1355678695066],[-80.6411531758759,35.1353878695711],[-80.642634177505,35.1341998685959],[-80.6436071770741,35.1334178687525],[-80.6444151778563,35.1327678683726],[-80.6452611782761,35.1320888678786],[-80.6453471778014,35.1320198675933],[-80.6455951778325,35.1318188683451],[-80.645844177541,35.1316178684728],[-80.6460671781494,35.1314378680255],[-80.6460831774911,35.1314258679372],[-80.6463271784353,35.1312308685639],[-80.6465721782174,35.1310338679366],[-80.6468171779311,35.130836867694],[-80.6470621775766,35.130639867836],[-80.647307178251,35.1304428683477],[-80.6475521781888,35.1302468682274],[-80.6477971786932,35.1300498677058],[-80.6480421780322,35.1298528675837],[-80.648292177768,35.1296568680269],[-80.6485431793699,35.1294608677858],[-80.6487991784988,35.1292668679792],[-80.6490441781221,35.1290688676637],[-80.6492951783378,35.1288728676186],[-80.6495451786774,35.1286768671576],[-80.6497951794235,35.1284818678321],[-80.6500451784783,35.1282858672133],[-80.6503001785928,35.1280878674164],[-80.6505491792807,35.1278928675043],[-80.6507971795099,35.1276988670803],[-80.6513911787438,35.1272338663617],[-80.6517421793662,35.1269598660784],[-80.6535541795092,35.1255418670609],[-80.6537821794064,35.1253638669575],[-80.6538061799006,35.1253458670132],[-80.6540621802307,35.1251478668991],[-80.6541071795762,35.125111866512],[-80.6541751800972,35.1250548666121],[-80.6543031806666,35.1249528665802],[-80.65436118026,35.1249038663897],[-80.6545441810021,35.1247618661738],[-80.6547861794852,35.1245638668765],[-80.6550301800311,35.1243688663291],[-80.6552731796988,35.124173865457],[-80.6555171806969,35.1239778658036],[-80.6557601802659,35.1237828657151],[-80.6560041800393,35.1235868659548],[-80.6560431805685,35.1235548663116],[-80.6562471805887,35.1233918657334],[-80.6564911802344,35.1231958658513],[-80.6567371808333,35.1229988651858],[-80.6569781807474,35.1228058653787],[-80.6571561803842,35.1226618658628],[-80.6574651815749,35.1224148656822],[-80.6577081812053,35.1222188652367],[-80.6579521810609,35.1220238657609],[-80.6581951811458,35.1218288650683],[-80.6584391813995,35.1216328655849],[-80.658682181386,35.1214378656759],[-80.6589321816079,35.1212378653081],[-80.6591691813633,35.1210468651423],[-80.6592401817277,35.1209898652471],[-80.6592651815309,35.1209698651173],[-80.6592751812257,35.1209618648867],[-80.6594671820946,35.1208078654759],[-80.6634281831275,35.1176288641566],[-80.6635521820889,35.1175288645939],[-80.6637961827039,35.1173338645268],[-80.6639541829409,35.1172058648252],[-80.6664761834694,35.1152108636015],[-80.6666491833997,35.1150758633083],[-80.6674261832237,35.1144698635439],[-80.6677271830054,35.114236863647],[-80.6679971841785,35.1140278634967],[-80.668266183701,35.1138178640475],[-80.6685121832517,35.1136228634175],[-80.6686961843097,35.1134758637186],[-80.6687491837553,35.1134348631335],[-80.6689901841595,35.1132428634747],[-80.6692321841196,35.1130508639283],[-80.6694731840649,35.1128598631535],[-80.6697151839457,35.1126678626002],[-80.6699561842347,35.1124758627383],[-80.670197184132,35.1122848631642],[-80.6704391839305,35.1120928629042],[-80.6706771843428,35.1119038630026],[-80.6709221835153,35.1117098628632],[-80.6711631847698,35.1115178631837],[-80.6714041848897,35.111325863019],[-80.6716461845237,35.1111338620455],[-80.6718871842513,35.1109428625677],[-80.6721291849398,35.1107508623747],[-80.6723701849631,35.1105588629082],[-80.6726111845873,35.1103678619271],[-80.6728531851936,35.1101758620274],[-80.6733001848557,35.1098208622803],[-80.6735771852236,35.109600862572],[-80.6738181850594,35.1094088619013],[-80.6740601851946,35.1092178620767],[-80.6743011849928,35.1090258622057],[-80.6745501852445,35.1088308621714],[-80.6746391855948,35.1087598619028],[-80.6768901854531,35.1069928625209],[-80.6770341861735,35.1068808616665],[-80.6772831855214,35.1066858611886],[-80.6775311852996,35.1064908614361],[-80.6777791860858,35.1062958611394],[-80.6780281863102,35.1061008617551],[-80.6782761858382,35.105905861315],[-80.6785251869933,35.1057108617527],[-80.6787731863598,35.1055158611538],[-80.6790221862519,35.1053208614441],[-80.6792701865724,35.1051258615726],[-80.6795191862983,35.1049308617],[-80.679758187068,35.1047388611539],[-80.6799971867313,35.1045468610319],[-80.6802361866157,35.1043538605292],[-80.6804751862568,35.1041618612247],[-80.6807141872101,35.1039688615243],[-80.6810761869014,35.1036768613351],[-80.6810931866467,35.103662860762],[-80.681401186741,35.1034158612078],[-80.6814311872397,35.1033918610768],[-80.6814851869493,35.103348860815],[-80.6845261877166,35.100900859954],[-80.6858121881181,35.0998648600846],[-80.6859411890502,35.0997608591717],[-80.6859731881216,35.0997358598337],[-80.6862111878498,35.0995438590487],[-80.6864501881144,35.0993518600329],[-80.6866891885025,35.0991588597344],[-80.6869281887078,35.0989668597334],[-80.6871661883881,35.0987748596919],[-80.6874071887734,35.0985808589385],[-80.6876461889233,35.0983888592604],[-80.6878851881038,35.0981958592161],[-80.6883631882941,35.0978118591993],[-80.688601188961,35.0976198589007],[-80.6888421891771,35.0974258587711],[-80.6893181892076,35.0970428592282],[-80.6895581887336,35.0968498597723],[-80.6897961893028,35.0966578588231],[-80.6902751897957,35.0962728586736],[-80.6905141887345,35.0960798586184],[-80.6907531887545,35.0958868589565],[-80.6908681889862,35.0957948587711],[-80.6909451896003,35.0957328587943],[-80.6909921897384,35.095694859577],[-80.6912311896746,35.0955018580284],[-80.6914701895211,35.0953098585803],[-80.6917091894483,35.0951168587505],[-80.6919481892355,35.0949248583172],[-80.6921871902129,35.094731858388],[-80.6924261899596,35.0945398578707],[-80.6927371894502,35.0942888578254],[-80.6934711908187,35.0936988579828],[-80.6936201904069,35.0935778585058],[-80.6938591901196,35.0933848578494],[-80.6939791902933,35.0932888579262],[-80.6949211907823,35.0925298577577],[-80.6950541903869,35.0924228576306],[-80.6952931910109,35.0922308574976],[-80.6955321905906,35.0920378578992],[-80.6957711900773,35.0918458576977],[-80.6959941909506,35.0916658576502],[-80.6960101907073,35.0916528579999],[-80.6962491913032,35.0914598578093],[-80.6964881907183,35.0912678570312],[-80.6967271912866,35.0910748576579],[-80.6969661906799,35.0908828576971],[-80.6972051911604,35.0906908581296],[-80.6974441916512,35.0904978581797],[-80.6976821916607,35.0903058572647],[-80.6979211910108,35.0901128572482],[-80.698160190316,35.0899208575301],[-80.6983991907164,35.0897278574141],[-80.6985881912893,35.089575857708],[-80.6986381910777,35.0895358575966],[-80.6988771914129,35.0893428564952],[-80.6991161917337,35.0891508565937],[-80.6993551920601,35.088957857211],[-80.6995941912438,35.0887658572409],[-80.6998331915051,35.0885728568728],[-80.7000721917636,35.0883808577047],[-80.7003111919564,35.0881888562411],[-80.700645191596,35.0879548563715],[-80.7009981923251,35.0876088571704],[-80.7017721918601,35.0870398566208],[-80.7024231921345,35.0865398562661],[-80.7025141919688,35.0864578571963],[-80.7025361917239,35.0864418562316],[-80.7032171933608,35.0859468561611],[-80.7032781920549,35.0858928555222],[-80.703355192468,35.0858238561804],[-80.703899192857,35.0854058556691],[-80.7039631930707,35.0853568559501],[-80.7042071927375,35.0851698556074],[-80.704287193135,35.0851098556028],[-80.7051981933714,35.0844088559682],[-80.7054301938217,35.0842298557299],[-80.7055151929658,35.0841698555091],[-80.7056741934111,35.0840428559115],[-80.7059191932272,35.0838548550829],[-80.7061631927371,35.0836668561498],[-80.7064081936061,35.0834788551759],[-80.7066521930581,35.0832908552157],[-80.7068861933265,35.0831118553596],[-80.7071411933153,35.0829148549275],[-80.7071691937459,35.0828928554561],[-80.7073861931216,35.0827278554028],[-80.7076301935951,35.0825398551758],[-80.7078751932774,35.0823518556308],[-80.7081131934357,35.0821688548641],[-80.7083641933317,35.0819758547017],[-80.7086091940535,35.0817878553962],[-80.7088591938981,35.0815878555449],[-80.7091091936137,35.0813878551559],[-80.7093591941894,35.0811868543231],[-80.7096101940899,35.0809878548157],[-80.709859194388,35.0807888551299],[-80.7100171944625,35.080661854726],[-80.7101111939805,35.08058685513],[-80.7103641938318,35.080385854732],[-80.7105611940592,35.0802278544728],[-80.710863194869,35.0799868555491],[-80.7111131947122,35.0797868544408],[-80.7113641947446,35.0795868548464],[-80.7116141942301,35.0793858545726],[-80.7117431943937,35.0792838544848],[-80.7118631946968,35.0791868541841],[-80.7121111949327,35.078988853812],[-80.7124811947759,35.0786958540563],[-80.7125701947143,35.0786258543145],[-80.7128641949534,35.0783928546006],[-80.7131141956049,35.0781968541464],[-80.7133631948325,35.0780008547406],[-80.7136121948783,35.0778038539935],[-80.7138051960194,35.0776528546389],[-80.7138151951827,35.0776458541121],[-80.714365195796,35.07721185361],[-80.7146101962844,35.0770188538856],[-80.7148591960565,35.0768228539642],[-80.7151061950719,35.0766318543485],[-80.7153361956692,35.0764538544868],[-80.7154971953964,35.0763288533728],[-80.7155251957383,35.0763068536881],[-80.7155691965093,35.0762728542346],[-80.7156111960367,35.0762408541359],[-80.715846195759,35.0760578539895],[-80.7159881957004,35.0759478528247],[-80.7160151959408,35.0759278534989],[-80.716093195669,35.0758668540634],[-80.7163391952868,35.0756758534048],[-80.716586196195,35.0754848533167],[-80.7166301962774,35.0754518533648],[-80.716833195966,35.0752938536206],[-80.7170791965672,35.0751028540838],[-80.7173261962209,35.07491185334],[-80.7176391960777,35.0746698535359],[-80.7177591967196,35.0745768530145],[-80.7178201962914,35.0745288530746],[-80.7180301962123,35.0743658531489],[-80.7180661956038,35.0743378532667],[-80.7183131961712,35.0741468531137],[-80.7185601966978,35.0739558533371],[-80.7188061969555,35.0737648528485],[-80.7188971962266,35.0736938523528],[-80.7190531962875,35.0735738529411],[-80.7193001966562,35.0733828524932],[-80.7195461965687,35.0731908532503],[-80.7197931968361,35.072999852656],[-80.7200401970818,35.0728088533393],[-80.7202881965887,35.0726188526787],[-80.7205361969082,35.072427852483],[-80.7207851973726,35.0722368528304],[-80.721033196734,35.0720468523835],[-80.7212811968989,35.0718558524014],[-80.7213601969704,35.0717958521892],[-80.7214171981682,35.0717518519464],[-80.7215301974583,35.0716658528481],[-80.7215741965525,35.0716318529448],[-80.721660196976,35.0715658525151],[-80.7225661972746,35.0708698522166],[-80.7239951976791,35.0697748522787],[-80.7240241977587,35.0697518516982],[-80.7254831982929,35.068633851032],[-80.7255121989685,35.068611850869],[-80.7257511984447,35.0684258513454],[-80.7259671980328,35.0682608515817],[-80.7260001980766,35.0682358521354],[-80.7262481982694,35.0680448514575],[-80.7264961987343,35.0678548510441],[-80.7267531979001,35.0676538514625],[-80.727020199197,35.0674458514098],[-80.7272671982617,35.06725285136],[-80.7275241983865,35.0670528517563],[-80.7276361986259,35.0669658511951],[-80.728417198895,35.0663568511438],[-80.7285521995908,35.0662498515518],[-80.7288092000244,35.0660498508996],[-80.7290661988687,35.0658488507049],[-80.7293241991397,35.0656488517225],[-80.729581198761,35.0654478512771],[-80.7298381996865,35.0652478510427],[-80.7299091987744,35.0651978513389],[-80.7301121992377,35.0650548511582],[-80.7303691994698,35.0648568504557],[-80.7306271996869,35.064658851078],[-80.7308842003594,35.0644598502324],[-80.7311422002839,35.0642618506157],[-80.7313991988665,35.0640638503605],[-80.7316571992172,35.0638648505964],[-80.7319141997237,35.0636668509763],[-80.7321722001625,35.0634688508656],[-80.7324291999751,35.0632698502166],[-80.7326741997877,35.0630818497048],[-80.7329591996806,35.0628618502642],[-80.733136199904,35.0627258503618],[-80.7331592009189,35.062707850165],[-80.7338122004621,35.0622058498982],[-80.7339741999262,35.062079850363],[-80.7342192008836,35.0618878496829],[-80.7344642002924,35.0616948495102],[-80.7347092011722,35.0615028495989],[-80.7348232005141,35.0614128506425],[-80.7357392011954,35.0606918497514],[-80.7359332006771,35.060540849716],[-80.7361802015859,35.0603468496942],[-80.7364282009237,35.0601518493112],[-80.7364692016284,35.0601198488193],[-80.7368762014465,35.0597998494051],[-80.7369132003654,35.0597698493303],[-80.7371592019151,35.0595778496794],[-80.7374032006945,35.0593848495798],[-80.7376482010162,35.0591928497771],[-80.7378932008244,35.0589998495644],[-80.7381382021264,35.0588078487121],[-80.7383832007551,35.058614849284],[-80.7386282019798,35.0584228492005],[-80.7388732015828,35.0582298487227],[-80.7391182016339,35.0580378494239],[-80.7393632011343,35.0578448488135],[-80.7396082021658,35.0576528484651],[-80.7396582010445,35.057612848707],[-80.7397872019422,35.0575118479656],[-80.7398532015829,35.0574598486235],[-80.74009720253,35.0572678490331],[-80.7403422018469,35.0570748490611],[-80.7403762024055,35.057048848333],[-80.7405252014284,35.056931848561],[-80.7405872016107,35.0568828493667],[-80.7408332012986,35.0566908482589],[-80.7409152019242,35.0566258487642],[-80.7410772026652,35.0564978485023],[-80.7413222017769,35.0563048482652],[-80.7415672024437,35.05611284829],[-80.7415822017511,35.0561008476656],[-80.7418092029966,35.0559228476108],[-80.7421132018536,35.0556858489494],[-80.7423182032071,35.0555268488484],[-80.7425712025239,35.0553308489085],[-80.7428242023007,35.0551338485091],[-80.7430772024921,35.0549378483545],[-80.7433302031565,35.0547408486417],[-80.7435832031265,35.0545448482882],[-80.7440532024099,35.0541788477882],[-80.7449052037596,35.0535188474005],[-80.7469322038461,35.0519428473584],[-80.7471252039911,35.0517938473748],[-80.7473782039496,35.051596846956],[-80.7476552045556,35.0513848470805],[-80.7479332036745,35.0511728474118],[-80.7482112035416,35.0509608470666],[-80.7484882042492,35.0507488470048],[-80.7487662039678,35.0505358472331],[-80.7490442050213,35.0503238466788],[-80.7493212047503,35.0501118473478],[-80.7498042041408,35.0497918470553],[-80.7500892045388,35.0495828468305],[-80.750375205113,35.0493748466336],[-80.7506602043415,35.0491668467326],[-80.7509452048082,35.0489578471137],[-80.7511902048703,35.0487708461745],[-80.7514362048453,35.0485838464381],[-80.7516982049062,35.0483838469511],[-80.7528202051244,35.047525846094],[-80.7532762052499,35.047178845605],[-80.7534642046011,35.0470338460278],[-80.7549612061907,35.0458888458197],[-80.7551122059686,35.0457738458122],[-80.7553572062008,35.0455858460879],[-80.7556092060234,35.0453938453973],[-80.7558472057491,35.0452118458108],[-80.7560962059056,35.0450198453246],[-80.7563452060064,35.0448278452064],[-80.7565942060513,35.0446358454561],[-80.7568432060211,35.0444438451725],[-80.7570922059544,35.0442518461582],[-80.7573412068697,35.0440598447918],[-80.7575902066526,35.0438678447108],[-80.7578392063798,35.0436758449976],[-80.7580882071471,35.0434838456365],[-80.7583442075361,35.0432868452226],[-80.7585862062448,35.0430998444448],[-80.7588352068254,35.0429078452861],[-80.7590842073113,35.0427158446928],[-80.7593332066649,35.0425238453848],[-80.7595822066465,35.0423328445369],[-80.7598312069682,35.0421408450474],[-80.7600792073954,35.0419488451793],[-80.7603282064731,35.0417568446412],[-80.7605682075733,35.0415758448553],[-80.7608412067388,35.0413648447383],[-80.7610982076983,35.0411688451938],[-80.7613542072648,35.0409738451744],[-80.7616112079537,35.0407778444979],[-80.7618672076257,35.0405818443412],[-80.7621242080799,35.0403858443353],[-80.762380207522,35.0401898448535],[-80.762637208482,35.0399948445118],[-80.7628932087738,35.0397988447875],[-80.7631502076269,35.0396028443363],[-80.7634012082883,35.0394148436517],[-80.7636512083702,35.0392258445176],[-80.7639022078343,35.0390378436695],[-80.7641532083732,35.0388498440665],[-80.7644042091665,35.0386608440108],[-80.7646542087096,35.0384728435332],[-80.7649052080108,35.0382848441263],[-80.7651562086335,35.0380958433494],[-80.7654072078311,35.0379078437607],[-80.7654712085264,35.0378608432868],[-80.7665582095579,35.0370428436963],[-80.7675582093417,35.0362928432418],[-80.7676632086618,35.036212842811],[-80.7680042092725,35.036097843353],[-80.7681792088345,35.0360108436301],[-80.7683652098577,35.0358898433711],[-80.7684922097236,35.0358068428777],[-80.7687282094665,35.0355878424018],[-80.7689632090616,35.0353698424847],[-80.7691992096243,35.0351508437341],[-80.7694352097446,35.0349328435113],[-80.7696862095523,35.0347348428032],[-80.769936209283,35.0345378426024],[-80.7699822094681,35.0345138427607],[-80.7702502091228,35.0343778427594],[-80.770529210067,35.0342848426915],[-80.7706182096216,35.0342548425251],[-80.7708252096272,35.0341848429291],[-80.7709862103803,35.0341308430423],[-80.7715282097781,35.0338118424648],[-80.7718122106784,35.0336038423348],[-80.7720962103713,35.0333948425219],[-80.7724832105255,35.0331638423564],[-80.7727572109645,35.0330538417016],[-80.7731652105707,35.0329558423446],[-80.7734342108602,35.032932842542],[-80.7737392112914,35.0329228419775],[-80.7737842103122,35.0329238422688],[-80.7741372102733,35.0329358418382],[-80.7742892118269,35.0329418425848],[-80.774535211442,35.0329498429699],[-80.7748732108453,35.0329418418901],[-80.7752102116084,35.0329338419305],[-80.7755732111376,35.0329778423773],[-80.7759362121733,35.0330218426173],[-80.7759862112135,35.0330278428876],[-80.7761322116896,35.0330458428898],[-80.7762832118977,35.033063842156],[-80.7762992114283,35.033065842699],[-80.7766672117383,35.0330768422888],[-80.7771752122811,35.0329668421765],[-80.7775832121086,35.0327588422601],[-80.7780172128502,35.0324788421338],[-80.7782912121248,35.0323798422138],[-80.7785702119825,35.0323718417931],[-80.7786662129277,35.0323688417879],[-80.7789752124835,35.0324038415852],[-80.7791002115567,35.032417842294],[-80.7796012122767,35.0326218418381],[-80.7796612121414,35.0326598416955],[-80.7796952128845,35.0326808414874],[-80.779766213329,35.0327248417152],[-80.7797862115795,35.0327368414289],[-80.7797982126473,35.0327448422341],[-80.7798572121217,35.032780841603],[-80.7798902121626,35.0328018416744],[-80.779954213108,35.0328418417039],[-80.7800052122223,35.0328738421534],[-80.7800682125789,35.032912841645],[-80.7804662126416,35.033127842122],[-80.7805362126676,35.0331658418793],[-80.7807442132119,35.0332648420138],[-80.7809642137654,35.0332878419453],[-80.781319212482,35.0332108423267],[-80.781686213765,35.0331118422413],[-80.7819532125404,35.0330838426033],[-80.7822272135695,35.0330788423868],[-80.782501213641,35.0330238424377],[-80.782567213026,35.0329938422019],[-80.7828352136903,35.032869841615],[-80.7829792139417,35.0327848423719],[-80.7830292131505,35.0327548420488],[-80.7831232129673,35.0327238417236],[-80.7832172137247,35.0326938412207],[-80.7832752136386,35.0326928416936],[-80.7833672135041,35.0326938417199],[-80.7834232128889,35.0326928419317],[-80.7835512134015,35.0326938417384],[-80.7837702137261,35.0326568413632],[-80.7838722131323,35.0326398417707],[-80.7839332133847,35.032606841909],[-80.7840522138927,35.0325508422703],[-80.7841652136216,35.0324968417915],[-80.7842442139799,35.0324948424612],[-80.7843532145597,35.0324908423713],[-80.7844242140621,35.0325028418625],[-80.7845862137766,35.0325298422187],[-80.7847602141402,35.0325628419605],[-80.7849812145643,35.0325188419745],[-80.7854822136068,35.0323588416565],[-80.785866214743,35.0322548418183],[-80.78625121462,35.032150841287],[-80.7866522147859,35.0320628410356],[-80.7870522144298,35.031974841632],[-80.7874542154575,35.0319028422851],[-80.7876282153467,35.0318318417034],[-80.7877542148913,35.0317218413423],[-80.7880482152689,35.0316178414601],[-80.7884002155251,35.0315478420629],[-80.7891042153505,35.0314088418856],[-80.789579215265,35.0312878411787],[-80.7899332155451,35.031183841259],[-80.7899552154404,35.0311688417489],[-80.7901202154255,35.0310578419917],[-80.7901472156887,35.030974840977],[-80.7901512153453,35.0308958417962],[-80.7901542153073,35.0308318407962],[-80.7902172153062,35.030747840469],[-80.7902272154638,35.0307328413024],[-80.7902642160059,35.0307178409947],[-80.7903592160079,35.0306808413792],[-80.7905422157211,35.0306068412001],[-80.7906392157513,35.0305508404033],[-80.7907012158186,35.0305138405987],[-80.79090921636,35.0303928417528],[-80.7912432158619,35.0302608405497],[-80.7916352163717,35.0301078410771],[-80.7917582158607,35.030062840979],[-80.7922252165102,35.0299748409617],[-80.7926402158268,35.0299368408719],[-80.7928092162428,35.029920841727],[-80.7930542161843,35.0298978416572],[-80.7934392163273,35.0298768412729],[-80.7935242163658,35.0298718406909],[-80.793823216575,35.0298548410839],[-80.7938972159581,35.0298548410351],[-80.7941742163949,35.029856841355],[-80.7945252163062,35.0298598414185],[-80.7947112173062,35.0298798415152],[-80.7950922178626,35.0299208403474],[-80.7956782177705,35.0299528413571],[-80.7957832163254,35.029954841227],[-80.7958662174226,35.0299558411711],[-80.7960002164972,35.0299558413149],[-80.7961472170038,35.0299568415552],[-80.7964222174607,35.0299588403427],[-80.7968972173975,35.0298378411851],[-80.7972912170551,35.0296238410392],[-80.7976472169129,35.0294308403231],[-80.7979352183168,35.0292898409661],[-80.798267217521,35.0291278407477],[-80.798467218603,35.0290308411876],[-80.7987512184099,35.0288788400146],[-80.7990352184247,35.028727840771],[-80.7993032178373,35.0285438406305],[-80.7995702174851,35.0283598403572],[-80.7999852184454,35.0281228400342],[-80.8003722176846,35.0279528409314],[-80.8008062178339,35.0278488403701],[-80.801094219168,35.0278268402162],[-80.8014882188494,35.0279038398561],[-80.8018492190268,35.0279918404475],[-80.8022032192104,35.0280078406769],[-80.8025742184449,35.0279338406801],[-80.8029452191984,35.0278598395096],[-80.8032992194118,35.0278108402631],[-80.8036532190339,35.0277608400658],[-80.8040412185039,35.0277608401908],[-80.8043682197905,35.0277828395685],[-80.8045092203563,35.0277558405203],[-80.8046432196703,35.0276788402671],[-80.8046622197804,35.0275578405046],[-80.8047492193589,35.0274858393209],[-80.8049572198305,35.027474839813],[-80.8050972199437,35.027370839935],[-80.8052112200084,35.0270738395116],[-80.8052872202913,35.0267688401226],[-80.8053482197397,35.0265268397583],[-80.8053642196161,35.0264638392456],[-80.8055652203584,35.02599184],[-80.8057332193858,35.0257598396441],[-80.805767219694,35.0257128397309],[-80.805802220486,35.0256648393456],[-80.8059122203279,35.0255128397453],[-80.8061432197836,35.0252898391305],[-80.8063742193128,35.0250678397676],[-80.8065652202939,35.0249408392975],[-80.8068882194822,35.0247268394011],[-80.8073692209259,35.0244088386186],[-80.8077832205268,35.0241108389984],[-80.8081972214465,35.0237978391453],[-80.8084482208999,35.0235178392353],[-80.8086992202039,35.023239839506],[-80.8089062206504,35.0230208384029],[-80.8091132213555,35.0228028386391],[-80.8095542210324,35.0225558392417],[-80.8100622208467,35.0223468379739],[-80.8104012211114,35.022239839029],[-80.8105412214416,35.0221948384359],[-80.810617221442,35.0221708378829],[-80.8106942209823,35.0221208388776],[-80.8108702210745,35.0220058390707],[-80.8109442205065,35.0218668382484],[-80.8109802211957,35.0217998381779],[-80.8110112207578,35.021741838474],[-80.8110262210179,35.0217118385356],[-80.8110712208265,35.0216268383058],[-80.8110992218476,35.0215828382371],[-80.8111232214283,35.0215438382991],[-80.8111592211437,35.021486838252],[-80.8111762212542,35.0214598386798],[-80.8112232205999,35.021385838112],[-80.8112572204458,35.0213308381324],[-80.8113312211078,35.0212138378999],[-80.8116132208856,35.0209348380506],[-80.8119002218994,35.0207528381963],[-80.8121742221726,35.0206648384532],[-80.8124852218707,35.0205868377721],[-80.8125612217852,35.0205658384175],[-80.812835221726,35.020543837997],[-80.8132182225083,35.020608838149],[-80.8132752220241,35.020619838109],[-80.8133162217898,35.02062683809],[-80.8137642224532,35.0206488378788],[-80.8141582228597,35.0206428378802],[-80.8143522219344,35.0206208376621],[-80.8146062220646,35.0204448383101],[-80.8149532217141,35.0200268380881],[-80.8153142228622,35.0197188379843],[-80.8156892234099,35.0194718383586],[-80.8161562233464,35.0192688376646],[-80.8162602225906,35.0192298379319],[-80.816603222426,35.0191098378137],[-80.8172252231635,35.0189498380363],[-80.8176992234919,35.0188348376377],[-80.8179942229602,35.018718837698],[-80.8181222233398,35.0186238372194],[-80.8183882231705,35.0184278371087],[-80.8188892226846,35.0181418375237],[-80.819390223919,35.0179218376101],[-80.8194712235862,35.0178938374533],[-80.8197442237552,35.017800837522],[-80.8200982236582,35.0176798372789],[-80.8205822238741,35.0175278371117],[-80.8206602234697,35.0175038369078],[-80.8207332234034,35.0174688372557],[-80.8209112239646,35.0173828367341],[-80.8210132241584,35.0173328377419],[-80.8210932241956,35.0172558375045],[-80.8211672240011,35.0171798375354],[-80.8214082242832,35.0168658369711],[-80.8217082244438,35.0164258370661],[-80.8218352239866,35.0163278370434],[-80.8219362238679,35.0162778370144],[-80.8220362239367,35.0162998371636],[-80.8221632242897,35.0163108369852],[-80.8222632236021,35.0162338368396],[-80.8223232244833,35.0161458366399],[-80.8222362243018,35.0159258376052],[-80.8221632243908,35.0156838371226],[-80.8221962244883,35.0154808365832],[-80.8222692244634,35.0152778368872],[-80.8222222240981,35.015068835995],[-80.8221562244025,35.0149368363121],[-80.8221432235879,35.014837836875],[-80.8222092243489,35.0146568365404],[-80.8223832236238,35.0145238366171],[-80.8225032240875,35.0145138370716],[-80.8225842243109,35.0145448363007],[-80.822630224884,35.0145628360008],[-80.822730225023,35.0145788360315],[-80.8228172240313,35.0145458361874],[-80.8228442240534,35.0143538368236],[-80.822898224043,35.0142068361305],[-80.8229642251221,35.014023836397],[-80.8231042240631,35.0138698368727],[-80.8232782245993,35.0136778358139],[-80.8233372246341,35.0136258364584],[-80.8235522245325,35.0134328366661],[-80.8238262254061,35.0131888358696],[-80.824053224485,35.01294083668],[-80.8240742247271,35.012917835691],[-80.8242802247953,35.0126938369381],[-80.8245622247852,35.012429835848],[-80.8246052252642,35.0123888361879],[-80.8246302253076,35.0123658359163],[-80.8246642244434,35.0123338364032],[-80.8247172248711,35.0122848357718],[-80.824727225611,35.0122758358075],[-80.8248032247424,35.0122088358563],[-80.8250622252978,35.0119788360699],[-80.8251952246917,35.0118978357588],[-80.8254762250064,35.0117268356268],[-80.8257552245934,35.0116018352851],[-80.8258272255684,35.0115698355765],[-80.8260572251829,35.0114668358771],[-80.826177225356,35.0114128361063],[-80.8263852249484,35.0113538361783],[-80.826493225522,35.0113238355071],[-80.826586224993,35.0112978361317],[-80.826645224905,35.0112808359159],[-80.8269992260611,35.011120835882],[-80.8273532255272,35.0108788359059],[-80.8277412252766,35.0105828352634],[-80.8279222261178,35.0104708356097],[-80.8279882254642,35.0104298351606],[-80.8280542252295,35.0103898354903],[-80.8281682255669,35.010318835784],[-80.8282002263652,35.010306835082],[-80.8284792251334,35.0102058354203],[-80.8286052256526,35.0101598353722],[-80.8286842260141,35.0101258352799],[-80.8288142259876,35.0100838353819],[-80.8291342256655,35.0099668360357],[-80.8294782259073,35.0098398351188],[-80.8298582258988,35.0096368350458],[-80.8301052263452,35.0094668354325],[-80.8301782265746,35.0093838354443],[-80.8303862258923,35.0091478351891],[-80.8306542263675,35.008938835325],[-80.8307742265869,35.0088018355781],[-80.8307762256851,35.0087388345298],[-80.8307772265092,35.008686835144],[-80.8307802262206,35.008564835261],[-80.8307562265286,35.0084678347006],[-80.8307202259838,35.008317835572],[-80.830827226664,35.0080988347758],[-80.8308872271613,35.0079768344954],[-80.831081226602,35.0078338343396],[-80.8312352264191,35.0078178351103],[-80.8314622263294,35.0078168344086],[-80.8317082265194,35.0077458351867],[-80.8317832263059,35.0077238351016],[-80.8318312267724,35.0077088350491],[-80.831855226697,35.0077018345303],[-80.8319822264078,35.0077068351416],[-80.8321232271581,35.0077508354335],[-80.8323102265708,35.0076958344143],[-80.8325642270188,35.0076468346275],[-80.8329502265793,35.0076038344994],[-80.8330112266732,35.0075968341969],[-80.8332012275737,35.0075868349648],[-80.8333832270383,35.0075778343322],[-80.8334672267681,35.0075728348461],[-80.8336392265536,35.0075638343256],[-80.8339872280105,35.0074928353396],[-80.8344752277752,35.0072168350187],[-80.8347782271167,35.0070198344431],[-80.835082228277,35.0068218350504],[-80.8351082274973,35.0067988344576],[-80.8354292272066,35.0065308343627],[-80.835618226886,35.0064558344125],[-80.8357182273895,35.0064168341392],[-80.8357772279183,35.0063928344081],[-80.8361372280947,35.0062938344208],[-80.8364252276708,35.0061558342279],[-80.8365922280289,35.0059698344536],[-80.8367322287003,35.0056558343198],[-80.8369922280594,35.005331834256],[-80.8372492283512,35.0051308337365],[-80.8372732278079,35.0051118339519],[-80.837487228505,35.0050508341439],[-80.8374992282873,35.0050518343213],[-80.8376802281628,35.0050508336075],[-80.8378472284983,35.0050788344941],[-80.8380212287542,35.0050338341877],[-80.838059227836,35.0049938344392],[-80.8381152280883,35.0049338342262],[-80.8382612286978,35.0047758342743],[-80.8383282279271,35.0046558341502],[-80.8383382285831,35.0046378337061],[-80.8383732287436,35.0045878343356],[-80.8384552282139,35.0044568335976],[-80.8386702283858,35.00420383383],[-80.8389582289479,35.0040118333082],[-80.8391762283961,35.0038688334537],[-80.8394372294012,35.0034508341703],[-80.8395732285632,35.0032308337844],[-80.8396512292723,35.0031048332564],[-80.839898228473,35.0028078334058],[-80.8399562291383,35.0026908331665],[-80.8400522289649,35.0024948327434],[-80.8400602288037,35.0024708333657],[-80.8401782291755,35.0021038330474],[-80.8402582295703,35.0017088337692],[-80.840281229146,35.001698833497],[-80.8403002290261,35.0017188333498],[-80.8414612297177,35.0030918334455],[-80.8443302302651,35.0064928341852],[-80.8456432307509,35.0080498344586],[-80.8512212326714,35.0146658354705],[-80.8512482327305,35.0146968354101],[-80.851412233082,35.0148908351904],[-80.8527842340429,35.0165188354674],[-80.8544802336435,35.0185308355179],[-80.8548282344028,35.0189438362613],[-80.8554162351761,35.0195978369343],[-80.8559342337595,35.0201748363241],[-80.856400234548,35.0206998368325],[-80.8578122356392,35.022270836324],[-80.8598012364542,35.0244838369382],[-80.8598572358057,35.024545837463],[-80.8643462376462,35.0296408386555],[-80.8646372374881,35.0299808389514],[-80.8651272387505,35.0305548382384],[-80.8699172398124,35.0361668394352],[-80.8705052393281,35.036841839877],[-80.8716482402165,35.0381478398588],[-80.8717292403001,35.0382398400559],[-80.8746902408941,35.0416298406262],[-80.8767272416264,35.043963840453],[-80.8770332418223,35.044310841482],[-80.8814942435906,35.0494388425319],[-80.8826522441389,35.0507698427876],[-80.8833192439541,35.0515768423203],[-80.883587244111,35.0519008421593],[-80.8837592451863,35.0521088423536],[-80.8841442441372,35.0525738432147],[-80.8844382445975,35.0529288433746],[-80.8848992455025,35.0534868423788],[-80.8852932451785,35.0539638434531],[-80.8873382450257,35.0561398440027],[-80.888487246043,35.0573618433472],[-80.8890852469665,35.0579968437424],[-80.8902542462475,35.0592378434198],[-80.8924102467423,35.0617788448817],[-80.8932222474146,35.0627438442257],[-80.8937042482369,35.0632128440563],[-80.8953742490995,35.0648348446835],[-80.8961462488766,35.065586844437],[-80.8965262493018,35.0659568447842],[-80.8979822493245,35.0674328456797],[-80.8981302497072,35.0675988449092],[-80.8981702491845,35.0676398451283],[-80.9013372504646,35.0708918453857],[-80.9063702529701,35.0762648475703],[-80.906388252037,35.0762838469518],[-80.9068952525837,35.0768258467917],[-80.9078392531794,35.0778328464385],[-80.9102032533879,35.0805508478386],[-80.9103592536666,35.0807308475158],[-80.9104782535608,35.0808678475992],[-80.9106642545692,35.0810808477542],[-80.9107922539324,35.081228847718],[-80.910928254035,35.0813848474995],[-80.9110852545845,35.0815648475735],[-80.9116092547993,35.0821668480515],[-80.912241254468,35.0828938475752],[-80.9128772547527,35.0836258487061],[-80.9128962552655,35.0836478473048],[-80.913540255055,35.0843878485169],[-80.9141932549385,35.0851388481366],[-80.9145722558101,35.0855748480858],[-80.9148632559327,35.08590984835],[-80.9157962556591,35.0869818487447],[-80.9165002559399,35.087790849026],[-80.9180432561748,35.0896078489483],[-80.9198212581853,35.0916978492957],[-80.9260292602292,35.0989938509132],[-80.9271732605479,35.1002638508568],[-80.9286602602671,35.1016538516595],[-80.9293482602696,35.1022928513738],[-80.9308752615975,35.1037178515508],[-80.9310702607206,35.1038988519732],[-80.9314832614678,35.1042848511686],[-80.9326552618434,35.1053778523247],[-80.933815262323,35.1064598523187],[-80.9347422618318,35.1073248525048],[-80.9348232626735,35.1072768530948],[-80.9357522629865,35.1067268526463],[-80.9374302630589,35.1057358522628],[-80.9383452637082,35.1051948522851],[-80.9384542635123,35.1051298521048],[-80.9446572648113,35.1011308505269],[-80.9470932663082,35.0995708502019],[-80.9486912660407,35.0985478500104],[-80.9507792668511,35.0972628493365],[-80.9521772679817,35.096399849363],[-80.9577432690434,35.0929688488637],[-80.9597442694863,35.0917368487391],[-80.9619382700102,35.0904498470807],[-80.9722582732015,35.0845698462351],[-80.9727842729017,35.0842708461874],[-80.977692274795,35.0814738458278],[-80.9787232737059,35.0808868449946],[-80.9876902770382,35.075778843605],[-80.9880882773482,35.0755478440433],[-80.9891382767138,35.074952842951],[-80.9892732770794,35.0748738429384],[-80.9925852781957,35.0729448429632],[-80.9980322801774,35.0697668425487],[-80.9987202803323,35.0693648416246],[-80.9996212805835,35.0688388417218],[-80.9996772803201,35.0688058418944],[-80.9997412807799,35.0687678414169],[-81.0000262803599,35.0685878417018],[-81.0006102794194,35.0682868413835],[-81.0006992801877,35.0682338416259],[-81.0017022802903,35.0676298407304],[-81.0018712803859,35.067528841518],[-81.002812280758,35.066984840814],[-81.0104292827984,35.0625828401426],[-81.0118472826055,35.0617618403407],[-81.0130982834104,35.061038839166],[-81.0137412842546,35.0606678396267],[-81.016257284903,35.0592128384846],[-81.0189792847315,35.0576388391728],[-81.0202252849519,35.0569058386075],[-81.0214132858277,35.0562038388456],[-81.0248632864562,35.0541918376893],[-81.0260032866328,35.0534418375844],[-81.0262522868927,35.053277837232],[-81.0266442866115,35.0530208371128],[-81.0268262869245,35.0528998368687],[-81.0272572877206,35.0526168373493],[-81.0275152878705,35.0524458367291],[-81.0276532874591,35.0523548371984],[-81.029275287388,35.051281837225],[-81.0316552887376,35.050033835951],[-81.0343452892393,35.0486258360967],[-81.0353912895722,35.0480778358039],[-81.0369032900593,35.047286835397],[-81.0378082906555,35.0468098358029],[-81.0414992917539,35.0447198345523],[-81.042529291199,35.046266834812],[-81.0433532911858,35.0471898357585],[-81.0438682918055,35.0477428360281],[-81.0439332915255,35.0478118352588],[-81.0444432921965,35.0484568356877],[-81.0450002930327,35.0491868358935],[-81.0455232920755,35.0498998362068],[-81.046068292202,35.0505988361593],[-81.0461942931912,35.0507248356638],[-81.0466722930179,35.0511878367946],[-81.0472102925154,35.0519308369426],[-81.04766929333,35.0525248365865],[-81.0480162937493,35.0530068369221],[-81.048260294215,35.0533468370226],[-81.0485722938832,35.0537318367437],[-81.048852293521,35.0540788366793],[-81.0493532934599,35.0545168367533],[-81.049600293903,35.0547898373999],[-81.0499092944688,35.0553528370519],[-81.0503282948902,35.0560048376786],[-81.0509262939977,35.0567158374332],[-81.0517332945913,35.0574708374316],[-81.0523722953361,35.0579978376873],[-81.053166294779,35.0585828371206],[-81.0539682956579,35.0590648373645],[-81.0548942960422,35.0596728374173],[-81.0555382955828,35.0600538376483],[-81.0559302966373,35.0603538378877],[-81.0564422961459,35.0607448386524],[-81.057020296665,35.0612948380441],[-81.0576752968033,35.0618738385068],[-81.0576902969156,35.0619448379301],[-81.0578092969289,35.0624648386564],[-81.058140296633,35.0633968381792],[-81.0582102973499,35.0640068381258],[-81.0582072969512,35.0643998387317],[-81.0582022975197,35.0651048386217],[-81.0581062966368,35.0657898389159],[-81.0580092968936,35.0667608393906],[-81.057977297022,35.0670568385165],[-81.0579222971413,35.0674968389804],[-81.0578572969409,35.0682408391058],[-81.0578442965504,35.0683888393351],[-81.0577742969119,35.0691658402698],[-81.0577272976662,35.0700798394229],[-81.0576722971271,35.0708178393927],[-81.0576962975888,35.0716418400792],[-81.0577052972741,35.0724238401698],[-81.0576912976651,35.0733278404527],[-81.0577352971611,35.0741168405116],[-81.0576252970868,35.0749648415694],[-81.0575842974133,35.0758218410468],[-81.0573772977255,35.0766758407366],[-81.0571962975677,35.0773838411039],[-81.0569902979604,35.0782348418624],[-81.0568512976483,35.0788118418394],[-81.0567682970408,35.0791608420064],[-81.0565522978719,35.0799778421134],[-81.0564462967678,35.0806828421127],[-81.0563522972306,35.081555842469],[-81.0564342976938,35.0824058425251],[-81.0565932970266,35.0832908433254],[-81.0568162980822,35.0839948432591],[-81.0570582979167,35.0848708428797],[-81.057082297553,35.0856878435566],[-81.0569872972119,35.0864528429572],[-81.056655297522,35.0871108439444],[-81.0565102981196,35.0873988433809],[-81.0560352975742,35.0881608433345],[-81.0556252973543,35.0886238438486],[-81.0551812968558,35.0891108443382],[-81.0550862970936,35.0892488439517],[-81.0546052978925,35.0897628449085],[-81.054444297204,35.0899718439977],[-81.0538872971511,35.0906908438776],[-81.0534652968249,35.0913758443649],[-81.0531702972138,35.0921298450374],[-81.0528642974629,35.0930468453007],[-81.0527222975217,35.0938088445691],[-81.0525782965055,35.0943048450203],[-81.0524692968708,35.0946798453716],[-81.052248296507,35.0954848455716],[-81.051920297424,35.0962858456505],[-81.0515532972839,35.0969878461364],[-81.0509472971289,35.0977478460557],[-81.0503832961548,35.0983788459205],[-81.0495422965121,35.0990198458983],[-81.0491412965791,35.0992968465093],[-81.048764296771,35.0995108462954],[-81.0482442960097,35.0997748469265],[-81.0478232965557,35.099979846418],[-81.0473682954084,35.1002118470184],[-81.047047295392,35.1003438469453],[-81.0459162954229,35.1007308467766],[-81.0453382954153,35.1008668464425],[-81.0449502953338,35.1009798473108],[-81.0443582953408,35.1011688468955],[-81.0436082949967,35.1013138475136],[-81.0431072942294,35.1013518472345],[-81.0417232943848,35.101563847256],[-81.040859293807,35.1016818475182],[-81.0401282935092,35.1017438473157],[-81.0398852938162,35.1007718472658],[-81.0398552932811,35.1006568472437],[-81.0397882936783,35.1003648465721],[-81.0397112937209,35.1000748469506],[-81.0395562938967,35.0995558462461],[-81.0394442933895,35.0992728466024],[-81.0393192936525,35.0990048474514],[-81.0393142933322,35.0989938467442],[-81.0392492935919,35.0988708464348],[-81.0391672930586,35.0986968461061],[-81.0390812934102,35.0985388466704],[-81.0388832926,35.0982038465684],[-81.0387582934052,35.0980208464622],[-81.0386382936158,35.0978768465665],[-81.0384982936589,35.0976938460502],[-81.038226292705,35.0973578469977],[-81.0380652927248,35.0971928461142],[-81.0378782923525,35.0970318462651],[-81.0377142929916,35.0969368462595],[-81.0374722922875,35.0967758459839],[-81.0371642933265,35.0965788457746],[-81.0370862931145,35.096521845938],[-81.0369042926311,35.0964098463393],[-81.0365662921298,35.0962258469089],[-81.0363252916058,35.0961108460914],[-81.0362142925036,35.0960608463547],[-81.0361202922674,35.0960208461779],[-81.0359592917669,35.095954846013],[-81.0356442922146,35.0958418460564],[-81.0353292923243,35.095744846341],[-81.0350832918227,35.0956778466331],[-81.0349212922368,35.0956388462332],[-81.0347322921061,35.0956018460029],[-81.0343422916298,35.0955348463062],[-81.0333232910831,35.09538984558],[-81.0327742904195,35.0953178464077],[-81.031962291563,35.0952108455348],[-81.0305842905918,35.0950318465188],[-81.030094290832,35.0949788458097],[-81.0297402906513,35.0949288466102],[-81.0290202905433,35.0948388469763],[-81.0287642898213,35.0947988470406],[-81.0283402895558,35.0947438459613],[-81.027391290178,35.0946218467258],[-81.0266702886741,35.0945288465209],[-81.0262532891613,35.0944748459573],[-81.0260152891369,35.0944438461368],[-81.0251162882806,35.0943368461701],[-81.0239602879193,35.0941868463912],[-81.0237682879703,35.0941638462584],[-81.0233972884032,35.0941078459648],[-81.0229722885354,35.0940508466124],[-81.0222542877157,35.093946846233],[-81.0220912879083,35.0939198467305],[-81.0219302886017,35.0938868462759],[-81.0214562882556,35.0937688463611],[-81.0212162880872,35.0936968465341],[-81.0208572867109,35.0935738457283],[-81.020557288016,35.093454846512],[-81.019297287152,35.0929088465888],[-81.0176622868185,35.0922458454083],[-81.0166412862956,35.0919268465205],[-81.0160132856617,35.091796846047],[-81.0150782861818,35.0916138467103],[-81.0148082854279,35.0915718464977],[-81.0144062852873,35.091519846278],[-81.0139482852743,35.0914758459274],[-81.0138382858667,35.0914668459284],[-81.0137172856445,35.0914618469293],[-81.0134752846333,35.0914508459243],[-81.0128672844734,35.0914418465753],[-81.0122622846766,35.0914428468535],[-81.0116082839528,35.0914678458118],[-81.010905284475,35.0915178461621],[-81.01063928442,35.0915518463439],[-81.0103472842953,35.0915998461431],[-81.0099602835373,35.0916788469358],[-81.0096322838616,35.0917618463355],[-81.0092482846233,35.0918838458183],[-81.0089792832435,35.0919798457172],[-81.0086212841806,35.0921298464682],[-81.0083442838219,35.0922618462372],[-81.008163284109,35.0923588467804],[-81.0077832827595,35.0925838471432],[-81.0075822843685,35.092718847267],[-81.0071872840357,35.0930108471385],[-81.0060222831619,35.0939258469946],[-81.0058642824613,35.0940598467693],[-81.0055192828559,35.0943218469699],[-81.0053622831818,35.094440847365],[-81.0051632826461,35.0945828476111],[-81.0050512837086,35.0946608473624],[-81.0047232827558,35.094873846907],[-81.0043322819124,35.0951058468925],[-81.0041202821464,35.0952248477382],[-81.0038922828193,35.095342847746],[-81.0027972827673,35.0958958480198],[-81.0011492825102,35.0966698477162],[-80.9996252811059,35.0973708482502],[-80.9971372806748,35.0985748480835],[-80.9969052809584,35.0987028487339],[-80.9959762799319,35.0992318488262],[-80.9959552803767,35.0992428481231],[-80.9952472794446,35.0996328484563],[-80.9942532800879,35.1001268484888],[-80.9939802797752,35.1002628481652],[-80.993840279283,35.1003338490286],[-80.9937382800358,35.1003838484469],[-80.9928392798612,35.1008128489227],[-80.9906802792812,35.1018728489654],[-80.9898142789028,35.1022748492952],[-80.9886492781513,35.1028158491896],[-80.9855802777758,35.1043238493367],[-80.9835952762771,35.1052558507224],[-80.9823172768938,35.1058768500327],[-80.9816402768463,35.1062208510122],[-80.9808642764,35.106654850584],[-80.9800812762135,35.1071198506032],[-80.9796632766025,35.1073858508662],[-80.9793272754943,35.1076008506803],[-80.9786882759695,35.1080028512546],[-80.9781312758392,35.1083408518928],[-80.9774962753774,35.1087448515508],[-80.9773852757829,35.1088128504848],[-80.9772912759824,35.1088738509674],[-80.9752922746875,35.1100338514727],[-80.975038275293,35.1101958518443],[-80.9747752744353,35.1103478515701],[-80.9725772736654,35.1116018513493],[-80.9721652739299,35.1118568518796],[-80.9718992740005,35.1120218518175],[-80.9718382739987,35.1120558518659],[-80.9723172747925,35.1129878522088],[-80.972431274744,35.1132098523673],[-80.9726032738742,35.1135438522611],[-80.972647275064,35.1136248526807],[-80.972704274926,35.1137278522222],[-80.9728192739697,35.1138948517661],[-80.9729472741377,35.1140558520232],[-80.9729792748059,35.1140958525232],[-80.9730952741686,35.1142118521811],[-80.9732952744741,35.1143708527832],[-80.973523275034,35.1145358532758],[-80.9740862741293,35.11491485243],[-80.9743022739984,35.1150598531946],[-80.9752772753137,35.1157258525465],[-80.9755362753594,35.1158988531774],[-80.9757862755216,35.1160648521315],[-80.9760012757316,35.1161898531013],[-80.9762232757415,35.1162938531921],[-80.9764682756936,35.1163878531777],[-80.976624275297,35.1164378528602],[-80.9768682753498,35.1164978524798],[-80.9776952759606,35.1166558525466],[-80.9779552754005,35.116712852424],[-80.9780682758937,35.116742853164],[-80.9782492770377,35.1168028528151],[-80.9784252765741,35.1168708524721],[-80.9785812768756,35.1169358532324],[-80.9788562763376,35.1170638526987],[-80.9791632761924,35.1172058529729],[-80.9803172771656,35.1177508527081],[-80.9817522771467,35.1184198527882],[-80.9830912774821,35.119040853375],[-80.9833552781864,35.1191758525146],[-80.9833152778642,35.1192148531611],[-80.9831942775184,35.1193478533158],[-80.9827202778773,35.1199038529183],[-80.9826012778645,35.1200668538351],[-80.9823122778949,35.120484854298],[-80.9821372772871,35.1207718535462],[-80.9819962779886,35.121020853329],[-80.9819792780391,35.1210548533405],[-80.9817992771191,35.1214298538259],[-80.9817652778215,35.1215178534431],[-80.9817272773055,35.1215988541967],[-80.9816402778215,35.1218108535655],[-80.9815902774579,35.1219668535307],[-80.9814472776344,35.1224688535497],[-80.9811682772806,35.1235358541363],[-80.9811412778677,35.1236368542454],[-80.9805562773601,35.1258808545958],[-80.9799022771229,35.1284208559044],[-80.9795702769607,35.1297088556651],[-80.9791552772597,35.131321856049],[-80.9789742762101,35.1320268566285],[-80.9787972770377,35.1327138564417],[-80.9782622775402,35.1347948565987],[-80.97822327769,35.1348788567963],[-80.9782082776853,35.1349338563198],[-80.9781392767813,35.1351788567846],[-80.9778542770732,35.1362958577129],[-80.9778302775368,35.1364238564335],[-80.976934276629,35.1360848571362],[-80.9751222762106,35.1353478567839],[-80.9741552761129,35.134961856643],[-80.9735932759421,35.1347458566704],[-80.9723842752777,35.1342488567962],[-80.9711532746129,35.1337558574522],[-80.9706992743904,35.1335838565577],[-80.9701722744712,35.1334038573931],[-80.969917275081,35.1333248565036],[-80.9696712752541,35.1332538566219],[-80.9691392750523,35.1331118572034],[-80.9688242748776,35.133039856745],[-80.9683702744761,35.1329478564056],[-80.9679912734611,35.1328818564346],[-80.9676132739381,35.1328238564818],[-80.9672792736495,35.1327828564524],[-80.9667482727725,35.1327378573082],[-80.9663252739584,35.132710856155],[-80.9658642732679,35.132692856322],[-80.96486627248,35.1326728564256],[-80.9622702729867,35.132622856947],[-80.9611862723574,35.1326018565282],[-80.9606442718854,35.132606857047],[-80.9601492714744,35.1325968564536],[-80.959877270935,35.1325838570832],[-80.9591842710509,35.1325608569369],[-80.9588212706124,35.1325538561462],[-80.956834270577,35.1325138575038],[-80.9553032701125,35.1324838566334],[-80.9549882701678,35.1324758574426],[-80.9543432694468,35.1324518572468],[-80.9539502697492,35.1324268567492],[-80.9536222694572,35.1323968574708],[-80.9529912694505,35.1323378569177],[-80.9523002683643,35.1322468564473],[-80.952082269932,35.1322188570301],[-80.9515392683986,35.1321248577721],[-80.9508472680508,35.1319928562949],[-80.9502672688426,35.1318568565545],[-80.9499582691696,35.1317918568803],[-80.9483782673643,35.1314128568702],[-80.9477722677856,35.1312748571525],[-80.9474222674391,35.1311848573645],[-80.9472002672356,35.1311338567048],[-80.9469612676016,35.1310748569361],[-80.9467662667759,35.1310258566642],[-80.9460642670679,35.1308388577635],[-80.9456472667838,35.1307168568086],[-80.9444602675502,35.1303708563075],[-80.9439112666656,35.1301988565905],[-80.9433992664829,35.1300658570154],[-80.9428442661759,35.1299088568928],[-80.9418312662169,35.1296468571206],[-80.9416492660099,35.1296128568777],[-80.9406082655221,35.1294168567869],[-80.9399982658109,35.1293348571415],[-80.9396472657251,35.1292748571238],[-80.9392932648143,35.1292018564949],[-80.9387602648846,35.1290928572582],[-80.938458264491,35.1289868561176],[-80.9384372653343,35.1289768574316],[-80.9381532653738,35.1288258575621],[-80.9378052645216,35.1286148563572],[-80.9375422642002,35.1283928569308],[-80.9372212641016,35.1280348571203],[-80.9366392644763,35.1270068558888],[-80.9355622637688,35.1251948560583],[-80.9351592632375,35.1244118559947],[-80.9346842633611,35.1235798552436],[-80.9342802632644,35.1227758563271],[-80.9341082635218,35.1224778560317],[-80.9339762628549,35.1222658555406],[-80.9337302634783,35.1218108558213],[-80.9335942634732,35.1215158554191],[-80.9333752632611,35.1211038552993],[-80.9332022636762,35.1208268556462],[-80.9329282627758,35.1203008548642],[-80.9327202623903,35.1199738554928],[-80.9325732631288,35.1196748553194],[-80.9324092630603,35.1193838549591],[-80.9321542627682,35.1189148555627],[-80.9320632630288,35.118772855011],[-80.9317582623715,35.1184408549016],[-80.9316602627338,35.1183348543351],[-80.9315442624982,35.1182428546927],[-80.9314772619513,35.1182028549485],[-80.9313222622281,35.1180748554625],[-80.9310472618548,35.117913855021],[-80.9309002623885,35.1178508550386],[-80.9300862615535,35.11750385476],[-80.9285452614749,35.116849854621],[-80.927953261405,35.1165798545404],[-80.9276712611642,35.1164618542242],[-80.9270302610534,35.1162158544766],[-80.9269502613018,35.1161818545365],[-80.9264772602469,35.1159788548431],[-80.9262252604902,35.1158508540601],[-80.9258552608397,35.1156878548359],[-80.9249262605371,35.1152178547974],[-80.9244482591943,35.1149558545979],[-80.9243212605807,35.1148918536808],[-80.9240962593246,35.1147638548498],[-80.9237482602061,35.1145788538958],[-80.9234192598249,35.1143908544221],[-80.9230282600323,35.114171854227],[-80.9222802598225,35.1137628542805],[-80.9221432598723,35.1136928547263],[-80.9220092595605,35.113623854105],[-80.9217612591217,35.113496854429],[-80.9214512591752,35.1133568541169],[-80.9212552589619,35.1132688538496],[-80.9205852584711,35.1130218544611],[-80.9189832582331,35.1124818548885],[-80.9184762578372,35.112318854016],[-80.9183392571486,35.1122788543614],[-80.9174992577634,35.1119998540981],[-80.9168062584385,35.1117638539137],[-80.9154822573283,35.1112568539473],[-80.9152962568489,35.1114548539509],[-80.9150762568677,35.111700854487],[-80.9141902571007,35.1126028542877],[-80.9137462568864,35.1130668547633],[-80.9135982561455,35.1132208545954],[-80.9132712570926,35.1135428549243],[-80.9131762573251,35.1136258539966],[-80.9130982567457,35.1136878540141],[-80.9129122561878,35.1138248546346],[-80.9125862566381,35.1140268551052],[-80.9117152563164,35.1145688549197],[-80.9110912560824,35.1149618542485],[-80.9103112562605,35.115445855338],[-80.9101502563269,35.1155428549947],[-80.9096902551383,35.1158188553465],[-80.9095242554815,35.1159248549635],[-80.9091512552106,35.1161538555336],[-80.9088662547859,35.1163178550991],[-80.9084632559121,35.1165298545234],[-80.9070352556574,35.1172208553772],[-80.9067032555441,35.1173868557533],[-80.9056172549529,35.1179158557861],[-80.9049912545559,35.1182378559365],[-80.9047162541876,35.1184298560003],[-80.9044562540126,35.1186488558092],[-80.9043242545046,35.1187868559804],[-80.9041722544887,35.1189768562133],[-80.9039642542282,35.1192908565732],[-80.9037102538383,35.1197408560111],[-80.9031512537875,35.1208898565393],[-80.9028752535821,35.1214398565384],[-80.9027222536849,35.1217388566854],[-80.9026682539048,35.1218538570642],[-80.9020572541088,35.1217848560661],[-80.8979682525953,35.1239108569784],[-80.8940222511021,35.122406857382],[-80.8928822510884,35.1228448574085],[-80.8928882515746,35.1227178572969],[-80.8929132507049,35.1225598567912],[-80.8929582504698,35.1224048573225],[-80.8930292514689,35.1222208575338],[-80.8930972505601,35.122048856901],[-80.893273250566,35.1216748567109],[-80.8934792512278,35.1211968567511],[-80.8942712515563,35.1192548564933],[-80.8943532511793,35.1190528560228],[-80.8945222506299,35.1186528563965],[-80.8947682514635,35.1180888562634],[-80.8948252517049,35.1179708559471],[-80.8948882513521,35.1178548560098],[-80.8950272514664,35.1176288562832],[-80.8951042515551,35.1175188552231],[-80.8953262510469,35.1172318561422],[-80.8955642514916,35.1169288565396],[-80.8962492517834,35.1160288548048],[-80.8963302514798,35.1159278561306],[-80.8964782515723,35.1157198552465],[-80.8966272519316,35.1154818552112],[-80.8967082522724,35.1153318555398],[-80.8969072523006,35.1149098560966],[-80.8969502519784,35.1148008556066],[-80.8970152519008,35.1145978549925],[-80.8970312520996,35.1145288552069],[-80.8970462519558,35.1143908548234],[-80.8970432519044,35.1142688554668],[-80.8970362520466,35.1141968555503],[-80.897006251839,35.1140538553546],[-80.8969482519938,35.1138948551851],[-80.8969112514783,35.1138138546129],[-80.8968232518872,35.1136588545136],[-80.8963762506497,35.1129838552272],[-80.8961992513818,35.1127098554118],[-80.8960572512566,35.1124758546981],[-80.8958982520394,35.1122258549813],[-80.895826250501,35.1120958545161],[-80.8957142506782,35.1119058552301],[-80.8955482518321,35.1115718550983],[-80.8951422510199,35.1106488547006],[-80.8949312514743,35.1101938541143],[-80.8948592512572,35.110029854795],[-80.8950042504793,35.1099848547916],[-80.8951302515984,35.1099038543104],[-80.8952922508121,35.1097788539749],[-80.8956462505976,35.1095458538461],[-80.8959112517589,35.1093708539023],[-80.8951282515393,35.1085788543365],[-80.8948112511616,35.1082918536523],[-80.8943102499328,35.1078688541938],[-80.8938802508097,35.1075268530537],[-80.8934232503299,35.1071868542788],[-80.893117249942,35.1069718543229],[-80.8927812503613,35.1067488536805],[-80.8923292500858,35.1064578534876],[-80.8919822503387,35.1062508540723],[-80.8917512496501,35.1061138537454],[-80.8914162504921,35.1059288533296],[-80.8909522496933,35.105681854093],[-80.8905262492394,35.1054678535611],[-80.8900692485454,35.10524785385],[-80.8896752490879,35.1050738532262],[-80.8892162494949,35.1048808533771],[-80.8868742480163,35.1039578534596],[-80.8856742475136,35.1034908530883],[-80.8847482472488,35.1031248539937],[-80.884548247165,35.1030458540786],[-80.8837042469253,35.1027128534853],[-80.8829232463301,35.1024208535381],[-80.8828792461184,35.1024038528676],[-80.8820152458036,35.1020028530428],[-80.8809432460184,35.1014748534299],[-80.8800132458124,35.1008428532403],[-80.8789202452201,35.0999568522223],[-80.8784082456962,35.0994508525307],[-80.878071245695,35.0990708533836],[-80.8779452457259,35.09891385318],[-80.877778244812,35.0987068523217],[-80.8776552453946,35.0985498520592],[-80.8775862453767,35.0984608525536],[-80.8774472455567,35.0982698528674],[-80.8773792445296,35.0981728527773],[-80.8772862454778,35.0980428525196],[-80.8771852445519,35.0978778531068],[-80.8771032443521,35.0977448524036],[-80.8768972453003,35.0973878525398],[-80.8767722449771,35.0971718529121],[-80.876683245206,35.0969918526211],[-80.8765832448228,35.0967718523462],[-80.8765002451317,35.096576851847],[-80.8764312446825,35.0963998523613],[-80.8763772442578,35.0962578514451],[-80.8763732447624,35.0962488520827],[-80.8760222446734,35.0963038519991],[-80.8750432435076,35.0964258524273],[-80.8745342434825,35.0964948518781],[-80.8733932440459,35.0966428526786],[-80.8721062438924,35.0965148522444],[-80.8709382428327,35.0963988520368],[-80.8706172432158,35.0963718522552],[-80.8700652426867,35.0963138526523],[-80.8699792429586,35.0963028525423],[-80.868530242561,35.0954988522744],[-80.8671502418236,35.0961078524383],[-80.8670742417217,35.0962388527988],[-80.8670472426719,35.0963738526388],[-80.8668992413971,35.0967278524187],[-80.8668312424827,35.0968928523945],[-80.8663512412371,35.0967528529398],[-80.8653302410016,35.0964548524709],[-80.8652892417023,35.0965138524742],[-80.865276241647,35.0965328524525],[-80.8651632414285,35.0966998520455],[-80.8649342412136,35.0970348529434],[-80.8647492415275,35.0973068526469],[-80.8646962402932,35.0973858521792],[-80.8642932408976,35.0973088523963],[-80.8639052409371,35.0972338531515],[-80.8636172401488,35.097139852986],[-80.8632912405149,35.0970328524988],[-80.8610652393598,35.0971218533975],[-80.8604062400499,35.0973228529936],[-80.8599662392713,35.097457853086],[-80.859690240317,35.097325853058],[-80.8596952395451,35.0971898521966],[-80.8596792395403,35.0969968529874],[-80.8595422393288,35.0965498524855],[-80.8594572393843,35.0963588524382],[-80.858913239753,35.0952928519615],[-80.8584112395598,35.0943588519664],[-80.8582012394438,35.0939648518217],[-80.8580722393602,35.093783851691],[-80.8579062390306,35.0935728523867],[-80.8571762388123,35.0927528516264],[-80.8566952393274,35.092230852155],[-80.8563302384943,35.0919898515419],[-80.8553672383061,35.0914468516493],[-80.8550262378209,35.0911958525538],[-80.8544262378565,35.0904448517769],[-80.85395323719,35.0898308509155],[-80.8542022378895,35.0895758511788],[-80.854328237315,35.0894908520828],[-80.8544592376789,35.0894158509668],[-80.8548592376695,35.0891888512056],[-80.8552012379765,35.0889718512918],[-80.855390237877,35.0888518508016],[-80.8555902382955,35.0887438512972],[-80.8558622383627,35.088551851853],[-80.8562192385575,35.0883188505646],[-80.8567512385683,35.0880348513132],[-80.856867238574,35.0880778511956],[-80.8573112384235,35.0878158509885],[-80.8574432377382,35.0876938512413],[-80.8575402382359,35.0876038515276],[-80.8580022386763,35.0875998510085],[-80.8586602387062,35.0875908503095],[-80.8619662404444,35.0875438511926],[-80.8622752394784,35.0875468512398],[-80.862592239681,35.0875598507045],[-80.8626402407419,35.0875628512199],[-80.8630542406426,35.0875968509822],[-80.8633982401667,35.0876368506769],[-80.8635692403422,35.0876618507559],[-80.8641572405199,35.0877688505281],[-80.8643952404529,35.0878198508373],[-80.8648062400969,35.0879158508033],[-80.8655312411374,35.0881148505183],[-80.8685392422034,35.088936850894],[-80.8689792422312,35.0890638508532],[-80.8692612420217,35.0891358505695],[-80.8694322426874,35.0891718505527],[-80.8694962417723,35.0891848514632],[-80.869521241819,35.0891898508375],[-80.8698162425017,35.0892438513978],[-80.8699412426261,35.0892628510735],[-80.8700612429062,35.0892818514079],[-80.8701192426024,35.08928785078],[-80.8704632418902,35.0893208509027],[-80.8706112427207,35.0893348510728],[-80.8706502432809,35.0892178513013],[-80.8707052431944,35.0888808510318],[-80.8707302427924,35.0887248503037],[-80.870742242487,35.0886508506042],[-80.8708012426378,35.0882888506771],[-80.8708312425505,35.0879998505992],[-80.870838242556,35.0879328502429],[-80.8708372426668,35.0877608504946],[-80.8708132425959,35.0876068504012],[-80.8707722418721,35.0874578509045],[-80.8707242432179,35.087315850151],[-80.8706622423042,35.0871858507512],[-80.8705712430067,35.0870378502239],[-80.8704642429308,35.0868928510919],[-80.870343242208,35.0867568507125],[-80.870083241941,35.0865008502727],[-80.8698902418289,35.0863098498688],[-80.8691952424598,35.0855968503121],[-80.8690032411738,35.0853998506814],[-80.8687672412393,35.0851578499986],[-80.8686292416008,35.0849988495739],[-80.8685952419745,35.0849508502454],[-80.8686682413507,35.0848938503594],[-80.8691102418317,35.0846608507023],[-80.8692222419178,35.0848038494861],[-80.8692792418081,35.0847528502648],[-80.8696762424961,35.0844058499143],[-80.8697632426668,35.0842538492412],[-80.8709872420162,35.0820718492389],[-80.8718552421929,35.0805278490096],[-80.8725062432347,35.0807038488969],[-80.8726372430945,35.0804278486008],[-80.8728622419511,35.0799578488182],[-80.8734332424243,35.0787518484517],[-80.8734962431192,35.0786198486375],[-80.8735192433582,35.0785728479454],[-80.8736652429355,35.0782658486435],[-80.8740542429483,35.0774518479904],[-80.8745372432133,35.0762478484398],[-80.8745942435342,35.0761068480389],[-80.877351243231,35.0728468471717],[-80.8789782442602,35.0721788467425],[-80.8788752445669,35.0719348470242],[-80.8787862437466,35.0717238459769],[-80.8786192446182,35.0713108467288],[-80.8781512437305,35.0701508467986],[-80.8780922438556,35.0699928469902],[-80.8780472440072,35.0698708466488],[-80.8779542429206,35.0695738461256],[-80.8778862440765,35.0693158459001],[-80.8778652432669,35.0692178463662],[-80.8778232439991,35.0689638462304],[-80.8777792438024,35.0686978465493],[-80.8777392437627,35.0684168461778],[-80.8776902439966,35.0680138462164],[-80.8776212434065,35.067574845338],[-80.8775832434126,35.0673068461699],[-80.877502243296,35.0667278458424],[-80.8774232432842,35.0661588460424],[-80.8773562437273,35.0657228460845],[-80.8770362434564,35.0634498448156],[-80.8769522426519,35.0628858453445],[-80.8767942432518,35.0617548441804],[-80.8766552428387,35.0607608445684],[-80.8765592428313,35.0601168443296],[-80.8765412427108,35.0600238443935],[-80.8765342425662,35.0599838444058],[-80.8745312419061,35.0604828445078],[-80.8743242424227,35.060485844102],[-80.8741482421093,35.0605018443778],[-80.8737652419596,35.0605078440175],[-80.8735902419322,35.0605498449202],[-80.873112242588,35.0605968450043],[-80.8730012412558,35.060637844774],[-80.8722822421064,35.0606358451804],[-80.8719142423979,35.0606418443171],[-80.8715772414894,35.0605808446963],[-80.8714012413192,35.0605438440801],[-80.8711432418401,35.060455845006],[-80.8710462419099,35.0604318445734],[-80.8709492415729,35.0603808452223],[-80.8707752416129,35.0604228454619],[-80.8706022411554,35.0605698445052],[-80.8705392417267,35.060583844069],[-80.8705082406467,35.0606238444181],[-80.8704292407673,35.0606908443671],[-80.8704032413955,35.0607178448196],[-80.8703512405,35.0607708449146],[-80.8702432410309,35.0609298452217],[-80.8702792406803,35.0611138441913],[-80.870282241282,35.0612578453254],[-80.8703172415183,35.061388844874],[-80.8702412416097,35.0615478443766],[-80.8699182409161,35.0620778449178],[-80.8697462411243,35.0622518449008],[-80.8697012403937,35.0623708448213],[-80.8696542408498,35.0624498453789],[-80.8696562414638,35.062528845315],[-80.8696752406059,35.0626338450763],[-80.8697742409049,35.0627768444168],[-80.8698742409684,35.0629728448745],[-80.8701372411943,35.063270845168],[-80.8703352406296,35.0635698456725],[-80.8703712413782,35.0637268457315],[-80.8704382417714,35.0638698453255],[-80.8707952410231,35.0640878455672],[-80.8710882418328,35.0643328455448],[-80.8712522419672,35.0645018450184],[-80.8714142414483,35.0646038452473],[-80.8716422418717,35.0647848456706],[-80.8718202419639,35.0649128450694],[-80.8719372416908,35.0651348452091],[-80.8720532424068,35.0652908459371],[-80.8721532423646,35.065485845566],[-80.8722202417942,35.0656298459565],[-80.8722222416811,35.0657088458739],[-80.8722082415517,35.0658008458776],[-80.8721452415869,35.0658278461296],[-80.872065241598,35.0658288459695],[-80.8719852416953,35.0658168458473],[-80.8719042418869,35.0657788460335],[-80.8718552422735,35.065726846075],[-80.8717252408294,35.0656378452197],[-80.871533241836,35.0656008456423],[-80.8714052418289,35.0656288459426],[-80.8713262416889,35.0656568457622],[-80.8711052414372,35.0657788455675],[-80.8709482409681,35.0658858460864],[-80.8708862411813,35.0659918457551],[-80.8706532408203,35.0662588464259],[-80.8705432415395,35.0663518458917],[-80.8704322410183,35.066392845825],[-80.8703052416302,35.0664218455816],[-80.8701452415991,35.0664238454568],[-80.8699372415999,35.0664138456754],[-80.8697442402988,35.0663778460654],[-80.8694392404789,35.0663538457192],[-80.8693712401119,35.0663498458771],[-80.8690212404404,35.0663198465647],[-80.8687502406783,35.0662348457622],[-80.8685452406626,35.0660768455399],[-80.8684652405482,35.0660198456634],[-80.8683282413658,35.0659398460257],[-80.8681942407891,35.0658908461291],[-80.8680232399679,35.0658718464568],[-80.8678792397116,35.0659138451434],[-80.8677522403441,35.0659268461546],[-80.8676342404066,35.065913845967],[-80.8675232412195,35.0658798453859],[-80.8674432404421,35.0658338467097],[-80.8673802407334,35.0657518465641],[-80.8673822410402,35.0656548465658],[-80.8674062408837,35.0656178460613],[-80.8674232406448,35.0656048455835],[-80.8674982402347,35.0655628454845],[-80.8675772403127,35.0655358463086],[-80.8676472398358,35.0655038451505],[-80.8676662402562,35.0654268456789],[-80.8676592411394,35.0653458457058],[-80.8675232410535,35.0649098463944],[-80.8675012403221,35.0647308462045],[-80.8675612407847,35.0645588464658],[-80.86759024,35.0644138454312],[-80.8676832396783,35.0642938459417],[-80.8677602400488,35.0641618459813],[-80.8679782399107,35.063894845864],[-80.8681012408526,35.0637098457412],[-80.868179239947,35.0636028452392],[-80.8683692397334,35.0635208459738],[-80.868431239868,35.0634548454121],[-80.8684252399892,35.0632048456856],[-80.8684682400035,35.0629678457449],[-80.8685122405852,35.0627828452337],[-80.8685162410414,35.062650844843],[-80.868490240398,35.0625468450174],[-80.8684242402412,35.0624688446584],[-80.8683302407865,35.0624078444095],[-80.868231240073,35.0623938448453],[-80.8681512401753,35.062394844847],[-80.8678662401706,35.0625178454458],[-80.8677812405761,35.062581845583],[-80.8677092403872,35.0626118455164],[-80.8676302407123,35.0626788453543],[-80.8675672402835,35.0626928451498],[-80.8675182405884,35.0626808449164],[-80.8674072396253,35.0626818452251],[-80.8673422403562,35.0626568454646],[-80.867150240127,35.0626598459005],[-80.8670222396559,35.0626468447778],[-80.8668832398811,35.062665845251],[-80.8666732403089,35.062758845844],[-80.8664502399245,35.0627628447568],[-80.866337239657,35.0627508453387],[-80.8662892401215,35.0627258454778],[-80.8662402404784,35.0626738451109],[-80.866078239535,35.0625978451088],[-80.8659962391476,35.0625928453117],[-80.8658862404989,35.0625878454238],[-80.8658062403756,35.062562845881],[-80.8657102398834,35.0625508455156],[-80.8656712401589,35.0625338454583],[-80.86559723895,35.0624998457313],[-80.8655152401577,35.0624218458194],[-80.8654332402677,35.0623318449951],[-80.8653512396085,35.0622538450042],[-80.8652402400758,35.0622058452939],[-80.8651742390023,35.0621778447641],[-80.8650772391025,35.0621528459242],[-80.8649972395279,35.0621408448401],[-80.8648792389311,35.0621158447884],[-80.8646762391277,35.0620938454606],[-80.8645162401157,35.0620828453092],[-80.8644162393221,35.0620568445822],[-80.864307238577,35.0620208446851],[-80.8641942397402,35.0619438446911],[-80.8641122393538,35.0618788455727],[-80.8639982393943,35.0617628449484],[-80.8638482392173,35.0615018450667],[-80.86370023901,35.061320844894],[-80.8636332385201,35.0611768445203],[-80.8636322399297,35.0611238451114],[-80.8637232392004,35.0609128451206],[-80.8638782385688,35.0606998452572],[-80.8638762387317,35.0606348451026],[-80.8638892392433,35.0605158447354],[-80.8638232391939,35.0604118448505],[-80.8637742389433,35.0603728443217],[-80.8637412387341,35.0603338447021],[-80.8635652394323,35.0602978443553],[-80.8635172384561,35.0602978451134],[-80.8634542390684,35.0603518450783],[-80.863407238687,35.0604048451736],[-80.863393239403,35.0604578452747],[-80.8633772384808,35.0604848449254],[-80.8633472391428,35.060576844626],[-80.863334239016,35.0606508447985],[-80.8633202381477,35.0606668441754],[-80.8632862387929,35.0606958446651],[-80.8632552396381,35.0607358448692],[-80.8630162392642,35.0607398455443],[-80.8628222392546,35.0606768453979],[-80.8623892388655,35.0605788447089],[-80.8623582378132,35.0605788451102],[-80.8622622379057,35.0606458458123],[-80.8622272389786,35.0606758451108],[-80.8621032379978,35.060752844969],[-80.861964237992,35.0609268448878],[-80.8617922386542,35.0610478446698],[-80.8615852387018,35.0610768456203],[-80.8614412383193,35.0610788443576],[-80.861186238474,35.0611098452561],[-80.8611242383345,35.0611628448684],[-80.8609822384149,35.0612698454952],[-80.8608892375979,35.0613768453041],[-80.8607642386684,35.0614968449503],[-80.8606862384727,35.0615898452846],[-80.8606562376974,35.061682846],[-80.8606422383972,35.0617748454006],[-80.8607092380384,35.0618918449665],[-80.8607582383481,35.0619568455928],[-80.8608872378773,35.0620078448735],[-80.8609212381897,35.0620728458397],[-80.8609392386702,35.0621648451834],[-80.8608932379222,35.0622468455062],[-80.8608162386808,35.062376845618],[-80.8603152382878,35.0628438450024],[-80.8601262374409,35.0629788462141],[-80.8599522382491,35.0630598456342],[-80.8596652380716,35.0630648450789],[-80.8595532377774,35.0630788453177],[-80.8594592371411,35.0631328454744],[-80.8593642372243,35.0632008454206],[-80.8593502384409,35.0632928464252],[-80.8593252381259,35.0635688455225],[-80.8593132386481,35.0637798460401],[-80.859316238336,35.0638848456812],[-80.8592582383421,35.064147846384],[-80.8591042372811,35.0644128457277],[-80.8590422384494,35.064506846353],[-80.8589652379983,35.0646258460597],[-80.8588252380624,35.0647728460885],[-80.8586192373175,35.0648678455333],[-80.8584772369258,35.0649218454079],[-80.8583982374673,35.0649888462468],[-80.8583052378568,35.0650958465912],[-80.8582582381006,35.06513584648],[-80.8582442375497,35.0652538461877],[-80.858190237429,35.0653588458773],[-80.8581102374901,35.0653448466764],[-80.8577972379928,35.0652878462909],[-80.8567542374452,35.0651548464119],[-80.855434236796,35.0650418459563],[-80.8540242359136,35.0650448462213],[-80.8523192358132,35.0650398464164],[-80.8522242362634,35.0650398469485],[-80.8509082351095,35.0650378467711],[-80.8466832344028,35.0650318465086],[-80.846531234615,35.0650318461877],[-80.8458492339706,35.0650298457942],[-80.8456342342853,35.0650298464385],[-80.8407292332928,35.0650038467346],[-80.8384892321907,35.0649968465561],[-80.8381232316529,35.0649788464363],[-80.8372632306963,35.0649398463537],[-80.8369662307241,35.064922846546],[-80.8363452307685,35.0648628464607],[-80.835949230874,35.0648208472636],[-80.8354212306609,35.0647558467768],[-80.8348972306933,35.0646808471408],[-80.8341782306587,35.0645618471691],[-80.8336962298865,35.0644698476296],[-80.8333002305926,35.0643998466314],[-80.8303652294881,35.0638518464773],[-80.8296222283782,35.0637238470171],[-80.8290512289782,35.0636338468943],[-80.8285552288946,35.0635678466557],[-80.8281552281786,35.0635228468332],[-80.8276742291695,35.0634788465882],[-80.8272012281245,35.0634418463125],[-80.8268562280189,35.063421847031],[-80.8259112272981,35.0634008465531],[-80.8254622274661,35.0634008465987],[-80.8245572266396,35.0634278469186],[-80.823698226643,35.0634788476694],[-80.822855227379,35.0635138472999],[-80.8210012267545,35.0636178473968],[-80.8212292263606,35.0638808468094],[-80.8218662270983,35.0646178466892],[-80.8220272268767,35.0648168468835],[-80.8221382276436,35.0649838478065],[-80.8223662265041,35.0653528477939],[-80.8224642263741,35.0655428470529],[-80.8226282274513,35.0658808478605],[-80.8228182273883,35.0664408471163],[-80.8232222271531,35.0676668482906],[-80.8233102267279,35.0679338479421],[-80.8236452270484,35.0689358477681],[-80.8236812272214,35.0690438474041],[-80.8237482277935,35.0692748487517],[-80.8240052272133,35.0700278480545],[-80.824186228132,35.0705328479235],[-80.8243102276455,35.0708858482284],[-80.824487227251,35.0714168481761],[-80.8245222284531,35.0715638484881],[-80.8245592282629,35.0717528483345],[-80.8245662272485,35.0718478489011],[-80.8245702274253,35.072034849002],[-80.8245592276691,35.0721388484979],[-80.8245402277822,35.0722438488855],[-80.8244952278673,35.0723978484472],[-80.8244442286649,35.0725568489504],[-80.8242782280135,35.0729788495422],[-80.8239172285879,35.0737948494858],[-80.8237472280389,35.0742028495333],[-80.8236912278079,35.0743578488946],[-80.8235802275812,35.0746958498284],[-80.8235332273652,35.0749058490611],[-80.8234312276524,35.0755448501028],[-80.8233962279658,35.0756948499354],[-80.8233782280979,35.0757488492995],[-80.8233172273747,35.0758938499809],[-80.8232592279893,35.0759898501266],[-80.8232042274958,35.0760628493294],[-80.8230132278593,35.0762688500326],[-80.8225362279964,35.076720850129],[-80.8223132278928,35.0769328497906],[-80.8222282278883,35.0768728503203],[-80.8221522275312,35.0768168498727],[-80.8219372280487,35.0768018506288],[-80.8215132271039,35.0769178505747],[-80.8213862276387,35.07692884949],[-80.8211692274867,35.0770168502378],[-80.8209882270026,35.0770428495423],[-80.8208892266832,35.0770818496841],[-80.8207652265862,35.077147850201],[-80.8205972270912,35.0771858501718],[-80.820417226559,35.0771918506092],[-80.8203072266958,35.0772058496839],[-80.8201852266755,35.0772398501896],[-80.8199612270213,35.0773548500018],[-80.8197602274312,35.0774038502429],[-80.8196382269324,35.0774108507552],[-80.8194132267302,35.0773768497089],[-80.8193052270988,35.0773118507915],[-80.8192422263926,35.0773108507138],[-80.8189682261127,35.0773858499512],[-80.8187502261788,35.0774268501462],[-80.8185612263687,35.0774528508709],[-80.8184462270704,35.077445850546],[-80.818277226285,35.0774098508068],[-80.8182052266272,35.0773178494317],[-80.8182392258438,35.0771978501933],[-80.8181972255779,35.0771058496751],[-80.8179902268001,35.0769048492557],[-80.8178992261826,35.0768028506607],[-80.8177692259853,35.0767278507124],[-80.8175642252891,35.0766528499111],[-80.8173852268305,35.0766448500221],[-80.8172002258801,35.0765388496426],[-80.8170892267391,35.0764458504022],[-80.816968226241,35.0763358506865],[-80.8169522260448,35.0763608494311],[-80.8168082262687,35.0766888505746],[-80.8167402255007,35.077006849473],[-80.816680226559,35.0778568505513],[-80.816584225894,35.0789278506906],[-80.8165482257299,35.0795198504281],[-80.8165132258092,35.0797028513808],[-80.8164572259029,35.0798888505935],[-80.8163292263888,35.0801468508283],[-80.8160552259432,35.0805668514738],[-80.8157612262713,35.0808828512359],[-80.8154582256145,35.0811348514935],[-80.8150852257235,35.0813568509532],[-80.8139342259206,35.0818598514668],[-80.8129992249571,35.0822318518269],[-80.8129552256744,35.082261851574],[-80.8126012252508,35.0825018511167],[-80.8122612243913,35.0828068509504],[-80.8120982243353,35.0829938514439],[-80.811859224828,35.0833338522339],[-80.8116732250661,35.0837848525495],[-80.8115962246473,35.0841388525665],[-80.8115832252981,35.0846248524617],[-80.8117652247823,35.0854298527475],[-80.8120022247291,35.0862768522639],[-80.8120322249186,35.0865838523362],[-80.8120152252055,35.0869608516897],[-80.8118832254965,35.0874958528385],[-80.8113692249843,35.0875638524637],[-80.8104182248549,35.0876888521256],[-80.8098982250823,35.0877608529828],[-80.8091352249789,35.0878688527831],[-80.8089372239845,35.0879028531149],[-80.8084942240864,35.0879818532823],[-80.808413223808,35.0880058523517],[-80.8080152239585,35.0881278527634],[-80.8075752231672,35.088297852243],[-80.8072572230501,35.0884658530065],[-80.8069322237254,35.0886468536683],[-80.8066082229625,35.0888848531261],[-80.8061942231622,35.0892498536014],[-80.8058502234491,35.0896258534228],[-80.8051512231208,35.0904718542826],[-80.8046772228445,35.0908748536409],[-80.8042962223388,35.0911418536008],[-80.803982222058,35.0913248537037],[-80.8037162230603,35.0914448541227],[-80.803501223075,35.0915348533643],[-80.8032812232039,35.091614853863],[-80.8030562225357,35.0916858537108],[-80.8027492218763,35.0917658538014],[-80.802515222697,35.0918138538342],[-80.8021982219854,35.0918638539669],[-80.8007142222984,35.092102853603],[-80.7976412201984,35.0925948546891],[-80.796664220216,35.0927498549002],[-80.7953732203526,35.0930378543741],[-80.7939952195715,35.093424854431],[-80.7939232195253,35.0934498540907],[-80.7937402196408,35.0935148549923],[-80.7931102191435,35.0937388540977],[-80.792197220127,35.0941018550118],[-80.7912062191982,35.0945398545466],[-80.790953218641,35.0946668547235],[-80.789590219326,35.0953528548761],[-80.7888512177992,35.0957378550959],[-80.7878692177229,35.0962348553526],[-80.7874022175172,35.096463854775],[-80.7864842176667,35.0969158554005],[-80.7856272183685,35.0973368561103],[-80.784127216721,35.0980948559889],[-80.7838972169988,35.0982108557254],[-80.7832982167346,35.0985138564024],[-80.7821882162196,35.0990648564782],[-80.7821512172533,35.099079856401],[-80.781943216696,35.0991658560974],[-80.7815592162621,35.0993128563342],[-80.7811692168281,35.0994488556061],[-80.78077421593,35.0995728563777],[-80.7803732163048,35.0996858560749],[-80.7799682159145,35.0997878567524],[-80.7795592160943,35.0998778566467],[-80.7791462159343,35.0999558566354],[-80.7787442162478,35.1000198559483],[-80.7785212160292,35.1000508568379],[-80.7784372152007,35.100070856595],[-80.7781852152922,35.1001418562019],[-80.7778822157853,35.10024385644],[-80.7776252153672,35.1003448570115],[-80.7773942146264,35.1004498563083],[-80.7771352156602,35.1005828568464],[-80.7763672152111,35.1010688566404],[-80.7760832152143,35.1012478573924],[-80.7749822149752,35.101956857373],[-80.7749012146611,35.1020098568662],[-80.7746462138869,35.1021638569029],[-80.7744572149569,35.1022798570218],[-80.7743462150335,35.1023478571991],[-80.7735972145682,35.1027678574196],[-80.7733592147072,35.102876857405],[-80.7728932139894,35.1030918573304],[-80.7723342132862,35.1033318579891],[-80.7713782141103,35.1037448571317],[-80.7708352140358,35.1039658577638],[-80.7699422127098,35.1044118569473],[-80.7695622141617,35.1046028580219],[-80.7690642134728,35.1048428583439],[-80.7689042134059,35.1049208586699],[-80.7684662138725,35.1051658581092],[-80.7682692129505,35.1053078582417],[-80.7678142126908,35.1056368576814],[-80.7675762132243,35.1058108584059],[-80.7671472129581,35.1061218579417],[-80.7666952121803,35.1064508587074],[-80.7661102128768,35.1068678577994],[-80.7656422121817,35.1072128586926],[-80.7647442120547,35.1078778584532],[-80.7638462115691,35.1085398587929],[-80.7636832118741,35.1086618588729],[-80.7616202118656,35.1101758592944],[-80.7612992108786,35.1104108594543],[-80.761230210924,35.1104618595302],[-80.7609962107412,35.1106348588948],[-80.7601882109083,35.1112298600812],[-80.759578210887,35.1116448599239],[-80.7591522106383,35.111922859965],[-80.7587202100972,35.112194859874],[-80.7586142104952,35.1122538598025],[-80.7582492101001,35.1124428602978],[-80.7573742096772,35.1128808605097],[-80.7565452098462,35.1132738607763],[-80.7556552101069,35.1136348597158],[-80.7547542092802,35.1139548600423],[-80.7545352095758,35.1140388604975],[-80.7543192091152,35.114115860995],[-80.7540212097034,35.1142148602499],[-80.7538002093958,35.1142838602021],[-80.7536902092775,35.1143138608963],[-80.7532622089848,35.1144358604913],[-80.7529422090084,35.114510860581],[-80.7526172091919,35.1145668603991],[-80.752195208668,35.114618860262],[-80.7519182083127,35.1146438603224],[-80.7516402083228,35.114656860164],[-80.7515402079481,35.1146578602613],[-80.749244207945,35.1146908607931],[-80.7472882071131,35.1147188605977],[-80.7469492072936,35.1147288612906],[-80.7464622071375,35.1147638604729],[-80.746284206225,35.1147848610697],[-80.7459602066768,35.1148298611506],[-80.7456162068846,35.1148968603397],[-80.7454512065958,35.1149328604959],[-80.7451232064829,35.1150198612006],[-80.7448462060304,35.1151028614156],[-80.7446252068256,35.1151818613899],[-80.7442872059747,35.1153148614202],[-80.7442442066951,35.1153308611948],[-80.74384220687,35.1155258605239],[-80.7442022055981,35.1171378617564],[-80.7446452065264,35.117136861811],[-80.7445282062016,35.1173168617291],[-80.7447572061253,35.1173788613974],[-80.7448512068586,35.1174128615597],[-80.7453362074569,35.1175448614194],[-80.7453992068168,35.1177368613743],[-80.7454402061153,35.1178528608184],[-80.7456012067277,35.118132861712],[-80.7458262072305,35.1181818617559],[-80.7458702064936,35.1181918613712],[-80.7460172074975,35.1182248611526],[-80.7462292074242,35.1183108614136],[-80.7463372070935,35.1184438613076],[-80.7464372069845,35.1185698620908],[-80.746452207274,35.1185968614762],[-80.7465972067519,35.1188508616392],[-80.7466472070136,35.1189388615439],[-80.7467122081238,35.1189248617843],[-80.7470812076881,35.1188438621275],[-80.7473462072351,35.1187778610657],[-80.7479972079895,35.1186528620155],[-80.7482592082108,35.1185978614986],[-80.7489252075165,35.118444861486],[-80.750805208744,35.1180288615281],[-80.7511582085823,35.1179908611826],[-80.7511442086824,35.1180238605051],[-80.7511032085241,35.1180538611205],[-80.7510722085061,35.1180578619492],[-80.751041208345,35.1180528610102],[-80.7510222081551,35.1180738610222],[-80.7509992083443,35.1181268615526],[-80.7509592082891,35.1181418609146],[-80.7509372083578,35.1181368620356],[-80.7508842079497,35.1181618612134],[-80.7508812086052,35.1182268609035],[-80.7508682080653,35.1182418611182],[-80.7508482083944,35.1182508615177],[-80.7508102082185,35.1182828616181],[-80.7508002078623,35.1182998614117],[-80.7508162094353,35.1183378608405],[-80.7507282089814,35.1184628617168],[-80.750672209097,35.1185978611677],[-80.7506332083059,35.1186678618028],[-80.7506082088448,35.1187798615919],[-80.7505792085658,35.1188688613546],[-80.7505692084537,35.1189488617214],[-80.7505622082436,35.1190178621468],[-80.7505382086225,35.1191768623248],[-80.7505322086079,35.1193128619522],[-80.7505182081587,35.119452861678],[-80.7505352089767,35.1196238615381],[-80.7505942090606,35.1197388618638],[-80.7506622086068,35.1197808620382],[-80.7506882086916,35.1198088609956],[-80.7507122087974,35.1198428621535],[-80.7507212085674,35.1198738619126],[-80.7507222084433,35.11993286196],[-80.7507292082551,35.1199628619546],[-80.7508112082762,35.120040861841],[-80.7508182085344,35.1200608619735],[-80.7508272081402,35.1201198623911],[-80.7508412084476,35.1201488620094],[-80.7508562091912,35.1201648620175],[-80.7509052081603,35.1201918622118],[-80.7509202082879,35.1202068614245],[-80.7509412089011,35.1202628613233],[-80.750974209409,35.1203158625233],[-80.7511052084848,35.1204938619045],[-80.7511732088282,35.1205938620052],[-80.751229209125,35.120655861494],[-80.751287209159,35.1207358616338],[-80.7513042090949,35.1208338618574],[-80.7512932088845,35.1210478617822],[-80.7513052088035,35.12116086168],[-80.7513122089263,35.1213138622278],[-80.7513252091879,35.1213838620592],[-80.7513462086609,35.1215758620268],[-80.7513612090337,35.1216468625061],[-80.7513762086723,35.1216938619121],[-80.7513842091708,35.1217458621774],[-80.7513832089202,35.1217888622368],[-80.751366209029,35.1218248614587],[-80.75133220872,35.1218538617215],[-80.7512842089175,35.1218858617342],[-80.7512312095675,35.1219338621892],[-80.7512102089721,35.1219528625643],[-80.7511912094649,35.1219798628403],[-80.7511922090198,35.1220148626996],[-80.7512112090468,35.1221348622697],[-80.7512382087722,35.1222298621106],[-80.7512622088958,35.1222958615965],[-80.7512842085825,35.1223548619613],[-80.7513132084595,35.122471862031],[-80.7513702087719,35.1226918618817],[-80.7514152085717,35.1228208631349],[-80.7514672093491,35.1229158629292],[-80.7514992094593,35.1230128621363],[-80.7515002090083,35.1230528623656],[-80.7514662088258,35.123124862631],[-80.7514632086951,35.1231618625558],[-80.7514692090118,35.1232088625797],[-80.7514892088408,35.1232998623802],[-80.7515142082887,35.1233398626892],[-80.7515342085026,35.1233928619727],[-80.75153920948,35.123443862535],[-80.7514962092334,35.1236538624311],[-80.7514972087891,35.1237008628208],[-80.751511208373,35.1237868626734],[-80.7515022087674,35.123830862281],[-80.7515022085723,35.123954862733],[-80.751493208168,35.1240098629935],[-80.7504112083165,35.1236868624719],[-80.749510208019,35.1233648622296],[-80.7475172075375,35.1231658626704],[-80.7473112068202,35.1231458627161],[-80.7475072077558,35.1235298632101],[-80.7477402082851,35.123987862166],[-80.7480812076935,35.1246498623695],[-80.7482302078537,35.1249208631288],[-80.7483542076526,35.1251208624729],[-80.7484622080157,35.125272863015],[-80.74859820825,35.1254378625642],[-80.7486772083559,35.1255218633992],[-80.7487212089684,35.1255638631212],[-80.7487532082287,35.1255928630085],[-80.7489302082405,35.1257358634322],[-80.7491242078397,35.1258768629438],[-80.749392208721,35.1260418628349],[-80.7493092089058,35.1262258630771],[-80.7484142083503,35.1261378626011],[-80.7481662078459,35.1261138636325],[-80.7481632078004,35.1261668635389],[-80.7481092083992,35.1275838638383],[-80.7480752086327,35.1284888635062],[-80.7470022074514,35.1282768630366],[-80.745997207885,35.1280548641713],[-80.7441662069421,35.1276968640274],[-80.7437782076602,35.1279868633294],[-80.7436422070276,35.1280898639841],[-80.7435612067163,35.1281548637723],[-80.743458206732,35.1282198635974],[-80.743408207325,35.1281938638858],[-80.7433252071846,35.1281838634601],[-80.7432722059733,35.1281968640464],[-80.7432052069511,35.1282458634465],[-80.7428162065437,35.1280658632329],[-80.7429342071153,35.1279278636811],[-80.7430702070777,35.1274868640825],[-80.7420762060064,35.1272728635803],[-80.7420542058671,35.1275418633452],[-80.7419982062694,35.1277498630859],[-80.7419712062306,35.1278518636204],[-80.7417732066568,35.1286018640538],[-80.741892207079,35.1286768642669],[-80.7422282066972,35.1288638646061],[-80.742094207332,35.1290948640829],[-80.7427622061997,35.1293178636977],[-80.7428442061647,35.1293798643366],[-80.7434012066831,35.1295838641419],[-80.7434372067518,35.1295978643004],[-80.7434022074781,35.1298458638797],[-80.7433992069501,35.1298728636967],[-80.7434412069711,35.1301548647359],[-80.7434442071414,35.130222863711],[-80.7434592070596,35.1302718646876],[-80.7435012068052,35.1303678640951],[-80.7435212066158,35.1304038646404],[-80.7435342068481,35.1304588640643],[-80.7435472077659,35.1305648642953],[-80.7435592068427,35.1307208645788],[-80.7436112066237,35.1310268647155],[-80.7436392072774,35.1313048643526],[-80.7436382067281,35.1313448645624],[-80.7436652078955,35.1315548643015],[-80.7435872071656,35.131578864833],[-80.7434942061706,35.1316098646245],[-80.7432782070249,35.1317718640493],[-80.7430752066979,35.1319668649296],[-80.7429892073435,35.1321368655112],[-80.7429162066067,35.1322018647752],[-80.7427792069227,35.1323768646047],[-80.7427542068863,35.1324108653865],[-80.7426262073059,35.1325648655132],[-80.7425652064844,35.1326178649881],[-80.7424242066619,35.1327408654891],[-80.7423482074343,35.132779865364],[-80.7422762064563,35.1328168654565],[-80.742168206248,35.1328718650979],[-80.742043206687,35.132935865322],[-80.7418852061404,35.1330158651895],[-80.741784207153,35.1330678648523],[-80.7412342068801,35.1332738653347],[-80.7406062064557,35.1334848656887],[-80.7404612066127,35.1332068649209],[-80.7402622062158,35.1328268648263],[-80.7398682059681,35.1329918651926],[-80.736675205042,35.1343338659307],[-80.7365022051439,35.1339968655881],[-80.731290203737,35.1359298658047],[-80.730967204202,35.1360668655448],[-80.7298092030845,35.1365588659474],[-80.7293432031828,35.1366638661281],[-80.729408202655,35.1367488667932],[-80.7305322029056,35.1382038664319],[-80.731054204267,35.1390408665566],[-80.7306882036321,35.1391368664689],[-80.730519203651,35.1394468667472],[-80.7272952028376,35.1411008675282],[-80.7273472031671,35.1411718673118],[-80.7273922023044,35.1412608668648],[-80.7274532023513,35.1413618671322],[-80.7275612026425,35.1414848673927],[-80.727670202487,35.1416188673646],[-80.7277552026977,35.1417618676678],[-80.7278692032883,35.1420108669408],[-80.7264392030222,35.1419058680023],[-80.7234522018731,35.1416868674575],[-80.7233222014606,35.1416778669826],[-80.7220642013531,35.1426458676461],[-80.7203252003825,35.1425888679995],[-80.7206612009015,35.1429648678763],[-80.7208402003081,35.14317286771],[-80.7212912006782,35.1436998673353],[-80.7225232017463,35.1450958683409],[-80.7219772008426,35.1453848685538],[-80.7223752017668,35.1460308684328],[-80.7204442011506,35.1462738686578],[-80.7195482009337,35.1463878685229],[-80.7197632008524,35.1466568682357],[-80.7198902004597,35.1468148686108],[-80.7170651998468,35.1477338686572],[-80.7161201996151,35.1480418693603],[-80.7179142006312,35.1497018689364],[-80.7182952007552,35.1500548693836],[-80.7194122008091,35.1510898694092],[-80.7191132014882,35.1538558705358],[-80.7195222015889,35.1541718708553],[-80.7197942013704,35.1543818705676],[-80.7202892018994,35.1547638703684],[-80.7199812018609,35.1550258699529],[-80.7161512001092,35.1579798719358],[-80.7158722004362,35.1581928719369],[-80.716201200263,35.158832871596],[-80.7164412001162,35.1593008713197],[-80.7165351999007,35.1594638716439],[-80.7162772002941,35.159590870956],[-80.716038200538,35.1597108712486],[-80.717596201478,35.1620238717267],[-80.7174702004795,35.1620598718795],[-80.7173282001795,35.162103871982],[-80.7172332011542,35.1621378716234],[-80.7171812006171,35.1621568715641],[-80.7169532006506,35.1622528715326],[-80.7169022005725,35.1622738713322],[-80.7166712010035,35.1623888723796],[-80.7165572014402,35.1624528718575],[-80.7164052000629,35.1625518721264],[-80.7162812006056,35.1626398725881],[-80.7161432006624,35.1627468720265],[-80.7159392005233,35.1629178730452],[-80.7151491995648,35.1636958722594],[-80.7137282003542,35.1650788726858],[-80.7134651995189,35.1653628729404],[-80.7131822001977,35.1656418735105],[-80.7131131995928,35.1656778734637],[-80.7128181993032,35.1659698730864],[-80.7123361999292,35.1664398728233],[-80.7109041993831,35.167854873915],[-80.7105901997044,35.1681678736458],[-80.7104301990429,35.1683358737124],[-80.7102961992145,35.1684858738678],[-80.7101861983137,35.168622873982],[-80.7099951993482,35.1688818738223],[-80.7086221988252,35.1708398737167],[-80.7081191982282,35.1715478742387],[-80.7071311980614,35.1729428745935],[-80.7069161975961,35.1732388745478],[-80.7068441984043,35.1733508742281],[-80.7077501991789,35.174198874656],[-80.7081181982908,35.1745578753396],[-80.7075641983345,35.1749508756421],[-80.7074581989684,35.1750148747914],[-80.707277198181,35.1751128750174],[-80.7070981980112,35.1752018748436],[-80.7069781985216,35.1752518745841],[-80.7069971982403,35.1755718752965],[-80.7070981982428,35.1772018759227],[-80.7082661993119,35.1782768763193],[-80.7120531997529,35.18172087664],[-80.7130642007706,35.18264087637],[-80.713680201041,35.1832008763611],[-80.7139792006113,35.1834728761883],[-80.7139502016713,35.1834788763368],[-80.7138122012169,35.1834618763427],[-80.7136952009283,35.1834478766052],[-80.7134232004874,35.1834448767693],[-80.7133012005848,35.1834608762781],[-80.7132142011152,35.1834838765508],[-80.713156200763,35.1835158768065],[-80.7131102006311,35.1835428771028],[-80.7129792008268,35.1835658767385],[-80.7129102014441,35.1836018771523],[-80.7129282009646,35.1836598766269],[-80.7128532011568,35.1838048767709],[-80.712829201212,35.183912876495],[-80.7127192003302,35.184108876682],[-80.7126412008192,35.1841608762743],[-80.7125632001019,35.1841978776387],[-80.7124251998616,35.1842998770344],[-80.7124092000051,35.184350877509],[-80.7123831998549,35.1843868771678],[-80.7123312008824,35.184430877119],[-80.7122622007004,35.1844608769771],[-80.7122282000207,35.1844968763025],[-80.7121762009133,35.1845408770876],[-80.7121402002937,35.1846068776489],[-80.7121262008755,35.184663876978],[-80.712063200557,35.1847288767905],[-80.7120342006658,35.1847628776134],[-80.7120151997209,35.1847878767772],[-80.7119282005819,35.1848178770487],[-80.7118512005195,35.1848708771644],[-80.7118332004889,35.1848838770989],[-80.711725200663,35.1849178774467],[-80.7116152010249,35.1849448770996],[-80.7115801996695,35.1849668767629],[-80.7115552002553,35.1850248765393],[-80.7115301998699,35.1850678772334],[-80.7115312007277,35.1851108768053],[-80.7115241997249,35.1851838769326],[-80.7114992008776,35.1852628768538],[-80.7114302006542,35.1852998771772],[-80.7113782004518,35.1853508776719],[-80.7112392006418,35.1854028769073],[-80.7112022005584,35.1854518780387],[-80.7111082004492,35.1854408771599],[-80.7110392004934,35.1854488771511],[-80.7110131999564,35.185463877238],[-80.7109961998447,35.1854998772415],[-80.7109721995281,35.1855938773256],[-80.7109032005956,35.1856448774304],[-80.7108052007436,35.1856778770993],[-80.710751199986,35.1856938773976],[-80.7107221997693,35.1856978770155],[-80.7105882006151,35.1856998775013],[-80.7103971998197,35.1857678774112],[-80.7102752002964,35.1858198775532],[-80.7102152001863,35.1858848780977],[-80.7101991999677,35.185928877294],[-80.7102002003564,35.1860008778632],[-80.7102292000852,35.1861008775008],[-80.7102581996132,35.1862438773331],[-80.7102602002604,35.1863588774731],[-80.710219200628,35.1864818772008],[-80.710134199612,35.1865908779687],[-80.710082199805,35.1866498768977],[-80.7100051999115,35.1867008778256],[-80.7099092005539,35.1867528776984],[-80.7097532004083,35.1868268776011],[-80.7094661996863,35.1869168774932],[-80.7093792001284,35.186961877667],[-80.7091792003853,35.1870358776592],[-80.7089431996074,35.1870538781549],[-80.7088122004921,35.1870848775954],[-80.7087781998754,35.1871358776822],[-80.7087361988204,35.1871788781949],[-80.7086851992237,35.1872808769698],[-80.7086351995906,35.1874108780186],[-80.7086021989416,35.1874698782729],[-80.7084581998526,35.1877298771794],[-80.708313199903,35.1879048787435],[-80.708245200172,35.1880138777212],[-80.7081591995777,35.1881078776387],[-80.7081171996797,35.1881948779517],[-80.70805919949,35.1882498782698],[-80.7079551989993,35.1883308778385],[-80.7079461999389,35.1883548785123],[-80.7079571995674,35.1884558776202],[-80.7079531989554,35.1884948779865],[-80.7079301997363,35.1885238783595],[-80.7078532002956,35.1885658780484],[-80.7078101992474,35.1886038785222],[-80.7077871993607,35.1886508775823],[-80.707722198986,35.1887618787076],[-80.7076562002987,35.1888508776435],[-80.7076051994967,35.1889038782939],[-80.7075491992288,35.1889808780748],[-80.7075201996405,35.1890318783717],[-80.707420199429,35.1891858778616],[-80.7073481992049,35.1893138781609],[-80.7072961990763,35.1893738784025],[-80.7072281989132,35.1894168776046],[-80.7072161998133,35.1894498789032],[-80.707212199267,35.1894948775981],[-80.7071921992199,35.1895408784751],[-80.7070881997994,35.1896918776929],[-80.7070211990237,35.1898058783252],[-80.706877199,35.1900168784323],[-80.7068311990811,35.1901048777842],[-80.7067881989626,35.1901988782159],[-80.7067231993484,35.1902968776178],[-80.706670199297,35.1903358789234],[-80.7066471991763,35.190365878921],[-80.7066251985349,35.1904108791996],[-80.706607199276,35.1904608782842],[-80.7065681990513,35.1905308792057],[-80.7063841988338,35.1907678783371],[-80.7063041993967,35.1909018791975],[-80.7062301986428,35.1910068782465],[-80.7062281991206,35.1910438784851],[-80.7062131989357,35.1910938784579],[-80.7061711982799,35.1911438780448],[-80.7061121983517,35.1911958792093],[-80.7060831993199,35.1912318791495],[-80.7059901997292,35.191321878367],[-80.705949199254,35.1913858791729],[-80.7058811990477,35.1915118791089],[-80.7057731996646,35.1916548785964],[-80.7057121986468,35.19176687968],[-80.7056421989025,35.1918598792661],[-80.7055281982867,35.1920498789556],[-80.7055051985113,35.1921168795749],[-80.7054351992799,35.1922268787358],[-80.7053601993923,35.1923568783008],[-80.7052421994509,35.1925628789304],[-80.7051861997186,35.1926358788946],[-80.7051801992468,35.1926478790907],[-80.7050831991474,35.1927748789288],[-80.7050191988314,35.1928448792962],[-80.7049421984005,35.1929288790839],[-80.7048901985362,35.1929678789793],[-80.7048281991564,35.1929998791464],[-80.7047831985731,35.1930148788348],[-80.7046181989929,35.193050878949],[-80.7045391995092,35.1930798791638],[-80.7045291984641,35.1930848788794],[-80.7044931985304,35.1930998796067],[-80.7044671986152,35.1931118794801],[-80.7044411987397,35.193124879224],[-80.7044071977847,35.1931418785495],[-80.7043821984852,35.1931548795038],[-80.7043411993386,35.1931788783152],[-80.7043251994598,35.193187879127],[-80.704301198522,35.1932018784915],[-80.7042681981921,35.193220878754],[-80.7042341983227,35.1932388787926],[-80.7041921984616,35.1932608792802],[-80.7041661985135,35.1932738798661],[-80.7041531979278,35.1932798784239],[-80.7041201986298,35.1932988786303],[-80.704094198615,35.1933108793244],[-80.7040671990933,35.1933228787715],[-80.7040401983997,35.193332879377],[-80.7040121981577,35.1933418788584],[-80.7039731982669,35.1933518790433],[-80.7039441983652,35.1933568786635],[-80.7039041988148,35.1933628789805],[-80.7038571984569,35.1933668790032],[-80.7038271990805,35.1933718791548],[-80.7037781978095,35.1933818786514],[-80.7037201981489,35.1933958790985],[-80.7036741987971,35.1934108798174],[-80.7036191988459,35.1934308795861],[-80.703583198573,35.1934458791404],[-80.703540198911,35.1934668791806],[-80.7034701987462,35.1935068794696],[-80.7034461980268,35.1935328789795],[-80.7034191988449,35.1935578793745],[-80.7033741983516,35.193589880036],[-80.7033241991174,35.1936168786829],[-80.7032871982961,35.1936358791247],[-80.7032721977616,35.1936468798954],[-80.7032381985923,35.1936648796373],[-80.7031921979472,35.1936818790386],[-80.7031361976379,35.1937168790996],[-80.7031071981689,35.1937398789919],[-80.7030821989149,35.1937658798677],[-80.7030611984791,35.1937868800326],[-80.7030221980737,35.1938248800602],[-80.702981198599,35.1938608796245],[-80.7029461979496,35.1938898794045],[-80.702901198242,35.1939238796251],[-80.70285819845,35.1939548790829],[-80.7028221982191,35.1939828795018],[-80.7028061980692,35.1939938798635],[-80.7027681987985,35.1940208796889],[-80.7027281982753,35.1940458790786],[-80.7026871982309,35.1940698791287],[-80.7026451975239,35.1940918790764],[-80.7026291983514,35.194099879771],[-80.7026121985937,35.1941088791015],[-80.7025711984835,35.1941328791121],[-80.7025311978397,35.1941568794616],[-80.7024871981995,35.1941838789296],[-80.7024581982432,35.1942008794087],[-80.7024181986533,35.1942258795811],[-80.7023701977992,35.1942558799692],[-80.7022821983157,35.1943108795483],[-80.7022271977743,35.1943458795246],[-80.7021621981087,35.194388879493],[-80.7021371980687,35.1944028789555],[-80.7021131975517,35.1944178795464],[-80.7020901976364,35.1944338803496],[-80.7020691988953,35.1944518797802],[-80.7020561981134,35.1944638791698],[-80.7020381978767,35.1944838794172],[-80.7020241977163,35.1945008796287],[-80.7019921980206,35.1945198795927],[-80.7019541970865,35.1945438795478],[-80.7019221984391,35.1945618796017],[-80.7018711979121,35.1946068795749],[-80.7018151975317,35.1946428797811],[-80.7015991984396,35.194741879693],[-80.7015071974941,35.1947768797749],[-80.7014451974282,35.1947938791282],[-80.7013871975764,35.1948158792477],[-80.7013471973279,35.1948378794359],[-80.7013171974566,35.1948588796819],[-80.7012781980012,35.1949018802922],[-80.7012351982593,35.1949388802109],[-80.7011451981876,35.1949818797195],[-80.701117197201,35.1950038796187],[-80.7010461975401,35.1950768803127],[-80.7009481981137,35.1951418794752],[-80.7008791980502,35.1951808795997],[-80.7007761976432,35.1952528795715],[-80.7007281978571,35.1952968802379],[-80.7007001977822,35.1953298795594],[-80.7006671979898,35.1953538799842],[-80.7006061979344,35.1953798790424],[-80.700492198168,35.195448879654],[-80.7003151978273,35.1955888799632],[-80.7002421979325,35.1956588798091],[-80.7000781969265,35.1957728796257],[-80.6999101975298,35.1958728794595],[-80.6998551971312,35.1959098798722],[-80.6997671972379,35.1960018801739],[-80.6996791972527,35.1960808802234],[-80.699621197002,35.1961148797873],[-80.6995871971501,35.196129879755],[-80.6995481975713,35.1961418791306],[-80.6994431965385,35.1961488798737],[-80.6994031974041,35.1961628794768],[-80.6993761973418,35.1961788800627],[-80.6993181977583,35.1963168800408],[-80.6993021975455,35.1963448796087],[-80.6991991975394,35.1964218802609],[-80.6991471971802,35.1964578797806],[-80.6991281962878,35.1964768793324],[-80.6991051971318,35.1965118807747],[-80.6990561975536,35.1966068803238],[-80.6990191973842,35.1966448806473],[-80.698850197919,35.1967868805535],[-80.698831197804,35.196814879824],[-80.6988261975869,35.1968388803597],[-80.6988681976904,35.1970398801252],[-80.698862196954,35.1970578801392],[-80.698769197534,35.1971278796193],[-80.6987321979748,35.1971718799912],[-80.6987221967876,35.1971968803242],[-80.6987231968922,35.1972768806352],[-80.6987451972464,35.1973908801214],[-80.6988051969612,35.1976298810497],[-80.6988061971533,35.1976508797042],[-80.6987971967184,35.1976678805049],[-80.6987801968625,35.1976798807056],[-80.6987211973413,35.1976808799348],[-80.6983091964831,35.197665880528],[-80.6982481970587,35.1976578798871],[-80.698203197541,35.1976578798241],[-80.6981651978666,35.1976628799959],[-80.6980161972653,35.1977358805263],[-80.6979501976974,35.197774880058],[-80.6979201969535,35.1977968802136],[-80.6978141973631,35.1978758800192],[-80.6976981963875,35.1979338803143],[-80.6976441963526,35.1979408811052],[-80.6975231960392,35.1979458796047],[-80.6974551971643,35.1980118801054],[-80.6973991966868,35.1980548809201],[-80.6973401967348,35.1980898806321],[-80.6971471976436,35.1981908801374],[-80.6969351969236,35.1982698809561],[-80.6969111975591,35.1982858803351],[-80.6968121971972,35.1983968797892],[-80.696626196019,35.1985148799952],[-80.6965531966036,35.1985698811794],[-80.6963751961461,35.198626880973],[-80.6961061970821,35.1987428809258],[-80.6960301956776,35.1987678807715],[-80.6960251965609,35.1988148800728],[-80.6960141958641,35.1988818807946],[-80.6959271971543,35.1989268799307],[-80.6958621963029,35.1989858807048],[-80.6958401960838,35.1990328803935],[-80.695811196886,35.1991188813673],[-80.6957741970475,35.1991428805968],[-80.695726196796,35.1991658809247],[-80.6955331967219,35.1993928808899],[-80.6954251960944,35.1995408807747],[-80.6953221961805,35.1997058813399],[-80.6952081956619,35.1998648816977],[-80.6951331961195,35.1999528806253],[-80.6950301954694,35.2000448801955],[-80.6949091966154,35.2001608809735],[-80.6948771955275,35.2002248805515],[-80.6948131965578,35.2003038803937],[-80.6945911958173,35.2005848807741],[-80.6946051958418,35.2006218809841],[-80.6947981962202,35.2011288812002],[-80.6931501951439,35.2018368814902],[-80.6924451949484,35.2021238809591],[-80.6923961952811,35.2019048821641],[-80.692288195439,35.2014118817439],[-80.6922581960975,35.2012588818261],[-80.688387194518,35.1989418812569],[-80.6881021938704,35.1990298810233],[-80.6878771945246,35.1990908809423],[-80.6867431939294,35.1992958808521],[-80.6835231935475,35.1998008806742],[-80.6829691931689,35.1998868813919],[-80.6842671933695,35.2010898821293],[-80.6847311928517,35.2015008821472],[-80.6847941927872,35.2016008815481],[-80.6848231938409,35.2016338817102],[-80.6848581934254,35.2016958820394],[-80.6848591937124,35.2017208811359],[-80.6848651932126,35.2017388808989],[-80.6848871934979,35.2017458818302],[-80.6849181940191,35.2017718820549],[-80.6849921935396,35.2018458819889],[-80.6850931934596,35.2019568813939],[-80.6852011925653,35.2020638819672],[-80.6853461939012,35.2021948821262],[-80.6853891935104,35.2022418818247],[-80.6854301932779,35.2022688812823],[-80.6854561931666,35.202293881771],[-80.6855101943559,35.2023798817912],[-80.6855671940012,35.2024318822081],[-80.6856541931142,35.2025028812584],[-80.6857721932478,35.2026258814361],[-80.6858241934487,35.2026698821237],[-80.6859171934014,35.2027248814261],[-80.686043194349,35.2028098819524],[-80.6862531936999,35.2030098811309],[-80.686447193963,35.2031718816212],[-80.6863251931808,35.2032428824258],[-80.6862151941951,35.2033498815582],[-80.6861591937037,35.2033888820192],[-80.6860811940437,35.2034798813891],[-80.6858731935302,35.2036168812645],[-80.6857951930114,35.2036668820917],[-80.6857451942959,35.2037168820319],[-80.6856821942293,35.2037908824882],[-80.6856001935556,35.2038488820187],[-80.6854101941913,35.2040208826339],[-80.6853731942741,35.2040468828426],[-80.6853211934766,35.2040978824217],[-80.6853081936656,35.2041188823773],[-80.6852901932855,35.2041298820724],[-80.6852481938451,35.2041338817019],[-80.6851341933801,35.2041318819115],[-80.6851101937695,35.2041278814447],[-80.6850891934041,35.2041158825824],[-80.6850631944032,35.204112881888],[-80.6850411934272,35.2041178821586],[-80.6848361928111,35.2042258817799],[-80.6847861940407,35.2042828822128],[-80.6847551930241,35.2042948824947],[-80.6847171935773,35.2042958824976],[-80.6846781927223,35.2043118818923],[-80.6846411931648,35.204339882511],[-80.684624193833,35.2043768828566],[-80.6846121941791,35.204427882083],[-80.6846171931286,35.2044628818888],[-80.6846311933489,35.2044958827867],[-80.6846181933553,35.2045108825343],[-80.6845821930162,35.2045288822173],[-80.6845001930211,35.2045248817082],[-80.6844361927538,35.2045368826339],[-80.6843751936882,35.2045588819151],[-80.6843411932516,35.2045898826563],[-80.6843131937599,35.204642881736],[-80.6842431927665,35.2047418819327],[-80.6841701932345,35.2047998822255],[-80.6840061931104,35.2048558822851],[-80.6838891925483,35.2049368826668],[-80.6838481926771,35.2049658827046],[-80.683835193357,35.2049818822261],[-80.6836321922669,35.2052628828519],[-80.6836021931347,35.2052878825366],[-80.6835681929164,35.2053148826585],[-80.6835331939367,35.2053428821199],[-80.6834661936551,35.2053778825556],[-80.6833091926167,35.2054648821047],[-80.6832481926046,35.2055338828799],[-80.6832051927902,35.2056158829678],[-80.6831221935011,35.2058338821664],[-80.6830571930568,35.2060908827421],[-80.6830361934084,35.2061518822252],[-80.6829931927543,35.2061838832663],[-80.6828461937277,35.2062398831207],[-80.6826001926946,35.2063618831109],[-80.6823281923825,35.20648588246],[-80.6822191935842,35.2065328833202],[-80.6821671924481,35.2065548834178],[-80.6819841936078,35.2066388825378],[-80.6818911921614,35.206669882662],[-80.6818591922338,35.2067018826695],[-80.6818341920611,35.2067428824378],[-80.6818001930262,35.206749882803],[-80.6817681935258,35.2067508831757],[-80.681672192467,35.2067648828577],[-80.6816151920666,35.2067568821724],[-80.6814001922805,35.2067068828489],[-80.6806341915502,35.2069208825129],[-80.6804301928917,35.2069808829568],[-80.6802701927912,35.2070298835682],[-80.6800911919601,35.2070908822045],[-80.6797151915033,35.2072178827729],[-80.6783031912929,35.207402883526],[-80.6775601918059,35.2075008839511],[-80.6772271909254,35.2067818824637],[-80.6770761914027,35.2065048829103],[-80.6766651911751,35.2063028827594],[-80.6759971908173,35.2059748837613],[-80.6756901902841,35.205824882945],[-80.6753011906707,35.2056198830301],[-80.6729771893605,35.2043558825267],[-80.6728711898897,35.2043128821409],[-80.6727501895336,35.2042418827302],[-80.672600189195,35.2043278833602],[-80.6719961891509,35.2045908821969],[-80.6714201892562,35.2048428828009],[-80.6714711891718,35.2049138827252],[-80.6717811888919,35.2053308836059],[-80.6713011898173,35.2055228832962],[-80.671247189425,35.2055448828578],[-80.6712821895258,35.2056178828091],[-80.6706371894924,35.2058558836856],[-80.6707181885602,35.2060578833176],[-80.6707921898969,35.2062558827221],[-80.6712691893722,35.2070008833097],[-80.670570189597,35.2075648838499],[-80.6701181894045,35.2080008835193]]]},"properties":{"objectid":6,"cc":6,"cnt_cc":null,"name":"Susan Rodriguez-McDowell","globalid":"6822a0e5-3eb3-4499-aab4-cdd5c417285b","Shape__Area":3114209734.1572876,"Shape__Length":503507.14237192826}}]}